07/06/26 15:56:47 ******************************************************
07/06/26 15:56:47 ** condor_scheduniv_exec.170174.0 (CONDOR_DAGMAN) STARTING UP
07/06/26 15:56:47 ** /usr/bin/condor_dagman
07/06/26 15:56:47 ** SubsystemInfo: name=DAGMAN type=DAGMAN(9) class=CLIENT(2)
07/06/26 15:56:47 ** Configuration: subsystem:DAGMAN local:<NONE> class:CLIENT
07/06/26 15:56:47 ** $CondorVersion: 24.12.19 2026-04-15 BuildID: 896241 PackageID: 24.12.19-1+deb12 GitSHA: c68f3e0e $
07/06/26 15:56:47 ** $CondorPlatform: X86_64-Debian_12 $
07/06/26 15:56:47 ** PID = 4151737 RealUID = 1620002036
07/06/26 15:56:47 ** Log last touched time unavailable (No such file or directory)
07/06/26 15:56:47 ******************************************************
07/06/26 15:56:47 Using config source: /etc/condor/condor_config
07/06/26 15:56:47 Using local config sources: 
07/06/26 15:56:47    /etc/condor/config.d/01-submit.conf
07/06/26 15:56:47    /etc/condor/config.d/10-stash-plugin.conf
07/06/26 15:56:47    /etc/condor/config.d/23-network.config
07/06/26 15:56:47    /etc/condor/config.d/31-mail.conf
07/06/26 15:56:47    /etc/condor/config.d/35-cc-sync.conf
07/06/26 15:56:47    /etc/condor/config.d/41-periodic-remove.conf
07/06/26 15:56:47    /etc/condor/config.d/49-common.conf
07/06/26 15:56:47    /etc/condor/config.d/52-group-mapping.conf
07/06/26 15:56:47    /etc/condor/config.d/54-container.conf
07/06/26 15:56:47    /etc/condor/config.d/67-submit-transforms.conf
07/06/26 15:56:47    /etc/condor/config.d/71-submit-requirements.conf
07/06/26 15:56:47    /etc/condor/condor_config.local
07/06/26 15:56:47 config Macros = 110, Sorted = 110, StringBytes = 6396, TablesBytes = 4088
07/06/26 15:56:47 CLASSAD_CACHING is ENABLED
07/06/26 15:56:47 Daemon Log is logging: D_ALWAYS D_ERROR D_STATUS
07/06/26 15:56:47 Daemoncore: Listening at <0.0.0.0:3207> on TCP (ReliSock) and UDP (SafeSock).
07/06/26 15:56:47 DaemonCore: command socket at <10.143.248.60:3207?addrs=10.143.248.60-3207&alias=conduit.hpc.uni-saarland.de>
07/06/26 15:56:47 DaemonCore: private command socket at <10.143.248.60:3207?addrs=10.143.248.60-3207&alias=conduit.hpc.uni-saarland.de>
07/06/26 15:56:47 DAGMAN_USE_STRICT setting: 1
07/06/26 15:56:47 DAGMAN_VERBOSITY setting: 3
07/06/26 15:56:47 DAGMAN_DEBUG_CACHE_SIZE setting: 5242880
07/06/26 15:56:47 DAGMAN_DEBUG_CACHE_ENABLE setting: False
07/06/26 15:56:47 DAGMAN_SUBMIT_DELAY setting: 0
07/06/26 15:56:47 DAGMAN_MAX_SUBMIT_ATTEMPTS setting: 6
07/06/26 15:56:47 DAGMAN_STARTUP_CYCLE_DETECT setting: False
07/06/26 15:56:47 DAGMAN_USE_JOIN_NODES setting: True
07/06/26 15:56:47 DAGMAN_REPORT_GRAPH_METRICS setting: False
07/06/26 15:56:47 DAGMAN_MAX_SUBMITS_PER_INTERVAL setting: 100
07/06/26 15:56:47 DAGMAN_AGGRESSIVE_SUBMIT setting: False
07/06/26 15:56:47 DAGMAN_USER_LOG_SCAN_INTERVAL setting: 5
07/06/26 15:56:47 DAGMAN_QUEUE_UPDATE_INTERVAL setting: 300.000000
07/06/26 15:56:47 DAGMAN_DEFAULT_PRIORITY setting: 0
07/06/26 15:56:47 DAGMAN_SUPPRESS_NOTIFICATION setting: False
07/06/26 15:56:47 allow_events (DAGMAN_ALLOW_EVENTS) setting: 114
07/06/26 15:56:47 DAGMAN_RETRY_SUBMIT_FIRST setting: True
07/06/26 15:56:47 DAGMAN_RETRY_NODE_FIRST setting: False
07/06/26 15:56:47 DAGMAN_MAX_JOBS_IDLE setting: 1000
07/06/26 15:56:47 DAGMAN_MAX_JOBS_SUBMITTED setting: 0
07/06/26 15:56:47 DAGMAN_MAX_PRE_SCRIPTS setting: 20
07/06/26 15:56:47 DAGMAN_MAX_POST_SCRIPTS setting: 20
07/06/26 15:56:47 DAGMAN_MAX_HOLD_SCRIPTS setting: 20
07/06/26 15:56:47 DAGMAN_MUNGE_NODE_NAMES setting: True
07/06/26 15:56:47 DAGMAN_ALLOW_ANY_NODE_NAME_CHARACTERS setting: False
07/06/26 15:56:47 DAGMAN_PROHIBIT_MULTI_JOBS setting: False
07/06/26 15:56:47 DAGMAN_SUBMIT_DEPTH_FIRST setting: False
07/06/26 15:56:47 DAGMAN_ALWAYS_RUN_POST setting: False
07/06/26 15:56:47 DAGMAN_CONDOR_SUBMIT_EXE setting: /usr/bin/condor_submit
07/06/26 15:56:47 DAGMAN_CONDOR_RM_EXE setting: /usr/bin/condor_rm
07/06/26 15:56:47 DAGMAN_USE_DIRECT_SUBMIT setting: True
07/06/26 15:56:47 DAGMAN_PRODUCE_JOB_CREDENTIALS setting: True
07/06/26 15:56:47 DAGMAN_DEFAULT_APPEND_VARS setting: False
07/06/26 15:56:47 DAGMAN_INHERIT_ATTRS_PREFIX setting: 
07/06/26 15:56:47 DAGMAN_INHERIT_ATTRS setting: 
07/06/26 15:56:47 DAGMAN_ABORT_DUPLICATES setting: True
07/06/26 15:56:47 DAGMAN_ABORT_ON_SCARY_SUBMIT setting: True
07/06/26 15:56:47 DAGMAN_PENDING_REPORT_INTERVAL setting: 600
07/06/26 15:56:47 DAGMAN_CHECK_QUEUE_INTERVAL setting: 28800
07/06/26 15:56:47 DAGMAN_PRINT_JOB_TABLE_INTERVAL setting: 900
07/06/26 15:56:47 DAGMAN_AUTO_RESCUE setting: True
07/06/26 15:56:47 DAGMAN_MAX_RESCUE_NUM setting: 100
07/06/26 15:56:47 DAGMAN_WRITE_PARTIAL_RESCUE setting: True
07/06/26 15:56:47 DAGMAN_RESET_RETRIES_UPON_RESCUE setting: True
07/06/26 15:56:47 DAGMAN_METRICS_FILE_VERSION setting: 2
07/06/26 15:56:47 DAGMAN_DEFAULT_NODE_LOG setting: @(DAG_DIR)/@(DAG_FILE).nodes.log
07/06/26 15:56:47 DAGMAN_LOG_ON_NFS_IS_ERROR setting: False
07/06/26 15:56:47 DAGMAN_GENERATE_SUBDAG_SUBMITS setting: True
07/06/26 15:56:47 DAGMAN_MAX_JOB_HOLDS setting: 100
07/06/26 15:56:47 DAGMAN_NODE_JOB_FAILURE_TOLERANCE setting: 0
07/06/26 15:56:47 DAGMAN_HOLD_CLAIM_TIME setting: 20
07/06/26 15:56:47 DAGMAN_SUPPRESS_JOB_LOGS setting: False
07/06/26 15:56:47 DAGMAN_REMOVE_NODE_JOBS setting: True
07/06/26 15:56:47 DAGMAN_PUT_FAILED_JOBS_ON_HOLD setting: False
07/06/26 15:56:47 DAGMAN_REMOVE_JOBS_AFTER_LIMIT_CHANGE setting: False
07/06/26 15:56:47 DAGMAN will adjust edges after parsing
07/06/26 15:56:47 argv[0] == "condor_scheduniv_exec.170174.0"
07/06/26 15:56:47 argv[1] == "-Lockfile"
07/06/26 15:56:47 argv[2] == "transport_linetrack_80_40_action_shield.dag.lock"
07/06/26 15:56:47 argv[3] == "-Dag"
07/06/26 15:56:47 argv[4] == "transport_linetrack_80_40_action_shield.dag"
07/06/26 15:56:47 argv[5] == "-CsdVersion"
07/06/26 15:56:47 argv[6] == "$CondorVersion: 24.12.19 2026-04-15 BuildID: 896241 PackageID: 24.12.19-1+deb12 GitSHA: c68f3e0e $"
07/06/26 15:56:47 argv[7] == "-dagman"
07/06/26 15:56:47 argv[8] == "/usr/bin/condor_dagman"
07/06/26 15:56:47 argv[9] == "-AutoRescue"
07/06/26 15:56:47 argv[10] == "1"
07/06/26 15:56:47 argv[11] == "-DoRescueFrom"
07/06/26 15:56:47 argv[12] == "0"
07/06/26 15:56:47 Can't open directory "/etc/condor/passwords.d" as PRIV_ROOT, errno: 13 (Permission denied)
07/06/26 15:56:47 Can't open directory "/etc/condor/passwords.d" as PRIV_ROOT, errno: 13 (Permission denied)
07/06/26 15:56:47 Workflow batch-id: <170174.0>
07/06/26 15:56:47 Workflow batch-name: <transport_linetrack_80_40_action_shield.dag+170174>
07/06/26 15:56:47 Workflow accounting_group: <teaching>
07/06/26 15:56:47 Workflow accounting_group_user: <atml_team041>
07/06/26 15:56:47 Warning: failed to get attribute DAGNodeName
07/06/26 15:56:47 Default node log file is: </home/atml_team041/condor_tutorial/jani_env/experiments/repair_wo_domain/submissions/action_shield/transport_linetrack/./transport_linetrack_80_40_action_shield.dag.nodes.log>
07/06/26 15:56:47 DAG Lockfile will be written to transport_linetrack_80_40_action_shield.dag.lock
07/06/26 15:56:47 DAG Input file is transport_linetrack_80_40_action_shield.dag
07/06/26 15:56:47 Parsing 1 dagfiles
07/06/26 15:56:47 Parsing transport_linetrack_80_40_action_shield.dag ...
07/06/26 15:56:47 Adjusting edges
07/06/26 15:56:47 Dag contains 5 total nodes
07/06/26 15:56:47 Bootstrapping...
07/06/26 15:56:47 Number of pre-completed nodes: 0
07/06/26 15:56:47 MultiLogFiles: truncating log file /home/atml_team041/condor_tutorial/jani_env/experiments/repair_wo_domain/submissions/action_shield/transport_linetrack/./transport_linetrack_80_40_action_shield.dag.nodes.log
07/06/26 15:56:47 DAG status: 0 (DAG_STATUS_OK)
07/06/26 15:56:47 Of 5 nodes total:
07/06/26 15:56:47  Done     Pre   Queued    Post   Ready   Un-Ready   Failed   Futile
07/06/26 15:56:47   ===     ===      ===     ===     ===        ===      ===      ===
07/06/26 15:56:47     0       0        0       0       1          4        0        0
07/06/26 15:56:47 0 job proc(s) currently held
07/06/26 15:56:47 DAGMan Runtime Statistics: [EventCycleTimeSum=0.000; SleepCycleTimeSum=0.000; SubmitCycleTimeSum=0.000; EventCycleTimeCount=0.000; SleepCycleTimeCount=0.000; SubmitCycleTimeCount=0.000; LogProcessCycleTimeSum=0.000; LogProcessCycleTimeCount=0.000; ]
07/06/26 15:56:47 Registering condor_event_timer...
07/06/26 15:56:48 Submitting HTCondor Node COLLECT job(s)...
07/06/26 15:56:48 Submitting node COLLECT from file submissions/action_shield/transport_linetrack/transport_linetrack_80_40_action_shield_collect.sub using direct job submission
07/06/26 15:56:48 ERROR: submit attempt failed, errno=2 No such file or directory
07/06/26 15:56:48 could not open submit file : submissions/action_shield/transport_linetrack/transport_linetrack_80_40_action_shield_collect.sub - can't open file submissions/action_shield/transport_linetrack/transport_linetrack_80_40_action_shield_collect.sub: No such file or directory
07/06/26 15:56:48 Submit warning: Submit:0:the line 'accounting_group_user = atml_team041' was unused by DAGMAN. Is it a typo?
|Submit:0:the line 'accounting_group = teaching' was unused by DAGMAN. Is it a typo?
|Submit:0:the line 'keep_claim_idle = 20' was unused by DAGMAN. Is it a typo?
|Submit:0:the line 'batch_id = 170174.0' was unused by DAGMAN. Is it a typo?
|Submit:0:the line 'batch_name = transport_linetrack_80_40_action_shield.dag+170174' was unused by DAGMAN. Is it a typo?
07/06/26 15:56:48 Job submit try 1/6 failed, will try again in >= 1 second.
07/06/26 15:56:48 DAG status: 0 (DAG_STATUS_OK)
07/06/26 15:56:48 Of 5 nodes total:
07/06/26 15:56:48  Done     Pre   Queued    Post   Ready   Un-Ready   Failed   Futile
07/06/26 15:56:48   ===     ===      ===     ===     ===        ===      ===      ===
07/06/26 15:56:48     0       0        0       0       1          4        0        0
07/06/26 15:56:48 0 job proc(s) currently held
07/06/26 15:56:48 DAGMan Runtime Statistics: [EventCycleTimeSum=0.000; SleepCycleTimeSum=0.000; SubmitCycleTimeAvg=0.005; SubmitCycleTimeMax=0.005; SubmitCycleTimeMin=0.005; SubmitCycleTimeStd=0.005; SubmitCycleTimeSum=0.005; EventCycleTimeCount=0.000; SleepCycleTimeCount=0.000; SubmitCycleTimeCount=1.000; LogProcessCycleTimeSum=0.000; LogProcessCycleTimeCount=0.000; ]
07/06/26 15:56:53 Submitting HTCondor Node COLLECT job(s)...
07/06/26 15:56:53 Submitting node COLLECT from file submissions/action_shield/transport_linetrack/transport_linetrack_80_40_action_shield_collect.sub using direct job submission
07/06/26 15:56:53 ERROR: submit attempt failed, errno=2 No such file or directory
07/06/26 15:56:53 could not open submit file : submissions/action_shield/transport_linetrack/transport_linetrack_80_40_action_shield_collect.sub - can't open file submissions/action_shield/transport_linetrack/transport_linetrack_80_40_action_shield_collect.sub: No such file or directory
07/06/26 15:56:53 Submit warning: Submit:0:the line 'accounting_group_user = atml_team041' was unused by DAGMAN. Is it a typo?
|Submit:0:the line 'accounting_group = teaching' was unused by DAGMAN. Is it a typo?
|Submit:0:the line 'keep_claim_idle = 20' was unused by DAGMAN. Is it a typo?
|Submit:0:the line 'batch_id = 170174.0' was unused by DAGMAN. Is it a typo?
|Submit:0:the line 'batch_name = transport_linetrack_80_40_action_shield.dag+170174' was unused by DAGMAN. Is it a typo?
07/06/26 15:56:53 Job submit try 2/6 failed, will try again in >= 2 seconds.
07/06/26 15:56:58 Submitting HTCondor Node COLLECT job(s)...
07/06/26 15:56:58 Submitting node COLLECT from file submissions/action_shield/transport_linetrack/transport_linetrack_80_40_action_shield_collect.sub using direct job submission
07/06/26 15:56:58 ERROR: submit attempt failed, errno=2 No such file or directory
07/06/26 15:56:58 could not open submit file : submissions/action_shield/transport_linetrack/transport_linetrack_80_40_action_shield_collect.sub - can't open file submissions/action_shield/transport_linetrack/transport_linetrack_80_40_action_shield_collect.sub: No such file or directory
07/06/26 15:56:58 Submit warning: Submit:0:the line 'accounting_group_user = atml_team041' was unused by DAGMAN. Is it a typo?
|Submit:0:the line 'accounting_group = teaching' was unused by DAGMAN. Is it a typo?
|Submit:0:the line 'keep_claim_idle = 20' was unused by DAGMAN. Is it a typo?
|Submit:0:the line 'batch_id = 170174.0' was unused by DAGMAN. Is it a typo?
|Submit:0:the line 'batch_name = transport_linetrack_80_40_action_shield.dag+170174' was unused by DAGMAN. Is it a typo?
07/06/26 15:56:58 Job submit try 3/6 failed, will try again in >= 4 seconds.
07/06/26 15:57:03 Submitting HTCondor Node COLLECT job(s)...
07/06/26 15:57:03 Submitting node COLLECT from file submissions/action_shield/transport_linetrack/transport_linetrack_80_40_action_shield_collect.sub using direct job submission
07/06/26 15:57:03 ERROR: submit attempt failed, errno=2 No such file or directory
07/06/26 15:57:03 could not open submit file : submissions/action_shield/transport_linetrack/transport_linetrack_80_40_action_shield_collect.sub - can't open file submissions/action_shield/transport_linetrack/transport_linetrack_80_40_action_shield_collect.sub: No such file or directory
07/06/26 15:57:03 Submit warning: Submit:0:the line 'accounting_group_user = atml_team041' was unused by DAGMAN. Is it a typo?
|Submit:0:the line 'accounting_group = teaching' was unused by DAGMAN. Is it a typo?
|Submit:0:the line 'keep_claim_idle = 20' was unused by DAGMAN. Is it a typo?
|Submit:0:the line 'batch_id = 170174.0' was unused by DAGMAN. Is it a typo?
|Submit:0:the line 'batch_name = transport_linetrack_80_40_action_shield.dag+170174' was unused by DAGMAN. Is it a typo?
07/06/26 15:57:03 Job submit try 4/6 failed, will try again in >= 8 seconds.
07/06/26 15:57:14 Submitting HTCondor Node COLLECT job(s)...
07/06/26 15:57:14 Submitting node COLLECT from file submissions/action_shield/transport_linetrack/transport_linetrack_80_40_action_shield_collect.sub using direct job submission
07/06/26 15:57:14 ERROR: submit attempt failed, errno=2 No such file or directory
07/06/26 15:57:14 could not open submit file : submissions/action_shield/transport_linetrack/transport_linetrack_80_40_action_shield_collect.sub - can't open file submissions/action_shield/transport_linetrack/transport_linetrack_80_40_action_shield_collect.sub: No such file or directory
07/06/26 15:57:14 Submit warning: Submit:0:the line 'accounting_group_user = atml_team041' was unused by DAGMAN. Is it a typo?
|Submit:0:the line 'accounting_group = teaching' was unused by DAGMAN. Is it a typo?
|Submit:0:the line 'keep_claim_idle = 20' was unused by DAGMAN. Is it a typo?
|Submit:0:the line 'batch_id = 170174.0' was unused by DAGMAN. Is it a typo?
|Submit:0:the line 'batch_name = transport_linetrack_80_40_action_shield.dag+170174' was unused by DAGMAN. Is it a typo?
07/06/26 15:57:14 Job submit try 5/6 failed, will try again in >= 16 seconds.
07/06/26 15:57:31 Submitting HTCondor Node COLLECT job(s)...
07/06/26 15:57:31 Submitting node COLLECT from file submissions/action_shield/transport_linetrack/transport_linetrack_80_40_action_shield_collect.sub using direct job submission
07/06/26 15:57:31 ERROR: submit attempt failed, errno=2 No such file or directory
07/06/26 15:57:31 could not open submit file : submissions/action_shield/transport_linetrack/transport_linetrack_80_40_action_shield_collect.sub - can't open file submissions/action_shield/transport_linetrack/transport_linetrack_80_40_action_shield_collect.sub: No such file or directory
07/06/26 15:57:31 Submit warning: Submit:0:the line 'accounting_group_user = atml_team041' was unused by DAGMAN. Is it a typo?
|Submit:0:the line 'accounting_group = teaching' was unused by DAGMAN. Is it a typo?
|Submit:0:the line 'keep_claim_idle = 20' was unused by DAGMAN. Is it a typo?
|Submit:0:the line 'batch_id = 170174.0' was unused by DAGMAN. Is it a typo?
|Submit:0:the line 'batch_name = transport_linetrack_80_40_action_shield.dag+170174' was unused by DAGMAN. Is it a typo?
07/06/26 15:57:31 Node submit failed after 6 tries.
07/06/26 15:57:31 Shortcutting node COLLECT retries because of submit failure(s)
07/06/26 15:57:31 DAG status: 2 (DAG_STATUS_NODE_FAILED)
07/06/26 15:57:31 Of 5 nodes total:
07/06/26 15:57:31  Done     Pre   Queued    Post   Ready   Un-Ready   Failed   Futile
07/06/26 15:57:31   ===     ===      ===     ===     ===        ===      ===      ===
07/06/26 15:57:31     0       0        0       0       0          0        1        4
07/06/26 15:57:31 0 job proc(s) currently held
07/06/26 15:57:31 DAGMan Runtime Statistics: [EventCycleTimeAvg=0.379; EventCycleTimeMax=1.001; EventCycleTimeMin=0.004; EventCycleTimeStd=0.515; EventCycleTimeSum=3.036; SleepCycleTimeAvg=5.003; SleepCycleTimeMax=5.005; SleepCycleTimeMin=5.001; SleepCycleTimeStd=0.002; SleepCycleTimeSum=40.027; SubmitCycleTimeAvg=0.337; SubmitCycleTimeMax=1.001; SubmitCycleTimeMin=0.004; SubmitCycleTimeStd=0.498; SubmitCycleTimeSum=3.031; EventCycleTimeCount=8.000; SleepCycleTimeCount=8.000; SubmitCycleTimeCount=9.000; LogProcessCycleTimeSum=0.000; LogProcessCycleTimeCount=0.000; ]
07/06/26 15:57:31 ERROR: the following job(s) failed:
07/06/26 15:57:31 ---------------------- Node ----------------------
07/06/26 15:57:31       Node Name: COLLECT
07/06/26 15:57:31            Noop: false
07/06/26 15:57:31          NodeID: 0
07/06/26 15:57:31     Node Status: STATUS_ERROR    
07/06/26 15:57:31 Node return val: -1
07/06/26 15:57:31           Error: Job submit failed
07/06/26 15:57:31 Job Submit File: submissions/action_shield/transport_linetrack/transport_linetrack_80_40_action_shield_collect.sub
07/06/26 15:57:31  HTCondor Job ID: [not yet submitted]
07/06/26 15:57:31 PARENTS:  WAITING: 0 CHILDREN: MERGE_COLLECTION
07/06/26 15:57:31 ---------------------------------------	<END>
07/06/26 15:57:31 Aborting DAG...
07/06/26 15:57:31 Writing Rescue DAG to transport_linetrack_80_40_action_shield.dag.rescue001...
07/06/26 15:57:31 Removing submitted jobs...
07/06/26 15:57:31 Removing any/all submitted HTCondor jobs...
07/06/26 15:57:31 Running: /usr/bin/condor_rm -const DAGManJobId==170174 -reason DAG' 'Abort:' 'DAG' 'is' 'exiting' 'and' 'writing' 'rescue' 'file.
07/06/26 15:57:31 Note: 0 total node deferrals because of -MaxJobs limit (0)
07/06/26 15:57:31 Note: 0 total node deferrals because of -MaxIdle limit (1000)
07/06/26 15:57:31 Note: 0 total node deferrals because of node category throttles
07/06/26 15:57:31 Note: 0 total PRE script deferrals because of -MaxPre limit (20) or DEFER
07/06/26 15:57:31 Note: 0 total POST script deferrals because of -MaxPost limit (20) or DEFER
07/06/26 15:57:31 Note: 0 total HOLD script deferrals because of -MaxHold limit (20) or DEFER
07/06/26 15:57:31 DAG status: 2 (DAG_STATUS_NODE_FAILED)
07/06/26 15:57:31 Of 5 nodes total:
07/06/26 15:57:31  Done     Pre   Queued    Post   Ready   Un-Ready   Failed   Futile
07/06/26 15:57:31   ===     ===      ===     ===     ===        ===      ===      ===
07/06/26 15:57:31     0       0        0       0       0          0        1        4
07/06/26 15:57:31 0 job proc(s) currently held
07/06/26 15:57:31 DAGMan Runtime Statistics: [EventCycleTimeAvg=0.379; EventCycleTimeMax=1.001; EventCycleTimeMin=0.004; EventCycleTimeStd=0.515; EventCycleTimeSum=3.036; SleepCycleTimeAvg=5.003; SleepCycleTimeMax=5.005; SleepCycleTimeMin=5.001; SleepCycleTimeStd=0.002; SleepCycleTimeSum=40.027; SubmitCycleTimeAvg=0.337; SubmitCycleTimeMax=1.001; SubmitCycleTimeMin=0.004; SubmitCycleTimeStd=0.498; SubmitCycleTimeSum=3.031; EventCycleTimeCount=8.000; SleepCycleTimeCount=8.000; SubmitCycleTimeCount=9.000; LogProcessCycleTimeSum=0.000; LogProcessCycleTimeCount=0.000; ]
07/06/26 15:57:32 Wrote metrics file transport_linetrack_80_40_action_shield.dag.metrics.
07/06/26 15:57:32 DAGMan Runtime Statistics: [EventCycleTimeAvg=0.379; EventCycleTimeMax=1.001; EventCycleTimeMin=0.004; EventCycleTimeStd=0.515; EventCycleTimeSum=3.036; SleepCycleTimeAvg=5.003; SleepCycleTimeMax=5.005; SleepCycleTimeMin=5.001; SleepCycleTimeStd=0.002; SleepCycleTimeSum=40.027; SubmitCycleTimeAvg=0.337; SubmitCycleTimeMax=1.001; SubmitCycleTimeMin=0.004; SubmitCycleTimeStd=0.498; SubmitCycleTimeSum=3.031; EventCycleTimeCount=8.000; SleepCycleTimeCount=8.000; SubmitCycleTimeCount=9.000; LogProcessCycleTimeSum=0.000; LogProcessCycleTimeCount=0.000; ]
07/06/26 15:57:32 **** condor_scheduniv_exec.170174.0 (condor_DAGMAN) pid 4151737 EXITING WITH STATUS 1
07/06/26 16:02:32 ******************************************************
07/06/26 16:02:32 ** condor_scheduniv_exec.170183.0 (CONDOR_DAGMAN) STARTING UP
07/06/26 16:02:32 ** /usr/bin/condor_dagman
07/06/26 16:02:32 ** SubsystemInfo: name=DAGMAN type=DAGMAN(9) class=CLIENT(2)
07/06/26 16:02:32 ** Configuration: subsystem:DAGMAN local:<NONE> class:CLIENT
07/06/26 16:02:32 ** $CondorVersion: 24.12.19 2026-04-15 BuildID: 896241 PackageID: 24.12.19-1+deb12 GitSHA: c68f3e0e $
07/06/26 16:02:32 ** $CondorPlatform: X86_64-Debian_12 $
07/06/26 16:02:32 ** PID = 4155137 RealUID = 1620002036
07/06/26 16:02:32 ** Log last touched 7/6 15:57:32
07/06/26 16:02:32 ******************************************************
07/06/26 16:02:32 Using config source: /etc/condor/condor_config
07/06/26 16:02:32 Using local config sources: 
07/06/26 16:02:32    /etc/condor/config.d/01-submit.conf
07/06/26 16:02:32    /etc/condor/config.d/10-stash-plugin.conf
07/06/26 16:02:32    /etc/condor/config.d/23-network.config
07/06/26 16:02:32    /etc/condor/config.d/31-mail.conf
07/06/26 16:02:32    /etc/condor/config.d/35-cc-sync.conf
07/06/26 16:02:32    /etc/condor/config.d/41-periodic-remove.conf
07/06/26 16:02:32    /etc/condor/config.d/49-common.conf
07/06/26 16:02:32    /etc/condor/config.d/52-group-mapping.conf
07/06/26 16:02:32    /etc/condor/config.d/54-container.conf
07/06/26 16:02:32    /etc/condor/config.d/67-submit-transforms.conf
07/06/26 16:02:32    /etc/condor/config.d/71-submit-requirements.conf
07/06/26 16:02:32    /etc/condor/condor_config.local
07/06/26 16:02:32 config Macros = 110, Sorted = 110, StringBytes = 6396, TablesBytes = 4088
07/06/26 16:02:32 CLASSAD_CACHING is ENABLED
07/06/26 16:02:32 Daemon Log is logging: D_ALWAYS D_ERROR D_STATUS
07/06/26 16:02:32 Daemoncore: Listening at <0.0.0.0:12319> on TCP (ReliSock) and UDP (SafeSock).
07/06/26 16:02:32 DaemonCore: command socket at <10.143.248.60:12319?addrs=10.143.248.60-12319&alias=conduit.hpc.uni-saarland.de>
07/06/26 16:02:32 DaemonCore: private command socket at <10.143.248.60:12319?addrs=10.143.248.60-12319&alias=conduit.hpc.uni-saarland.de>
07/06/26 16:02:32 DAGMAN_USE_STRICT setting: 1
07/06/26 16:02:32 DAGMAN_VERBOSITY setting: 3
07/06/26 16:02:32 DAGMAN_DEBUG_CACHE_SIZE setting: 5242880
07/06/26 16:02:32 DAGMAN_DEBUG_CACHE_ENABLE setting: False
07/06/26 16:02:32 DAGMAN_SUBMIT_DELAY setting: 0
07/06/26 16:02:32 DAGMAN_MAX_SUBMIT_ATTEMPTS setting: 6
07/06/26 16:02:32 DAGMAN_STARTUP_CYCLE_DETECT setting: False
07/06/26 16:02:32 DAGMAN_USE_JOIN_NODES setting: True
07/06/26 16:02:32 DAGMAN_REPORT_GRAPH_METRICS setting: False
07/06/26 16:02:32 DAGMAN_MAX_SUBMITS_PER_INTERVAL setting: 100
07/06/26 16:02:32 DAGMAN_AGGRESSIVE_SUBMIT setting: False
07/06/26 16:02:32 DAGMAN_USER_LOG_SCAN_INTERVAL setting: 5
07/06/26 16:02:32 DAGMAN_QUEUE_UPDATE_INTERVAL setting: 300.000000
07/06/26 16:02:32 DAGMAN_DEFAULT_PRIORITY setting: 0
07/06/26 16:02:32 DAGMAN_SUPPRESS_NOTIFICATION setting: False
07/06/26 16:02:32 allow_events (DAGMAN_ALLOW_EVENTS) setting: 114
07/06/26 16:02:32 DAGMAN_RETRY_SUBMIT_FIRST setting: True
07/06/26 16:02:32 DAGMAN_RETRY_NODE_FIRST setting: False
07/06/26 16:02:32 DAGMAN_MAX_JOBS_IDLE setting: 1000
07/06/26 16:02:32 DAGMAN_MAX_JOBS_SUBMITTED setting: 0
07/06/26 16:02:32 DAGMAN_MAX_PRE_SCRIPTS setting: 20
07/06/26 16:02:32 DAGMAN_MAX_POST_SCRIPTS setting: 20
07/06/26 16:02:32 DAGMAN_MAX_HOLD_SCRIPTS setting: 20
07/06/26 16:02:32 DAGMAN_MUNGE_NODE_NAMES setting: True
07/06/26 16:02:32 DAGMAN_ALLOW_ANY_NODE_NAME_CHARACTERS setting: False
07/06/26 16:02:32 DAGMAN_PROHIBIT_MULTI_JOBS setting: False
07/06/26 16:02:32 DAGMAN_SUBMIT_DEPTH_FIRST setting: False
07/06/26 16:02:32 DAGMAN_ALWAYS_RUN_POST setting: False
07/06/26 16:02:32 DAGMAN_CONDOR_SUBMIT_EXE setting: /usr/bin/condor_submit
07/06/26 16:02:32 DAGMAN_CONDOR_RM_EXE setting: /usr/bin/condor_rm
07/06/26 16:02:32 DAGMAN_USE_DIRECT_SUBMIT setting: True
07/06/26 16:02:32 DAGMAN_PRODUCE_JOB_CREDENTIALS setting: True
07/06/26 16:02:32 DAGMAN_DEFAULT_APPEND_VARS setting: False
07/06/26 16:02:32 DAGMAN_INHERIT_ATTRS_PREFIX setting: 
07/06/26 16:02:32 DAGMAN_INHERIT_ATTRS setting: 
07/06/26 16:02:32 DAGMAN_ABORT_DUPLICATES setting: True
07/06/26 16:02:32 DAGMAN_ABORT_ON_SCARY_SUBMIT setting: True
07/06/26 16:02:32 DAGMAN_PENDING_REPORT_INTERVAL setting: 600
07/06/26 16:02:32 DAGMAN_CHECK_QUEUE_INTERVAL setting: 28800
07/06/26 16:02:32 DAGMAN_PRINT_JOB_TABLE_INTERVAL setting: 900
07/06/26 16:02:32 DAGMAN_AUTO_RESCUE setting: True
07/06/26 16:02:32 DAGMAN_MAX_RESCUE_NUM setting: 100
07/06/26 16:02:32 DAGMAN_WRITE_PARTIAL_RESCUE setting: True
07/06/26 16:02:32 DAGMAN_RESET_RETRIES_UPON_RESCUE setting: True
07/06/26 16:02:32 DAGMAN_METRICS_FILE_VERSION setting: 2
07/06/26 16:02:32 DAGMAN_DEFAULT_NODE_LOG setting: @(DAG_DIR)/@(DAG_FILE).nodes.log
07/06/26 16:02:32 DAGMAN_LOG_ON_NFS_IS_ERROR setting: False
07/06/26 16:02:32 DAGMAN_GENERATE_SUBDAG_SUBMITS setting: True
07/06/26 16:02:32 DAGMAN_MAX_JOB_HOLDS setting: 100
07/06/26 16:02:32 DAGMAN_NODE_JOB_FAILURE_TOLERANCE setting: 0
07/06/26 16:02:32 DAGMAN_HOLD_CLAIM_TIME setting: 20
07/06/26 16:02:32 DAGMAN_SUPPRESS_JOB_LOGS setting: False
07/06/26 16:02:32 DAGMAN_REMOVE_NODE_JOBS setting: True
07/06/26 16:02:32 DAGMAN_PUT_FAILED_JOBS_ON_HOLD setting: False
07/06/26 16:02:32 DAGMAN_REMOVE_JOBS_AFTER_LIMIT_CHANGE setting: False
07/06/26 16:02:32 DAGMAN will adjust edges after parsing
07/06/26 16:02:32 argv[0] == "condor_scheduniv_exec.170183.0"
07/06/26 16:02:32 argv[1] == "-Lockfile"
07/06/26 16:02:32 argv[2] == "transport_linetrack_80_40_action_shield.dag.lock"
07/06/26 16:02:32 argv[3] == "-Dag"
07/06/26 16:02:32 argv[4] == "transport_linetrack_80_40_action_shield.dag"
07/06/26 16:02:32 argv[5] == "-CsdVersion"
07/06/26 16:02:32 argv[6] == "$CondorVersion: 24.12.19 2026-04-15 BuildID: 896241 PackageID: 24.12.19-1+deb12 GitSHA: c68f3e0e $"
07/06/26 16:02:32 argv[7] == "-dagman"
07/06/26 16:02:32 argv[8] == "/usr/bin/condor_dagman"
07/06/26 16:02:32 argv[9] == "-AutoRescue"
07/06/26 16:02:32 argv[10] == "1"
07/06/26 16:02:32 argv[11] == "-DoRescueFrom"
07/06/26 16:02:32 argv[12] == "0"
07/06/26 16:02:32 Can't open directory "/etc/condor/passwords.d" as PRIV_ROOT, errno: 13 (Permission denied)
07/06/26 16:02:32 Can't open directory "/etc/condor/passwords.d" as PRIV_ROOT, errno: 13 (Permission denied)
07/06/26 16:02:32 Workflow batch-id: <170183.0>
07/06/26 16:02:32 Workflow batch-name: <transport_linetrack_80_40_action_shield.dag+170183>
07/06/26 16:02:32 Workflow accounting_group: <teaching>
07/06/26 16:02:32 Workflow accounting_group_user: <atml_team041>
07/06/26 16:02:32 Warning: failed to get attribute DAGNodeName
07/06/26 16:02:32 Default node log file is: </home/atml_team041/condor_tutorial/jani_env/experiments/repair_wo_domain/submissions/action_shield/transport_linetrack/./transport_linetrack_80_40_action_shield.dag.nodes.log>
07/06/26 16:02:32 DAG Lockfile will be written to transport_linetrack_80_40_action_shield.dag.lock
07/06/26 16:02:32 DAG Input file is transport_linetrack_80_40_action_shield.dag
07/06/26 16:02:32 Parsing 1 dagfiles
07/06/26 16:02:32 Parsing transport_linetrack_80_40_action_shield.dag ...
07/06/26 16:02:32 Adjusting edges
07/06/26 16:02:32 Found rescue DAG number 1; running transport_linetrack_80_40_action_shield.dag.rescue001 in combination with normal DAG file
07/06/26 16:02:32 ~~~~~~~~~~~~~~~~~~~~~~~~~~~~~~~~~~~~~~~~~~~~~~~~~~~~~~
07/06/26 16:02:32 USING RESCUE DAG transport_linetrack_80_40_action_shield.dag.rescue001
07/06/26 16:02:32 Dag contains 5 total nodes
07/06/26 16:02:32 Bootstrapping...
07/06/26 16:02:32 Number of pre-completed nodes: 0
07/06/26 16:02:32 MultiLogFiles: truncating log file /home/atml_team041/condor_tutorial/jani_env/experiments/repair_wo_domain/submissions/action_shield/transport_linetrack/./transport_linetrack_80_40_action_shield.dag.nodes.log
07/06/26 16:02:32 DAG status: 0 (DAG_STATUS_OK)
07/06/26 16:02:32 Of 5 nodes total:
07/06/26 16:02:32  Done     Pre   Queued    Post   Ready   Un-Ready   Failed   Futile
07/06/26 16:02:32   ===     ===      ===     ===     ===        ===      ===      ===
07/06/26 16:02:32     0       0        0       0       1          4        0        0
07/06/26 16:02:32 0 job proc(s) currently held
07/06/26 16:02:32 DAGMan Runtime Statistics: [EventCycleTimeSum=0.000; SleepCycleTimeSum=0.000; SubmitCycleTimeSum=0.000; EventCycleTimeCount=0.000; SleepCycleTimeCount=0.000; SubmitCycleTimeCount=0.000; LogProcessCycleTimeSum=0.000; LogProcessCycleTimeCount=0.000; ]
07/06/26 16:02:32 Registering condor_event_timer...
07/06/26 16:02:33 Submitting HTCondor Node COLLECT job(s)...
07/06/26 16:02:33 Submitting node COLLECT from file transport_linetrack_80_40_action_shield_collect.sub using direct job submission
07/06/26 16:02:34 	assigned HTCondor ID (170192.0.0)
07/06/26 16:02:34 Just submitted 1 job this cycle...
07/06/26 16:02:34 DAG status: 0 (DAG_STATUS_OK)
07/06/26 16:02:34 Of 5 nodes total:
07/06/26 16:02:34  Done     Pre   Queued    Post   Ready   Un-Ready   Failed   Futile
07/06/26 16:02:34   ===     ===      ===     ===     ===        ===      ===      ===
07/06/26 16:02:34     0       0        1       0       0          4        0        0
07/06/26 16:02:34 0 job proc(s) currently held
07/06/26 16:02:34 DAGMan Runtime Statistics: [EventCycleTimeSum=0.000; SleepCycleTimeSum=0.000; SubmitCycleTimeAvg=0.813; SubmitCycleTimeMax=0.813; SubmitCycleTimeMin=0.813; SubmitCycleTimeStd=0.813; SubmitCycleTimeSum=0.813; EventCycleTimeCount=0.000; SleepCycleTimeCount=0.000; SubmitCycleTimeCount=1.000; LogProcessCycleTimeSum=0.000; LogProcessCycleTimeCount=0.000; ]
07/06/26 16:02:39 Currently monitoring 1 HTCondor log file(s)
07/06/26 16:02:39 Reassigning the id of job COLLECT from (170192.0.0) to (170192.0.0)
07/06/26 16:02:39 Event: ULOG_SUBMIT for HTCondor Node COLLECT (170192.0.0) {07/06/26 16:02:34}
07/06/26 16:02:39 Number of idle job procs: 1
07/06/26 16:02:39 Reassigning the id of job COLLECT from (170192.0.0) to (170192.1.0)
07/06/26 16:02:39 Event: ULOG_SUBMIT for HTCondor Node COLLECT (170192.1.0) {07/06/26 16:02:34}
07/06/26 16:02:39 Number of idle job procs: 2
07/06/26 16:02:39 Reassigning the id of job COLLECT from (170192.1.0) to (170192.10.0)
07/06/26 16:02:39 Event: ULOG_SUBMIT for HTCondor Node COLLECT (170192.10.0) {07/06/26 16:02:34}
07/06/26 16:02:39 Number of idle job procs: 3
07/06/26 16:02:39 Reassigning the id of job COLLECT from (170192.10.0) to (170192.11.0)
07/06/26 16:02:39 Event: ULOG_SUBMIT for HTCondor Node COLLECT (170192.11.0) {07/06/26 16:02:34}
07/06/26 16:02:39 Number of idle job procs: 4
07/06/26 16:02:39 Reassigning the id of job COLLECT from (170192.11.0) to (170192.12.0)
07/06/26 16:02:39 Event: ULOG_SUBMIT for HTCondor Node COLLECT (170192.12.0) {07/06/26 16:02:34}
07/06/26 16:02:39 Number of idle job procs: 5
07/06/26 16:02:39 Reassigning the id of job COLLECT from (170192.12.0) to (170192.13.0)
07/06/26 16:02:39 Event: ULOG_SUBMIT for HTCondor Node COLLECT (170192.13.0) {07/06/26 16:02:34}
07/06/26 16:02:39 Number of idle job procs: 6
07/06/26 16:02:39 Reassigning the id of job COLLECT from (170192.13.0) to (170192.14.0)
07/06/26 16:02:39 Event: ULOG_SUBMIT for HTCondor Node COLLECT (170192.14.0) {07/06/26 16:02:34}
07/06/26 16:02:39 Number of idle job procs: 7
07/06/26 16:02:39 Reassigning the id of job COLLECT from (170192.14.0) to (170192.15.0)
07/06/26 16:02:39 Event: ULOG_SUBMIT for HTCondor Node COLLECT (170192.15.0) {07/06/26 16:02:34}
07/06/26 16:02:39 Number of idle job procs: 8
07/06/26 16:02:39 Reassigning the id of job COLLECT from (170192.15.0) to (170192.16.0)
07/06/26 16:02:39 Event: ULOG_SUBMIT for HTCondor Node COLLECT (170192.16.0) {07/06/26 16:02:34}
07/06/26 16:02:39 Number of idle job procs: 9
07/06/26 16:02:39 Reassigning the id of job COLLECT from (170192.16.0) to (170192.17.0)
07/06/26 16:02:39 Event: ULOG_SUBMIT for HTCondor Node COLLECT (170192.17.0) {07/06/26 16:02:34}
07/06/26 16:02:39 Number of idle job procs: 10
07/06/26 16:02:39 Reassigning the id of job COLLECT from (170192.17.0) to (170192.18.0)
07/06/26 16:02:39 Event: ULOG_SUBMIT for HTCondor Node COLLECT (170192.18.0) {07/06/26 16:02:34}
07/06/26 16:02:39 Number of idle job procs: 11
07/06/26 16:02:39 Reassigning the id of job COLLECT from (170192.18.0) to (170192.19.0)
07/06/26 16:02:39 Event: ULOG_SUBMIT for HTCondor Node COLLECT (170192.19.0) {07/06/26 16:02:34}
07/06/26 16:02:39 Number of idle job procs: 12
07/06/26 16:02:39 Reassigning the id of job COLLECT from (170192.19.0) to (170192.2.0)
07/06/26 16:02:39 Event: ULOG_SUBMIT for HTCondor Node COLLECT (170192.2.0) {07/06/26 16:02:34}
07/06/26 16:02:39 Number of idle job procs: 13
07/06/26 16:02:39 Reassigning the id of job COLLECT from (170192.2.0) to (170192.20.0)
07/06/26 16:02:39 Event: ULOG_SUBMIT for HTCondor Node COLLECT (170192.20.0) {07/06/26 16:02:34}
07/06/26 16:02:39 Number of idle job procs: 14
07/06/26 16:02:39 Reassigning the id of job COLLECT from (170192.20.0) to (170192.21.0)
07/06/26 16:02:39 Event: ULOG_SUBMIT for HTCondor Node COLLECT (170192.21.0) {07/06/26 16:02:34}
07/06/26 16:02:39 Number of idle job procs: 15
07/06/26 16:02:39 Reassigning the id of job COLLECT from (170192.21.0) to (170192.22.0)
07/06/26 16:02:39 Event: ULOG_SUBMIT for HTCondor Node COLLECT (170192.22.0) {07/06/26 16:02:34}
07/06/26 16:02:39 Number of idle job procs: 16
07/06/26 16:02:39 Reassigning the id of job COLLECT from (170192.22.0) to (170192.23.0)
07/06/26 16:02:39 Event: ULOG_SUBMIT for HTCondor Node COLLECT (170192.23.0) {07/06/26 16:02:34}
07/06/26 16:02:39 Number of idle job procs: 17
07/06/26 16:02:39 Reassigning the id of job COLLECT from (170192.23.0) to (170192.24.0)
07/06/26 16:02:39 Event: ULOG_SUBMIT for HTCondor Node COLLECT (170192.24.0) {07/06/26 16:02:34}
07/06/26 16:02:39 Number of idle job procs: 18
07/06/26 16:02:39 Reassigning the id of job COLLECT from (170192.24.0) to (170192.25.0)
07/06/26 16:02:39 Event: ULOG_SUBMIT for HTCondor Node COLLECT (170192.25.0) {07/06/26 16:02:34}
07/06/26 16:02:39 Number of idle job procs: 19
07/06/26 16:02:39 Reassigning the id of job COLLECT from (170192.25.0) to (170192.26.0)
07/06/26 16:02:39 Event: ULOG_SUBMIT for HTCondor Node COLLECT (170192.26.0) {07/06/26 16:02:34}
07/06/26 16:02:39 Number of idle job procs: 20
07/06/26 16:02:39 Reassigning the id of job COLLECT from (170192.26.0) to (170192.27.0)
07/06/26 16:02:39 Event: ULOG_SUBMIT for HTCondor Node COLLECT (170192.27.0) {07/06/26 16:02:34}
07/06/26 16:02:39 Number of idle job procs: 21
07/06/26 16:02:39 Reassigning the id of job COLLECT from (170192.27.0) to (170192.28.0)
07/06/26 16:02:39 Event: ULOG_SUBMIT for HTCondor Node COLLECT (170192.28.0) {07/06/26 16:02:34}
07/06/26 16:02:39 Number of idle job procs: 22
07/06/26 16:02:39 Reassigning the id of job COLLECT from (170192.28.0) to (170192.29.0)
07/06/26 16:02:39 Event: ULOG_SUBMIT for HTCondor Node COLLECT (170192.29.0) {07/06/26 16:02:34}
07/06/26 16:02:39 Number of idle job procs: 23
07/06/26 16:02:39 Reassigning the id of job COLLECT from (170192.29.0) to (170192.3.0)
07/06/26 16:02:39 Event: ULOG_SUBMIT for HTCondor Node COLLECT (170192.3.0) {07/06/26 16:02:34}
07/06/26 16:02:39 Number of idle job procs: 24
07/06/26 16:02:39 Reassigning the id of job COLLECT from (170192.3.0) to (170192.30.0)
07/06/26 16:02:39 Event: ULOG_SUBMIT for HTCondor Node COLLECT (170192.30.0) {07/06/26 16:02:34}
07/06/26 16:02:39 Number of idle job procs: 25
07/06/26 16:02:39 Reassigning the id of job COLLECT from (170192.30.0) to (170192.31.0)
07/06/26 16:02:39 Event: ULOG_SUBMIT for HTCondor Node COLLECT (170192.31.0) {07/06/26 16:02:34}
07/06/26 16:02:39 Number of idle job procs: 26
07/06/26 16:02:39 Reassigning the id of job COLLECT from (170192.31.0) to (170192.32.0)
07/06/26 16:02:39 Event: ULOG_SUBMIT for HTCondor Node COLLECT (170192.32.0) {07/06/26 16:02:34}
07/06/26 16:02:39 Number of idle job procs: 27
07/06/26 16:02:39 Reassigning the id of job COLLECT from (170192.32.0) to (170192.33.0)
07/06/26 16:02:39 Event: ULOG_SUBMIT for HTCondor Node COLLECT (170192.33.0) {07/06/26 16:02:34}
07/06/26 16:02:39 Number of idle job procs: 28
07/06/26 16:02:39 Reassigning the id of job COLLECT from (170192.33.0) to (170192.34.0)
07/06/26 16:02:39 Event: ULOG_SUBMIT for HTCondor Node COLLECT (170192.34.0) {07/06/26 16:02:34}
07/06/26 16:02:39 Number of idle job procs: 29
07/06/26 16:02:39 Reassigning the id of job COLLECT from (170192.34.0) to (170192.35.0)
07/06/26 16:02:39 Event: ULOG_SUBMIT for HTCondor Node COLLECT (170192.35.0) {07/06/26 16:02:34}
07/06/26 16:02:39 Number of idle job procs: 30
07/06/26 16:02:39 Reassigning the id of job COLLECT from (170192.35.0) to (170192.36.0)
07/06/26 16:02:39 Event: ULOG_SUBMIT for HTCondor Node COLLECT (170192.36.0) {07/06/26 16:02:34}
07/06/26 16:02:39 Number of idle job procs: 31
07/06/26 16:02:39 Reassigning the id of job COLLECT from (170192.36.0) to (170192.37.0)
07/06/26 16:02:39 Event: ULOG_SUBMIT for HTCondor Node COLLECT (170192.37.0) {07/06/26 16:02:34}
07/06/26 16:02:39 Number of idle job procs: 32
07/06/26 16:02:39 Reassigning the id of job COLLECT from (170192.37.0) to (170192.38.0)
07/06/26 16:02:39 Event: ULOG_SUBMIT for HTCondor Node COLLECT (170192.38.0) {07/06/26 16:02:34}
07/06/26 16:02:39 Number of idle job procs: 33
07/06/26 16:02:39 Reassigning the id of job COLLECT from (170192.38.0) to (170192.39.0)
07/06/26 16:02:39 Event: ULOG_SUBMIT for HTCondor Node COLLECT (170192.39.0) {07/06/26 16:02:34}
07/06/26 16:02:39 Number of idle job procs: 34
07/06/26 16:02:39 Reassigning the id of job COLLECT from (170192.39.0) to (170192.4.0)
07/06/26 16:02:39 Event: ULOG_SUBMIT for HTCondor Node COLLECT (170192.4.0) {07/06/26 16:02:34}
07/06/26 16:02:39 Number of idle job procs: 35
07/06/26 16:02:39 Reassigning the id of job COLLECT from (170192.4.0) to (170192.5.0)
07/06/26 16:02:39 Event: ULOG_SUBMIT for HTCondor Node COLLECT (170192.5.0) {07/06/26 16:02:34}
07/06/26 16:02:39 Number of idle job procs: 36
07/06/26 16:02:39 Reassigning the id of job COLLECT from (170192.5.0) to (170192.6.0)
07/06/26 16:02:39 Event: ULOG_SUBMIT for HTCondor Node COLLECT (170192.6.0) {07/06/26 16:02:34}
07/06/26 16:02:39 Number of idle job procs: 37
07/06/26 16:02:39 Reassigning the id of job COLLECT from (170192.6.0) to (170192.7.0)
07/06/26 16:02:39 Event: ULOG_SUBMIT for HTCondor Node COLLECT (170192.7.0) {07/06/26 16:02:34}
07/06/26 16:02:39 Number of idle job procs: 38
07/06/26 16:02:39 Reassigning the id of job COLLECT from (170192.7.0) to (170192.8.0)
07/06/26 16:02:39 Event: ULOG_SUBMIT for HTCondor Node COLLECT (170192.8.0) {07/06/26 16:02:34}
07/06/26 16:02:39 Number of idle job procs: 39
07/06/26 16:02:39 Reassigning the id of job COLLECT from (170192.8.0) to (170192.9.0)
07/06/26 16:02:39 Event: ULOG_SUBMIT for HTCondor Node COLLECT (170192.9.0) {07/06/26 16:02:34}
07/06/26 16:02:39 Number of idle job procs: 40
07/06/26 16:12:40 601 seconds since last log event
07/06/26 16:12:40 Pending DAG nodes:
07/06/26 16:12:40   Node COLLECT, HTCondor ID 170192, status STATUS_SUBMITTED
07/06/26 16:17:35 Total jobs placed to AP: 40
07/06/26 16:17:35      Idle     Held     Running     Successful     Failed
07/06/26 16:17:35       ===      ===         ===            ===        ===
07/06/26 16:17:35        40        0           0              0          0
07/06/26 16:22:40 1201 seconds since last log event
07/06/26 16:22:40 Pending DAG nodes:
07/06/26 16:22:40   Node COLLECT, HTCondor ID 170192, status STATUS_SUBMITTED
07/06/26 16:32:36 Total jobs placed to AP: 40
07/06/26 16:32:36      Idle     Held     Running     Successful     Failed
07/06/26 16:32:36       ===      ===         ===            ===        ===
07/06/26 16:32:36        40        0           0              0          0
07/06/26 16:32:41 1802 seconds since last log event
07/06/26 16:32:41 Pending DAG nodes:
07/06/26 16:32:41   Node COLLECT, HTCondor ID 170192, status STATUS_SUBMITTED
07/06/26 16:42:41 2402 seconds since last log event
07/06/26 16:42:41 Pending DAG nodes:
07/06/26 16:42:41   Node COLLECT, HTCondor ID 170192, status STATUS_SUBMITTED
07/06/26 16:47:37 Total jobs placed to AP: 40
07/06/26 16:47:37      Idle     Held     Running     Successful     Failed
07/06/26 16:47:37       ===      ===         ===            ===        ===
07/06/26 16:47:37        40        0           0              0          0
07/06/26 16:52:42 3003 seconds since last log event
07/06/26 16:52:42 Pending DAG nodes:
07/06/26 16:52:42   Node COLLECT, HTCondor ID 170192, status STATUS_SUBMITTED
07/06/26 17:02:37 Total jobs placed to AP: 40
07/06/26 17:02:37      Idle     Held     Running     Successful     Failed
07/06/26 17:02:37       ===      ===         ===            ===        ===
07/06/26 17:02:37        40        0           0              0          0
07/06/26 17:02:42 3603 seconds since last log event
07/06/26 17:02:42 Pending DAG nodes:
07/06/26 17:02:42   Node COLLECT, HTCondor ID 170192, status STATUS_SUBMITTED
07/06/26 17:11:28 Currently monitoring 1 HTCondor log file(s)
07/06/26 17:11:28 Event: ULOG_EXECUTE for HTCondor Node COLLECT (170192.0.0) {07/06/26 17:11:24}
07/06/26 17:11:28 Number of idle job procs: 39
07/06/26 17:11:28 Event: ULOG_EXECUTE for HTCondor Node COLLECT (170192.1.0) {07/06/26 17:11:24}
07/06/26 17:11:28 Number of idle job procs: 38
07/06/26 17:11:33 Currently monitoring 1 HTCondor log file(s)
07/06/26 17:11:33 Event: ULOG_JOB_TERMINATED for HTCondor Node COLLECT (170192.0.0) {07/06/26 17:11:31}
07/06/26 17:11:33 Number of idle job procs: 38
07/06/26 17:11:33 Node COLLECT job proc (170192.0.0) failed with status 1.
07/06/26 17:11:33 Running: /usr/bin/condor_rm 170192 -const DAGManJobId==170183 -reason Node' 'Error:' 'DAG' 'node' 'COLLECT' '(170192.0.0)' 'reached' 'failure' 'tolerance' 'after' '1' 'failures.
07/06/26 17:11:33 Event: ULOG_JOB_TERMINATED for HTCondor Node COLLECT (170192.1.0) {07/06/26 17:11:31}
07/06/26 17:11:33 Number of idle job procs: 38
07/06/26 17:11:33 Node COLLECT job proc (170192.1.0) failed with status 1.
07/06/26 17:11:33 Event: ULOG_EXECUTE for HTCondor Node COLLECT (170192.2.0) {07/06/26 17:11:32}
07/06/26 17:11:33 Number of idle job procs: 37
07/06/26 17:11:33 Event: ULOG_EXECUTE for HTCondor Node COLLECT (170192.3.0) {07/06/26 17:11:33}
07/06/26 17:11:33 Number of idle job procs: 36
07/06/26 17:11:33 Event: ULOG_JOB_ABORTED for HTCondor Node COLLECT (170192.4.0) {07/06/26 17:11:33}
07/06/26 17:11:33 Number of idle job procs: 35
07/06/26 17:11:33 Event: ULOG_JOB_ABORTED for HTCondor Node COLLECT (170192.5.0) {07/06/26 17:11:33}
07/06/26 17:11:33 Number of idle job procs: 34
07/06/26 17:11:33 Event: ULOG_JOB_ABORTED for HTCondor Node COLLECT (170192.6.0) {07/06/26 17:11:33}
07/06/26 17:11:33 Number of idle job procs: 33
07/06/26 17:11:33 Event: ULOG_JOB_ABORTED for HTCondor Node COLLECT (170192.7.0) {07/06/26 17:11:33}
07/06/26 17:11:33 Number of idle job procs: 32
07/06/26 17:11:33 Event: ULOG_JOB_ABORTED for HTCondor Node COLLECT (170192.8.0) {07/06/26 17:11:33}
07/06/26 17:11:33 Number of idle job procs: 31
07/06/26 17:11:33 Event: ULOG_JOB_ABORTED for HTCondor Node COLLECT (170192.9.0) {07/06/26 17:11:33}
07/06/26 17:11:33 Number of idle job procs: 30
07/06/26 17:11:33 Event: ULOG_JOB_ABORTED for HTCondor Node COLLECT (170192.10.0) {07/06/26 17:11:33}
07/06/26 17:11:33 Number of idle job procs: 29
07/06/26 17:11:33 Event: ULOG_JOB_ABORTED for HTCondor Node COLLECT (170192.11.0) {07/06/26 17:11:33}
07/06/26 17:11:33 Number of idle job procs: 28
07/06/26 17:11:33 Event: ULOG_JOB_ABORTED for HTCondor Node COLLECT (170192.12.0) {07/06/26 17:11:33}
07/06/26 17:11:33 Number of idle job procs: 27
07/06/26 17:11:33 Event: ULOG_JOB_ABORTED for HTCondor Node COLLECT (170192.13.0) {07/06/26 17:11:33}
07/06/26 17:11:33 Number of idle job procs: 26
07/06/26 17:11:33 Event: ULOG_JOB_ABORTED for HTCondor Node COLLECT (170192.14.0) {07/06/26 17:11:33}
07/06/26 17:11:33 Number of idle job procs: 25
07/06/26 17:11:33 Event: ULOG_JOB_ABORTED for HTCondor Node COLLECT (170192.15.0) {07/06/26 17:11:33}
07/06/26 17:11:33 Number of idle job procs: 24
07/06/26 17:11:33 Event: ULOG_JOB_ABORTED for HTCondor Node COLLECT (170192.16.0) {07/06/26 17:11:33}
07/06/26 17:11:33 Number of idle job procs: 23
07/06/26 17:11:33 Event: ULOG_JOB_ABORTED for HTCondor Node COLLECT (170192.17.0) {07/06/26 17:11:33}
07/06/26 17:11:33 Number of idle job procs: 22
07/06/26 17:11:38 Currently monitoring 1 HTCondor log file(s)
07/06/26 17:11:38 Event: ULOG_JOB_ABORTED for HTCondor Node COLLECT (170192.18.0) {07/06/26 17:11:33}
07/06/26 17:11:38 Number of idle job procs: 21
07/06/26 17:11:38 Event: ULOG_JOB_ABORTED for HTCondor Node COLLECT (170192.19.0) {07/06/26 17:11:33}
07/06/26 17:11:38 Number of idle job procs: 20
07/06/26 17:11:38 Event: ULOG_JOB_ABORTED for HTCondor Node COLLECT (170192.20.0) {07/06/26 17:11:33}
07/06/26 17:11:38 Number of idle job procs: 19
07/06/26 17:11:38 Event: ULOG_JOB_ABORTED for HTCondor Node COLLECT (170192.21.0) {07/06/26 17:11:33}
07/06/26 17:11:38 Number of idle job procs: 18
07/06/26 17:11:38 Event: ULOG_JOB_ABORTED for HTCondor Node COLLECT (170192.22.0) {07/06/26 17:11:33}
07/06/26 17:11:38 Number of idle job procs: 17
07/06/26 17:11:38 Event: ULOG_JOB_ABORTED for HTCondor Node COLLECT (170192.23.0) {07/06/26 17:11:33}
07/06/26 17:11:38 Number of idle job procs: 16
07/06/26 17:11:38 Event: ULOG_JOB_ABORTED for HTCondor Node COLLECT (170192.24.0) {07/06/26 17:11:33}
07/06/26 17:11:38 Number of idle job procs: 15
07/06/26 17:11:38 Event: ULOG_JOB_ABORTED for HTCondor Node COLLECT (170192.25.0) {07/06/26 17:11:33}
07/06/26 17:11:38 Number of idle job procs: 14
07/06/26 17:11:38 Event: ULOG_JOB_ABORTED for HTCondor Node COLLECT (170192.26.0) {07/06/26 17:11:33}
07/06/26 17:11:38 Number of idle job procs: 13
07/06/26 17:11:38 Event: ULOG_JOB_ABORTED for HTCondor Node COLLECT (170192.27.0) {07/06/26 17:11:33}
07/06/26 17:11:38 Number of idle job procs: 12
07/06/26 17:11:38 Event: ULOG_JOB_ABORTED for HTCondor Node COLLECT (170192.28.0) {07/06/26 17:11:33}
07/06/26 17:11:38 Number of idle job procs: 11
07/06/26 17:11:38 Event: ULOG_JOB_ABORTED for HTCondor Node COLLECT (170192.29.0) {07/06/26 17:11:33}
07/06/26 17:11:38 Number of idle job procs: 10
07/06/26 17:11:38 Event: ULOG_JOB_ABORTED for HTCondor Node COLLECT (170192.30.0) {07/06/26 17:11:33}
07/06/26 17:11:38 Number of idle job procs: 9
07/06/26 17:11:38 Event: ULOG_JOB_ABORTED for HTCondor Node COLLECT (170192.31.0) {07/06/26 17:11:33}
07/06/26 17:11:38 Number of idle job procs: 8
07/06/26 17:11:38 Event: ULOG_JOB_ABORTED for HTCondor Node COLLECT (170192.32.0) {07/06/26 17:11:33}
07/06/26 17:11:38 Number of idle job procs: 7
07/06/26 17:11:38 Event: ULOG_JOB_ABORTED for HTCondor Node COLLECT (170192.33.0) {07/06/26 17:11:33}
07/06/26 17:11:38 Number of idle job procs: 6
07/06/26 17:11:38 Event: ULOG_JOB_ABORTED for HTCondor Node COLLECT (170192.34.0) {07/06/26 17:11:33}
07/06/26 17:11:38 Number of idle job procs: 5
07/06/26 17:11:38 Event: ULOG_JOB_ABORTED for HTCondor Node COLLECT (170192.35.0) {07/06/26 17:11:33}
07/06/26 17:11:38 Number of idle job procs: 4
07/06/26 17:11:38 Event: ULOG_JOB_ABORTED for HTCondor Node COLLECT (170192.36.0) {07/06/26 17:11:33}
07/06/26 17:11:38 Number of idle job procs: 3
07/06/26 17:11:38 Event: ULOG_JOB_ABORTED for HTCondor Node COLLECT (170192.37.0) {07/06/26 17:11:33}
07/06/26 17:11:38 Number of idle job procs: 2
07/06/26 17:11:38 Event: ULOG_JOB_ABORTED for HTCondor Node COLLECT (170192.38.0) {07/06/26 17:11:33}
07/06/26 17:11:38 Number of idle job procs: 1
07/06/26 17:11:38 Event: ULOG_JOB_ABORTED for HTCondor Node COLLECT (170192.39.0) {07/06/26 17:11:33}
07/06/26 17:11:38 Number of idle job procs: 0
07/06/26 17:11:38 Event: ULOG_JOB_EVICTED for HTCondor Node COLLECT (170192.2.0) {07/06/26 17:11:34}
07/06/26 17:11:38 Number of idle job procs: 0
07/06/26 17:11:38 Event: ULOG_JOB_ABORTED for HTCondor Node COLLECT (170192.2.0) {07/06/26 17:11:34}
07/06/26 17:11:38 Number of idle job procs: 0
07/06/26 17:11:38 Event: ULOG_JOB_EVICTED for HTCondor Node COLLECT (170192.3.0) {07/06/26 17:11:34}
07/06/26 17:11:38 Number of idle job procs: 0
07/06/26 17:11:38 Event: ULOG_JOB_ABORTED for HTCondor Node COLLECT (170192.3.0) {07/06/26 17:11:34}
07/06/26 17:11:38 Number of idle job procs: 0
07/06/26 17:11:38 Node COLLECT job(s) have exited the queue
07/06/26 17:11:38 DAG status: 2 (DAG_STATUS_NODE_FAILED)
07/06/26 17:11:38 Of 5 nodes total:
07/06/26 17:11:38  Done     Pre   Queued    Post   Ready   Un-Ready   Failed   Futile
07/06/26 17:11:38   ===     ===      ===     ===     ===        ===      ===      ===
07/06/26 17:11:38     0       0        0       0       0          0        1        4
07/06/26 17:11:38 0 job proc(s) currently held
07/06/26 17:11:38 DAGMan Runtime Statistics: [EventCycleTimeAvg=0.001; EventCycleTimeMax=0.820; EventCycleTimeMin=0.000; EventCycleTimeStd=0.029; EventCycleTimeSum=1.231; SleepCycleTimeAvg=5.004; SleepCycleTimeMax=5.031; SleepCycleTimeMin=5.001; SleepCycleTimeStd=0.003; SleepCycleTimeSum=4143.689; SubmitCycleTimeAvg=0.001; SubmitCycleTimeMax=0.813; SubmitCycleTimeMin=0.000; SubmitCycleTimeStd=0.028; SubmitCycleTimeSum=0.814; EventCycleTimeCount=828.000; SleepCycleTimeCount=828.000; SubmitCycleTimeCount=829.000; LogProcessCycleTimeAvg=0.048; LogProcessCycleTimeMax=0.085; LogProcessCycleTimeMin=0.003; LogProcessCycleTimeStd=0.034; LogProcessCycleTimeSum=0.193; LogProcessCycleTimeCount=4.000; ]
07/06/26 17:11:38 ERROR: the following job(s) failed:
07/06/26 17:11:38 ---------------------- Node ----------------------
07/06/26 17:11:38       Node Name: COLLECT
07/06/26 17:11:38            Noop: false
07/06/26 17:11:38          NodeID: 0
07/06/26 17:11:38     Node Status: STATUS_ERROR    
07/06/26 17:11:38 Node return val: 1
07/06/26 17:11:38           Error: Job proc (170192.0.0) failed with status 1
07/06/26 17:11:38 Job Submit File: transport_linetrack_80_40_action_shield_collect.sub
07/06/26 17:11:38  HTCondor Job ID: (170192.9.0)
07/06/26 17:11:38 PARENTS:  WAITING: 0 CHILDREN: MERGE_COLLECTION
07/06/26 17:11:38 ---------------------------------------	<END>
07/06/26 17:11:38 Aborting DAG...
07/06/26 17:11:38 Writing Rescue DAG to transport_linetrack_80_40_action_shield.dag.rescue002...
07/06/26 17:11:38 Removing submitted jobs...
07/06/26 17:11:38 Removing any/all submitted HTCondor jobs...
07/06/26 17:11:38 Running: /usr/bin/condor_rm -const DAGManJobId==170183 -reason DAG' 'Abort:' 'DAG' 'is' 'exiting' 'and' 'writing' 'rescue' 'file.
07/06/26 17:11:38 Note: 0 total node deferrals because of -MaxJobs limit (0)
07/06/26 17:11:38 Note: 0 total node deferrals because of -MaxIdle limit (1000)
07/06/26 17:11:38 Note: 0 total node deferrals because of node category throttles
07/06/26 17:11:38 Note: 0 total PRE script deferrals because of -MaxPre limit (20) or DEFER
07/06/26 17:11:38 Note: 0 total POST script deferrals because of -MaxPost limit (20) or DEFER
07/06/26 17:11:38 Note: 0 total HOLD script deferrals because of -MaxHold limit (20) or DEFER
07/06/26 17:11:38 DAG status: 2 (DAG_STATUS_NODE_FAILED)
07/06/26 17:11:38 Of 5 nodes total:
07/06/26 17:11:38  Done     Pre   Queued    Post   Ready   Un-Ready   Failed   Futile
07/06/26 17:11:38   ===     ===      ===     ===     ===        ===      ===      ===
07/06/26 17:11:38     0       0        0       0       0          0        1        4
07/06/26 17:11:38 0 job proc(s) currently held
07/06/26 17:11:38 DAGMan Runtime Statistics: [EventCycleTimeAvg=0.001; EventCycleTimeMax=0.820; EventCycleTimeMin=0.000; EventCycleTimeStd=0.029; EventCycleTimeSum=1.231; SleepCycleTimeAvg=5.004; SleepCycleTimeMax=5.031; SleepCycleTimeMin=5.001; SleepCycleTimeStd=0.003; SleepCycleTimeSum=4143.689; SubmitCycleTimeAvg=0.001; SubmitCycleTimeMax=0.813; SubmitCycleTimeMin=0.000; SubmitCycleTimeStd=0.028; SubmitCycleTimeSum=0.814; EventCycleTimeCount=828.000; SleepCycleTimeCount=828.000; SubmitCycleTimeCount=829.000; LogProcessCycleTimeAvg=0.048; LogProcessCycleTimeMax=0.085; LogProcessCycleTimeMin=0.003; LogProcessCycleTimeStd=0.034; LogProcessCycleTimeSum=0.193; LogProcessCycleTimeCount=4.000; ]
07/06/26 17:11:38 Wrote metrics file transport_linetrack_80_40_action_shield.dag.metrics.
07/06/26 17:11:38 DAGMan Runtime Statistics: [EventCycleTimeAvg=0.001; EventCycleTimeMax=0.820; EventCycleTimeMin=0.000; EventCycleTimeStd=0.029; EventCycleTimeSum=1.231; SleepCycleTimeAvg=5.004; SleepCycleTimeMax=5.031; SleepCycleTimeMin=5.001; SleepCycleTimeStd=0.003; SleepCycleTimeSum=4143.689; SubmitCycleTimeAvg=0.001; SubmitCycleTimeMax=0.813; SubmitCycleTimeMin=0.000; SubmitCycleTimeStd=0.028; SubmitCycleTimeSum=0.814; EventCycleTimeCount=828.000; SleepCycleTimeCount=828.000; SubmitCycleTimeCount=829.000; LogProcessCycleTimeAvg=0.048; LogProcessCycleTimeMax=0.085; LogProcessCycleTimeMin=0.003; LogProcessCycleTimeStd=0.034; LogProcessCycleTimeSum=0.193; LogProcessCycleTimeCount=4.000; ]
07/06/26 17:11:38 **** condor_scheduniv_exec.170183.0 (condor_DAGMAN) pid 4155137 EXITING WITH STATUS 1
07/06/26 18:12:31 ******************************************************
07/06/26 18:12:31 ** condor_scheduniv_exec.170248.0 (CONDOR_DAGMAN) STARTING UP
07/06/26 18:12:31 ** /usr/bin/condor_dagman
07/06/26 18:12:31 ** SubsystemInfo: name=DAGMAN type=DAGMAN(9) class=CLIENT(2)
07/06/26 18:12:31 ** Configuration: subsystem:DAGMAN local:<NONE> class:CLIENT
07/06/26 18:12:31 ** $CondorVersion: 24.12.19 2026-04-15 BuildID: 896241 PackageID: 24.12.19-1+deb12 GitSHA: c68f3e0e $
07/06/26 18:12:31 ** $CondorPlatform: X86_64-Debian_12 $
07/06/26 18:12:31 ** PID = 35828 RealUID = 1620002036
07/06/26 18:12:31 ** Log last touched 7/6 17:11:38
07/06/26 18:12:31 ******************************************************
07/06/26 18:12:31 Using config source: /etc/condor/condor_config
07/06/26 18:12:31 Using local config sources: 
07/06/26 18:12:31    /etc/condor/config.d/01-submit.conf
07/06/26 18:12:31    /etc/condor/config.d/10-stash-plugin.conf
07/06/26 18:12:31    /etc/condor/config.d/23-network.config
07/06/26 18:12:31    /etc/condor/config.d/31-mail.conf
07/06/26 18:12:31    /etc/condor/config.d/35-cc-sync.conf
07/06/26 18:12:31    /etc/condor/config.d/41-periodic-remove.conf
07/06/26 18:12:31    /etc/condor/config.d/49-common.conf
07/06/26 18:12:31    /etc/condor/config.d/52-group-mapping.conf
07/06/26 18:12:31    /etc/condor/config.d/54-container.conf
07/06/26 18:12:31    /etc/condor/config.d/67-submit-transforms.conf
07/06/26 18:12:31    /etc/condor/config.d/71-submit-requirements.conf
07/06/26 18:12:31    /etc/condor/condor_config.local
07/06/26 18:12:31 config Macros = 110, Sorted = 110, StringBytes = 6392, TablesBytes = 4088
07/06/26 18:12:31 CLASSAD_CACHING is ENABLED
07/06/26 18:12:31 Daemon Log is logging: D_ALWAYS D_ERROR D_STATUS
07/06/26 18:12:31 Daemoncore: Listening at <0.0.0.0:4145> on TCP (ReliSock) and UDP (SafeSock).
07/06/26 18:12:31 DaemonCore: command socket at <10.143.248.60:4145?addrs=10.143.248.60-4145&alias=conduit.hpc.uni-saarland.de>
07/06/26 18:12:31 DaemonCore: private command socket at <10.143.248.60:4145?addrs=10.143.248.60-4145&alias=conduit.hpc.uni-saarland.de>
07/06/26 18:12:31 DAGMAN_USE_STRICT setting: 1
07/06/26 18:12:31 DAGMAN_VERBOSITY setting: 3
07/06/26 18:12:31 DAGMAN_DEBUG_CACHE_SIZE setting: 5242880
07/06/26 18:12:31 DAGMAN_DEBUG_CACHE_ENABLE setting: False
07/06/26 18:12:31 DAGMAN_SUBMIT_DELAY setting: 0
07/06/26 18:12:31 DAGMAN_MAX_SUBMIT_ATTEMPTS setting: 6
07/06/26 18:12:31 DAGMAN_STARTUP_CYCLE_DETECT setting: False
07/06/26 18:12:31 DAGMAN_USE_JOIN_NODES setting: True
07/06/26 18:12:31 DAGMAN_REPORT_GRAPH_METRICS setting: False
07/06/26 18:12:31 DAGMAN_MAX_SUBMITS_PER_INTERVAL setting: 100
07/06/26 18:12:31 DAGMAN_AGGRESSIVE_SUBMIT setting: False
07/06/26 18:12:31 DAGMAN_USER_LOG_SCAN_INTERVAL setting: 5
07/06/26 18:12:31 DAGMAN_QUEUE_UPDATE_INTERVAL setting: 300.000000
07/06/26 18:12:31 DAGMAN_DEFAULT_PRIORITY setting: 0
07/06/26 18:12:31 DAGMAN_SUPPRESS_NOTIFICATION setting: False
07/06/26 18:12:31 allow_events (DAGMAN_ALLOW_EVENTS) setting: 114
07/06/26 18:12:31 DAGMAN_RETRY_SUBMIT_FIRST setting: True
07/06/26 18:12:31 DAGMAN_RETRY_NODE_FIRST setting: False
07/06/26 18:12:31 DAGMAN_MAX_JOBS_IDLE setting: 1000
07/06/26 18:12:31 DAGMAN_MAX_JOBS_SUBMITTED setting: 0
07/06/26 18:12:31 DAGMAN_MAX_PRE_SCRIPTS setting: 20
07/06/26 18:12:31 DAGMAN_MAX_POST_SCRIPTS setting: 20
07/06/26 18:12:31 DAGMAN_MAX_HOLD_SCRIPTS setting: 20
07/06/26 18:12:31 DAGMAN_MUNGE_NODE_NAMES setting: True
07/06/26 18:12:31 DAGMAN_ALLOW_ANY_NODE_NAME_CHARACTERS setting: False
07/06/26 18:12:31 DAGMAN_PROHIBIT_MULTI_JOBS setting: False
07/06/26 18:12:31 DAGMAN_SUBMIT_DEPTH_FIRST setting: False
07/06/26 18:12:31 DAGMAN_ALWAYS_RUN_POST setting: False
07/06/26 18:12:31 DAGMAN_CONDOR_SUBMIT_EXE setting: /usr/bin/condor_submit
07/06/26 18:12:31 DAGMAN_CONDOR_RM_EXE setting: /usr/bin/condor_rm
07/06/26 18:12:31 DAGMAN_USE_DIRECT_SUBMIT setting: True
07/06/26 18:12:31 DAGMAN_PRODUCE_JOB_CREDENTIALS setting: True
07/06/26 18:12:31 DAGMAN_DEFAULT_APPEND_VARS setting: False
07/06/26 18:12:31 DAGMAN_INHERIT_ATTRS_PREFIX setting: 
07/06/26 18:12:31 DAGMAN_INHERIT_ATTRS setting: 
07/06/26 18:12:31 DAGMAN_ABORT_DUPLICATES setting: True
07/06/26 18:12:31 DAGMAN_ABORT_ON_SCARY_SUBMIT setting: True
07/06/26 18:12:31 DAGMAN_PENDING_REPORT_INTERVAL setting: 600
07/06/26 18:12:31 DAGMAN_CHECK_QUEUE_INTERVAL setting: 28800
07/06/26 18:12:31 DAGMAN_PRINT_JOB_TABLE_INTERVAL setting: 900
07/06/26 18:12:31 DAGMAN_AUTO_RESCUE setting: True
07/06/26 18:12:31 DAGMAN_MAX_RESCUE_NUM setting: 100
07/06/26 18:12:31 DAGMAN_WRITE_PARTIAL_RESCUE setting: True
07/06/26 18:12:31 DAGMAN_RESET_RETRIES_UPON_RESCUE setting: True
07/06/26 18:12:31 DAGMAN_METRICS_FILE_VERSION setting: 2
07/06/26 18:12:31 DAGMAN_DEFAULT_NODE_LOG setting: @(DAG_DIR)/@(DAG_FILE).nodes.log
07/06/26 18:12:31 DAGMAN_LOG_ON_NFS_IS_ERROR setting: False
07/06/26 18:12:31 DAGMAN_GENERATE_SUBDAG_SUBMITS setting: True
07/06/26 18:12:31 DAGMAN_MAX_JOB_HOLDS setting: 100
07/06/26 18:12:31 DAGMAN_NODE_JOB_FAILURE_TOLERANCE setting: 0
07/06/26 18:12:31 DAGMAN_HOLD_CLAIM_TIME setting: 20
07/06/26 18:12:31 DAGMAN_SUPPRESS_JOB_LOGS setting: False
07/06/26 18:12:31 DAGMAN_REMOVE_NODE_JOBS setting: True
07/06/26 18:12:31 DAGMAN_PUT_FAILED_JOBS_ON_HOLD setting: False
07/06/26 18:12:31 DAGMAN_REMOVE_JOBS_AFTER_LIMIT_CHANGE setting: False
07/06/26 18:12:31 DAGMAN will adjust edges after parsing
07/06/26 18:12:31 argv[0] == "condor_scheduniv_exec.170248.0"
07/06/26 18:12:31 argv[1] == "-Lockfile"
07/06/26 18:12:31 argv[2] == "transport_linetrack_80_40_action_shield.dag.lock"
07/06/26 18:12:31 argv[3] == "-Dag"
07/06/26 18:12:31 argv[4] == "transport_linetrack_80_40_action_shield.dag"
07/06/26 18:12:31 argv[5] == "-CsdVersion"
07/06/26 18:12:31 argv[6] == "$CondorVersion: 24.12.19 2026-04-15 BuildID: 896241 PackageID: 24.12.19-1+deb12 GitSHA: c68f3e0e $"
07/06/26 18:12:31 argv[7] == "-dagman"
07/06/26 18:12:31 argv[8] == "/usr/bin/condor_dagman"
07/06/26 18:12:31 argv[9] == "-AutoRescue"
07/06/26 18:12:31 argv[10] == "1"
07/06/26 18:12:31 argv[11] == "-DoRescueFrom"
07/06/26 18:12:31 argv[12] == "0"
07/06/26 18:12:31 Can't open directory "/etc/condor/passwords.d" as PRIV_ROOT, errno: 13 (Permission denied)
07/06/26 18:12:31 Can't open directory "/etc/condor/passwords.d" as PRIV_ROOT, errno: 13 (Permission denied)
07/06/26 18:12:31 Workflow batch-id: <170248.0>
07/06/26 18:12:31 Workflow batch-name: <transport_linetrack_80_40_action_shield.dag+170248>
07/06/26 18:12:31 Workflow accounting_group: <teaching>
07/06/26 18:12:31 Workflow accounting_group_user: <atml_team041>
07/06/26 18:12:31 Warning: failed to get attribute DAGNodeName
07/06/26 18:12:31 Default node log file is: </home/atml_team041/condor_tutorial/jani_env/experiments/repair_wo_domain/submissions/action_shield/transport_linetrack/./transport_linetrack_80_40_action_shield.dag.nodes.log>
07/06/26 18:12:31 DAG Lockfile will be written to transport_linetrack_80_40_action_shield.dag.lock
07/06/26 18:12:31 DAG Input file is transport_linetrack_80_40_action_shield.dag
07/06/26 18:12:31 Parsing 1 dagfiles
07/06/26 18:12:31 Parsing transport_linetrack_80_40_action_shield.dag ...
07/06/26 18:12:31 Adjusting edges
07/06/26 18:12:31 Found rescue DAG number 2; running transport_linetrack_80_40_action_shield.dag.rescue002 in combination with normal DAG file
07/06/26 18:12:31 ~~~~~~~~~~~~~~~~~~~~~~~~~~~~~~~~~~~~~~~~~~~~~~~~~~~~~~
07/06/26 18:12:31 USING RESCUE DAG transport_linetrack_80_40_action_shield.dag.rescue002
07/06/26 18:12:31 Dag contains 5 total nodes
07/06/26 18:12:31 Bootstrapping...
07/06/26 18:12:31 Number of pre-completed nodes: 0
07/06/26 18:12:31 MultiLogFiles: truncating log file /home/atml_team041/condor_tutorial/jani_env/experiments/repair_wo_domain/submissions/action_shield/transport_linetrack/./transport_linetrack_80_40_action_shield.dag.nodes.log
07/06/26 18:12:31 DAG status: 0 (DAG_STATUS_OK)
07/06/26 18:12:31 Of 5 nodes total:
07/06/26 18:12:31  Done     Pre   Queued    Post   Ready   Un-Ready   Failed   Futile
07/06/26 18:12:31   ===     ===      ===     ===     ===        ===      ===      ===
07/06/26 18:12:31     0       0        0       0       1          4        0        0
07/06/26 18:12:31 0 job proc(s) currently held
07/06/26 18:12:31 DAGMan Runtime Statistics: [EventCycleTimeSum=0.000; SleepCycleTimeSum=0.000; SubmitCycleTimeSum=0.000; EventCycleTimeCount=0.000; SleepCycleTimeCount=0.000; SubmitCycleTimeCount=0.000; LogProcessCycleTimeSum=0.000; LogProcessCycleTimeCount=0.000; ]
07/06/26 18:12:31 Registering condor_event_timer...
07/06/26 18:12:32 Submitting HTCondor Node COLLECT job(s)...
07/06/26 18:12:32 Submitting node COLLECT from file transport_linetrack_80_40_action_shield_collect.sub using direct job submission
07/06/26 18:12:33 	assigned HTCondor ID (170253.0.0)
07/06/26 18:12:33 Just submitted 1 job this cycle...
07/06/26 18:12:33 DAG status: 0 (DAG_STATUS_OK)
07/06/26 18:12:33 Of 5 nodes total:
07/06/26 18:12:33  Done     Pre   Queued    Post   Ready   Un-Ready   Failed   Futile
07/06/26 18:12:33   ===     ===      ===     ===     ===        ===      ===      ===
07/06/26 18:12:33     0       0        1       0       0          4        0        0
07/06/26 18:12:33 0 job proc(s) currently held
07/06/26 18:12:33 DAGMan Runtime Statistics: [EventCycleTimeSum=0.000; SleepCycleTimeSum=0.000; SubmitCycleTimeAvg=0.419; SubmitCycleTimeMax=0.419; SubmitCycleTimeMin=0.419; SubmitCycleTimeStd=0.419; SubmitCycleTimeSum=0.419; EventCycleTimeCount=0.000; SleepCycleTimeCount=0.000; SubmitCycleTimeCount=1.000; LogProcessCycleTimeSum=0.000; LogProcessCycleTimeCount=0.000; ]
07/06/26 18:12:38 Currently monitoring 1 HTCondor log file(s)
07/06/26 18:12:38 Reassigning the id of job COLLECT from (170253.0.0) to (170253.0.0)
07/06/26 18:12:38 Event: ULOG_SUBMIT for HTCondor Node COLLECT (170253.0.0) {07/06/26 18:12:33}
07/06/26 18:12:38 Number of idle job procs: 1
07/06/26 18:12:38 Reassigning the id of job COLLECT from (170253.0.0) to (170253.1.0)
07/06/26 18:12:38 Event: ULOG_SUBMIT for HTCondor Node COLLECT (170253.1.0) {07/06/26 18:12:33}
07/06/26 18:12:38 Number of idle job procs: 2
07/06/26 18:12:38 Reassigning the id of job COLLECT from (170253.1.0) to (170253.10.0)
07/06/26 18:12:38 Event: ULOG_SUBMIT for HTCondor Node COLLECT (170253.10.0) {07/06/26 18:12:33}
07/06/26 18:12:38 Number of idle job procs: 3
07/06/26 18:12:38 Reassigning the id of job COLLECT from (170253.10.0) to (170253.11.0)
07/06/26 18:12:38 Event: ULOG_SUBMIT for HTCondor Node COLLECT (170253.11.0) {07/06/26 18:12:33}
07/06/26 18:12:38 Number of idle job procs: 4
07/06/26 18:12:38 Reassigning the id of job COLLECT from (170253.11.0) to (170253.12.0)
07/06/26 18:12:38 Event: ULOG_SUBMIT for HTCondor Node COLLECT (170253.12.0) {07/06/26 18:12:33}
07/06/26 18:12:38 Number of idle job procs: 5
07/06/26 18:12:38 Reassigning the id of job COLLECT from (170253.12.0) to (170253.13.0)
07/06/26 18:12:38 Event: ULOG_SUBMIT for HTCondor Node COLLECT (170253.13.0) {07/06/26 18:12:33}
07/06/26 18:12:38 Number of idle job procs: 6
07/06/26 18:12:38 Reassigning the id of job COLLECT from (170253.13.0) to (170253.14.0)
07/06/26 18:12:38 Event: ULOG_SUBMIT for HTCondor Node COLLECT (170253.14.0) {07/06/26 18:12:33}
07/06/26 18:12:38 Number of idle job procs: 7
07/06/26 18:12:38 Reassigning the id of job COLLECT from (170253.14.0) to (170253.15.0)
07/06/26 18:12:38 Event: ULOG_SUBMIT for HTCondor Node COLLECT (170253.15.0) {07/06/26 18:12:33}
07/06/26 18:12:38 Number of idle job procs: 8
07/06/26 18:12:38 Reassigning the id of job COLLECT from (170253.15.0) to (170253.16.0)
07/06/26 18:12:38 Event: ULOG_SUBMIT for HTCondor Node COLLECT (170253.16.0) {07/06/26 18:12:33}
07/06/26 18:12:38 Number of idle job procs: 9
07/06/26 18:12:38 Reassigning the id of job COLLECT from (170253.16.0) to (170253.17.0)
07/06/26 18:12:38 Event: ULOG_SUBMIT for HTCondor Node COLLECT (170253.17.0) {07/06/26 18:12:33}
07/06/26 18:12:38 Number of idle job procs: 10
07/06/26 18:12:38 Reassigning the id of job COLLECT from (170253.17.0) to (170253.18.0)
07/06/26 18:12:38 Event: ULOG_SUBMIT for HTCondor Node COLLECT (170253.18.0) {07/06/26 18:12:33}
07/06/26 18:12:38 Number of idle job procs: 11
07/06/26 18:12:38 Reassigning the id of job COLLECT from (170253.18.0) to (170253.19.0)
07/06/26 18:12:38 Event: ULOG_SUBMIT for HTCondor Node COLLECT (170253.19.0) {07/06/26 18:12:33}
07/06/26 18:12:38 Number of idle job procs: 12
07/06/26 18:12:38 Reassigning the id of job COLLECT from (170253.19.0) to (170253.2.0)
07/06/26 18:12:38 Event: ULOG_SUBMIT for HTCondor Node COLLECT (170253.2.0) {07/06/26 18:12:33}
07/06/26 18:12:38 Number of idle job procs: 13
07/06/26 18:12:38 Reassigning the id of job COLLECT from (170253.2.0) to (170253.20.0)
07/06/26 18:12:38 Event: ULOG_SUBMIT for HTCondor Node COLLECT (170253.20.0) {07/06/26 18:12:33}
07/06/26 18:12:38 Number of idle job procs: 14
07/06/26 18:12:38 Reassigning the id of job COLLECT from (170253.20.0) to (170253.21.0)
07/06/26 18:12:38 Event: ULOG_SUBMIT for HTCondor Node COLLECT (170253.21.0) {07/06/26 18:12:33}
07/06/26 18:12:38 Number of idle job procs: 15
07/06/26 18:12:38 Reassigning the id of job COLLECT from (170253.21.0) to (170253.22.0)
07/06/26 18:12:38 Event: ULOG_SUBMIT for HTCondor Node COLLECT (170253.22.0) {07/06/26 18:12:33}
07/06/26 18:12:38 Number of idle job procs: 16
07/06/26 18:12:38 Reassigning the id of job COLLECT from (170253.22.0) to (170253.23.0)
07/06/26 18:12:38 Event: ULOG_SUBMIT for HTCondor Node COLLECT (170253.23.0) {07/06/26 18:12:33}
07/06/26 18:12:38 Number of idle job procs: 17
07/06/26 18:12:38 Reassigning the id of job COLLECT from (170253.23.0) to (170253.24.0)
07/06/26 18:12:38 Event: ULOG_SUBMIT for HTCondor Node COLLECT (170253.24.0) {07/06/26 18:12:33}
07/06/26 18:12:38 Number of idle job procs: 18
07/06/26 18:12:38 Reassigning the id of job COLLECT from (170253.24.0) to (170253.25.0)
07/06/26 18:12:38 Event: ULOG_SUBMIT for HTCondor Node COLLECT (170253.25.0) {07/06/26 18:12:33}
07/06/26 18:12:38 Number of idle job procs: 19
07/06/26 18:12:38 Reassigning the id of job COLLECT from (170253.25.0) to (170253.26.0)
07/06/26 18:12:38 Event: ULOG_SUBMIT for HTCondor Node COLLECT (170253.26.0) {07/06/26 18:12:33}
07/06/26 18:12:38 Number of idle job procs: 20
07/06/26 18:12:38 Reassigning the id of job COLLECT from (170253.26.0) to (170253.27.0)
07/06/26 18:12:38 Event: ULOG_SUBMIT for HTCondor Node COLLECT (170253.27.0) {07/06/26 18:12:33}
07/06/26 18:12:38 Number of idle job procs: 21
07/06/26 18:12:38 Reassigning the id of job COLLECT from (170253.27.0) to (170253.28.0)
07/06/26 18:12:38 Event: ULOG_SUBMIT for HTCondor Node COLLECT (170253.28.0) {07/06/26 18:12:33}
07/06/26 18:12:38 Number of idle job procs: 22
07/06/26 18:12:38 Reassigning the id of job COLLECT from (170253.28.0) to (170253.29.0)
07/06/26 18:12:38 Event: ULOG_SUBMIT for HTCondor Node COLLECT (170253.29.0) {07/06/26 18:12:33}
07/06/26 18:12:38 Number of idle job procs: 23
07/06/26 18:12:38 Reassigning the id of job COLLECT from (170253.29.0) to (170253.3.0)
07/06/26 18:12:38 Event: ULOG_SUBMIT for HTCondor Node COLLECT (170253.3.0) {07/06/26 18:12:33}
07/06/26 18:12:38 Number of idle job procs: 24
07/06/26 18:12:38 Reassigning the id of job COLLECT from (170253.3.0) to (170253.30.0)
07/06/26 18:12:38 Event: ULOG_SUBMIT for HTCondor Node COLLECT (170253.30.0) {07/06/26 18:12:33}
07/06/26 18:12:38 Number of idle job procs: 25
07/06/26 18:12:38 Reassigning the id of job COLLECT from (170253.30.0) to (170253.31.0)
07/06/26 18:12:38 Event: ULOG_SUBMIT for HTCondor Node COLLECT (170253.31.0) {07/06/26 18:12:33}
07/06/26 18:12:38 Number of idle job procs: 26
07/06/26 18:12:38 Reassigning the id of job COLLECT from (170253.31.0) to (170253.32.0)
07/06/26 18:12:38 Event: ULOG_SUBMIT for HTCondor Node COLLECT (170253.32.0) {07/06/26 18:12:33}
07/06/26 18:12:38 Number of idle job procs: 27
07/06/26 18:12:38 Reassigning the id of job COLLECT from (170253.32.0) to (170253.33.0)
07/06/26 18:12:38 Event: ULOG_SUBMIT for HTCondor Node COLLECT (170253.33.0) {07/06/26 18:12:33}
07/06/26 18:12:38 Number of idle job procs: 28
07/06/26 18:12:38 Reassigning the id of job COLLECT from (170253.33.0) to (170253.34.0)
07/06/26 18:12:38 Event: ULOG_SUBMIT for HTCondor Node COLLECT (170253.34.0) {07/06/26 18:12:33}
07/06/26 18:12:38 Number of idle job procs: 29
07/06/26 18:12:38 Reassigning the id of job COLLECT from (170253.34.0) to (170253.35.0)
07/06/26 18:12:38 Event: ULOG_SUBMIT for HTCondor Node COLLECT (170253.35.0) {07/06/26 18:12:33}
07/06/26 18:12:38 Number of idle job procs: 30
07/06/26 18:12:38 Reassigning the id of job COLLECT from (170253.35.0) to (170253.36.0)
07/06/26 18:12:38 Event: ULOG_SUBMIT for HTCondor Node COLLECT (170253.36.0) {07/06/26 18:12:33}
07/06/26 18:12:38 Number of idle job procs: 31
07/06/26 18:12:38 Reassigning the id of job COLLECT from (170253.36.0) to (170253.37.0)
07/06/26 18:12:38 Event: ULOG_SUBMIT for HTCondor Node COLLECT (170253.37.0) {07/06/26 18:12:33}
07/06/26 18:12:38 Number of idle job procs: 32
07/06/26 18:12:38 Reassigning the id of job COLLECT from (170253.37.0) to (170253.38.0)
07/06/26 18:12:38 Event: ULOG_SUBMIT for HTCondor Node COLLECT (170253.38.0) {07/06/26 18:12:33}
07/06/26 18:12:38 Number of idle job procs: 33
07/06/26 18:12:38 Reassigning the id of job COLLECT from (170253.38.0) to (170253.39.0)
07/06/26 18:12:38 Event: ULOG_SUBMIT for HTCondor Node COLLECT (170253.39.0) {07/06/26 18:12:33}
07/06/26 18:12:38 Number of idle job procs: 34
07/06/26 18:12:38 Reassigning the id of job COLLECT from (170253.39.0) to (170253.4.0)
07/06/26 18:12:38 Event: ULOG_SUBMIT for HTCondor Node COLLECT (170253.4.0) {07/06/26 18:12:33}
07/06/26 18:12:38 Number of idle job procs: 35
07/06/26 18:12:38 Reassigning the id of job COLLECT from (170253.4.0) to (170253.5.0)
07/06/26 18:12:38 Event: ULOG_SUBMIT for HTCondor Node COLLECT (170253.5.0) {07/06/26 18:12:33}
07/06/26 18:12:38 Number of idle job procs: 36
07/06/26 18:12:38 Reassigning the id of job COLLECT from (170253.5.0) to (170253.6.0)
07/06/26 18:12:38 Event: ULOG_SUBMIT for HTCondor Node COLLECT (170253.6.0) {07/06/26 18:12:33}
07/06/26 18:12:38 Number of idle job procs: 37
07/06/26 18:12:38 Reassigning the id of job COLLECT from (170253.6.0) to (170253.7.0)
07/06/26 18:12:38 Event: ULOG_SUBMIT for HTCondor Node COLLECT (170253.7.0) {07/06/26 18:12:33}
07/06/26 18:12:38 Number of idle job procs: 38
07/06/26 18:12:38 Reassigning the id of job COLLECT from (170253.7.0) to (170253.8.0)
07/06/26 18:12:38 Event: ULOG_SUBMIT for HTCondor Node COLLECT (170253.8.0) {07/06/26 18:12:33}
07/06/26 18:12:38 Number of idle job procs: 39
07/06/26 18:12:38 Reassigning the id of job COLLECT from (170253.8.0) to (170253.9.0)
07/06/26 18:12:38 Event: ULOG_SUBMIT for HTCondor Node COLLECT (170253.9.0) {07/06/26 18:12:33}
07/06/26 18:12:38 Number of idle job procs: 40
07/06/26 18:22:39 601 seconds since last log event
07/06/26 18:22:39 Pending DAG nodes:
07/06/26 18:22:39   Node COLLECT, HTCondor ID 170253, status STATUS_SUBMITTED
07/06/26 18:27:34 Total jobs placed to AP: 40
07/06/26 18:27:34      Idle     Held     Running     Successful     Failed
07/06/26 18:27:34       ===      ===         ===            ===        ===
07/06/26 18:27:34        40        0           0              0          0
07/06/26 18:32:39 1201 seconds since last log event
07/06/26 18:32:39 Pending DAG nodes:
07/06/26 18:32:39   Node COLLECT, HTCondor ID 170253, status STATUS_SUBMITTED
07/06/26 18:42:35 Total jobs placed to AP: 40
07/06/26 18:42:35      Idle     Held     Running     Successful     Failed
07/06/26 18:42:35       ===      ===         ===            ===        ===
07/06/26 18:42:35        40        0           0              0          0
07/06/26 18:42:40 1802 seconds since last log event
07/06/26 18:42:40 Pending DAG nodes:
07/06/26 18:42:40   Node COLLECT, HTCondor ID 170253, status STATUS_SUBMITTED
07/06/26 18:52:40 2402 seconds since last log event
07/06/26 18:52:40 Pending DAG nodes:
07/06/26 18:52:40   Node COLLECT, HTCondor ID 170253, status STATUS_SUBMITTED
07/06/26 18:57:35 Total jobs placed to AP: 40
07/06/26 18:57:35      Idle     Held     Running     Successful     Failed
07/06/26 18:57:35       ===      ===         ===            ===        ===
07/06/26 18:57:35        40        0           0              0          0
07/06/26 19:02:41 3003 seconds since last log event
07/06/26 19:02:41 Pending DAG nodes:
07/06/26 19:02:41   Node COLLECT, HTCondor ID 170253, status STATUS_SUBMITTED
07/06/26 19:12:36 Total jobs placed to AP: 40
07/06/26 19:12:36      Idle     Held     Running     Successful     Failed
07/06/26 19:12:36       ===      ===         ===            ===        ===
07/06/26 19:12:36        40        0           0              0          0
07/06/26 19:12:41 3603 seconds since last log event
07/06/26 19:12:41 Pending DAG nodes:
07/06/26 19:12:41   Node COLLECT, HTCondor ID 170253, status STATUS_SUBMITTED
07/06/26 19:22:42 4204 seconds since last log event
07/06/26 19:22:42 Pending DAG nodes:
07/06/26 19:22:42   Node COLLECT, HTCondor ID 170253, status STATUS_SUBMITTED
07/06/26 19:27:37 Total jobs placed to AP: 40
07/06/26 19:27:37      Idle     Held     Running     Successful     Failed
07/06/26 19:27:37       ===      ===         ===            ===        ===
07/06/26 19:27:37        40        0           0              0          0
07/06/26 19:32:42 4804 seconds since last log event
07/06/26 19:32:42 Pending DAG nodes:
07/06/26 19:32:42   Node COLLECT, HTCondor ID 170253, status STATUS_SUBMITTED
07/06/26 19:42:38 Total jobs placed to AP: 40
07/06/26 19:42:38      Idle     Held     Running     Successful     Failed
07/06/26 19:42:38       ===      ===         ===            ===        ===
07/06/26 19:42:38        40        0           0              0          0
07/06/26 19:42:43 5405 seconds since last log event
07/06/26 19:42:43 Pending DAG nodes:
07/06/26 19:42:43   Node COLLECT, HTCondor ID 170253, status STATUS_SUBMITTED
07/06/26 19:52:43 6005 seconds since last log event
07/06/26 19:52:43 Pending DAG nodes:
07/06/26 19:52:43   Node COLLECT, HTCondor ID 170253, status STATUS_SUBMITTED
07/06/26 19:57:39 Total jobs placed to AP: 40
07/06/26 19:57:39      Idle     Held     Running     Successful     Failed
07/06/26 19:57:39       ===      ===         ===            ===        ===
07/06/26 19:57:39        40        0           0              0          0
07/06/26 20:02:44 6606 seconds since last log event
07/06/26 20:02:44 Pending DAG nodes:
07/06/26 20:02:44   Node COLLECT, HTCondor ID 170253, status STATUS_SUBMITTED
07/06/26 20:12:39 Total jobs placed to AP: 40
07/06/26 20:12:39      Idle     Held     Running     Successful     Failed
07/06/26 20:12:39       ===      ===         ===            ===        ===
07/06/26 20:12:39        40        0           0              0          0
07/06/26 20:12:44 7206 seconds since last log event
07/06/26 20:12:44 Pending DAG nodes:
07/06/26 20:12:44   Node COLLECT, HTCondor ID 170253, status STATUS_SUBMITTED
07/06/26 20:22:45 7807 seconds since last log event
07/06/26 20:22:45 Pending DAG nodes:
07/06/26 20:22:45   Node COLLECT, HTCondor ID 170253, status STATUS_SUBMITTED
07/06/26 20:27:40 Total jobs placed to AP: 40
07/06/26 20:27:40      Idle     Held     Running     Successful     Failed
07/06/26 20:27:40       ===      ===         ===            ===        ===
07/06/26 20:27:40        40        0           0              0          0
07/06/26 20:32:45 8407 seconds since last log event
07/06/26 20:32:45 Pending DAG nodes:
07/06/26 20:32:45   Node COLLECT, HTCondor ID 170253, status STATUS_SUBMITTED
07/06/26 20:42:41 Total jobs placed to AP: 40
07/06/26 20:42:41      Idle     Held     Running     Successful     Failed
07/06/26 20:42:41       ===      ===         ===            ===        ===
07/06/26 20:42:41        40        0           0              0          0
07/06/26 20:42:46 9008 seconds since last log event
07/06/26 20:42:46 Pending DAG nodes:
07/06/26 20:42:46   Node COLLECT, HTCondor ID 170253, status STATUS_SUBMITTED
07/06/26 20:52:47 9609 seconds since last log event
07/06/26 20:52:47 Pending DAG nodes:
07/06/26 20:52:47   Node COLLECT, HTCondor ID 170253, status STATUS_SUBMITTED
07/06/26 20:57:42 Total jobs placed to AP: 40
07/06/26 20:57:42      Idle     Held     Running     Successful     Failed
07/06/26 20:57:42       ===      ===         ===            ===        ===
07/06/26 20:57:42        40        0           0              0          0
07/06/26 21:02:47 10209 seconds since last log event
07/06/26 21:02:47 Pending DAG nodes:
07/06/26 21:02:47   Node COLLECT, HTCondor ID 170253, status STATUS_SUBMITTED
07/06/26 21:12:43 Total jobs placed to AP: 40
07/06/26 21:12:43      Idle     Held     Running     Successful     Failed
07/06/26 21:12:43       ===      ===         ===            ===        ===
07/06/26 21:12:43        40        0           0              0          0
07/06/26 21:12:48 10810 seconds since last log event
07/06/26 21:12:48 Pending DAG nodes:
07/06/26 21:12:48   Node COLLECT, HTCondor ID 170253, status STATUS_SUBMITTED
07/06/26 21:22:48 11410 seconds since last log event
07/06/26 21:22:48 Pending DAG nodes:
07/06/26 21:22:48   Node COLLECT, HTCondor ID 170253, status STATUS_SUBMITTED
07/06/26 21:27:43 Total jobs placed to AP: 40
07/06/26 21:27:43      Idle     Held     Running     Successful     Failed
07/06/26 21:27:43       ===      ===         ===            ===        ===
07/06/26 21:27:43        40        0           0              0          0
07/06/26 21:32:49 12011 seconds since last log event
07/06/26 21:32:49 Pending DAG nodes:
07/06/26 21:32:49   Node COLLECT, HTCondor ID 170253, status STATUS_SUBMITTED
07/06/26 21:42:44 Total jobs placed to AP: 40
07/06/26 21:42:44      Idle     Held     Running     Successful     Failed
07/06/26 21:42:44       ===      ===         ===            ===        ===
07/06/26 21:42:44        40        0           0              0          0
07/06/26 21:42:49 12611 seconds since last log event
07/06/26 21:42:49 Pending DAG nodes:
07/06/26 21:42:49   Node COLLECT, HTCondor ID 170253, status STATUS_SUBMITTED
07/06/26 21:52:50 13212 seconds since last log event
07/06/26 21:52:50 Pending DAG nodes:
07/06/26 21:52:50   Node COLLECT, HTCondor ID 170253, status STATUS_SUBMITTED
07/06/26 21:57:45 Total jobs placed to AP: 40
07/06/26 21:57:45      Idle     Held     Running     Successful     Failed
07/06/26 21:57:45       ===      ===         ===            ===        ===
07/06/26 21:57:45        40        0           0              0          0
07/06/26 22:02:50 13812 seconds since last log event
07/06/26 22:02:50 Pending DAG nodes:
07/06/26 22:02:50   Node COLLECT, HTCondor ID 170253, status STATUS_SUBMITTED
07/06/26 22:12:46 Total jobs placed to AP: 40
07/06/26 22:12:46      Idle     Held     Running     Successful     Failed
07/06/26 22:12:46       ===      ===         ===            ===        ===
07/06/26 22:12:46        40        0           0              0          0
07/06/26 22:12:51 14413 seconds since last log event
07/06/26 22:12:51 Pending DAG nodes:
07/06/26 22:12:51   Node COLLECT, HTCondor ID 170253, status STATUS_SUBMITTED
07/06/26 22:22:51 15013 seconds since last log event
07/06/26 22:22:51 Pending DAG nodes:
07/06/26 22:22:51   Node COLLECT, HTCondor ID 170253, status STATUS_SUBMITTED
07/06/26 22:27:46 Total jobs placed to AP: 40
07/06/26 22:27:46      Idle     Held     Running     Successful     Failed
07/06/26 22:27:46       ===      ===         ===            ===        ===
07/06/26 22:27:46        40        0           0              0          0
07/06/26 22:32:55 15617 seconds since last log event
07/06/26 22:32:55 Pending DAG nodes:
07/06/26 22:32:55   Node COLLECT, HTCondor ID 170253, status STATUS_SUBMITTED
07/06/26 22:42:49 Total jobs placed to AP: 40
07/06/26 22:42:50      Idle     Held     Running     Successful     Failed
07/06/26 22:42:50       ===      ===         ===            ===        ===
07/06/26 22:42:50        40        0           0              0          0
07/06/26 22:42:55 16217 seconds since last log event
07/06/26 22:42:55 Pending DAG nodes:
07/06/26 22:42:55   Node COLLECT, HTCondor ID 170253, status STATUS_SUBMITTED
07/06/26 22:52:55 16817 seconds since last log event
07/06/26 22:52:55 Pending DAG nodes:
07/06/26 22:52:55   Node COLLECT, HTCondor ID 170253, status STATUS_SUBMITTED
07/06/26 22:57:50 Total jobs placed to AP: 40
07/06/26 22:57:50      Idle     Held     Running     Successful     Failed
07/06/26 22:57:50       ===      ===         ===            ===        ===
07/06/26 22:57:50        40        0           0              0          0
07/06/26 23:02:56 17418 seconds since last log event
07/06/26 23:02:56 Pending DAG nodes:
07/06/26 23:02:56   Node COLLECT, HTCondor ID 170253, status STATUS_SUBMITTED
07/06/26 23:12:51 Total jobs placed to AP: 40
07/06/26 23:12:51      Idle     Held     Running     Successful     Failed
07/06/26 23:12:51       ===      ===         ===            ===        ===
07/06/26 23:12:51        40        0           0              0          0
07/06/26 23:12:56 18018 seconds since last log event
07/06/26 23:12:56 Pending DAG nodes:
07/06/26 23:12:56   Node COLLECT, HTCondor ID 170253, status STATUS_SUBMITTED
07/06/26 23:22:57 18619 seconds since last log event
07/06/26 23:22:57 Pending DAG nodes:
07/06/26 23:22:57   Node COLLECT, HTCondor ID 170253, status STATUS_SUBMITTED
07/06/26 23:27:52 Total jobs placed to AP: 40
07/06/26 23:27:52      Idle     Held     Running     Successful     Failed
07/06/26 23:27:52       ===      ===         ===            ===        ===
07/06/26 23:27:52        40        0           0              0          0
07/06/26 23:32:57 19219 seconds since last log event
07/06/26 23:32:57 Pending DAG nodes:
07/06/26 23:32:57   Node COLLECT, HTCondor ID 170253, status STATUS_SUBMITTED
07/06/26 23:42:53 Total jobs placed to AP: 40
07/06/26 23:42:53      Idle     Held     Running     Successful     Failed
07/06/26 23:42:53       ===      ===         ===            ===        ===
07/06/26 23:42:53        40        0           0              0          0
07/06/26 23:42:58 19820 seconds since last log event
07/06/26 23:42:58 Pending DAG nodes:
07/06/26 23:42:58   Node COLLECT, HTCondor ID 170253, status STATUS_SUBMITTED
07/06/26 23:52:58 20420 seconds since last log event
07/06/26 23:52:58 Pending DAG nodes:
07/06/26 23:52:58   Node COLLECT, HTCondor ID 170253, status STATUS_SUBMITTED
07/06/26 23:57:53 Total jobs placed to AP: 40
07/06/26 23:57:53      Idle     Held     Running     Successful     Failed
07/06/26 23:57:53       ===      ===         ===            ===        ===
07/06/26 23:57:53        40        0           0              0          0
07/07/26 00:02:59 21021 seconds since last log event
07/07/26 00:02:59 Pending DAG nodes:
07/07/26 00:02:59   Node COLLECT, HTCondor ID 170253, status STATUS_SUBMITTED
07/07/26 00:12:54 Total jobs placed to AP: 40
07/07/26 00:12:54      Idle     Held     Running     Successful     Failed
07/07/26 00:12:54       ===      ===         ===            ===        ===
07/07/26 00:12:54        40        0           0              0          0
07/07/26 00:12:59 21621 seconds since last log event
07/07/26 00:12:59 Pending DAG nodes:
07/07/26 00:12:59   Node COLLECT, HTCondor ID 170253, status STATUS_SUBMITTED
07/07/26 00:23:00 22222 seconds since last log event
07/07/26 00:23:00 Pending DAG nodes:
07/07/26 00:23:00   Node COLLECT, HTCondor ID 170253, status STATUS_SUBMITTED
07/07/26 00:27:55 Total jobs placed to AP: 40
07/07/26 00:27:55      Idle     Held     Running     Successful     Failed
07/07/26 00:27:55       ===      ===         ===            ===        ===
07/07/26 00:27:55        40        0           0              0          0
07/07/26 00:33:00 22822 seconds since last log event
07/07/26 00:33:00 Pending DAG nodes:
07/07/26 00:33:00   Node COLLECT, HTCondor ID 170253, status STATUS_SUBMITTED
07/07/26 00:42:55 Total jobs placed to AP: 40
07/07/26 00:42:55      Idle     Held     Running     Successful     Failed
07/07/26 00:42:55       ===      ===         ===            ===        ===
07/07/26 00:42:55        40        0           0              0          0
07/07/26 00:43:00 23422 seconds since last log event
07/07/26 00:43:00 Pending DAG nodes:
07/07/26 00:43:00   Node COLLECT, HTCondor ID 170253, status STATUS_SUBMITTED
07/07/26 00:53:01 24023 seconds since last log event
07/07/26 00:53:01 Pending DAG nodes:
07/07/26 00:53:01   Node COLLECT, HTCondor ID 170253, status STATUS_SUBMITTED
07/07/26 00:57:56 Total jobs placed to AP: 40
07/07/26 00:57:56      Idle     Held     Running     Successful     Failed
07/07/26 00:57:56       ===      ===         ===            ===        ===
07/07/26 00:57:56        40        0           0              0          0
07/07/26 01:03:01 24623 seconds since last log event
07/07/26 01:03:01 Pending DAG nodes:
07/07/26 01:03:01   Node COLLECT, HTCondor ID 170253, status STATUS_SUBMITTED
07/07/26 01:12:57 Total jobs placed to AP: 40
07/07/26 01:12:57      Idle     Held     Running     Successful     Failed
07/07/26 01:12:57       ===      ===         ===            ===        ===
07/07/26 01:12:57        40        0           0              0          0
07/07/26 01:13:02 25224 seconds since last log event
07/07/26 01:13:02 Pending DAG nodes:
07/07/26 01:13:02   Node COLLECT, HTCondor ID 170253, status STATUS_SUBMITTED
07/07/26 01:13:57 Currently monitoring 1 HTCondor log file(s)
07/07/26 01:13:57 Event: ULOG_EXECUTE for HTCondor Node COLLECT (170253.0.0) {07/07/26 01:13:54}
07/07/26 01:13:57 Number of idle job procs: 39
07/07/26 01:14:47 Currently monitoring 1 HTCondor log file(s)
07/07/26 01:14:47 Event: ULOG_EXECUTE for HTCondor Node COLLECT (170253.1.0) {07/07/26 01:14:43}
07/07/26 01:14:47 Number of idle job procs: 38
07/07/26 01:14:47 Event: ULOG_EXECUTE for HTCondor Node COLLECT (170253.2.0) {07/07/26 01:14:43}
07/07/26 01:14:47 Number of idle job procs: 37
07/07/26 01:15:47 Currently monitoring 1 HTCondor log file(s)
07/07/26 01:15:47 Event: ULOG_EXECUTE for HTCondor Node COLLECT (170253.3.0) {07/07/26 01:15:44}
07/07/26 01:15:47 Number of idle job procs: 36
07/07/26 01:15:47 Event: ULOG_EXECUTE for HTCondor Node COLLECT (170253.4.0) {07/07/26 01:15:44}
07/07/26 01:15:47 Number of idle job procs: 35
07/07/26 01:16:47 Currently monitoring 1 HTCondor log file(s)
07/07/26 01:16:47 Event: ULOG_EXECUTE for HTCondor Node COLLECT (170253.5.0) {07/07/26 01:16:44}
07/07/26 01:16:47 Number of idle job procs: 34
07/07/26 01:17:47 Currently monitoring 1 HTCondor log file(s)
07/07/26 01:17:47 Event: ULOG_EXECUTE for HTCondor Node COLLECT (170253.6.0) {07/07/26 01:17:43}
07/07/26 01:17:47 Number of idle job procs: 33
07/07/26 01:27:47 600 seconds since last log event
07/07/26 01:27:47 Pending DAG nodes:
07/07/26 01:27:47   Node COLLECT, HTCondor ID 170253, status STATUS_SUBMITTED
07/07/26 01:27:57 Total jobs placed to AP: 40
07/07/26 01:27:57      Idle     Held     Running     Successful     Failed
07/07/26 01:27:57       ===      ===         ===            ===        ===
07/07/26 01:27:57        33        0           7              0          0
07/07/26 01:36:28 Currently monitoring 1 HTCondor log file(s)
07/07/26 01:36:28 Event: ULOG_EXECUTE for HTCondor Node COLLECT (170253.7.0) {07/07/26 01:36:25}
07/07/26 01:36:28 Number of idle job procs: 32
07/07/26 01:36:28 Event: ULOG_EXECUTE for HTCondor Node COLLECT (170253.9.0) {07/07/26 01:36:25}
07/07/26 01:36:28 Number of idle job procs: 31
07/07/26 01:36:28 Event: ULOG_EXECUTE for HTCondor Node COLLECT (170253.11.0) {07/07/26 01:36:25}
07/07/26 01:36:28 Number of idle job procs: 30
07/07/26 01:36:28 Event: ULOG_EXECUTE for HTCondor Node COLLECT (170253.10.0) {07/07/26 01:36:25}
07/07/26 01:36:28 Number of idle job procs: 29
07/07/26 01:36:28 Event: ULOG_EXECUTE for HTCondor Node COLLECT (170253.8.0) {07/07/26 01:36:25}
07/07/26 01:36:28 Number of idle job procs: 28
07/07/26 01:37:28 Currently monitoring 1 HTCondor log file(s)
07/07/26 01:37:28 Event: ULOG_EXECUTE for HTCondor Node COLLECT (170253.13.0) {07/07/26 01:37:25}
07/07/26 01:37:28 Number of idle job procs: 27
07/07/26 01:37:28 Event: ULOG_EXECUTE for HTCondor Node COLLECT (170253.12.0) {07/07/26 01:37:25}
07/07/26 01:37:28 Number of idle job procs: 26
07/07/26 01:39:28 Currently monitoring 1 HTCondor log file(s)
07/07/26 01:39:28 Event: ULOG_EXECUTE for HTCondor Node COLLECT (170253.14.0) {07/07/26 01:39:24}
07/07/26 01:39:28 Number of idle job procs: 25
07/07/26 01:40:28 Currently monitoring 1 HTCondor log file(s)
07/07/26 01:40:28 Event: ULOG_EXECUTE for HTCondor Node COLLECT (170253.15.0) {07/07/26 01:40:25}
07/07/26 01:40:28 Number of idle job procs: 24
07/07/26 01:41:28 Currently monitoring 1 HTCondor log file(s)
07/07/26 01:41:28 Event: ULOG_EXECUTE for HTCondor Node COLLECT (170253.18.0) {07/07/26 01:41:25}
07/07/26 01:41:28 Number of idle job procs: 23
07/07/26 01:41:28 Event: ULOG_EXECUTE for HTCondor Node COLLECT (170253.16.0) {07/07/26 01:41:25}
07/07/26 01:41:28 Number of idle job procs: 22
07/07/26 01:41:28 Event: ULOG_EXECUTE for HTCondor Node COLLECT (170253.17.0) {07/07/26 01:41:25}
07/07/26 01:41:28 Number of idle job procs: 21
07/07/26 01:42:28 Currently monitoring 1 HTCondor log file(s)
07/07/26 01:42:28 Event: ULOG_EXECUTE for HTCondor Node COLLECT (170253.19.0) {07/07/26 01:42:24}
07/07/26 01:42:28 Number of idle job procs: 20
07/07/26 01:42:58 Total jobs placed to AP: 40
07/07/26 01:42:58      Idle     Held     Running     Successful     Failed
07/07/26 01:42:58       ===      ===         ===            ===        ===
07/07/26 01:42:58        20        0          20              0          0
07/07/26 01:48:29 Currently monitoring 1 HTCondor log file(s)
07/07/26 01:48:29 Event: ULOG_EXECUTE for HTCondor Node COLLECT (170253.20.0) {07/07/26 01:48:25}
07/07/26 01:48:29 Number of idle job procs: 19
07/07/26 01:48:29 Event: ULOG_EXECUTE for HTCondor Node COLLECT (170253.21.0) {07/07/26 01:48:25}
07/07/26 01:48:29 Number of idle job procs: 18
07/07/26 01:48:29 Event: ULOG_EXECUTE for HTCondor Node COLLECT (170253.22.0) {07/07/26 01:48:25}
07/07/26 01:48:29 Number of idle job procs: 17
07/07/26 01:50:29 Currently monitoring 1 HTCondor log file(s)
07/07/26 01:50:29 Event: ULOG_EXECUTE for HTCondor Node COLLECT (170253.23.0) {07/07/26 01:50:25}
07/07/26 01:50:29 Number of idle job procs: 16
07/07/26 01:54:04 Currently monitoring 1 HTCondor log file(s)
07/07/26 01:54:04 Event: ULOG_EXECUTE for HTCondor Node COLLECT (170253.24.0) {07/07/26 01:54:01}
07/07/26 01:54:04 Number of idle job procs: 15
07/07/26 01:57:59 Total jobs placed to AP: 40
07/07/26 01:57:59      Idle     Held     Running     Successful     Failed
07/07/26 01:57:59       ===      ===         ===            ===        ===
07/07/26 01:57:59        15        0          25              0          0
07/07/26 02:03:29 Currently monitoring 1 HTCondor log file(s)
07/07/26 02:03:29 Event: ULOG_JOB_TERMINATED for HTCondor Node COLLECT (170253.1.0) {07/07/26 02:03:27}
07/07/26 02:03:29 Number of idle job procs: 15
07/07/26 02:03:29 Node COLLECT job proc (170253.1.0) completed successfully.
07/07/26 02:04:04 Currently monitoring 1 HTCondor log file(s)
07/07/26 02:04:04 Event: ULOG_EXECUTE for HTCondor Node COLLECT (170253.25.0) {07/07/26 02:04:02}
07/07/26 02:04:04 Number of idle job procs: 14
07/07/26 02:05:04 Currently monitoring 1 HTCondor log file(s)
07/07/26 02:05:04 Event: ULOG_JOB_TERMINATED for HTCondor Node COLLECT (170253.0.0) {07/07/26 02:05:03}
07/07/26 02:05:04 Number of idle job procs: 14
07/07/26 02:05:04 Node COLLECT job proc (170253.0.0) completed successfully.
07/07/26 02:06:04 Currently monitoring 1 HTCondor log file(s)
07/07/26 02:06:04 Event: ULOG_EXECUTE for HTCondor Node COLLECT (170253.26.0) {07/07/26 02:06:02}
07/07/26 02:06:04 Number of idle job procs: 13
07/07/26 02:07:10 Currently monitoring 1 HTCondor log file(s)
07/07/26 02:07:10 Event: ULOG_JOB_TERMINATED for HTCondor Node COLLECT (170253.3.0) {07/07/26 02:07:09}
07/07/26 02:07:10 Number of idle job procs: 13
07/07/26 02:07:10 Node COLLECT job proc (170253.3.0) completed successfully.
07/07/26 02:08:05 Currently monitoring 1 HTCondor log file(s)
07/07/26 02:08:05 Event: ULOG_EXECUTE for HTCondor Node COLLECT (170253.27.0) {07/07/26 02:08:02}
07/07/26 02:08:05 Number of idle job procs: 12
07/07/26 02:08:30 Currently monitoring 1 HTCondor log file(s)
07/07/26 02:08:30 Event: ULOG_JOB_TERMINATED for HTCondor Node COLLECT (170253.2.0) {07/07/26 02:08:27}
07/07/26 02:08:30 Number of idle job procs: 12
07/07/26 02:08:30 Node COLLECT job proc (170253.2.0) completed successfully.
07/07/26 02:09:05 Currently monitoring 1 HTCondor log file(s)
07/07/26 02:09:05 Event: ULOG_EXECUTE for HTCondor Node COLLECT (170253.29.0) {07/07/26 02:09:01}
07/07/26 02:09:05 Number of idle job procs: 11
07/07/26 02:09:05 Event: ULOG_EXECUTE for HTCondor Node COLLECT (170253.28.0) {07/07/26 02:09:01}
07/07/26 02:09:05 Number of idle job procs: 10
07/07/26 02:09:25 Currently monitoring 1 HTCondor log file(s)
07/07/26 02:09:25 Event: ULOG_JOB_TERMINATED for HTCondor Node COLLECT (170253.5.0) {07/07/26 02:09:24}
07/07/26 02:09:25 Number of idle job procs: 10
07/07/26 02:09:25 Node COLLECT job proc (170253.5.0) completed successfully.
07/07/26 02:10:05 Currently monitoring 1 HTCondor log file(s)
07/07/26 02:10:05 Event: ULOG_EXECUTE for HTCondor Node COLLECT (170253.30.0) {07/07/26 02:10:02}
07/07/26 02:10:05 Number of idle job procs: 9
07/07/26 02:11:25 Currently monitoring 1 HTCondor log file(s)
07/07/26 02:11:25 Event: ULOG_JOB_TERMINATED for HTCondor Node COLLECT (170253.4.0) {07/07/26 02:11:23}
07/07/26 02:11:25 Number of idle job procs: 9
07/07/26 02:11:25 Node COLLECT job proc (170253.4.0) completed successfully.
07/07/26 02:12:05 Currently monitoring 1 HTCondor log file(s)
07/07/26 02:12:05 Event: ULOG_EXECUTE for HTCondor Node COLLECT (170253.31.0) {07/07/26 02:12:01}
07/07/26 02:12:05 Number of idle job procs: 8
07/07/26 02:12:55 Currently monitoring 1 HTCondor log file(s)
07/07/26 02:12:55 Event: ULOG_JOB_TERMINATED for HTCondor Node COLLECT (170253.6.0) {07/07/26 02:12:53}
07/07/26 02:12:55 Number of idle job procs: 8
07/07/26 02:12:55 Node COLLECT job proc (170253.6.0) completed successfully.
07/07/26 02:13:00 Total jobs placed to AP: 40
07/07/26 02:13:00      Idle     Held     Running     Successful     Failed
07/07/26 02:13:00       ===      ===         ===            ===        ===
07/07/26 02:13:00         8        0          25              7          0
07/07/26 02:13:05 Currently monitoring 1 HTCondor log file(s)
07/07/26 02:13:05 Event: ULOG_EXECUTE for HTCondor Node COLLECT (170253.32.0) {07/07/26 02:13:01}
07/07/26 02:13:05 Number of idle job procs: 7
07/07/26 02:23:05 600 seconds since last log event
07/07/26 02:23:05 Pending DAG nodes:
07/07/26 02:23:05   Node COLLECT, HTCondor ID 170253, status STATUS_SUBMITTED
07/07/26 02:28:01 Total jobs placed to AP: 40
07/07/26 02:28:01      Idle     Held     Running     Successful     Failed
07/07/26 02:28:01       ===      ===         ===            ===        ===
07/07/26 02:28:01         7        0          26              7          0
07/07/26 02:32:16 Currently monitoring 1 HTCondor log file(s)
07/07/26 02:32:16 Event: ULOG_JOB_TERMINATED for HTCondor Node COLLECT (170253.14.0) {07/07/26 02:32:15}
07/07/26 02:32:16 Number of idle job procs: 7
07/07/26 02:32:16 Node COLLECT job proc (170253.14.0) completed successfully.
07/07/26 02:33:26 Currently monitoring 1 HTCondor log file(s)
07/07/26 02:33:26 Event: ULOG_EXECUTE for HTCondor Node COLLECT (170253.33.0) {07/07/26 02:33:24}
07/07/26 02:33:26 Number of idle job procs: 6
07/07/26 02:34:31 Currently monitoring 1 HTCondor log file(s)
07/07/26 02:34:31 Event: ULOG_JOB_TERMINATED for HTCondor Node COLLECT (170253.13.0) {07/07/26 02:34:26}
07/07/26 02:34:31 Number of idle job procs: 6
07/07/26 02:34:31 Node COLLECT job proc (170253.13.0) completed successfully.
07/07/26 02:35:26 Currently monitoring 1 HTCondor log file(s)
07/07/26 02:35:26 Event: ULOG_EXECUTE for HTCondor Node COLLECT (170253.34.0) {07/07/26 02:35:25}
07/07/26 02:35:26 Number of idle job procs: 5
07/07/26 02:35:51 Currently monitoring 1 HTCondor log file(s)
07/07/26 02:35:51 Event: ULOG_JOB_TERMINATED for HTCondor Node COLLECT (170253.9.0) {07/07/26 02:35:48}
07/07/26 02:35:51 Number of idle job procs: 5
07/07/26 02:35:51 Node COLLECT job proc (170253.9.0) completed successfully.
07/07/26 02:35:56 Currently monitoring 1 HTCondor log file(s)
07/07/26 02:35:56 Event: ULOG_JOB_TERMINATED for HTCondor Node COLLECT (170253.17.0) {07/07/26 02:35:52}
07/07/26 02:35:56 Number of idle job procs: 5
07/07/26 02:35:56 Node COLLECT job proc (170253.17.0) completed successfully.
07/07/26 02:36:26 Currently monitoring 1 HTCondor log file(s)
07/07/26 02:36:26 Event: ULOG_JOB_TERMINATED for HTCondor Node COLLECT (170253.21.0) {07/07/26 02:36:21}
07/07/26 02:36:26 Number of idle job procs: 5
07/07/26 02:36:26 Node COLLECT job proc (170253.21.0) completed successfully.
07/07/26 02:36:26 Event: ULOG_EXECUTE for HTCondor Node COLLECT (170253.36.0) {07/07/26 02:36:25}
07/07/26 02:36:26 Number of idle job procs: 4
07/07/26 02:36:26 Event: ULOG_EXECUTE for HTCondor Node COLLECT (170253.37.0) {07/07/26 02:36:25}
07/07/26 02:36:26 Number of idle job procs: 3
07/07/26 02:36:26 Event: ULOG_EXECUTE for HTCondor Node COLLECT (170253.35.0) {07/07/26 02:36:25}
07/07/26 02:36:26 Number of idle job procs: 2
07/07/26 02:36:56 Currently monitoring 1 HTCondor log file(s)
07/07/26 02:36:56 Event: ULOG_JOB_TERMINATED for HTCondor Node COLLECT (170253.20.0) {07/07/26 02:36:52}
07/07/26 02:36:56 Number of idle job procs: 2
07/07/26 02:36:56 Node COLLECT job proc (170253.20.0) completed successfully.
07/07/26 02:36:56 Event: ULOG_JOB_TERMINATED for HTCondor Node COLLECT (170253.16.0) {07/07/26 02:36:53}
07/07/26 02:36:56 Number of idle job procs: 2
07/07/26 02:36:56 Node COLLECT job proc (170253.16.0) completed successfully.
07/07/26 02:37:01 Currently monitoring 1 HTCondor log file(s)
07/07/26 02:37:01 Event: ULOG_JOB_TERMINATED for HTCondor Node COLLECT (170253.22.0) {07/07/26 02:37:01}
07/07/26 02:37:01 Number of idle job procs: 2
07/07/26 02:37:01 Node COLLECT job proc (170253.22.0) completed successfully.
07/07/26 02:37:26 Currently monitoring 1 HTCondor log file(s)
07/07/26 02:37:26 Event: ULOG_EXECUTE for HTCondor Node COLLECT (170253.39.0) {07/07/26 02:37:24}
07/07/26 02:37:26 Number of idle job procs: 1
07/07/26 02:37:26 Event: ULOG_EXECUTE for HTCondor Node COLLECT (170253.38.0) {07/07/26 02:37:24}
07/07/26 02:37:26 Number of idle job procs: 0
07/07/26 02:38:21 Currently monitoring 1 HTCondor log file(s)
07/07/26 02:38:21 Event: ULOG_JOB_TERMINATED for HTCondor Node COLLECT (170253.18.0) {07/07/26 02:38:16}
07/07/26 02:38:21 Number of idle job procs: 0
07/07/26 02:38:21 Node COLLECT job proc (170253.18.0) completed successfully.
07/07/26 02:43:01 Total jobs placed to AP: 40
07/07/26 02:43:01      Idle     Held     Running     Successful     Failed
07/07/26 02:43:01       ===      ===         ===            ===        ===
07/07/26 02:43:01         0        0          24             16          0
07/07/26 02:45:31 Currently monitoring 1 HTCondor log file(s)
07/07/26 02:45:31 Event: ULOG_JOB_TERMINATED for HTCondor Node COLLECT (170253.23.0) {07/07/26 02:45:28}
07/07/26 02:45:31 Number of idle job procs: 0
07/07/26 02:45:31 Node COLLECT job proc (170253.23.0) completed successfully.
07/07/26 02:46:21 Currently monitoring 1 HTCondor log file(s)
07/07/26 02:46:21 Event: ULOG_JOB_TERMINATED for HTCondor Node COLLECT (170253.24.0) {07/07/26 02:46:17}
07/07/26 02:46:21 Number of idle job procs: 0
07/07/26 02:46:21 Node COLLECT job proc (170253.24.0) completed successfully.
07/07/26 02:54:41 Currently monitoring 1 HTCondor log file(s)
07/07/26 02:54:41 Event: ULOG_JOB_TERMINATED for HTCondor Node COLLECT (170253.25.0) {07/07/26 02:54:40}
07/07/26 02:54:41 Number of idle job procs: 0
07/07/26 02:54:41 Node COLLECT job proc (170253.25.0) completed successfully.
07/07/26 02:56:51 Currently monitoring 1 HTCondor log file(s)
07/07/26 02:56:51 Event: ULOG_JOB_TERMINATED for HTCondor Node COLLECT (170253.26.0) {07/07/26 02:56:47}
07/07/26 02:56:51 Number of idle job procs: 0
07/07/26 02:56:51 Node COLLECT job proc (170253.26.0) completed successfully.
07/07/26 02:57:51 Currently monitoring 1 HTCondor log file(s)
07/07/26 02:57:51 Event: ULOG_JOB_TERMINATED for HTCondor Node COLLECT (170253.27.0) {07/07/26 02:57:50}
07/07/26 02:57:51 Number of idle job procs: 0
07/07/26 02:57:51 Node COLLECT job proc (170253.27.0) completed successfully.
07/07/26 02:58:01 Total jobs placed to AP: 40
07/07/26 02:58:01      Idle     Held     Running     Successful     Failed
07/07/26 02:58:01       ===      ===         ===            ===        ===
07/07/26 02:58:01         0        0          19             21          0
07/07/26 02:59:12 Currently monitoring 1 HTCondor log file(s)
07/07/26 02:59:12 Event: ULOG_JOB_TERMINATED for HTCondor Node COLLECT (170253.30.0) {07/07/26 02:59:10}
07/07/26 02:59:12 Number of idle job procs: 0
07/07/26 02:59:12 Node COLLECT job proc (170253.30.0) completed successfully.
07/07/26 03:01:02 Currently monitoring 1 HTCondor log file(s)
07/07/26 03:01:02 Event: ULOG_JOB_TERMINATED for HTCondor Node COLLECT (170253.29.0) {07/07/26 03:00:58}
07/07/26 03:01:02 Number of idle job procs: 0
07/07/26 03:01:02 Node COLLECT job proc (170253.29.0) completed successfully.
07/07/26 03:02:07 Currently monitoring 1 HTCondor log file(s)
07/07/26 03:02:07 Event: ULOG_JOB_TERMINATED for HTCondor Node COLLECT (170253.28.0) {07/07/26 03:02:06}
07/07/26 03:02:07 Number of idle job procs: 0
07/07/26 03:02:07 Node COLLECT job proc (170253.28.0) completed successfully.
07/07/26 03:04:17 Currently monitoring 1 HTCondor log file(s)
07/07/26 03:04:17 Event: ULOG_JOB_TERMINATED for HTCondor Node COLLECT (170253.31.0) {07/07/26 03:04:14}
07/07/26 03:04:17 Number of idle job procs: 0
07/07/26 03:04:17 Node COLLECT job proc (170253.31.0) completed successfully.
07/07/26 03:05:17 Currently monitoring 1 HTCondor log file(s)
07/07/26 03:05:17 Event: ULOG_JOB_TERMINATED for HTCondor Node COLLECT (170253.32.0) {07/07/26 03:05:14}
07/07/26 03:05:17 Number of idle job procs: 0
07/07/26 03:05:17 Node COLLECT job proc (170253.32.0) completed successfully.
07/07/26 03:13:02 Total jobs placed to AP: 40
07/07/26 03:13:02      Idle     Held     Running     Successful     Failed
07/07/26 03:13:02       ===      ===         ===            ===        ===
07/07/26 03:13:02         0        0          14             26          0
07/07/26 03:15:17 600 seconds since last log event
07/07/26 03:15:17 Pending DAG nodes:
07/07/26 03:15:17   Node COLLECT, HTCondor ID 170253, status STATUS_SUBMITTED
07/07/26 03:22:03 Currently monitoring 1 HTCondor log file(s)
07/07/26 03:22:03 Event: ULOG_JOB_TERMINATED for HTCondor Node COLLECT (170253.10.0) {07/07/26 03:22:01}
07/07/26 03:22:03 Number of idle job procs: 0
07/07/26 03:22:03 Node COLLECT job proc (170253.10.0) completed successfully.
07/07/26 03:22:08 Currently monitoring 1 HTCondor log file(s)
07/07/26 03:22:08 Event: ULOG_JOB_TERMINATED for HTCondor Node COLLECT (170253.15.0) {07/07/26 03:22:05}
07/07/26 03:22:08 Number of idle job procs: 0
07/07/26 03:22:08 Node COLLECT job proc (170253.15.0) completed successfully.
07/07/26 03:25:28 Currently monitoring 1 HTCondor log file(s)
07/07/26 03:25:28 Event: ULOG_JOB_TERMINATED for HTCondor Node COLLECT (170253.36.0) {07/07/26 03:25:26}
07/07/26 03:25:28 Number of idle job procs: 0
07/07/26 03:25:28 Node COLLECT job proc (170253.36.0) completed successfully.
07/07/26 03:25:58 Currently monitoring 1 HTCondor log file(s)
07/07/26 03:25:58 Event: ULOG_JOB_TERMINATED for HTCondor Node COLLECT (170253.39.0) {07/07/26 03:25:53}
07/07/26 03:25:58 Number of idle job procs: 0
07/07/26 03:25:58 Node COLLECT job proc (170253.39.0) completed successfully.
07/07/26 03:26:03 Currently monitoring 1 HTCondor log file(s)
07/07/26 03:26:03 Event: ULOG_JOB_TERMINATED for HTCondor Node COLLECT (170253.33.0) {07/07/26 03:26:01}
07/07/26 03:26:03 Number of idle job procs: 0
07/07/26 03:26:03 Node COLLECT job proc (170253.33.0) completed successfully.
07/07/26 03:28:03 Total jobs placed to AP: 40
07/07/26 03:28:03      Idle     Held     Running     Successful     Failed
07/07/26 03:28:03       ===      ===         ===            ===        ===
07/07/26 03:28:03         0        0           9             31          0
07/07/26 03:28:58 Currently monitoring 1 HTCondor log file(s)
07/07/26 03:28:58 Event: ULOG_JOB_TERMINATED for HTCondor Node COLLECT (170253.8.0) {07/07/26 03:28:58}
07/07/26 03:28:58 Number of idle job procs: 0
07/07/26 03:28:58 Node COLLECT job proc (170253.8.0) completed successfully.
07/07/26 03:29:08 Currently monitoring 1 HTCondor log file(s)
07/07/26 03:29:08 Event: ULOG_JOB_TERMINATED for HTCondor Node COLLECT (170253.35.0) {07/07/26 03:29:07}
07/07/26 03:29:08 Number of idle job procs: 0
07/07/26 03:29:08 Node COLLECT job proc (170253.35.0) completed successfully.
07/07/26 03:29:48 Currently monitoring 1 HTCondor log file(s)
07/07/26 03:29:48 Event: ULOG_JOB_TERMINATED for HTCondor Node COLLECT (170253.38.0) {07/07/26 03:29:45}
07/07/26 03:29:48 Number of idle job procs: 0
07/07/26 03:29:48 Node COLLECT job proc (170253.38.0) completed successfully.
07/07/26 03:31:08 Currently monitoring 1 HTCondor log file(s)
07/07/26 03:31:08 Event: ULOG_JOB_TERMINATED for HTCondor Node COLLECT (170253.19.0) {07/07/26 03:31:07}
07/07/26 03:31:08 Number of idle job procs: 0
07/07/26 03:31:08 Node COLLECT job proc (170253.19.0) completed successfully.
07/07/26 03:31:28 Currently monitoring 1 HTCondor log file(s)
07/07/26 03:31:28 Event: ULOG_JOB_TERMINATED for HTCondor Node COLLECT (170253.7.0) {07/07/26 03:31:25}
07/07/26 03:31:28 Number of idle job procs: 0
07/07/26 03:31:28 Node COLLECT job proc (170253.7.0) completed successfully.
07/07/26 03:31:58 Currently monitoring 1 HTCondor log file(s)
07/07/26 03:31:58 Event: ULOG_JOB_TERMINATED for HTCondor Node COLLECT (170253.34.0) {07/07/26 03:31:57}
07/07/26 03:31:58 Number of idle job procs: 0
07/07/26 03:31:58 Node COLLECT job proc (170253.34.0) completed successfully.
07/07/26 03:32:08 Currently monitoring 1 HTCondor log file(s)
07/07/26 03:32:08 Event: ULOG_JOB_TERMINATED for HTCondor Node COLLECT (170253.11.0) {07/07/26 03:32:07}
07/07/26 03:32:08 Number of idle job procs: 0
07/07/26 03:32:08 Node COLLECT job proc (170253.11.0) completed successfully.
07/07/26 03:32:18 Currently monitoring 1 HTCondor log file(s)
07/07/26 03:32:18 Event: ULOG_JOB_TERMINATED for HTCondor Node COLLECT (170253.12.0) {07/07/26 03:32:18}
07/07/26 03:32:18 Number of idle job procs: 0
07/07/26 03:32:18 Node COLLECT job proc (170253.12.0) completed successfully.
07/07/26 03:42:19 601 seconds since last log event
07/07/26 03:42:19 Pending DAG nodes:
07/07/26 03:42:19   Node COLLECT, HTCondor ID 170253, status STATUS_SUBMITTED
07/07/26 03:43:04 Total jobs placed to AP: 40
07/07/26 03:43:04      Idle     Held     Running     Successful     Failed
07/07/26 03:43:04       ===      ===         ===            ===        ===
07/07/26 03:43:04         0        0           1             39          0
07/07/26 03:43:14 Currently monitoring 1 HTCondor log file(s)
07/07/26 03:43:14 Event: ULOG_JOB_TERMINATED for HTCondor Node COLLECT (170253.37.0) {07/07/26 03:43:14}
07/07/26 03:43:14 Number of idle job procs: 0
07/07/26 03:43:14 Node COLLECT job proc (170253.37.0) completed successfully.
07/07/26 03:43:14 Node COLLECT job(s) have exited the queue
07/07/26 03:43:14 DAG status: 0 (DAG_STATUS_OK)
07/07/26 03:43:14 Of 5 nodes total:
07/07/26 03:43:14  Done     Pre   Queued    Post   Ready   Un-Ready   Failed   Futile
07/07/26 03:43:14   ===     ===      ===     ===     ===        ===      ===      ===
07/07/26 03:43:14     1       0        0       0       1          3        0        0
07/07/26 03:43:14 0 job proc(s) currently held
07/07/26 03:43:14 DAGMan Runtime Statistics: [EventCycleTimeAvg=0.014; EventCycleTimeMax=23.080; EventCycleTimeMin=0.000; EventCycleTimeStd=0.417; EventCycleTimeSum=93.549; SleepCycleTimeAvg=5.014; SleepCycleTimeMax=30.127; SleepCycleTimeMin=4.004; SleepCycleTimeStd=0.385; SleepCycleTimeSum=34147.932; SubmitCycleTimeAvg=0.000; SubmitCycleTimeMax=0.419; SubmitCycleTimeMin=0.000; SubmitCycleTimeStd=0.005; SubmitCycleTimeSum=0.423; EventCycleTimeCount=6811.000; SleepCycleTimeCount=6811.000; SubmitCycleTimeCount=6812.000; LogProcessCycleTimeAvg=0.005; LogProcessCycleTimeMax=0.079; LogProcessCycleTimeMin=0.002; LogProcessCycleTimeStd=0.010; LogProcessCycleTimeSum=0.302; LogProcessCycleTimeCount=64.000; ]
07/07/26 03:43:19 Submitting HTCondor Node MERGE_COLLECTION job(s)...
07/07/26 03:43:19 Submitting node MERGE_COLLECTION from file transport_linetrack_80_40_action_shield_merge_collection.sub using direct job submission
07/07/26 03:43:19 	assigned HTCondor ID (170312.0.0)
07/07/26 03:43:19 Just submitted 1 job this cycle...
07/07/26 03:43:19 DAG status: 0 (DAG_STATUS_OK)
07/07/26 03:43:19 Of 5 nodes total:
07/07/26 03:43:19  Done     Pre   Queued    Post   Ready   Un-Ready   Failed   Futile
07/07/26 03:43:19   ===     ===      ===     ===     ===        ===      ===      ===
07/07/26 03:43:19     1       0        1       0       0          3        0        0
07/07/26 03:43:19 0 job proc(s) currently held
07/07/26 03:43:19 DAGMan Runtime Statistics: [EventCycleTimeAvg=0.014; EventCycleTimeMax=23.080; EventCycleTimeMin=0.000; EventCycleTimeStd=0.417; EventCycleTimeSum=93.556; SleepCycleTimeAvg=5.014; SleepCycleTimeMax=30.127; SleepCycleTimeMin=4.004; SleepCycleTimeStd=0.385; SleepCycleTimeSum=34152.937; SubmitCycleTimeAvg=0.000; SubmitCycleTimeMax=0.419; SubmitCycleTimeMin=0.000; SubmitCycleTimeStd=0.005; SubmitCycleTimeSum=0.478; EventCycleTimeCount=6812.000; SleepCycleTimeCount=6812.000; SubmitCycleTimeCount=6813.000; LogProcessCycleTimeAvg=0.005; LogProcessCycleTimeMax=0.079; LogProcessCycleTimeMin=0.002; LogProcessCycleTimeStd=0.010; LogProcessCycleTimeSum=0.302; LogProcessCycleTimeCount=64.000; ]
07/07/26 03:43:24 Currently monitoring 1 HTCondor log file(s)
07/07/26 03:43:24 Reassigning the id of job MERGE_COLLECTION from (170312.0.0) to (170312.0.0)
07/07/26 03:43:24 Event: ULOG_SUBMIT for HTCondor Node MERGE_COLLECTION (170312.0.0) {07/07/26 03:43:19}
07/07/26 03:43:24 Number of idle job procs: 1
07/07/26 03:53:25 601 seconds since last log event
07/07/26 03:53:25 Pending DAG nodes:
07/07/26 03:53:25   Node MERGE_COLLECTION, HTCondor ID 170312, status STATUS_SUBMITTED
07/07/26 03:58:05 Total jobs placed to AP: 41
07/07/26 03:58:05      Idle     Held     Running     Successful     Failed
07/07/26 03:58:05       ===      ===         ===            ===        ===
07/07/26 03:58:05         1        0           0             40          0
07/07/26 04:03:25 1201 seconds since last log event
07/07/26 04:03:25 Pending DAG nodes:
07/07/26 04:03:25   Node MERGE_COLLECTION, HTCondor ID 170312, status STATUS_SUBMITTED
07/07/26 04:13:06 Total jobs placed to AP: 41
07/07/26 04:13:06      Idle     Held     Running     Successful     Failed
07/07/26 04:13:06       ===      ===         ===            ===        ===
07/07/26 04:13:06         1        0           0             40          0
07/07/26 04:13:26 1802 seconds since last log event
07/07/26 04:13:26 Pending DAG nodes:
07/07/26 04:13:26   Node MERGE_COLLECTION, HTCondor ID 170312, status STATUS_SUBMITTED
07/07/26 04:23:26 2402 seconds since last log event
07/07/26 04:23:26 Pending DAG nodes:
07/07/26 04:23:26   Node MERGE_COLLECTION, HTCondor ID 170312, status STATUS_SUBMITTED
07/07/26 04:28:06 Total jobs placed to AP: 41
07/07/26 04:28:06      Idle     Held     Running     Successful     Failed
07/07/26 04:28:06       ===      ===         ===            ===        ===
07/07/26 04:28:06         1        0           0             40          0
07/07/26 04:33:27 3003 seconds since last log event
07/07/26 04:33:27 Pending DAG nodes:
07/07/26 04:33:27   Node MERGE_COLLECTION, HTCondor ID 170312, status STATUS_SUBMITTED
07/07/26 04:43:07 Total jobs placed to AP: 41
07/07/26 04:43:07      Idle     Held     Running     Successful     Failed
07/07/26 04:43:07       ===      ===         ===            ===        ===
07/07/26 04:43:07         1        0           0             40          0
07/07/26 04:43:27 3603 seconds since last log event
07/07/26 04:43:27 Pending DAG nodes:
07/07/26 04:43:27   Node MERGE_COLLECTION, HTCondor ID 170312, status STATUS_SUBMITTED
07/07/26 04:53:28 4204 seconds since last log event
07/07/26 04:53:28 Pending DAG nodes:
07/07/26 04:53:28   Node MERGE_COLLECTION, HTCondor ID 170312, status STATUS_SUBMITTED
07/07/26 04:58:08 Total jobs placed to AP: 41
07/07/26 04:58:08      Idle     Held     Running     Successful     Failed
07/07/26 04:58:08       ===      ===         ===            ===        ===
07/07/26 04:58:08         1        0           0             40          0
07/07/26 05:03:28 4804 seconds since last log event
07/07/26 05:03:28 Pending DAG nodes:
07/07/26 05:03:28   Node MERGE_COLLECTION, HTCondor ID 170312, status STATUS_SUBMITTED
07/07/26 05:13:09 Total jobs placed to AP: 41
07/07/26 05:13:09      Idle     Held     Running     Successful     Failed
07/07/26 05:13:09       ===      ===         ===            ===        ===
07/07/26 05:13:09         1        0           0             40          0
07/07/26 05:13:29 5405 seconds since last log event
07/07/26 05:13:29 Pending DAG nodes:
07/07/26 05:13:29   Node MERGE_COLLECTION, HTCondor ID 170312, status STATUS_SUBMITTED
07/07/26 05:23:29 6005 seconds since last log event
07/07/26 05:23:29 Pending DAG nodes:
07/07/26 05:23:29   Node MERGE_COLLECTION, HTCondor ID 170312, status STATUS_SUBMITTED
07/07/26 05:28:09 Total jobs placed to AP: 41
07/07/26 05:28:09      Idle     Held     Running     Successful     Failed
07/07/26 05:28:09       ===      ===         ===            ===        ===
07/07/26 05:28:09         1        0           0             40          0
07/07/26 05:33:29 6605 seconds since last log event
07/07/26 05:33:29 Pending DAG nodes:
07/07/26 05:33:29   Node MERGE_COLLECTION, HTCondor ID 170312, status STATUS_SUBMITTED
07/07/26 05:43:10 Total jobs placed to AP: 41
07/07/26 05:43:10      Idle     Held     Running     Successful     Failed
07/07/26 05:43:10       ===      ===         ===            ===        ===
07/07/26 05:43:10         1        0           0             40          0
07/07/26 05:43:30 7206 seconds since last log event
07/07/26 05:43:30 Pending DAG nodes:
07/07/26 05:43:30   Node MERGE_COLLECTION, HTCondor ID 170312, status STATUS_SUBMITTED
07/07/26 05:53:30 7806 seconds since last log event
07/07/26 05:53:30 Pending DAG nodes:
07/07/26 05:53:30   Node MERGE_COLLECTION, HTCondor ID 170312, status STATUS_SUBMITTED
07/07/26 05:58:10 Total jobs placed to AP: 41
07/07/26 05:58:10      Idle     Held     Running     Successful     Failed
07/07/26 05:58:10       ===      ===         ===            ===        ===
07/07/26 05:58:10         1        0           0             40          0
07/07/26 06:03:31 8407 seconds since last log event
07/07/26 06:03:31 Pending DAG nodes:
07/07/26 06:03:31   Node MERGE_COLLECTION, HTCondor ID 170312, status STATUS_SUBMITTED
07/07/26 06:13:11 Total jobs placed to AP: 41
07/07/26 06:13:11      Idle     Held     Running     Successful     Failed
07/07/26 06:13:11       ===      ===         ===            ===        ===
07/07/26 06:13:11         1        0           0             40          0
07/07/26 06:13:31 9007 seconds since last log event
07/07/26 06:13:31 Pending DAG nodes:
07/07/26 06:13:31   Node MERGE_COLLECTION, HTCondor ID 170312, status STATUS_SUBMITTED
07/07/26 06:23:31 9607 seconds since last log event
07/07/26 06:23:31 Pending DAG nodes:
07/07/26 06:23:31   Node MERGE_COLLECTION, HTCondor ID 170312, status STATUS_SUBMITTED
07/07/26 06:28:11 Total jobs placed to AP: 41
07/07/26 06:28:11      Idle     Held     Running     Successful     Failed
07/07/26 06:28:11       ===      ===         ===            ===        ===
07/07/26 06:28:11         1        0           0             40          0
07/07/26 06:33:32 10208 seconds since last log event
07/07/26 06:33:32 Pending DAG nodes:
07/07/26 06:33:32   Node MERGE_COLLECTION, HTCondor ID 170312, status STATUS_SUBMITTED
07/07/26 06:43:15 Total jobs placed to AP: 41
07/07/26 06:43:15      Idle     Held     Running     Successful     Failed
07/07/26 06:43:15       ===      ===         ===            ===        ===
07/07/26 06:43:15         1        0           0             40          0
07/07/26 06:43:35 10811 seconds since last log event
07/07/26 06:43:35 Pending DAG nodes:
07/07/26 06:43:35   Node MERGE_COLLECTION, HTCondor ID 170312, status STATUS_SUBMITTED
07/07/26 06:53:36 11412 seconds since last log event
07/07/26 06:53:36 Pending DAG nodes:
07/07/26 06:53:36   Node MERGE_COLLECTION, HTCondor ID 170312, status STATUS_SUBMITTED
07/07/26 06:58:16 Total jobs placed to AP: 41
07/07/26 06:58:16      Idle     Held     Running     Successful     Failed
07/07/26 06:58:16       ===      ===         ===            ===        ===
07/07/26 06:58:16         1        0           0             40          0
07/07/26 07:03:36 12012 seconds since last log event
07/07/26 07:03:36 Pending DAG nodes:
07/07/26 07:03:36   Node MERGE_COLLECTION, HTCondor ID 170312, status STATUS_SUBMITTED
07/07/26 07:13:17 Total jobs placed to AP: 41
07/07/26 07:13:17      Idle     Held     Running     Successful     Failed
07/07/26 07:13:17       ===      ===         ===            ===        ===
07/07/26 07:13:17         1        0           0             40          0
07/07/26 07:13:37 12613 seconds since last log event
07/07/26 07:13:37 Pending DAG nodes:
07/07/26 07:13:37   Node MERGE_COLLECTION, HTCondor ID 170312, status STATUS_SUBMITTED
07/07/26 07:23:37 13213 seconds since last log event
07/07/26 07:23:37 Pending DAG nodes:
07/07/26 07:23:37   Node MERGE_COLLECTION, HTCondor ID 170312, status STATUS_SUBMITTED
07/07/26 07:28:18 Total jobs placed to AP: 41
07/07/26 07:28:18      Idle     Held     Running     Successful     Failed
07/07/26 07:28:18       ===      ===         ===            ===        ===
07/07/26 07:28:18         1        0           0             40          0
07/07/26 07:33:38 13814 seconds since last log event
07/07/26 07:33:38 Pending DAG nodes:
07/07/26 07:33:38   Node MERGE_COLLECTION, HTCondor ID 170312, status STATUS_SUBMITTED
07/07/26 07:43:18 Total jobs placed to AP: 41
07/07/26 07:43:18      Idle     Held     Running     Successful     Failed
07/07/26 07:43:18       ===      ===         ===            ===        ===
07/07/26 07:43:18         1        0           0             40          0
07/07/26 07:43:38 14414 seconds since last log event
07/07/26 07:43:38 Pending DAG nodes:
07/07/26 07:43:38   Node MERGE_COLLECTION, HTCondor ID 170312, status STATUS_SUBMITTED
07/07/26 07:53:39 15015 seconds since last log event
07/07/26 07:53:39 Pending DAG nodes:
07/07/26 07:53:39   Node MERGE_COLLECTION, HTCondor ID 170312, status STATUS_SUBMITTED
07/07/26 07:58:19 Total jobs placed to AP: 41
07/07/26 07:58:19      Idle     Held     Running     Successful     Failed
07/07/26 07:58:19       ===      ===         ===            ===        ===
07/07/26 07:58:19         1        0           0             40          0
07/07/26 08:03:39 15615 seconds since last log event
07/07/26 08:03:39 Pending DAG nodes:
07/07/26 08:03:39   Node MERGE_COLLECTION, HTCondor ID 170312, status STATUS_SUBMITTED
07/07/26 08:13:20 Total jobs placed to AP: 41
07/07/26 08:13:20      Idle     Held     Running     Successful     Failed
07/07/26 08:13:20       ===      ===         ===            ===        ===
07/07/26 08:13:20         1        0           0             40          0
07/07/26 08:13:40 16216 seconds since last log event
07/07/26 08:13:40 Pending DAG nodes:
07/07/26 08:13:40   Node MERGE_COLLECTION, HTCondor ID 170312, status STATUS_SUBMITTED
07/07/26 08:23:41 16817 seconds since last log event
07/07/26 08:23:41 Pending DAG nodes:
07/07/26 08:23:41   Node MERGE_COLLECTION, HTCondor ID 170312, status STATUS_SUBMITTED
07/07/26 08:28:21 Total jobs placed to AP: 41
07/07/26 08:28:21      Idle     Held     Running     Successful     Failed
07/07/26 08:28:21       ===      ===         ===            ===        ===
07/07/26 08:28:21         1        0           0             40          0
07/07/26 08:33:41 17417 seconds since last log event
07/07/26 08:33:41 Pending DAG nodes:
07/07/26 08:33:41   Node MERGE_COLLECTION, HTCondor ID 170312, status STATUS_SUBMITTED
07/07/26 08:43:22 Total jobs placed to AP: 41
07/07/26 08:43:22      Idle     Held     Running     Successful     Failed
07/07/26 08:43:22       ===      ===         ===            ===        ===
07/07/26 08:43:22         1        0           0             40          0
07/07/26 08:43:42 18018 seconds since last log event
07/07/26 08:43:42 Pending DAG nodes:
07/07/26 08:43:42   Node MERGE_COLLECTION, HTCondor ID 170312, status STATUS_SUBMITTED
07/07/26 08:53:42 18618 seconds since last log event
07/07/26 08:53:42 Pending DAG nodes:
07/07/26 08:53:42   Node MERGE_COLLECTION, HTCondor ID 170312, status STATUS_SUBMITTED
07/07/26 08:58:22 Total jobs placed to AP: 41
07/07/26 08:58:22      Idle     Held     Running     Successful     Failed
07/07/26 08:58:22       ===      ===         ===            ===        ===
07/07/26 08:58:22         1        0           0             40          0
07/07/26 09:03:43 19219 seconds since last log event
07/07/26 09:03:43 Pending DAG nodes:
07/07/26 09:03:43   Node MERGE_COLLECTION, HTCondor ID 170312, status STATUS_SUBMITTED
07/07/26 09:13:23 Total jobs placed to AP: 41
07/07/26 09:13:23      Idle     Held     Running     Successful     Failed
07/07/26 09:13:23       ===      ===         ===            ===        ===
07/07/26 09:13:23         1        0           0             40          0
07/07/26 09:13:43 19819 seconds since last log event
07/07/26 09:13:43 Pending DAG nodes:
07/07/26 09:13:43   Node MERGE_COLLECTION, HTCondor ID 170312, status STATUS_SUBMITTED
07/07/26 09:23:44 20420 seconds since last log event
07/07/26 09:23:44 Pending DAG nodes:
07/07/26 09:23:44   Node MERGE_COLLECTION, HTCondor ID 170312, status STATUS_SUBMITTED
07/07/26 09:28:24 Total jobs placed to AP: 41
07/07/26 09:28:24      Idle     Held     Running     Successful     Failed
07/07/26 09:28:24       ===      ===         ===            ===        ===
07/07/26 09:28:24         1        0           0             40          0
07/07/26 09:33:44 21020 seconds since last log event
07/07/26 09:33:44 Pending DAG nodes:
07/07/26 09:33:44   Node MERGE_COLLECTION, HTCondor ID 170312, status STATUS_SUBMITTED
07/07/26 09:43:25 Total jobs placed to AP: 41
07/07/26 09:43:25      Idle     Held     Running     Successful     Failed
07/07/26 09:43:25       ===      ===         ===            ===        ===
07/07/26 09:43:25         1        0           0             40          0
07/07/26 09:43:45 21621 seconds since last log event
07/07/26 09:43:45 Pending DAG nodes:
07/07/26 09:43:45   Node MERGE_COLLECTION, HTCondor ID 170312, status STATUS_SUBMITTED
07/07/26 09:53:45 22221 seconds since last log event
07/07/26 09:53:45 Pending DAG nodes:
07/07/26 09:53:45   Node MERGE_COLLECTION, HTCondor ID 170312, status STATUS_SUBMITTED
07/07/26 09:58:26 Total jobs placed to AP: 41
07/07/26 09:58:26      Idle     Held     Running     Successful     Failed
07/07/26 09:58:26       ===      ===         ===            ===        ===
07/07/26 09:58:26         1        0           0             40          0
07/07/26 10:03:46 22822 seconds since last log event
07/07/26 10:03:46 Pending DAG nodes:
07/07/26 10:03:46   Node MERGE_COLLECTION, HTCondor ID 170312, status STATUS_SUBMITTED
07/07/26 10:13:26 Total jobs placed to AP: 41
07/07/26 10:13:26      Idle     Held     Running     Successful     Failed
07/07/26 10:13:26       ===      ===         ===            ===        ===
07/07/26 10:13:26         1        0           0             40          0
07/07/26 10:13:46 23422 seconds since last log event
07/07/26 10:13:46 Pending DAG nodes:
07/07/26 10:13:46   Node MERGE_COLLECTION, HTCondor ID 170312, status STATUS_SUBMITTED
07/07/26 10:23:47 24023 seconds since last log event
07/07/26 10:23:47 Pending DAG nodes:
07/07/26 10:23:47   Node MERGE_COLLECTION, HTCondor ID 170312, status STATUS_SUBMITTED
07/07/26 10:28:27 Total jobs placed to AP: 41
07/07/26 10:28:27      Idle     Held     Running     Successful     Failed
07/07/26 10:28:27       ===      ===         ===            ===        ===
07/07/26 10:28:27         1        0           0             40          0
07/07/26 10:33:48 24624 seconds since last log event
07/07/26 10:33:48 Pending DAG nodes:
07/07/26 10:33:48   Node MERGE_COLLECTION, HTCondor ID 170312, status STATUS_SUBMITTED
07/07/26 10:43:28 Total jobs placed to AP: 41
07/07/26 10:43:28      Idle     Held     Running     Successful     Failed
07/07/26 10:43:28       ===      ===         ===            ===        ===
07/07/26 10:43:28         1        0           0             40          0
07/07/26 10:43:48 25224 seconds since last log event
07/07/26 10:43:48 Pending DAG nodes:
07/07/26 10:43:48   Node MERGE_COLLECTION, HTCondor ID 170312, status STATUS_SUBMITTED
07/07/26 10:53:49 25825 seconds since last log event
07/07/26 10:53:49 Pending DAG nodes:
07/07/26 10:53:49   Node MERGE_COLLECTION, HTCondor ID 170312, status STATUS_SUBMITTED
07/07/26 10:58:29 Total jobs placed to AP: 41
07/07/26 10:58:29      Idle     Held     Running     Successful     Failed
07/07/26 10:58:29       ===      ===         ===            ===        ===
07/07/26 10:58:29         1        0           0             40          0
07/07/26 11:03:49 26425 seconds since last log event
07/07/26 11:03:49 Pending DAG nodes:
07/07/26 11:03:49   Node MERGE_COLLECTION, HTCondor ID 170312, status STATUS_SUBMITTED
07/07/26 11:13:30 Total jobs placed to AP: 41
07/07/26 11:13:30      Idle     Held     Running     Successful     Failed
07/07/26 11:13:30       ===      ===         ===            ===        ===
07/07/26 11:13:30         1        0           0             40          0
07/07/26 11:13:50 27026 seconds since last log event
07/07/26 11:13:50 Pending DAG nodes:
07/07/26 11:13:50   Node MERGE_COLLECTION, HTCondor ID 170312, status STATUS_SUBMITTED
07/07/26 11:23:50 27626 seconds since last log event
07/07/26 11:23:50 Pending DAG nodes:
07/07/26 11:23:50   Node MERGE_COLLECTION, HTCondor ID 170312, status STATUS_SUBMITTED
07/07/26 11:28:30 Total jobs placed to AP: 41
07/07/26 11:28:30      Idle     Held     Running     Successful     Failed
07/07/26 11:28:30       ===      ===         ===            ===        ===
07/07/26 11:28:30         1        0           0             40          0
07/07/26 11:33:50 28226 seconds since last log event
07/07/26 11:33:50 Pending DAG nodes:
07/07/26 11:33:50   Node MERGE_COLLECTION, HTCondor ID 170312, status STATUS_SUBMITTED
07/07/26 11:43:30 Total jobs placed to AP: 41
07/07/26 11:43:30      Idle     Held     Running     Successful     Failed
07/07/26 11:43:30       ===      ===         ===            ===        ===
07/07/26 11:43:30         1        0           0             40          0
07/07/26 11:43:50 28826 seconds since last log event
07/07/26 11:43:50 Pending DAG nodes:
07/07/26 11:43:50   Node MERGE_COLLECTION, HTCondor ID 170312, status STATUS_SUBMITTED
07/07/26 11:43:50 Querying local schedd for associated jobs in queue
07/07/26 11:43:50 All pending job states validated
07/07/26 11:53:51 29427 seconds since last log event
07/07/26 11:53:51 Pending DAG nodes:
07/07/26 11:53:51   Node MERGE_COLLECTION, HTCondor ID 170312, status STATUS_SUBMITTED
07/07/26 11:58:31 Total jobs placed to AP: 41
07/07/26 11:58:31      Idle     Held     Running     Successful     Failed
07/07/26 11:58:31       ===      ===         ===            ===        ===
07/07/26 11:58:31         1        0           0             40          0
07/07/26 12:03:51 30027 seconds since last log event
07/07/26 12:03:51 Pending DAG nodes:
07/07/26 12:03:51   Node MERGE_COLLECTION, HTCondor ID 170312, status STATUS_SUBMITTED
07/07/26 12:13:32 Total jobs placed to AP: 41
07/07/26 12:13:32      Idle     Held     Running     Successful     Failed
07/07/26 12:13:32       ===      ===         ===            ===        ===
07/07/26 12:13:32         1        0           0             40          0
07/07/26 12:13:52 30628 seconds since last log event
07/07/26 12:13:52 Pending DAG nodes:
07/07/26 12:13:52   Node MERGE_COLLECTION, HTCondor ID 170312, status STATUS_SUBMITTED
07/07/26 12:23:52 31228 seconds since last log event
07/07/26 12:23:52 Pending DAG nodes:
07/07/26 12:23:52   Node MERGE_COLLECTION, HTCondor ID 170312, status STATUS_SUBMITTED
07/07/26 12:28:33 Total jobs placed to AP: 41
07/07/26 12:28:33      Idle     Held     Running     Successful     Failed
07/07/26 12:28:33       ===      ===         ===            ===        ===
07/07/26 12:28:33         1        0           0             40          0
07/07/26 12:33:53 31829 seconds since last log event
07/07/26 12:33:53 Pending DAG nodes:
07/07/26 12:33:53   Node MERGE_COLLECTION, HTCondor ID 170312, status STATUS_SUBMITTED
07/07/26 12:43:34 Total jobs placed to AP: 41
07/07/26 12:43:34      Idle     Held     Running     Successful     Failed
07/07/26 12:43:34       ===      ===         ===            ===        ===
07/07/26 12:43:34         1        0           0             40          0
07/07/26 12:43:54 32430 seconds since last log event
07/07/26 12:43:54 Pending DAG nodes:
07/07/26 12:43:54   Node MERGE_COLLECTION, HTCondor ID 170312, status STATUS_SUBMITTED
07/07/26 12:53:54 33030 seconds since last log event
07/07/26 12:53:54 Pending DAG nodes:
07/07/26 12:53:54   Node MERGE_COLLECTION, HTCondor ID 170312, status STATUS_SUBMITTED
07/07/26 12:58:34 Total jobs placed to AP: 41
07/07/26 12:58:34      Idle     Held     Running     Successful     Failed
07/07/26 12:58:34       ===      ===         ===            ===        ===
07/07/26 12:58:34         1        0           0             40          0
07/07/26 13:03:55 33631 seconds since last log event
07/07/26 13:03:55 Pending DAG nodes:
07/07/26 13:03:55   Node MERGE_COLLECTION, HTCondor ID 170312, status STATUS_SUBMITTED
07/07/26 13:13:35 Total jobs placed to AP: 41
07/07/26 13:13:35      Idle     Held     Running     Successful     Failed
07/07/26 13:13:35       ===      ===         ===            ===        ===
07/07/26 13:13:35         1        0           0             40          0
07/07/26 13:13:55 34231 seconds since last log event
07/07/26 13:13:55 Pending DAG nodes:
07/07/26 13:13:55   Node MERGE_COLLECTION, HTCondor ID 170312, status STATUS_SUBMITTED
07/07/26 13:23:56 34832 seconds since last log event
07/07/26 13:23:56 Pending DAG nodes:
07/07/26 13:23:56   Node MERGE_COLLECTION, HTCondor ID 170312, status STATUS_SUBMITTED
07/07/26 13:28:36 Total jobs placed to AP: 41
07/07/26 13:28:36      Idle     Held     Running     Successful     Failed
07/07/26 13:28:36       ===      ===         ===            ===        ===
07/07/26 13:28:36         1        0           0             40          0
07/07/26 13:33:57 35433 seconds since last log event
07/07/26 13:33:57 Pending DAG nodes:
07/07/26 13:33:57   Node MERGE_COLLECTION, HTCondor ID 170312, status STATUS_SUBMITTED
07/07/26 13:43:37 Total jobs placed to AP: 41
07/07/26 13:43:37      Idle     Held     Running     Successful     Failed
07/07/26 13:43:37       ===      ===         ===            ===        ===
07/07/26 13:43:37         1        0           0             40          0
07/07/26 13:43:57 36033 seconds since last log event
07/07/26 13:43:57 Pending DAG nodes:
07/07/26 13:43:57   Node MERGE_COLLECTION, HTCondor ID 170312, status STATUS_SUBMITTED
07/07/26 13:53:58 36634 seconds since last log event
07/07/26 13:53:58 Pending DAG nodes:
07/07/26 13:53:58   Node MERGE_COLLECTION, HTCondor ID 170312, status STATUS_SUBMITTED
07/07/26 13:58:38 Total jobs placed to AP: 41
07/07/26 13:58:38      Idle     Held     Running     Successful     Failed
07/07/26 13:58:38       ===      ===         ===            ===        ===
07/07/26 13:58:38         1        0           0             40          0
07/07/26 14:03:58 37234 seconds since last log event
07/07/26 14:03:58 Pending DAG nodes:
07/07/26 14:03:58   Node MERGE_COLLECTION, HTCondor ID 170312, status STATUS_SUBMITTED
07/07/26 14:13:39 Total jobs placed to AP: 41
07/07/26 14:13:39      Idle     Held     Running     Successful     Failed
07/07/26 14:13:39       ===      ===         ===            ===        ===
07/07/26 14:13:39         1        0           0             40          0
07/07/26 14:13:59 37835 seconds since last log event
07/07/26 14:13:59 Pending DAG nodes:
07/07/26 14:13:59   Node MERGE_COLLECTION, HTCondor ID 170312, status STATUS_SUBMITTED
07/07/26 14:23:59 38435 seconds since last log event
07/07/26 14:23:59 Pending DAG nodes:
07/07/26 14:23:59   Node MERGE_COLLECTION, HTCondor ID 170312, status STATUS_SUBMITTED
07/07/26 14:28:39 Total jobs placed to AP: 41
07/07/26 14:28:39      Idle     Held     Running     Successful     Failed
07/07/26 14:28:39       ===      ===         ===            ===        ===
07/07/26 14:28:39         1        0           0             40          0
07/07/26 14:34:00 39036 seconds since last log event
07/07/26 14:34:00 Pending DAG nodes:
07/07/26 14:34:00   Node MERGE_COLLECTION, HTCondor ID 170312, status STATUS_SUBMITTED
07/07/26 14:43:40 Total jobs placed to AP: 41
07/07/26 14:43:40      Idle     Held     Running     Successful     Failed
07/07/26 14:43:40       ===      ===         ===            ===        ===
07/07/26 14:43:40         1        0           0             40          0
07/07/26 14:44:00 39636 seconds since last log event
07/07/26 14:44:00 Pending DAG nodes:
07/07/26 14:44:00   Node MERGE_COLLECTION, HTCondor ID 170312, status STATUS_SUBMITTED
07/07/26 14:54:01 40237 seconds since last log event
07/07/26 14:54:01 Pending DAG nodes:
07/07/26 14:54:01   Node MERGE_COLLECTION, HTCondor ID 170312, status STATUS_SUBMITTED
07/07/26 14:58:41 Total jobs placed to AP: 41
07/07/26 14:58:41      Idle     Held     Running     Successful     Failed
07/07/26 14:58:41       ===      ===         ===            ===        ===
07/07/26 14:58:41         1        0           0             40          0
07/07/26 15:04:01 40837 seconds since last log event
07/07/26 15:04:01 Pending DAG nodes:
07/07/26 15:04:01   Node MERGE_COLLECTION, HTCondor ID 170312, status STATUS_SUBMITTED
07/07/26 15:13:42 Total jobs placed to AP: 41
07/07/26 15:13:42      Idle     Held     Running     Successful     Failed
07/07/26 15:13:42       ===      ===         ===            ===        ===
07/07/26 15:13:42         1        0           0             40          0
07/07/26 15:14:02 41438 seconds since last log event
07/07/26 15:14:02 Pending DAG nodes:
07/07/26 15:14:02   Node MERGE_COLLECTION, HTCondor ID 170312, status STATUS_SUBMITTED
07/07/26 15:24:02 42038 seconds since last log event
07/07/26 15:24:02 Pending DAG nodes:
07/07/26 15:24:02   Node MERGE_COLLECTION, HTCondor ID 170312, status STATUS_SUBMITTED
07/07/26 15:28:42 Total jobs placed to AP: 41
07/07/26 15:28:42      Idle     Held     Running     Successful     Failed
07/07/26 15:28:42       ===      ===         ===            ===        ===
07/07/26 15:28:42         1        0           0             40          0
07/07/26 15:34:03 42639 seconds since last log event
07/07/26 15:34:03 Pending DAG nodes:
07/07/26 15:34:03   Node MERGE_COLLECTION, HTCondor ID 170312, status STATUS_SUBMITTED
07/07/26 15:43:43 Total jobs placed to AP: 41
07/07/26 15:43:43      Idle     Held     Running     Successful     Failed
07/07/26 15:43:43       ===      ===         ===            ===        ===
07/07/26 15:43:43         1        0           0             40          0
07/07/26 15:44:03 43239 seconds since last log event
07/07/26 15:44:03 Pending DAG nodes:
07/07/26 15:44:03   Node MERGE_COLLECTION, HTCondor ID 170312, status STATUS_SUBMITTED
07/07/26 15:54:04 43840 seconds since last log event
07/07/26 15:54:04 Pending DAG nodes:
07/07/26 15:54:04   Node MERGE_COLLECTION, HTCondor ID 170312, status STATUS_SUBMITTED
07/07/26 15:58:44 Total jobs placed to AP: 41
07/07/26 15:58:44      Idle     Held     Running     Successful     Failed
07/07/26 15:58:44       ===      ===         ===            ===        ===
07/07/26 15:58:44         1        0           0             40          0
07/07/26 16:04:04 44440 seconds since last log event
07/07/26 16:04:04 Pending DAG nodes:
07/07/26 16:04:04   Node MERGE_COLLECTION, HTCondor ID 170312, status STATUS_SUBMITTED
07/07/26 16:13:45 Total jobs placed to AP: 41
07/07/26 16:13:45      Idle     Held     Running     Successful     Failed
07/07/26 16:13:45       ===      ===         ===            ===        ===
07/07/26 16:13:45         1        0           0             40          0
07/07/26 16:14:05 45041 seconds since last log event
07/07/26 16:14:05 Pending DAG nodes:
07/07/26 16:14:05   Node MERGE_COLLECTION, HTCondor ID 170312, status STATUS_SUBMITTED
07/07/26 16:24:05 45641 seconds since last log event
07/07/26 16:24:05 Pending DAG nodes:
07/07/26 16:24:05   Node MERGE_COLLECTION, HTCondor ID 170312, status STATUS_SUBMITTED
07/07/26 16:28:46 Total jobs placed to AP: 41
07/07/26 16:28:46      Idle     Held     Running     Successful     Failed
07/07/26 16:28:46       ===      ===         ===            ===        ===
07/07/26 16:28:46         1        0           0             40          0
07/07/26 16:34:06 46242 seconds since last log event
07/07/26 16:34:06 Pending DAG nodes:
07/07/26 16:34:06   Node MERGE_COLLECTION, HTCondor ID 170312, status STATUS_SUBMITTED
07/07/26 16:43:46 Total jobs placed to AP: 41
07/07/26 16:43:46      Idle     Held     Running     Successful     Failed
07/07/26 16:43:46       ===      ===         ===            ===        ===
07/07/26 16:43:46         1        0           0             40          0
07/07/26 16:44:06 46842 seconds since last log event
07/07/26 16:44:06 Pending DAG nodes:
07/07/26 16:44:06   Node MERGE_COLLECTION, HTCondor ID 170312, status STATUS_SUBMITTED
07/07/26 16:54:07 47443 seconds since last log event
07/07/26 16:54:07 Pending DAG nodes:
07/07/26 16:54:07   Node MERGE_COLLECTION, HTCondor ID 170312, status STATUS_SUBMITTED
07/07/26 16:58:47 Total jobs placed to AP: 41
07/07/26 16:58:47      Idle     Held     Running     Successful     Failed
07/07/26 16:58:47       ===      ===         ===            ===        ===
07/07/26 16:58:47         1        0           0             40          0
07/07/26 17:04:07 48043 seconds since last log event
07/07/26 17:04:07 Pending DAG nodes:
07/07/26 17:04:07   Node MERGE_COLLECTION, HTCondor ID 170312, status STATUS_SUBMITTED
07/07/26 17:13:48 Total jobs placed to AP: 41
07/07/26 17:13:48      Idle     Held     Running     Successful     Failed
07/07/26 17:13:48       ===      ===         ===            ===        ===
07/07/26 17:13:48         1        0           0             40          0
07/07/26 17:14:08 48644 seconds since last log event
07/07/26 17:14:08 Pending DAG nodes:
07/07/26 17:14:08   Node MERGE_COLLECTION, HTCondor ID 170312, status STATUS_SUBMITTED
07/07/26 17:24:09 49245 seconds since last log event
07/07/26 17:24:09 Pending DAG nodes:
07/07/26 17:24:09   Node MERGE_COLLECTION, HTCondor ID 170312, status STATUS_SUBMITTED
07/07/26 17:28:49 Total jobs placed to AP: 41
07/07/26 17:28:49      Idle     Held     Running     Successful     Failed
07/07/26 17:28:49       ===      ===         ===            ===        ===
07/07/26 17:28:49         1        0           0             40          0
07/07/26 17:34:09 49845 seconds since last log event
07/07/26 17:34:09 Pending DAG nodes:
07/07/26 17:34:09   Node MERGE_COLLECTION, HTCondor ID 170312, status STATUS_SUBMITTED
07/07/26 17:43:49 Total jobs placed to AP: 41
07/07/26 17:43:49      Idle     Held     Running     Successful     Failed
07/07/26 17:43:49       ===      ===         ===            ===        ===
07/07/26 17:43:49         1        0           0             40          0
07/07/26 17:44:09 50445 seconds since last log event
07/07/26 17:44:09 Pending DAG nodes:
07/07/26 17:44:09   Node MERGE_COLLECTION, HTCondor ID 170312, status STATUS_SUBMITTED
07/07/26 17:54:09 51045 seconds since last log event
07/07/26 17:54:09 Pending DAG nodes:
07/07/26 17:54:09   Node MERGE_COLLECTION, HTCondor ID 170312, status STATUS_SUBMITTED
07/07/26 17:58:49 Total jobs placed to AP: 41
07/07/26 17:58:49      Idle     Held     Running     Successful     Failed
07/07/26 17:58:49       ===      ===         ===            ===        ===
07/07/26 17:58:49         1        0           0             40          0
07/07/26 18:01:02 ******************************************************
07/07/26 18:01:02 ** condor_scheduniv_exec.170248.0 (CONDOR_DAGMAN) STARTING UP
07/07/26 18:01:02 ** /usr/bin/condor_dagman
07/07/26 18:01:02 ** SubsystemInfo: name=DAGMAN type=DAGMAN(9) class=CLIENT(2)
07/07/26 18:01:02 ** Configuration: subsystem:DAGMAN local:<NONE> class:CLIENT
07/07/26 18:01:02 ** $CondorVersion: 24.12.19 2026-04-15 BuildID: 896241 PackageID: 24.12.19-1+deb12 GitSHA: c68f3e0e $
07/07/26 18:01:02 ** $CondorPlatform: X86_64-Debian_12 $
07/07/26 18:01:02 ** PID = 589470 RealUID = 1620002036
07/07/26 18:01:02 ** Log last touched 7/7 17:59:24
07/07/26 18:01:02 ******************************************************
07/07/26 18:01:02 Using config source: /etc/condor/condor_config
07/07/26 18:01:02 Using local config sources: 
07/07/26 18:01:02    /etc/condor/config.d/01-submit.conf
07/07/26 18:01:02    /etc/condor/config.d/10-stash-plugin.conf
07/07/26 18:01:02    /etc/condor/config.d/23-network.config
07/07/26 18:01:02    /etc/condor/config.d/31-mail.conf
07/07/26 18:01:02    /etc/condor/config.d/35-cc-sync.conf
07/07/26 18:01:02    /etc/condor/config.d/41-periodic-remove.conf
07/07/26 18:01:02    /etc/condor/config.d/49-common.conf
07/07/26 18:01:02    /etc/condor/config.d/52-group-mapping.conf
07/07/26 18:01:02    /etc/condor/config.d/54-container.conf
07/07/26 18:01:02    /etc/condor/config.d/67-submit-transforms.conf
07/07/26 18:01:02    /etc/condor/config.d/71-submit-requirements.conf
07/07/26 18:01:02    /etc/condor/condor_config.local
07/07/26 18:01:02 config Macros = 110, Sorted = 110, StringBytes = 6389, TablesBytes = 4088
07/07/26 18:01:02 CLASSAD_CACHING is ENABLED
07/07/26 18:01:02 Daemon Log is logging: D_ALWAYS D_ERROR D_STATUS
07/07/26 18:01:02 Daemoncore: Listening at <0.0.0.0:13051> on TCP (ReliSock) and UDP (SafeSock).
07/07/26 18:01:02 DaemonCore: command socket at <10.143.248.60:13051?addrs=10.143.248.60-13051&alias=conduit.hpc.uni-saarland.de>
07/07/26 18:01:02 DaemonCore: private command socket at <10.143.248.60:13051?addrs=10.143.248.60-13051&alias=conduit.hpc.uni-saarland.de>
07/07/26 18:01:02 DAGMAN_USE_STRICT setting: 1
07/07/26 18:01:02 DAGMAN_VERBOSITY setting: 3
07/07/26 18:01:02 DAGMAN_DEBUG_CACHE_SIZE setting: 5242880
07/07/26 18:01:02 DAGMAN_DEBUG_CACHE_ENABLE setting: False
07/07/26 18:01:02 DAGMAN_SUBMIT_DELAY setting: 0
07/07/26 18:01:02 DAGMAN_MAX_SUBMIT_ATTEMPTS setting: 6
07/07/26 18:01:02 DAGMAN_STARTUP_CYCLE_DETECT setting: False
07/07/26 18:01:02 DAGMAN_USE_JOIN_NODES setting: True
07/07/26 18:01:02 DAGMAN_REPORT_GRAPH_METRICS setting: False
07/07/26 18:01:02 DAGMAN_MAX_SUBMITS_PER_INTERVAL setting: 100
07/07/26 18:01:02 DAGMAN_AGGRESSIVE_SUBMIT setting: False
07/07/26 18:01:02 DAGMAN_USER_LOG_SCAN_INTERVAL setting: 5
07/07/26 18:01:02 DAGMAN_QUEUE_UPDATE_INTERVAL setting: 300.000000
07/07/26 18:01:02 DAGMAN_DEFAULT_PRIORITY setting: 0
07/07/26 18:01:02 DAGMAN_SUPPRESS_NOTIFICATION setting: False
07/07/26 18:01:02 allow_events (DAGMAN_ALLOW_EVENTS) setting: 114
07/07/26 18:01:02 DAGMAN_RETRY_SUBMIT_FIRST setting: True
07/07/26 18:01:02 DAGMAN_RETRY_NODE_FIRST setting: False
07/07/26 18:01:02 DAGMAN_MAX_JOBS_IDLE setting: 1000
07/07/26 18:01:02 DAGMAN_MAX_JOBS_SUBMITTED setting: 0
07/07/26 18:01:02 DAGMAN_MAX_PRE_SCRIPTS setting: 20
07/07/26 18:01:02 DAGMAN_MAX_POST_SCRIPTS setting: 20
07/07/26 18:01:02 DAGMAN_MAX_HOLD_SCRIPTS setting: 20
07/07/26 18:01:02 DAGMAN_MUNGE_NODE_NAMES setting: True
07/07/26 18:01:02 DAGMAN_ALLOW_ANY_NODE_NAME_CHARACTERS setting: False
07/07/26 18:01:02 DAGMAN_PROHIBIT_MULTI_JOBS setting: False
07/07/26 18:01:02 DAGMAN_SUBMIT_DEPTH_FIRST setting: False
07/07/26 18:01:02 DAGMAN_ALWAYS_RUN_POST setting: False
07/07/26 18:01:02 DAGMAN_CONDOR_SUBMIT_EXE setting: /usr/bin/condor_submit
07/07/26 18:01:02 DAGMAN_CONDOR_RM_EXE setting: /usr/bin/condor_rm
07/07/26 18:01:02 DAGMAN_USE_DIRECT_SUBMIT setting: True
07/07/26 18:01:02 DAGMAN_PRODUCE_JOB_CREDENTIALS setting: True
07/07/26 18:01:02 DAGMAN_DEFAULT_APPEND_VARS setting: False
07/07/26 18:01:02 DAGMAN_INHERIT_ATTRS_PREFIX setting: 
07/07/26 18:01:02 DAGMAN_INHERIT_ATTRS setting: 
07/07/26 18:01:02 DAGMAN_ABORT_DUPLICATES setting: True
07/07/26 18:01:02 DAGMAN_ABORT_ON_SCARY_SUBMIT setting: True
07/07/26 18:01:02 DAGMAN_PENDING_REPORT_INTERVAL setting: 600
07/07/26 18:01:02 DAGMAN_CHECK_QUEUE_INTERVAL setting: 28800
07/07/26 18:01:02 DAGMAN_PRINT_JOB_TABLE_INTERVAL setting: 900
07/07/26 18:01:02 DAGMAN_AUTO_RESCUE setting: True
07/07/26 18:01:02 DAGMAN_MAX_RESCUE_NUM setting: 100
07/07/26 18:01:02 DAGMAN_WRITE_PARTIAL_RESCUE setting: True
07/07/26 18:01:02 DAGMAN_RESET_RETRIES_UPON_RESCUE setting: True
07/07/26 18:01:02 DAGMAN_METRICS_FILE_VERSION setting: 2
07/07/26 18:01:02 DAGMAN_DEFAULT_NODE_LOG setting: @(DAG_DIR)/@(DAG_FILE).nodes.log
07/07/26 18:01:02 DAGMAN_LOG_ON_NFS_IS_ERROR setting: False
07/07/26 18:01:02 DAGMAN_GENERATE_SUBDAG_SUBMITS setting: True
07/07/26 18:01:02 DAGMAN_MAX_JOB_HOLDS setting: 100
07/07/26 18:01:02 DAGMAN_NODE_JOB_FAILURE_TOLERANCE setting: 0
07/07/26 18:01:02 DAGMAN_HOLD_CLAIM_TIME setting: 20
07/07/26 18:01:02 DAGMAN_SUPPRESS_JOB_LOGS setting: False
07/07/26 18:01:02 DAGMAN_REMOVE_NODE_JOBS setting: True
07/07/26 18:01:02 DAGMAN_PUT_FAILED_JOBS_ON_HOLD setting: False
07/07/26 18:01:02 DAGMAN_REMOVE_JOBS_AFTER_LIMIT_CHANGE setting: False
07/07/26 18:01:02 DAGMAN will adjust edges after parsing
07/07/26 18:01:02 argv[0] == "condor_scheduniv_exec.170248.0"
07/07/26 18:01:02 argv[1] == "-Lockfile"
07/07/26 18:01:02 argv[2] == "transport_linetrack_80_40_action_shield.dag.lock"
07/07/26 18:01:02 argv[3] == "-Dag"
07/07/26 18:01:02 argv[4] == "transport_linetrack_80_40_action_shield.dag"
07/07/26 18:01:02 argv[5] == "-CsdVersion"
07/07/26 18:01:02 argv[6] == "$CondorVersion: 24.12.19 2026-04-15 BuildID: 896241 PackageID: 24.12.19-1+deb12 GitSHA: c68f3e0e $"
07/07/26 18:01:02 argv[7] == "-dagman"
07/07/26 18:01:02 argv[8] == "/usr/bin/condor_dagman"
07/07/26 18:01:02 argv[9] == "-AutoRescue"
07/07/26 18:01:02 argv[10] == "1"
07/07/26 18:01:02 argv[11] == "-DoRescueFrom"
07/07/26 18:01:02 argv[12] == "0"
07/07/26 18:01:02 Can't open directory "/etc/condor/passwords.d" as PRIV_ROOT, errno: 13 (Permission denied)
07/07/26 18:01:02 Can't open directory "/etc/condor/passwords.d" as PRIV_ROOT, errno: 13 (Permission denied)
07/07/26 18:01:05 Workflow batch-id: <170248.0>
07/07/26 18:01:05 Workflow batch-name: <transport_linetrack_80_40_action_shield.dag+170248>
07/07/26 18:01:05 Workflow accounting_group: <teaching>
07/07/26 18:01:05 Workflow accounting_group_user: <atml_team041>
07/07/26 18:01:05 Warning: failed to get attribute DAGNodeName
07/07/26 18:01:05 Default node log file is: </home/atml_team041/condor_tutorial/jani_env/experiments/repair_wo_domain/submissions/action_shield/transport_linetrack/./transport_linetrack_80_40_action_shield.dag.nodes.log>
07/07/26 18:01:05 DAG Lockfile will be written to transport_linetrack_80_40_action_shield.dag.lock
07/07/26 18:01:05 DAG Input file is transport_linetrack_80_40_action_shield.dag
07/07/26 18:01:05 Parsing 1 dagfiles
07/07/26 18:01:05 Parsing transport_linetrack_80_40_action_shield.dag ...
07/07/26 18:01:05 Adjusting edges
07/07/26 18:01:05 Found rescue DAG number 2; running transport_linetrack_80_40_action_shield.dag.rescue002 in combination with normal DAG file
07/07/26 18:01:05 ~~~~~~~~~~~~~~~~~~~~~~~~~~~~~~~~~~~~~~~~~~~~~~~~~~~~~~
07/07/26 18:01:05 USING RESCUE DAG transport_linetrack_80_40_action_shield.dag.rescue002
07/07/26 18:01:05 Dag contains 5 total nodes
07/07/26 18:01:05 Lock file transport_linetrack_80_40_action_shield.dag.lock detected,
07/07/26 18:01:05 Duplicate DAGMan PID 35828 is no longer alive; this DAGMan should continue.
07/07/26 18:01:05 Bootstrapping...
07/07/26 18:01:05 Number of pre-completed nodes: 0
07/07/26 18:01:05 Running in RECOVERY mode... >>>>>>>>>>>>>>>>>>>>>>>>>>>>>>
07/07/26 18:01:05 Currently monitoring 1 HTCondor log file(s)
07/07/26 18:01:05 Event: ULOG_SUBMIT for HTCondor Node COLLECT (170253.0.0) {07/06/26 18:12:33} [recovery mode]
07/07/26 18:01:05 Number of idle job procs: 1
07/07/26 18:01:05 Reassigning the id of job COLLECT from (170253.0.0) to (170253.1.0)
07/07/26 18:01:05 Event: ULOG_SUBMIT for HTCondor Node COLLECT (170253.1.0) {07/06/26 18:12:33} [recovery mode]
07/07/26 18:01:05 Number of idle job procs: 2
07/07/26 18:01:05 Reassigning the id of job COLLECT from (170253.1.0) to (170253.10.0)
07/07/26 18:01:05 Event: ULOG_SUBMIT for HTCondor Node COLLECT (170253.10.0) {07/06/26 18:12:33} [recovery mode]
07/07/26 18:01:05 Number of idle job procs: 3
07/07/26 18:01:05 Reassigning the id of job COLLECT from (170253.10.0) to (170253.11.0)
07/07/26 18:01:05 Event: ULOG_SUBMIT for HTCondor Node COLLECT (170253.11.0) {07/06/26 18:12:33} [recovery mode]
07/07/26 18:01:05 Number of idle job procs: 4
07/07/26 18:01:05 Reassigning the id of job COLLECT from (170253.11.0) to (170253.12.0)
07/07/26 18:01:05 Event: ULOG_SUBMIT for HTCondor Node COLLECT (170253.12.0) {07/06/26 18:12:33} [recovery mode]
07/07/26 18:01:05 Number of idle job procs: 5
07/07/26 18:01:05 Reassigning the id of job COLLECT from (170253.12.0) to (170253.13.0)
07/07/26 18:01:05 Event: ULOG_SUBMIT for HTCondor Node COLLECT (170253.13.0) {07/06/26 18:12:33} [recovery mode]
07/07/26 18:01:05 Number of idle job procs: 6
07/07/26 18:01:05 Reassigning the id of job COLLECT from (170253.13.0) to (170253.14.0)
07/07/26 18:01:05 Event: ULOG_SUBMIT for HTCondor Node COLLECT (170253.14.0) {07/06/26 18:12:33} [recovery mode]
07/07/26 18:01:05 Number of idle job procs: 7
07/07/26 18:01:05 Reassigning the id of job COLLECT from (170253.14.0) to (170253.15.0)
07/07/26 18:01:05 Event: ULOG_SUBMIT for HTCondor Node COLLECT (170253.15.0) {07/06/26 18:12:33} [recovery mode]
07/07/26 18:01:05 Number of idle job procs: 8
07/07/26 18:01:05 Reassigning the id of job COLLECT from (170253.15.0) to (170253.16.0)
07/07/26 18:01:05 Event: ULOG_SUBMIT for HTCondor Node COLLECT (170253.16.0) {07/06/26 18:12:33} [recovery mode]
07/07/26 18:01:05 Number of idle job procs: 9
07/07/26 18:01:05 Reassigning the id of job COLLECT from (170253.16.0) to (170253.17.0)
07/07/26 18:01:05 Event: ULOG_SUBMIT for HTCondor Node COLLECT (170253.17.0) {07/06/26 18:12:33} [recovery mode]
07/07/26 18:01:05 Number of idle job procs: 10
07/07/26 18:01:05 Reassigning the id of job COLLECT from (170253.17.0) to (170253.18.0)
07/07/26 18:01:05 Event: ULOG_SUBMIT for HTCondor Node COLLECT (170253.18.0) {07/06/26 18:12:33} [recovery mode]
07/07/26 18:01:05 Number of idle job procs: 11
07/07/26 18:01:05 Reassigning the id of job COLLECT from (170253.18.0) to (170253.19.0)
07/07/26 18:01:05 Event: ULOG_SUBMIT for HTCondor Node COLLECT (170253.19.0) {07/06/26 18:12:33} [recovery mode]
07/07/26 18:01:05 Number of idle job procs: 12
07/07/26 18:01:05 Reassigning the id of job COLLECT from (170253.19.0) to (170253.2.0)
07/07/26 18:01:05 Event: ULOG_SUBMIT for HTCondor Node COLLECT (170253.2.0) {07/06/26 18:12:33} [recovery mode]
07/07/26 18:01:05 Number of idle job procs: 13
07/07/26 18:01:05 Reassigning the id of job COLLECT from (170253.2.0) to (170253.20.0)
07/07/26 18:01:05 Event: ULOG_SUBMIT for HTCondor Node COLLECT (170253.20.0) {07/06/26 18:12:33} [recovery mode]
07/07/26 18:01:05 Number of idle job procs: 14
07/07/26 18:01:05 Reassigning the id of job COLLECT from (170253.20.0) to (170253.21.0)
07/07/26 18:01:05 Event: ULOG_SUBMIT for HTCondor Node COLLECT (170253.21.0) {07/06/26 18:12:33} [recovery mode]
07/07/26 18:01:05 Number of idle job procs: 15
07/07/26 18:01:05 Reassigning the id of job COLLECT from (170253.21.0) to (170253.22.0)
07/07/26 18:01:05 Event: ULOG_SUBMIT for HTCondor Node COLLECT (170253.22.0) {07/06/26 18:12:33} [recovery mode]
07/07/26 18:01:05 Number of idle job procs: 16
07/07/26 18:01:05 Reassigning the id of job COLLECT from (170253.22.0) to (170253.23.0)
07/07/26 18:01:05 Event: ULOG_SUBMIT for HTCondor Node COLLECT (170253.23.0) {07/06/26 18:12:33} [recovery mode]
07/07/26 18:01:05 Number of idle job procs: 17
07/07/26 18:01:05 Reassigning the id of job COLLECT from (170253.23.0) to (170253.24.0)
07/07/26 18:01:05 Event: ULOG_SUBMIT for HTCondor Node COLLECT (170253.24.0) {07/06/26 18:12:33} [recovery mode]
07/07/26 18:01:05 Number of idle job procs: 18
07/07/26 18:01:05 Reassigning the id of job COLLECT from (170253.24.0) to (170253.25.0)
07/07/26 18:01:05 Event: ULOG_SUBMIT for HTCondor Node COLLECT (170253.25.0) {07/06/26 18:12:33} [recovery mode]
07/07/26 18:01:05 Number of idle job procs: 19
07/07/26 18:01:05 Reassigning the id of job COLLECT from (170253.25.0) to (170253.26.0)
07/07/26 18:01:05 Event: ULOG_SUBMIT for HTCondor Node COLLECT (170253.26.0) {07/06/26 18:12:33} [recovery mode]
07/07/26 18:01:05 Number of idle job procs: 20
07/07/26 18:01:05 Reassigning the id of job COLLECT from (170253.26.0) to (170253.27.0)
07/07/26 18:01:05 Event: ULOG_SUBMIT for HTCondor Node COLLECT (170253.27.0) {07/06/26 18:12:33} [recovery mode]
07/07/26 18:01:05 Number of idle job procs: 21
07/07/26 18:01:05 Reassigning the id of job COLLECT from (170253.27.0) to (170253.28.0)
07/07/26 18:01:05 Event: ULOG_SUBMIT for HTCondor Node COLLECT (170253.28.0) {07/06/26 18:12:33} [recovery mode]
07/07/26 18:01:05 Number of idle job procs: 22
07/07/26 18:01:05 Reassigning the id of job COLLECT from (170253.28.0) to (170253.29.0)
07/07/26 18:01:05 Event: ULOG_SUBMIT for HTCondor Node COLLECT (170253.29.0) {07/06/26 18:12:33} [recovery mode]
07/07/26 18:01:05 Number of idle job procs: 23
07/07/26 18:01:05 Reassigning the id of job COLLECT from (170253.29.0) to (170253.3.0)
07/07/26 18:01:05 Event: ULOG_SUBMIT for HTCondor Node COLLECT (170253.3.0) {07/06/26 18:12:33} [recovery mode]
07/07/26 18:01:05 Number of idle job procs: 24
07/07/26 18:01:05 Reassigning the id of job COLLECT from (170253.3.0) to (170253.30.0)
07/07/26 18:01:05 Event: ULOG_SUBMIT for HTCondor Node COLLECT (170253.30.0) {07/06/26 18:12:33} [recovery mode]
07/07/26 18:01:05 Number of idle job procs: 25
07/07/26 18:01:05 Reassigning the id of job COLLECT from (170253.30.0) to (170253.31.0)
07/07/26 18:01:05 Event: ULOG_SUBMIT for HTCondor Node COLLECT (170253.31.0) {07/06/26 18:12:33} [recovery mode]
07/07/26 18:01:05 Number of idle job procs: 26
07/07/26 18:01:05 Reassigning the id of job COLLECT from (170253.31.0) to (170253.32.0)
07/07/26 18:01:05 Event: ULOG_SUBMIT for HTCondor Node COLLECT (170253.32.0) {07/06/26 18:12:33} [recovery mode]
07/07/26 18:01:05 Number of idle job procs: 27
07/07/26 18:01:05 Reassigning the id of job COLLECT from (170253.32.0) to (170253.33.0)
07/07/26 18:01:05 Event: ULOG_SUBMIT for HTCondor Node COLLECT (170253.33.0) {07/06/26 18:12:33} [recovery mode]
07/07/26 18:01:05 Number of idle job procs: 28
07/07/26 18:01:05 Reassigning the id of job COLLECT from (170253.33.0) to (170253.34.0)
07/07/26 18:01:05 Event: ULOG_SUBMIT for HTCondor Node COLLECT (170253.34.0) {07/06/26 18:12:33} [recovery mode]
07/07/26 18:01:05 Number of idle job procs: 29
07/07/26 18:01:05 Reassigning the id of job COLLECT from (170253.34.0) to (170253.35.0)
07/07/26 18:01:05 Event: ULOG_SUBMIT for HTCondor Node COLLECT (170253.35.0) {07/06/26 18:12:33} [recovery mode]
07/07/26 18:01:05 Number of idle job procs: 30
07/07/26 18:01:05 Reassigning the id of job COLLECT from (170253.35.0) to (170253.36.0)
07/07/26 18:01:05 Event: ULOG_SUBMIT for HTCondor Node COLLECT (170253.36.0) {07/06/26 18:12:33} [recovery mode]
07/07/26 18:01:05 Number of idle job procs: 31
07/07/26 18:01:05 Reassigning the id of job COLLECT from (170253.36.0) to (170253.37.0)
07/07/26 18:01:05 Event: ULOG_SUBMIT for HTCondor Node COLLECT (170253.37.0) {07/06/26 18:12:33} [recovery mode]
07/07/26 18:01:05 Number of idle job procs: 32
07/07/26 18:01:05 Reassigning the id of job COLLECT from (170253.37.0) to (170253.38.0)
07/07/26 18:01:05 Event: ULOG_SUBMIT for HTCondor Node COLLECT (170253.38.0) {07/06/26 18:12:33} [recovery mode]
07/07/26 18:01:05 Number of idle job procs: 33
07/07/26 18:01:05 Reassigning the id of job COLLECT from (170253.38.0) to (170253.39.0)
07/07/26 18:01:05 Event: ULOG_SUBMIT for HTCondor Node COLLECT (170253.39.0) {07/06/26 18:12:33} [recovery mode]
07/07/26 18:01:05 Number of idle job procs: 34
07/07/26 18:01:05 Reassigning the id of job COLLECT from (170253.39.0) to (170253.4.0)
07/07/26 18:01:05 Event: ULOG_SUBMIT for HTCondor Node COLLECT (170253.4.0) {07/06/26 18:12:33} [recovery mode]
07/07/26 18:01:05 Number of idle job procs: 35
07/07/26 18:01:05 Reassigning the id of job COLLECT from (170253.4.0) to (170253.5.0)
07/07/26 18:01:05 Event: ULOG_SUBMIT for HTCondor Node COLLECT (170253.5.0) {07/06/26 18:12:33} [recovery mode]
07/07/26 18:01:05 Number of idle job procs: 36
07/07/26 18:01:05 Reassigning the id of job COLLECT from (170253.5.0) to (170253.6.0)
07/07/26 18:01:05 Event: ULOG_SUBMIT for HTCondor Node COLLECT (170253.6.0) {07/06/26 18:12:33} [recovery mode]
07/07/26 18:01:05 Number of idle job procs: 37
07/07/26 18:01:05 Reassigning the id of job COLLECT from (170253.6.0) to (170253.7.0)
07/07/26 18:01:05 Event: ULOG_SUBMIT for HTCondor Node COLLECT (170253.7.0) {07/06/26 18:12:33} [recovery mode]
07/07/26 18:01:05 Number of idle job procs: 38
07/07/26 18:01:05 Reassigning the id of job COLLECT from (170253.7.0) to (170253.8.0)
07/07/26 18:01:05 Event: ULOG_SUBMIT for HTCondor Node COLLECT (170253.8.0) {07/06/26 18:12:33} [recovery mode]
07/07/26 18:01:05 Number of idle job procs: 39
07/07/26 18:01:05 Reassigning the id of job COLLECT from (170253.8.0) to (170253.9.0)
07/07/26 18:01:05 Event: ULOG_SUBMIT for HTCondor Node COLLECT (170253.9.0) {07/06/26 18:12:33} [recovery mode]
07/07/26 18:01:05 Number of idle job procs: 40
07/07/26 18:01:05 Event: ULOG_EXECUTE for HTCondor Node COLLECT (170253.0.0) {07/07/26 01:13:54} [recovery mode]
07/07/26 18:01:05 Number of idle job procs: 39
07/07/26 18:01:05 Event: ULOG_EXECUTE for HTCondor Node COLLECT (170253.1.0) {07/07/26 01:14:43} [recovery mode]
07/07/26 18:01:05 Number of idle job procs: 38
07/07/26 18:01:05 Event: ULOG_EXECUTE for HTCondor Node COLLECT (170253.2.0) {07/07/26 01:14:43} [recovery mode]
07/07/26 18:01:05 Number of idle job procs: 37
07/07/26 18:01:05 Event: ULOG_EXECUTE for HTCondor Node COLLECT (170253.3.0) {07/07/26 01:15:44} [recovery mode]
07/07/26 18:01:05 Number of idle job procs: 36
07/07/26 18:01:05 Event: ULOG_EXECUTE for HTCondor Node COLLECT (170253.4.0) {07/07/26 01:15:44} [recovery mode]
07/07/26 18:01:05 Number of idle job procs: 35
07/07/26 18:01:05 Event: ULOG_EXECUTE for HTCondor Node COLLECT (170253.5.0) {07/07/26 01:16:44} [recovery mode]
07/07/26 18:01:05 Number of idle job procs: 34
07/07/26 18:01:05 Event: ULOG_EXECUTE for HTCondor Node COLLECT (170253.6.0) {07/07/26 01:17:43} [recovery mode]
07/07/26 18:01:05 Number of idle job procs: 33
07/07/26 18:01:05 Event: ULOG_EXECUTE for HTCondor Node COLLECT (170253.7.0) {07/07/26 01:36:25} [recovery mode]
07/07/26 18:01:05 Number of idle job procs: 32
07/07/26 18:01:05 Event: ULOG_EXECUTE for HTCondor Node COLLECT (170253.9.0) {07/07/26 01:36:25} [recovery mode]
07/07/26 18:01:05 Number of idle job procs: 31
07/07/26 18:01:05 Event: ULOG_EXECUTE for HTCondor Node COLLECT (170253.11.0) {07/07/26 01:36:25} [recovery mode]
07/07/26 18:01:05 Number of idle job procs: 30
07/07/26 18:01:05 Event: ULOG_EXECUTE for HTCondor Node COLLECT (170253.10.0) {07/07/26 01:36:25} [recovery mode]
07/07/26 18:01:05 Number of idle job procs: 29
07/07/26 18:01:05 Event: ULOG_EXECUTE for HTCondor Node COLLECT (170253.8.0) {07/07/26 01:36:25} [recovery mode]
07/07/26 18:01:05 Number of idle job procs: 28
07/07/26 18:01:05 Event: ULOG_EXECUTE for HTCondor Node COLLECT (170253.13.0) {07/07/26 01:37:25} [recovery mode]
07/07/26 18:01:05 Number of idle job procs: 27
07/07/26 18:01:05 Event: ULOG_EXECUTE for HTCondor Node COLLECT (170253.12.0) {07/07/26 01:37:25} [recovery mode]
07/07/26 18:01:05 Number of idle job procs: 26
07/07/26 18:01:05 Event: ULOG_EXECUTE for HTCondor Node COLLECT (170253.14.0) {07/07/26 01:39:24} [recovery mode]
07/07/26 18:01:05 Number of idle job procs: 25
07/07/26 18:01:05 Event: ULOG_EXECUTE for HTCondor Node COLLECT (170253.15.0) {07/07/26 01:40:25} [recovery mode]
07/07/26 18:01:05 Number of idle job procs: 24
07/07/26 18:01:05 Event: ULOG_EXECUTE for HTCondor Node COLLECT (170253.18.0) {07/07/26 01:41:25} [recovery mode]
07/07/26 18:01:05 Number of idle job procs: 23
07/07/26 18:01:05 Event: ULOG_EXECUTE for HTCondor Node COLLECT (170253.16.0) {07/07/26 01:41:25} [recovery mode]
07/07/26 18:01:05 Number of idle job procs: 22
07/07/26 18:01:05 Event: ULOG_EXECUTE for HTCondor Node COLLECT (170253.17.0) {07/07/26 01:41:25} [recovery mode]
07/07/26 18:01:05 Number of idle job procs: 21
07/07/26 18:01:05 Event: ULOG_EXECUTE for HTCondor Node COLLECT (170253.19.0) {07/07/26 01:42:24} [recovery mode]
07/07/26 18:01:05 Number of idle job procs: 20
07/07/26 18:01:05 Event: ULOG_EXECUTE for HTCondor Node COLLECT (170253.20.0) {07/07/26 01:48:25} [recovery mode]
07/07/26 18:01:05 Number of idle job procs: 19
07/07/26 18:01:05 Event: ULOG_EXECUTE for HTCondor Node COLLECT (170253.21.0) {07/07/26 01:48:25} [recovery mode]
07/07/26 18:01:05 Number of idle job procs: 18
07/07/26 18:01:05 Event: ULOG_EXECUTE for HTCondor Node COLLECT (170253.22.0) {07/07/26 01:48:25} [recovery mode]
07/07/26 18:01:05 Number of idle job procs: 17
07/07/26 18:01:05 Event: ULOG_EXECUTE for HTCondor Node COLLECT (170253.23.0) {07/07/26 01:50:25} [recovery mode]
07/07/26 18:01:05 Number of idle job procs: 16
07/07/26 18:01:05 Event: ULOG_EXECUTE for HTCondor Node COLLECT (170253.24.0) {07/07/26 01:54:01} [recovery mode]
07/07/26 18:01:05 Number of idle job procs: 15
07/07/26 18:01:05 Event: ULOG_JOB_TERMINATED for HTCondor Node COLLECT (170253.1.0) {07/07/26 02:03:27} [recovery mode]
07/07/26 18:01:05 Number of idle job procs: 15
07/07/26 18:01:05 Node COLLECT job proc (170253.1.0) completed successfully.
07/07/26 18:01:05 Event: ULOG_EXECUTE for HTCondor Node COLLECT (170253.25.0) {07/07/26 02:04:02} [recovery mode]
07/07/26 18:01:05 Number of idle job procs: 14
07/07/26 18:01:05 Event: ULOG_JOB_TERMINATED for HTCondor Node COLLECT (170253.0.0) {07/07/26 02:05:03} [recovery mode]
07/07/26 18:01:05 Number of idle job procs: 14
07/07/26 18:01:05 Node COLLECT job proc (170253.0.0) completed successfully.
07/07/26 18:01:05 Event: ULOG_EXECUTE for HTCondor Node COLLECT (170253.26.0) {07/07/26 02:06:02} [recovery mode]
07/07/26 18:01:05 Number of idle job procs: 13
07/07/26 18:01:05 Event: ULOG_JOB_TERMINATED for HTCondor Node COLLECT (170253.3.0) {07/07/26 02:07:09} [recovery mode]
07/07/26 18:01:05 Number of idle job procs: 13
07/07/26 18:01:05 Node COLLECT job proc (170253.3.0) completed successfully.
07/07/26 18:01:05 Event: ULOG_EXECUTE for HTCondor Node COLLECT (170253.27.0) {07/07/26 02:08:02} [recovery mode]
07/07/26 18:01:05 Number of idle job procs: 12
07/07/26 18:01:05 Event: ULOG_JOB_TERMINATED for HTCondor Node COLLECT (170253.2.0) {07/07/26 02:08:27} [recovery mode]
07/07/26 18:01:05 Number of idle job procs: 12
07/07/26 18:01:05 Node COLLECT job proc (170253.2.0) completed successfully.
07/07/26 18:01:05 Event: ULOG_EXECUTE for HTCondor Node COLLECT (170253.29.0) {07/07/26 02:09:01} [recovery mode]
07/07/26 18:01:05 Number of idle job procs: 11
07/07/26 18:01:05 Event: ULOG_EXECUTE for HTCondor Node COLLECT (170253.28.0) {07/07/26 02:09:01} [recovery mode]
07/07/26 18:01:05 Number of idle job procs: 10
07/07/26 18:01:05 Event: ULOG_JOB_TERMINATED for HTCondor Node COLLECT (170253.5.0) {07/07/26 02:09:24} [recovery mode]
07/07/26 18:01:05 Number of idle job procs: 10
07/07/26 18:01:05 Node COLLECT job proc (170253.5.0) completed successfully.
07/07/26 18:01:05 Event: ULOG_EXECUTE for HTCondor Node COLLECT (170253.30.0) {07/07/26 02:10:02} [recovery mode]
07/07/26 18:01:05 Number of idle job procs: 9
07/07/26 18:01:05 Event: ULOG_JOB_TERMINATED for HTCondor Node COLLECT (170253.4.0) {07/07/26 02:11:23} [recovery mode]
07/07/26 18:01:05 Number of idle job procs: 9
07/07/26 18:01:05 Node COLLECT job proc (170253.4.0) completed successfully.
07/07/26 18:01:05 Event: ULOG_EXECUTE for HTCondor Node COLLECT (170253.31.0) {07/07/26 02:12:01} [recovery mode]
07/07/26 18:01:05 Number of idle job procs: 8
07/07/26 18:01:05 Event: ULOG_JOB_TERMINATED for HTCondor Node COLLECT (170253.6.0) {07/07/26 02:12:53} [recovery mode]
07/07/26 18:01:05 Number of idle job procs: 8
07/07/26 18:01:05 Node COLLECT job proc (170253.6.0) completed successfully.
07/07/26 18:01:05 Event: ULOG_EXECUTE for HTCondor Node COLLECT (170253.32.0) {07/07/26 02:13:01} [recovery mode]
07/07/26 18:01:05 Number of idle job procs: 7
07/07/26 18:01:05 Event: ULOG_JOB_TERMINATED for HTCondor Node COLLECT (170253.14.0) {07/07/26 02:32:15} [recovery mode]
07/07/26 18:01:05 Number of idle job procs: 7
07/07/26 18:01:05 Node COLLECT job proc (170253.14.0) completed successfully.
07/07/26 18:01:05 Event: ULOG_EXECUTE for HTCondor Node COLLECT (170253.33.0) {07/07/26 02:33:24} [recovery mode]
07/07/26 18:01:05 Number of idle job procs: 6
07/07/26 18:01:05 Event: ULOG_JOB_TERMINATED for HTCondor Node COLLECT (170253.13.0) {07/07/26 02:34:26} [recovery mode]
07/07/26 18:01:05 Number of idle job procs: 6
07/07/26 18:01:05 Node COLLECT job proc (170253.13.0) completed successfully.
07/07/26 18:01:05 Event: ULOG_EXECUTE for HTCondor Node COLLECT (170253.34.0) {07/07/26 02:35:25} [recovery mode]
07/07/26 18:01:05 Number of idle job procs: 5
07/07/26 18:01:05 Event: ULOG_JOB_TERMINATED for HTCondor Node COLLECT (170253.9.0) {07/07/26 02:35:48} [recovery mode]
07/07/26 18:01:05 Number of idle job procs: 5
07/07/26 18:01:05 Node COLLECT job proc (170253.9.0) completed successfully.
07/07/26 18:01:05 Event: ULOG_JOB_TERMINATED for HTCondor Node COLLECT (170253.17.0) {07/07/26 02:35:52} [recovery mode]
07/07/26 18:01:05 Number of idle job procs: 5
07/07/26 18:01:05 Node COLLECT job proc (170253.17.0) completed successfully.
07/07/26 18:01:05 Event: ULOG_JOB_TERMINATED for HTCondor Node COLLECT (170253.21.0) {07/07/26 02:36:21} [recovery mode]
07/07/26 18:01:05 Number of idle job procs: 5
07/07/26 18:01:05 Node COLLECT job proc (170253.21.0) completed successfully.
07/07/26 18:01:05 Event: ULOG_EXECUTE for HTCondor Node COLLECT (170253.36.0) {07/07/26 02:36:25} [recovery mode]
07/07/26 18:01:05 Number of idle job procs: 4
07/07/26 18:01:05 Event: ULOG_EXECUTE for HTCondor Node COLLECT (170253.37.0) {07/07/26 02:36:25} [recovery mode]
07/07/26 18:01:05 Number of idle job procs: 3
07/07/26 18:01:05 Event: ULOG_EXECUTE for HTCondor Node COLLECT (170253.35.0) {07/07/26 02:36:25} [recovery mode]
07/07/26 18:01:05 Number of idle job procs: 2
07/07/26 18:01:05 Event: ULOG_JOB_TERMINATED for HTCondor Node COLLECT (170253.20.0) {07/07/26 02:36:52} [recovery mode]
07/07/26 18:01:05 Number of idle job procs: 2
07/07/26 18:01:05 Node COLLECT job proc (170253.20.0) completed successfully.
07/07/26 18:01:05 Event: ULOG_JOB_TERMINATED for HTCondor Node COLLECT (170253.16.0) {07/07/26 02:36:53} [recovery mode]
07/07/26 18:01:05 Number of idle job procs: 2
07/07/26 18:01:05 Node COLLECT job proc (170253.16.0) completed successfully.
07/07/26 18:01:05 Event: ULOG_JOB_TERMINATED for HTCondor Node COLLECT (170253.22.0) {07/07/26 02:37:01} [recovery mode]
07/07/26 18:01:05 Number of idle job procs: 2
07/07/26 18:01:05 Node COLLECT job proc (170253.22.0) completed successfully.
07/07/26 18:01:05 Event: ULOG_EXECUTE for HTCondor Node COLLECT (170253.39.0) {07/07/26 02:37:24} [recovery mode]
07/07/26 18:01:05 Number of idle job procs: 1
07/07/26 18:01:05 Event: ULOG_EXECUTE for HTCondor Node COLLECT (170253.38.0) {07/07/26 02:37:24} [recovery mode]
07/07/26 18:01:05 Number of idle job procs: 0
07/07/26 18:01:05 Event: ULOG_JOB_TERMINATED for HTCondor Node COLLECT (170253.18.0) {07/07/26 02:38:16} [recovery mode]
07/07/26 18:01:05 Number of idle job procs: 0
07/07/26 18:01:05 Node COLLECT job proc (170253.18.0) completed successfully.
07/07/26 18:01:05 Event: ULOG_JOB_TERMINATED for HTCondor Node COLLECT (170253.23.0) {07/07/26 02:45:28} [recovery mode]
07/07/26 18:01:05 Number of idle job procs: 0
07/07/26 18:01:05 Node COLLECT job proc (170253.23.0) completed successfully.
07/07/26 18:01:05 Event: ULOG_JOB_TERMINATED for HTCondor Node COLLECT (170253.24.0) {07/07/26 02:46:17} [recovery mode]
07/07/26 18:01:05 Number of idle job procs: 0
07/07/26 18:01:05 Node COLLECT job proc (170253.24.0) completed successfully.
07/07/26 18:01:05 Event: ULOG_JOB_TERMINATED for HTCondor Node COLLECT (170253.25.0) {07/07/26 02:54:40} [recovery mode]
07/07/26 18:01:05 Number of idle job procs: 0
07/07/26 18:01:05 Node COLLECT job proc (170253.25.0) completed successfully.
07/07/26 18:01:05 Event: ULOG_JOB_TERMINATED for HTCondor Node COLLECT (170253.26.0) {07/07/26 02:56:47} [recovery mode]
07/07/26 18:01:05 Number of idle job procs: 0
07/07/26 18:01:05 Node COLLECT job proc (170253.26.0) completed successfully.
07/07/26 18:01:05 Event: ULOG_JOB_TERMINATED for HTCondor Node COLLECT (170253.27.0) {07/07/26 02:57:50} [recovery mode]
07/07/26 18:01:05 Number of idle job procs: 0
07/07/26 18:01:05 Node COLLECT job proc (170253.27.0) completed successfully.
07/07/26 18:01:05 Event: ULOG_JOB_TERMINATED for HTCondor Node COLLECT (170253.30.0) {07/07/26 02:59:10} [recovery mode]
07/07/26 18:01:05 Number of idle job procs: 0
07/07/26 18:01:05 Node COLLECT job proc (170253.30.0) completed successfully.
07/07/26 18:01:05 Event: ULOG_JOB_TERMINATED for HTCondor Node COLLECT (170253.29.0) {07/07/26 03:00:58} [recovery mode]
07/07/26 18:01:05 Number of idle job procs: 0
07/07/26 18:01:05 Node COLLECT job proc (170253.29.0) completed successfully.
07/07/26 18:01:05 Event: ULOG_JOB_TERMINATED for HTCondor Node COLLECT (170253.28.0) {07/07/26 03:02:06} [recovery mode]
07/07/26 18:01:05 Number of idle job procs: 0
07/07/26 18:01:05 Node COLLECT job proc (170253.28.0) completed successfully.
07/07/26 18:01:05 Event: ULOG_JOB_TERMINATED for HTCondor Node COLLECT (170253.31.0) {07/07/26 03:04:14} [recovery mode]
07/07/26 18:01:05 Number of idle job procs: 0
07/07/26 18:01:05 Node COLLECT job proc (170253.31.0) completed successfully.
07/07/26 18:01:05 Event: ULOG_JOB_TERMINATED for HTCondor Node COLLECT (170253.32.0) {07/07/26 03:05:14} [recovery mode]
07/07/26 18:01:05 Number of idle job procs: 0
07/07/26 18:01:05 Node COLLECT job proc (170253.32.0) completed successfully.
07/07/26 18:01:05 Event: ULOG_JOB_TERMINATED for HTCondor Node COLLECT (170253.10.0) {07/07/26 03:22:01} [recovery mode]
07/07/26 18:01:05 Number of idle job procs: 0
07/07/26 18:01:05 Node COLLECT job proc (170253.10.0) completed successfully.
07/07/26 18:01:05 Event: ULOG_JOB_TERMINATED for HTCondor Node COLLECT (170253.15.0) {07/07/26 03:22:05} [recovery mode]
07/07/26 18:01:05 Number of idle job procs: 0
07/07/26 18:01:05 Node COLLECT job proc (170253.15.0) completed successfully.
07/07/26 18:01:05 Event: ULOG_JOB_TERMINATED for HTCondor Node COLLECT (170253.36.0) {07/07/26 03:25:26} [recovery mode]
07/07/26 18:01:05 Number of idle job procs: 0
07/07/26 18:01:05 Node COLLECT job proc (170253.36.0) completed successfully.
07/07/26 18:01:05 Event: ULOG_JOB_TERMINATED for HTCondor Node COLLECT (170253.39.0) {07/07/26 03:25:53} [recovery mode]
07/07/26 18:01:05 Number of idle job procs: 0
07/07/26 18:01:05 Node COLLECT job proc (170253.39.0) completed successfully.
07/07/26 18:01:05 Event: ULOG_JOB_TERMINATED for HTCondor Node COLLECT (170253.33.0) {07/07/26 03:26:01} [recovery mode]
07/07/26 18:01:05 Number of idle job procs: 0
07/07/26 18:01:05 Node COLLECT job proc (170253.33.0) completed successfully.
07/07/26 18:01:05 Event: ULOG_JOB_TERMINATED for HTCondor Node COLLECT (170253.8.0) {07/07/26 03:28:58} [recovery mode]
07/07/26 18:01:05 Number of idle job procs: 0
07/07/26 18:01:05 Node COLLECT job proc (170253.8.0) completed successfully.
07/07/26 18:01:05 Event: ULOG_JOB_TERMINATED for HTCondor Node COLLECT (170253.35.0) {07/07/26 03:29:07} [recovery mode]
07/07/26 18:01:05 Number of idle job procs: 0
07/07/26 18:01:05 Node COLLECT job proc (170253.35.0) completed successfully.
07/07/26 18:01:05 Event: ULOG_JOB_TERMINATED for HTCondor Node COLLECT (170253.38.0) {07/07/26 03:29:45} [recovery mode]
07/07/26 18:01:06 Number of idle job procs: 0
07/07/26 18:01:06 Node COLLECT job proc (170253.38.0) completed successfully.
07/07/26 18:01:06 Event: ULOG_JOB_TERMINATED for HTCondor Node COLLECT (170253.19.0) {07/07/26 03:31:07} [recovery mode]
07/07/26 18:01:06 Number of idle job procs: 0
07/07/26 18:01:06 Node COLLECT job proc (170253.19.0) completed successfully.
07/07/26 18:01:06 Event: ULOG_JOB_TERMINATED for HTCondor Node COLLECT (170253.7.0) {07/07/26 03:31:25} [recovery mode]
07/07/26 18:01:06 Number of idle job procs: 0
07/07/26 18:01:06 Node COLLECT job proc (170253.7.0) completed successfully.
07/07/26 18:01:06 Event: ULOG_JOB_TERMINATED for HTCondor Node COLLECT (170253.34.0) {07/07/26 03:31:57} [recovery mode]
07/07/26 18:01:06 Number of idle job procs: 0
07/07/26 18:01:06 Node COLLECT job proc (170253.34.0) completed successfully.
07/07/26 18:01:06 Event: ULOG_JOB_TERMINATED for HTCondor Node COLLECT (170253.11.0) {07/07/26 03:32:07} [recovery mode]
07/07/26 18:01:06 Number of idle job procs: 0
07/07/26 18:01:06 Node COLLECT job proc (170253.11.0) completed successfully.
07/07/26 18:01:06 Event: ULOG_JOB_TERMINATED for HTCondor Node COLLECT (170253.12.0) {07/07/26 03:32:18} [recovery mode]
07/07/26 18:01:06 Number of idle job procs: 0
07/07/26 18:01:06 Node COLLECT job proc (170253.12.0) completed successfully.
07/07/26 18:01:06 Event: ULOG_JOB_TERMINATED for HTCondor Node COLLECT (170253.37.0) {07/07/26 03:43:14} [recovery mode]
07/07/26 18:01:06 Number of idle job procs: 0
07/07/26 18:01:06 Node COLLECT job proc (170253.37.0) completed successfully.
07/07/26 18:01:06 Node COLLECT job(s) have exited the queue
07/07/26 18:01:06 Event: ULOG_SUBMIT for HTCondor Node MERGE_COLLECTION (170312.0.0) {07/07/26 03:43:19} [recovery mode]
07/07/26 18:01:06 Number of idle job procs: 1
07/07/26 18:01:06     ------------------------------
07/07/26 18:01:06        HTCondor Recovery Complete
07/07/26 18:01:06     ------------------------------
07/07/26 18:01:06 ...done with RECOVERY mode <<<<<<<<<<<<<<<<<<<<<<<<<<<<<<
07/07/26 18:01:06 1 nodes claim to have jobs submitted to queue. Verifying...
07/07/26 18:01:06 Querying local schedd for associated jobs in queue
07/07/26 18:01:06 All pending job states validated
07/07/26 18:01:06 DAG status: 0 (DAG_STATUS_OK)
07/07/26 18:01:06 Of 5 nodes total:
07/07/26 18:01:06  Done     Pre   Queued    Post   Ready   Un-Ready   Failed   Futile
07/07/26 18:01:06   ===     ===      ===     ===     ===        ===      ===      ===
07/07/26 18:01:06     1       0        1       0       0          3        0        0
07/07/26 18:01:06 0 job proc(s) currently held
07/07/26 18:01:06 DAGMan Runtime Statistics: [EventCycleTimeSum=0.000; SleepCycleTimeSum=0.000; SubmitCycleTimeSum=0.000; EventCycleTimeCount=0.000; SleepCycleTimeCount=0.000; SubmitCycleTimeCount=0.000; LogProcessCycleTimeSum=0.000; LogProcessCycleTimeCount=0.000; ]
07/07/26 18:01:06 DAG status: 0 (DAG_STATUS_OK)
07/07/26 18:01:06 Of 5 nodes total:
07/07/26 18:01:06  Done     Pre   Queued    Post   Ready   Un-Ready   Failed   Futile
07/07/26 18:01:06   ===     ===      ===     ===     ===        ===      ===      ===
07/07/26 18:01:06     1       0        1       0       0          3        0        0
07/07/26 18:01:06 0 job proc(s) currently held
07/07/26 18:01:06 DAGMan Runtime Statistics: [EventCycleTimeSum=0.000; SleepCycleTimeSum=0.000; SubmitCycleTimeSum=0.000; EventCycleTimeCount=0.000; SleepCycleTimeCount=0.000; SubmitCycleTimeCount=0.000; LogProcessCycleTimeSum=0.000; LogProcessCycleTimeCount=0.000; ]
07/07/26 18:01:06 Registering condor_event_timer...
07/07/26 18:01:07 Currently monitoring 1 HTCondor log file(s)
07/07/26 18:01:07 DAG status: 0 (DAG_STATUS_OK)
07/07/26 18:01:07 Of 5 nodes total:
07/07/26 18:01:07  Done     Pre   Queued    Post   Ready   Un-Ready   Failed   Futile
07/07/26 18:01:07   ===     ===      ===     ===     ===        ===      ===      ===
07/07/26 18:01:07     1       0        1       0       0          3        0        0
07/07/26 18:01:07 0 job proc(s) currently held
07/07/26 18:01:07 DAGMan Runtime Statistics: [EventCycleTimeSum=0.000; SleepCycleTimeSum=0.000; SubmitCycleTimeAvg=0.000; SubmitCycleTimeMax=0.000; SubmitCycleTimeMin=0.000; SubmitCycleTimeStd=0.000; SubmitCycleTimeSum=0.000; EventCycleTimeCount=0.000; SleepCycleTimeCount=0.000; SubmitCycleTimeCount=1.000; LogProcessCycleTimeAvg=0.001; LogProcessCycleTimeMax=0.001; LogProcessCycleTimeMin=0.001; LogProcessCycleTimeStd=0.001; LogProcessCycleTimeSum=0.001; LogProcessCycleTimeCount=1.000; ]
07/07/26 18:11:07 600 seconds since last log event
07/07/26 18:11:07 Pending DAG nodes:
07/07/26 18:11:07   Node MERGE_COLLECTION, HTCondor ID 170312, status STATUS_SUBMITTED
07/07/26 18:16:07 Total jobs placed to AP: 41
07/07/26 18:16:07      Idle     Held     Running     Successful     Failed
07/07/26 18:16:07       ===      ===         ===            ===        ===
07/07/26 18:16:07         1        0           0             40          0
07/07/26 18:21:08 1201 seconds since last log event
07/07/26 18:21:08 Pending DAG nodes:
07/07/26 18:21:08   Node MERGE_COLLECTION, HTCondor ID 170312, status STATUS_SUBMITTED
07/07/26 18:31:08 1801 seconds since last log event
07/07/26 18:31:08 Pending DAG nodes:
07/07/26 18:31:08   Node MERGE_COLLECTION, HTCondor ID 170312, status STATUS_SUBMITTED
07/07/26 18:31:08 Total jobs placed to AP: 41
07/07/26 18:31:08      Idle     Held     Running     Successful     Failed
07/07/26 18:31:08       ===      ===         ===            ===        ===
07/07/26 18:31:08         1        0           0             40          0
07/07/26 18:41:09 2402 seconds since last log event
07/07/26 18:41:09 Pending DAG nodes:
07/07/26 18:41:09   Node MERGE_COLLECTION, HTCondor ID 170312, status STATUS_SUBMITTED
07/07/26 18:46:09 Total jobs placed to AP: 41
07/07/26 18:46:09      Idle     Held     Running     Successful     Failed
07/07/26 18:46:09       ===      ===         ===            ===        ===
07/07/26 18:46:09         1        0           0             40          0
07/07/26 18:51:10 3003 seconds since last log event
07/07/26 18:51:10 Pending DAG nodes:
07/07/26 18:51:10   Node MERGE_COLLECTION, HTCondor ID 170312, status STATUS_SUBMITTED
07/07/26 19:01:10 3603 seconds since last log event
07/07/26 19:01:10 Pending DAG nodes:
07/07/26 19:01:10   Node MERGE_COLLECTION, HTCondor ID 170312, status STATUS_SUBMITTED
07/07/26 19:01:10 Total jobs placed to AP: 41
07/07/26 19:01:10      Idle     Held     Running     Successful     Failed
07/07/26 19:01:10       ===      ===         ===            ===        ===
07/07/26 19:01:10         1        0           0             40          0
07/07/26 19:04:10 Currently monitoring 1 HTCondor log file(s)
07/07/26 19:04:10 Event: ULOG_EXECUTE for HTCondor Node MERGE_COLLECTION (170312.0.0) {07/07/26 19:04:08}
07/07/26 19:04:10 Number of idle job procs: 0
07/07/26 19:14:11 601 seconds since last log event
07/07/26 19:14:11 Pending DAG nodes:
07/07/26 19:14:11   Node MERGE_COLLECTION, HTCondor ID 170312, status STATUS_SUBMITTED
07/07/26 19:16:11 Total jobs placed to AP: 41
07/07/26 19:16:11      Idle     Held     Running     Successful     Failed
07/07/26 19:16:11       ===      ===         ===            ===        ===
07/07/26 19:16:11         0        0           1             40          0
07/07/26 19:22:11 Currently monitoring 1 HTCondor log file(s)
07/07/26 19:22:11 Event: ULOG_JOB_TERMINATED for HTCondor Node MERGE_COLLECTION (170312.0.0) {07/07/26 19:22:09}
07/07/26 19:22:11 Number of idle job procs: 0
07/07/26 19:22:11 Node MERGE_COLLECTION job proc (170312.0.0) completed successfully.
07/07/26 19:22:11 Node MERGE_COLLECTION job(s) have exited the queue
07/07/26 19:22:11 DAG status: 0 (DAG_STATUS_OK)
07/07/26 19:22:11 Of 5 nodes total:
07/07/26 19:22:11  Done     Pre   Queued    Post   Ready   Un-Ready   Failed   Futile
07/07/26 19:22:11   ===     ===      ===     ===     ===        ===      ===      ===
07/07/26 19:22:11     2       0        0       0       1          2        0        0
07/07/26 19:22:11 0 job proc(s) currently held
07/07/26 19:22:11 DAGMan Runtime Statistics: [EventCycleTimeAvg=0.000; EventCycleTimeMax=0.021; EventCycleTimeMin=0.000; EventCycleTimeStd=0.002; EventCycleTimeSum=0.327; SleepCycleTimeAvg=5.005; SleepCycleTimeMax=5.029; SleepCycleTimeMin=5.000; SleepCycleTimeStd=0.003; SleepCycleTimeSum=4864.424; SubmitCycleTimeAvg=0.000; SubmitCycleTimeMax=0.000; SubmitCycleTimeMin=0.000; SubmitCycleTimeStd=0.000; SubmitCycleTimeSum=0.001; EventCycleTimeCount=972.000; SleepCycleTimeCount=972.000; SubmitCycleTimeCount=973.000; LogProcessCycleTimeAvg=0.004; LogProcessCycleTimeMax=0.007; LogProcessCycleTimeMin=0.001; LogProcessCycleTimeStd=0.003; LogProcessCycleTimeSum=0.012; LogProcessCycleTimeCount=3.000; ]
07/07/26 19:22:16 Submitting HTCondor Node TRAIN job(s)...
07/07/26 19:22:16 Submitting node TRAIN from file transport_linetrack_80_40_action_shield_train.sub using direct job submission
07/07/26 19:22:16 	assigned HTCondor ID (170448.0.0)
07/07/26 19:22:16 Just submitted 1 job this cycle...
07/07/26 19:22:16 DAG status: 0 (DAG_STATUS_OK)
07/07/26 19:22:16 Of 5 nodes total:
07/07/26 19:22:16  Done     Pre   Queued    Post   Ready   Un-Ready   Failed   Futile
07/07/26 19:22:16   ===     ===      ===     ===     ===        ===      ===      ===
07/07/26 19:22:16     2       0        1       0       0          2        0        0
07/07/26 19:22:16 0 job proc(s) currently held
07/07/26 19:22:16 DAGMan Runtime Statistics: [EventCycleTimeAvg=0.000; EventCycleTimeMax=0.021; EventCycleTimeMin=0.000; EventCycleTimeStd=0.002; EventCycleTimeSum=0.337; SleepCycleTimeAvg=5.005; SleepCycleTimeMax=5.029; SleepCycleTimeMin=5.000; SleepCycleTimeStd=0.003; SleepCycleTimeSum=4869.428; SubmitCycleTimeAvg=0.000; SubmitCycleTimeMax=0.034; SubmitCycleTimeMin=0.000; SubmitCycleTimeStd=0.001; SubmitCycleTimeSum=0.035; EventCycleTimeCount=973.000; SleepCycleTimeCount=973.000; SubmitCycleTimeCount=974.000; LogProcessCycleTimeAvg=0.004; LogProcessCycleTimeMax=0.007; LogProcessCycleTimeMin=0.001; LogProcessCycleTimeStd=0.003; LogProcessCycleTimeSum=0.012; LogProcessCycleTimeCount=3.000; ]
07/07/26 19:22:21 Currently monitoring 1 HTCondor log file(s)
07/07/26 19:22:21 Reassigning the id of job TRAIN from (170448.0.0) to (170448.0.0)
07/07/26 19:22:21 Event: ULOG_SUBMIT for HTCondor Node TRAIN (170448.0.0) {07/07/26 19:22:16}
07/07/26 19:22:21 Number of idle job procs: 1
07/07/26 19:26:17 Currently monitoring 1 HTCondor log file(s)
07/07/26 19:26:17 Event: ULOG_EXECUTE for HTCondor Node TRAIN (170448.0.0) {07/07/26 19:26:14}
07/07/26 19:26:17 Number of idle job procs: 0
07/07/26 19:31:12 Total jobs placed to AP: 42
07/07/26 19:31:12      Idle     Held     Running     Successful     Failed
07/07/26 19:31:12       ===      ===         ===            ===        ===
07/07/26 19:31:12         0        0           1             41          0
07/07/26 19:36:17 600 seconds since last log event
07/07/26 19:36:17 Pending DAG nodes:
07/07/26 19:36:17   Node TRAIN, HTCondor ID 170448, status STATUS_SUBMITTED
07/07/26 19:46:13 Total jobs placed to AP: 42
07/07/26 19:46:13      Idle     Held     Running     Successful     Failed
07/07/26 19:46:13       ===      ===         ===            ===        ===
07/07/26 19:46:13         0        0           1             41          0
07/07/26 19:46:18 1201 seconds since last log event
07/07/26 19:46:18 Pending DAG nodes:
07/07/26 19:46:18   Node TRAIN, HTCondor ID 170448, status STATUS_SUBMITTED
07/07/26 19:56:19 1802 seconds since last log event
07/07/26 19:56:19 Pending DAG nodes:
07/07/26 19:56:19   Node TRAIN, HTCondor ID 170448, status STATUS_SUBMITTED
07/07/26 20:01:14 Total jobs placed to AP: 42
07/07/26 20:01:14      Idle     Held     Running     Successful     Failed
07/07/26 20:01:14       ===      ===         ===            ===        ===
07/07/26 20:01:14         0        0           1             41          0
07/07/26 20:06:19 2402 seconds since last log event
07/07/26 20:06:19 Pending DAG nodes:
07/07/26 20:06:19   Node TRAIN, HTCondor ID 170448, status STATUS_SUBMITTED
07/07/26 20:16:15 Total jobs placed to AP: 42
07/07/26 20:16:15      Idle     Held     Running     Successful     Failed
07/07/26 20:16:15       ===      ===         ===            ===        ===
07/07/26 20:16:15         0        0           1             41          0
07/07/26 20:16:20 3003 seconds since last log event
07/07/26 20:16:20 Pending DAG nodes:
07/07/26 20:16:20   Node TRAIN, HTCondor ID 170448, status STATUS_SUBMITTED
07/07/26 20:26:20 3603 seconds since last log event
07/07/26 20:26:20 Pending DAG nodes:
07/07/26 20:26:20   Node TRAIN, HTCondor ID 170448, status STATUS_SUBMITTED
07/07/26 20:31:15 Total jobs placed to AP: 42
07/07/26 20:31:15      Idle     Held     Running     Successful     Failed
07/07/26 20:31:15       ===      ===         ===            ===        ===
07/07/26 20:31:15         0        0           1             41          0
07/07/26 20:36:21 4204 seconds since last log event
07/07/26 20:36:21 Pending DAG nodes:
07/07/26 20:36:21   Node TRAIN, HTCondor ID 170448, status STATUS_SUBMITTED
07/07/26 20:46:16 Total jobs placed to AP: 42
07/07/26 20:46:16      Idle     Held     Running     Successful     Failed
07/07/26 20:46:16       ===      ===         ===            ===        ===
07/07/26 20:46:16         0        0           1             41          0
07/07/26 20:46:21 4804 seconds since last log event
07/07/26 20:46:21 Pending DAG nodes:
07/07/26 20:46:21   Node TRAIN, HTCondor ID 170448, status STATUS_SUBMITTED
07/07/26 20:56:22 5405 seconds since last log event
07/07/26 20:56:22 Pending DAG nodes:
07/07/26 20:56:22   Node TRAIN, HTCondor ID 170448, status STATUS_SUBMITTED
07/07/26 21:01:17 Total jobs placed to AP: 42
07/07/26 21:01:17      Idle     Held     Running     Successful     Failed
07/07/26 21:01:17       ===      ===         ===            ===        ===
07/07/26 21:01:17         0        0           1             41          0
07/07/26 21:06:22 6005 seconds since last log event
07/07/26 21:06:22 Pending DAG nodes:
07/07/26 21:06:22   Node TRAIN, HTCondor ID 170448, status STATUS_SUBMITTED
07/07/26 21:16:18 Total jobs placed to AP: 42
07/07/26 21:16:18      Idle     Held     Running     Successful     Failed
07/07/26 21:16:18       ===      ===         ===            ===        ===
07/07/26 21:16:18         0        0           1             41          0
07/07/26 21:16:23 6606 seconds since last log event
07/07/26 21:16:23 Pending DAG nodes:
07/07/26 21:16:23   Node TRAIN, HTCondor ID 170448, status STATUS_SUBMITTED
07/07/26 21:26:23 7206 seconds since last log event
07/07/26 21:26:23 Pending DAG nodes:
07/07/26 21:26:23   Node TRAIN, HTCondor ID 170448, status STATUS_SUBMITTED
07/07/26 21:31:18 Total jobs placed to AP: 42
07/07/26 21:31:18      Idle     Held     Running     Successful     Failed
07/07/26 21:31:18       ===      ===         ===            ===        ===
07/07/26 21:31:18         0        0           1             41          0
07/07/26 21:36:23 7806 seconds since last log event
07/07/26 21:36:23 Pending DAG nodes:
07/07/26 21:36:23   Node TRAIN, HTCondor ID 170448, status STATUS_SUBMITTED
07/07/26 21:46:19 Total jobs placed to AP: 42
07/07/26 21:46:19      Idle     Held     Running     Successful     Failed
07/07/26 21:46:19       ===      ===         ===            ===        ===
07/07/26 21:46:19         0        0           1             41          0
07/07/26 21:46:24 8407 seconds since last log event
07/07/26 21:46:24 Pending DAG nodes:
07/07/26 21:46:24   Node TRAIN, HTCondor ID 170448, status STATUS_SUBMITTED
07/07/26 21:52:19 Currently monitoring 1 HTCondor log file(s)
07/07/26 21:52:19 Event: ULOG_JOB_TERMINATED for HTCondor Node TRAIN (170448.0.0) {07/07/26 21:52:16}
07/07/26 21:52:19 Number of idle job procs: 0
07/07/26 21:52:19 Node TRAIN job proc (170448.0.0) completed successfully.
07/07/26 21:52:19 Node TRAIN job(s) have exited the queue
07/07/26 21:52:19 DAG status: 0 (DAG_STATUS_OK)
07/07/26 21:52:19 Of 5 nodes total:
07/07/26 21:52:19  Done     Pre   Queued    Post   Ready   Un-Ready   Failed   Futile
07/07/26 21:52:19   ===     ===      ===     ===     ===        ===      ===      ===
07/07/26 21:52:19     3       0        0       0       1          1        0        0
07/07/26 21:52:19 0 job proc(s) currently held
07/07/26 21:52:19 DAGMan Runtime Statistics: [EventCycleTimeAvg=0.000; EventCycleTimeMax=0.098; EventCycleTimeMin=0.000; EventCycleTimeStd=0.002; EventCycleTimeSum=0.875; SleepCycleTimeAvg=5.004; SleepCycleTimeMax=5.064; SleepCycleTimeMin=4.005; SleepCycleTimeStd=0.019; SleepCycleTimeSum=13871.394; SubmitCycleTimeAvg=0.000; SubmitCycleTimeMax=0.034; SubmitCycleTimeMin=0.000; SubmitCycleTimeStd=0.001; SubmitCycleTimeSum=0.036; EventCycleTimeCount=2772.000; SleepCycleTimeCount=2772.000; SubmitCycleTimeCount=2773.000; LogProcessCycleTimeAvg=0.019; LogProcessCycleTimeMax=0.092; LogProcessCycleTimeMin=0.001; LogProcessCycleTimeStd=0.036; LogProcessCycleTimeSum=0.112; LogProcessCycleTimeCount=6.000; ]
07/07/26 21:52:24 Submitting HTCondor Node EVALUATE job(s)...
07/07/26 21:52:24 Submitting node EVALUATE from file transport_linetrack_80_40_action_shield_evaluate.sub using direct job submission
07/07/26 21:52:24 	assigned HTCondor ID (170477.0.0)
07/07/26 21:52:24 Just submitted 1 job this cycle...
07/07/26 21:52:24 DAG status: 0 (DAG_STATUS_OK)
07/07/26 21:52:24 Of 5 nodes total:
07/07/26 21:52:24  Done     Pre   Queued    Post   Ready   Un-Ready   Failed   Futile
07/07/26 21:52:24   ===     ===      ===     ===     ===        ===      ===      ===
07/07/26 21:52:24     3       0        1       0       0          1        0        0
07/07/26 21:52:24 0 job proc(s) currently held
07/07/26 21:52:24 DAGMan Runtime Statistics: [EventCycleTimeAvg=0.000; EventCycleTimeMax=0.098; EventCycleTimeMin=0.000; EventCycleTimeStd=0.002; EventCycleTimeSum=0.884; SleepCycleTimeAvg=5.004; SleepCycleTimeMax=5.064; SleepCycleTimeMin=4.005; SleepCycleTimeStd=0.019; SleepCycleTimeSum=13876.397; SubmitCycleTimeAvg=0.000; SubmitCycleTimeMax=0.142; SubmitCycleTimeMin=0.000; SubmitCycleTimeStd=0.003; SubmitCycleTimeSum=0.178; EventCycleTimeCount=2773.000; SleepCycleTimeCount=2773.000; SubmitCycleTimeCount=2774.000; LogProcessCycleTimeAvg=0.019; LogProcessCycleTimeMax=0.092; LogProcessCycleTimeMin=0.001; LogProcessCycleTimeStd=0.036; LogProcessCycleTimeSum=0.112; LogProcessCycleTimeCount=6.000; ]
07/07/26 21:52:29 Currently monitoring 1 HTCondor log file(s)
07/07/26 21:52:29 Reassigning the id of job EVALUATE from (170477.0.0) to (170477.0.0)
07/07/26 21:52:29 Event: ULOG_SUBMIT for HTCondor Node EVALUATE (170477.0.0) {07/07/26 21:52:24}
07/07/26 21:52:29 Number of idle job procs: 1
07/07/26 21:52:29 Reassigning the id of job EVALUATE from (170477.0.0) to (170477.1.0)
07/07/26 21:52:29 Event: ULOG_SUBMIT for HTCondor Node EVALUATE (170477.1.0) {07/07/26 21:52:24}
07/07/26 21:52:29 Number of idle job procs: 2
07/07/26 21:52:29 Reassigning the id of job EVALUATE from (170477.1.0) to (170477.10.0)
07/07/26 21:52:29 Event: ULOG_SUBMIT for HTCondor Node EVALUATE (170477.10.0) {07/07/26 21:52:24}
07/07/26 21:52:29 Number of idle job procs: 3
07/07/26 21:52:29 Reassigning the id of job EVALUATE from (170477.10.0) to (170477.11.0)
07/07/26 21:52:29 Event: ULOG_SUBMIT for HTCondor Node EVALUATE (170477.11.0) {07/07/26 21:52:24}
07/07/26 21:52:29 Number of idle job procs: 4
07/07/26 21:52:29 Reassigning the id of job EVALUATE from (170477.11.0) to (170477.12.0)
07/07/26 21:52:29 Event: ULOG_SUBMIT for HTCondor Node EVALUATE (170477.12.0) {07/07/26 21:52:24}
07/07/26 21:52:29 Number of idle job procs: 5
07/07/26 21:52:29 Reassigning the id of job EVALUATE from (170477.12.0) to (170477.13.0)
07/07/26 21:52:29 Event: ULOG_SUBMIT for HTCondor Node EVALUATE (170477.13.0) {07/07/26 21:52:24}
07/07/26 21:52:29 Number of idle job procs: 6
07/07/26 21:52:29 Reassigning the id of job EVALUATE from (170477.13.0) to (170477.14.0)
07/07/26 21:52:29 Event: ULOG_SUBMIT for HTCondor Node EVALUATE (170477.14.0) {07/07/26 21:52:24}
07/07/26 21:52:29 Number of idle job procs: 7
07/07/26 21:52:29 Reassigning the id of job EVALUATE from (170477.14.0) to (170477.15.0)
07/07/26 21:52:29 Event: ULOG_SUBMIT for HTCondor Node EVALUATE (170477.15.0) {07/07/26 21:52:24}
07/07/26 21:52:29 Number of idle job procs: 8
07/07/26 21:52:29 Reassigning the id of job EVALUATE from (170477.15.0) to (170477.16.0)
07/07/26 21:52:29 Event: ULOG_SUBMIT for HTCondor Node EVALUATE (170477.16.0) {07/07/26 21:52:24}
07/07/26 21:52:29 Number of idle job procs: 9
07/07/26 21:52:29 Reassigning the id of job EVALUATE from (170477.16.0) to (170477.17.0)
07/07/26 21:52:29 Event: ULOG_SUBMIT for HTCondor Node EVALUATE (170477.17.0) {07/07/26 21:52:24}
07/07/26 21:52:29 Number of idle job procs: 10
07/07/26 21:52:29 Reassigning the id of job EVALUATE from (170477.17.0) to (170477.18.0)
07/07/26 21:52:29 Event: ULOG_SUBMIT for HTCondor Node EVALUATE (170477.18.0) {07/07/26 21:52:24}
07/07/26 21:52:29 Number of idle job procs: 11
07/07/26 21:52:29 Reassigning the id of job EVALUATE from (170477.18.0) to (170477.19.0)
07/07/26 21:52:29 Event: ULOG_SUBMIT for HTCondor Node EVALUATE (170477.19.0) {07/07/26 21:52:24}
07/07/26 21:52:29 Number of idle job procs: 12
07/07/26 21:52:29 Reassigning the id of job EVALUATE from (170477.19.0) to (170477.2.0)
07/07/26 21:52:29 Event: ULOG_SUBMIT for HTCondor Node EVALUATE (170477.2.0) {07/07/26 21:52:24}
07/07/26 21:52:29 Number of idle job procs: 13
07/07/26 21:52:29 Reassigning the id of job EVALUATE from (170477.2.0) to (170477.20.0)
07/07/26 21:52:29 Event: ULOG_SUBMIT for HTCondor Node EVALUATE (170477.20.0) {07/07/26 21:52:24}
07/07/26 21:52:29 Number of idle job procs: 14
07/07/26 21:52:29 Reassigning the id of job EVALUATE from (170477.20.0) to (170477.21.0)
07/07/26 21:52:29 Event: ULOG_SUBMIT for HTCondor Node EVALUATE (170477.21.0) {07/07/26 21:52:24}
07/07/26 21:52:29 Number of idle job procs: 15
07/07/26 21:52:29 Reassigning the id of job EVALUATE from (170477.21.0) to (170477.22.0)
07/07/26 21:52:29 Event: ULOG_SUBMIT for HTCondor Node EVALUATE (170477.22.0) {07/07/26 21:52:24}
07/07/26 21:52:29 Number of idle job procs: 16
07/07/26 21:52:29 Reassigning the id of job EVALUATE from (170477.22.0) to (170477.23.0)
07/07/26 21:52:29 Event: ULOG_SUBMIT for HTCondor Node EVALUATE (170477.23.0) {07/07/26 21:52:24}
07/07/26 21:52:29 Number of idle job procs: 17
07/07/26 21:52:29 Reassigning the id of job EVALUATE from (170477.23.0) to (170477.24.0)
07/07/26 21:52:29 Event: ULOG_SUBMIT for HTCondor Node EVALUATE (170477.24.0) {07/07/26 21:52:24}
07/07/26 21:52:29 Number of idle job procs: 18
07/07/26 21:52:29 Reassigning the id of job EVALUATE from (170477.24.0) to (170477.25.0)
07/07/26 21:52:29 Event: ULOG_SUBMIT for HTCondor Node EVALUATE (170477.25.0) {07/07/26 21:52:24}
07/07/26 21:52:29 Number of idle job procs: 19
07/07/26 21:52:29 Reassigning the id of job EVALUATE from (170477.25.0) to (170477.26.0)
07/07/26 21:52:29 Event: ULOG_SUBMIT for HTCondor Node EVALUATE (170477.26.0) {07/07/26 21:52:24}
07/07/26 21:52:29 Number of idle job procs: 20
07/07/26 21:52:29 Reassigning the id of job EVALUATE from (170477.26.0) to (170477.27.0)
07/07/26 21:52:29 Event: ULOG_SUBMIT for HTCondor Node EVALUATE (170477.27.0) {07/07/26 21:52:24}
07/07/26 21:52:29 Number of idle job procs: 21
07/07/26 21:52:29 Reassigning the id of job EVALUATE from (170477.27.0) to (170477.28.0)
07/07/26 21:52:29 Event: ULOG_SUBMIT for HTCondor Node EVALUATE (170477.28.0) {07/07/26 21:52:24}
07/07/26 21:52:29 Number of idle job procs: 22
07/07/26 21:52:29 Reassigning the id of job EVALUATE from (170477.28.0) to (170477.29.0)
07/07/26 21:52:29 Event: ULOG_SUBMIT for HTCondor Node EVALUATE (170477.29.0) {07/07/26 21:52:24}
07/07/26 21:52:29 Number of idle job procs: 23
07/07/26 21:52:29 Reassigning the id of job EVALUATE from (170477.29.0) to (170477.3.0)
07/07/26 21:52:29 Event: ULOG_SUBMIT for HTCondor Node EVALUATE (170477.3.0) {07/07/26 21:52:24}
07/07/26 21:52:29 Number of idle job procs: 24
07/07/26 21:52:29 Reassigning the id of job EVALUATE from (170477.3.0) to (170477.30.0)
07/07/26 21:52:29 Event: ULOG_SUBMIT for HTCondor Node EVALUATE (170477.30.0) {07/07/26 21:52:24}
07/07/26 21:52:29 Number of idle job procs: 25
07/07/26 21:52:29 Reassigning the id of job EVALUATE from (170477.30.0) to (170477.31.0)
07/07/26 21:52:29 Event: ULOG_SUBMIT for HTCondor Node EVALUATE (170477.31.0) {07/07/26 21:52:24}
07/07/26 21:52:29 Number of idle job procs: 26
07/07/26 21:52:29 Reassigning the id of job EVALUATE from (170477.31.0) to (170477.32.0)
07/07/26 21:52:29 Event: ULOG_SUBMIT for HTCondor Node EVALUATE (170477.32.0) {07/07/26 21:52:24}
07/07/26 21:52:29 Number of idle job procs: 27
07/07/26 21:52:29 Reassigning the id of job EVALUATE from (170477.32.0) to (170477.33.0)
07/07/26 21:52:29 Event: ULOG_SUBMIT for HTCondor Node EVALUATE (170477.33.0) {07/07/26 21:52:24}
07/07/26 21:52:29 Number of idle job procs: 28
07/07/26 21:52:29 Reassigning the id of job EVALUATE from (170477.33.0) to (170477.34.0)
07/07/26 21:52:29 Event: ULOG_SUBMIT for HTCondor Node EVALUATE (170477.34.0) {07/07/26 21:52:24}
07/07/26 21:52:29 Number of idle job procs: 29
07/07/26 21:52:29 Reassigning the id of job EVALUATE from (170477.34.0) to (170477.35.0)
07/07/26 21:52:29 Event: ULOG_SUBMIT for HTCondor Node EVALUATE (170477.35.0) {07/07/26 21:52:24}
07/07/26 21:52:29 Number of idle job procs: 30
07/07/26 21:52:29 Reassigning the id of job EVALUATE from (170477.35.0) to (170477.36.0)
07/07/26 21:52:29 Event: ULOG_SUBMIT for HTCondor Node EVALUATE (170477.36.0) {07/07/26 21:52:24}
07/07/26 21:52:29 Number of idle job procs: 31
07/07/26 21:52:29 Reassigning the id of job EVALUATE from (170477.36.0) to (170477.37.0)
07/07/26 21:52:29 Event: ULOG_SUBMIT for HTCondor Node EVALUATE (170477.37.0) {07/07/26 21:52:24}
07/07/26 21:52:29 Number of idle job procs: 32
07/07/26 21:52:29 Reassigning the id of job EVALUATE from (170477.37.0) to (170477.38.0)
07/07/26 21:52:29 Event: ULOG_SUBMIT for HTCondor Node EVALUATE (170477.38.0) {07/07/26 21:52:24}
07/07/26 21:52:29 Number of idle job procs: 33
07/07/26 21:52:29 Reassigning the id of job EVALUATE from (170477.38.0) to (170477.39.0)
07/07/26 21:52:29 Event: ULOG_SUBMIT for HTCondor Node EVALUATE (170477.39.0) {07/07/26 21:52:24}
07/07/26 21:52:29 Number of idle job procs: 34
07/07/26 21:52:29 Reassigning the id of job EVALUATE from (170477.39.0) to (170477.4.0)
07/07/26 21:52:29 Event: ULOG_SUBMIT for HTCondor Node EVALUATE (170477.4.0) {07/07/26 21:52:24}
07/07/26 21:52:29 Number of idle job procs: 35
07/07/26 21:52:29 Reassigning the id of job EVALUATE from (170477.4.0) to (170477.5.0)
07/07/26 21:52:29 Event: ULOG_SUBMIT for HTCondor Node EVALUATE (170477.5.0) {07/07/26 21:52:24}
07/07/26 21:52:29 Number of idle job procs: 36
07/07/26 21:52:29 Reassigning the id of job EVALUATE from (170477.5.0) to (170477.6.0)
07/07/26 21:52:29 Event: ULOG_SUBMIT for HTCondor Node EVALUATE (170477.6.0) {07/07/26 21:52:24}
07/07/26 21:52:29 Number of idle job procs: 37
07/07/26 21:52:29 Reassigning the id of job EVALUATE from (170477.6.0) to (170477.7.0)
07/07/26 21:52:29 Event: ULOG_SUBMIT for HTCondor Node EVALUATE (170477.7.0) {07/07/26 21:52:24}
07/07/26 21:52:29 Number of idle job procs: 38
07/07/26 21:52:29 Reassigning the id of job EVALUATE from (170477.7.0) to (170477.8.0)
07/07/26 21:52:29 Event: ULOG_SUBMIT for HTCondor Node EVALUATE (170477.8.0) {07/07/26 21:52:24}
07/07/26 21:52:29 Number of idle job procs: 39
07/07/26 21:52:29 Reassigning the id of job EVALUATE from (170477.8.0) to (170477.9.0)
07/07/26 21:52:29 Event: ULOG_SUBMIT for HTCondor Node EVALUATE (170477.9.0) {07/07/26 21:52:24}
07/07/26 21:52:29 Number of idle job procs: 40
07/07/26 22:01:20 Total jobs placed to AP: 82
07/07/26 22:01:20      Idle     Held     Running     Successful     Failed
07/07/26 22:01:20       ===      ===         ===            ===        ===
07/07/26 22:01:20        40        0           0             42          0
07/07/26 22:02:30 601 seconds since last log event
07/07/26 22:02:30 Pending DAG nodes:
07/07/26 22:02:30   Node EVALUATE, HTCondor ID 170477, status STATUS_SUBMITTED
07/07/26 22:12:30 1201 seconds since last log event
07/07/26 22:12:30 Pending DAG nodes:
07/07/26 22:12:30   Node EVALUATE, HTCondor ID 170477, status STATUS_SUBMITTED
07/07/26 22:16:20 Total jobs placed to AP: 82
07/07/26 22:16:20      Idle     Held     Running     Successful     Failed
07/07/26 22:16:20       ===      ===         ===            ===        ===
07/07/26 22:16:20        40        0           0             42          0
07/07/26 22:22:31 1802 seconds since last log event
07/07/26 22:22:31 Pending DAG nodes:
07/07/26 22:22:31   Node EVALUATE, HTCondor ID 170477, status STATUS_SUBMITTED
07/07/26 22:31:30 Total jobs placed to AP: 82
07/07/26 22:31:30      Idle     Held     Running     Successful     Failed
07/07/26 22:31:30       ===      ===         ===            ===        ===
07/07/26 22:31:30        40        0           0             42          0
07/07/26 22:32:40 2404 seconds since last log event
07/07/26 22:32:40 Pending DAG nodes:
07/07/26 22:32:40   Node EVALUATE, HTCondor ID 170477, status STATUS_SUBMITTED
07/07/26 22:43:21 3052 seconds since last log event
07/07/26 22:43:21 Pending DAG nodes:
07/07/26 22:43:21   Node EVALUATE, HTCondor ID 170477, status STATUS_SUBMITTED
07/07/26 22:44:46 Currently monitoring 1 HTCondor log file(s)
07/07/26 22:44:46 Event: ULOG_EXECUTE for HTCondor Node EVALUATE (170477.0.0) {07/07/26 22:44:46}
07/07/26 22:44:46 Number of idle job procs: 39
07/07/26 22:44:46 Event: ULOG_EXECUTE for HTCondor Node EVALUATE (170477.1.0) {07/07/26 22:44:46}
07/07/26 22:44:46 Number of idle job procs: 38
07/07/26 22:46:32 Total jobs placed to AP: 82
07/07/26 22:46:32      Idle     Held     Running     Successful     Failed
07/07/26 22:46:32       ===      ===         ===            ===        ===
07/07/26 22:46:32        38        0           2             42          0
07/07/26 22:48:12 Currently monitoring 1 HTCondor log file(s)
07/07/26 22:48:12 Event: ULOG_EXECUTE for HTCondor Node EVALUATE (170477.2.0) {07/07/26 22:48:07}
07/07/26 22:48:12 Number of idle job procs: 37
07/07/26 22:48:12 Event: ULOG_EXECUTE for HTCondor Node EVALUATE (170477.3.0) {07/07/26 22:48:07}
07/07/26 22:48:12 Number of idle job procs: 36
07/07/26 22:56:12 Currently monitoring 1 HTCondor log file(s)
07/07/26 22:56:12 Event: ULOG_EXECUTE for HTCondor Node EVALUATE (170477.4.0) {07/07/26 22:56:09}
07/07/26 22:56:12 Number of idle job procs: 35
07/07/26 22:56:12 Event: ULOG_EXECUTE for HTCondor Node EVALUATE (170477.5.0) {07/07/26 22:56:09}
07/07/26 22:56:12 Number of idle job procs: 34
07/07/26 22:57:12 Currently monitoring 1 HTCondor log file(s)
07/07/26 22:57:12 Event: ULOG_EXECUTE for HTCondor Node EVALUATE (170477.6.0) {07/07/26 22:57:09}
07/07/26 22:57:12 Number of idle job procs: 33
07/07/26 22:57:12 Event: ULOG_EXECUTE for HTCondor Node EVALUATE (170477.7.0) {07/07/26 22:57:09}
07/07/26 22:57:12 Number of idle job procs: 32
07/07/26 22:57:12 Event: ULOG_EXECUTE for HTCondor Node EVALUATE (170477.8.0) {07/07/26 22:57:10}
07/07/26 22:57:12 Number of idle job procs: 31
07/07/26 23:01:32 Total jobs placed to AP: 82
07/07/26 23:01:32      Idle     Held     Running     Successful     Failed
07/07/26 23:01:32       ===      ===         ===            ===        ===
07/07/26 23:01:32        31        0           9             42          0
07/07/26 23:07:13 601 seconds since last log event
07/07/26 23:07:13 Pending DAG nodes:
07/07/26 23:07:13   Node EVALUATE, HTCondor ID 170477, status STATUS_SUBMITTED
07/07/26 23:11:08 Currently monitoring 1 HTCondor log file(s)
07/07/26 23:11:08 Event: ULOG_JOB_TERMINATED for HTCondor Node EVALUATE (170477.1.0) {07/07/26 23:11:06}
07/07/26 23:11:08 Number of idle job procs: 31
07/07/26 23:11:08 Node EVALUATE job proc (170477.1.0) completed successfully.
07/07/26 23:16:33 Total jobs placed to AP: 82
07/07/26 23:16:33      Idle     Held     Running     Successful     Failed
07/07/26 23:16:33       ===      ===         ===            ===        ===
07/07/26 23:16:33        31        0           8             43          0
07/07/26 23:16:43 Currently monitoring 1 HTCondor log file(s)
07/07/26 23:16:43 Event: ULOG_JOB_TERMINATED for HTCondor Node EVALUATE (170477.2.0) {07/07/26 23:16:42}
07/07/26 23:16:43 Number of idle job procs: 31
07/07/26 23:16:43 Node EVALUATE job proc (170477.2.0) completed successfully.
07/07/26 23:17:08 Currently monitoring 1 HTCondor log file(s)
07/07/26 23:17:08 Event: ULOG_JOB_TERMINATED for HTCondor Node EVALUATE (170477.0.0) {07/07/26 23:17:08}
07/07/26 23:17:08 Number of idle job procs: 31
07/07/26 23:17:08 Node EVALUATE job proc (170477.0.0) completed successfully.
07/07/26 23:17:28 Currently monitoring 1 HTCondor log file(s)
07/07/26 23:17:28 Event: ULOG_EXECUTE for HTCondor Node EVALUATE (170477.10.0) {07/07/26 23:17:26}
07/07/26 23:17:28 Number of idle job procs: 30
07/07/26 23:17:28 Event: ULOG_EXECUTE for HTCondor Node EVALUATE (170477.9.0) {07/07/26 23:17:26}
07/07/26 23:17:28 Number of idle job procs: 29
07/07/26 23:18:13 Currently monitoring 1 HTCondor log file(s)
07/07/26 23:18:13 Event: ULOG_JOB_TERMINATED for HTCondor Node EVALUATE (170477.3.0) {07/07/26 23:18:11}
07/07/26 23:18:13 Number of idle job procs: 29
07/07/26 23:18:13 Node EVALUATE job proc (170477.3.0) completed successfully.
07/07/26 23:18:28 Currently monitoring 1 HTCondor log file(s)
07/07/26 23:18:28 Event: ULOG_EXECUTE for HTCondor Node EVALUATE (170477.14.0) {07/07/26 23:18:26}
07/07/26 23:18:28 Number of idle job procs: 28
07/07/26 23:18:28 Event: ULOG_EXECUTE for HTCondor Node EVALUATE (170477.12.0) {07/07/26 23:18:26}
07/07/26 23:18:28 Number of idle job procs: 27
07/07/26 23:18:28 Event: ULOG_EXECUTE for HTCondor Node EVALUATE (170477.11.0) {07/07/26 23:18:26}
07/07/26 23:18:28 Number of idle job procs: 26
07/07/26 23:18:28 Event: ULOG_EXECUTE for HTCondor Node EVALUATE (170477.13.0) {07/07/26 23:18:26}
07/07/26 23:18:28 Number of idle job procs: 25
07/07/26 23:19:28 Currently monitoring 1 HTCondor log file(s)
07/07/26 23:19:28 Event: ULOG_EXECUTE for HTCondor Node EVALUATE (170477.16.0) {07/07/26 23:19:27}
07/07/26 23:19:28 Number of idle job procs: 24
07/07/26 23:19:28 Event: ULOG_EXECUTE for HTCondor Node EVALUATE (170477.15.0) {07/07/26 23:19:28}
07/07/26 23:19:28 Number of idle job procs: 23
07/07/26 23:19:50 Received SIGUSR1
07/07/26 23:19:50 Aborting DAG...
07/07/26 23:19:50 Writing Rescue DAG to transport_linetrack_80_40_action_shield.dag.rescue003...
07/07/26 23:19:50 Removing submitted jobs...
07/07/26 23:19:50 Removing any/all submitted HTCondor jobs...
07/07/26 23:19:50 Running: /usr/bin/condor_rm -const DAGManJobId==170248 -reason DAG' 'Removed:' 'User' 'removed' 'scheduler' 'job' 'from' 'queue.
07/07/26 23:19:50 Note: 0 total node deferrals because of -MaxJobs limit (0)
07/07/26 23:19:50 Note: 0 total node deferrals because of -MaxIdle limit (1000)
07/07/26 23:19:50 Note: 0 total node deferrals because of node category throttles
07/07/26 23:19:50 Note: 0 total PRE script deferrals because of -MaxPre limit (20) or DEFER
07/07/26 23:19:50 Note: 0 total POST script deferrals because of -MaxPost limit (20) or DEFER
07/07/26 23:19:50 Note: 0 total HOLD script deferrals because of -MaxHold limit (20) or DEFER
07/07/26 23:19:50 DAG status: 4 (DAG_STATUS_RM)
07/07/26 23:19:50 Of 5 nodes total:
07/07/26 23:19:50  Done     Pre   Queued    Post   Ready   Un-Ready   Failed   Futile
07/07/26 23:19:50   ===     ===      ===     ===     ===        ===      ===      ===
07/07/26 23:19:50     3       0        1       0       0          1        0        0
07/07/26 23:19:50 0 job proc(s) currently held
07/07/26 23:19:50 DAGMan Runtime Statistics: [EventCycleTimeAvg=0.048; EventCycleTimeMax=30.125; EventCycleTimeMin=0.000; EventCycleTimeStd=0.899; EventCycleTimeSum=179.635; SleepCycleTimeAvg=5.019; SleepCycleTimeMax=38.400; SleepCycleTimeMin=4.005; SleepCycleTimeStd=0.592; SleepCycleTimeSum=18942.010; SubmitCycleTimeAvg=0.000; SubmitCycleTimeMax=0.142; SubmitCycleTimeMin=0.000; SubmitCycleTimeStd=0.002; SubmitCycleTimeSum=0.179; EventCycleTimeCount=3775.000; SleepCycleTimeCount=3774.000; SubmitCycleTimeCount=3775.000; LogProcessCycleTimeAvg=0.012; LogProcessCycleTimeMax=0.092; LogProcessCycleTimeMin=0.001; LogProcessCycleTimeStd=0.025; LogProcessCycleTimeSum=0.213; LogProcessCycleTimeCount=18.000; ]
07/07/26 23:19:50 Wrote metrics file transport_linetrack_80_40_action_shield.dag.metrics.
07/07/26 23:19:50 DAGMan Runtime Statistics: [EventCycleTimeAvg=0.048; EventCycleTimeMax=30.125; EventCycleTimeMin=0.000; EventCycleTimeStd=0.899; EventCycleTimeSum=179.635; SleepCycleTimeAvg=5.019; SleepCycleTimeMax=38.400; SleepCycleTimeMin=4.005; SleepCycleTimeStd=0.592; SleepCycleTimeSum=18942.010; SubmitCycleTimeAvg=0.000; SubmitCycleTimeMax=0.142; SubmitCycleTimeMin=0.000; SubmitCycleTimeStd=0.002; SubmitCycleTimeSum=0.179; EventCycleTimeCount=3775.000; SleepCycleTimeCount=3774.000; SubmitCycleTimeCount=3775.000; LogProcessCycleTimeAvg=0.012; LogProcessCycleTimeMax=0.092; LogProcessCycleTimeMin=0.001; LogProcessCycleTimeStd=0.025; LogProcessCycleTimeSum=0.213; LogProcessCycleTimeCount=18.000; ]
07/07/26 23:19:50 **** condor_scheduniv_exec.170248.0 (condor_DAGMAN) pid 589470 EXITING WITH STATUS 2
07/07/26 23:42:03 ******************************************************
07/07/26 23:42:03 ** condor_scheduniv_exec.170524.0 (CONDOR_DAGMAN) STARTING UP
07/07/26 23:42:03 ** /usr/bin/condor_dagman
07/07/26 23:42:03 ** SubsystemInfo: name=DAGMAN type=DAGMAN(9) class=CLIENT(2)
07/07/26 23:42:03 ** Configuration: subsystem:DAGMAN local:<NONE> class:CLIENT
07/07/26 23:42:03 ** $CondorVersion: 24.12.19 2026-04-15 BuildID: 896241 PackageID: 24.12.19-1+deb12 GitSHA: c68f3e0e $
07/07/26 23:42:03 ** $CondorPlatform: X86_64-Debian_12 $
07/07/26 23:42:03 ** PID = 717208 RealUID = 1620002036
07/07/26 23:42:03 ** Log last touched 7/7 23:19:50
07/07/26 23:42:03 ******************************************************
07/07/26 23:42:03 Using config source: /etc/condor/condor_config
07/07/26 23:42:03 Using local config sources: 
07/07/26 23:42:03    /etc/condor/config.d/01-submit.conf
07/07/26 23:42:03    /etc/condor/config.d/10-stash-plugin.conf
07/07/26 23:42:03    /etc/condor/config.d/23-network.config
07/07/26 23:42:03    /etc/condor/config.d/31-mail.conf
07/07/26 23:42:03    /etc/condor/config.d/35-cc-sync.conf
07/07/26 23:42:03    /etc/condor/config.d/41-periodic-remove.conf
07/07/26 23:42:03    /etc/condor/config.d/49-common.conf
07/07/26 23:42:03    /etc/condor/config.d/52-group-mapping.conf
07/07/26 23:42:03    /etc/condor/config.d/54-container.conf
07/07/26 23:42:03    /etc/condor/config.d/67-submit-transforms.conf
07/07/26 23:42:03    /etc/condor/config.d/71-submit-requirements.conf
07/07/26 23:42:03    /etc/condor/condor_config.local
07/07/26 23:42:03 config Macros = 110, Sorted = 110, StringBytes = 6389, TablesBytes = 4088
07/07/26 23:42:03 CLASSAD_CACHING is ENABLED
07/07/26 23:42:03 Daemon Log is logging: D_ALWAYS D_ERROR D_STATUS
07/07/26 23:42:03 Daemoncore: Listening at <0.0.0.0:27887> on TCP (ReliSock) and UDP (SafeSock).
07/07/26 23:42:03 DaemonCore: command socket at <10.143.248.60:27887?addrs=10.143.248.60-27887&alias=conduit.hpc.uni-saarland.de>
07/07/26 23:42:03 DaemonCore: private command socket at <10.143.248.60:27887?addrs=10.143.248.60-27887&alias=conduit.hpc.uni-saarland.de>
07/07/26 23:42:03 DAGMAN_USE_STRICT setting: 1
07/07/26 23:42:03 DAGMAN_VERBOSITY setting: 3
07/07/26 23:42:03 DAGMAN_DEBUG_CACHE_SIZE setting: 5242880
07/07/26 23:42:03 DAGMAN_DEBUG_CACHE_ENABLE setting: False
07/07/26 23:42:03 DAGMAN_SUBMIT_DELAY setting: 0
07/07/26 23:42:03 DAGMAN_MAX_SUBMIT_ATTEMPTS setting: 6
07/07/26 23:42:03 DAGMAN_STARTUP_CYCLE_DETECT setting: False
07/07/26 23:42:03 DAGMAN_USE_JOIN_NODES setting: True
07/07/26 23:42:03 DAGMAN_REPORT_GRAPH_METRICS setting: False
07/07/26 23:42:03 DAGMAN_MAX_SUBMITS_PER_INTERVAL setting: 100
07/07/26 23:42:03 DAGMAN_AGGRESSIVE_SUBMIT setting: False
07/07/26 23:42:03 DAGMAN_USER_LOG_SCAN_INTERVAL setting: 5
07/07/26 23:42:03 DAGMAN_QUEUE_UPDATE_INTERVAL setting: 300.000000
07/07/26 23:42:03 DAGMAN_DEFAULT_PRIORITY setting: 0
07/07/26 23:42:03 DAGMAN_SUPPRESS_NOTIFICATION setting: False
07/07/26 23:42:03 allow_events (DAGMAN_ALLOW_EVENTS) setting: 114
07/07/26 23:42:03 DAGMAN_RETRY_SUBMIT_FIRST setting: True
07/07/26 23:42:03 DAGMAN_RETRY_NODE_FIRST setting: False
07/07/26 23:42:03 DAGMAN_MAX_JOBS_IDLE setting: 1000
07/07/26 23:42:03 DAGMAN_MAX_JOBS_SUBMITTED setting: 0
07/07/26 23:42:03 DAGMAN_MAX_PRE_SCRIPTS setting: 20
07/07/26 23:42:03 DAGMAN_MAX_POST_SCRIPTS setting: 20
07/07/26 23:42:03 DAGMAN_MAX_HOLD_SCRIPTS setting: 20
07/07/26 23:42:03 DAGMAN_MUNGE_NODE_NAMES setting: True
07/07/26 23:42:03 DAGMAN_ALLOW_ANY_NODE_NAME_CHARACTERS setting: False
07/07/26 23:42:03 DAGMAN_PROHIBIT_MULTI_JOBS setting: False
07/07/26 23:42:03 DAGMAN_SUBMIT_DEPTH_FIRST setting: False
07/07/26 23:42:03 DAGMAN_ALWAYS_RUN_POST setting: False
07/07/26 23:42:03 DAGMAN_CONDOR_SUBMIT_EXE setting: /usr/bin/condor_submit
07/07/26 23:42:03 DAGMAN_CONDOR_RM_EXE setting: /usr/bin/condor_rm
07/07/26 23:42:03 DAGMAN_USE_DIRECT_SUBMIT setting: True
07/07/26 23:42:03 DAGMAN_PRODUCE_JOB_CREDENTIALS setting: True
07/07/26 23:42:03 DAGMAN_DEFAULT_APPEND_VARS setting: False
07/07/26 23:42:03 DAGMAN_INHERIT_ATTRS_PREFIX setting: 
07/07/26 23:42:03 DAGMAN_INHERIT_ATTRS setting: 
07/07/26 23:42:03 DAGMAN_ABORT_DUPLICATES setting: True
07/07/26 23:42:03 DAGMAN_ABORT_ON_SCARY_SUBMIT setting: True
07/07/26 23:42:03 DAGMAN_PENDING_REPORT_INTERVAL setting: 600
07/07/26 23:42:03 DAGMAN_CHECK_QUEUE_INTERVAL setting: 28800
07/07/26 23:42:03 DAGMAN_PRINT_JOB_TABLE_INTERVAL setting: 900
07/07/26 23:42:03 DAGMAN_AUTO_RESCUE setting: True
07/07/26 23:42:03 DAGMAN_MAX_RESCUE_NUM setting: 100
07/07/26 23:42:03 DAGMAN_WRITE_PARTIAL_RESCUE setting: True
07/07/26 23:42:03 DAGMAN_RESET_RETRIES_UPON_RESCUE setting: True
07/07/26 23:42:03 DAGMAN_METRICS_FILE_VERSION setting: 2
07/07/26 23:42:03 DAGMAN_DEFAULT_NODE_LOG setting: @(DAG_DIR)/@(DAG_FILE).nodes.log
07/07/26 23:42:03 DAGMAN_LOG_ON_NFS_IS_ERROR setting: False
07/07/26 23:42:03 DAGMAN_GENERATE_SUBDAG_SUBMITS setting: True
07/07/26 23:42:03 DAGMAN_MAX_JOB_HOLDS setting: 100
07/07/26 23:42:03 DAGMAN_NODE_JOB_FAILURE_TOLERANCE setting: 0
07/07/26 23:42:03 DAGMAN_HOLD_CLAIM_TIME setting: 20
07/07/26 23:42:03 DAGMAN_SUPPRESS_JOB_LOGS setting: False
07/07/26 23:42:03 DAGMAN_REMOVE_NODE_JOBS setting: True
07/07/26 23:42:03 DAGMAN_PUT_FAILED_JOBS_ON_HOLD setting: False
07/07/26 23:42:03 DAGMAN_REMOVE_JOBS_AFTER_LIMIT_CHANGE setting: False
07/07/26 23:42:03 DAGMAN will adjust edges after parsing
07/07/26 23:42:03 argv[0] == "condor_scheduniv_exec.170524.0"
07/07/26 23:42:03 argv[1] == "-Lockfile"
07/07/26 23:42:03 argv[2] == "transport_linetrack_80_40_action_shield.dag.lock"
07/07/26 23:42:03 argv[3] == "-Dag"
07/07/26 23:42:03 argv[4] == "transport_linetrack_80_40_action_shield.dag"
07/07/26 23:42:03 argv[5] == "-CsdVersion"
07/07/26 23:42:03 argv[6] == "$CondorVersion: 24.12.19 2026-04-15 BuildID: 896241 PackageID: 24.12.19-1+deb12 GitSHA: c68f3e0e $"
07/07/26 23:42:03 argv[7] == "-dagman"
07/07/26 23:42:03 argv[8] == "/usr/bin/condor_dagman"
07/07/26 23:42:03 argv[9] == "-AutoRescue"
07/07/26 23:42:03 argv[10] == "1"
07/07/26 23:42:03 argv[11] == "-DoRescueFrom"
07/07/26 23:42:03 argv[12] == "0"
07/07/26 23:42:03 Can't open directory "/etc/condor/passwords.d" as PRIV_ROOT, errno: 13 (Permission denied)
07/07/26 23:42:03 Can't open directory "/etc/condor/passwords.d" as PRIV_ROOT, errno: 13 (Permission denied)
07/07/26 23:42:03 Workflow batch-id: <170524.0>
07/07/26 23:42:03 Workflow batch-name: <transport_linetrack_80_40_action_shield.dag+170524>
07/07/26 23:42:03 Workflow accounting_group: <teaching>
07/07/26 23:42:03 Workflow accounting_group_user: <atml_team041>
07/07/26 23:42:03 Warning: failed to get attribute DAGNodeName
07/07/26 23:42:03 Default node log file is: </home/atml_team041/condor_tutorial/jani_env/experiments/repair_wo_domain/submissions/action_shield/transport_linetrack/./transport_linetrack_80_40_action_shield.dag.nodes.log>
07/07/26 23:42:03 DAG Lockfile will be written to transport_linetrack_80_40_action_shield.dag.lock
07/07/26 23:42:03 DAG Input file is transport_linetrack_80_40_action_shield.dag
07/07/26 23:42:03 Parsing 1 dagfiles
07/07/26 23:42:03 Parsing transport_linetrack_80_40_action_shield.dag ...
07/07/26 23:42:03 Adjusting edges
07/07/26 23:42:03 Found rescue DAG number 3; running transport_linetrack_80_40_action_shield.dag.rescue003 in combination with normal DAG file
07/07/26 23:42:03 ~~~~~~~~~~~~~~~~~~~~~~~~~~~~~~~~~~~~~~~~~~~~~~~~~~~~~~
07/07/26 23:42:03 USING RESCUE DAG transport_linetrack_80_40_action_shield.dag.rescue003
07/07/26 23:42:03 Dag contains 5 total nodes
07/07/26 23:42:03 Bootstrapping...
07/07/26 23:42:03 Number of pre-completed nodes: 3
07/07/26 23:42:03 MultiLogFiles: truncating log file /home/atml_team041/condor_tutorial/jani_env/experiments/repair_wo_domain/submissions/action_shield/transport_linetrack/./transport_linetrack_80_40_action_shield.dag.nodes.log
07/07/26 23:42:03 DAG status: 0 (DAG_STATUS_OK)
07/07/26 23:42:03 Of 5 nodes total:
07/07/26 23:42:03  Done     Pre   Queued    Post   Ready   Un-Ready   Failed   Futile
07/07/26 23:42:03   ===     ===      ===     ===     ===        ===      ===      ===
07/07/26 23:42:03     3       0        0       0       1          1        0        0
07/07/26 23:42:03 0 job proc(s) currently held
07/07/26 23:42:03 DAGMan Runtime Statistics: [EventCycleTimeSum=0.000; SleepCycleTimeSum=0.000; SubmitCycleTimeSum=0.000; EventCycleTimeCount=0.000; SleepCycleTimeCount=0.000; SubmitCycleTimeCount=0.000; LogProcessCycleTimeSum=0.000; LogProcessCycleTimeCount=0.000; ]
07/07/26 23:42:03 Registering condor_event_timer...
07/07/26 23:42:04 Submitting HTCondor Node EVALUATE job(s)...
07/07/26 23:42:04 Submitting node EVALUATE from file transport_linetrack_80_40_action_shield_evaluate.sub using direct job submission
07/07/26 23:42:04 	assigned HTCondor ID (170529.0.0)
07/07/26 23:42:04 Just submitted 1 job this cycle...
07/07/26 23:42:04 DAG status: 0 (DAG_STATUS_OK)
07/07/26 23:42:04 Of 5 nodes total:
07/07/26 23:42:04  Done     Pre   Queued    Post   Ready   Un-Ready   Failed   Futile
07/07/26 23:42:04   ===     ===      ===     ===     ===        ===      ===      ===
07/07/26 23:42:04     3       0        1       0       0          1        0        0
07/07/26 23:42:04 0 job proc(s) currently held
07/07/26 23:42:04 DAGMan Runtime Statistics: [EventCycleTimeSum=0.000; SleepCycleTimeSum=0.000; SubmitCycleTimeAvg=0.328; SubmitCycleTimeMax=0.328; SubmitCycleTimeMin=0.328; SubmitCycleTimeStd=0.328; SubmitCycleTimeSum=0.328; EventCycleTimeCount=0.000; SleepCycleTimeCount=0.000; SubmitCycleTimeCount=1.000; LogProcessCycleTimeSum=0.000; LogProcessCycleTimeCount=0.000; ]
07/07/26 23:42:09 Currently monitoring 1 HTCondor log file(s)
07/07/26 23:42:09 Reassigning the id of job EVALUATE from (170529.0.0) to (170529.0.0)
07/07/26 23:42:09 Event: ULOG_SUBMIT for HTCondor Node EVALUATE (170529.0.0) {07/07/26 23:42:04}
07/07/26 23:42:09 Number of idle job procs: 1
07/07/26 23:42:09 Reassigning the id of job EVALUATE from (170529.0.0) to (170529.1.0)
07/07/26 23:42:09 Event: ULOG_SUBMIT for HTCondor Node EVALUATE (170529.1.0) {07/07/26 23:42:04}
07/07/26 23:42:09 Number of idle job procs: 2
07/07/26 23:42:09 Reassigning the id of job EVALUATE from (170529.1.0) to (170529.10.0)
07/07/26 23:42:09 Event: ULOG_SUBMIT for HTCondor Node EVALUATE (170529.10.0) {07/07/26 23:42:04}
07/07/26 23:42:09 Number of idle job procs: 3
07/07/26 23:42:09 Reassigning the id of job EVALUATE from (170529.10.0) to (170529.11.0)
07/07/26 23:42:09 Event: ULOG_SUBMIT for HTCondor Node EVALUATE (170529.11.0) {07/07/26 23:42:04}
07/07/26 23:42:09 Number of idle job procs: 4
07/07/26 23:42:09 Reassigning the id of job EVALUATE from (170529.11.0) to (170529.12.0)
07/07/26 23:42:09 Event: ULOG_SUBMIT for HTCondor Node EVALUATE (170529.12.0) {07/07/26 23:42:04}
07/07/26 23:42:09 Number of idle job procs: 5
07/07/26 23:42:09 Reassigning the id of job EVALUATE from (170529.12.0) to (170529.13.0)
07/07/26 23:42:09 Event: ULOG_SUBMIT for HTCondor Node EVALUATE (170529.13.0) {07/07/26 23:42:04}
07/07/26 23:42:09 Number of idle job procs: 6
07/07/26 23:42:09 Reassigning the id of job EVALUATE from (170529.13.0) to (170529.14.0)
07/07/26 23:42:09 Event: ULOG_SUBMIT for HTCondor Node EVALUATE (170529.14.0) {07/07/26 23:42:04}
07/07/26 23:42:09 Number of idle job procs: 7
07/07/26 23:42:09 Reassigning the id of job EVALUATE from (170529.14.0) to (170529.15.0)
07/07/26 23:42:09 Event: ULOG_SUBMIT for HTCondor Node EVALUATE (170529.15.0) {07/07/26 23:42:04}
07/07/26 23:42:09 Number of idle job procs: 8
07/07/26 23:42:09 Reassigning the id of job EVALUATE from (170529.15.0) to (170529.16.0)
07/07/26 23:42:09 Event: ULOG_SUBMIT for HTCondor Node EVALUATE (170529.16.0) {07/07/26 23:42:04}
07/07/26 23:42:09 Number of idle job procs: 9
07/07/26 23:42:09 Reassigning the id of job EVALUATE from (170529.16.0) to (170529.17.0)
07/07/26 23:42:09 Event: ULOG_SUBMIT for HTCondor Node EVALUATE (170529.17.0) {07/07/26 23:42:04}
07/07/26 23:42:09 Number of idle job procs: 10
07/07/26 23:42:09 Reassigning the id of job EVALUATE from (170529.17.0) to (170529.18.0)
07/07/26 23:42:09 Event: ULOG_SUBMIT for HTCondor Node EVALUATE (170529.18.0) {07/07/26 23:42:04}
07/07/26 23:42:09 Number of idle job procs: 11
07/07/26 23:42:09 Reassigning the id of job EVALUATE from (170529.18.0) to (170529.19.0)
07/07/26 23:42:09 Event: ULOG_SUBMIT for HTCondor Node EVALUATE (170529.19.0) {07/07/26 23:42:04}
07/07/26 23:42:09 Number of idle job procs: 12
07/07/26 23:42:09 Reassigning the id of job EVALUATE from (170529.19.0) to (170529.2.0)
07/07/26 23:42:09 Event: ULOG_SUBMIT for HTCondor Node EVALUATE (170529.2.0) {07/07/26 23:42:04}
07/07/26 23:42:09 Number of idle job procs: 13
07/07/26 23:42:09 Reassigning the id of job EVALUATE from (170529.2.0) to (170529.20.0)
07/07/26 23:42:09 Event: ULOG_SUBMIT for HTCondor Node EVALUATE (170529.20.0) {07/07/26 23:42:04}
07/07/26 23:42:09 Number of idle job procs: 14
07/07/26 23:42:09 Reassigning the id of job EVALUATE from (170529.20.0) to (170529.21.0)
07/07/26 23:42:09 Event: ULOG_SUBMIT for HTCondor Node EVALUATE (170529.21.0) {07/07/26 23:42:04}
07/07/26 23:42:09 Number of idle job procs: 15
07/07/26 23:42:09 Reassigning the id of job EVALUATE from (170529.21.0) to (170529.22.0)
07/07/26 23:42:09 Event: ULOG_SUBMIT for HTCondor Node EVALUATE (170529.22.0) {07/07/26 23:42:04}
07/07/26 23:42:09 Number of idle job procs: 16
07/07/26 23:42:09 Reassigning the id of job EVALUATE from (170529.22.0) to (170529.23.0)
07/07/26 23:42:09 Event: ULOG_SUBMIT for HTCondor Node EVALUATE (170529.23.0) {07/07/26 23:42:04}
07/07/26 23:42:09 Number of idle job procs: 17
07/07/26 23:42:09 Reassigning the id of job EVALUATE from (170529.23.0) to (170529.24.0)
07/07/26 23:42:09 Event: ULOG_SUBMIT for HTCondor Node EVALUATE (170529.24.0) {07/07/26 23:42:04}
07/07/26 23:42:09 Number of idle job procs: 18
07/07/26 23:42:09 Reassigning the id of job EVALUATE from (170529.24.0) to (170529.25.0)
07/07/26 23:42:09 Event: ULOG_SUBMIT for HTCondor Node EVALUATE (170529.25.0) {07/07/26 23:42:04}
07/07/26 23:42:09 Number of idle job procs: 19
07/07/26 23:42:09 Reassigning the id of job EVALUATE from (170529.25.0) to (170529.26.0)
07/07/26 23:42:09 Event: ULOG_SUBMIT for HTCondor Node EVALUATE (170529.26.0) {07/07/26 23:42:04}
07/07/26 23:42:09 Number of idle job procs: 20
07/07/26 23:42:09 Reassigning the id of job EVALUATE from (170529.26.0) to (170529.27.0)
07/07/26 23:42:09 Event: ULOG_SUBMIT for HTCondor Node EVALUATE (170529.27.0) {07/07/26 23:42:04}
07/07/26 23:42:09 Number of idle job procs: 21
07/07/26 23:42:09 Reassigning the id of job EVALUATE from (170529.27.0) to (170529.28.0)
07/07/26 23:42:09 Event: ULOG_SUBMIT for HTCondor Node EVALUATE (170529.28.0) {07/07/26 23:42:04}
07/07/26 23:42:09 Number of idle job procs: 22
07/07/26 23:42:09 Reassigning the id of job EVALUATE from (170529.28.0) to (170529.29.0)
07/07/26 23:42:09 Event: ULOG_SUBMIT for HTCondor Node EVALUATE (170529.29.0) {07/07/26 23:42:04}
07/07/26 23:42:09 Number of idle job procs: 23
07/07/26 23:42:09 Reassigning the id of job EVALUATE from (170529.29.0) to (170529.3.0)
07/07/26 23:42:09 Event: ULOG_SUBMIT for HTCondor Node EVALUATE (170529.3.0) {07/07/26 23:42:04}
07/07/26 23:42:09 Number of idle job procs: 24
07/07/26 23:42:09 Reassigning the id of job EVALUATE from (170529.3.0) to (170529.30.0)
07/07/26 23:42:09 Event: ULOG_SUBMIT for HTCondor Node EVALUATE (170529.30.0) {07/07/26 23:42:04}
07/07/26 23:42:09 Number of idle job procs: 25
07/07/26 23:42:09 Reassigning the id of job EVALUATE from (170529.30.0) to (170529.31.0)
07/07/26 23:42:09 Event: ULOG_SUBMIT for HTCondor Node EVALUATE (170529.31.0) {07/07/26 23:42:04}
07/07/26 23:42:09 Number of idle job procs: 26
07/07/26 23:42:09 Reassigning the id of job EVALUATE from (170529.31.0) to (170529.32.0)
07/07/26 23:42:09 Event: ULOG_SUBMIT for HTCondor Node EVALUATE (170529.32.0) {07/07/26 23:42:04}
07/07/26 23:42:09 Number of idle job procs: 27
07/07/26 23:42:09 Reassigning the id of job EVALUATE from (170529.32.0) to (170529.33.0)
07/07/26 23:42:09 Event: ULOG_SUBMIT for HTCondor Node EVALUATE (170529.33.0) {07/07/26 23:42:04}
07/07/26 23:42:09 Number of idle job procs: 28
07/07/26 23:42:09 Reassigning the id of job EVALUATE from (170529.33.0) to (170529.34.0)
07/07/26 23:42:09 Event: ULOG_SUBMIT for HTCondor Node EVALUATE (170529.34.0) {07/07/26 23:42:04}
07/07/26 23:42:09 Number of idle job procs: 29
07/07/26 23:42:09 Reassigning the id of job EVALUATE from (170529.34.0) to (170529.35.0)
07/07/26 23:42:09 Event: ULOG_SUBMIT for HTCondor Node EVALUATE (170529.35.0) {07/07/26 23:42:04}
07/07/26 23:42:09 Number of idle job procs: 30
07/07/26 23:42:09 Reassigning the id of job EVALUATE from (170529.35.0) to (170529.36.0)
07/07/26 23:42:09 Event: ULOG_SUBMIT for HTCondor Node EVALUATE (170529.36.0) {07/07/26 23:42:04}
07/07/26 23:42:09 Number of idle job procs: 31
07/07/26 23:42:09 Reassigning the id of job EVALUATE from (170529.36.0) to (170529.37.0)
07/07/26 23:42:09 Event: ULOG_SUBMIT for HTCondor Node EVALUATE (170529.37.0) {07/07/26 23:42:04}
07/07/26 23:42:09 Number of idle job procs: 32
07/07/26 23:42:09 Reassigning the id of job EVALUATE from (170529.37.0) to (170529.38.0)
07/07/26 23:42:09 Event: ULOG_SUBMIT for HTCondor Node EVALUATE (170529.38.0) {07/07/26 23:42:04}
07/07/26 23:42:09 Number of idle job procs: 33
07/07/26 23:42:09 Reassigning the id of job EVALUATE from (170529.38.0) to (170529.39.0)
07/07/26 23:42:09 Event: ULOG_SUBMIT for HTCondor Node EVALUATE (170529.39.0) {07/07/26 23:42:04}
07/07/26 23:42:09 Number of idle job procs: 34
07/07/26 23:42:09 Reassigning the id of job EVALUATE from (170529.39.0) to (170529.4.0)
07/07/26 23:42:09 Event: ULOG_SUBMIT for HTCondor Node EVALUATE (170529.4.0) {07/07/26 23:42:04}
07/07/26 23:42:09 Number of idle job procs: 35
07/07/26 23:42:09 Reassigning the id of job EVALUATE from (170529.4.0) to (170529.5.0)
07/07/26 23:42:09 Event: ULOG_SUBMIT for HTCondor Node EVALUATE (170529.5.0) {07/07/26 23:42:04}
07/07/26 23:42:09 Number of idle job procs: 36
07/07/26 23:42:09 Reassigning the id of job EVALUATE from (170529.5.0) to (170529.6.0)
07/07/26 23:42:09 Event: ULOG_SUBMIT for HTCondor Node EVALUATE (170529.6.0) {07/07/26 23:42:04}
07/07/26 23:42:09 Number of idle job procs: 37
07/07/26 23:42:09 Reassigning the id of job EVALUATE from (170529.6.0) to (170529.7.0)
07/07/26 23:42:09 Event: ULOG_SUBMIT for HTCondor Node EVALUATE (170529.7.0) {07/07/26 23:42:04}
07/07/26 23:42:09 Number of idle job procs: 38
07/07/26 23:42:09 Reassigning the id of job EVALUATE from (170529.7.0) to (170529.8.0)
07/07/26 23:42:09 Event: ULOG_SUBMIT for HTCondor Node EVALUATE (170529.8.0) {07/07/26 23:42:04}
07/07/26 23:42:09 Number of idle job procs: 39
07/07/26 23:42:09 Reassigning the id of job EVALUATE from (170529.8.0) to (170529.9.0)
07/07/26 23:42:09 Event: ULOG_SUBMIT for HTCondor Node EVALUATE (170529.9.0) {07/07/26 23:42:04}
07/07/26 23:42:09 Number of idle job procs: 40
07/07/26 23:52:10 601 seconds since last log event
07/07/26 23:52:10 Pending DAG nodes:
07/07/26 23:52:10   Node EVALUATE, HTCondor ID 170529, status STATUS_SUBMITTED
07/07/26 23:57:05 Total jobs placed to AP: 40
07/07/26 23:57:05      Idle     Held     Running     Successful     Failed
07/07/26 23:57:05       ===      ===         ===            ===        ===
07/07/26 23:57:05        40        0           0              0          0
07/08/26 00:02:10 1201 seconds since last log event
07/08/26 00:02:10 Pending DAG nodes:
07/08/26 00:02:10   Node EVALUATE, HTCondor ID 170529, status STATUS_SUBMITTED
07/08/26 00:12:06 Total jobs placed to AP: 40
07/08/26 00:12:06      Idle     Held     Running     Successful     Failed
07/08/26 00:12:06       ===      ===         ===            ===        ===
07/08/26 00:12:06        40        0           0              0          0
07/08/26 00:12:11 1802 seconds since last log event
07/08/26 00:12:11 Pending DAG nodes:
07/08/26 00:12:11   Node EVALUATE, HTCondor ID 170529, status STATUS_SUBMITTED
07/08/26 00:22:11 2402 seconds since last log event
07/08/26 00:22:11 Pending DAG nodes:
07/08/26 00:22:11   Node EVALUATE, HTCondor ID 170529, status STATUS_SUBMITTED
07/08/26 00:25:56 Currently monitoring 1 HTCondor log file(s)
07/08/26 00:25:56 Event: ULOG_EXECUTE for HTCondor Node EVALUATE (170529.0.0) {07/08/26 00:25:56}
07/08/26 00:25:56 Number of idle job procs: 39
07/08/26 00:26:06 Currently monitoring 1 HTCondor log file(s)
07/08/26 00:26:06 Event: ULOG_EXECUTE for HTCondor Node EVALUATE (170529.1.0) {07/08/26 00:26:02}
07/08/26 00:26:06 Number of idle job procs: 38
07/08/26 00:26:06 Event: ULOG_EXECUTE for HTCondor Node EVALUATE (170529.2.0) {07/08/26 00:26:03}
07/08/26 00:26:06 Number of idle job procs: 37
07/08/26 00:26:31 Currently monitoring 1 HTCondor log file(s)
07/08/26 00:26:31 Event: ULOG_EXECUTE for HTCondor Node EVALUATE (170529.3.0) {07/08/26 00:26:26}
07/08/26 00:26:31 Number of idle job procs: 36
07/08/26 00:26:31 Event: ULOG_EXECUTE for HTCondor Node EVALUATE (170529.4.0) {07/08/26 00:26:27}
07/08/26 00:26:31 Number of idle job procs: 35
07/08/26 00:27:07 Total jobs placed to AP: 40
07/08/26 00:27:07      Idle     Held     Running     Successful     Failed
07/08/26 00:27:07       ===      ===         ===            ===        ===
07/08/26 00:27:07        35        0           5              0          0
07/08/26 00:27:47 Currently monitoring 1 HTCondor log file(s)
07/08/26 00:27:47 Event: ULOG_EXECUTE for HTCondor Node EVALUATE (170529.6.0) {07/08/26 00:27:46}
07/08/26 00:27:47 Number of idle job procs: 34
07/08/26 00:27:47 Event: ULOG_EXECUTE for HTCondor Node EVALUATE (170529.5.0) {07/08/26 00:27:46}
07/08/26 00:27:47 Number of idle job procs: 33
07/08/26 00:37:47 600 seconds since last log event
07/08/26 00:37:47 Pending DAG nodes:
07/08/26 00:37:47   Node EVALUATE, HTCondor ID 170529, status STATUS_SUBMITTED
07/08/26 00:38:07 Currently monitoring 1 HTCondor log file(s)
07/08/26 00:38:07 Event: ULOG_EXECUTE for HTCondor Node EVALUATE (170529.7.0) {07/08/26 00:38:06}
07/08/26 00:38:07 Number of idle job procs: 32
07/08/26 00:42:07 Total jobs placed to AP: 40
07/08/26 00:42:07      Idle     Held     Running     Successful     Failed
07/08/26 00:42:07       ===      ===         ===            ===        ===
07/08/26 00:42:07        32        0           8              0          0
07/08/26 00:45:07 Currently monitoring 1 HTCondor log file(s)
07/08/26 00:45:07 Event: ULOG_EXECUTE for HTCondor Node EVALUATE (170529.8.0) {07/08/26 00:45:06}
07/08/26 00:45:07 Number of idle job procs: 31
07/08/26 00:54:58 Currently monitoring 1 HTCondor log file(s)
07/08/26 00:54:58 Event: ULOG_JOB_TERMINATED for HTCondor Node EVALUATE (170529.1.0) {07/08/26 00:54:54}
07/08/26 00:54:58 Number of idle job procs: 31
07/08/26 00:54:58 Node EVALUATE job proc (170529.1.0) completed successfully.
07/08/26 00:55:13 Currently monitoring 1 HTCondor log file(s)
07/08/26 00:55:13 Event: ULOG_JOB_TERMINATED for HTCondor Node EVALUATE (170529.0.0) {07/08/26 00:55:11}
07/08/26 00:55:13 Number of idle job procs: 31
07/08/26 00:55:13 Node EVALUATE job proc (170529.0.0) completed successfully.
07/08/26 00:56:23 Currently monitoring 1 HTCondor log file(s)
07/08/26 00:56:23 Event: ULOG_JOB_TERMINATED for HTCondor Node EVALUATE (170529.3.0) {07/08/26 00:56:22}
07/08/26 00:56:23 Number of idle job procs: 31
07/08/26 00:56:23 Node EVALUATE job proc (170529.3.0) completed successfully.
07/08/26 00:56:43 Currently monitoring 1 HTCondor log file(s)
07/08/26 00:56:43 Event: ULOG_EXECUTE for HTCondor Node EVALUATE (170529.9.0) {07/08/26 00:56:42}
07/08/26 00:56:43 Number of idle job procs: 30
07/08/26 00:56:43 Event: ULOG_EXECUTE for HTCondor Node EVALUATE (170529.10.0) {07/08/26 00:56:42}
07/08/26 00:56:43 Number of idle job procs: 29
07/08/26 00:57:08 Total jobs placed to AP: 40
07/08/26 00:57:08      Idle     Held     Running     Successful     Failed
07/08/26 00:57:08       ===      ===         ===            ===        ===
07/08/26 00:57:08        29        0           8              3          0
07/08/26 00:57:23 Currently monitoring 1 HTCondor log file(s)
07/08/26 00:57:23 Event: ULOG_JOB_TERMINATED for HTCondor Node EVALUATE (170529.4.0) {07/08/26 00:57:22}
07/08/26 00:57:23 Number of idle job procs: 29
07/08/26 00:57:23 Node EVALUATE job proc (170529.4.0) completed successfully.
07/08/26 00:57:43 Currently monitoring 1 HTCondor log file(s)
07/08/26 00:57:43 Event: ULOG_EXECUTE for HTCondor Node EVALUATE (170529.11.0) {07/08/26 00:57:43}
07/08/26 00:57:43 Number of idle job procs: 28
07/08/26 00:58:18 Currently monitoring 1 HTCondor log file(s)
07/08/26 00:58:18 Event: ULOG_JOB_TERMINATED for HTCondor Node EVALUATE (170529.5.0) {07/08/26 00:58:17}
07/08/26 00:58:18 Number of idle job procs: 28
07/08/26 00:58:18 Node EVALUATE job proc (170529.5.0) completed successfully.
07/08/26 00:58:43 Currently monitoring 1 HTCondor log file(s)
07/08/26 00:58:43 Event: ULOG_EXECUTE for HTCondor Node EVALUATE (170529.12.0) {07/08/26 00:58:43}
07/08/26 00:58:43 Number of idle job procs: 27
07/08/26 00:58:58 Currently monitoring 1 HTCondor log file(s)
07/08/26 00:58:58 Event: ULOG_JOB_TERMINATED for HTCondor Node EVALUATE (170529.6.0) {07/08/26 00:58:55}
07/08/26 00:58:58 Number of idle job procs: 27
07/08/26 00:58:58 Node EVALUATE job proc (170529.6.0) completed successfully.
07/08/26 00:59:43 Currently monitoring 1 HTCondor log file(s)
07/08/26 00:59:43 Event: ULOG_EXECUTE for HTCondor Node EVALUATE (170529.13.0) {07/08/26 00:59:43}
07/08/26 00:59:43 Number of idle job procs: 26
07/08/26 00:59:43 Event: ULOG_EXECUTE for HTCondor Node EVALUATE (170529.14.0) {07/08/26 00:59:43}
07/08/26 00:59:43 Number of idle job procs: 25
07/08/26 01:00:33 Currently monitoring 1 HTCondor log file(s)
07/08/26 01:00:33 Event: ULOG_EXECUTE for HTCondor Node EVALUATE (170529.15.0) {07/08/26 01:00:30}
07/08/26 01:00:33 Number of idle job procs: 24
07/08/26 01:01:33 Currently monitoring 1 HTCondor log file(s)
07/08/26 01:01:33 Event: ULOG_EXECUTE for HTCondor Node EVALUATE (170529.17.0) {07/08/26 01:01:31}
07/08/26 01:01:33 Number of idle job procs: 23
07/08/26 01:01:33 Event: ULOG_EXECUTE for HTCondor Node EVALUATE (170529.16.0) {07/08/26 01:01:31}
07/08/26 01:01:33 Number of idle job procs: 22
07/08/26 01:01:53 Currently monitoring 1 HTCondor log file(s)
07/08/26 01:01:53 Event: ULOG_JOB_TERMINATED for HTCondor Node EVALUATE (170529.2.0) {07/08/26 01:01:51}
07/08/26 01:01:53 Number of idle job procs: 22
07/08/26 01:01:53 Node EVALUATE job proc (170529.2.0) completed successfully.
07/08/26 01:02:23 Currently monitoring 1 HTCondor log file(s)
07/08/26 01:02:23 Event: ULOG_EXECUTE for HTCondor Node EVALUATE (170529.19.0) {07/08/26 01:02:21}
07/08/26 01:02:23 Number of idle job procs: 21
07/08/26 01:02:23 Event: ULOG_EXECUTE for HTCondor Node EVALUATE (170529.18.0) {07/08/26 01:02:21}
07/08/26 01:02:23 Number of idle job procs: 20
07/08/26 01:04:24 Currently monitoring 1 HTCondor log file(s)
07/08/26 01:04:24 Event: ULOG_EXECUTE for HTCondor Node EVALUATE (170529.20.0) {07/08/26 01:04:20}
07/08/26 01:04:24 Number of idle job procs: 19
07/08/26 01:04:24 Event: ULOG_EXECUTE for HTCondor Node EVALUATE (170529.21.0) {07/08/26 01:04:20}
07/08/26 01:04:24 Number of idle job procs: 18
07/08/26 01:05:24 Currently monitoring 1 HTCondor log file(s)
07/08/26 01:05:24 Event: ULOG_EXECUTE for HTCondor Node EVALUATE (170529.22.0) {07/08/26 01:05:20}
07/08/26 01:05:24 Number of idle job procs: 17
07/08/26 01:06:24 Currently monitoring 1 HTCondor log file(s)
07/08/26 01:06:24 Event: ULOG_EXECUTE for HTCondor Node EVALUATE (170529.23.0) {07/08/26 01:06:21}
07/08/26 01:06:24 Number of idle job procs: 16
07/08/26 01:07:19 Currently monitoring 1 HTCondor log file(s)
07/08/26 01:07:19 Event: ULOG_JOB_TERMINATED for HTCondor Node EVALUATE (170529.7.0) {07/08/26 01:07:18}
07/08/26 01:07:19 Number of idle job procs: 16
07/08/26 01:07:19 Node EVALUATE job proc (170529.7.0) completed successfully.
07/08/26 01:07:24 Currently monitoring 1 HTCondor log file(s)
07/08/26 01:07:24 Event: ULOG_EXECUTE for HTCondor Node EVALUATE (170529.25.0) {07/08/26 01:07:21}
07/08/26 01:07:24 Number of idle job procs: 15
07/08/26 01:07:24 Event: ULOG_EXECUTE for HTCondor Node EVALUATE (170529.24.0) {07/08/26 01:07:21}
07/08/26 01:07:24 Number of idle job procs: 14
07/08/26 01:08:24 Currently monitoring 1 HTCondor log file(s)
07/08/26 01:08:24 Event: ULOG_EXECUTE for HTCondor Node EVALUATE (170529.27.0) {07/08/26 01:08:21}
07/08/26 01:08:24 Number of idle job procs: 13
07/08/26 01:08:24 Event: ULOG_EXECUTE for HTCondor Node EVALUATE (170529.26.0) {07/08/26 01:08:21}
07/08/26 01:08:24 Number of idle job procs: 12
07/08/26 01:09:24 Currently monitoring 1 HTCondor log file(s)
07/08/26 01:09:24 Event: ULOG_EXECUTE for HTCondor Node EVALUATE (170529.28.0) {07/08/26 01:09:20}
07/08/26 01:09:24 Number of idle job procs: 11
07/08/26 01:09:24 Event: ULOG_EXECUTE for HTCondor Node EVALUATE (170529.29.0) {07/08/26 01:09:20}
07/08/26 01:09:24 Number of idle job procs: 10
07/08/26 01:09:24 Event: ULOG_EXECUTE for HTCondor Node EVALUATE (170529.30.0) {07/08/26 01:09:20}
07/08/26 01:09:24 Number of idle job procs: 9
07/08/26 01:10:24 Currently monitoring 1 HTCondor log file(s)
07/08/26 01:10:24 Event: ULOG_EXECUTE for HTCondor Node EVALUATE (170529.32.0) {07/08/26 01:10:20}
07/08/26 01:10:24 Number of idle job procs: 8
07/08/26 01:10:24 Event: ULOG_EXECUTE for HTCondor Node EVALUATE (170529.31.0) {07/08/26 01:10:20}
07/08/26 01:10:24 Number of idle job procs: 7
07/08/26 01:12:09 Total jobs placed to AP: 40
07/08/26 01:12:09      Idle     Held     Running     Successful     Failed
07/08/26 01:12:09       ===      ===         ===            ===        ===
07/08/26 01:12:09         7        0          25              8          0
07/08/26 01:12:54 Currently monitoring 1 HTCondor log file(s)
07/08/26 01:12:54 Event: ULOG_JOB_TERMINATED for HTCondor Node EVALUATE (170529.8.0) {07/08/26 01:12:49}
07/08/26 01:12:54 Number of idle job procs: 7
07/08/26 01:12:54 Node EVALUATE job proc (170529.8.0) completed successfully.
07/08/26 01:13:44 Currently monitoring 1 HTCondor log file(s)
07/08/26 01:13:44 Event: ULOG_EXECUTE for HTCondor Node EVALUATE (170529.33.0) {07/08/26 01:13:41}
07/08/26 01:13:44 Number of idle job procs: 6
07/08/26 01:15:44 Currently monitoring 1 HTCondor log file(s)
07/08/26 01:15:44 Event: ULOG_EXECUTE for HTCondor Node EVALUATE (170529.34.0) {07/08/26 01:15:40}
07/08/26 01:15:44 Number of idle job procs: 5
07/08/26 01:23:55 Currently monitoring 1 HTCondor log file(s)
07/08/26 01:23:55 Event: ULOG_EXECUTE for HTCondor Node EVALUATE (170529.35.0) {07/08/26 01:23:50}
07/08/26 01:23:55 Number of idle job procs: 4
07/08/26 01:23:55 Event: ULOG_EXECUTE for HTCondor Node EVALUATE (170529.36.0) {07/08/26 01:23:50}
07/08/26 01:23:55 Number of idle job procs: 3
07/08/26 01:26:40 Currently monitoring 1 HTCondor log file(s)
07/08/26 01:26:40 Event: ULOG_JOB_TERMINATED for HTCondor Node EVALUATE (170529.10.0) {07/08/26 01:26:39}
07/08/26 01:26:40 Number of idle job procs: 3
07/08/26 01:26:40 Node EVALUATE job proc (170529.10.0) completed successfully.
07/08/26 01:27:10 Total jobs placed to AP: 40
07/08/26 01:27:10      Idle     Held     Running     Successful     Failed
07/08/26 01:27:10       ===      ===         ===            ===        ===
07/08/26 01:27:10         3        0          27             10          0
07/08/26 01:27:20 Currently monitoring 1 HTCondor log file(s)
07/08/26 01:27:20 Event: ULOG_JOB_TERMINATED for HTCondor Node EVALUATE (170529.9.0) {07/08/26 01:27:20}
07/08/26 01:27:20 Number of idle job procs: 3
07/08/26 01:27:20 Node EVALUATE job proc (170529.9.0) completed successfully.
07/08/26 01:28:20 Currently monitoring 1 HTCondor log file(s)
07/08/26 01:28:20 Event: ULOG_JOB_TERMINATED for HTCondor Node EVALUATE (170529.11.0) {07/08/26 01:28:18}
07/08/26 01:28:20 Number of idle job procs: 3
07/08/26 01:28:20 Node EVALUATE job proc (170529.11.0) completed successfully.
07/08/26 01:28:50 Currently monitoring 1 HTCondor log file(s)
07/08/26 01:28:50 Event: ULOG_EXECUTE for HTCondor Node EVALUATE (170529.37.0) {07/08/26 01:28:49}
07/08/26 01:28:50 Number of idle job procs: 2
07/08/26 01:29:35 Currently monitoring 1 HTCondor log file(s)
07/08/26 01:29:35 Event: ULOG_JOB_TERMINATED for HTCondor Node EVALUATE (170529.14.0) {07/08/26 01:29:32}
07/08/26 01:29:35 Number of idle job procs: 2
07/08/26 01:29:35 Node EVALUATE job proc (170529.14.0) completed successfully.
07/08/26 01:29:35 Event: ULOG_JOB_TERMINATED for HTCondor Node EVALUATE (170529.12.0) {07/08/26 01:29:34}
07/08/26 01:29:35 Number of idle job procs: 2
07/08/26 01:29:35 Node EVALUATE job proc (170529.12.0) completed successfully.
07/08/26 01:29:50 Currently monitoring 1 HTCondor log file(s)
07/08/26 01:29:50 Event: ULOG_JOB_TERMINATED for HTCondor Node EVALUATE (170529.16.0) {07/08/26 01:29:48}
07/08/26 01:29:50 Number of idle job procs: 2
07/08/26 01:29:50 Node EVALUATE job proc (170529.16.0) completed successfully.
07/08/26 01:29:50 Event: ULOG_EXECUTE for HTCondor Node EVALUATE (170529.38.0) {07/08/26 01:29:49}
07/08/26 01:29:50 Number of idle job procs: 1
07/08/26 01:29:50 Event: ULOG_EXECUTE for HTCondor Node EVALUATE (170529.39.0) {07/08/26 01:29:49}
07/08/26 01:29:50 Number of idle job procs: 0
07/08/26 01:30:05 Currently monitoring 1 HTCondor log file(s)
07/08/26 01:30:05 Event: ULOG_JOB_TERMINATED for HTCondor Node EVALUATE (170529.15.0) {07/08/26 01:30:04}
07/08/26 01:30:05 Number of idle job procs: 0
07/08/26 01:30:05 Node EVALUATE job proc (170529.15.0) completed successfully.
07/08/26 01:30:05 Event: ULOG_JOB_TERMINATED for HTCondor Node EVALUATE (170529.19.0) {07/08/26 01:30:04}
07/08/26 01:30:05 Number of idle job procs: 0
07/08/26 01:30:05 Node EVALUATE job proc (170529.19.0) completed successfully.
07/08/26 01:30:10 Currently monitoring 1 HTCondor log file(s)
07/08/26 01:30:10 Event: ULOG_JOB_TERMINATED for HTCondor Node EVALUATE (170529.13.0) {07/08/26 01:30:07}
07/08/26 01:30:10 Number of idle job procs: 0
07/08/26 01:30:10 Node EVALUATE job proc (170529.13.0) completed successfully.
07/08/26 01:33:05 Currently monitoring 1 HTCondor log file(s)
07/08/26 01:33:05 Event: ULOG_JOB_TERMINATED for HTCondor Node EVALUATE (170529.21.0) {07/08/26 01:33:01}
07/08/26 01:33:05 Number of idle job procs: 0
07/08/26 01:33:05 Node EVALUATE job proc (170529.21.0) completed successfully.
07/08/26 01:33:20 Currently monitoring 1 HTCondor log file(s)
07/08/26 01:33:20 Event: ULOG_JOB_TERMINATED for HTCondor Node EVALUATE (170529.18.0) {07/08/26 01:33:20}
07/08/26 01:33:20 Number of idle job procs: 0
07/08/26 01:33:20 Node EVALUATE job proc (170529.18.0) completed successfully.
07/08/26 01:34:10 Currently monitoring 1 HTCondor log file(s)
07/08/26 01:34:10 Event: ULOG_JOB_TERMINATED for HTCondor Node EVALUATE (170529.20.0) {07/08/26 01:34:09}
07/08/26 01:34:10 Number of idle job procs: 0
07/08/26 01:34:10 Node EVALUATE job proc (170529.20.0) completed successfully.
07/08/26 01:34:50 Currently monitoring 1 HTCondor log file(s)
07/08/26 01:34:50 Event: ULOG_JOB_TERMINATED for HTCondor Node EVALUATE (170529.22.0) {07/08/26 01:34:49}
07/08/26 01:34:50 Number of idle job procs: 0
07/08/26 01:34:50 Node EVALUATE job proc (170529.22.0) completed successfully.
07/08/26 01:35:35 Currently monitoring 1 HTCondor log file(s)
07/08/26 01:35:35 Event: ULOG_JOB_TERMINATED for HTCondor Node EVALUATE (170529.17.0) {07/08/26 01:35:34}
07/08/26 01:35:35 Number of idle job procs: 0
07/08/26 01:35:35 Node EVALUATE job proc (170529.17.0) completed successfully.
07/08/26 01:36:35 Currently monitoring 1 HTCondor log file(s)
07/08/26 01:36:35 Event: ULOG_JOB_TERMINATED for HTCondor Node EVALUATE (170529.23.0) {07/08/26 01:36:33}
07/08/26 01:36:35 Number of idle job procs: 0
07/08/26 01:36:35 Node EVALUATE job proc (170529.23.0) completed successfully.
07/08/26 01:37:10 Currently monitoring 1 HTCondor log file(s)
07/08/26 01:37:10 Event: ULOG_JOB_TERMINATED for HTCondor Node EVALUATE (170529.25.0) {07/08/26 01:37:07}
07/08/26 01:37:10 Number of idle job procs: 0
07/08/26 01:37:10 Node EVALUATE job proc (170529.25.0) completed successfully.
07/08/26 01:37:45 Currently monitoring 1 HTCondor log file(s)
07/08/26 01:37:45 Event: ULOG_JOB_TERMINATED for HTCondor Node EVALUATE (170529.27.0) {07/08/26 01:37:44}
07/08/26 01:37:45 Number of idle job procs: 0
07/08/26 01:37:45 Node EVALUATE job proc (170529.27.0) completed successfully.
07/08/26 01:37:50 Currently monitoring 1 HTCondor log file(s)
07/08/26 01:37:50 Event: ULOG_JOB_TERMINATED for HTCondor Node EVALUATE (170529.26.0) {07/08/26 01:37:49}
07/08/26 01:37:50 Number of idle job procs: 0
07/08/26 01:37:50 Node EVALUATE job proc (170529.26.0) completed successfully.
07/08/26 01:38:50 Currently monitoring 1 HTCondor log file(s)
07/08/26 01:38:50 Event: ULOG_JOB_TERMINATED for HTCondor Node EVALUATE (170529.32.0) {07/08/26 01:38:47}
07/08/26 01:38:50 Number of idle job procs: 0
07/08/26 01:38:50 Node EVALUATE job proc (170529.32.0) completed successfully.
07/08/26 01:39:00 Currently monitoring 1 HTCondor log file(s)
07/08/26 01:39:00 Event: ULOG_JOB_TERMINATED for HTCondor Node EVALUATE (170529.24.0) {07/08/26 01:38:57}
07/08/26 01:39:00 Number of idle job procs: 0
07/08/26 01:39:00 Node EVALUATE job proc (170529.24.0) completed successfully.
07/08/26 01:39:10 Currently monitoring 1 HTCondor log file(s)
07/08/26 01:39:10 Event: ULOG_JOB_TERMINATED for HTCondor Node EVALUATE (170529.28.0) {07/08/26 01:39:07}
07/08/26 01:39:10 Number of idle job procs: 0
07/08/26 01:39:10 Node EVALUATE job proc (170529.28.0) completed successfully.
07/08/26 01:39:30 Currently monitoring 1 HTCondor log file(s)
07/08/26 01:39:30 Event: ULOG_JOB_TERMINATED for HTCondor Node EVALUATE (170529.31.0) {07/08/26 01:39:28}
07/08/26 01:39:30 Number of idle job procs: 0
07/08/26 01:39:30 Node EVALUATE job proc (170529.31.0) completed successfully.
07/08/26 01:39:50 Currently monitoring 1 HTCondor log file(s)
07/08/26 01:39:50 Event: ULOG_JOB_TERMINATED for HTCondor Node EVALUATE (170529.29.0) {07/08/26 01:39:48}
07/08/26 01:39:50 Number of idle job procs: 0
07/08/26 01:39:50 Node EVALUATE job proc (170529.29.0) completed successfully.
07/08/26 01:40:10 Currently monitoring 1 HTCondor log file(s)
07/08/26 01:40:10 Event: ULOG_JOB_TERMINATED for HTCondor Node EVALUATE (170529.30.0) {07/08/26 01:40:06}
07/08/26 01:40:10 Number of idle job procs: 0
07/08/26 01:40:10 Node EVALUATE job proc (170529.30.0) completed successfully.
07/08/26 01:42:11 Total jobs placed to AP: 40
07/08/26 01:42:11      Idle     Held     Running     Successful     Failed
07/08/26 01:42:11       ===      ===         ===            ===        ===
07/08/26 01:42:11         0        0           7             33          0
07/08/26 01:45:56 Currently monitoring 1 HTCondor log file(s)
07/08/26 01:45:56 Event: ULOG_JOB_TERMINATED for HTCondor Node EVALUATE (170529.34.0) {07/08/26 01:45:55}
07/08/26 01:45:56 Number of idle job procs: 0
07/08/26 01:45:56 Node EVALUATE job proc (170529.34.0) completed successfully.
07/08/26 01:48:41 Currently monitoring 1 HTCondor log file(s)
07/08/26 01:48:41 Event: ULOG_JOB_TERMINATED for HTCondor Node EVALUATE (170529.33.0) {07/08/26 01:48:39}
07/08/26 01:48:41 Number of idle job procs: 0
07/08/26 01:48:41 Node EVALUATE job proc (170529.33.0) completed successfully.
07/08/26 01:51:01 Currently monitoring 1 HTCondor log file(s)
07/08/26 01:51:01 Event: ULOG_JOB_TERMINATED for HTCondor Node EVALUATE (170529.36.0) {07/08/26 01:51:01}
07/08/26 01:51:01 Number of idle job procs: 0
07/08/26 01:51:01 Node EVALUATE job proc (170529.36.0) completed successfully.
07/08/26 01:51:21 Currently monitoring 1 HTCondor log file(s)
07/08/26 01:51:21 Event: ULOG_JOB_TERMINATED for HTCondor Node EVALUATE (170529.35.0) {07/08/26 01:51:21}
07/08/26 01:51:21 Number of idle job procs: 0
07/08/26 01:51:21 Node EVALUATE job proc (170529.35.0) completed successfully.
07/08/26 01:57:11 Total jobs placed to AP: 40
07/08/26 01:57:11      Idle     Held     Running     Successful     Failed
07/08/26 01:57:11       ===      ===         ===            ===        ===
07/08/26 01:57:11         0        0           3             37          0
07/08/26 01:59:06 Currently monitoring 1 HTCondor log file(s)
07/08/26 01:59:06 Event: ULOG_JOB_TERMINATED for HTCondor Node EVALUATE (170529.37.0) {07/08/26 01:59:03}
07/08/26 01:59:06 Number of idle job procs: 0
07/08/26 01:59:06 Node EVALUATE job proc (170529.37.0) completed successfully.
07/08/26 02:00:57 Currently monitoring 1 HTCondor log file(s)
07/08/26 02:00:57 Event: ULOG_JOB_TERMINATED for HTCondor Node EVALUATE (170529.38.0) {07/08/26 02:00:54}
07/08/26 02:00:57 Number of idle job procs: 0
07/08/26 02:00:57 Node EVALUATE job proc (170529.38.0) completed successfully.
07/08/26 02:01:07 Currently monitoring 1 HTCondor log file(s)
07/08/26 02:01:07 Event: ULOG_JOB_TERMINATED for HTCondor Node EVALUATE (170529.39.0) {07/08/26 02:01:04}
07/08/26 02:01:07 Number of idle job procs: 0
07/08/26 02:01:07 Node EVALUATE job proc (170529.39.0) completed successfully.
07/08/26 02:01:07 Node EVALUATE job(s) have exited the queue
07/08/26 02:01:07 DAG status: 0 (DAG_STATUS_OK)
07/08/26 02:01:07 Of 5 nodes total:
07/08/26 02:01:07  Done     Pre   Queued    Post   Ready   Un-Ready   Failed   Futile
07/08/26 02:01:07   ===     ===      ===     ===     ===        ===      ===      ===
07/08/26 02:01:07     4       0        0       0       1          0        0        0
07/08/26 02:01:07 0 job proc(s) currently held
07/08/26 02:01:07 DAGMan Runtime Statistics: [EventCycleTimeAvg=0.001; EventCycleTimeMax=0.333; EventCycleTimeMin=0.000; EventCycleTimeStd=0.008; EventCycleTimeSum=0.859; SleepCycleTimeAvg=5.004; SleepCycleTimeMax=5.024; SleepCycleTimeMin=5.000; SleepCycleTimeStd=0.002; SleepCycleTimeSum=8341.832; SubmitCycleTimeAvg=0.000; SubmitCycleTimeMax=0.328; SubmitCycleTimeMin=0.000; SubmitCycleTimeStd=0.008; SubmitCycleTimeSum=0.330; EventCycleTimeCount=1667.000; SleepCycleTimeCount=1667.000; SubmitCycleTimeCount=1668.000; LogProcessCycleTimeAvg=0.004; LogProcessCycleTimeMax=0.058; LogProcessCycleTimeMin=0.002; LogProcessCycleTimeStd=0.007; LogProcessCycleTimeSum=0.252; LogProcessCycleTimeCount=63.000; ]
07/08/26 02:01:12 Submitting HTCondor Node MERGE_EVALUATION job(s)...
07/08/26 02:01:12 Submitting node MERGE_EVALUATION from file transport_linetrack_80_40_action_shield_merge_evaluation.sub using direct job submission
07/08/26 02:01:12 	assigned HTCondor ID (170543.0.0)
07/08/26 02:01:12 Just submitted 1 job this cycle...
07/08/26 02:01:12 DAG status: 0 (DAG_STATUS_OK)
07/08/26 02:01:12 Of 5 nodes total:
07/08/26 02:01:12  Done     Pre   Queued    Post   Ready   Un-Ready   Failed   Futile
07/08/26 02:01:12   ===     ===      ===     ===     ===        ===      ===      ===
07/08/26 02:01:12     4       0        1       0       0          0        0        0
07/08/26 02:01:12 0 job proc(s) currently held
07/08/26 02:01:12 DAGMan Runtime Statistics: [EventCycleTimeAvg=0.001; EventCycleTimeMax=0.333; EventCycleTimeMin=0.000; EventCycleTimeStd=0.008; EventCycleTimeSum=0.870; SleepCycleTimeAvg=5.004; SleepCycleTimeMax=5.024; SleepCycleTimeMin=5.000; SleepCycleTimeStd=0.002; SleepCycleTimeSum=8346.833; SubmitCycleTimeAvg=0.000; SubmitCycleTimeMax=0.328; SubmitCycleTimeMin=0.000; SubmitCycleTimeStd=0.008; SubmitCycleTimeSum=0.389; EventCycleTimeCount=1668.000; SleepCycleTimeCount=1668.000; SubmitCycleTimeCount=1669.000; LogProcessCycleTimeAvg=0.004; LogProcessCycleTimeMax=0.058; LogProcessCycleTimeMin=0.002; LogProcessCycleTimeStd=0.007; LogProcessCycleTimeSum=0.252; LogProcessCycleTimeCount=63.000; ]
07/08/26 02:01:17 Currently monitoring 1 HTCondor log file(s)
07/08/26 02:01:17 Reassigning the id of job MERGE_EVALUATION from (170543.0.0) to (170543.0.0)
07/08/26 02:01:17 Event: ULOG_SUBMIT for HTCondor Node MERGE_EVALUATION (170543.0.0) {07/08/26 02:01:12}
07/08/26 02:01:17 Number of idle job procs: 1
07/08/26 02:11:17 600 seconds since last log event
07/08/26 02:11:17 Pending DAG nodes:
07/08/26 02:11:17   Node MERGE_EVALUATION, HTCondor ID 170543, status STATUS_SUBMITTED
07/08/26 02:12:12 Total jobs placed to AP: 41
07/08/26 02:12:12      Idle     Held     Running     Successful     Failed
07/08/26 02:12:12       ===      ===         ===            ===        ===
07/08/26 02:12:12         1        0           0             40          0
07/08/26 02:21:17 1200 seconds since last log event
07/08/26 02:21:17 Pending DAG nodes:
07/08/26 02:21:17   Node MERGE_EVALUATION, HTCondor ID 170543, status STATUS_SUBMITTED
07/08/26 02:27:12 Total jobs placed to AP: 41
07/08/26 02:27:12      Idle     Held     Running     Successful     Failed
07/08/26 02:27:12       ===      ===         ===            ===        ===
07/08/26 02:27:12         1        0           0             40          0
07/08/26 02:31:17 1800 seconds since last log event
07/08/26 02:31:17 Pending DAG nodes:
07/08/26 02:31:17   Node MERGE_EVALUATION, HTCondor ID 170543, status STATUS_SUBMITTED
07/08/26 02:41:18 2401 seconds since last log event
07/08/26 02:41:18 Pending DAG nodes:
07/08/26 02:41:18   Node MERGE_EVALUATION, HTCondor ID 170543, status STATUS_SUBMITTED
07/08/26 02:42:13 Total jobs placed to AP: 41
07/08/26 02:42:13      Idle     Held     Running     Successful     Failed
07/08/26 02:42:13       ===      ===         ===            ===        ===
07/08/26 02:42:13         1        0           0             40          0
07/08/26 02:51:18 3001 seconds since last log event
07/08/26 02:51:18 Pending DAG nodes:
07/08/26 02:51:18   Node MERGE_EVALUATION, HTCondor ID 170543, status STATUS_SUBMITTED
07/08/26 02:57:13 Total jobs placed to AP: 41
07/08/26 02:57:13      Idle     Held     Running     Successful     Failed
07/08/26 02:57:13       ===      ===         ===            ===        ===
07/08/26 02:57:13         1        0           0             40          0
07/08/26 03:01:19 3602 seconds since last log event
07/08/26 03:01:19 Pending DAG nodes:
07/08/26 03:01:19   Node MERGE_EVALUATION, HTCondor ID 170543, status STATUS_SUBMITTED
07/08/26 03:11:19 4202 seconds since last log event
07/08/26 03:11:19 Pending DAG nodes:
07/08/26 03:11:19   Node MERGE_EVALUATION, HTCondor ID 170543, status STATUS_SUBMITTED
07/08/26 03:12:14 Total jobs placed to AP: 41
07/08/26 03:12:14      Idle     Held     Running     Successful     Failed
07/08/26 03:12:14       ===      ===         ===            ===        ===
07/08/26 03:12:14         1        0           0             40          0
07/08/26 03:21:20 4803 seconds since last log event
07/08/26 03:21:20 Pending DAG nodes:
07/08/26 03:21:20   Node MERGE_EVALUATION, HTCondor ID 170543, status STATUS_SUBMITTED
07/08/26 03:27:15 Total jobs placed to AP: 41
07/08/26 03:27:15      Idle     Held     Running     Successful     Failed
07/08/26 03:27:15       ===      ===         ===            ===        ===
07/08/26 03:27:15         1        0           0             40          0
07/08/26 03:31:20 5403 seconds since last log event
07/08/26 03:31:20 Pending DAG nodes:
07/08/26 03:31:20   Node MERGE_EVALUATION, HTCondor ID 170543, status STATUS_SUBMITTED
07/08/26 03:41:21 6004 seconds since last log event
07/08/26 03:41:21 Pending DAG nodes:
07/08/26 03:41:21   Node MERGE_EVALUATION, HTCondor ID 170543, status STATUS_SUBMITTED
07/08/26 03:42:16 Total jobs placed to AP: 41
07/08/26 03:42:16      Idle     Held     Running     Successful     Failed
07/08/26 03:42:16       ===      ===         ===            ===        ===
07/08/26 03:42:16         1        0           0             40          0
07/08/26 03:51:21 6604 seconds since last log event
07/08/26 03:51:21 Pending DAG nodes:
07/08/26 03:51:21   Node MERGE_EVALUATION, HTCondor ID 170543, status STATUS_SUBMITTED
07/08/26 03:57:17 Total jobs placed to AP: 41
07/08/26 03:57:17      Idle     Held     Running     Successful     Failed
07/08/26 03:57:17       ===      ===         ===            ===        ===
07/08/26 03:57:17         1        0           0             40          0
07/08/26 04:01:22 7205 seconds since last log event
07/08/26 04:01:22 Pending DAG nodes:
07/08/26 04:01:22   Node MERGE_EVALUATION, HTCondor ID 170543, status STATUS_SUBMITTED
07/08/26 04:11:22 7805 seconds since last log event
07/08/26 04:11:22 Pending DAG nodes:
07/08/26 04:11:22   Node MERGE_EVALUATION, HTCondor ID 170543, status STATUS_SUBMITTED
07/08/26 04:12:17 Currently monitoring 1 HTCondor log file(s)
07/08/26 04:12:17 Event: ULOG_EXECUTE for HTCondor Node MERGE_EVALUATION (170543.0.0) {07/08/26 04:12:13}
07/08/26 04:12:17 Number of idle job procs: 0
07/08/26 04:12:17 Total jobs placed to AP: 41
07/08/26 04:12:17      Idle     Held     Running     Successful     Failed
07/08/26 04:12:17       ===      ===         ===            ===        ===
07/08/26 04:12:17         0        0           1             40          0
07/08/26 04:12:22 Currently monitoring 1 HTCondor log file(s)
07/08/26 04:12:22 Event: ULOG_JOB_TERMINATED for HTCondor Node MERGE_EVALUATION (170543.0.0) {07/08/26 04:12:19}
07/08/26 04:12:22 Number of idle job procs: 0
07/08/26 04:12:22 Node MERGE_EVALUATION job proc (170543.0.0) completed successfully.
07/08/26 04:12:22 Node MERGE_EVALUATION job(s) have exited the queue
07/08/26 04:12:22 DAG status: 0 (DAG_STATUS_OK)
07/08/26 04:12:22 Of 5 nodes total:
07/08/26 04:12:22  Done     Pre   Queued    Post   Ready   Un-Ready   Failed   Futile
07/08/26 04:12:22   ===     ===      ===     ===     ===        ===      ===      ===
07/08/26 04:12:22     5       0        0       0       0          0        0        0
07/08/26 04:12:22 0 job proc(s) currently held
07/08/26 04:12:22 DAGMan Runtime Statistics: [EventCycleTimeAvg=0.000; EventCycleTimeMax=0.333; EventCycleTimeMin=0.000; EventCycleTimeStd=0.006; EventCycleTimeSum=1.234; SleepCycleTimeAvg=5.004; SleepCycleTimeMax=5.052; SleepCycleTimeMin=4.004; SleepCycleTimeStd=0.018; SleepCycleTimeSum=16217.294; SubmitCycleTimeAvg=0.000; SubmitCycleTimeMax=0.328; SubmitCycleTimeMin=0.000; SubmitCycleTimeStd=0.006; SubmitCycleTimeSum=0.391; EventCycleTimeCount=3241.000; SleepCycleTimeCount=3241.000; SubmitCycleTimeCount=3242.000; LogProcessCycleTimeAvg=0.004; LogProcessCycleTimeMax=0.058; LogProcessCycleTimeMin=0.002; LogProcessCycleTimeStd=0.007; LogProcessCycleTimeSum=0.260; LogProcessCycleTimeCount=66.000; ]
07/08/26 04:12:22 All jobs Completed!
07/08/26 04:12:22 Note: 0 total node deferrals because of -MaxJobs limit (0)
07/08/26 04:12:22 Note: 0 total node deferrals because of -MaxIdle limit (1000)
07/08/26 04:12:22 Note: 0 total node deferrals because of node category throttles
07/08/26 04:12:22 Note: 0 total PRE script deferrals because of -MaxPre limit (20) or DEFER
07/08/26 04:12:22 Note: 0 total POST script deferrals because of -MaxPost limit (20) or DEFER
07/08/26 04:12:22 Note: 0 total HOLD script deferrals because of -MaxHold limit (20) or DEFER
07/08/26 04:12:22 DAG status: 0 (DAG_STATUS_OK)
07/08/26 04:12:22 Of 5 nodes total:
07/08/26 04:12:22  Done     Pre   Queued    Post   Ready   Un-Ready   Failed   Futile
07/08/26 04:12:22   ===     ===      ===     ===     ===        ===      ===      ===
07/08/26 04:12:22     5       0        0       0       0          0        0        0
07/08/26 04:12:22 0 job proc(s) currently held
07/08/26 04:12:22 DAGMan Runtime Statistics: [EventCycleTimeAvg=0.000; EventCycleTimeMax=0.333; EventCycleTimeMin=0.000; EventCycleTimeStd=0.006; EventCycleTimeSum=1.234; SleepCycleTimeAvg=5.004; SleepCycleTimeMax=5.052; SleepCycleTimeMin=4.004; SleepCycleTimeStd=0.018; SleepCycleTimeSum=16217.294; SubmitCycleTimeAvg=0.000; SubmitCycleTimeMax=0.328; SubmitCycleTimeMin=0.000; SubmitCycleTimeStd=0.006; SubmitCycleTimeSum=0.391; EventCycleTimeCount=3241.000; SleepCycleTimeCount=3241.000; SubmitCycleTimeCount=3242.000; LogProcessCycleTimeAvg=0.004; LogProcessCycleTimeMax=0.058; LogProcessCycleTimeMin=0.002; LogProcessCycleTimeStd=0.007; LogProcessCycleTimeSum=0.260; LogProcessCycleTimeCount=66.000; ]
07/08/26 04:12:22 Wrote metrics file transport_linetrack_80_40_action_shield.dag.metrics.
07/08/26 04:12:22 DAGMan Runtime Statistics: [EventCycleTimeAvg=0.000; EventCycleTimeMax=0.333; EventCycleTimeMin=0.000; EventCycleTimeStd=0.006; EventCycleTimeSum=1.234; SleepCycleTimeAvg=5.004; SleepCycleTimeMax=5.052; SleepCycleTimeMin=4.004; SleepCycleTimeStd=0.018; SleepCycleTimeSum=16217.294; SubmitCycleTimeAvg=0.000; SubmitCycleTimeMax=0.328; SubmitCycleTimeMin=0.000; SubmitCycleTimeStd=0.006; SubmitCycleTimeSum=0.391; EventCycleTimeCount=3241.000; SleepCycleTimeCount=3241.000; SubmitCycleTimeCount=3242.000; LogProcessCycleTimeAvg=0.004; LogProcessCycleTimeMax=0.058; LogProcessCycleTimeMin=0.002; LogProcessCycleTimeStd=0.007; LogProcessCycleTimeSum=0.260; LogProcessCycleTimeCount=66.000; ]
07/08/26 04:12:22 **** condor_scheduniv_exec.170524.0 (condor_DAGMAN) pid 717208 EXITING WITH STATUS 0
