07/06/26 15:56:47 ******************************************************
07/06/26 15:56:47 ** condor_scheduniv_exec.170171.0 (CONDOR_DAGMAN) STARTING UP
07/06/26 15:56:47 ** /usr/bin/condor_dagman
07/06/26 15:56:47 ** SubsystemInfo: name=DAGMAN type=DAGMAN(9) class=CLIENT(2)
07/06/26 15:56:47 ** Configuration: subsystem:DAGMAN local:<NONE> class:CLIENT
07/06/26 15:56:47 ** $CondorVersion: 24.12.19 2026-04-15 BuildID: 896241 PackageID: 24.12.19-1+deb12 GitSHA: c68f3e0e $
07/06/26 15:56:47 ** $CondorPlatform: X86_64-Debian_12 $
07/06/26 15:56:47 ** PID = 4151734 RealUID = 1620002036
07/06/26 15:56:47 ** Log last touched time unavailable (No such file or directory)
07/06/26 15:56:47 ******************************************************
07/06/26 15:56:47 Using config source: /etc/condor/condor_config
07/06/26 15:56:47 Using local config sources: 
07/06/26 15:56:47    /etc/condor/config.d/01-submit.conf
07/06/26 15:56:47    /etc/condor/config.d/10-stash-plugin.conf
07/06/26 15:56:47    /etc/condor/config.d/23-network.config
07/06/26 15:56:47    /etc/condor/config.d/31-mail.conf
07/06/26 15:56:47    /etc/condor/config.d/35-cc-sync.conf
07/06/26 15:56:47    /etc/condor/config.d/41-periodic-remove.conf
07/06/26 15:56:47    /etc/condor/config.d/49-common.conf
07/06/26 15:56:47    /etc/condor/config.d/52-group-mapping.conf
07/06/26 15:56:47    /etc/condor/config.d/54-container.conf
07/06/26 15:56:47    /etc/condor/config.d/67-submit-transforms.conf
07/06/26 15:56:47    /etc/condor/config.d/71-submit-requirements.conf
07/06/26 15:56:47    /etc/condor/condor_config.local
07/06/26 15:56:47 config Macros = 110, Sorted = 110, StringBytes = 6396, TablesBytes = 4088
07/06/26 15:56:47 CLASSAD_CACHING is ENABLED
07/06/26 15:56:47 Daemon Log is logging: D_ALWAYS D_ERROR D_STATUS
07/06/26 15:56:47 Daemoncore: Listening at <0.0.0.0:22555> on TCP (ReliSock) and UDP (SafeSock).
07/06/26 15:56:47 DaemonCore: command socket at <10.143.248.60:22555?addrs=10.143.248.60-22555&alias=conduit.hpc.uni-saarland.de>
07/06/26 15:56:47 DaemonCore: private command socket at <10.143.248.60:22555?addrs=10.143.248.60-22555&alias=conduit.hpc.uni-saarland.de>
07/06/26 15:56:47 DAGMAN_USE_STRICT setting: 1
07/06/26 15:56:47 DAGMAN_VERBOSITY setting: 3
07/06/26 15:56:47 DAGMAN_DEBUG_CACHE_SIZE setting: 5242880
07/06/26 15:56:47 DAGMAN_DEBUG_CACHE_ENABLE setting: False
07/06/26 15:56:47 DAGMAN_SUBMIT_DELAY setting: 0
07/06/26 15:56:47 DAGMAN_MAX_SUBMIT_ATTEMPTS setting: 6
07/06/26 15:56:47 DAGMAN_STARTUP_CYCLE_DETECT setting: False
07/06/26 15:56:47 DAGMAN_USE_JOIN_NODES setting: True
07/06/26 15:56:47 DAGMAN_REPORT_GRAPH_METRICS setting: False
07/06/26 15:56:47 DAGMAN_MAX_SUBMITS_PER_INTERVAL setting: 100
07/06/26 15:56:47 DAGMAN_AGGRESSIVE_SUBMIT setting: False
07/06/26 15:56:47 DAGMAN_USER_LOG_SCAN_INTERVAL setting: 5
07/06/26 15:56:47 DAGMAN_QUEUE_UPDATE_INTERVAL setting: 300.000000
07/06/26 15:56:47 DAGMAN_DEFAULT_PRIORITY setting: 0
07/06/26 15:56:47 DAGMAN_SUPPRESS_NOTIFICATION setting: False
07/06/26 15:56:47 allow_events (DAGMAN_ALLOW_EVENTS) setting: 114
07/06/26 15:56:47 DAGMAN_RETRY_SUBMIT_FIRST setting: True
07/06/26 15:56:47 DAGMAN_RETRY_NODE_FIRST setting: False
07/06/26 15:56:47 DAGMAN_MAX_JOBS_IDLE setting: 1000
07/06/26 15:56:47 DAGMAN_MAX_JOBS_SUBMITTED setting: 0
07/06/26 15:56:47 DAGMAN_MAX_PRE_SCRIPTS setting: 20
07/06/26 15:56:47 DAGMAN_MAX_POST_SCRIPTS setting: 20
07/06/26 15:56:47 DAGMAN_MAX_HOLD_SCRIPTS setting: 20
07/06/26 15:56:47 DAGMAN_MUNGE_NODE_NAMES setting: True
07/06/26 15:56:47 DAGMAN_ALLOW_ANY_NODE_NAME_CHARACTERS setting: False
07/06/26 15:56:47 DAGMAN_PROHIBIT_MULTI_JOBS setting: False
07/06/26 15:56:47 DAGMAN_SUBMIT_DEPTH_FIRST setting: False
07/06/26 15:56:47 DAGMAN_ALWAYS_RUN_POST setting: False
07/06/26 15:56:47 DAGMAN_CONDOR_SUBMIT_EXE setting: /usr/bin/condor_submit
07/06/26 15:56:47 DAGMAN_CONDOR_RM_EXE setting: /usr/bin/condor_rm
07/06/26 15:56:47 DAGMAN_USE_DIRECT_SUBMIT setting: True
07/06/26 15:56:47 DAGMAN_PRODUCE_JOB_CREDENTIALS setting: True
07/06/26 15:56:47 DAGMAN_DEFAULT_APPEND_VARS setting: False
07/06/26 15:56:47 DAGMAN_INHERIT_ATTRS_PREFIX setting: 
07/06/26 15:56:47 DAGMAN_INHERIT_ATTRS setting: 
07/06/26 15:56:47 DAGMAN_ABORT_DUPLICATES setting: True
07/06/26 15:56:47 DAGMAN_ABORT_ON_SCARY_SUBMIT setting: True
07/06/26 15:56:47 DAGMAN_PENDING_REPORT_INTERVAL setting: 600
07/06/26 15:56:47 DAGMAN_CHECK_QUEUE_INTERVAL setting: 28800
07/06/26 15:56:47 DAGMAN_PRINT_JOB_TABLE_INTERVAL setting: 900
07/06/26 15:56:47 DAGMAN_AUTO_RESCUE setting: True
07/06/26 15:56:47 DAGMAN_MAX_RESCUE_NUM setting: 100
07/06/26 15:56:47 DAGMAN_WRITE_PARTIAL_RESCUE setting: True
07/06/26 15:56:47 DAGMAN_RESET_RETRIES_UPON_RESCUE setting: True
07/06/26 15:56:47 DAGMAN_METRICS_FILE_VERSION setting: 2
07/06/26 15:56:47 DAGMAN_DEFAULT_NODE_LOG setting: @(DAG_DIR)/@(DAG_FILE).nodes.log
07/06/26 15:56:47 DAGMAN_LOG_ON_NFS_IS_ERROR setting: False
07/06/26 15:56:47 DAGMAN_GENERATE_SUBDAG_SUBMITS setting: True
07/06/26 15:56:47 DAGMAN_MAX_JOB_HOLDS setting: 100
07/06/26 15:56:47 DAGMAN_NODE_JOB_FAILURE_TOLERANCE setting: 0
07/06/26 15:56:47 DAGMAN_HOLD_CLAIM_TIME setting: 20
07/06/26 15:56:47 DAGMAN_SUPPRESS_JOB_LOGS setting: False
07/06/26 15:56:47 DAGMAN_REMOVE_NODE_JOBS setting: True
07/06/26 15:56:47 DAGMAN_PUT_FAILED_JOBS_ON_HOLD setting: False
07/06/26 15:56:47 DAGMAN_REMOVE_JOBS_AFTER_LIMIT_CHANGE setting: False
07/06/26 15:56:47 DAGMAN will adjust edges after parsing
07/06/26 15:56:47 argv[0] == "condor_scheduniv_exec.170171.0"
07/06/26 15:56:47 argv[1] == "-Lockfile"
07/06/26 15:56:47 argv[2] == "transport_linetrack_50_25_action_shield.dag.lock"
07/06/26 15:56:47 argv[3] == "-Dag"
07/06/26 15:56:47 argv[4] == "transport_linetrack_50_25_action_shield.dag"
07/06/26 15:56:47 argv[5] == "-CsdVersion"
07/06/26 15:56:47 argv[6] == "$CondorVersion: 24.12.19 2026-04-15 BuildID: 896241 PackageID: 24.12.19-1+deb12 GitSHA: c68f3e0e $"
07/06/26 15:56:47 argv[7] == "-dagman"
07/06/26 15:56:47 argv[8] == "/usr/bin/condor_dagman"
07/06/26 15:56:47 argv[9] == "-AutoRescue"
07/06/26 15:56:47 argv[10] == "1"
07/06/26 15:56:47 argv[11] == "-DoRescueFrom"
07/06/26 15:56:47 argv[12] == "0"
07/06/26 15:56:47 Can't open directory "/etc/condor/passwords.d" as PRIV_ROOT, errno: 13 (Permission denied)
07/06/26 15:56:47 Can't open directory "/etc/condor/passwords.d" as PRIV_ROOT, errno: 13 (Permission denied)
07/06/26 15:56:47 Workflow batch-id: <170171.0>
07/06/26 15:56:47 Workflow batch-name: <transport_linetrack_50_25_action_shield.dag+170171>
07/06/26 15:56:47 Workflow accounting_group: <teaching>
07/06/26 15:56:47 Workflow accounting_group_user: <atml_team041>
07/06/26 15:56:47 Warning: failed to get attribute DAGNodeName
07/06/26 15:56:47 Default node log file is: </home/atml_team041/condor_tutorial/jani_env/experiments/repair_wo_domain/submissions/action_shield/transport_linetrack/./transport_linetrack_50_25_action_shield.dag.nodes.log>
07/06/26 15:56:47 DAG Lockfile will be written to transport_linetrack_50_25_action_shield.dag.lock
07/06/26 15:56:47 DAG Input file is transport_linetrack_50_25_action_shield.dag
07/06/26 15:56:47 Parsing 1 dagfiles
07/06/26 15:56:47 Parsing transport_linetrack_50_25_action_shield.dag ...
07/06/26 15:56:47 Adjusting edges
07/06/26 15:56:47 Dag contains 5 total nodes
07/06/26 15:56:47 Bootstrapping...
07/06/26 15:56:47 Number of pre-completed nodes: 0
07/06/26 15:56:47 MultiLogFiles: truncating log file /home/atml_team041/condor_tutorial/jani_env/experiments/repair_wo_domain/submissions/action_shield/transport_linetrack/./transport_linetrack_50_25_action_shield.dag.nodes.log
07/06/26 15:56:47 DAG status: 0 (DAG_STATUS_OK)
07/06/26 15:56:47 Of 5 nodes total:
07/06/26 15:56:47  Done     Pre   Queued    Post   Ready   Un-Ready   Failed   Futile
07/06/26 15:56:47   ===     ===      ===     ===     ===        ===      ===      ===
07/06/26 15:56:47     0       0        0       0       1          4        0        0
07/06/26 15:56:47 0 job proc(s) currently held
07/06/26 15:56:47 DAGMan Runtime Statistics: [EventCycleTimeSum=0.000; SleepCycleTimeSum=0.000; SubmitCycleTimeSum=0.000; EventCycleTimeCount=0.000; SleepCycleTimeCount=0.000; SubmitCycleTimeCount=0.000; LogProcessCycleTimeSum=0.000; LogProcessCycleTimeCount=0.000; ]
07/06/26 15:56:47 Registering condor_event_timer...
07/06/26 15:56:48 Submitting HTCondor Node COLLECT job(s)...
07/06/26 15:56:48 Submitting node COLLECT from file submissions/action_shield/transport_linetrack/transport_linetrack_50_25_action_shield_collect.sub using direct job submission
07/06/26 15:56:48 ERROR: submit attempt failed, errno=2 No such file or directory
07/06/26 15:56:48 could not open submit file : submissions/action_shield/transport_linetrack/transport_linetrack_50_25_action_shield_collect.sub - can't open file submissions/action_shield/transport_linetrack/transport_linetrack_50_25_action_shield_collect.sub: No such file or directory
07/06/26 15:56:48 Submit warning: Submit:0:the line 'accounting_group_user = atml_team041' was unused by DAGMAN. Is it a typo?
|Submit:0:the line 'accounting_group = teaching' was unused by DAGMAN. Is it a typo?
|Submit:0:the line 'keep_claim_idle = 20' was unused by DAGMAN. Is it a typo?
|Submit:0:the line 'batch_id = 170171.0' was unused by DAGMAN. Is it a typo?
|Submit:0:the line 'batch_name = transport_linetrack_50_25_action_shield.dag+170171' was unused by DAGMAN. Is it a typo?
07/06/26 15:56:48 Job submit try 1/6 failed, will try again in >= 1 second.
07/06/26 15:56:48 DAG status: 0 (DAG_STATUS_OK)
07/06/26 15:56:48 Of 5 nodes total:
07/06/26 15:56:48  Done     Pre   Queued    Post   Ready   Un-Ready   Failed   Futile
07/06/26 15:56:48   ===     ===      ===     ===     ===        ===      ===      ===
07/06/26 15:56:48     0       0        0       0       1          4        0        0
07/06/26 15:56:48 0 job proc(s) currently held
07/06/26 15:56:48 DAGMan Runtime Statistics: [EventCycleTimeSum=0.000; SleepCycleTimeSum=0.000; SubmitCycleTimeAvg=0.004; SubmitCycleTimeMax=0.004; SubmitCycleTimeMin=0.004; SubmitCycleTimeStd=0.004; SubmitCycleTimeSum=0.004; EventCycleTimeCount=0.000; SleepCycleTimeCount=0.000; SubmitCycleTimeCount=1.000; LogProcessCycleTimeSum=0.000; LogProcessCycleTimeCount=0.000; ]
07/06/26 15:56:53 Submitting HTCondor Node COLLECT job(s)...
07/06/26 15:56:53 Submitting node COLLECT from file submissions/action_shield/transport_linetrack/transport_linetrack_50_25_action_shield_collect.sub using direct job submission
07/06/26 15:56:53 ERROR: submit attempt failed, errno=2 No such file or directory
07/06/26 15:56:53 could not open submit file : submissions/action_shield/transport_linetrack/transport_linetrack_50_25_action_shield_collect.sub - can't open file submissions/action_shield/transport_linetrack/transport_linetrack_50_25_action_shield_collect.sub: No such file or directory
07/06/26 15:56:53 Submit warning: Submit:0:the line 'accounting_group_user = atml_team041' was unused by DAGMAN. Is it a typo?
|Submit:0:the line 'accounting_group = teaching' was unused by DAGMAN. Is it a typo?
|Submit:0:the line 'keep_claim_idle = 20' was unused by DAGMAN. Is it a typo?
|Submit:0:the line 'batch_id = 170171.0' was unused by DAGMAN. Is it a typo?
|Submit:0:the line 'batch_name = transport_linetrack_50_25_action_shield.dag+170171' was unused by DAGMAN. Is it a typo?
07/06/26 15:56:53 Job submit try 2/6 failed, will try again in >= 2 seconds.
07/06/26 15:56:58 Submitting HTCondor Node COLLECT job(s)...
07/06/26 15:56:58 Submitting node COLLECT from file submissions/action_shield/transport_linetrack/transport_linetrack_50_25_action_shield_collect.sub using direct job submission
07/06/26 15:56:58 ERROR: submit attempt failed, errno=2 No such file or directory
07/06/26 15:56:58 could not open submit file : submissions/action_shield/transport_linetrack/transport_linetrack_50_25_action_shield_collect.sub - can't open file submissions/action_shield/transport_linetrack/transport_linetrack_50_25_action_shield_collect.sub: No such file or directory
07/06/26 15:56:58 Submit warning: Submit:0:the line 'accounting_group_user = atml_team041' was unused by DAGMAN. Is it a typo?
|Submit:0:the line 'accounting_group = teaching' was unused by DAGMAN. Is it a typo?
|Submit:0:the line 'keep_claim_idle = 20' was unused by DAGMAN. Is it a typo?
|Submit:0:the line 'batch_id = 170171.0' was unused by DAGMAN. Is it a typo?
|Submit:0:the line 'batch_name = transport_linetrack_50_25_action_shield.dag+170171' was unused by DAGMAN. Is it a typo?
07/06/26 15:56:58 Job submit try 3/6 failed, will try again in >= 4 seconds.
07/06/26 15:57:03 Submitting HTCondor Node COLLECT job(s)...
07/06/26 15:57:03 Submitting node COLLECT from file submissions/action_shield/transport_linetrack/transport_linetrack_50_25_action_shield_collect.sub using direct job submission
07/06/26 15:57:03 ERROR: submit attempt failed, errno=2 No such file or directory
07/06/26 15:57:03 could not open submit file : submissions/action_shield/transport_linetrack/transport_linetrack_50_25_action_shield_collect.sub - can't open file submissions/action_shield/transport_linetrack/transport_linetrack_50_25_action_shield_collect.sub: No such file or directory
07/06/26 15:57:03 Submit warning: Submit:0:the line 'accounting_group_user = atml_team041' was unused by DAGMAN. Is it a typo?
|Submit:0:the line 'accounting_group = teaching' was unused by DAGMAN. Is it a typo?
|Submit:0:the line 'keep_claim_idle = 20' was unused by DAGMAN. Is it a typo?
|Submit:0:the line 'batch_id = 170171.0' was unused by DAGMAN. Is it a typo?
|Submit:0:the line 'batch_name = transport_linetrack_50_25_action_shield.dag+170171' was unused by DAGMAN. Is it a typo?
07/06/26 15:57:03 Job submit try 4/6 failed, will try again in >= 8 seconds.
07/06/26 15:57:14 Submitting HTCondor Node COLLECT job(s)...
07/06/26 15:57:14 Submitting node COLLECT from file submissions/action_shield/transport_linetrack/transport_linetrack_50_25_action_shield_collect.sub using direct job submission
07/06/26 15:57:14 ERROR: submit attempt failed, errno=2 No such file or directory
07/06/26 15:57:14 could not open submit file : submissions/action_shield/transport_linetrack/transport_linetrack_50_25_action_shield_collect.sub - can't open file submissions/action_shield/transport_linetrack/transport_linetrack_50_25_action_shield_collect.sub: No such file or directory
07/06/26 15:57:14 Submit warning: Submit:0:the line 'accounting_group_user = atml_team041' was unused by DAGMAN. Is it a typo?
|Submit:0:the line 'accounting_group = teaching' was unused by DAGMAN. Is it a typo?
|Submit:0:the line 'keep_claim_idle = 20' was unused by DAGMAN. Is it a typo?
|Submit:0:the line 'batch_id = 170171.0' was unused by DAGMAN. Is it a typo?
|Submit:0:the line 'batch_name = transport_linetrack_50_25_action_shield.dag+170171' was unused by DAGMAN. Is it a typo?
07/06/26 15:57:14 Job submit try 5/6 failed, will try again in >= 16 seconds.
07/06/26 15:57:31 Submitting HTCondor Node COLLECT job(s)...
07/06/26 15:57:31 Submitting node COLLECT from file submissions/action_shield/transport_linetrack/transport_linetrack_50_25_action_shield_collect.sub using direct job submission
07/06/26 15:57:31 ERROR: submit attempt failed, errno=2 No such file or directory
07/06/26 15:57:31 could not open submit file : submissions/action_shield/transport_linetrack/transport_linetrack_50_25_action_shield_collect.sub - can't open file submissions/action_shield/transport_linetrack/transport_linetrack_50_25_action_shield_collect.sub: No such file or directory
07/06/26 15:57:31 Submit warning: Submit:0:the line 'accounting_group_user = atml_team041' was unused by DAGMAN. Is it a typo?
|Submit:0:the line 'accounting_group = teaching' was unused by DAGMAN. Is it a typo?
|Submit:0:the line 'keep_claim_idle = 20' was unused by DAGMAN. Is it a typo?
|Submit:0:the line 'batch_id = 170171.0' was unused by DAGMAN. Is it a typo?
|Submit:0:the line 'batch_name = transport_linetrack_50_25_action_shield.dag+170171' was unused by DAGMAN. Is it a typo?
07/06/26 15:57:31 Node submit failed after 6 tries.
07/06/26 15:57:31 Shortcutting node COLLECT retries because of submit failure(s)
07/06/26 15:57:31 DAG status: 2 (DAG_STATUS_NODE_FAILED)
07/06/26 15:57:31 Of 5 nodes total:
07/06/26 15:57:31  Done     Pre   Queued    Post   Ready   Un-Ready   Failed   Futile
07/06/26 15:57:31   ===     ===      ===     ===     ===        ===      ===      ===
07/06/26 15:57:31     0       0        0       0       0          0        1        4
07/06/26 15:57:31 0 job proc(s) currently held
07/06/26 15:57:31 DAGMan Runtime Statistics: [EventCycleTimeAvg=0.379; EventCycleTimeMax=1.001; EventCycleTimeMin=0.004; EventCycleTimeStd=0.515; EventCycleTimeSum=3.034; SleepCycleTimeAvg=5.003; SleepCycleTimeMax=5.005; SleepCycleTimeMin=5.002; SleepCycleTimeStd=0.001; SleepCycleTimeSum=40.028; SubmitCycleTimeAvg=0.337; SubmitCycleTimeMax=1.001; SubmitCycleTimeMin=0.004; SubmitCycleTimeStd=0.498; SubmitCycleTimeSum=3.029; EventCycleTimeCount=8.000; SleepCycleTimeCount=8.000; SubmitCycleTimeCount=9.000; LogProcessCycleTimeSum=0.000; LogProcessCycleTimeCount=0.000; ]
07/06/26 15:57:31 ERROR: the following job(s) failed:
07/06/26 15:57:31 ---------------------- Node ----------------------
07/06/26 15:57:31       Node Name: COLLECT
07/06/26 15:57:31            Noop: false
07/06/26 15:57:31          NodeID: 0
07/06/26 15:57:31     Node Status: STATUS_ERROR    
07/06/26 15:57:31 Node return val: -1
07/06/26 15:57:31           Error: Job submit failed
07/06/26 15:57:31 Job Submit File: submissions/action_shield/transport_linetrack/transport_linetrack_50_25_action_shield_collect.sub
07/06/26 15:57:31  HTCondor Job ID: [not yet submitted]
07/06/26 15:57:31 PARENTS:  WAITING: 0 CHILDREN: MERGE_COLLECTION
07/06/26 15:57:31 ---------------------------------------	<END>
07/06/26 15:57:31 Aborting DAG...
07/06/26 15:57:31 Writing Rescue DAG to transport_linetrack_50_25_action_shield.dag.rescue001...
07/06/26 15:57:31 Removing submitted jobs...
07/06/26 15:57:31 Removing any/all submitted HTCondor jobs...
07/06/26 15:57:31 Running: /usr/bin/condor_rm -const DAGManJobId==170171 -reason DAG' 'Abort:' 'DAG' 'is' 'exiting' 'and' 'writing' 'rescue' 'file.
07/06/26 15:57:31 Note: 0 total node deferrals because of -MaxJobs limit (0)
07/06/26 15:57:31 Note: 0 total node deferrals because of -MaxIdle limit (1000)
07/06/26 15:57:31 Note: 0 total node deferrals because of node category throttles
07/06/26 15:57:31 Note: 0 total PRE script deferrals because of -MaxPre limit (20) or DEFER
07/06/26 15:57:31 Note: 0 total POST script deferrals because of -MaxPost limit (20) or DEFER
07/06/26 15:57:31 Note: 0 total HOLD script deferrals because of -MaxHold limit (20) or DEFER
07/06/26 15:57:31 DAG status: 2 (DAG_STATUS_NODE_FAILED)
07/06/26 15:57:31 Of 5 nodes total:
07/06/26 15:57:31  Done     Pre   Queued    Post   Ready   Un-Ready   Failed   Futile
07/06/26 15:57:31   ===     ===      ===     ===     ===        ===      ===      ===
07/06/26 15:57:31     0       0        0       0       0          0        1        4
07/06/26 15:57:31 0 job proc(s) currently held
07/06/26 15:57:31 DAGMan Runtime Statistics: [EventCycleTimeAvg=0.379; EventCycleTimeMax=1.001; EventCycleTimeMin=0.004; EventCycleTimeStd=0.515; EventCycleTimeSum=3.034; SleepCycleTimeAvg=5.003; SleepCycleTimeMax=5.005; SleepCycleTimeMin=5.002; SleepCycleTimeStd=0.001; SleepCycleTimeSum=40.028; SubmitCycleTimeAvg=0.337; SubmitCycleTimeMax=1.001; SubmitCycleTimeMin=0.004; SubmitCycleTimeStd=0.498; SubmitCycleTimeSum=3.029; EventCycleTimeCount=8.000; SleepCycleTimeCount=8.000; SubmitCycleTimeCount=9.000; LogProcessCycleTimeSum=0.000; LogProcessCycleTimeCount=0.000; ]
07/06/26 15:57:31 Wrote metrics file transport_linetrack_50_25_action_shield.dag.metrics.
07/06/26 15:57:31 DAGMan Runtime Statistics: [EventCycleTimeAvg=0.379; EventCycleTimeMax=1.001; EventCycleTimeMin=0.004; EventCycleTimeStd=0.515; EventCycleTimeSum=3.034; SleepCycleTimeAvg=5.003; SleepCycleTimeMax=5.005; SleepCycleTimeMin=5.002; SleepCycleTimeStd=0.001; SleepCycleTimeSum=40.028; SubmitCycleTimeAvg=0.337; SubmitCycleTimeMax=1.001; SubmitCycleTimeMin=0.004; SubmitCycleTimeStd=0.498; SubmitCycleTimeSum=3.029; EventCycleTimeCount=8.000; SleepCycleTimeCount=8.000; SubmitCycleTimeCount=9.000; LogProcessCycleTimeSum=0.000; LogProcessCycleTimeCount=0.000; ]
07/06/26 15:57:31 **** condor_scheduniv_exec.170171.0 (condor_DAGMAN) pid 4151734 EXITING WITH STATUS 1
07/06/26 16:02:32 ******************************************************
07/06/26 16:02:32 ** condor_scheduniv_exec.170180.0 (CONDOR_DAGMAN) STARTING UP
07/06/26 16:02:32 ** /usr/bin/condor_dagman
07/06/26 16:02:32 ** SubsystemInfo: name=DAGMAN type=DAGMAN(9) class=CLIENT(2)
07/06/26 16:02:32 ** Configuration: subsystem:DAGMAN local:<NONE> class:CLIENT
07/06/26 16:02:32 ** $CondorVersion: 24.12.19 2026-04-15 BuildID: 896241 PackageID: 24.12.19-1+deb12 GitSHA: c68f3e0e $
07/06/26 16:02:32 ** $CondorPlatform: X86_64-Debian_12 $
07/06/26 16:02:32 ** PID = 4155134 RealUID = 1620002036
07/06/26 16:02:32 ** Log last touched 7/6 15:57:31
07/06/26 16:02:32 ******************************************************
07/06/26 16:02:32 Using config source: /etc/condor/condor_config
07/06/26 16:02:32 Using local config sources: 
07/06/26 16:02:32    /etc/condor/config.d/01-submit.conf
07/06/26 16:02:32    /etc/condor/config.d/10-stash-plugin.conf
07/06/26 16:02:32    /etc/condor/config.d/23-network.config
07/06/26 16:02:32    /etc/condor/config.d/31-mail.conf
07/06/26 16:02:32    /etc/condor/config.d/35-cc-sync.conf
07/06/26 16:02:32    /etc/condor/config.d/41-periodic-remove.conf
07/06/26 16:02:32    /etc/condor/config.d/49-common.conf
07/06/26 16:02:32    /etc/condor/config.d/52-group-mapping.conf
07/06/26 16:02:32    /etc/condor/config.d/54-container.conf
07/06/26 16:02:32    /etc/condor/config.d/67-submit-transforms.conf
07/06/26 16:02:32    /etc/condor/config.d/71-submit-requirements.conf
07/06/26 16:02:32    /etc/condor/condor_config.local
07/06/26 16:02:32 config Macros = 110, Sorted = 110, StringBytes = 6396, TablesBytes = 4088
07/06/26 16:02:32 CLASSAD_CACHING is ENABLED
07/06/26 16:02:32 Daemon Log is logging: D_ALWAYS D_ERROR D_STATUS
07/06/26 16:02:32 Daemoncore: Listening at <0.0.0.0:11299> on TCP (ReliSock) and UDP (SafeSock).
07/06/26 16:02:32 DaemonCore: command socket at <10.143.248.60:11299?addrs=10.143.248.60-11299&alias=conduit.hpc.uni-saarland.de>
07/06/26 16:02:32 DaemonCore: private command socket at <10.143.248.60:11299?addrs=10.143.248.60-11299&alias=conduit.hpc.uni-saarland.de>
07/06/26 16:02:32 DAGMAN_USE_STRICT setting: 1
07/06/26 16:02:32 DAGMAN_VERBOSITY setting: 3
07/06/26 16:02:32 DAGMAN_DEBUG_CACHE_SIZE setting: 5242880
07/06/26 16:02:32 DAGMAN_DEBUG_CACHE_ENABLE setting: False
07/06/26 16:02:32 DAGMAN_SUBMIT_DELAY setting: 0
07/06/26 16:02:32 DAGMAN_MAX_SUBMIT_ATTEMPTS setting: 6
07/06/26 16:02:32 DAGMAN_STARTUP_CYCLE_DETECT setting: False
07/06/26 16:02:32 DAGMAN_USE_JOIN_NODES setting: True
07/06/26 16:02:32 DAGMAN_REPORT_GRAPH_METRICS setting: False
07/06/26 16:02:32 DAGMAN_MAX_SUBMITS_PER_INTERVAL setting: 100
07/06/26 16:02:32 DAGMAN_AGGRESSIVE_SUBMIT setting: False
07/06/26 16:02:32 DAGMAN_USER_LOG_SCAN_INTERVAL setting: 5
07/06/26 16:02:32 DAGMAN_QUEUE_UPDATE_INTERVAL setting: 300.000000
07/06/26 16:02:32 DAGMAN_DEFAULT_PRIORITY setting: 0
07/06/26 16:02:32 DAGMAN_SUPPRESS_NOTIFICATION setting: False
07/06/26 16:02:32 allow_events (DAGMAN_ALLOW_EVENTS) setting: 114
07/06/26 16:02:32 DAGMAN_RETRY_SUBMIT_FIRST setting: True
07/06/26 16:02:32 DAGMAN_RETRY_NODE_FIRST setting: False
07/06/26 16:02:32 DAGMAN_MAX_JOBS_IDLE setting: 1000
07/06/26 16:02:32 DAGMAN_MAX_JOBS_SUBMITTED setting: 0
07/06/26 16:02:32 DAGMAN_MAX_PRE_SCRIPTS setting: 20
07/06/26 16:02:32 DAGMAN_MAX_POST_SCRIPTS setting: 20
07/06/26 16:02:32 DAGMAN_MAX_HOLD_SCRIPTS setting: 20
07/06/26 16:02:32 DAGMAN_MUNGE_NODE_NAMES setting: True
07/06/26 16:02:32 DAGMAN_ALLOW_ANY_NODE_NAME_CHARACTERS setting: False
07/06/26 16:02:32 DAGMAN_PROHIBIT_MULTI_JOBS setting: False
07/06/26 16:02:32 DAGMAN_SUBMIT_DEPTH_FIRST setting: False
07/06/26 16:02:32 DAGMAN_ALWAYS_RUN_POST setting: False
07/06/26 16:02:32 DAGMAN_CONDOR_SUBMIT_EXE setting: /usr/bin/condor_submit
07/06/26 16:02:32 DAGMAN_CONDOR_RM_EXE setting: /usr/bin/condor_rm
07/06/26 16:02:32 DAGMAN_USE_DIRECT_SUBMIT setting: True
07/06/26 16:02:32 DAGMAN_PRODUCE_JOB_CREDENTIALS setting: True
07/06/26 16:02:32 DAGMAN_DEFAULT_APPEND_VARS setting: False
07/06/26 16:02:32 DAGMAN_INHERIT_ATTRS_PREFIX setting: 
07/06/26 16:02:32 DAGMAN_INHERIT_ATTRS setting: 
07/06/26 16:02:32 DAGMAN_ABORT_DUPLICATES setting: True
07/06/26 16:02:32 DAGMAN_ABORT_ON_SCARY_SUBMIT setting: True
07/06/26 16:02:32 DAGMAN_PENDING_REPORT_INTERVAL setting: 600
07/06/26 16:02:32 DAGMAN_CHECK_QUEUE_INTERVAL setting: 28800
07/06/26 16:02:32 DAGMAN_PRINT_JOB_TABLE_INTERVAL setting: 900
07/06/26 16:02:32 DAGMAN_AUTO_RESCUE setting: True
07/06/26 16:02:32 DAGMAN_MAX_RESCUE_NUM setting: 100
07/06/26 16:02:32 DAGMAN_WRITE_PARTIAL_RESCUE setting: True
07/06/26 16:02:32 DAGMAN_RESET_RETRIES_UPON_RESCUE setting: True
07/06/26 16:02:32 DAGMAN_METRICS_FILE_VERSION setting: 2
07/06/26 16:02:32 DAGMAN_DEFAULT_NODE_LOG setting: @(DAG_DIR)/@(DAG_FILE).nodes.log
07/06/26 16:02:32 DAGMAN_LOG_ON_NFS_IS_ERROR setting: False
07/06/26 16:02:32 DAGMAN_GENERATE_SUBDAG_SUBMITS setting: True
07/06/26 16:02:32 DAGMAN_MAX_JOB_HOLDS setting: 100
07/06/26 16:02:32 DAGMAN_NODE_JOB_FAILURE_TOLERANCE setting: 0
07/06/26 16:02:32 DAGMAN_HOLD_CLAIM_TIME setting: 20
07/06/26 16:02:32 DAGMAN_SUPPRESS_JOB_LOGS setting: False
07/06/26 16:02:32 DAGMAN_REMOVE_NODE_JOBS setting: True
07/06/26 16:02:32 DAGMAN_PUT_FAILED_JOBS_ON_HOLD setting: False
07/06/26 16:02:32 DAGMAN_REMOVE_JOBS_AFTER_LIMIT_CHANGE setting: False
07/06/26 16:02:32 DAGMAN will adjust edges after parsing
07/06/26 16:02:32 argv[0] == "condor_scheduniv_exec.170180.0"
07/06/26 16:02:32 argv[1] == "-Lockfile"
07/06/26 16:02:32 argv[2] == "transport_linetrack_50_25_action_shield.dag.lock"
07/06/26 16:02:32 argv[3] == "-Dag"
07/06/26 16:02:32 argv[4] == "transport_linetrack_50_25_action_shield.dag"
07/06/26 16:02:32 argv[5] == "-CsdVersion"
07/06/26 16:02:32 argv[6] == "$CondorVersion: 24.12.19 2026-04-15 BuildID: 896241 PackageID: 24.12.19-1+deb12 GitSHA: c68f3e0e $"
07/06/26 16:02:32 argv[7] == "-dagman"
07/06/26 16:02:32 argv[8] == "/usr/bin/condor_dagman"
07/06/26 16:02:32 argv[9] == "-AutoRescue"
07/06/26 16:02:32 argv[10] == "1"
07/06/26 16:02:32 argv[11] == "-DoRescueFrom"
07/06/26 16:02:32 argv[12] == "0"
07/06/26 16:02:32 Can't open directory "/etc/condor/passwords.d" as PRIV_ROOT, errno: 13 (Permission denied)
07/06/26 16:02:32 Can't open directory "/etc/condor/passwords.d" as PRIV_ROOT, errno: 13 (Permission denied)
07/06/26 16:02:32 Workflow batch-id: <170180.0>
07/06/26 16:02:32 Workflow batch-name: <transport_linetrack_50_25_action_shield.dag+170180>
07/06/26 16:02:32 Workflow accounting_group: <teaching>
07/06/26 16:02:32 Workflow accounting_group_user: <atml_team041>
07/06/26 16:02:32 Warning: failed to get attribute DAGNodeName
07/06/26 16:02:32 Default node log file is: </home/atml_team041/condor_tutorial/jani_env/experiments/repair_wo_domain/submissions/action_shield/transport_linetrack/./transport_linetrack_50_25_action_shield.dag.nodes.log>
07/06/26 16:02:32 DAG Lockfile will be written to transport_linetrack_50_25_action_shield.dag.lock
07/06/26 16:02:32 DAG Input file is transport_linetrack_50_25_action_shield.dag
07/06/26 16:02:32 Parsing 1 dagfiles
07/06/26 16:02:32 Parsing transport_linetrack_50_25_action_shield.dag ...
07/06/26 16:02:32 Adjusting edges
07/06/26 16:02:32 Found rescue DAG number 1; running transport_linetrack_50_25_action_shield.dag.rescue001 in combination with normal DAG file
07/06/26 16:02:32 ~~~~~~~~~~~~~~~~~~~~~~~~~~~~~~~~~~~~~~~~~~~~~~~~~~~~~~
07/06/26 16:02:32 USING RESCUE DAG transport_linetrack_50_25_action_shield.dag.rescue001
07/06/26 16:02:32 Dag contains 5 total nodes
07/06/26 16:02:32 Bootstrapping...
07/06/26 16:02:32 Number of pre-completed nodes: 0
07/06/26 16:02:32 MultiLogFiles: truncating log file /home/atml_team041/condor_tutorial/jani_env/experiments/repair_wo_domain/submissions/action_shield/transport_linetrack/./transport_linetrack_50_25_action_shield.dag.nodes.log
07/06/26 16:02:32 DAG status: 0 (DAG_STATUS_OK)
07/06/26 16:02:32 Of 5 nodes total:
07/06/26 16:02:32  Done     Pre   Queued    Post   Ready   Un-Ready   Failed   Futile
07/06/26 16:02:32   ===     ===      ===     ===     ===        ===      ===      ===
07/06/26 16:02:32     0       0        0       0       1          4        0        0
07/06/26 16:02:32 0 job proc(s) currently held
07/06/26 16:02:32 DAGMan Runtime Statistics: [EventCycleTimeSum=0.000; SleepCycleTimeSum=0.000; SubmitCycleTimeSum=0.000; EventCycleTimeCount=0.000; SleepCycleTimeCount=0.000; SubmitCycleTimeCount=0.000; LogProcessCycleTimeSum=0.000; LogProcessCycleTimeCount=0.000; ]
07/06/26 16:02:32 Registering condor_event_timer...
07/06/26 16:02:33 Submitting HTCondor Node COLLECT job(s)...
07/06/26 16:02:33 Submitting node COLLECT from file transport_linetrack_50_25_action_shield_collect.sub using direct job submission
07/06/26 16:02:33 	assigned HTCondor ID (170189.0.0)
07/06/26 16:02:34 Just submitted 1 job this cycle...
07/06/26 16:02:34 DAG status: 0 (DAG_STATUS_OK)
07/06/26 16:02:34 Of 5 nodes total:
07/06/26 16:02:34  Done     Pre   Queued    Post   Ready   Un-Ready   Failed   Futile
07/06/26 16:02:34   ===     ===      ===     ===     ===        ===      ===      ===
07/06/26 16:02:34     0       0        1       0       0          4        0        0
07/06/26 16:02:34 0 job proc(s) currently held
07/06/26 16:02:34 DAGMan Runtime Statistics: [EventCycleTimeSum=0.000; SleepCycleTimeSum=0.000; SubmitCycleTimeAvg=0.579; SubmitCycleTimeMax=0.579; SubmitCycleTimeMin=0.579; SubmitCycleTimeStd=0.579; SubmitCycleTimeSum=0.579; EventCycleTimeCount=0.000; SleepCycleTimeCount=0.000; SubmitCycleTimeCount=1.000; LogProcessCycleTimeSum=0.000; LogProcessCycleTimeCount=0.000; ]
07/06/26 16:02:39 Currently monitoring 1 HTCondor log file(s)
07/06/26 16:02:39 Reassigning the id of job COLLECT from (170189.0.0) to (170189.0.0)
07/06/26 16:02:39 Event: ULOG_SUBMIT for HTCondor Node COLLECT (170189.0.0) {07/06/26 16:02:33}
07/06/26 16:02:39 Number of idle job procs: 1
07/06/26 16:02:39 Reassigning the id of job COLLECT from (170189.0.0) to (170189.1.0)
07/06/26 16:02:39 Event: ULOG_SUBMIT for HTCondor Node COLLECT (170189.1.0) {07/06/26 16:02:33}
07/06/26 16:02:39 Number of idle job procs: 2
07/06/26 16:02:39 Reassigning the id of job COLLECT from (170189.1.0) to (170189.10.0)
07/06/26 16:02:39 Event: ULOG_SUBMIT for HTCondor Node COLLECT (170189.10.0) {07/06/26 16:02:33}
07/06/26 16:02:39 Number of idle job procs: 3
07/06/26 16:02:39 Reassigning the id of job COLLECT from (170189.10.0) to (170189.11.0)
07/06/26 16:02:39 Event: ULOG_SUBMIT for HTCondor Node COLLECT (170189.11.0) {07/06/26 16:02:33}
07/06/26 16:02:39 Number of idle job procs: 4
07/06/26 16:02:39 Reassigning the id of job COLLECT from (170189.11.0) to (170189.12.0)
07/06/26 16:02:39 Event: ULOG_SUBMIT for HTCondor Node COLLECT (170189.12.0) {07/06/26 16:02:33}
07/06/26 16:02:39 Number of idle job procs: 5
07/06/26 16:02:39 Reassigning the id of job COLLECT from (170189.12.0) to (170189.13.0)
07/06/26 16:02:39 Event: ULOG_SUBMIT for HTCondor Node COLLECT (170189.13.0) {07/06/26 16:02:33}
07/06/26 16:02:39 Number of idle job procs: 6
07/06/26 16:02:39 Reassigning the id of job COLLECT from (170189.13.0) to (170189.14.0)
07/06/26 16:02:39 Event: ULOG_SUBMIT for HTCondor Node COLLECT (170189.14.0) {07/06/26 16:02:33}
07/06/26 16:02:39 Number of idle job procs: 7
07/06/26 16:02:39 Reassigning the id of job COLLECT from (170189.14.0) to (170189.15.0)
07/06/26 16:02:39 Event: ULOG_SUBMIT for HTCondor Node COLLECT (170189.15.0) {07/06/26 16:02:33}
07/06/26 16:02:39 Number of idle job procs: 8
07/06/26 16:02:39 Reassigning the id of job COLLECT from (170189.15.0) to (170189.16.0)
07/06/26 16:02:39 Event: ULOG_SUBMIT for HTCondor Node COLLECT (170189.16.0) {07/06/26 16:02:33}
07/06/26 16:02:39 Number of idle job procs: 9
07/06/26 16:02:39 Reassigning the id of job COLLECT from (170189.16.0) to (170189.17.0)
07/06/26 16:02:39 Event: ULOG_SUBMIT for HTCondor Node COLLECT (170189.17.0) {07/06/26 16:02:33}
07/06/26 16:02:39 Number of idle job procs: 10
07/06/26 16:02:39 Reassigning the id of job COLLECT from (170189.17.0) to (170189.18.0)
07/06/26 16:02:39 Event: ULOG_SUBMIT for HTCondor Node COLLECT (170189.18.0) {07/06/26 16:02:33}
07/06/26 16:02:39 Number of idle job procs: 11
07/06/26 16:02:39 Reassigning the id of job COLLECT from (170189.18.0) to (170189.19.0)
07/06/26 16:02:39 Event: ULOG_SUBMIT for HTCondor Node COLLECT (170189.19.0) {07/06/26 16:02:33}
07/06/26 16:02:39 Number of idle job procs: 12
07/06/26 16:02:39 Reassigning the id of job COLLECT from (170189.19.0) to (170189.2.0)
07/06/26 16:02:39 Event: ULOG_SUBMIT for HTCondor Node COLLECT (170189.2.0) {07/06/26 16:02:33}
07/06/26 16:02:39 Number of idle job procs: 13
07/06/26 16:02:39 Reassigning the id of job COLLECT from (170189.2.0) to (170189.20.0)
07/06/26 16:02:39 Event: ULOG_SUBMIT for HTCondor Node COLLECT (170189.20.0) {07/06/26 16:02:33}
07/06/26 16:02:39 Number of idle job procs: 14
07/06/26 16:02:39 Reassigning the id of job COLLECT from (170189.20.0) to (170189.21.0)
07/06/26 16:02:39 Event: ULOG_SUBMIT for HTCondor Node COLLECT (170189.21.0) {07/06/26 16:02:33}
07/06/26 16:02:39 Number of idle job procs: 15
07/06/26 16:02:39 Reassigning the id of job COLLECT from (170189.21.0) to (170189.22.0)
07/06/26 16:02:39 Event: ULOG_SUBMIT for HTCondor Node COLLECT (170189.22.0) {07/06/26 16:02:33}
07/06/26 16:02:39 Number of idle job procs: 16
07/06/26 16:02:39 Reassigning the id of job COLLECT from (170189.22.0) to (170189.23.0)
07/06/26 16:02:39 Event: ULOG_SUBMIT for HTCondor Node COLLECT (170189.23.0) {07/06/26 16:02:33}
07/06/26 16:02:39 Number of idle job procs: 17
07/06/26 16:02:39 Reassigning the id of job COLLECT from (170189.23.0) to (170189.24.0)
07/06/26 16:02:39 Event: ULOG_SUBMIT for HTCondor Node COLLECT (170189.24.0) {07/06/26 16:02:33}
07/06/26 16:02:39 Number of idle job procs: 18
07/06/26 16:02:39 Reassigning the id of job COLLECT from (170189.24.0) to (170189.25.0)
07/06/26 16:02:39 Event: ULOG_SUBMIT for HTCondor Node COLLECT (170189.25.0) {07/06/26 16:02:33}
07/06/26 16:02:39 Number of idle job procs: 19
07/06/26 16:02:39 Reassigning the id of job COLLECT from (170189.25.0) to (170189.26.0)
07/06/26 16:02:39 Event: ULOG_SUBMIT for HTCondor Node COLLECT (170189.26.0) {07/06/26 16:02:33}
07/06/26 16:02:39 Number of idle job procs: 20
07/06/26 16:02:39 Reassigning the id of job COLLECT from (170189.26.0) to (170189.27.0)
07/06/26 16:02:39 Event: ULOG_SUBMIT for HTCondor Node COLLECT (170189.27.0) {07/06/26 16:02:33}
07/06/26 16:02:39 Number of idle job procs: 21
07/06/26 16:02:39 Reassigning the id of job COLLECT from (170189.27.0) to (170189.28.0)
07/06/26 16:02:39 Event: ULOG_SUBMIT for HTCondor Node COLLECT (170189.28.0) {07/06/26 16:02:33}
07/06/26 16:02:39 Number of idle job procs: 22
07/06/26 16:02:39 Reassigning the id of job COLLECT from (170189.28.0) to (170189.29.0)
07/06/26 16:02:39 Event: ULOG_SUBMIT for HTCondor Node COLLECT (170189.29.0) {07/06/26 16:02:33}
07/06/26 16:02:39 Number of idle job procs: 23
07/06/26 16:02:39 Reassigning the id of job COLLECT from (170189.29.0) to (170189.3.0)
07/06/26 16:02:39 Event: ULOG_SUBMIT for HTCondor Node COLLECT (170189.3.0) {07/06/26 16:02:33}
07/06/26 16:02:39 Number of idle job procs: 24
07/06/26 16:02:39 Reassigning the id of job COLLECT from (170189.3.0) to (170189.30.0)
07/06/26 16:02:39 Event: ULOG_SUBMIT for HTCondor Node COLLECT (170189.30.0) {07/06/26 16:02:33}
07/06/26 16:02:39 Number of idle job procs: 25
07/06/26 16:02:39 Reassigning the id of job COLLECT from (170189.30.0) to (170189.31.0)
07/06/26 16:02:39 Event: ULOG_SUBMIT for HTCondor Node COLLECT (170189.31.0) {07/06/26 16:02:33}
07/06/26 16:02:39 Number of idle job procs: 26
07/06/26 16:02:39 Reassigning the id of job COLLECT from (170189.31.0) to (170189.32.0)
07/06/26 16:02:39 Event: ULOG_SUBMIT for HTCondor Node COLLECT (170189.32.0) {07/06/26 16:02:33}
07/06/26 16:02:39 Number of idle job procs: 27
07/06/26 16:02:39 Reassigning the id of job COLLECT from (170189.32.0) to (170189.33.0)
07/06/26 16:02:39 Event: ULOG_SUBMIT for HTCondor Node COLLECT (170189.33.0) {07/06/26 16:02:33}
07/06/26 16:02:39 Number of idle job procs: 28
07/06/26 16:02:39 Reassigning the id of job COLLECT from (170189.33.0) to (170189.34.0)
07/06/26 16:02:39 Event: ULOG_SUBMIT for HTCondor Node COLLECT (170189.34.0) {07/06/26 16:02:33}
07/06/26 16:02:39 Number of idle job procs: 29
07/06/26 16:02:39 Reassigning the id of job COLLECT from (170189.34.0) to (170189.35.0)
07/06/26 16:02:39 Event: ULOG_SUBMIT for HTCondor Node COLLECT (170189.35.0) {07/06/26 16:02:33}
07/06/26 16:02:39 Number of idle job procs: 30
07/06/26 16:02:39 Reassigning the id of job COLLECT from (170189.35.0) to (170189.36.0)
07/06/26 16:02:39 Event: ULOG_SUBMIT for HTCondor Node COLLECT (170189.36.0) {07/06/26 16:02:33}
07/06/26 16:02:39 Number of idle job procs: 31
07/06/26 16:02:39 Reassigning the id of job COLLECT from (170189.36.0) to (170189.37.0)
07/06/26 16:02:39 Event: ULOG_SUBMIT for HTCondor Node COLLECT (170189.37.0) {07/06/26 16:02:33}
07/06/26 16:02:39 Number of idle job procs: 32
07/06/26 16:02:39 Reassigning the id of job COLLECT from (170189.37.0) to (170189.38.0)
07/06/26 16:02:39 Event: ULOG_SUBMIT for HTCondor Node COLLECT (170189.38.0) {07/06/26 16:02:33}
07/06/26 16:02:39 Number of idle job procs: 33
07/06/26 16:02:39 Reassigning the id of job COLLECT from (170189.38.0) to (170189.39.0)
07/06/26 16:02:39 Event: ULOG_SUBMIT for HTCondor Node COLLECT (170189.39.0) {07/06/26 16:02:33}
07/06/26 16:02:39 Number of idle job procs: 34
07/06/26 16:02:39 Reassigning the id of job COLLECT from (170189.39.0) to (170189.4.0)
07/06/26 16:02:39 Event: ULOG_SUBMIT for HTCondor Node COLLECT (170189.4.0) {07/06/26 16:02:33}
07/06/26 16:02:39 Number of idle job procs: 35
07/06/26 16:02:39 Reassigning the id of job COLLECT from (170189.4.0) to (170189.5.0)
07/06/26 16:02:39 Event: ULOG_SUBMIT for HTCondor Node COLLECT (170189.5.0) {07/06/26 16:02:33}
07/06/26 16:02:39 Number of idle job procs: 36
07/06/26 16:02:39 Reassigning the id of job COLLECT from (170189.5.0) to (170189.6.0)
07/06/26 16:02:39 Event: ULOG_SUBMIT for HTCondor Node COLLECT (170189.6.0) {07/06/26 16:02:33}
07/06/26 16:02:39 Number of idle job procs: 37
07/06/26 16:02:39 Reassigning the id of job COLLECT from (170189.6.0) to (170189.7.0)
07/06/26 16:02:39 Event: ULOG_SUBMIT for HTCondor Node COLLECT (170189.7.0) {07/06/26 16:02:33}
07/06/26 16:02:39 Number of idle job procs: 38
07/06/26 16:02:39 Reassigning the id of job COLLECT from (170189.7.0) to (170189.8.0)
07/06/26 16:02:39 Event: ULOG_SUBMIT for HTCondor Node COLLECT (170189.8.0) {07/06/26 16:02:33}
07/06/26 16:02:39 Number of idle job procs: 39
07/06/26 16:02:39 Reassigning the id of job COLLECT from (170189.8.0) to (170189.9.0)
07/06/26 16:02:39 Event: ULOG_SUBMIT for HTCondor Node COLLECT (170189.9.0) {07/06/26 16:02:33}
07/06/26 16:02:39 Number of idle job procs: 40
07/06/26 16:12:39 600 seconds since last log event
07/06/26 16:12:39 Pending DAG nodes:
07/06/26 16:12:39   Node COLLECT, HTCondor ID 170189, status STATUS_SUBMITTED
07/06/26 16:17:35 Total jobs placed to AP: 40
07/06/26 16:17:35      Idle     Held     Running     Successful     Failed
07/06/26 16:17:35       ===      ===         ===            ===        ===
07/06/26 16:17:35        40        0           0              0          0
07/06/26 16:22:40 1201 seconds since last log event
07/06/26 16:22:40 Pending DAG nodes:
07/06/26 16:22:40   Node COLLECT, HTCondor ID 170189, status STATUS_SUBMITTED
07/06/26 16:32:35 Total jobs placed to AP: 40
07/06/26 16:32:35      Idle     Held     Running     Successful     Failed
07/06/26 16:32:35       ===      ===         ===            ===        ===
07/06/26 16:32:35        40        0           0              0          0
07/06/26 16:32:40 1801 seconds since last log event
07/06/26 16:32:40 Pending DAG nodes:
07/06/26 16:32:40   Node COLLECT, HTCondor ID 170189, status STATUS_SUBMITTED
07/06/26 16:42:41 2402 seconds since last log event
07/06/26 16:42:41 Pending DAG nodes:
07/06/26 16:42:41   Node COLLECT, HTCondor ID 170189, status STATUS_SUBMITTED
07/06/26 16:47:36 Total jobs placed to AP: 40
07/06/26 16:47:36      Idle     Held     Running     Successful     Failed
07/06/26 16:47:36       ===      ===         ===            ===        ===
07/06/26 16:47:36        40        0           0              0          0
07/06/26 16:52:41 3002 seconds since last log event
07/06/26 16:52:41 Pending DAG nodes:
07/06/26 16:52:41   Node COLLECT, HTCondor ID 170189, status STATUS_SUBMITTED
07/06/26 17:02:37 Total jobs placed to AP: 40
07/06/26 17:02:37      Idle     Held     Running     Successful     Failed
07/06/26 17:02:37       ===      ===         ===            ===        ===
07/06/26 17:02:37        40        0           0              0          0
07/06/26 17:02:42 3603 seconds since last log event
07/06/26 17:02:42 Pending DAG nodes:
07/06/26 17:02:42   Node COLLECT, HTCondor ID 170189, status STATUS_SUBMITTED
07/06/26 17:09:38 Currently monitoring 1 HTCondor log file(s)
07/06/26 17:09:38 Event: ULOG_EXECUTE for HTCondor Node COLLECT (170189.0.0) {07/06/26 17:09:36}
07/06/26 17:09:38 Number of idle job procs: 39
07/06/26 17:10:03 Currently monitoring 1 HTCondor log file(s)
07/06/26 17:10:03 Event: ULOG_EXECUTE for HTCondor Node COLLECT (170189.1.0) {07/06/26 17:10:01}
07/06/26 17:10:03 Number of idle job procs: 38
07/06/26 17:11:03 Currently monitoring 1 HTCondor log file(s)
07/06/26 17:11:03 Event: ULOG_JOB_TERMINATED for HTCondor Node COLLECT (170189.1.0) {07/06/26 17:10:59}
07/06/26 17:11:03 Number of idle job procs: 38
07/06/26 17:11:03 Node COLLECT job proc (170189.1.0) failed with status 1.
07/06/26 17:11:03 Running: /usr/bin/condor_rm 170189 -const DAGManJobId==170180 -reason Node' 'Error:' 'DAG' 'node' 'COLLECT' '(170189.1.0)' 'reached' 'failure' 'tolerance' 'after' '1' 'failures.
07/06/26 17:11:03 Event: ULOG_JOB_TERMINATED for HTCondor Node COLLECT (170189.0.0) {07/06/26 17:10:59}
07/06/26 17:11:03 Number of idle job procs: 38
07/06/26 17:11:03 Node COLLECT job proc (170189.0.0) failed with status 1.
07/06/26 17:11:03 Event: ULOG_EXECUTE for HTCondor Node COLLECT (170189.2.0) {07/06/26 17:11:00}
07/06/26 17:11:03 Number of idle job procs: 37
07/06/26 17:11:03 Event: ULOG_EXECUTE for HTCondor Node COLLECT (170189.3.0) {07/06/26 17:11:01}
07/06/26 17:11:03 Number of idle job procs: 36
07/06/26 17:11:03 Event: ULOG_JOB_ABORTED for HTCondor Node COLLECT (170189.4.0) {07/06/26 17:11:03}
07/06/26 17:11:03 Number of idle job procs: 35
07/06/26 17:11:03 Event: ULOG_JOB_ABORTED for HTCondor Node COLLECT (170189.5.0) {07/06/26 17:11:03}
07/06/26 17:11:03 Number of idle job procs: 34
07/06/26 17:11:03 Event: ULOG_JOB_ABORTED for HTCondor Node COLLECT (170189.6.0) {07/06/26 17:11:03}
07/06/26 17:11:03 Number of idle job procs: 33
07/06/26 17:11:03 Event: ULOG_JOB_ABORTED for HTCondor Node COLLECT (170189.7.0) {07/06/26 17:11:03}
07/06/26 17:11:03 Number of idle job procs: 32
07/06/26 17:11:03 Event: ULOG_JOB_ABORTED for HTCondor Node COLLECT (170189.8.0) {07/06/26 17:11:03}
07/06/26 17:11:03 Number of idle job procs: 31
07/06/26 17:11:03 Event: ULOG_JOB_ABORTED for HTCondor Node COLLECT (170189.9.0) {07/06/26 17:11:03}
07/06/26 17:11:03 Number of idle job procs: 30
07/06/26 17:11:03 Event: ULOG_JOB_ABORTED for HTCondor Node COLLECT (170189.10.0) {07/06/26 17:11:03}
07/06/26 17:11:03 Number of idle job procs: 29
07/06/26 17:11:03 Event: ULOG_JOB_ABORTED for HTCondor Node COLLECT (170189.11.0) {07/06/26 17:11:03}
07/06/26 17:11:03 Number of idle job procs: 28
07/06/26 17:11:03 Event: ULOG_JOB_ABORTED for HTCondor Node COLLECT (170189.12.0) {07/06/26 17:11:03}
07/06/26 17:11:03 Number of idle job procs: 27
07/06/26 17:11:03 Event: ULOG_JOB_ABORTED for HTCondor Node COLLECT (170189.13.0) {07/06/26 17:11:03}
07/06/26 17:11:03 Number of idle job procs: 26
07/06/26 17:11:03 Event: ULOG_JOB_ABORTED for HTCondor Node COLLECT (170189.14.0) {07/06/26 17:11:03}
07/06/26 17:11:03 Number of idle job procs: 25
07/06/26 17:11:03 Event: ULOG_JOB_ABORTED for HTCondor Node COLLECT (170189.15.0) {07/06/26 17:11:03}
07/06/26 17:11:03 Number of idle job procs: 24
07/06/26 17:11:03 Event: ULOG_JOB_ABORTED for HTCondor Node COLLECT (170189.16.0) {07/06/26 17:11:03}
07/06/26 17:11:03 Number of idle job procs: 23
07/06/26 17:11:03 Event: ULOG_JOB_ABORTED for HTCondor Node COLLECT (170189.17.0) {07/06/26 17:11:03}
07/06/26 17:11:03 Number of idle job procs: 22
07/06/26 17:11:03 Event: ULOG_JOB_ABORTED for HTCondor Node COLLECT (170189.18.0) {07/06/26 17:11:03}
07/06/26 17:11:03 Number of idle job procs: 21
07/06/26 17:11:08 Currently monitoring 1 HTCondor log file(s)
07/06/26 17:11:08 Event: ULOG_JOB_ABORTED for HTCondor Node COLLECT (170189.19.0) {07/06/26 17:11:03}
07/06/26 17:11:08 Number of idle job procs: 20
07/06/26 17:11:08 Event: ULOG_JOB_ABORTED for HTCondor Node COLLECT (170189.20.0) {07/06/26 17:11:03}
07/06/26 17:11:08 Number of idle job procs: 19
07/06/26 17:11:08 Event: ULOG_JOB_ABORTED for HTCondor Node COLLECT (170189.21.0) {07/06/26 17:11:03}
07/06/26 17:11:08 Number of idle job procs: 18
07/06/26 17:11:08 Event: ULOG_JOB_ABORTED for HTCondor Node COLLECT (170189.22.0) {07/06/26 17:11:03}
07/06/26 17:11:08 Number of idle job procs: 17
07/06/26 17:11:08 Event: ULOG_JOB_ABORTED for HTCondor Node COLLECT (170189.23.0) {07/06/26 17:11:03}
07/06/26 17:11:08 Number of idle job procs: 16
07/06/26 17:11:08 Event: ULOG_JOB_ABORTED for HTCondor Node COLLECT (170189.24.0) {07/06/26 17:11:03}
07/06/26 17:11:08 Number of idle job procs: 15
07/06/26 17:11:08 Event: ULOG_JOB_ABORTED for HTCondor Node COLLECT (170189.25.0) {07/06/26 17:11:03}
07/06/26 17:11:08 Number of idle job procs: 14
07/06/26 17:11:08 Event: ULOG_JOB_ABORTED for HTCondor Node COLLECT (170189.26.0) {07/06/26 17:11:03}
07/06/26 17:11:08 Number of idle job procs: 13
07/06/26 17:11:08 Event: ULOG_JOB_ABORTED for HTCondor Node COLLECT (170189.27.0) {07/06/26 17:11:03}
07/06/26 17:11:08 Number of idle job procs: 12
07/06/26 17:11:08 Event: ULOG_JOB_ABORTED for HTCondor Node COLLECT (170189.28.0) {07/06/26 17:11:03}
07/06/26 17:11:08 Number of idle job procs: 11
07/06/26 17:11:08 Event: ULOG_JOB_ABORTED for HTCondor Node COLLECT (170189.29.0) {07/06/26 17:11:03}
07/06/26 17:11:08 Number of idle job procs: 10
07/06/26 17:11:08 Event: ULOG_JOB_ABORTED for HTCondor Node COLLECT (170189.30.0) {07/06/26 17:11:03}
07/06/26 17:11:08 Number of idle job procs: 9
07/06/26 17:11:08 Event: ULOG_JOB_ABORTED for HTCondor Node COLLECT (170189.31.0) {07/06/26 17:11:03}
07/06/26 17:11:08 Number of idle job procs: 8
07/06/26 17:11:08 Event: ULOG_JOB_ABORTED for HTCondor Node COLLECT (170189.32.0) {07/06/26 17:11:03}
07/06/26 17:11:08 Number of idle job procs: 7
07/06/26 17:11:08 Event: ULOG_JOB_ABORTED for HTCondor Node COLLECT (170189.33.0) {07/06/26 17:11:03}
07/06/26 17:11:08 Number of idle job procs: 6
07/06/26 17:11:08 Event: ULOG_JOB_ABORTED for HTCondor Node COLLECT (170189.34.0) {07/06/26 17:11:03}
07/06/26 17:11:08 Number of idle job procs: 5
07/06/26 17:11:08 Event: ULOG_JOB_ABORTED for HTCondor Node COLLECT (170189.35.0) {07/06/26 17:11:03}
07/06/26 17:11:08 Number of idle job procs: 4
07/06/26 17:11:08 Event: ULOG_JOB_ABORTED for HTCondor Node COLLECT (170189.36.0) {07/06/26 17:11:03}
07/06/26 17:11:08 Number of idle job procs: 3
07/06/26 17:11:08 Event: ULOG_JOB_ABORTED for HTCondor Node COLLECT (170189.37.0) {07/06/26 17:11:03}
07/06/26 17:11:08 Number of idle job procs: 2
07/06/26 17:11:08 Event: ULOG_JOB_ABORTED for HTCondor Node COLLECT (170189.38.0) {07/06/26 17:11:03}
07/06/26 17:11:08 Number of idle job procs: 1
07/06/26 17:11:08 Event: ULOG_JOB_ABORTED for HTCondor Node COLLECT (170189.39.0) {07/06/26 17:11:03}
07/06/26 17:11:08 Number of idle job procs: 0
07/06/26 17:11:08 Event: ULOG_JOB_EVICTED for HTCondor Node COLLECT (170189.2.0) {07/06/26 17:11:05}
07/06/26 17:11:08 Number of idle job procs: 0
07/06/26 17:11:08 Event: ULOG_JOB_ABORTED for HTCondor Node COLLECT (170189.2.0) {07/06/26 17:11:05}
07/06/26 17:11:08 Number of idle job procs: 0
07/06/26 17:11:08 Event: ULOG_JOB_EVICTED for HTCondor Node COLLECT (170189.3.0) {07/06/26 17:11:05}
07/06/26 17:11:08 Number of idle job procs: 0
07/06/26 17:11:08 Event: ULOG_JOB_ABORTED for HTCondor Node COLLECT (170189.3.0) {07/06/26 17:11:05}
07/06/26 17:11:08 Number of idle job procs: 0
07/06/26 17:11:08 Node COLLECT job(s) have exited the queue
07/06/26 17:11:08 DAG status: 2 (DAG_STATUS_NODE_FAILED)
07/06/26 17:11:08 Of 5 nodes total:
07/06/26 17:11:08  Done     Pre   Queued    Post   Ready   Un-Ready   Failed   Futile
07/06/26 17:11:08   ===     ===      ===     ===     ===        ===      ===      ===
07/06/26 17:11:08     0       0        0       0       0          0        1        4
07/06/26 17:11:08 0 job proc(s) currently held
07/06/26 17:11:08 DAGMan Runtime Statistics: [EventCycleTimeAvg=0.001; EventCycleTimeMax=0.585; EventCycleTimeMin=0.000; EventCycleTimeStd=0.021; EventCycleTimeSum=0.960; SleepCycleTimeAvg=5.005; SleepCycleTimeMax=5.049; SleepCycleTimeMin=5.000; SleepCycleTimeStd=0.003; SleepCycleTimeSum=4113.736; SubmitCycleTimeAvg=0.001; SubmitCycleTimeMax=0.579; SubmitCycleTimeMin=0.000; SubmitCycleTimeStd=0.020; SubmitCycleTimeSum=0.580; EventCycleTimeCount=822.000; SleepCycleTimeCount=822.000; SubmitCycleTimeCount=823.000; LogProcessCycleTimeAvg=0.037; LogProcessCycleTimeMax=0.083; LogProcessCycleTimeMin=0.002; LogProcessCycleTimeStd=0.037; LogProcessCycleTimeSum=0.187; LogProcessCycleTimeCount=5.000; ]
07/06/26 17:11:08 ERROR: the following job(s) failed:
07/06/26 17:11:08 ---------------------- Node ----------------------
07/06/26 17:11:08       Node Name: COLLECT
07/06/26 17:11:08            Noop: false
07/06/26 17:11:08          NodeID: 0
07/06/26 17:11:08     Node Status: STATUS_ERROR    
07/06/26 17:11:08 Node return val: 1
07/06/26 17:11:08           Error: Job proc (170189.1.0) failed with status 1
07/06/26 17:11:08 Job Submit File: transport_linetrack_50_25_action_shield_collect.sub
07/06/26 17:11:08  HTCondor Job ID: (170189.9.0)
07/06/26 17:11:08 PARENTS:  WAITING: 0 CHILDREN: MERGE_COLLECTION
07/06/26 17:11:08 ---------------------------------------	<END>
07/06/26 17:11:08 Aborting DAG...
07/06/26 17:11:08 Writing Rescue DAG to transport_linetrack_50_25_action_shield.dag.rescue002...
07/06/26 17:11:08 Removing submitted jobs...
07/06/26 17:11:08 Removing any/all submitted HTCondor jobs...
07/06/26 17:11:08 Running: /usr/bin/condor_rm -const DAGManJobId==170180 -reason DAG' 'Abort:' 'DAG' 'is' 'exiting' 'and' 'writing' 'rescue' 'file.
07/06/26 17:11:08 Note: 0 total node deferrals because of -MaxJobs limit (0)
07/06/26 17:11:08 Note: 0 total node deferrals because of -MaxIdle limit (1000)
07/06/26 17:11:08 Note: 0 total node deferrals because of node category throttles
07/06/26 17:11:08 Note: 0 total PRE script deferrals because of -MaxPre limit (20) or DEFER
07/06/26 17:11:08 Note: 0 total POST script deferrals because of -MaxPost limit (20) or DEFER
07/06/26 17:11:08 Note: 0 total HOLD script deferrals because of -MaxHold limit (20) or DEFER
07/06/26 17:11:08 DAG status: 2 (DAG_STATUS_NODE_FAILED)
07/06/26 17:11:08 Of 5 nodes total:
07/06/26 17:11:08  Done     Pre   Queued    Post   Ready   Un-Ready   Failed   Futile
07/06/26 17:11:08   ===     ===      ===     ===     ===        ===      ===      ===
07/06/26 17:11:08     0       0        0       0       0          0        1        4
07/06/26 17:11:08 0 job proc(s) currently held
07/06/26 17:11:08 DAGMan Runtime Statistics: [EventCycleTimeAvg=0.001; EventCycleTimeMax=0.585; EventCycleTimeMin=0.000; EventCycleTimeStd=0.021; EventCycleTimeSum=0.960; SleepCycleTimeAvg=5.005; SleepCycleTimeMax=5.049; SleepCycleTimeMin=5.000; SleepCycleTimeStd=0.003; SleepCycleTimeSum=4113.736; SubmitCycleTimeAvg=0.001; SubmitCycleTimeMax=0.579; SubmitCycleTimeMin=0.000; SubmitCycleTimeStd=0.020; SubmitCycleTimeSum=0.580; EventCycleTimeCount=822.000; SleepCycleTimeCount=822.000; SubmitCycleTimeCount=823.000; LogProcessCycleTimeAvg=0.037; LogProcessCycleTimeMax=0.083; LogProcessCycleTimeMin=0.002; LogProcessCycleTimeStd=0.037; LogProcessCycleTimeSum=0.187; LogProcessCycleTimeCount=5.000; ]
07/06/26 17:11:08 Wrote metrics file transport_linetrack_50_25_action_shield.dag.metrics.
07/06/26 17:11:08 DAGMan Runtime Statistics: [EventCycleTimeAvg=0.001; EventCycleTimeMax=0.585; EventCycleTimeMin=0.000; EventCycleTimeStd=0.021; EventCycleTimeSum=0.960; SleepCycleTimeAvg=5.005; SleepCycleTimeMax=5.049; SleepCycleTimeMin=5.000; SleepCycleTimeStd=0.003; SleepCycleTimeSum=4113.736; SubmitCycleTimeAvg=0.001; SubmitCycleTimeMax=0.579; SubmitCycleTimeMin=0.000; SubmitCycleTimeStd=0.020; SubmitCycleTimeSum=0.580; EventCycleTimeCount=822.000; SleepCycleTimeCount=822.000; SubmitCycleTimeCount=823.000; LogProcessCycleTimeAvg=0.037; LogProcessCycleTimeMax=0.083; LogProcessCycleTimeMin=0.002; LogProcessCycleTimeStd=0.037; LogProcessCycleTimeSum=0.187; LogProcessCycleTimeCount=5.000; ]
07/06/26 17:11:08 **** condor_scheduniv_exec.170180.0 (condor_DAGMAN) pid 4155134 EXITING WITH STATUS 1
07/06/26 18:12:31 ******************************************************
07/06/26 18:12:31 ** condor_scheduniv_exec.170245.0 (CONDOR_DAGMAN) STARTING UP
07/06/26 18:12:31 ** /usr/bin/condor_dagman
07/06/26 18:12:31 ** SubsystemInfo: name=DAGMAN type=DAGMAN(9) class=CLIENT(2)
07/06/26 18:12:31 ** Configuration: subsystem:DAGMAN local:<NONE> class:CLIENT
07/06/26 18:12:31 ** $CondorVersion: 24.12.19 2026-04-15 BuildID: 896241 PackageID: 24.12.19-1+deb12 GitSHA: c68f3e0e $
07/06/26 18:12:31 ** $CondorPlatform: X86_64-Debian_12 $
07/06/26 18:12:31 ** PID = 35825 RealUID = 1620002036
07/06/26 18:12:31 ** Log last touched 7/6 17:11:08
07/06/26 18:12:31 ******************************************************
07/06/26 18:12:31 Using config source: /etc/condor/condor_config
07/06/26 18:12:31 Using local config sources: 
07/06/26 18:12:31    /etc/condor/config.d/01-submit.conf
07/06/26 18:12:31    /etc/condor/config.d/10-stash-plugin.conf
07/06/26 18:12:31    /etc/condor/config.d/23-network.config
07/06/26 18:12:31    /etc/condor/config.d/31-mail.conf
07/06/26 18:12:31    /etc/condor/config.d/35-cc-sync.conf
07/06/26 18:12:31    /etc/condor/config.d/41-periodic-remove.conf
07/06/26 18:12:31    /etc/condor/config.d/49-common.conf
07/06/26 18:12:31    /etc/condor/config.d/52-group-mapping.conf
07/06/26 18:12:31    /etc/condor/config.d/54-container.conf
07/06/26 18:12:31    /etc/condor/config.d/67-submit-transforms.conf
07/06/26 18:12:31    /etc/condor/config.d/71-submit-requirements.conf
07/06/26 18:12:31    /etc/condor/condor_config.local
07/06/26 18:12:31 config Macros = 110, Sorted = 110, StringBytes = 6392, TablesBytes = 4088
07/06/26 18:12:31 CLASSAD_CACHING is ENABLED
07/06/26 18:12:31 Daemon Log is logging: D_ALWAYS D_ERROR D_STATUS
07/06/26 18:12:31 Daemoncore: Listening at <0.0.0.0:28027> on TCP (ReliSock) and UDP (SafeSock).
07/06/26 18:12:31 DaemonCore: command socket at <10.143.248.60:28027?addrs=10.143.248.60-28027&alias=conduit.hpc.uni-saarland.de>
07/06/26 18:12:31 DaemonCore: private command socket at <10.143.248.60:28027?addrs=10.143.248.60-28027&alias=conduit.hpc.uni-saarland.de>
07/06/26 18:12:31 DAGMAN_USE_STRICT setting: 1
07/06/26 18:12:31 DAGMAN_VERBOSITY setting: 3
07/06/26 18:12:31 DAGMAN_DEBUG_CACHE_SIZE setting: 5242880
07/06/26 18:12:31 DAGMAN_DEBUG_CACHE_ENABLE setting: False
07/06/26 18:12:31 DAGMAN_SUBMIT_DELAY setting: 0
07/06/26 18:12:31 DAGMAN_MAX_SUBMIT_ATTEMPTS setting: 6
07/06/26 18:12:31 DAGMAN_STARTUP_CYCLE_DETECT setting: False
07/06/26 18:12:31 DAGMAN_USE_JOIN_NODES setting: True
07/06/26 18:12:31 DAGMAN_REPORT_GRAPH_METRICS setting: False
07/06/26 18:12:31 DAGMAN_MAX_SUBMITS_PER_INTERVAL setting: 100
07/06/26 18:12:31 DAGMAN_AGGRESSIVE_SUBMIT setting: False
07/06/26 18:12:31 DAGMAN_USER_LOG_SCAN_INTERVAL setting: 5
07/06/26 18:12:31 DAGMAN_QUEUE_UPDATE_INTERVAL setting: 300.000000
07/06/26 18:12:31 DAGMAN_DEFAULT_PRIORITY setting: 0
07/06/26 18:12:31 DAGMAN_SUPPRESS_NOTIFICATION setting: False
07/06/26 18:12:31 allow_events (DAGMAN_ALLOW_EVENTS) setting: 114
07/06/26 18:12:31 DAGMAN_RETRY_SUBMIT_FIRST setting: True
07/06/26 18:12:31 DAGMAN_RETRY_NODE_FIRST setting: False
07/06/26 18:12:31 DAGMAN_MAX_JOBS_IDLE setting: 1000
07/06/26 18:12:31 DAGMAN_MAX_JOBS_SUBMITTED setting: 0
07/06/26 18:12:31 DAGMAN_MAX_PRE_SCRIPTS setting: 20
07/06/26 18:12:31 DAGMAN_MAX_POST_SCRIPTS setting: 20
07/06/26 18:12:31 DAGMAN_MAX_HOLD_SCRIPTS setting: 20
07/06/26 18:12:31 DAGMAN_MUNGE_NODE_NAMES setting: True
07/06/26 18:12:31 DAGMAN_ALLOW_ANY_NODE_NAME_CHARACTERS setting: False
07/06/26 18:12:31 DAGMAN_PROHIBIT_MULTI_JOBS setting: False
07/06/26 18:12:31 DAGMAN_SUBMIT_DEPTH_FIRST setting: False
07/06/26 18:12:31 DAGMAN_ALWAYS_RUN_POST setting: False
07/06/26 18:12:31 DAGMAN_CONDOR_SUBMIT_EXE setting: /usr/bin/condor_submit
07/06/26 18:12:31 DAGMAN_CONDOR_RM_EXE setting: /usr/bin/condor_rm
07/06/26 18:12:31 DAGMAN_USE_DIRECT_SUBMIT setting: True
07/06/26 18:12:31 DAGMAN_PRODUCE_JOB_CREDENTIALS setting: True
07/06/26 18:12:31 DAGMAN_DEFAULT_APPEND_VARS setting: False
07/06/26 18:12:31 DAGMAN_INHERIT_ATTRS_PREFIX setting: 
07/06/26 18:12:31 DAGMAN_INHERIT_ATTRS setting: 
07/06/26 18:12:31 DAGMAN_ABORT_DUPLICATES setting: True
07/06/26 18:12:31 DAGMAN_ABORT_ON_SCARY_SUBMIT setting: True
07/06/26 18:12:31 DAGMAN_PENDING_REPORT_INTERVAL setting: 600
07/06/26 18:12:31 DAGMAN_CHECK_QUEUE_INTERVAL setting: 28800
07/06/26 18:12:31 DAGMAN_PRINT_JOB_TABLE_INTERVAL setting: 900
07/06/26 18:12:31 DAGMAN_AUTO_RESCUE setting: True
07/06/26 18:12:31 DAGMAN_MAX_RESCUE_NUM setting: 100
07/06/26 18:12:31 DAGMAN_WRITE_PARTIAL_RESCUE setting: True
07/06/26 18:12:31 DAGMAN_RESET_RETRIES_UPON_RESCUE setting: True
07/06/26 18:12:31 DAGMAN_METRICS_FILE_VERSION setting: 2
07/06/26 18:12:31 DAGMAN_DEFAULT_NODE_LOG setting: @(DAG_DIR)/@(DAG_FILE).nodes.log
07/06/26 18:12:31 DAGMAN_LOG_ON_NFS_IS_ERROR setting: False
07/06/26 18:12:31 DAGMAN_GENERATE_SUBDAG_SUBMITS setting: True
07/06/26 18:12:31 DAGMAN_MAX_JOB_HOLDS setting: 100
07/06/26 18:12:31 DAGMAN_NODE_JOB_FAILURE_TOLERANCE setting: 0
07/06/26 18:12:31 DAGMAN_HOLD_CLAIM_TIME setting: 20
07/06/26 18:12:31 DAGMAN_SUPPRESS_JOB_LOGS setting: False
07/06/26 18:12:31 DAGMAN_REMOVE_NODE_JOBS setting: True
07/06/26 18:12:31 DAGMAN_PUT_FAILED_JOBS_ON_HOLD setting: False
07/06/26 18:12:31 DAGMAN_REMOVE_JOBS_AFTER_LIMIT_CHANGE setting: False
07/06/26 18:12:31 DAGMAN will adjust edges after parsing
07/06/26 18:12:31 argv[0] == "condor_scheduniv_exec.170245.0"
07/06/26 18:12:31 argv[1] == "-Lockfile"
07/06/26 18:12:31 argv[2] == "transport_linetrack_50_25_action_shield.dag.lock"
07/06/26 18:12:31 argv[3] == "-Dag"
07/06/26 18:12:31 argv[4] == "transport_linetrack_50_25_action_shield.dag"
07/06/26 18:12:31 argv[5] == "-CsdVersion"
07/06/26 18:12:31 argv[6] == "$CondorVersion: 24.12.19 2026-04-15 BuildID: 896241 PackageID: 24.12.19-1+deb12 GitSHA: c68f3e0e $"
07/06/26 18:12:31 argv[7] == "-dagman"
07/06/26 18:12:31 argv[8] == "/usr/bin/condor_dagman"
07/06/26 18:12:31 argv[9] == "-AutoRescue"
07/06/26 18:12:31 argv[10] == "1"
07/06/26 18:12:31 argv[11] == "-DoRescueFrom"
07/06/26 18:12:31 argv[12] == "0"
07/06/26 18:12:31 Can't open directory "/etc/condor/passwords.d" as PRIV_ROOT, errno: 13 (Permission denied)
07/06/26 18:12:31 Can't open directory "/etc/condor/passwords.d" as PRIV_ROOT, errno: 13 (Permission denied)
07/06/26 18:12:31 Workflow batch-id: <170245.0>
07/06/26 18:12:31 Workflow batch-name: <transport_linetrack_50_25_action_shield.dag+170245>
07/06/26 18:12:31 Workflow accounting_group: <teaching>
07/06/26 18:12:31 Workflow accounting_group_user: <atml_team041>
07/06/26 18:12:31 Warning: failed to get attribute DAGNodeName
07/06/26 18:12:31 Default node log file is: </home/atml_team041/condor_tutorial/jani_env/experiments/repair_wo_domain/submissions/action_shield/transport_linetrack/./transport_linetrack_50_25_action_shield.dag.nodes.log>
07/06/26 18:12:31 DAG Lockfile will be written to transport_linetrack_50_25_action_shield.dag.lock
07/06/26 18:12:31 DAG Input file is transport_linetrack_50_25_action_shield.dag
07/06/26 18:12:31 Parsing 1 dagfiles
07/06/26 18:12:31 Parsing transport_linetrack_50_25_action_shield.dag ...
07/06/26 18:12:31 Adjusting edges
07/06/26 18:12:31 Found rescue DAG number 2; running transport_linetrack_50_25_action_shield.dag.rescue002 in combination with normal DAG file
07/06/26 18:12:31 ~~~~~~~~~~~~~~~~~~~~~~~~~~~~~~~~~~~~~~~~~~~~~~~~~~~~~~
07/06/26 18:12:31 USING RESCUE DAG transport_linetrack_50_25_action_shield.dag.rescue002
07/06/26 18:12:31 Dag contains 5 total nodes
07/06/26 18:12:31 Bootstrapping...
07/06/26 18:12:31 Number of pre-completed nodes: 0
07/06/26 18:12:31 MultiLogFiles: truncating log file /home/atml_team041/condor_tutorial/jani_env/experiments/repair_wo_domain/submissions/action_shield/transport_linetrack/./transport_linetrack_50_25_action_shield.dag.nodes.log
07/06/26 18:12:31 DAG status: 0 (DAG_STATUS_OK)
07/06/26 18:12:31 Of 5 nodes total:
07/06/26 18:12:31  Done     Pre   Queued    Post   Ready   Un-Ready   Failed   Futile
07/06/26 18:12:31   ===     ===      ===     ===     ===        ===      ===      ===
07/06/26 18:12:31     0       0        0       0       1          4        0        0
07/06/26 18:12:31 0 job proc(s) currently held
07/06/26 18:12:31 DAGMan Runtime Statistics: [EventCycleTimeSum=0.000; SleepCycleTimeSum=0.000; SubmitCycleTimeSum=0.000; EventCycleTimeCount=0.000; SleepCycleTimeCount=0.000; SubmitCycleTimeCount=0.000; LogProcessCycleTimeSum=0.000; LogProcessCycleTimeCount=0.000; ]
07/06/26 18:12:31 Registering condor_event_timer...
07/06/26 18:12:32 Submitting HTCondor Node COLLECT job(s)...
07/06/26 18:12:32 Submitting node COLLECT from file transport_linetrack_50_25_action_shield_collect.sub using direct job submission
07/06/26 18:12:32 	assigned HTCondor ID (170250.0.0)
07/06/26 18:12:33 Just submitted 1 job this cycle...
07/06/26 18:12:33 DAG status: 0 (DAG_STATUS_OK)
07/06/26 18:12:33 Of 5 nodes total:
07/06/26 18:12:33  Done     Pre   Queued    Post   Ready   Un-Ready   Failed   Futile
07/06/26 18:12:33   ===     ===      ===     ===     ===        ===      ===      ===
07/06/26 18:12:33     0       0        1       0       0          4        0        0
07/06/26 18:12:33 0 job proc(s) currently held
07/06/26 18:12:33 DAGMan Runtime Statistics: [EventCycleTimeSum=0.000; SleepCycleTimeSum=0.000; SubmitCycleTimeAvg=0.241; SubmitCycleTimeMax=0.241; SubmitCycleTimeMin=0.241; SubmitCycleTimeStd=0.241; SubmitCycleTimeSum=0.241; EventCycleTimeCount=0.000; SleepCycleTimeCount=0.000; SubmitCycleTimeCount=1.000; LogProcessCycleTimeSum=0.000; LogProcessCycleTimeCount=0.000; ]
07/06/26 18:12:38 Currently monitoring 1 HTCondor log file(s)
07/06/26 18:12:38 Reassigning the id of job COLLECT from (170250.0.0) to (170250.0.0)
07/06/26 18:12:38 Event: ULOG_SUBMIT for HTCondor Node COLLECT (170250.0.0) {07/06/26 18:12:32}
07/06/26 18:12:38 Number of idle job procs: 1
07/06/26 18:12:38 Reassigning the id of job COLLECT from (170250.0.0) to (170250.1.0)
07/06/26 18:12:38 Event: ULOG_SUBMIT for HTCondor Node COLLECT (170250.1.0) {07/06/26 18:12:32}
07/06/26 18:12:38 Number of idle job procs: 2
07/06/26 18:12:38 Reassigning the id of job COLLECT from (170250.1.0) to (170250.10.0)
07/06/26 18:12:38 Event: ULOG_SUBMIT for HTCondor Node COLLECT (170250.10.0) {07/06/26 18:12:32}
07/06/26 18:12:38 Number of idle job procs: 3
07/06/26 18:12:38 Reassigning the id of job COLLECT from (170250.10.0) to (170250.11.0)
07/06/26 18:12:38 Event: ULOG_SUBMIT for HTCondor Node COLLECT (170250.11.0) {07/06/26 18:12:32}
07/06/26 18:12:38 Number of idle job procs: 4
07/06/26 18:12:38 Reassigning the id of job COLLECT from (170250.11.0) to (170250.12.0)
07/06/26 18:12:38 Event: ULOG_SUBMIT for HTCondor Node COLLECT (170250.12.0) {07/06/26 18:12:32}
07/06/26 18:12:38 Number of idle job procs: 5
07/06/26 18:12:38 Reassigning the id of job COLLECT from (170250.12.0) to (170250.13.0)
07/06/26 18:12:38 Event: ULOG_SUBMIT for HTCondor Node COLLECT (170250.13.0) {07/06/26 18:12:32}
07/06/26 18:12:38 Number of idle job procs: 6
07/06/26 18:12:38 Reassigning the id of job COLLECT from (170250.13.0) to (170250.14.0)
07/06/26 18:12:38 Event: ULOG_SUBMIT for HTCondor Node COLLECT (170250.14.0) {07/06/26 18:12:32}
07/06/26 18:12:38 Number of idle job procs: 7
07/06/26 18:12:38 Reassigning the id of job COLLECT from (170250.14.0) to (170250.15.0)
07/06/26 18:12:38 Event: ULOG_SUBMIT for HTCondor Node COLLECT (170250.15.0) {07/06/26 18:12:32}
07/06/26 18:12:38 Number of idle job procs: 8
07/06/26 18:12:38 Reassigning the id of job COLLECT from (170250.15.0) to (170250.16.0)
07/06/26 18:12:38 Event: ULOG_SUBMIT for HTCondor Node COLLECT (170250.16.0) {07/06/26 18:12:32}
07/06/26 18:12:38 Number of idle job procs: 9
07/06/26 18:12:38 Reassigning the id of job COLLECT from (170250.16.0) to (170250.17.0)
07/06/26 18:12:38 Event: ULOG_SUBMIT for HTCondor Node COLLECT (170250.17.0) {07/06/26 18:12:32}
07/06/26 18:12:38 Number of idle job procs: 10
07/06/26 18:12:38 Reassigning the id of job COLLECT from (170250.17.0) to (170250.18.0)
07/06/26 18:12:38 Event: ULOG_SUBMIT for HTCondor Node COLLECT (170250.18.0) {07/06/26 18:12:32}
07/06/26 18:12:38 Number of idle job procs: 11
07/06/26 18:12:38 Reassigning the id of job COLLECT from (170250.18.0) to (170250.19.0)
07/06/26 18:12:38 Event: ULOG_SUBMIT for HTCondor Node COLLECT (170250.19.0) {07/06/26 18:12:32}
07/06/26 18:12:38 Number of idle job procs: 12
07/06/26 18:12:38 Reassigning the id of job COLLECT from (170250.19.0) to (170250.2.0)
07/06/26 18:12:38 Event: ULOG_SUBMIT for HTCondor Node COLLECT (170250.2.0) {07/06/26 18:12:32}
07/06/26 18:12:38 Number of idle job procs: 13
07/06/26 18:12:38 Reassigning the id of job COLLECT from (170250.2.0) to (170250.20.0)
07/06/26 18:12:38 Event: ULOG_SUBMIT for HTCondor Node COLLECT (170250.20.0) {07/06/26 18:12:32}
07/06/26 18:12:38 Number of idle job procs: 14
07/06/26 18:12:38 Reassigning the id of job COLLECT from (170250.20.0) to (170250.21.0)
07/06/26 18:12:38 Event: ULOG_SUBMIT for HTCondor Node COLLECT (170250.21.0) {07/06/26 18:12:32}
07/06/26 18:12:38 Number of idle job procs: 15
07/06/26 18:12:38 Reassigning the id of job COLLECT from (170250.21.0) to (170250.22.0)
07/06/26 18:12:38 Event: ULOG_SUBMIT for HTCondor Node COLLECT (170250.22.0) {07/06/26 18:12:32}
07/06/26 18:12:38 Number of idle job procs: 16
07/06/26 18:12:38 Reassigning the id of job COLLECT from (170250.22.0) to (170250.23.0)
07/06/26 18:12:38 Event: ULOG_SUBMIT for HTCondor Node COLLECT (170250.23.0) {07/06/26 18:12:32}
07/06/26 18:12:38 Number of idle job procs: 17
07/06/26 18:12:38 Reassigning the id of job COLLECT from (170250.23.0) to (170250.24.0)
07/06/26 18:12:38 Event: ULOG_SUBMIT for HTCondor Node COLLECT (170250.24.0) {07/06/26 18:12:32}
07/06/26 18:12:38 Number of idle job procs: 18
07/06/26 18:12:38 Reassigning the id of job COLLECT from (170250.24.0) to (170250.25.0)
07/06/26 18:12:38 Event: ULOG_SUBMIT for HTCondor Node COLLECT (170250.25.0) {07/06/26 18:12:32}
07/06/26 18:12:38 Number of idle job procs: 19
07/06/26 18:12:38 Reassigning the id of job COLLECT from (170250.25.0) to (170250.26.0)
07/06/26 18:12:38 Event: ULOG_SUBMIT for HTCondor Node COLLECT (170250.26.0) {07/06/26 18:12:32}
07/06/26 18:12:38 Number of idle job procs: 20
07/06/26 18:12:38 Reassigning the id of job COLLECT from (170250.26.0) to (170250.27.0)
07/06/26 18:12:38 Event: ULOG_SUBMIT for HTCondor Node COLLECT (170250.27.0) {07/06/26 18:12:32}
07/06/26 18:12:38 Number of idle job procs: 21
07/06/26 18:12:38 Reassigning the id of job COLLECT from (170250.27.0) to (170250.28.0)
07/06/26 18:12:38 Event: ULOG_SUBMIT for HTCondor Node COLLECT (170250.28.0) {07/06/26 18:12:32}
07/06/26 18:12:38 Number of idle job procs: 22
07/06/26 18:12:38 Reassigning the id of job COLLECT from (170250.28.0) to (170250.29.0)
07/06/26 18:12:38 Event: ULOG_SUBMIT for HTCondor Node COLLECT (170250.29.0) {07/06/26 18:12:32}
07/06/26 18:12:38 Number of idle job procs: 23
07/06/26 18:12:38 Reassigning the id of job COLLECT from (170250.29.0) to (170250.3.0)
07/06/26 18:12:38 Event: ULOG_SUBMIT for HTCondor Node COLLECT (170250.3.0) {07/06/26 18:12:32}
07/06/26 18:12:38 Number of idle job procs: 24
07/06/26 18:12:38 Reassigning the id of job COLLECT from (170250.3.0) to (170250.30.0)
07/06/26 18:12:38 Event: ULOG_SUBMIT for HTCondor Node COLLECT (170250.30.0) {07/06/26 18:12:32}
07/06/26 18:12:38 Number of idle job procs: 25
07/06/26 18:12:38 Reassigning the id of job COLLECT from (170250.30.0) to (170250.31.0)
07/06/26 18:12:38 Event: ULOG_SUBMIT for HTCondor Node COLLECT (170250.31.0) {07/06/26 18:12:32}
07/06/26 18:12:38 Number of idle job procs: 26
07/06/26 18:12:38 Reassigning the id of job COLLECT from (170250.31.0) to (170250.32.0)
07/06/26 18:12:38 Event: ULOG_SUBMIT for HTCondor Node COLLECT (170250.32.0) {07/06/26 18:12:32}
07/06/26 18:12:38 Number of idle job procs: 27
07/06/26 18:12:38 Reassigning the id of job COLLECT from (170250.32.0) to (170250.33.0)
07/06/26 18:12:38 Event: ULOG_SUBMIT for HTCondor Node COLLECT (170250.33.0) {07/06/26 18:12:32}
07/06/26 18:12:38 Number of idle job procs: 28
07/06/26 18:12:38 Reassigning the id of job COLLECT from (170250.33.0) to (170250.34.0)
07/06/26 18:12:38 Event: ULOG_SUBMIT for HTCondor Node COLLECT (170250.34.0) {07/06/26 18:12:32}
07/06/26 18:12:38 Number of idle job procs: 29
07/06/26 18:12:38 Reassigning the id of job COLLECT from (170250.34.0) to (170250.35.0)
07/06/26 18:12:38 Event: ULOG_SUBMIT for HTCondor Node COLLECT (170250.35.0) {07/06/26 18:12:32}
07/06/26 18:12:38 Number of idle job procs: 30
07/06/26 18:12:38 Reassigning the id of job COLLECT from (170250.35.0) to (170250.36.0)
07/06/26 18:12:38 Event: ULOG_SUBMIT for HTCondor Node COLLECT (170250.36.0) {07/06/26 18:12:32}
07/06/26 18:12:38 Number of idle job procs: 31
07/06/26 18:12:38 Reassigning the id of job COLLECT from (170250.36.0) to (170250.37.0)
07/06/26 18:12:38 Event: ULOG_SUBMIT for HTCondor Node COLLECT (170250.37.0) {07/06/26 18:12:32}
07/06/26 18:12:38 Number of idle job procs: 32
07/06/26 18:12:38 Reassigning the id of job COLLECT from (170250.37.0) to (170250.38.0)
07/06/26 18:12:38 Event: ULOG_SUBMIT for HTCondor Node COLLECT (170250.38.0) {07/06/26 18:12:32}
07/06/26 18:12:38 Number of idle job procs: 33
07/06/26 18:12:38 Reassigning the id of job COLLECT from (170250.38.0) to (170250.39.0)
07/06/26 18:12:38 Event: ULOG_SUBMIT for HTCondor Node COLLECT (170250.39.0) {07/06/26 18:12:32}
07/06/26 18:12:38 Number of idle job procs: 34
07/06/26 18:12:38 Reassigning the id of job COLLECT from (170250.39.0) to (170250.4.0)
07/06/26 18:12:38 Event: ULOG_SUBMIT for HTCondor Node COLLECT (170250.4.0) {07/06/26 18:12:32}
07/06/26 18:12:38 Number of idle job procs: 35
07/06/26 18:12:38 Reassigning the id of job COLLECT from (170250.4.0) to (170250.5.0)
07/06/26 18:12:38 Event: ULOG_SUBMIT for HTCondor Node COLLECT (170250.5.0) {07/06/26 18:12:32}
07/06/26 18:12:38 Number of idle job procs: 36
07/06/26 18:12:38 Reassigning the id of job COLLECT from (170250.5.0) to (170250.6.0)
07/06/26 18:12:38 Event: ULOG_SUBMIT for HTCondor Node COLLECT (170250.6.0) {07/06/26 18:12:32}
07/06/26 18:12:38 Number of idle job procs: 37
07/06/26 18:12:38 Reassigning the id of job COLLECT from (170250.6.0) to (170250.7.0)
07/06/26 18:12:38 Event: ULOG_SUBMIT for HTCondor Node COLLECT (170250.7.0) {07/06/26 18:12:32}
07/06/26 18:12:38 Number of idle job procs: 38
07/06/26 18:12:38 Reassigning the id of job COLLECT from (170250.7.0) to (170250.8.0)
07/06/26 18:12:38 Event: ULOG_SUBMIT for HTCondor Node COLLECT (170250.8.0) {07/06/26 18:12:32}
07/06/26 18:12:38 Number of idle job procs: 39
07/06/26 18:12:38 Reassigning the id of job COLLECT from (170250.8.0) to (170250.9.0)
07/06/26 18:12:38 Event: ULOG_SUBMIT for HTCondor Node COLLECT (170250.9.0) {07/06/26 18:12:32}
07/06/26 18:12:38 Number of idle job procs: 40
07/06/26 18:22:38 600 seconds since last log event
07/06/26 18:22:38 Pending DAG nodes:
07/06/26 18:22:38   Node COLLECT, HTCondor ID 170250, status STATUS_SUBMITTED
07/06/26 18:27:34 Total jobs placed to AP: 40
07/06/26 18:27:34      Idle     Held     Running     Successful     Failed
07/06/26 18:27:34       ===      ===         ===            ===        ===
07/06/26 18:27:34        40        0           0              0          0
07/06/26 18:32:39 1201 seconds since last log event
07/06/26 18:32:39 Pending DAG nodes:
07/06/26 18:32:39   Node COLLECT, HTCondor ID 170250, status STATUS_SUBMITTED
07/06/26 18:42:34 Total jobs placed to AP: 40
07/06/26 18:42:34      Idle     Held     Running     Successful     Failed
07/06/26 18:42:34       ===      ===         ===            ===        ===
07/06/26 18:42:34        40        0           0              0          0
07/06/26 18:42:39 1801 seconds since last log event
07/06/26 18:42:39 Pending DAG nodes:
07/06/26 18:42:39   Node COLLECT, HTCondor ID 170250, status STATUS_SUBMITTED
07/06/26 18:52:40 2402 seconds since last log event
07/06/26 18:52:40 Pending DAG nodes:
07/06/26 18:52:40   Node COLLECT, HTCondor ID 170250, status STATUS_SUBMITTED
07/06/26 18:57:35 Total jobs placed to AP: 40
07/06/26 18:57:35      Idle     Held     Running     Successful     Failed
07/06/26 18:57:35       ===      ===         ===            ===        ===
07/06/26 18:57:35        40        0           0              0          0
07/06/26 19:02:40 3002 seconds since last log event
07/06/26 19:02:40 Pending DAG nodes:
07/06/26 19:02:40   Node COLLECT, HTCondor ID 170250, status STATUS_SUBMITTED
07/06/26 19:12:36 Total jobs placed to AP: 40
07/06/26 19:12:36      Idle     Held     Running     Successful     Failed
07/06/26 19:12:36       ===      ===         ===            ===        ===
07/06/26 19:12:36        40        0           0              0          0
07/06/26 19:12:41 3603 seconds since last log event
07/06/26 19:12:41 Pending DAG nodes:
07/06/26 19:12:41   Node COLLECT, HTCondor ID 170250, status STATUS_SUBMITTED
07/06/26 19:22:42 4204 seconds since last log event
07/06/26 19:22:42 Pending DAG nodes:
07/06/26 19:22:42   Node COLLECT, HTCondor ID 170250, status STATUS_SUBMITTED
07/06/26 19:27:37 Total jobs placed to AP: 40
07/06/26 19:27:37      Idle     Held     Running     Successful     Failed
07/06/26 19:27:37       ===      ===         ===            ===        ===
07/06/26 19:27:37        40        0           0              0          0
07/06/26 19:32:42 4804 seconds since last log event
07/06/26 19:32:42 Pending DAG nodes:
07/06/26 19:32:42   Node COLLECT, HTCondor ID 170250, status STATUS_SUBMITTED
07/06/26 19:42:37 Total jobs placed to AP: 40
07/06/26 19:42:37      Idle     Held     Running     Successful     Failed
07/06/26 19:42:37       ===      ===         ===            ===        ===
07/06/26 19:42:37        40        0           0              0          0
07/06/26 19:42:42 5404 seconds since last log event
07/06/26 19:42:42 Pending DAG nodes:
07/06/26 19:42:42   Node COLLECT, HTCondor ID 170250, status STATUS_SUBMITTED
07/06/26 19:51:12 Currently monitoring 1 HTCondor log file(s)
07/06/26 19:51:12 Event: ULOG_EXECUTE for HTCondor Node COLLECT (170250.3.0) {07/06/26 19:51:10}
07/06/26 19:51:12 Number of idle job procs: 39
07/06/26 19:51:12 Event: ULOG_EXECUTE for HTCondor Node COLLECT (170250.0.0) {07/06/26 19:51:10}
07/06/26 19:51:12 Number of idle job procs: 38
07/06/26 19:51:12 Event: ULOG_EXECUTE for HTCondor Node COLLECT (170250.2.0) {07/06/26 19:51:10}
07/06/26 19:51:12 Number of idle job procs: 37
07/06/26 19:51:12 Event: ULOG_EXECUTE for HTCondor Node COLLECT (170250.1.0) {07/06/26 19:51:10}
07/06/26 19:51:12 Number of idle job procs: 36
07/06/26 19:53:32 Currently monitoring 1 HTCondor log file(s)
07/06/26 19:53:32 Event: ULOG_EXECUTE for HTCondor Node COLLECT (170250.4.0) {07/06/26 19:53:29}
07/06/26 19:53:32 Number of idle job procs: 35
07/06/26 19:54:32 Currently monitoring 1 HTCondor log file(s)
07/06/26 19:54:32 Event: ULOG_EXECUTE for HTCondor Node COLLECT (170250.5.0) {07/06/26 19:54:29}
07/06/26 19:54:32 Number of idle job procs: 34
07/06/26 19:54:57 Currently monitoring 1 HTCondor log file(s)
07/06/26 19:54:57 Event: ULOG_EXECUTE for HTCondor Node COLLECT (170250.8.0) {07/06/26 19:54:55}
07/06/26 19:54:57 Number of idle job procs: 33
07/06/26 19:54:57 Event: ULOG_EXECUTE for HTCondor Node COLLECT (170250.7.0) {07/06/26 19:54:55}
07/06/26 19:54:57 Number of idle job procs: 32
07/06/26 19:54:57 Event: ULOG_EXECUTE for HTCondor Node COLLECT (170250.6.0) {07/06/26 19:54:55}
07/06/26 19:54:57 Number of idle job procs: 31
07/06/26 19:55:57 Currently monitoring 1 HTCondor log file(s)
07/06/26 19:55:57 Event: ULOG_EXECUTE for HTCondor Node COLLECT (170250.9.0) {07/06/26 19:55:55}
07/06/26 19:55:57 Number of idle job procs: 30
07/06/26 19:55:57 Event: ULOG_EXECUTE for HTCondor Node COLLECT (170250.10.0) {07/06/26 19:55:55}
07/06/26 19:55:57 Number of idle job procs: 29
07/06/26 19:56:47 Currently monitoring 1 HTCondor log file(s)
07/06/26 19:56:47 Event: ULOG_EXECUTE for HTCondor Node COLLECT (170250.11.0) {07/06/26 19:56:46}
07/06/26 19:56:47 Number of idle job procs: 28
07/06/26 19:57:37 Total jobs placed to AP: 40
07/06/26 19:57:37      Idle     Held     Running     Successful     Failed
07/06/26 19:57:37       ===      ===         ===            ===        ===
07/06/26 19:57:37        28        0          12              0          0
07/06/26 19:58:17 Currently monitoring 1 HTCondor log file(s)
07/06/26 19:58:17 Event: ULOG_EXECUTE for HTCondor Node COLLECT (170250.12.0) {07/06/26 19:58:16}
07/06/26 19:58:17 Number of idle job procs: 27
07/06/26 19:58:37 Currently monitoring 1 HTCondor log file(s)
07/06/26 19:58:37 Event: ULOG_EXECUTE for HTCondor Node COLLECT (170250.13.0) {07/06/26 19:58:36}
07/06/26 19:58:37 Number of idle job procs: 26
07/06/26 19:58:37 Event: ULOG_EXECUTE for HTCondor Node COLLECT (170250.14.0) {07/06/26 19:58:36}
07/06/26 19:58:37 Number of idle job procs: 25
07/06/26 19:59:17 Currently monitoring 1 HTCondor log file(s)
07/06/26 19:59:17 Event: ULOG_EXECUTE for HTCondor Node COLLECT (170250.15.0) {07/06/26 19:59:13}
07/06/26 19:59:17 Number of idle job procs: 24
07/06/26 20:01:58 Currently monitoring 1 HTCondor log file(s)
07/06/26 20:01:58 Event: ULOG_EXECUTE for HTCondor Node COLLECT (170250.16.0) {07/06/26 20:01:56}
07/06/26 20:01:58 Number of idle job procs: 23
07/06/26 20:04:43 Currently monitoring 1 HTCondor log file(s)
07/06/26 20:04:43 Event: ULOG_EXECUTE for HTCondor Node COLLECT (170250.17.0) {07/06/26 20:04:42}
07/06/26 20:04:43 Number of idle job procs: 22
07/06/26 20:12:38 Total jobs placed to AP: 40
07/06/26 20:12:38      Idle     Held     Running     Successful     Failed
07/06/26 20:12:38       ===      ===         ===            ===        ===
07/06/26 20:12:38        22        0          18              0          0
07/06/26 20:13:53 Currently monitoring 1 HTCondor log file(s)
07/06/26 20:13:53 Event: ULOG_EXECUTE for HTCondor Node COLLECT (170250.18.0) {07/06/26 20:13:52}
07/06/26 20:13:53 Number of idle job procs: 21
07/06/26 20:13:53 Event: ULOG_EXECUTE for HTCondor Node COLLECT (170250.19.0) {07/06/26 20:13:52}
07/06/26 20:13:53 Number of idle job procs: 20
07/06/26 20:20:14 Currently monitoring 1 HTCondor log file(s)
07/06/26 20:20:14 Event: ULOG_EXECUTE for HTCondor Node COLLECT (170250.20.0) {07/06/26 20:20:12}
07/06/26 20:20:14 Number of idle job procs: 19
07/06/26 20:27:39 Total jobs placed to AP: 40
07/06/26 20:27:39      Idle     Held     Running     Successful     Failed
07/06/26 20:27:39       ===      ===         ===            ===        ===
07/06/26 20:27:39        19        0          21              0          0
07/06/26 20:30:14 600 seconds since last log event
07/06/26 20:30:14 Pending DAG nodes:
07/06/26 20:30:14   Node COLLECT, HTCondor ID 170250, status STATUS_SUBMITTED
07/06/26 20:40:10 Currently monitoring 1 HTCondor log file(s)
07/06/26 20:40:10 Event: ULOG_EXECUTE for HTCondor Node COLLECT (170250.21.0) {07/06/26 20:40:06}
07/06/26 20:40:10 Number of idle job procs: 18
07/06/26 20:41:10 Currently monitoring 1 HTCondor log file(s)
07/06/26 20:41:10 Event: ULOG_EXECUTE for HTCondor Node COLLECT (170250.22.0) {07/06/26 20:41:06}
07/06/26 20:41:10 Number of idle job procs: 17
07/06/26 20:42:40 Total jobs placed to AP: 40
07/06/26 20:42:40      Idle     Held     Running     Successful     Failed
07/06/26 20:42:40       ===      ===         ===            ===        ===
07/06/26 20:42:40        17        0          23              0          0
07/06/26 20:51:10 600 seconds since last log event
07/06/26 20:51:10 Pending DAG nodes:
07/06/26 20:51:10   Node COLLECT, HTCondor ID 170250, status STATUS_SUBMITTED
07/06/26 20:53:55 Currently monitoring 1 HTCondor log file(s)
07/06/26 20:53:55 Event: ULOG_EXECUTE for HTCondor Node COLLECT (170250.23.0) {07/06/26 20:53:54}
07/06/26 20:53:55 Number of idle job procs: 16
07/06/26 20:56:30 Currently monitoring 1 HTCondor log file(s)
07/06/26 20:56:30 Event: ULOG_JOB_TERMINATED for HTCondor Node COLLECT (170250.4.0) {07/06/26 20:56:28}
07/06/26 20:56:30 Number of idle job procs: 16
07/06/26 20:56:30 Node COLLECT job proc (170250.4.0) completed successfully.
07/06/26 20:57:01 Currently monitoring 1 HTCondor log file(s)
07/06/26 20:57:01 Event: ULOG_EXECUTE for HTCondor Node COLLECT (170250.24.0) {07/06/26 20:57:00}
07/06/26 20:57:01 Number of idle job procs: 15
07/06/26 20:57:31 Currently monitoring 1 HTCondor log file(s)
07/06/26 20:57:31 Event: ULOG_JOB_TERMINATED for HTCondor Node COLLECT (170250.11.0) {07/06/26 20:57:27}
07/06/26 20:57:31 Number of idle job procs: 15
07/06/26 20:57:31 Node COLLECT job proc (170250.11.0) completed successfully.
07/06/26 20:57:36 Currently monitoring 1 HTCondor log file(s)
07/06/26 20:57:36 Event: ULOG_EXECUTE for HTCondor Node COLLECT (170250.25.0) {07/06/26 20:57:35}
07/06/26 20:57:36 Number of idle job procs: 14
07/06/26 20:57:41 Total jobs placed to AP: 40
07/06/26 20:57:41      Idle     Held     Running     Successful     Failed
07/06/26 20:57:41       ===      ===         ===            ===        ===
07/06/26 20:57:41        14        0          24              2          0
07/06/26 21:02:11 Currently monitoring 1 HTCondor log file(s)
07/06/26 21:02:11 Event: ULOG_JOB_TERMINATED for HTCondor Node COLLECT (170250.5.0) {07/06/26 21:02:09}
07/06/26 21:02:11 Number of idle job procs: 14
07/06/26 21:02:11 Node COLLECT job proc (170250.5.0) completed successfully.
07/06/26 21:03:36 Currently monitoring 1 HTCondor log file(s)
07/06/26 21:03:36 Event: ULOG_JOB_TERMINATED for HTCondor Node COLLECT (170250.6.0) {07/06/26 21:03:31}
07/06/26 21:03:36 Number of idle job procs: 14
07/06/26 21:03:36 Node COLLECT job proc (170250.6.0) completed successfully.
07/06/26 21:03:46 Currently monitoring 1 HTCondor log file(s)
07/06/26 21:03:46 Event: ULOG_JOB_TERMINATED for HTCondor Node COLLECT (170250.9.0) {07/06/26 21:03:45}
07/06/26 21:03:46 Number of idle job procs: 14
07/06/26 21:03:46 Node COLLECT job proc (170250.9.0) completed successfully.
07/06/26 21:04:21 Currently monitoring 1 HTCondor log file(s)
07/06/26 21:04:21 Event: ULOG_JOB_TERMINATED for HTCondor Node COLLECT (170250.10.0) {07/06/26 21:04:20}
07/06/26 21:04:21 Number of idle job procs: 14
07/06/26 21:04:21 Node COLLECT job proc (170250.10.0) completed successfully.
07/06/26 21:04:26 Currently monitoring 1 HTCondor log file(s)
07/06/26 21:04:26 Event: ULOG_EXECUTE for HTCondor Node COLLECT (170250.28.0) {07/06/26 21:04:25}
07/06/26 21:04:26 Number of idle job procs: 13
07/06/26 21:04:26 Event: ULOG_EXECUTE for HTCondor Node COLLECT (170250.26.0) {07/06/26 21:04:25}
07/06/26 21:04:26 Number of idle job procs: 12
07/06/26 21:04:26 Event: ULOG_EXECUTE for HTCondor Node COLLECT (170250.27.0) {07/06/26 21:04:25}
07/06/26 21:04:26 Number of idle job procs: 11
07/06/26 21:05:06 Currently monitoring 1 HTCondor log file(s)
07/06/26 21:05:06 Event: ULOG_JOB_TERMINATED for HTCondor Node COLLECT (170250.12.0) {07/06/26 21:05:03}
07/06/26 21:05:06 Number of idle job procs: 11
07/06/26 21:05:06 Node COLLECT job proc (170250.12.0) completed successfully.
07/06/26 21:05:26 Currently monitoring 1 HTCondor log file(s)
07/06/26 21:05:26 Event: ULOG_EXECUTE for HTCondor Node COLLECT (170250.30.0) {07/06/26 21:05:25}
07/06/26 21:05:26 Number of idle job procs: 10
07/06/26 21:05:26 Event: ULOG_EXECUTE for HTCondor Node COLLECT (170250.29.0) {07/06/26 21:05:25}
07/06/26 21:05:26 Number of idle job procs: 9
07/06/26 21:05:31 Currently monitoring 1 HTCondor log file(s)
07/06/26 21:05:31 Event: ULOG_JOB_TERMINATED for HTCondor Node COLLECT (170250.14.0) {07/06/26 21:05:28}
07/06/26 21:05:31 Number of idle job procs: 9
07/06/26 21:05:31 Node COLLECT job proc (170250.14.0) completed successfully.
07/06/26 21:06:16 Currently monitoring 1 HTCondor log file(s)
07/06/26 21:06:16 Event: ULOG_JOB_TERMINATED for HTCondor Node COLLECT (170250.13.0) {07/06/26 21:06:12}
07/06/26 21:06:16 Number of idle job procs: 9
07/06/26 21:06:16 Node COLLECT job proc (170250.13.0) completed successfully.
07/06/26 21:06:26 Currently monitoring 1 HTCondor log file(s)
07/06/26 21:06:26 Event: ULOG_EXECUTE for HTCondor Node COLLECT (170250.31.0) {07/06/26 21:06:26}
07/06/26 21:06:26 Number of idle job procs: 8
07/06/26 21:06:26 Event: ULOG_EXECUTE for HTCondor Node COLLECT (170250.32.0) {07/06/26 21:06:26}
07/06/26 21:06:26 Number of idle job procs: 7
07/06/26 21:06:31 Currently monitoring 1 HTCondor log file(s)
07/06/26 21:06:31 Event: ULOG_JOB_TERMINATED for HTCondor Node COLLECT (170250.15.0) {07/06/26 21:06:26}
07/06/26 21:06:31 Number of idle job procs: 7
07/06/26 21:06:31 Node COLLECT job proc (170250.15.0) completed successfully.
07/06/26 21:07:26 Currently monitoring 1 HTCondor log file(s)
07/06/26 21:07:26 Event: ULOG_EXECUTE for HTCondor Node COLLECT (170250.34.0) {07/06/26 21:07:26}
07/06/26 21:07:26 Number of idle job procs: 6
07/06/26 21:07:26 Event: ULOG_EXECUTE for HTCondor Node COLLECT (170250.35.0) {07/06/26 21:07:26}
07/06/26 21:07:26 Number of idle job procs: 5
07/06/26 21:07:26 Event: ULOG_EXECUTE for HTCondor Node COLLECT (170250.33.0) {07/06/26 21:07:26}
07/06/26 21:07:26 Number of idle job procs: 4
07/06/26 21:10:51 Currently monitoring 1 HTCondor log file(s)
07/06/26 21:10:51 Event: ULOG_JOB_TERMINATED for HTCondor Node COLLECT (170250.17.0) {07/06/26 21:10:47}
07/06/26 21:10:51 Number of idle job procs: 4
07/06/26 21:10:51 Node COLLECT job proc (170250.17.0) completed successfully.
07/06/26 21:12:41 Total jobs placed to AP: 40
07/06/26 21:12:41      Idle     Held     Running     Successful     Failed
07/06/26 21:12:41       ===      ===         ===            ===        ===
07/06/26 21:12:41         4        0          25             11          0
07/06/26 21:13:01 Currently monitoring 1 HTCondor log file(s)
07/06/26 21:13:01 Event: ULOG_JOB_TERMINATED for HTCondor Node COLLECT (170250.8.0) {07/06/26 21:13:01}
07/06/26 21:13:01 Number of idle job procs: 4
07/06/26 21:13:01 Node COLLECT job proc (170250.8.0) completed successfully.
07/06/26 21:15:17 Currently monitoring 1 HTCondor log file(s)
07/06/26 21:15:17 Event: ULOG_JOB_TERMINATED for HTCondor Node COLLECT (170250.16.0) {07/06/26 21:15:14}
07/06/26 21:15:17 Number of idle job procs: 4
07/06/26 21:15:17 Node COLLECT job proc (170250.16.0) completed successfully.
07/06/26 21:18:27 Currently monitoring 1 HTCondor log file(s)
07/06/26 21:18:27 Event: ULOG_EXECUTE for HTCondor Node COLLECT (170250.36.0) {07/06/26 21:18:22}
07/06/26 21:18:27 Number of idle job procs: 3
07/06/26 21:19:37 Currently monitoring 1 HTCondor log file(s)
07/06/26 21:19:37 Event: ULOG_JOB_TERMINATED for HTCondor Node COLLECT (170250.19.0) {07/06/26 21:19:33}
07/06/26 21:19:37 Number of idle job procs: 3
07/06/26 21:19:37 Node COLLECT job proc (170250.19.0) completed successfully.
07/06/26 21:19:37 Event: ULOG_JOB_TERMINATED for HTCondor Node COLLECT (170250.3.0) {07/06/26 21:19:34}
07/06/26 21:19:37 Number of idle job procs: 3
07/06/26 21:19:37 Node COLLECT job proc (170250.3.0) completed successfully.
07/06/26 21:20:27 Currently monitoring 1 HTCondor log file(s)
07/06/26 21:20:27 Event: ULOG_EXECUTE for HTCondor Node COLLECT (170250.37.0) {07/06/26 21:20:23}
07/06/26 21:20:27 Number of idle job procs: 2
07/06/26 21:20:27 Event: ULOG_EXECUTE for HTCondor Node COLLECT (170250.38.0) {07/06/26 21:20:23}
07/06/26 21:20:27 Number of idle job procs: 1
07/06/26 21:20:32 Currently monitoring 1 HTCondor log file(s)
07/06/26 21:20:32 Event: ULOG_JOB_TERMINATED for HTCondor Node COLLECT (170250.18.0) {07/06/26 21:20:31}
07/06/26 21:20:32 Number of idle job procs: 1
07/06/26 21:20:32 Node COLLECT job proc (170250.18.0) completed successfully.
07/06/26 21:21:47 Currently monitoring 1 HTCondor log file(s)
07/06/26 21:21:47 Event: ULOG_EXECUTE for HTCondor Node COLLECT (170250.39.0) {07/06/26 21:21:42}
07/06/26 21:21:47 Number of idle job procs: 0
07/06/26 21:27:42 Total jobs placed to AP: 40
07/06/26 21:27:42      Idle     Held     Running     Successful     Failed
07/06/26 21:27:42       ===      ===         ===            ===        ===
07/06/26 21:27:42         0        0          24             16          0
07/06/26 21:28:22 Currently monitoring 1 HTCondor log file(s)
07/06/26 21:28:22 Event: ULOG_JOB_TERMINATED for HTCondor Node COLLECT (170250.2.0) {07/06/26 21:28:21}
07/06/26 21:28:22 Number of idle job procs: 0
07/06/26 21:28:22 Node COLLECT job proc (170250.2.0) completed successfully.
07/06/26 21:38:23 601 seconds since last log event
07/06/26 21:38:23 Pending DAG nodes:
07/06/26 21:38:23   Node COLLECT, HTCondor ID 170250, status STATUS_SUBMITTED
07/06/26 21:41:13 Currently monitoring 1 HTCondor log file(s)
07/06/26 21:41:13 Event: ULOG_JOB_TERMINATED for HTCondor Node COLLECT (170250.7.0) {07/06/26 21:41:08}
07/06/26 21:41:13 Number of idle job procs: 0
07/06/26 21:41:13 Node COLLECT job proc (170250.7.0) completed successfully.
07/06/26 21:42:13 Currently monitoring 1 HTCondor log file(s)
07/06/26 21:42:13 Event: ULOG_JOB_TERMINATED for HTCondor Node COLLECT (170250.21.0) {07/06/26 21:42:12}
07/06/26 21:42:13 Number of idle job procs: 0
07/06/26 21:42:13 Node COLLECT job proc (170250.21.0) completed successfully.
07/06/26 21:42:43 Total jobs placed to AP: 40
07/06/26 21:42:43      Idle     Held     Running     Successful     Failed
07/06/26 21:42:43       ===      ===         ===            ===        ===
07/06/26 21:42:43         0        0          21             19          0
07/06/26 21:43:43 Currently monitoring 1 HTCondor log file(s)
07/06/26 21:43:43 Event: ULOG_JOB_TERMINATED for HTCondor Node COLLECT (170250.0.0) {07/06/26 21:43:42}
07/06/26 21:43:43 Number of idle job procs: 0
07/06/26 21:43:43 Node COLLECT job proc (170250.0.0) completed successfully.
07/06/26 21:45:48 Currently monitoring 1 HTCondor log file(s)
07/06/26 21:45:48 Event: ULOG_JOB_TERMINATED for HTCondor Node COLLECT (170250.1.0) {07/06/26 21:45:43}
07/06/26 21:45:48 Number of idle job procs: 0
07/06/26 21:45:48 Node COLLECT job proc (170250.1.0) completed successfully.
07/06/26 21:47:58 Currently monitoring 1 HTCondor log file(s)
07/06/26 21:47:58 Event: ULOG_JOB_TERMINATED for HTCondor Node COLLECT (170250.20.0) {07/06/26 21:47:58}
07/06/26 21:47:58 Number of idle job procs: 0
07/06/26 21:47:58 Node COLLECT job proc (170250.20.0) completed successfully.
07/06/26 21:57:14 Currently monitoring 1 HTCondor log file(s)
07/06/26 21:57:14 Event: ULOG_JOB_TERMINATED for HTCondor Node COLLECT (170250.22.0) {07/06/26 21:57:12}
07/06/26 21:57:14 Number of idle job procs: 0
07/06/26 21:57:14 Node COLLECT job proc (170250.22.0) completed successfully.
07/06/26 21:57:44 Total jobs placed to AP: 40
07/06/26 21:57:44      Idle     Held     Running     Successful     Failed
07/06/26 21:57:44       ===      ===         ===            ===        ===
07/06/26 21:57:44         0        0          17             23          0
07/06/26 21:59:29 Currently monitoring 1 HTCondor log file(s)
07/06/26 21:59:29 Event: ULOG_JOB_TERMINATED for HTCondor Node COLLECT (170250.24.0) {07/06/26 21:59:25}
07/06/26 21:59:29 Number of idle job procs: 0
07/06/26 21:59:29 Node COLLECT job proc (170250.24.0) completed successfully.
07/06/26 21:59:59 Currently monitoring 1 HTCondor log file(s)
07/06/26 21:59:59 Event: ULOG_JOB_TERMINATED for HTCondor Node COLLECT (170250.25.0) {07/06/26 21:59:55}
07/06/26 21:59:59 Number of idle job procs: 0
07/06/26 21:59:59 Node COLLECT job proc (170250.25.0) completed successfully.
07/06/26 22:03:54 Currently monitoring 1 HTCondor log file(s)
07/06/26 22:03:54 Event: ULOG_JOB_TERMINATED for HTCondor Node COLLECT (170250.23.0) {07/06/26 22:03:53}
07/06/26 22:03:54 Number of idle job procs: 0
07/06/26 22:03:54 Node COLLECT job proc (170250.23.0) completed successfully.
07/06/26 22:10:54 Currently monitoring 1 HTCondor log file(s)
07/06/26 22:10:54 Event: ULOG_JOB_TERMINATED for HTCondor Node COLLECT (170250.27.0) {07/06/26 22:10:50}
07/06/26 22:10:54 Number of idle job procs: 0
07/06/26 22:10:54 Node COLLECT job proc (170250.27.0) completed successfully.
07/06/26 22:11:19 Currently monitoring 1 HTCondor log file(s)
07/06/26 22:11:19 Event: ULOG_JOB_TERMINATED for HTCondor Node COLLECT (170250.26.0) {07/06/26 22:11:15}
07/06/26 22:11:19 Number of idle job procs: 0
07/06/26 22:11:19 Node COLLECT job proc (170250.26.0) completed successfully.
07/06/26 22:11:49 Currently monitoring 1 HTCondor log file(s)
07/06/26 22:11:49 Event: ULOG_JOB_TERMINATED for HTCondor Node COLLECT (170250.29.0) {07/06/26 22:11:49}
07/06/26 22:11:49 Number of idle job procs: 0
07/06/26 22:11:49 Node COLLECT job proc (170250.29.0) completed successfully.
07/06/26 22:12:45 Total jobs placed to AP: 40
07/06/26 22:12:45      Idle     Held     Running     Successful     Failed
07/06/26 22:12:45       ===      ===         ===            ===        ===
07/06/26 22:12:45         0        0          11             29          0
07/06/26 22:13:35 Currently monitoring 1 HTCondor log file(s)
07/06/26 22:13:35 Event: ULOG_JOB_TERMINATED for HTCondor Node COLLECT (170250.31.0) {07/06/26 22:13:30}
07/06/26 22:13:35 Number of idle job procs: 0
07/06/26 22:13:35 Node COLLECT job proc (170250.31.0) completed successfully.
07/06/26 22:13:40 Currently monitoring 1 HTCondor log file(s)
07/06/26 22:13:40 Event: ULOG_JOB_TERMINATED for HTCondor Node COLLECT (170250.30.0) {07/06/26 22:13:36}
07/06/26 22:13:40 Number of idle job procs: 0
07/06/26 22:13:40 Node COLLECT job proc (170250.30.0) completed successfully.
07/06/26 22:14:05 Currently monitoring 1 HTCondor log file(s)
07/06/26 22:14:05 Event: ULOG_JOB_TERMINATED for HTCondor Node COLLECT (170250.32.0) {07/06/26 22:14:00}
07/06/26 22:14:05 Number of idle job procs: 0
07/06/26 22:14:05 Node COLLECT job proc (170250.32.0) completed successfully.
07/06/26 22:15:25 Currently monitoring 1 HTCondor log file(s)
07/06/26 22:15:25 Event: ULOG_JOB_TERMINATED for HTCondor Node COLLECT (170250.33.0) {07/06/26 22:15:24}
07/06/26 22:15:25 Number of idle job procs: 0
07/06/26 22:15:25 Node COLLECT job proc (170250.33.0) completed successfully.
07/06/26 22:23:50 Currently monitoring 1 HTCondor log file(s)
07/06/26 22:23:50 Event: ULOG_JOB_TERMINATED for HTCondor Node COLLECT (170250.35.0) {07/06/26 22:23:49}
07/06/26 22:23:50 Number of idle job procs: 0
07/06/26 22:23:50 Node COLLECT job proc (170250.35.0) completed successfully.
07/06/26 22:24:25 Currently monitoring 1 HTCondor log file(s)
07/06/26 22:24:25 Event: ULOG_JOB_TERMINATED for HTCondor Node COLLECT (170250.28.0) {07/06/26 22:24:24}
07/06/26 22:24:25 Number of idle job procs: 0
07/06/26 22:24:25 Node COLLECT job proc (170250.28.0) completed successfully.
07/06/26 22:26:35 Currently monitoring 1 HTCondor log file(s)
07/06/26 22:26:35 Event: ULOG_JOB_TERMINATED for HTCondor Node COLLECT (170250.36.0) {07/06/26 22:26:34}
07/06/26 22:26:35 Number of idle job procs: 0
07/06/26 22:26:35 Node COLLECT job proc (170250.36.0) completed successfully.
07/06/26 22:27:05 Currently monitoring 1 HTCondor log file(s)
07/06/26 22:27:05 Event: ULOG_JOB_TERMINATED for HTCondor Node COLLECT (170250.37.0) {07/06/26 22:27:03}
07/06/26 22:27:05 Number of idle job procs: 0
07/06/26 22:27:05 Node COLLECT job proc (170250.37.0) completed successfully.
07/06/26 22:27:45 Total jobs placed to AP: 40
07/06/26 22:27:45      Idle     Held     Running     Successful     Failed
07/06/26 22:27:45       ===      ===         ===            ===        ===
07/06/26 22:27:45         0        0           3             37          0
07/06/26 22:29:30 Currently monitoring 1 HTCondor log file(s)
07/06/26 22:29:30 Event: ULOG_JOB_TERMINATED for HTCondor Node COLLECT (170250.39.0) {07/06/26 22:29:26}
07/06/26 22:29:30 Number of idle job procs: 0
07/06/26 22:29:30 Node COLLECT job proc (170250.39.0) completed successfully.
07/06/26 22:29:45 Currently monitoring 1 HTCondor log file(s)
07/06/26 22:29:45 Event: ULOG_JOB_TERMINATED for HTCondor Node COLLECT (170250.34.0) {07/06/26 22:29:45}
07/06/26 22:29:45 Number of idle job procs: 0
07/06/26 22:29:45 Node COLLECT job proc (170250.34.0) completed successfully.
07/06/26 22:37:43 Currently monitoring 1 HTCondor log file(s)
07/06/26 22:37:52 Event: ULOG_JOB_TERMINATED for HTCondor Node COLLECT (170250.38.0) {07/06/26 22:37:38}
07/06/26 22:37:52 Number of idle job procs: 0
07/06/26 22:37:52 Node COLLECT job proc (170250.38.0) completed successfully.
07/06/26 22:37:52 Node COLLECT job(s) have exited the queue
07/06/26 22:37:52 DAG status: 0 (DAG_STATUS_OK)
07/06/26 22:37:52 Of 5 nodes total:
07/06/26 22:37:52  Done     Pre   Queued    Post   Ready   Un-Ready   Failed   Futile
07/06/26 22:37:52   ===     ===      ===     ===     ===        ===      ===      ===
07/06/26 22:37:52     1       0        0       0       1          3        0        0
07/06/26 22:37:52 0 job proc(s) currently held
07/06/26 22:37:52 DAGMan Runtime Statistics: [EventCycleTimeAvg=0.017; EventCycleTimeMax=17.062; EventCycleTimeMin=0.000; EventCycleTimeStd=0.453; EventCycleTimeSum=53.487; SleepCycleTimeAvg=5.016; SleepCycleTimeMax=30.126; SleepCycleTimeMin=4.023; SleepCycleTimeStd=0.482; SleepCycleTimeSum=15856.887; SubmitCycleTimeAvg=0.000; SubmitCycleTimeMax=0.241; SubmitCycleTimeMin=0.000; SubmitCycleTimeStd=0.004; SubmitCycleTimeSum=0.243; EventCycleTimeCount=3161.000; SleepCycleTimeCount=3161.000; SubmitCycleTimeCount=3162.000; LogProcessCycleTimeAvg=0.154; LogProcessCycleTimeMax=9.696; LogProcessCycleTimeMin=0.002; LogProcessCycleTimeStd=1.202; LogProcessCycleTimeSum=10.032; LogProcessCycleTimeCount=65.000; ]
07/06/26 22:37:57 Submitting HTCondor Node MERGE_COLLECTION job(s)...
07/06/26 22:38:00 Submitting node MERGE_COLLECTION from file transport_linetrack_50_25_action_shield_merge_collection.sub using direct job submission
07/06/26 22:38:12 	assigned HTCondor ID (170289.0.0)
07/06/26 22:38:12 Just submitted 1 job this cycle...
07/06/26 22:38:12 DAG status: 0 (DAG_STATUS_OK)
07/06/26 22:38:12 Of 5 nodes total:
07/06/26 22:38:12  Done     Pre   Queued    Post   Ready   Un-Ready   Failed   Futile
07/06/26 22:38:12   ===     ===      ===     ===     ===        ===      ===      ===
07/06/26 22:38:12     1       0        1       0       0          3        0        0
07/06/26 22:38:12 0 job proc(s) currently held
07/06/26 22:38:12 DAGMan Runtime Statistics: [EventCycleTimeAvg=0.020; EventCycleTimeMax=17.062; EventCycleTimeMin=0.000; EventCycleTimeStd=0.484; EventCycleTimeSum=63.193; SleepCycleTimeAvg=5.016; SleepCycleTimeMax=30.126; SleepCycleTimeMin=4.023; SleepCycleTimeStd=0.482; SleepCycleTimeSum=15861.889; SubmitCycleTimeAvg=0.005; SubmitCycleTimeMax=14.267; SubmitCycleTimeMin=0.000; SubmitCycleTimeStd=0.254; SubmitCycleTimeSum=14.510; EventCycleTimeCount=3162.000; SleepCycleTimeCount=3162.000; SubmitCycleTimeCount=3163.000; LogProcessCycleTimeAvg=0.154; LogProcessCycleTimeMax=9.696; LogProcessCycleTimeMin=0.002; LogProcessCycleTimeStd=1.202; LogProcessCycleTimeSum=10.032; LogProcessCycleTimeCount=65.000; ]
07/06/26 22:38:17 Currently monitoring 1 HTCondor log file(s)
07/06/26 22:38:27 Reassigning the id of job MERGE_COLLECTION from (170289.0.0) to (170289.0.0)
07/06/26 22:38:27 Event: ULOG_SUBMIT for HTCondor Node MERGE_COLLECTION (170289.0.0) {07/06/26 22:38:12}
07/06/26 22:38:27 Number of idle job procs: 1
07/06/26 22:42:49 Total jobs placed to AP: 41
07/06/26 22:42:49      Idle     Held     Running     Successful     Failed
07/06/26 22:42:49       ===      ===         ===            ===        ===
07/06/26 22:42:49         1        0           0             40          0
07/06/26 22:48:20 603 seconds since last log event
07/06/26 22:48:20 Pending DAG nodes:
07/06/26 22:48:20   Node MERGE_COLLECTION, HTCondor ID 170289, status STATUS_SUBMITTED
07/06/26 22:57:50 Total jobs placed to AP: 41
07/06/26 22:57:50      Idle     Held     Running     Successful     Failed
07/06/26 22:57:50       ===      ===         ===            ===        ===
07/06/26 22:57:50         1        0           0             40          0
07/06/26 22:58:20 1203 seconds since last log event
07/06/26 22:58:20 Pending DAG nodes:
07/06/26 22:58:20   Node MERGE_COLLECTION, HTCondor ID 170289, status STATUS_SUBMITTED
07/06/26 23:08:21 1804 seconds since last log event
07/06/26 23:08:21 Pending DAG nodes:
07/06/26 23:08:21   Node MERGE_COLLECTION, HTCondor ID 170289, status STATUS_SUBMITTED
07/06/26 23:12:51 Total jobs placed to AP: 41
07/06/26 23:12:51      Idle     Held     Running     Successful     Failed
07/06/26 23:12:51       ===      ===         ===            ===        ===
07/06/26 23:12:51         1        0           0             40          0
07/06/26 23:18:21 2404 seconds since last log event
07/06/26 23:18:21 Pending DAG nodes:
07/06/26 23:18:21   Node MERGE_COLLECTION, HTCondor ID 170289, status STATUS_SUBMITTED
07/06/26 23:27:51 Total jobs placed to AP: 41
07/06/26 23:27:51      Idle     Held     Running     Successful     Failed
07/06/26 23:27:51       ===      ===         ===            ===        ===
07/06/26 23:27:51         1        0           0             40          0
07/06/26 23:28:21 3004 seconds since last log event
07/06/26 23:28:21 Pending DAG nodes:
07/06/26 23:28:21   Node MERGE_COLLECTION, HTCondor ID 170289, status STATUS_SUBMITTED
07/06/26 23:38:21 3604 seconds since last log event
07/06/26 23:38:21 Pending DAG nodes:
07/06/26 23:38:21   Node MERGE_COLLECTION, HTCondor ID 170289, status STATUS_SUBMITTED
07/06/26 23:42:52 Total jobs placed to AP: 41
07/06/26 23:42:52      Idle     Held     Running     Successful     Failed
07/06/26 23:42:52       ===      ===         ===            ===        ===
07/06/26 23:42:52         1        0           0             40          0
07/06/26 23:48:22 4205 seconds since last log event
07/06/26 23:48:22 Pending DAG nodes:
07/06/26 23:48:22   Node MERGE_COLLECTION, HTCondor ID 170289, status STATUS_SUBMITTED
07/06/26 23:57:52 Total jobs placed to AP: 41
07/06/26 23:57:52      Idle     Held     Running     Successful     Failed
07/06/26 23:57:52       ===      ===         ===            ===        ===
07/06/26 23:57:52         1        0           0             40          0
07/06/26 23:58:22 4805 seconds since last log event
07/06/26 23:58:22 Pending DAG nodes:
07/06/26 23:58:22   Node MERGE_COLLECTION, HTCondor ID 170289, status STATUS_SUBMITTED
07/07/26 00:08:23 5406 seconds since last log event
07/07/26 00:08:23 Pending DAG nodes:
07/07/26 00:08:23   Node MERGE_COLLECTION, HTCondor ID 170289, status STATUS_SUBMITTED
07/07/26 00:12:53 Total jobs placed to AP: 41
07/07/26 00:12:53      Idle     Held     Running     Successful     Failed
07/07/26 00:12:53       ===      ===         ===            ===        ===
07/07/26 00:12:53         1        0           0             40          0
07/07/26 00:18:23 6006 seconds since last log event
07/07/26 00:18:23 Pending DAG nodes:
07/07/26 00:18:23   Node MERGE_COLLECTION, HTCondor ID 170289, status STATUS_SUBMITTED
07/07/26 00:27:54 Total jobs placed to AP: 41
07/07/26 00:27:54      Idle     Held     Running     Successful     Failed
07/07/26 00:27:54       ===      ===         ===            ===        ===
07/07/26 00:27:54         1        0           0             40          0
07/07/26 00:28:24 6607 seconds since last log event
07/07/26 00:28:24 Pending DAG nodes:
07/07/26 00:28:24   Node MERGE_COLLECTION, HTCondor ID 170289, status STATUS_SUBMITTED
07/07/26 00:38:24 7207 seconds since last log event
07/07/26 00:38:24 Pending DAG nodes:
07/07/26 00:38:24   Node MERGE_COLLECTION, HTCondor ID 170289, status STATUS_SUBMITTED
07/07/26 00:42:55 Total jobs placed to AP: 41
07/07/26 00:42:55      Idle     Held     Running     Successful     Failed
07/07/26 00:42:55       ===      ===         ===            ===        ===
07/07/26 00:42:55         1        0           0             40          0
07/07/26 00:48:25 7808 seconds since last log event
07/07/26 00:48:25 Pending DAG nodes:
07/07/26 00:48:25   Node MERGE_COLLECTION, HTCondor ID 170289, status STATUS_SUBMITTED
07/07/26 00:57:55 Total jobs placed to AP: 41
07/07/26 00:57:55      Idle     Held     Running     Successful     Failed
07/07/26 00:57:55       ===      ===         ===            ===        ===
07/07/26 00:57:55         1        0           0             40          0
07/07/26 00:58:25 8408 seconds since last log event
07/07/26 00:58:25 Pending DAG nodes:
07/07/26 00:58:25   Node MERGE_COLLECTION, HTCondor ID 170289, status STATUS_SUBMITTED
07/07/26 01:08:26 9009 seconds since last log event
07/07/26 01:08:26 Pending DAG nodes:
07/07/26 01:08:26   Node MERGE_COLLECTION, HTCondor ID 170289, status STATUS_SUBMITTED
07/07/26 01:12:56 Total jobs placed to AP: 41
07/07/26 01:12:56      Idle     Held     Running     Successful     Failed
07/07/26 01:12:56       ===      ===         ===            ===        ===
07/07/26 01:12:56         1        0           0             40          0
07/07/26 01:18:27 9610 seconds since last log event
07/07/26 01:18:27 Pending DAG nodes:
07/07/26 01:18:27   Node MERGE_COLLECTION, HTCondor ID 170289, status STATUS_SUBMITTED
07/07/26 01:27:57 Total jobs placed to AP: 41
07/07/26 01:27:57      Idle     Held     Running     Successful     Failed
07/07/26 01:27:57       ===      ===         ===            ===        ===
07/07/26 01:27:57         1        0           0             40          0
07/07/26 01:28:27 10210 seconds since last log event
07/07/26 01:28:27 Pending DAG nodes:
07/07/26 01:28:27   Node MERGE_COLLECTION, HTCondor ID 170289, status STATUS_SUBMITTED
07/07/26 01:38:28 10811 seconds since last log event
07/07/26 01:38:28 Pending DAG nodes:
07/07/26 01:38:28   Node MERGE_COLLECTION, HTCondor ID 170289, status STATUS_SUBMITTED
07/07/26 01:42:58 Total jobs placed to AP: 41
07/07/26 01:42:58      Idle     Held     Running     Successful     Failed
07/07/26 01:42:58       ===      ===         ===            ===        ===
07/07/26 01:42:58         1        0           0             40          0
07/07/26 01:48:28 11411 seconds since last log event
07/07/26 01:48:28 Pending DAG nodes:
07/07/26 01:48:28   Node MERGE_COLLECTION, HTCondor ID 170289, status STATUS_SUBMITTED
07/07/26 01:57:59 Total jobs placed to AP: 41
07/07/26 01:57:59      Idle     Held     Running     Successful     Failed
07/07/26 01:57:59       ===      ===         ===            ===        ===
07/07/26 01:57:59         1        0           0             40          0
07/07/26 01:58:29 12012 seconds since last log event
07/07/26 01:58:29 Pending DAG nodes:
07/07/26 01:58:29   Node MERGE_COLLECTION, HTCondor ID 170289, status STATUS_SUBMITTED
07/07/26 02:08:29 12612 seconds since last log event
07/07/26 02:08:29 Pending DAG nodes:
07/07/26 02:08:29   Node MERGE_COLLECTION, HTCondor ID 170289, status STATUS_SUBMITTED
07/07/26 02:13:00 Total jobs placed to AP: 41
07/07/26 02:13:00      Idle     Held     Running     Successful     Failed
07/07/26 02:13:00       ===      ===         ===            ===        ===
07/07/26 02:13:00         1        0           0             40          0
07/07/26 02:18:30 13213 seconds since last log event
07/07/26 02:18:30 Pending DAG nodes:
07/07/26 02:18:30   Node MERGE_COLLECTION, HTCondor ID 170289, status STATUS_SUBMITTED
07/07/26 02:28:00 Total jobs placed to AP: 41
07/07/26 02:28:00      Idle     Held     Running     Successful     Failed
07/07/26 02:28:00       ===      ===         ===            ===        ===
07/07/26 02:28:00         1        0           0             40          0
07/07/26 02:28:30 13813 seconds since last log event
07/07/26 02:28:30 Pending DAG nodes:
07/07/26 02:28:30   Node MERGE_COLLECTION, HTCondor ID 170289, status STATUS_SUBMITTED
07/07/26 02:38:31 14414 seconds since last log event
07/07/26 02:38:31 Pending DAG nodes:
07/07/26 02:38:31   Node MERGE_COLLECTION, HTCondor ID 170289, status STATUS_SUBMITTED
07/07/26 02:43:01 Total jobs placed to AP: 41
07/07/26 02:43:01      Idle     Held     Running     Successful     Failed
07/07/26 02:43:01       ===      ===         ===            ===        ===
07/07/26 02:43:01         1        0           0             40          0
07/07/26 02:48:31 15014 seconds since last log event
07/07/26 02:48:31 Pending DAG nodes:
07/07/26 02:48:31   Node MERGE_COLLECTION, HTCondor ID 170289, status STATUS_SUBMITTED
07/07/26 02:58:02 Total jobs placed to AP: 41
07/07/26 02:58:02      Idle     Held     Running     Successful     Failed
07/07/26 02:58:02       ===      ===         ===            ===        ===
07/07/26 02:58:02         1        0           0             40          0
07/07/26 02:58:32 15615 seconds since last log event
07/07/26 02:58:32 Pending DAG nodes:
07/07/26 02:58:32   Node MERGE_COLLECTION, HTCondor ID 170289, status STATUS_SUBMITTED
07/07/26 03:08:32 16215 seconds since last log event
07/07/26 03:08:32 Pending DAG nodes:
07/07/26 03:08:32   Node MERGE_COLLECTION, HTCondor ID 170289, status STATUS_SUBMITTED
07/07/26 03:13:03 Total jobs placed to AP: 41
07/07/26 03:13:03      Idle     Held     Running     Successful     Failed
07/07/26 03:13:03       ===      ===         ===            ===        ===
07/07/26 03:13:03         1        0           0             40          0
07/07/26 03:18:33 16816 seconds since last log event
07/07/26 03:18:33 Pending DAG nodes:
07/07/26 03:18:33   Node MERGE_COLLECTION, HTCondor ID 170289, status STATUS_SUBMITTED
07/07/26 03:28:03 Total jobs placed to AP: 41
07/07/26 03:28:03      Idle     Held     Running     Successful     Failed
07/07/26 03:28:03       ===      ===         ===            ===        ===
07/07/26 03:28:03         1        0           0             40          0
07/07/26 03:28:34 17417 seconds since last log event
07/07/26 03:28:34 Pending DAG nodes:
07/07/26 03:28:34   Node MERGE_COLLECTION, HTCondor ID 170289, status STATUS_SUBMITTED
07/07/26 03:38:34 18017 seconds since last log event
07/07/26 03:38:34 Pending DAG nodes:
07/07/26 03:38:34   Node MERGE_COLLECTION, HTCondor ID 170289, status STATUS_SUBMITTED
07/07/26 03:43:04 Total jobs placed to AP: 41
07/07/26 03:43:04      Idle     Held     Running     Successful     Failed
07/07/26 03:43:04       ===      ===         ===            ===        ===
07/07/26 03:43:04         1        0           0             40          0
07/07/26 03:48:35 18618 seconds since last log event
07/07/26 03:48:35 Pending DAG nodes:
07/07/26 03:48:35   Node MERGE_COLLECTION, HTCondor ID 170289, status STATUS_SUBMITTED
07/07/26 03:58:05 Total jobs placed to AP: 41
07/07/26 03:58:05      Idle     Held     Running     Successful     Failed
07/07/26 03:58:05       ===      ===         ===            ===        ===
07/07/26 03:58:05         1        0           0             40          0
07/07/26 03:58:35 19218 seconds since last log event
07/07/26 03:58:35 Pending DAG nodes:
07/07/26 03:58:35   Node MERGE_COLLECTION, HTCondor ID 170289, status STATUS_SUBMITTED
07/07/26 04:08:36 19819 seconds since last log event
07/07/26 04:08:36 Pending DAG nodes:
07/07/26 04:08:36   Node MERGE_COLLECTION, HTCondor ID 170289, status STATUS_SUBMITTED
07/07/26 04:13:06 Total jobs placed to AP: 41
07/07/26 04:13:06      Idle     Held     Running     Successful     Failed
07/07/26 04:13:06       ===      ===         ===            ===        ===
07/07/26 04:13:06         1        0           0             40          0
07/07/26 04:18:36 20419 seconds since last log event
07/07/26 04:18:36 Pending DAG nodes:
07/07/26 04:18:36   Node MERGE_COLLECTION, HTCondor ID 170289, status STATUS_SUBMITTED
07/07/26 04:28:07 Total jobs placed to AP: 41
07/07/26 04:28:07      Idle     Held     Running     Successful     Failed
07/07/26 04:28:07       ===      ===         ===            ===        ===
07/07/26 04:28:07         1        0           0             40          0
07/07/26 04:28:37 21020 seconds since last log event
07/07/26 04:28:37 Pending DAG nodes:
07/07/26 04:28:37   Node MERGE_COLLECTION, HTCondor ID 170289, status STATUS_SUBMITTED
07/07/26 04:38:37 21620 seconds since last log event
07/07/26 04:38:37 Pending DAG nodes:
07/07/26 04:38:37   Node MERGE_COLLECTION, HTCondor ID 170289, status STATUS_SUBMITTED
07/07/26 04:43:08 Total jobs placed to AP: 41
07/07/26 04:43:08      Idle     Held     Running     Successful     Failed
07/07/26 04:43:08       ===      ===         ===            ===        ===
07/07/26 04:43:08         1        0           0             40          0
07/07/26 04:48:38 22221 seconds since last log event
07/07/26 04:48:38 Pending DAG nodes:
07/07/26 04:48:38   Node MERGE_COLLECTION, HTCondor ID 170289, status STATUS_SUBMITTED
07/07/26 04:58:09 Total jobs placed to AP: 41
07/07/26 04:58:09      Idle     Held     Running     Successful     Failed
07/07/26 04:58:09       ===      ===         ===            ===        ===
07/07/26 04:58:09         1        0           0             40          0
07/07/26 04:58:39 22822 seconds since last log event
07/07/26 04:58:39 Pending DAG nodes:
07/07/26 04:58:39   Node MERGE_COLLECTION, HTCondor ID 170289, status STATUS_SUBMITTED
07/07/26 05:08:39 23422 seconds since last log event
07/07/26 05:08:39 Pending DAG nodes:
07/07/26 05:08:39   Node MERGE_COLLECTION, HTCondor ID 170289, status STATUS_SUBMITTED
07/07/26 05:13:09 Total jobs placed to AP: 41
07/07/26 05:13:09      Idle     Held     Running     Successful     Failed
07/07/26 05:13:09       ===      ===         ===            ===        ===
07/07/26 05:13:09         1        0           0             40          0
07/07/26 05:18:40 24023 seconds since last log event
07/07/26 05:18:40 Pending DAG nodes:
07/07/26 05:18:40   Node MERGE_COLLECTION, HTCondor ID 170289, status STATUS_SUBMITTED
07/07/26 05:28:10 Total jobs placed to AP: 41
07/07/26 05:28:10      Idle     Held     Running     Successful     Failed
07/07/26 05:28:10       ===      ===         ===            ===        ===
07/07/26 05:28:10         1        0           0             40          0
07/07/26 05:28:40 24623 seconds since last log event
07/07/26 05:28:40 Pending DAG nodes:
07/07/26 05:28:40   Node MERGE_COLLECTION, HTCondor ID 170289, status STATUS_SUBMITTED
07/07/26 05:38:41 25224 seconds since last log event
07/07/26 05:38:41 Pending DAG nodes:
07/07/26 05:38:41   Node MERGE_COLLECTION, HTCondor ID 170289, status STATUS_SUBMITTED
07/07/26 05:43:11 Total jobs placed to AP: 41
07/07/26 05:43:11      Idle     Held     Running     Successful     Failed
07/07/26 05:43:11       ===      ===         ===            ===        ===
07/07/26 05:43:11         1        0           0             40          0
07/07/26 05:48:41 25824 seconds since last log event
07/07/26 05:48:41 Pending DAG nodes:
07/07/26 05:48:41   Node MERGE_COLLECTION, HTCondor ID 170289, status STATUS_SUBMITTED
07/07/26 05:58:12 Total jobs placed to AP: 41
07/07/26 05:58:12      Idle     Held     Running     Successful     Failed
07/07/26 05:58:12       ===      ===         ===            ===        ===
07/07/26 05:58:12         1        0           0             40          0
07/07/26 05:58:42 26425 seconds since last log event
07/07/26 05:58:42 Pending DAG nodes:
07/07/26 05:58:42   Node MERGE_COLLECTION, HTCondor ID 170289, status STATUS_SUBMITTED
07/07/26 06:08:43 27026 seconds since last log event
07/07/26 06:08:43 Pending DAG nodes:
07/07/26 06:08:43   Node MERGE_COLLECTION, HTCondor ID 170289, status STATUS_SUBMITTED
07/07/26 06:13:13 Total jobs placed to AP: 41
07/07/26 06:13:13      Idle     Held     Running     Successful     Failed
07/07/26 06:13:13       ===      ===         ===            ===        ===
07/07/26 06:13:13         1        0           0             40          0
07/07/26 06:18:43 27626 seconds since last log event
07/07/26 06:18:43 Pending DAG nodes:
07/07/26 06:18:43   Node MERGE_COLLECTION, HTCondor ID 170289, status STATUS_SUBMITTED
07/07/26 06:28:14 Total jobs placed to AP: 41
07/07/26 06:28:14      Idle     Held     Running     Successful     Failed
07/07/26 06:28:14       ===      ===         ===            ===        ===
07/07/26 06:28:14         1        0           0             40          0
07/07/26 06:28:44 28227 seconds since last log event
07/07/26 06:28:44 Pending DAG nodes:
07/07/26 06:28:44   Node MERGE_COLLECTION, HTCondor ID 170289, status STATUS_SUBMITTED
07/07/26 06:39:13 28827 seconds since last log event
07/07/26 06:39:13 Pending DAG nodes:
07/07/26 06:39:13   Node MERGE_COLLECTION, HTCondor ID 170289, status STATUS_SUBMITTED
07/07/26 06:39:13 Querying local schedd for associated jobs in queue
07/07/26 06:39:13 All pending job states validated
07/07/26 06:43:15 Total jobs placed to AP: 41
07/07/26 06:43:15      Idle     Held     Running     Successful     Failed
07/07/26 06:43:15       ===      ===         ===            ===        ===
07/07/26 06:43:15         1        0           0             40          0
07/07/26 06:48:45 29428 seconds since last log event
07/07/26 06:48:45 Pending DAG nodes:
07/07/26 06:48:45   Node MERGE_COLLECTION, HTCondor ID 170289, status STATUS_SUBMITTED
07/07/26 06:58:16 Total jobs placed to AP: 41
07/07/26 06:58:16      Idle     Held     Running     Successful     Failed
07/07/26 06:58:16       ===      ===         ===            ===        ===
07/07/26 06:58:16         1        0           0             40          0
07/07/26 06:58:46 30029 seconds since last log event
07/07/26 06:58:46 Pending DAG nodes:
07/07/26 06:58:46   Node MERGE_COLLECTION, HTCondor ID 170289, status STATUS_SUBMITTED
07/07/26 07:08:46 30629 seconds since last log event
07/07/26 07:08:46 Pending DAG nodes:
07/07/26 07:08:46   Node MERGE_COLLECTION, HTCondor ID 170289, status STATUS_SUBMITTED
07/07/26 07:13:17 Total jobs placed to AP: 41
07/07/26 07:13:17      Idle     Held     Running     Successful     Failed
07/07/26 07:13:17       ===      ===         ===            ===        ===
07/07/26 07:13:17         1        0           0             40          0
07/07/26 07:18:47 31230 seconds since last log event
07/07/26 07:18:47 Pending DAG nodes:
07/07/26 07:18:47   Node MERGE_COLLECTION, HTCondor ID 170289, status STATUS_SUBMITTED
07/07/26 07:28:17 Total jobs placed to AP: 41
07/07/26 07:28:17      Idle     Held     Running     Successful     Failed
07/07/26 07:28:17       ===      ===         ===            ===        ===
07/07/26 07:28:17         1        0           0             40          0
07/07/26 07:28:48 31831 seconds since last log event
07/07/26 07:28:48 Pending DAG nodes:
07/07/26 07:28:48   Node MERGE_COLLECTION, HTCondor ID 170289, status STATUS_SUBMITTED
07/07/26 07:38:48 32431 seconds since last log event
07/07/26 07:38:48 Pending DAG nodes:
07/07/26 07:38:48   Node MERGE_COLLECTION, HTCondor ID 170289, status STATUS_SUBMITTED
07/07/26 07:43:18 Total jobs placed to AP: 41
07/07/26 07:43:18      Idle     Held     Running     Successful     Failed
07/07/26 07:43:18       ===      ===         ===            ===        ===
07/07/26 07:43:18         1        0           0             40          0
07/07/26 07:48:49 33032 seconds since last log event
07/07/26 07:48:49 Pending DAG nodes:
07/07/26 07:48:49   Node MERGE_COLLECTION, HTCondor ID 170289, status STATUS_SUBMITTED
07/07/26 07:58:19 Total jobs placed to AP: 41
07/07/26 07:58:19      Idle     Held     Running     Successful     Failed
07/07/26 07:58:19       ===      ===         ===            ===        ===
07/07/26 07:58:19         1        0           0             40          0
07/07/26 07:58:49 33632 seconds since last log event
07/07/26 07:58:49 Pending DAG nodes:
07/07/26 07:58:49   Node MERGE_COLLECTION, HTCondor ID 170289, status STATUS_SUBMITTED
07/07/26 08:08:50 34233 seconds since last log event
07/07/26 08:08:50 Pending DAG nodes:
07/07/26 08:08:50   Node MERGE_COLLECTION, HTCondor ID 170289, status STATUS_SUBMITTED
07/07/26 08:13:20 Total jobs placed to AP: 41
07/07/26 08:13:20      Idle     Held     Running     Successful     Failed
07/07/26 08:13:20       ===      ===         ===            ===        ===
07/07/26 08:13:20         1        0           0             40          0
07/07/26 08:18:50 34833 seconds since last log event
07/07/26 08:18:50 Pending DAG nodes:
07/07/26 08:18:50   Node MERGE_COLLECTION, HTCondor ID 170289, status STATUS_SUBMITTED
07/07/26 08:28:20 Total jobs placed to AP: 41
07/07/26 08:28:20      Idle     Held     Running     Successful     Failed
07/07/26 08:28:20       ===      ===         ===            ===        ===
07/07/26 08:28:20         1        0           0             40          0
07/07/26 08:28:50 35433 seconds since last log event
07/07/26 08:28:50 Pending DAG nodes:
07/07/26 08:28:50   Node MERGE_COLLECTION, HTCondor ID 170289, status STATUS_SUBMITTED
07/07/26 08:38:50 36033 seconds since last log event
07/07/26 08:38:50 Pending DAG nodes:
07/07/26 08:38:50   Node MERGE_COLLECTION, HTCondor ID 170289, status STATUS_SUBMITTED
07/07/26 08:43:21 Total jobs placed to AP: 41
07/07/26 08:43:21      Idle     Held     Running     Successful     Failed
07/07/26 08:43:21       ===      ===         ===            ===        ===
07/07/26 08:43:21         1        0           0             40          0
07/07/26 08:48:51 36634 seconds since last log event
07/07/26 08:48:51 Pending DAG nodes:
07/07/26 08:48:51   Node MERGE_COLLECTION, HTCondor ID 170289, status STATUS_SUBMITTED
07/07/26 08:58:21 Total jobs placed to AP: 41
07/07/26 08:58:21      Idle     Held     Running     Successful     Failed
07/07/26 08:58:21       ===      ===         ===            ===        ===
07/07/26 08:58:21         1        0           0             40          0
07/07/26 08:58:51 37234 seconds since last log event
07/07/26 08:58:51 Pending DAG nodes:
07/07/26 08:58:51   Node MERGE_COLLECTION, HTCondor ID 170289, status STATUS_SUBMITTED
07/07/26 09:08:52 37835 seconds since last log event
07/07/26 09:08:52 Pending DAG nodes:
07/07/26 09:08:52   Node MERGE_COLLECTION, HTCondor ID 170289, status STATUS_SUBMITTED
07/07/26 09:13:22 Total jobs placed to AP: 41
07/07/26 09:13:22      Idle     Held     Running     Successful     Failed
07/07/26 09:13:22       ===      ===         ===            ===        ===
07/07/26 09:13:22         1        0           0             40          0
07/07/26 09:18:52 38435 seconds since last log event
07/07/26 09:18:52 Pending DAG nodes:
07/07/26 09:18:52   Node MERGE_COLLECTION, HTCondor ID 170289, status STATUS_SUBMITTED
07/07/26 09:28:23 Total jobs placed to AP: 41
07/07/26 09:28:23      Idle     Held     Running     Successful     Failed
07/07/26 09:28:23       ===      ===         ===            ===        ===
07/07/26 09:28:23         1        0           0             40          0
07/07/26 09:28:53 39036 seconds since last log event
07/07/26 09:28:53 Pending DAG nodes:
07/07/26 09:28:53   Node MERGE_COLLECTION, HTCondor ID 170289, status STATUS_SUBMITTED
07/07/26 09:38:54 39637 seconds since last log event
07/07/26 09:38:54 Pending DAG nodes:
07/07/26 09:38:54   Node MERGE_COLLECTION, HTCondor ID 170289, status STATUS_SUBMITTED
07/07/26 09:43:24 Total jobs placed to AP: 41
07/07/26 09:43:24      Idle     Held     Running     Successful     Failed
07/07/26 09:43:24       ===      ===         ===            ===        ===
07/07/26 09:43:24         1        0           0             40          0
07/07/26 09:48:54 40237 seconds since last log event
07/07/26 09:48:54 Pending DAG nodes:
07/07/26 09:48:54   Node MERGE_COLLECTION, HTCondor ID 170289, status STATUS_SUBMITTED
07/07/26 09:58:25 Total jobs placed to AP: 41
07/07/26 09:58:25      Idle     Held     Running     Successful     Failed
07/07/26 09:58:25       ===      ===         ===            ===        ===
07/07/26 09:58:25         1        0           0             40          0
07/07/26 09:58:55 40838 seconds since last log event
07/07/26 09:58:55 Pending DAG nodes:
07/07/26 09:58:55   Node MERGE_COLLECTION, HTCondor ID 170289, status STATUS_SUBMITTED
07/07/26 10:08:55 41438 seconds since last log event
07/07/26 10:08:55 Pending DAG nodes:
07/07/26 10:08:55   Node MERGE_COLLECTION, HTCondor ID 170289, status STATUS_SUBMITTED
07/07/26 10:13:25 Total jobs placed to AP: 41
07/07/26 10:13:25      Idle     Held     Running     Successful     Failed
07/07/26 10:13:25       ===      ===         ===            ===        ===
07/07/26 10:13:25         1        0           0             40          0
07/07/26 10:18:55 42038 seconds since last log event
07/07/26 10:18:55 Pending DAG nodes:
07/07/26 10:18:55   Node MERGE_COLLECTION, HTCondor ID 170289, status STATUS_SUBMITTED
07/07/26 10:28:25 Total jobs placed to AP: 41
07/07/26 10:28:25      Idle     Held     Running     Successful     Failed
07/07/26 10:28:25       ===      ===         ===            ===        ===
07/07/26 10:28:25         1        0           0             40          0
07/07/26 10:28:55 42638 seconds since last log event
07/07/26 10:28:55 Pending DAG nodes:
07/07/26 10:28:55   Node MERGE_COLLECTION, HTCondor ID 170289, status STATUS_SUBMITTED
07/07/26 10:38:56 43239 seconds since last log event
07/07/26 10:38:56 Pending DAG nodes:
07/07/26 10:38:56   Node MERGE_COLLECTION, HTCondor ID 170289, status STATUS_SUBMITTED
07/07/26 10:43:26 Total jobs placed to AP: 41
07/07/26 10:43:26      Idle     Held     Running     Successful     Failed
07/07/26 10:43:26       ===      ===         ===            ===        ===
07/07/26 10:43:26         1        0           0             40          0
07/07/26 10:48:56 43839 seconds since last log event
07/07/26 10:48:56 Pending DAG nodes:
07/07/26 10:48:56   Node MERGE_COLLECTION, HTCondor ID 170289, status STATUS_SUBMITTED
07/07/26 10:58:27 Total jobs placed to AP: 41
07/07/26 10:58:27      Idle     Held     Running     Successful     Failed
07/07/26 10:58:27       ===      ===         ===            ===        ===
07/07/26 10:58:27         1        0           0             40          0
07/07/26 10:58:57 44440 seconds since last log event
07/07/26 10:58:57 Pending DAG nodes:
07/07/26 10:58:57   Node MERGE_COLLECTION, HTCondor ID 170289, status STATUS_SUBMITTED
07/07/26 11:08:57 45040 seconds since last log event
07/07/26 11:08:57 Pending DAG nodes:
07/07/26 11:08:57   Node MERGE_COLLECTION, HTCondor ID 170289, status STATUS_SUBMITTED
07/07/26 11:13:28 Total jobs placed to AP: 41
07/07/26 11:13:28      Idle     Held     Running     Successful     Failed
07/07/26 11:13:28       ===      ===         ===            ===        ===
07/07/26 11:13:28         1        0           0             40          0
07/07/26 11:18:58 45641 seconds since last log event
07/07/26 11:18:58 Pending DAG nodes:
07/07/26 11:18:58   Node MERGE_COLLECTION, HTCondor ID 170289, status STATUS_SUBMITTED
07/07/26 11:28:28 Total jobs placed to AP: 41
07/07/26 11:28:28      Idle     Held     Running     Successful     Failed
07/07/26 11:28:28       ===      ===         ===            ===        ===
07/07/26 11:28:28         1        0           0             40          0
07/07/26 11:28:58 46241 seconds since last log event
07/07/26 11:28:58 Pending DAG nodes:
07/07/26 11:28:58   Node MERGE_COLLECTION, HTCondor ID 170289, status STATUS_SUBMITTED
07/07/26 11:38:59 46842 seconds since last log event
07/07/26 11:38:59 Pending DAG nodes:
07/07/26 11:38:59   Node MERGE_COLLECTION, HTCondor ID 170289, status STATUS_SUBMITTED
07/07/26 11:43:29 Total jobs placed to AP: 41
07/07/26 11:43:29      Idle     Held     Running     Successful     Failed
07/07/26 11:43:29       ===      ===         ===            ===        ===
07/07/26 11:43:29         1        0           0             40          0
07/07/26 11:49:00 47443 seconds since last log event
07/07/26 11:49:00 Pending DAG nodes:
07/07/26 11:49:00   Node MERGE_COLLECTION, HTCondor ID 170289, status STATUS_SUBMITTED
07/07/26 11:58:30 Total jobs placed to AP: 41
07/07/26 11:58:30      Idle     Held     Running     Successful     Failed
07/07/26 11:58:30       ===      ===         ===            ===        ===
07/07/26 11:58:30         1        0           0             40          0
07/07/26 11:59:00 48043 seconds since last log event
07/07/26 11:59:00 Pending DAG nodes:
07/07/26 11:59:00   Node MERGE_COLLECTION, HTCondor ID 170289, status STATUS_SUBMITTED
07/07/26 12:09:01 48644 seconds since last log event
07/07/26 12:09:01 Pending DAG nodes:
07/07/26 12:09:01   Node MERGE_COLLECTION, HTCondor ID 170289, status STATUS_SUBMITTED
07/07/26 12:13:31 Total jobs placed to AP: 41
07/07/26 12:13:31      Idle     Held     Running     Successful     Failed
07/07/26 12:13:31       ===      ===         ===            ===        ===
07/07/26 12:13:31         1        0           0             40          0
07/07/26 12:19:01 49244 seconds since last log event
07/07/26 12:19:01 Pending DAG nodes:
07/07/26 12:19:01   Node MERGE_COLLECTION, HTCondor ID 170289, status STATUS_SUBMITTED
07/07/26 12:28:32 Total jobs placed to AP: 41
07/07/26 12:28:32      Idle     Held     Running     Successful     Failed
07/07/26 12:28:32       ===      ===         ===            ===        ===
07/07/26 12:28:32         1        0           0             40          0
07/07/26 12:29:02 49845 seconds since last log event
07/07/26 12:29:02 Pending DAG nodes:
07/07/26 12:29:02   Node MERGE_COLLECTION, HTCondor ID 170289, status STATUS_SUBMITTED
07/07/26 12:39:03 50446 seconds since last log event
07/07/26 12:39:03 Pending DAG nodes:
07/07/26 12:39:03   Node MERGE_COLLECTION, HTCondor ID 170289, status STATUS_SUBMITTED
07/07/26 12:43:33 Total jobs placed to AP: 41
07/07/26 12:43:33      Idle     Held     Running     Successful     Failed
07/07/26 12:43:33       ===      ===         ===            ===        ===
07/07/26 12:43:33         1        0           0             40          0
07/07/26 12:49:03 51046 seconds since last log event
07/07/26 12:49:03 Pending DAG nodes:
07/07/26 12:49:03   Node MERGE_COLLECTION, HTCondor ID 170289, status STATUS_SUBMITTED
07/07/26 12:58:34 Total jobs placed to AP: 41
07/07/26 12:58:34      Idle     Held     Running     Successful     Failed
07/07/26 12:58:34       ===      ===         ===            ===        ===
07/07/26 12:58:34         1        0           0             40          0
07/07/26 12:59:04 51647 seconds since last log event
07/07/26 12:59:04 Pending DAG nodes:
07/07/26 12:59:04   Node MERGE_COLLECTION, HTCondor ID 170289, status STATUS_SUBMITTED
07/07/26 13:09:04 52247 seconds since last log event
07/07/26 13:09:04 Pending DAG nodes:
07/07/26 13:09:04   Node MERGE_COLLECTION, HTCondor ID 170289, status STATUS_SUBMITTED
07/07/26 13:13:35 Total jobs placed to AP: 41
07/07/26 13:13:35      Idle     Held     Running     Successful     Failed
07/07/26 13:13:35       ===      ===         ===            ===        ===
07/07/26 13:13:35         1        0           0             40          0
07/07/26 13:19:05 52848 seconds since last log event
07/07/26 13:19:05 Pending DAG nodes:
07/07/26 13:19:05   Node MERGE_COLLECTION, HTCondor ID 170289, status STATUS_SUBMITTED
07/07/26 13:28:35 Total jobs placed to AP: 41
07/07/26 13:28:35      Idle     Held     Running     Successful     Failed
07/07/26 13:28:35       ===      ===         ===            ===        ===
07/07/26 13:28:35         1        0           0             40          0
07/07/26 13:29:06 53449 seconds since last log event
07/07/26 13:29:06 Pending DAG nodes:
07/07/26 13:29:06   Node MERGE_COLLECTION, HTCondor ID 170289, status STATUS_SUBMITTED
07/07/26 13:39:06 54049 seconds since last log event
07/07/26 13:39:06 Pending DAG nodes:
07/07/26 13:39:06   Node MERGE_COLLECTION, HTCondor ID 170289, status STATUS_SUBMITTED
07/07/26 13:43:36 Total jobs placed to AP: 41
07/07/26 13:43:36      Idle     Held     Running     Successful     Failed
07/07/26 13:43:36       ===      ===         ===            ===        ===
07/07/26 13:43:36         1        0           0             40          0
07/07/26 13:49:07 54650 seconds since last log event
07/07/26 13:49:07 Pending DAG nodes:
07/07/26 13:49:07   Node MERGE_COLLECTION, HTCondor ID 170289, status STATUS_SUBMITTED
07/07/26 13:58:37 Total jobs placed to AP: 41
07/07/26 13:58:37      Idle     Held     Running     Successful     Failed
07/07/26 13:58:37       ===      ===         ===            ===        ===
07/07/26 13:58:37         1        0           0             40          0
07/07/26 13:59:07 55250 seconds since last log event
07/07/26 13:59:07 Pending DAG nodes:
07/07/26 13:59:07   Node MERGE_COLLECTION, HTCondor ID 170289, status STATUS_SUBMITTED
07/07/26 14:09:07 55850 seconds since last log event
07/07/26 14:09:07 Pending DAG nodes:
07/07/26 14:09:07   Node MERGE_COLLECTION, HTCondor ID 170289, status STATUS_SUBMITTED
07/07/26 14:13:37 Total jobs placed to AP: 41
07/07/26 14:13:37      Idle     Held     Running     Successful     Failed
07/07/26 14:13:37       ===      ===         ===            ===        ===
07/07/26 14:13:37         1        0           0             40          0
07/07/26 14:19:07 56450 seconds since last log event
07/07/26 14:19:07 Pending DAG nodes:
07/07/26 14:19:07   Node MERGE_COLLECTION, HTCondor ID 170289, status STATUS_SUBMITTED
07/07/26 14:28:38 Total jobs placed to AP: 41
07/07/26 14:28:38      Idle     Held     Running     Successful     Failed
07/07/26 14:28:38       ===      ===         ===            ===        ===
07/07/26 14:28:38         1        0           0             40          0
07/07/26 14:29:08 57051 seconds since last log event
07/07/26 14:29:08 Pending DAG nodes:
07/07/26 14:29:08   Node MERGE_COLLECTION, HTCondor ID 170289, status STATUS_SUBMITTED
07/07/26 14:39:08 57651 seconds since last log event
07/07/26 14:39:08 Pending DAG nodes:
07/07/26 14:39:08   Node MERGE_COLLECTION, HTCondor ID 170289, status STATUS_SUBMITTED
07/07/26 14:43:38 Total jobs placed to AP: 41
07/07/26 14:43:38      Idle     Held     Running     Successful     Failed
07/07/26 14:43:38       ===      ===         ===            ===        ===
07/07/26 14:43:38         1        0           0             40          0
07/07/26 14:49:09 58252 seconds since last log event
07/07/26 14:49:09 Pending DAG nodes:
07/07/26 14:49:09   Node MERGE_COLLECTION, HTCondor ID 170289, status STATUS_SUBMITTED
07/07/26 14:58:39 Total jobs placed to AP: 41
07/07/26 14:58:39      Idle     Held     Running     Successful     Failed
07/07/26 14:58:39       ===      ===         ===            ===        ===
07/07/26 14:58:39         1        0           0             40          0
07/07/26 14:59:09 58852 seconds since last log event
07/07/26 14:59:09 Pending DAG nodes:
07/07/26 14:59:09   Node MERGE_COLLECTION, HTCondor ID 170289, status STATUS_SUBMITTED
07/07/26 15:09:10 59453 seconds since last log event
07/07/26 15:09:10 Pending DAG nodes:
07/07/26 15:09:10   Node MERGE_COLLECTION, HTCondor ID 170289, status STATUS_SUBMITTED
07/07/26 15:13:40 Total jobs placed to AP: 41
07/07/26 15:13:40      Idle     Held     Running     Successful     Failed
07/07/26 15:13:40       ===      ===         ===            ===        ===
07/07/26 15:13:40         1        0           0             40          0
07/07/26 15:19:10 60053 seconds since last log event
07/07/26 15:19:10 Pending DAG nodes:
07/07/26 15:19:10   Node MERGE_COLLECTION, HTCondor ID 170289, status STATUS_SUBMITTED
07/07/26 15:28:41 Total jobs placed to AP: 41
07/07/26 15:28:41      Idle     Held     Running     Successful     Failed
07/07/26 15:28:41       ===      ===         ===            ===        ===
07/07/26 15:28:41         1        0           0             40          0
07/07/26 15:29:11 60654 seconds since last log event
07/07/26 15:29:11 Pending DAG nodes:
07/07/26 15:29:11   Node MERGE_COLLECTION, HTCondor ID 170289, status STATUS_SUBMITTED
07/07/26 15:39:11 61254 seconds since last log event
07/07/26 15:39:11 Pending DAG nodes:
07/07/26 15:39:11   Node MERGE_COLLECTION, HTCondor ID 170289, status STATUS_SUBMITTED
07/07/26 15:43:42 Total jobs placed to AP: 41
07/07/26 15:43:42      Idle     Held     Running     Successful     Failed
07/07/26 15:43:42       ===      ===         ===            ===        ===
07/07/26 15:43:42         1        0           0             40          0
07/07/26 15:49:12 61855 seconds since last log event
07/07/26 15:49:12 Pending DAG nodes:
07/07/26 15:49:12   Node MERGE_COLLECTION, HTCondor ID 170289, status STATUS_SUBMITTED
07/07/26 15:58:43 Total jobs placed to AP: 41
07/07/26 15:58:43      Idle     Held     Running     Successful     Failed
07/07/26 15:58:43       ===      ===         ===            ===        ===
07/07/26 15:58:43         1        0           0             40          0
07/07/26 15:59:13 62456 seconds since last log event
07/07/26 15:59:13 Pending DAG nodes:
07/07/26 15:59:13   Node MERGE_COLLECTION, HTCondor ID 170289, status STATUS_SUBMITTED
07/07/26 16:09:13 63056 seconds since last log event
07/07/26 16:09:13 Pending DAG nodes:
07/07/26 16:09:13   Node MERGE_COLLECTION, HTCondor ID 170289, status STATUS_SUBMITTED
07/07/26 16:13:43 Total jobs placed to AP: 41
07/07/26 16:13:43      Idle     Held     Running     Successful     Failed
07/07/26 16:13:43       ===      ===         ===            ===        ===
07/07/26 16:13:43         1        0           0             40          0
07/07/26 16:19:14 63657 seconds since last log event
07/07/26 16:19:14 Pending DAG nodes:
07/07/26 16:19:14   Node MERGE_COLLECTION, HTCondor ID 170289, status STATUS_SUBMITTED
07/07/26 16:28:44 Total jobs placed to AP: 41
07/07/26 16:28:44      Idle     Held     Running     Successful     Failed
07/07/26 16:28:44       ===      ===         ===            ===        ===
07/07/26 16:28:44         1        0           0             40          0
07/07/26 16:29:14 64257 seconds since last log event
07/07/26 16:29:14 Pending DAG nodes:
07/07/26 16:29:14   Node MERGE_COLLECTION, HTCondor ID 170289, status STATUS_SUBMITTED
07/07/26 16:39:15 64858 seconds since last log event
07/07/26 16:39:15 Pending DAG nodes:
07/07/26 16:39:15   Node MERGE_COLLECTION, HTCondor ID 170289, status STATUS_SUBMITTED
07/07/26 16:43:45 Total jobs placed to AP: 41
07/07/26 16:43:45      Idle     Held     Running     Successful     Failed
07/07/26 16:43:45       ===      ===         ===            ===        ===
07/07/26 16:43:45         1        0           0             40          0
07/07/26 16:49:15 65458 seconds since last log event
07/07/26 16:49:15 Pending DAG nodes:
07/07/26 16:49:15   Node MERGE_COLLECTION, HTCondor ID 170289, status STATUS_SUBMITTED
07/07/26 16:58:46 Total jobs placed to AP: 41
07/07/26 16:58:46      Idle     Held     Running     Successful     Failed
07/07/26 16:58:46       ===      ===         ===            ===        ===
07/07/26 16:58:46         1        0           0             40          0
07/07/26 16:59:16 66059 seconds since last log event
07/07/26 16:59:16 Pending DAG nodes:
07/07/26 16:59:16   Node MERGE_COLLECTION, HTCondor ID 170289, status STATUS_SUBMITTED
07/07/26 17:09:16 66659 seconds since last log event
07/07/26 17:09:16 Pending DAG nodes:
07/07/26 17:09:16   Node MERGE_COLLECTION, HTCondor ID 170289, status STATUS_SUBMITTED
07/07/26 17:13:47 Total jobs placed to AP: 41
07/07/26 17:13:47      Idle     Held     Running     Successful     Failed
07/07/26 17:13:47       ===      ===         ===            ===        ===
07/07/26 17:13:47         1        0           0             40          0
07/07/26 17:19:17 67260 seconds since last log event
07/07/26 17:19:17 Pending DAG nodes:
07/07/26 17:19:17   Node MERGE_COLLECTION, HTCondor ID 170289, status STATUS_SUBMITTED
07/07/26 17:28:47 Total jobs placed to AP: 41
07/07/26 17:28:47      Idle     Held     Running     Successful     Failed
07/07/26 17:28:47       ===      ===         ===            ===        ===
07/07/26 17:28:47         1        0           0             40          0
07/07/26 17:29:17 67860 seconds since last log event
07/07/26 17:29:17 Pending DAG nodes:
07/07/26 17:29:17   Node MERGE_COLLECTION, HTCondor ID 170289, status STATUS_SUBMITTED
07/07/26 17:39:18 68461 seconds since last log event
07/07/26 17:39:18 Pending DAG nodes:
07/07/26 17:39:18   Node MERGE_COLLECTION, HTCondor ID 170289, status STATUS_SUBMITTED
07/07/26 17:43:48 Total jobs placed to AP: 41
07/07/26 17:43:48      Idle     Held     Running     Successful     Failed
07/07/26 17:43:48       ===      ===         ===            ===        ===
07/07/26 17:43:48         1        0           0             40          0
07/07/26 17:49:19 69062 seconds since last log event
07/07/26 17:49:19 Pending DAG nodes:
07/07/26 17:49:19   Node MERGE_COLLECTION, HTCondor ID 170289, status STATUS_SUBMITTED
07/07/26 17:58:49 Total jobs placed to AP: 41
07/07/26 17:58:49      Idle     Held     Running     Successful     Failed
07/07/26 17:58:49       ===      ===         ===            ===        ===
07/07/26 17:58:49         1        0           0             40          0
07/07/26 17:59:19 69662 seconds since last log event
07/07/26 17:59:19 Pending DAG nodes:
07/07/26 17:59:19   Node MERGE_COLLECTION, HTCondor ID 170289, status STATUS_SUBMITTED
07/07/26 18:01:02 ******************************************************
07/07/26 18:01:02 ** condor_scheduniv_exec.170245.0 (CONDOR_DAGMAN) STARTING UP
07/07/26 18:01:02 ** /usr/bin/condor_dagman
07/07/26 18:01:02 ** SubsystemInfo: name=DAGMAN type=DAGMAN(9) class=CLIENT(2)
07/07/26 18:01:02 ** Configuration: subsystem:DAGMAN local:<NONE> class:CLIENT
07/07/26 18:01:02 ** $CondorVersion: 24.12.19 2026-04-15 BuildID: 896241 PackageID: 24.12.19-1+deb12 GitSHA: c68f3e0e $
07/07/26 18:01:02 ** $CondorPlatform: X86_64-Debian_12 $
07/07/26 18:01:02 ** PID = 589459 RealUID = 1620002036
07/07/26 18:01:02 ** Log last touched 7/7 17:59:25
07/07/26 18:01:02 ******************************************************
07/07/26 18:01:02 Using config source: /etc/condor/condor_config
07/07/26 18:01:02 Using local config sources: 
07/07/26 18:01:02    /etc/condor/config.d/01-submit.conf
07/07/26 18:01:02    /etc/condor/config.d/10-stash-plugin.conf
07/07/26 18:01:02    /etc/condor/config.d/23-network.config
07/07/26 18:01:02    /etc/condor/config.d/31-mail.conf
07/07/26 18:01:02    /etc/condor/config.d/35-cc-sync.conf
07/07/26 18:01:02    /etc/condor/config.d/41-periodic-remove.conf
07/07/26 18:01:02    /etc/condor/config.d/49-common.conf
07/07/26 18:01:02    /etc/condor/config.d/52-group-mapping.conf
07/07/26 18:01:02    /etc/condor/config.d/54-container.conf
07/07/26 18:01:02    /etc/condor/config.d/67-submit-transforms.conf
07/07/26 18:01:02    /etc/condor/config.d/71-submit-requirements.conf
07/07/26 18:01:02    /etc/condor/condor_config.local
07/07/26 18:01:02 config Macros = 110, Sorted = 110, StringBytes = 6389, TablesBytes = 4088
07/07/26 18:01:02 CLASSAD_CACHING is ENABLED
07/07/26 18:01:02 Daemon Log is logging: D_ALWAYS D_ERROR D_STATUS
07/07/26 18:01:02 Daemoncore: Listening at <0.0.0.0:14651> on TCP (ReliSock) and UDP (SafeSock).
07/07/26 18:01:02 DaemonCore: command socket at <10.143.248.60:14651?addrs=10.143.248.60-14651&alias=conduit.hpc.uni-saarland.de>
07/07/26 18:01:02 DaemonCore: private command socket at <10.143.248.60:14651?addrs=10.143.248.60-14651&alias=conduit.hpc.uni-saarland.de>
07/07/26 18:01:02 DAGMAN_USE_STRICT setting: 1
07/07/26 18:01:02 DAGMAN_VERBOSITY setting: 3
07/07/26 18:01:02 DAGMAN_DEBUG_CACHE_SIZE setting: 5242880
07/07/26 18:01:02 DAGMAN_DEBUG_CACHE_ENABLE setting: False
07/07/26 18:01:02 DAGMAN_SUBMIT_DELAY setting: 0
07/07/26 18:01:02 DAGMAN_MAX_SUBMIT_ATTEMPTS setting: 6
07/07/26 18:01:02 DAGMAN_STARTUP_CYCLE_DETECT setting: False
07/07/26 18:01:02 DAGMAN_USE_JOIN_NODES setting: True
07/07/26 18:01:02 DAGMAN_REPORT_GRAPH_METRICS setting: False
07/07/26 18:01:02 DAGMAN_MAX_SUBMITS_PER_INTERVAL setting: 100
07/07/26 18:01:02 DAGMAN_AGGRESSIVE_SUBMIT setting: False
07/07/26 18:01:02 DAGMAN_USER_LOG_SCAN_INTERVAL setting: 5
07/07/26 18:01:02 DAGMAN_QUEUE_UPDATE_INTERVAL setting: 300.000000
07/07/26 18:01:02 DAGMAN_DEFAULT_PRIORITY setting: 0
07/07/26 18:01:02 DAGMAN_SUPPRESS_NOTIFICATION setting: False
07/07/26 18:01:02 allow_events (DAGMAN_ALLOW_EVENTS) setting: 114
07/07/26 18:01:02 DAGMAN_RETRY_SUBMIT_FIRST setting: True
07/07/26 18:01:02 DAGMAN_RETRY_NODE_FIRST setting: False
07/07/26 18:01:02 DAGMAN_MAX_JOBS_IDLE setting: 1000
07/07/26 18:01:02 DAGMAN_MAX_JOBS_SUBMITTED setting: 0
07/07/26 18:01:02 DAGMAN_MAX_PRE_SCRIPTS setting: 20
07/07/26 18:01:02 DAGMAN_MAX_POST_SCRIPTS setting: 20
07/07/26 18:01:02 DAGMAN_MAX_HOLD_SCRIPTS setting: 20
07/07/26 18:01:02 DAGMAN_MUNGE_NODE_NAMES setting: True
07/07/26 18:01:02 DAGMAN_ALLOW_ANY_NODE_NAME_CHARACTERS setting: False
07/07/26 18:01:02 DAGMAN_PROHIBIT_MULTI_JOBS setting: False
07/07/26 18:01:02 DAGMAN_SUBMIT_DEPTH_FIRST setting: False
07/07/26 18:01:02 DAGMAN_ALWAYS_RUN_POST setting: False
07/07/26 18:01:02 DAGMAN_CONDOR_SUBMIT_EXE setting: /usr/bin/condor_submit
07/07/26 18:01:02 DAGMAN_CONDOR_RM_EXE setting: /usr/bin/condor_rm
07/07/26 18:01:02 DAGMAN_USE_DIRECT_SUBMIT setting: True
07/07/26 18:01:02 DAGMAN_PRODUCE_JOB_CREDENTIALS setting: True
07/07/26 18:01:02 DAGMAN_DEFAULT_APPEND_VARS setting: False
07/07/26 18:01:02 DAGMAN_INHERIT_ATTRS_PREFIX setting: 
07/07/26 18:01:02 DAGMAN_INHERIT_ATTRS setting: 
07/07/26 18:01:02 DAGMAN_ABORT_DUPLICATES setting: True
07/07/26 18:01:02 DAGMAN_ABORT_ON_SCARY_SUBMIT setting: True
07/07/26 18:01:02 DAGMAN_PENDING_REPORT_INTERVAL setting: 600
07/07/26 18:01:02 DAGMAN_CHECK_QUEUE_INTERVAL setting: 28800
07/07/26 18:01:02 DAGMAN_PRINT_JOB_TABLE_INTERVAL setting: 900
07/07/26 18:01:02 DAGMAN_AUTO_RESCUE setting: True
07/07/26 18:01:02 DAGMAN_MAX_RESCUE_NUM setting: 100
07/07/26 18:01:02 DAGMAN_WRITE_PARTIAL_RESCUE setting: True
07/07/26 18:01:02 DAGMAN_RESET_RETRIES_UPON_RESCUE setting: True
07/07/26 18:01:02 DAGMAN_METRICS_FILE_VERSION setting: 2
07/07/26 18:01:02 DAGMAN_DEFAULT_NODE_LOG setting: @(DAG_DIR)/@(DAG_FILE).nodes.log
07/07/26 18:01:02 DAGMAN_LOG_ON_NFS_IS_ERROR setting: False
07/07/26 18:01:02 DAGMAN_GENERATE_SUBDAG_SUBMITS setting: True
07/07/26 18:01:02 DAGMAN_MAX_JOB_HOLDS setting: 100
07/07/26 18:01:02 DAGMAN_NODE_JOB_FAILURE_TOLERANCE setting: 0
07/07/26 18:01:02 DAGMAN_HOLD_CLAIM_TIME setting: 20
07/07/26 18:01:02 DAGMAN_SUPPRESS_JOB_LOGS setting: False
07/07/26 18:01:02 DAGMAN_REMOVE_NODE_JOBS setting: True
07/07/26 18:01:02 DAGMAN_PUT_FAILED_JOBS_ON_HOLD setting: False
07/07/26 18:01:02 DAGMAN_REMOVE_JOBS_AFTER_LIMIT_CHANGE setting: False
07/07/26 18:01:02 DAGMAN will adjust edges after parsing
07/07/26 18:01:02 argv[0] == "condor_scheduniv_exec.170245.0"
07/07/26 18:01:02 argv[1] == "-Lockfile"
07/07/26 18:01:02 argv[2] == "transport_linetrack_50_25_action_shield.dag.lock"
07/07/26 18:01:02 argv[3] == "-Dag"
07/07/26 18:01:02 argv[4] == "transport_linetrack_50_25_action_shield.dag"
07/07/26 18:01:02 argv[5] == "-CsdVersion"
07/07/26 18:01:02 argv[6] == "$CondorVersion: 24.12.19 2026-04-15 BuildID: 896241 PackageID: 24.12.19-1+deb12 GitSHA: c68f3e0e $"
07/07/26 18:01:02 argv[7] == "-dagman"
07/07/26 18:01:02 argv[8] == "/usr/bin/condor_dagman"
07/07/26 18:01:02 argv[9] == "-AutoRescue"
07/07/26 18:01:02 argv[10] == "1"
07/07/26 18:01:02 argv[11] == "-DoRescueFrom"
07/07/26 18:01:02 argv[12] == "0"
07/07/26 18:01:02 Can't open directory "/etc/condor/passwords.d" as PRIV_ROOT, errno: 13 (Permission denied)
07/07/26 18:01:02 Can't open directory "/etc/condor/passwords.d" as PRIV_ROOT, errno: 13 (Permission denied)
07/07/26 18:01:05 Workflow batch-id: <170245.0>
07/07/26 18:01:05 Workflow batch-name: <transport_linetrack_50_25_action_shield.dag+170245>
07/07/26 18:01:05 Workflow accounting_group: <teaching>
07/07/26 18:01:05 Workflow accounting_group_user: <atml_team041>
07/07/26 18:01:05 Warning: failed to get attribute DAGNodeName
07/07/26 18:01:05 Default node log file is: </home/atml_team041/condor_tutorial/jani_env/experiments/repair_wo_domain/submissions/action_shield/transport_linetrack/./transport_linetrack_50_25_action_shield.dag.nodes.log>
07/07/26 18:01:05 DAG Lockfile will be written to transport_linetrack_50_25_action_shield.dag.lock
07/07/26 18:01:05 DAG Input file is transport_linetrack_50_25_action_shield.dag
07/07/26 18:01:05 Parsing 1 dagfiles
07/07/26 18:01:05 Parsing transport_linetrack_50_25_action_shield.dag ...
07/07/26 18:01:05 Adjusting edges
07/07/26 18:01:05 Found rescue DAG number 2; running transport_linetrack_50_25_action_shield.dag.rescue002 in combination with normal DAG file
07/07/26 18:01:05 ~~~~~~~~~~~~~~~~~~~~~~~~~~~~~~~~~~~~~~~~~~~~~~~~~~~~~~
07/07/26 18:01:05 USING RESCUE DAG transport_linetrack_50_25_action_shield.dag.rescue002
07/07/26 18:01:05 Dag contains 5 total nodes
07/07/26 18:01:05 Lock file transport_linetrack_50_25_action_shield.dag.lock detected,
07/07/26 18:01:05 Duplicate DAGMan PID 35825 is no longer alive; this DAGMan should continue.
07/07/26 18:01:05 Bootstrapping...
07/07/26 18:01:05 Number of pre-completed nodes: 0
07/07/26 18:01:05 Running in RECOVERY mode... >>>>>>>>>>>>>>>>>>>>>>>>>>>>>>
07/07/26 18:01:05 Currently monitoring 1 HTCondor log file(s)
07/07/26 18:01:05 Event: ULOG_SUBMIT for HTCondor Node COLLECT (170250.0.0) {07/06/26 18:12:32} [recovery mode]
07/07/26 18:01:05 Number of idle job procs: 1
07/07/26 18:01:05 Reassigning the id of job COLLECT from (170250.0.0) to (170250.1.0)
07/07/26 18:01:05 Event: ULOG_SUBMIT for HTCondor Node COLLECT (170250.1.0) {07/06/26 18:12:32} [recovery mode]
07/07/26 18:01:05 Number of idle job procs: 2
07/07/26 18:01:05 Reassigning the id of job COLLECT from (170250.1.0) to (170250.10.0)
07/07/26 18:01:05 Event: ULOG_SUBMIT for HTCondor Node COLLECT (170250.10.0) {07/06/26 18:12:32} [recovery mode]
07/07/26 18:01:05 Number of idle job procs: 3
07/07/26 18:01:05 Reassigning the id of job COLLECT from (170250.10.0) to (170250.11.0)
07/07/26 18:01:05 Event: ULOG_SUBMIT for HTCondor Node COLLECT (170250.11.0) {07/06/26 18:12:32} [recovery mode]
07/07/26 18:01:05 Number of idle job procs: 4
07/07/26 18:01:05 Reassigning the id of job COLLECT from (170250.11.0) to (170250.12.0)
07/07/26 18:01:05 Event: ULOG_SUBMIT for HTCondor Node COLLECT (170250.12.0) {07/06/26 18:12:32} [recovery mode]
07/07/26 18:01:05 Number of idle job procs: 5
07/07/26 18:01:05 Reassigning the id of job COLLECT from (170250.12.0) to (170250.13.0)
07/07/26 18:01:05 Event: ULOG_SUBMIT for HTCondor Node COLLECT (170250.13.0) {07/06/26 18:12:32} [recovery mode]
07/07/26 18:01:05 Number of idle job procs: 6
07/07/26 18:01:05 Reassigning the id of job COLLECT from (170250.13.0) to (170250.14.0)
07/07/26 18:01:05 Event: ULOG_SUBMIT for HTCondor Node COLLECT (170250.14.0) {07/06/26 18:12:32} [recovery mode]
07/07/26 18:01:05 Number of idle job procs: 7
07/07/26 18:01:05 Reassigning the id of job COLLECT from (170250.14.0) to (170250.15.0)
07/07/26 18:01:05 Event: ULOG_SUBMIT for HTCondor Node COLLECT (170250.15.0) {07/06/26 18:12:32} [recovery mode]
07/07/26 18:01:05 Number of idle job procs: 8
07/07/26 18:01:05 Reassigning the id of job COLLECT from (170250.15.0) to (170250.16.0)
07/07/26 18:01:05 Event: ULOG_SUBMIT for HTCondor Node COLLECT (170250.16.0) {07/06/26 18:12:32} [recovery mode]
07/07/26 18:01:05 Number of idle job procs: 9
07/07/26 18:01:05 Reassigning the id of job COLLECT from (170250.16.0) to (170250.17.0)
07/07/26 18:01:05 Event: ULOG_SUBMIT for HTCondor Node COLLECT (170250.17.0) {07/06/26 18:12:32} [recovery mode]
07/07/26 18:01:05 Number of idle job procs: 10
07/07/26 18:01:05 Reassigning the id of job COLLECT from (170250.17.0) to (170250.18.0)
07/07/26 18:01:05 Event: ULOG_SUBMIT for HTCondor Node COLLECT (170250.18.0) {07/06/26 18:12:32} [recovery mode]
07/07/26 18:01:05 Number of idle job procs: 11
07/07/26 18:01:05 Reassigning the id of job COLLECT from (170250.18.0) to (170250.19.0)
07/07/26 18:01:05 Event: ULOG_SUBMIT for HTCondor Node COLLECT (170250.19.0) {07/06/26 18:12:32} [recovery mode]
07/07/26 18:01:05 Number of idle job procs: 12
07/07/26 18:01:05 Reassigning the id of job COLLECT from (170250.19.0) to (170250.2.0)
07/07/26 18:01:05 Event: ULOG_SUBMIT for HTCondor Node COLLECT (170250.2.0) {07/06/26 18:12:32} [recovery mode]
07/07/26 18:01:05 Number of idle job procs: 13
07/07/26 18:01:05 Reassigning the id of job COLLECT from (170250.2.0) to (170250.20.0)
07/07/26 18:01:05 Event: ULOG_SUBMIT for HTCondor Node COLLECT (170250.20.0) {07/06/26 18:12:32} [recovery mode]
07/07/26 18:01:05 Number of idle job procs: 14
07/07/26 18:01:05 Reassigning the id of job COLLECT from (170250.20.0) to (170250.21.0)
07/07/26 18:01:05 Event: ULOG_SUBMIT for HTCondor Node COLLECT (170250.21.0) {07/06/26 18:12:32} [recovery mode]
07/07/26 18:01:05 Number of idle job procs: 15
07/07/26 18:01:05 Reassigning the id of job COLLECT from (170250.21.0) to (170250.22.0)
07/07/26 18:01:05 Event: ULOG_SUBMIT for HTCondor Node COLLECT (170250.22.0) {07/06/26 18:12:32} [recovery mode]
07/07/26 18:01:05 Number of idle job procs: 16
07/07/26 18:01:05 Reassigning the id of job COLLECT from (170250.22.0) to (170250.23.0)
07/07/26 18:01:05 Event: ULOG_SUBMIT for HTCondor Node COLLECT (170250.23.0) {07/06/26 18:12:32} [recovery mode]
07/07/26 18:01:05 Number of idle job procs: 17
07/07/26 18:01:05 Reassigning the id of job COLLECT from (170250.23.0) to (170250.24.0)
07/07/26 18:01:05 Event: ULOG_SUBMIT for HTCondor Node COLLECT (170250.24.0) {07/06/26 18:12:32} [recovery mode]
07/07/26 18:01:05 Number of idle job procs: 18
07/07/26 18:01:05 Reassigning the id of job COLLECT from (170250.24.0) to (170250.25.0)
07/07/26 18:01:05 Event: ULOG_SUBMIT for HTCondor Node COLLECT (170250.25.0) {07/06/26 18:12:32} [recovery mode]
07/07/26 18:01:05 Number of idle job procs: 19
07/07/26 18:01:05 Reassigning the id of job COLLECT from (170250.25.0) to (170250.26.0)
07/07/26 18:01:05 Event: ULOG_SUBMIT for HTCondor Node COLLECT (170250.26.0) {07/06/26 18:12:32} [recovery mode]
07/07/26 18:01:05 Number of idle job procs: 20
07/07/26 18:01:05 Reassigning the id of job COLLECT from (170250.26.0) to (170250.27.0)
07/07/26 18:01:05 Event: ULOG_SUBMIT for HTCondor Node COLLECT (170250.27.0) {07/06/26 18:12:32} [recovery mode]
07/07/26 18:01:05 Number of idle job procs: 21
07/07/26 18:01:05 Reassigning the id of job COLLECT from (170250.27.0) to (170250.28.0)
07/07/26 18:01:05 Event: ULOG_SUBMIT for HTCondor Node COLLECT (170250.28.0) {07/06/26 18:12:32} [recovery mode]
07/07/26 18:01:05 Number of idle job procs: 22
07/07/26 18:01:05 Reassigning the id of job COLLECT from (170250.28.0) to (170250.29.0)
07/07/26 18:01:05 Event: ULOG_SUBMIT for HTCondor Node COLLECT (170250.29.0) {07/06/26 18:12:32} [recovery mode]
07/07/26 18:01:05 Number of idle job procs: 23
07/07/26 18:01:05 Reassigning the id of job COLLECT from (170250.29.0) to (170250.3.0)
07/07/26 18:01:05 Event: ULOG_SUBMIT for HTCondor Node COLLECT (170250.3.0) {07/06/26 18:12:32} [recovery mode]
07/07/26 18:01:05 Number of idle job procs: 24
07/07/26 18:01:05 Reassigning the id of job COLLECT from (170250.3.0) to (170250.30.0)
07/07/26 18:01:05 Event: ULOG_SUBMIT for HTCondor Node COLLECT (170250.30.0) {07/06/26 18:12:32} [recovery mode]
07/07/26 18:01:05 Number of idle job procs: 25
07/07/26 18:01:05 Reassigning the id of job COLLECT from (170250.30.0) to (170250.31.0)
07/07/26 18:01:05 Event: ULOG_SUBMIT for HTCondor Node COLLECT (170250.31.0) {07/06/26 18:12:32} [recovery mode]
07/07/26 18:01:05 Number of idle job procs: 26
07/07/26 18:01:05 Reassigning the id of job COLLECT from (170250.31.0) to (170250.32.0)
07/07/26 18:01:05 Event: ULOG_SUBMIT for HTCondor Node COLLECT (170250.32.0) {07/06/26 18:12:32} [recovery mode]
07/07/26 18:01:05 Number of idle job procs: 27
07/07/26 18:01:05 Reassigning the id of job COLLECT from (170250.32.0) to (170250.33.0)
07/07/26 18:01:05 Event: ULOG_SUBMIT for HTCondor Node COLLECT (170250.33.0) {07/06/26 18:12:32} [recovery mode]
07/07/26 18:01:05 Number of idle job procs: 28
07/07/26 18:01:05 Reassigning the id of job COLLECT from (170250.33.0) to (170250.34.0)
07/07/26 18:01:05 Event: ULOG_SUBMIT for HTCondor Node COLLECT (170250.34.0) {07/06/26 18:12:32} [recovery mode]
07/07/26 18:01:05 Number of idle job procs: 29
07/07/26 18:01:05 Reassigning the id of job COLLECT from (170250.34.0) to (170250.35.0)
07/07/26 18:01:05 Event: ULOG_SUBMIT for HTCondor Node COLLECT (170250.35.0) {07/06/26 18:12:32} [recovery mode]
07/07/26 18:01:05 Number of idle job procs: 30
07/07/26 18:01:05 Reassigning the id of job COLLECT from (170250.35.0) to (170250.36.0)
07/07/26 18:01:05 Event: ULOG_SUBMIT for HTCondor Node COLLECT (170250.36.0) {07/06/26 18:12:32} [recovery mode]
07/07/26 18:01:05 Number of idle job procs: 31
07/07/26 18:01:05 Reassigning the id of job COLLECT from (170250.36.0) to (170250.37.0)
07/07/26 18:01:05 Event: ULOG_SUBMIT for HTCondor Node COLLECT (170250.37.0) {07/06/26 18:12:32} [recovery mode]
07/07/26 18:01:05 Number of idle job procs: 32
07/07/26 18:01:05 Reassigning the id of job COLLECT from (170250.37.0) to (170250.38.0)
07/07/26 18:01:05 Event: ULOG_SUBMIT for HTCondor Node COLLECT (170250.38.0) {07/06/26 18:12:32} [recovery mode]
07/07/26 18:01:05 Number of idle job procs: 33
07/07/26 18:01:05 Reassigning the id of job COLLECT from (170250.38.0) to (170250.39.0)
07/07/26 18:01:05 Event: ULOG_SUBMIT for HTCondor Node COLLECT (170250.39.0) {07/06/26 18:12:32} [recovery mode]
07/07/26 18:01:05 Number of idle job procs: 34
07/07/26 18:01:05 Reassigning the id of job COLLECT from (170250.39.0) to (170250.4.0)
07/07/26 18:01:05 Event: ULOG_SUBMIT for HTCondor Node COLLECT (170250.4.0) {07/06/26 18:12:32} [recovery mode]
07/07/26 18:01:05 Number of idle job procs: 35
07/07/26 18:01:05 Reassigning the id of job COLLECT from (170250.4.0) to (170250.5.0)
07/07/26 18:01:05 Event: ULOG_SUBMIT for HTCondor Node COLLECT (170250.5.0) {07/06/26 18:12:32} [recovery mode]
07/07/26 18:01:05 Number of idle job procs: 36
07/07/26 18:01:05 Reassigning the id of job COLLECT from (170250.5.0) to (170250.6.0)
07/07/26 18:01:05 Event: ULOG_SUBMIT for HTCondor Node COLLECT (170250.6.0) {07/06/26 18:12:32} [recovery mode]
07/07/26 18:01:05 Number of idle job procs: 37
07/07/26 18:01:05 Reassigning the id of job COLLECT from (170250.6.0) to (170250.7.0)
07/07/26 18:01:05 Event: ULOG_SUBMIT for HTCondor Node COLLECT (170250.7.0) {07/06/26 18:12:32} [recovery mode]
07/07/26 18:01:05 Number of idle job procs: 38
07/07/26 18:01:05 Reassigning the id of job COLLECT from (170250.7.0) to (170250.8.0)
07/07/26 18:01:05 Event: ULOG_SUBMIT for HTCondor Node COLLECT (170250.8.0) {07/06/26 18:12:32} [recovery mode]
07/07/26 18:01:05 Number of idle job procs: 39
07/07/26 18:01:05 Reassigning the id of job COLLECT from (170250.8.0) to (170250.9.0)
07/07/26 18:01:05 Event: ULOG_SUBMIT for HTCondor Node COLLECT (170250.9.0) {07/06/26 18:12:32} [recovery mode]
07/07/26 18:01:05 Number of idle job procs: 40
07/07/26 18:01:05 Event: ULOG_EXECUTE for HTCondor Node COLLECT (170250.3.0) {07/06/26 19:51:10} [recovery mode]
07/07/26 18:01:05 Number of idle job procs: 39
07/07/26 18:01:05 Event: ULOG_EXECUTE for HTCondor Node COLLECT (170250.0.0) {07/06/26 19:51:10} [recovery mode]
07/07/26 18:01:05 Number of idle job procs: 38
07/07/26 18:01:05 Event: ULOG_EXECUTE for HTCondor Node COLLECT (170250.2.0) {07/06/26 19:51:10} [recovery mode]
07/07/26 18:01:05 Number of idle job procs: 37
07/07/26 18:01:05 Event: ULOG_EXECUTE for HTCondor Node COLLECT (170250.1.0) {07/06/26 19:51:10} [recovery mode]
07/07/26 18:01:05 Number of idle job procs: 36
07/07/26 18:01:05 Event: ULOG_EXECUTE for HTCondor Node COLLECT (170250.4.0) {07/06/26 19:53:29} [recovery mode]
07/07/26 18:01:05 Number of idle job procs: 35
07/07/26 18:01:05 Event: ULOG_EXECUTE for HTCondor Node COLLECT (170250.5.0) {07/06/26 19:54:29} [recovery mode]
07/07/26 18:01:05 Number of idle job procs: 34
07/07/26 18:01:05 Event: ULOG_EXECUTE for HTCondor Node COLLECT (170250.8.0) {07/06/26 19:54:55} [recovery mode]
07/07/26 18:01:05 Number of idle job procs: 33
07/07/26 18:01:05 Event: ULOG_EXECUTE for HTCondor Node COLLECT (170250.7.0) {07/06/26 19:54:55} [recovery mode]
07/07/26 18:01:05 Number of idle job procs: 32
07/07/26 18:01:05 Event: ULOG_EXECUTE for HTCondor Node COLLECT (170250.6.0) {07/06/26 19:54:55} [recovery mode]
07/07/26 18:01:05 Number of idle job procs: 31
07/07/26 18:01:05 Event: ULOG_EXECUTE for HTCondor Node COLLECT (170250.9.0) {07/06/26 19:55:55} [recovery mode]
07/07/26 18:01:05 Number of idle job procs: 30
07/07/26 18:01:05 Event: ULOG_EXECUTE for HTCondor Node COLLECT (170250.10.0) {07/06/26 19:55:55} [recovery mode]
07/07/26 18:01:05 Number of idle job procs: 29
07/07/26 18:01:05 Event: ULOG_EXECUTE for HTCondor Node COLLECT (170250.11.0) {07/06/26 19:56:46} [recovery mode]
07/07/26 18:01:05 Number of idle job procs: 28
07/07/26 18:01:05 Event: ULOG_EXECUTE for HTCondor Node COLLECT (170250.12.0) {07/06/26 19:58:16} [recovery mode]
07/07/26 18:01:05 Number of idle job procs: 27
07/07/26 18:01:05 Event: ULOG_EXECUTE for HTCondor Node COLLECT (170250.13.0) {07/06/26 19:58:36} [recovery mode]
07/07/26 18:01:05 Number of idle job procs: 26
07/07/26 18:01:05 Event: ULOG_EXECUTE for HTCondor Node COLLECT (170250.14.0) {07/06/26 19:58:36} [recovery mode]
07/07/26 18:01:05 Number of idle job procs: 25
07/07/26 18:01:05 Event: ULOG_EXECUTE for HTCondor Node COLLECT (170250.15.0) {07/06/26 19:59:13} [recovery mode]
07/07/26 18:01:05 Number of idle job procs: 24
07/07/26 18:01:05 Event: ULOG_EXECUTE for HTCondor Node COLLECT (170250.16.0) {07/06/26 20:01:56} [recovery mode]
07/07/26 18:01:05 Number of idle job procs: 23
07/07/26 18:01:05 Event: ULOG_EXECUTE for HTCondor Node COLLECT (170250.17.0) {07/06/26 20:04:42} [recovery mode]
07/07/26 18:01:05 Number of idle job procs: 22
07/07/26 18:01:05 Event: ULOG_EXECUTE for HTCondor Node COLLECT (170250.18.0) {07/06/26 20:13:52} [recovery mode]
07/07/26 18:01:05 Number of idle job procs: 21
07/07/26 18:01:05 Event: ULOG_EXECUTE for HTCondor Node COLLECT (170250.19.0) {07/06/26 20:13:52} [recovery mode]
07/07/26 18:01:05 Number of idle job procs: 20
07/07/26 18:01:05 Event: ULOG_EXECUTE for HTCondor Node COLLECT (170250.20.0) {07/06/26 20:20:12} [recovery mode]
07/07/26 18:01:05 Number of idle job procs: 19
07/07/26 18:01:05 Event: ULOG_EXECUTE for HTCondor Node COLLECT (170250.21.0) {07/06/26 20:40:06} [recovery mode]
07/07/26 18:01:05 Number of idle job procs: 18
07/07/26 18:01:05 Event: ULOG_EXECUTE for HTCondor Node COLLECT (170250.22.0) {07/06/26 20:41:06} [recovery mode]
07/07/26 18:01:05 Number of idle job procs: 17
07/07/26 18:01:05 Event: ULOG_EXECUTE for HTCondor Node COLLECT (170250.23.0) {07/06/26 20:53:54} [recovery mode]
07/07/26 18:01:05 Number of idle job procs: 16
07/07/26 18:01:05 Event: ULOG_JOB_TERMINATED for HTCondor Node COLLECT (170250.4.0) {07/06/26 20:56:28} [recovery mode]
07/07/26 18:01:05 Number of idle job procs: 16
07/07/26 18:01:05 Node COLLECT job proc (170250.4.0) completed successfully.
07/07/26 18:01:05 Event: ULOG_EXECUTE for HTCondor Node COLLECT (170250.24.0) {07/06/26 20:57:00} [recovery mode]
07/07/26 18:01:05 Number of idle job procs: 15
07/07/26 18:01:05 Event: ULOG_JOB_TERMINATED for HTCondor Node COLLECT (170250.11.0) {07/06/26 20:57:27} [recovery mode]
07/07/26 18:01:05 Number of idle job procs: 15
07/07/26 18:01:05 Node COLLECT job proc (170250.11.0) completed successfully.
07/07/26 18:01:05 Event: ULOG_EXECUTE for HTCondor Node COLLECT (170250.25.0) {07/06/26 20:57:35} [recovery mode]
07/07/26 18:01:05 Number of idle job procs: 14
07/07/26 18:01:05 Event: ULOG_JOB_TERMINATED for HTCondor Node COLLECT (170250.5.0) {07/06/26 21:02:09} [recovery mode]
07/07/26 18:01:05 Number of idle job procs: 14
07/07/26 18:01:05 Node COLLECT job proc (170250.5.0) completed successfully.
07/07/26 18:01:05 Event: ULOG_JOB_TERMINATED for HTCondor Node COLLECT (170250.6.0) {07/06/26 21:03:31} [recovery mode]
07/07/26 18:01:05 Number of idle job procs: 14
07/07/26 18:01:05 Node COLLECT job proc (170250.6.0) completed successfully.
07/07/26 18:01:05 Event: ULOG_JOB_TERMINATED for HTCondor Node COLLECT (170250.9.0) {07/06/26 21:03:45} [recovery mode]
07/07/26 18:01:05 Number of idle job procs: 14
07/07/26 18:01:05 Node COLLECT job proc (170250.9.0) completed successfully.
07/07/26 18:01:05 Event: ULOG_JOB_TERMINATED for HTCondor Node COLLECT (170250.10.0) {07/06/26 21:04:20} [recovery mode]
07/07/26 18:01:05 Number of idle job procs: 14
07/07/26 18:01:05 Node COLLECT job proc (170250.10.0) completed successfully.
07/07/26 18:01:05 Event: ULOG_EXECUTE for HTCondor Node COLLECT (170250.28.0) {07/06/26 21:04:25} [recovery mode]
07/07/26 18:01:05 Number of idle job procs: 13
07/07/26 18:01:05 Event: ULOG_EXECUTE for HTCondor Node COLLECT (170250.26.0) {07/06/26 21:04:25} [recovery mode]
07/07/26 18:01:05 Number of idle job procs: 12
07/07/26 18:01:05 Event: ULOG_EXECUTE for HTCondor Node COLLECT (170250.27.0) {07/06/26 21:04:25} [recovery mode]
07/07/26 18:01:05 Number of idle job procs: 11
07/07/26 18:01:05 Event: ULOG_JOB_TERMINATED for HTCondor Node COLLECT (170250.12.0) {07/06/26 21:05:03} [recovery mode]
07/07/26 18:01:05 Number of idle job procs: 11
07/07/26 18:01:05 Node COLLECT job proc (170250.12.0) completed successfully.
07/07/26 18:01:05 Event: ULOG_EXECUTE for HTCondor Node COLLECT (170250.30.0) {07/06/26 21:05:25} [recovery mode]
07/07/26 18:01:05 Number of idle job procs: 10
07/07/26 18:01:05 Event: ULOG_EXECUTE for HTCondor Node COLLECT (170250.29.0) {07/06/26 21:05:25} [recovery mode]
07/07/26 18:01:05 Number of idle job procs: 9
07/07/26 18:01:05 Event: ULOG_JOB_TERMINATED for HTCondor Node COLLECT (170250.14.0) {07/06/26 21:05:28} [recovery mode]
07/07/26 18:01:05 Number of idle job procs: 9
07/07/26 18:01:05 Node COLLECT job proc (170250.14.0) completed successfully.
07/07/26 18:01:05 Event: ULOG_JOB_TERMINATED for HTCondor Node COLLECT (170250.13.0) {07/06/26 21:06:12} [recovery mode]
07/07/26 18:01:05 Number of idle job procs: 9
07/07/26 18:01:05 Node COLLECT job proc (170250.13.0) completed successfully.
07/07/26 18:01:05 Event: ULOG_EXECUTE for HTCondor Node COLLECT (170250.31.0) {07/06/26 21:06:26} [recovery mode]
07/07/26 18:01:05 Number of idle job procs: 8
07/07/26 18:01:05 Event: ULOG_EXECUTE for HTCondor Node COLLECT (170250.32.0) {07/06/26 21:06:26} [recovery mode]
07/07/26 18:01:05 Number of idle job procs: 7
07/07/26 18:01:05 Event: ULOG_JOB_TERMINATED for HTCondor Node COLLECT (170250.15.0) {07/06/26 21:06:26} [recovery mode]
07/07/26 18:01:05 Number of idle job procs: 7
07/07/26 18:01:05 Node COLLECT job proc (170250.15.0) completed successfully.
07/07/26 18:01:05 Event: ULOG_EXECUTE for HTCondor Node COLLECT (170250.34.0) {07/06/26 21:07:26} [recovery mode]
07/07/26 18:01:05 Number of idle job procs: 6
07/07/26 18:01:05 Event: ULOG_EXECUTE for HTCondor Node COLLECT (170250.35.0) {07/06/26 21:07:26} [recovery mode]
07/07/26 18:01:05 Number of idle job procs: 5
07/07/26 18:01:05 Event: ULOG_EXECUTE for HTCondor Node COLLECT (170250.33.0) {07/06/26 21:07:26} [recovery mode]
07/07/26 18:01:05 Number of idle job procs: 4
07/07/26 18:01:05 Event: ULOG_JOB_TERMINATED for HTCondor Node COLLECT (170250.17.0) {07/06/26 21:10:47} [recovery mode]
07/07/26 18:01:05 Number of idle job procs: 4
07/07/26 18:01:05 Node COLLECT job proc (170250.17.0) completed successfully.
07/07/26 18:01:05 Event: ULOG_JOB_TERMINATED for HTCondor Node COLLECT (170250.8.0) {07/06/26 21:13:01} [recovery mode]
07/07/26 18:01:05 Number of idle job procs: 4
07/07/26 18:01:05 Node COLLECT job proc (170250.8.0) completed successfully.
07/07/26 18:01:05 Event: ULOG_JOB_TERMINATED for HTCondor Node COLLECT (170250.16.0) {07/06/26 21:15:14} [recovery mode]
07/07/26 18:01:05 Number of idle job procs: 4
07/07/26 18:01:05 Node COLLECT job proc (170250.16.0) completed successfully.
07/07/26 18:01:05 Event: ULOG_EXECUTE for HTCondor Node COLLECT (170250.36.0) {07/06/26 21:18:22} [recovery mode]
07/07/26 18:01:05 Number of idle job procs: 3
07/07/26 18:01:05 Event: ULOG_JOB_TERMINATED for HTCondor Node COLLECT (170250.19.0) {07/06/26 21:19:33} [recovery mode]
07/07/26 18:01:05 Number of idle job procs: 3
07/07/26 18:01:05 Node COLLECT job proc (170250.19.0) completed successfully.
07/07/26 18:01:05 Event: ULOG_JOB_TERMINATED for HTCondor Node COLLECT (170250.3.0) {07/06/26 21:19:34} [recovery mode]
07/07/26 18:01:05 Number of idle job procs: 3
07/07/26 18:01:05 Node COLLECT job proc (170250.3.0) completed successfully.
07/07/26 18:01:05 Event: ULOG_EXECUTE for HTCondor Node COLLECT (170250.37.0) {07/06/26 21:20:23} [recovery mode]
07/07/26 18:01:05 Number of idle job procs: 2
07/07/26 18:01:05 Event: ULOG_EXECUTE for HTCondor Node COLLECT (170250.38.0) {07/06/26 21:20:23} [recovery mode]
07/07/26 18:01:05 Number of idle job procs: 1
07/07/26 18:01:05 Event: ULOG_JOB_TERMINATED for HTCondor Node COLLECT (170250.18.0) {07/06/26 21:20:31} [recovery mode]
07/07/26 18:01:05 Number of idle job procs: 1
07/07/26 18:01:05 Node COLLECT job proc (170250.18.0) completed successfully.
07/07/26 18:01:05 Event: ULOG_EXECUTE for HTCondor Node COLLECT (170250.39.0) {07/06/26 21:21:42} [recovery mode]
07/07/26 18:01:05 Number of idle job procs: 0
07/07/26 18:01:05 Event: ULOG_JOB_TERMINATED for HTCondor Node COLLECT (170250.2.0) {07/06/26 21:28:21} [recovery mode]
07/07/26 18:01:05 Number of idle job procs: 0
07/07/26 18:01:05 Node COLLECT job proc (170250.2.0) completed successfully.
07/07/26 18:01:05 Event: ULOG_JOB_TERMINATED for HTCondor Node COLLECT (170250.7.0) {07/06/26 21:41:08} [recovery mode]
07/07/26 18:01:05 Number of idle job procs: 0
07/07/26 18:01:05 Node COLLECT job proc (170250.7.0) completed successfully.
07/07/26 18:01:05 Event: ULOG_JOB_TERMINATED for HTCondor Node COLLECT (170250.21.0) {07/06/26 21:42:12} [recovery mode]
07/07/26 18:01:05 Number of idle job procs: 0
07/07/26 18:01:05 Node COLLECT job proc (170250.21.0) completed successfully.
07/07/26 18:01:05 Event: ULOG_JOB_TERMINATED for HTCondor Node COLLECT (170250.0.0) {07/06/26 21:43:42} [recovery mode]
07/07/26 18:01:05 Number of idle job procs: 0
07/07/26 18:01:05 Node COLLECT job proc (170250.0.0) completed successfully.
07/07/26 18:01:05 Event: ULOG_JOB_TERMINATED for HTCondor Node COLLECT (170250.1.0) {07/06/26 21:45:43} [recovery mode]
07/07/26 18:01:05 Number of idle job procs: 0
07/07/26 18:01:05 Node COLLECT job proc (170250.1.0) completed successfully.
07/07/26 18:01:05 Event: ULOG_JOB_TERMINATED for HTCondor Node COLLECT (170250.20.0) {07/06/26 21:47:58} [recovery mode]
07/07/26 18:01:05 Number of idle job procs: 0
07/07/26 18:01:05 Node COLLECT job proc (170250.20.0) completed successfully.
07/07/26 18:01:05 Event: ULOG_JOB_TERMINATED for HTCondor Node COLLECT (170250.22.0) {07/06/26 21:57:12} [recovery mode]
07/07/26 18:01:05 Number of idle job procs: 0
07/07/26 18:01:05 Node COLLECT job proc (170250.22.0) completed successfully.
07/07/26 18:01:05 Event: ULOG_JOB_TERMINATED for HTCondor Node COLLECT (170250.24.0) {07/06/26 21:59:25} [recovery mode]
07/07/26 18:01:05 Number of idle job procs: 0
07/07/26 18:01:05 Node COLLECT job proc (170250.24.0) completed successfully.
07/07/26 18:01:05 Event: ULOG_JOB_TERMINATED for HTCondor Node COLLECT (170250.25.0) {07/06/26 21:59:55} [recovery mode]
07/07/26 18:01:05 Number of idle job procs: 0
07/07/26 18:01:05 Node COLLECT job proc (170250.25.0) completed successfully.
07/07/26 18:01:05 Event: ULOG_JOB_TERMINATED for HTCondor Node COLLECT (170250.23.0) {07/06/26 22:03:53} [recovery mode]
07/07/26 18:01:05 Number of idle job procs: 0
07/07/26 18:01:05 Node COLLECT job proc (170250.23.0) completed successfully.
07/07/26 18:01:05 Event: ULOG_JOB_TERMINATED for HTCondor Node COLLECT (170250.27.0) {07/06/26 22:10:50} [recovery mode]
07/07/26 18:01:05 Number of idle job procs: 0
07/07/26 18:01:05 Node COLLECT job proc (170250.27.0) completed successfully.
07/07/26 18:01:05 Event: ULOG_JOB_TERMINATED for HTCondor Node COLLECT (170250.26.0) {07/06/26 22:11:15} [recovery mode]
07/07/26 18:01:05 Number of idle job procs: 0
07/07/26 18:01:05 Node COLLECT job proc (170250.26.0) completed successfully.
07/07/26 18:01:05 Event: ULOG_JOB_TERMINATED for HTCondor Node COLLECT (170250.29.0) {07/06/26 22:11:49} [recovery mode]
07/07/26 18:01:05 Number of idle job procs: 0
07/07/26 18:01:05 Node COLLECT job proc (170250.29.0) completed successfully.
07/07/26 18:01:05 Event: ULOG_JOB_TERMINATED for HTCondor Node COLLECT (170250.31.0) {07/06/26 22:13:30} [recovery mode]
07/07/26 18:01:05 Number of idle job procs: 0
07/07/26 18:01:05 Node COLLECT job proc (170250.31.0) completed successfully.
07/07/26 18:01:05 Event: ULOG_JOB_TERMINATED for HTCondor Node COLLECT (170250.30.0) {07/06/26 22:13:36} [recovery mode]
07/07/26 18:01:05 Number of idle job procs: 0
07/07/26 18:01:05 Node COLLECT job proc (170250.30.0) completed successfully.
07/07/26 18:01:05 Event: ULOG_JOB_TERMINATED for HTCondor Node COLLECT (170250.32.0) {07/06/26 22:14:00} [recovery mode]
07/07/26 18:01:05 Number of idle job procs: 0
07/07/26 18:01:05 Node COLLECT job proc (170250.32.0) completed successfully.
07/07/26 18:01:05 Event: ULOG_JOB_TERMINATED for HTCondor Node COLLECT (170250.33.0) {07/06/26 22:15:24} [recovery mode]
07/07/26 18:01:05 Number of idle job procs: 0
07/07/26 18:01:05 Node COLLECT job proc (170250.33.0) completed successfully.
07/07/26 18:01:05 Event: ULOG_JOB_TERMINATED for HTCondor Node COLLECT (170250.35.0) {07/06/26 22:23:49} [recovery mode]
07/07/26 18:01:05 Number of idle job procs: 0
07/07/26 18:01:05 Node COLLECT job proc (170250.35.0) completed successfully.
07/07/26 18:01:05 Event: ULOG_JOB_TERMINATED for HTCondor Node COLLECT (170250.28.0) {07/06/26 22:24:24} [recovery mode]
07/07/26 18:01:05 Number of idle job procs: 0
07/07/26 18:01:05 Node COLLECT job proc (170250.28.0) completed successfully.
07/07/26 18:01:05 Event: ULOG_JOB_TERMINATED for HTCondor Node COLLECT (170250.36.0) {07/06/26 22:26:34} [recovery mode]
07/07/26 18:01:06 Number of idle job procs: 0
07/07/26 18:01:06 Node COLLECT job proc (170250.36.0) completed successfully.
07/07/26 18:01:06 Event: ULOG_JOB_TERMINATED for HTCondor Node COLLECT (170250.37.0) {07/06/26 22:27:03} [recovery mode]
07/07/26 18:01:06 Number of idle job procs: 0
07/07/26 18:01:06 Node COLLECT job proc (170250.37.0) completed successfully.
07/07/26 18:01:06 Event: ULOG_JOB_TERMINATED for HTCondor Node COLLECT (170250.39.0) {07/06/26 22:29:26} [recovery mode]
07/07/26 18:01:06 Number of idle job procs: 0
07/07/26 18:01:06 Node COLLECT job proc (170250.39.0) completed successfully.
07/07/26 18:01:06 Event: ULOG_JOB_TERMINATED for HTCondor Node COLLECT (170250.34.0) {07/06/26 22:29:45} [recovery mode]
07/07/26 18:01:06 Number of idle job procs: 0
07/07/26 18:01:06 Node COLLECT job proc (170250.34.0) completed successfully.
07/07/26 18:01:06 Event: ULOG_JOB_TERMINATED for HTCondor Node COLLECT (170250.38.0) {07/06/26 22:37:38} [recovery mode]
07/07/26 18:01:06 Number of idle job procs: 0
07/07/26 18:01:06 Node COLLECT job proc (170250.38.0) completed successfully.
07/07/26 18:01:06 Node COLLECT job(s) have exited the queue
07/07/26 18:01:06 Event: ULOG_SUBMIT for HTCondor Node MERGE_COLLECTION (170289.0.0) {07/06/26 22:38:12} [recovery mode]
07/07/26 18:01:06 Number of idle job procs: 1
07/07/26 18:01:06     ------------------------------
07/07/26 18:01:06        HTCondor Recovery Complete
07/07/26 18:01:06     ------------------------------
07/07/26 18:01:06 ...done with RECOVERY mode <<<<<<<<<<<<<<<<<<<<<<<<<<<<<<
07/07/26 18:01:06 1 nodes claim to have jobs submitted to queue. Verifying...
07/07/26 18:01:06 Querying local schedd for associated jobs in queue
07/07/26 18:01:06 All pending job states validated
07/07/26 18:01:06 DAG status: 0 (DAG_STATUS_OK)
07/07/26 18:01:06 Of 5 nodes total:
07/07/26 18:01:06  Done     Pre   Queued    Post   Ready   Un-Ready   Failed   Futile
07/07/26 18:01:06   ===     ===      ===     ===     ===        ===      ===      ===
07/07/26 18:01:06     1       0        1       0       0          3        0        0
07/07/26 18:01:06 0 job proc(s) currently held
07/07/26 18:01:06 DAGMan Runtime Statistics: [EventCycleTimeSum=0.000; SleepCycleTimeSum=0.000; SubmitCycleTimeSum=0.000; EventCycleTimeCount=0.000; SleepCycleTimeCount=0.000; SubmitCycleTimeCount=0.000; LogProcessCycleTimeSum=0.000; LogProcessCycleTimeCount=0.000; ]
07/07/26 18:01:06 DAG status: 0 (DAG_STATUS_OK)
07/07/26 18:01:06 Of 5 nodes total:
07/07/26 18:01:06  Done     Pre   Queued    Post   Ready   Un-Ready   Failed   Futile
07/07/26 18:01:06   ===     ===      ===     ===     ===        ===      ===      ===
07/07/26 18:01:06     1       0        1       0       0          3        0        0
07/07/26 18:01:06 0 job proc(s) currently held
07/07/26 18:01:06 DAGMan Runtime Statistics: [EventCycleTimeSum=0.000; SleepCycleTimeSum=0.000; SubmitCycleTimeSum=0.000; EventCycleTimeCount=0.000; SleepCycleTimeCount=0.000; SubmitCycleTimeCount=0.000; LogProcessCycleTimeSum=0.000; LogProcessCycleTimeCount=0.000; ]
07/07/26 18:01:06 Registering condor_event_timer...
07/07/26 18:01:07 Currently monitoring 1 HTCondor log file(s)
07/07/26 18:01:07 DAG status: 0 (DAG_STATUS_OK)
07/07/26 18:01:07 Of 5 nodes total:
07/07/26 18:01:07  Done     Pre   Queued    Post   Ready   Un-Ready   Failed   Futile
07/07/26 18:01:07   ===     ===      ===     ===     ===        ===      ===      ===
07/07/26 18:01:07     1       0        1       0       0          3        0        0
07/07/26 18:01:07 0 job proc(s) currently held
07/07/26 18:01:07 DAGMan Runtime Statistics: [EventCycleTimeSum=0.000; SleepCycleTimeSum=0.000; SubmitCycleTimeAvg=0.000; SubmitCycleTimeMax=0.000; SubmitCycleTimeMin=0.000; SubmitCycleTimeStd=0.000; SubmitCycleTimeSum=0.000; EventCycleTimeCount=0.000; SleepCycleTimeCount=0.000; SubmitCycleTimeCount=1.000; LogProcessCycleTimeAvg=0.001; LogProcessCycleTimeMax=0.001; LogProcessCycleTimeMin=0.001; LogProcessCycleTimeStd=0.001; LogProcessCycleTimeSum=0.001; LogProcessCycleTimeCount=1.000; ]
07/07/26 18:11:07 600 seconds since last log event
07/07/26 18:11:07 Pending DAG nodes:
07/07/26 18:11:07   Node MERGE_COLLECTION, HTCondor ID 170289, status STATUS_SUBMITTED
07/07/26 18:16:07 Total jobs placed to AP: 41
07/07/26 18:16:07      Idle     Held     Running     Successful     Failed
07/07/26 18:16:07       ===      ===         ===            ===        ===
07/07/26 18:16:07         1        0           0             40          0
07/07/26 18:21:08 1201 seconds since last log event
07/07/26 18:21:08 Pending DAG nodes:
07/07/26 18:21:08   Node MERGE_COLLECTION, HTCondor ID 170289, status STATUS_SUBMITTED
07/07/26 18:31:08 1801 seconds since last log event
07/07/26 18:31:08 Pending DAG nodes:
07/07/26 18:31:08   Node MERGE_COLLECTION, HTCondor ID 170289, status STATUS_SUBMITTED
07/07/26 18:31:08 Total jobs placed to AP: 41
07/07/26 18:31:08      Idle     Held     Running     Successful     Failed
07/07/26 18:31:08       ===      ===         ===            ===        ===
07/07/26 18:31:08         1        0           0             40          0
07/07/26 18:41:09 2402 seconds since last log event
07/07/26 18:41:09 Pending DAG nodes:
07/07/26 18:41:09   Node MERGE_COLLECTION, HTCondor ID 170289, status STATUS_SUBMITTED
07/07/26 18:46:09 Total jobs placed to AP: 41
07/07/26 18:46:09      Idle     Held     Running     Successful     Failed
07/07/26 18:46:09       ===      ===         ===            ===        ===
07/07/26 18:46:09         1        0           0             40          0
07/07/26 18:51:10 3003 seconds since last log event
07/07/26 18:51:10 Pending DAG nodes:
07/07/26 18:51:10   Node MERGE_COLLECTION, HTCondor ID 170289, status STATUS_SUBMITTED
07/07/26 18:58:35 Currently monitoring 1 HTCondor log file(s)
07/07/26 18:58:35 Event: ULOG_EXECUTE for HTCondor Node MERGE_COLLECTION (170289.0.0) {07/07/26 18:58:35}
07/07/26 18:58:35 Number of idle job procs: 0
07/07/26 19:01:10 Total jobs placed to AP: 41
07/07/26 19:01:10      Idle     Held     Running     Successful     Failed
07/07/26 19:01:10       ===      ===         ===            ===        ===
07/07/26 19:01:10         0        0           1             40          0
07/07/26 19:08:36 601 seconds since last log event
07/07/26 19:08:36 Pending DAG nodes:
07/07/26 19:08:36   Node MERGE_COLLECTION, HTCondor ID 170289, status STATUS_SUBMITTED
07/07/26 19:16:11 Total jobs placed to AP: 41
07/07/26 19:16:11      Idle     Held     Running     Successful     Failed
07/07/26 19:16:11       ===      ===         ===            ===        ===
07/07/26 19:16:11         0        0           1             40          0
07/07/26 19:18:36 1201 seconds since last log event
07/07/26 19:18:36 Pending DAG nodes:
07/07/26 19:18:36   Node MERGE_COLLECTION, HTCondor ID 170289, status STATUS_SUBMITTED
07/07/26 19:19:16 Currently monitoring 1 HTCondor log file(s)
07/07/26 19:19:16 Event: ULOG_JOB_TERMINATED for HTCondor Node MERGE_COLLECTION (170289.0.0) {07/07/26 19:19:12}
07/07/26 19:19:16 Number of idle job procs: 0
07/07/26 19:19:16 Node MERGE_COLLECTION job proc (170289.0.0) completed successfully.
07/07/26 19:19:16 Node MERGE_COLLECTION job(s) have exited the queue
07/07/26 19:19:16 DAG status: 0 (DAG_STATUS_OK)
07/07/26 19:19:16 Of 5 nodes total:
07/07/26 19:19:16  Done     Pre   Queued    Post   Ready   Un-Ready   Failed   Futile
07/07/26 19:19:16   ===     ===      ===     ===     ===        ===      ===      ===
07/07/26 19:19:16     2       0        0       0       1          2        0        0
07/07/26 19:19:16 0 job proc(s) currently held
07/07/26 19:19:16 DAGMan Runtime Statistics: [EventCycleTimeAvg=0.000; EventCycleTimeMax=0.032; EventCycleTimeMin=0.000; EventCycleTimeStd=0.002; EventCycleTimeSum=0.304; SleepCycleTimeAvg=5.005; SleepCycleTimeMax=5.032; SleepCycleTimeMin=5.000; SleepCycleTimeStd=0.003; SleepCycleTimeSum=4689.310; SubmitCycleTimeAvg=0.000; SubmitCycleTimeMax=0.000; SubmitCycleTimeMin=0.000; SubmitCycleTimeStd=0.000; SubmitCycleTimeSum=0.001; EventCycleTimeCount=937.000; SleepCycleTimeCount=937.000; SubmitCycleTimeCount=938.000; LogProcessCycleTimeAvg=0.002; LogProcessCycleTimeMax=0.004; LogProcessCycleTimeMin=0.001; LogProcessCycleTimeStd=0.001; LogProcessCycleTimeSum=0.007; LogProcessCycleTimeCount=3.000; ]
07/07/26 19:19:21 Submitting HTCondor Node TRAIN job(s)...
07/07/26 19:19:21 Submitting node TRAIN from file transport_linetrack_50_25_action_shield_train.sub using direct job submission
07/07/26 19:19:21 	assigned HTCondor ID (170447.0.0)
07/07/26 19:19:21 Just submitted 1 job this cycle...
07/07/26 19:19:21 DAG status: 0 (DAG_STATUS_OK)
07/07/26 19:19:21 Of 5 nodes total:
07/07/26 19:19:21  Done     Pre   Queued    Post   Ready   Un-Ready   Failed   Futile
07/07/26 19:19:21   ===     ===      ===     ===     ===        ===      ===      ===
07/07/26 19:19:21     2       0        1       0       0          2        0        0
07/07/26 19:19:21 0 job proc(s) currently held
07/07/26 19:19:21 DAGMan Runtime Statistics: [EventCycleTimeAvg=0.000; EventCycleTimeMax=0.032; EventCycleTimeMin=0.000; EventCycleTimeStd=0.002; EventCycleTimeSum=0.312; SleepCycleTimeAvg=5.005; SleepCycleTimeMax=5.032; SleepCycleTimeMin=5.000; SleepCycleTimeStd=0.003; SleepCycleTimeSum=4694.314; SubmitCycleTimeAvg=0.000; SubmitCycleTimeMax=0.019; SubmitCycleTimeMin=0.000; SubmitCycleTimeStd=0.001; SubmitCycleTimeSum=0.019; EventCycleTimeCount=938.000; SleepCycleTimeCount=938.000; SubmitCycleTimeCount=939.000; LogProcessCycleTimeAvg=0.002; LogProcessCycleTimeMax=0.004; LogProcessCycleTimeMin=0.001; LogProcessCycleTimeStd=0.001; LogProcessCycleTimeSum=0.007; LogProcessCycleTimeCount=3.000; ]
07/07/26 19:19:26 Currently monitoring 1 HTCondor log file(s)
07/07/26 19:19:26 Reassigning the id of job TRAIN from (170447.0.0) to (170447.0.0)
07/07/26 19:19:26 Event: ULOG_SUBMIT for HTCondor Node TRAIN (170447.0.0) {07/07/26 19:19:21}
07/07/26 19:19:26 Number of idle job procs: 1
07/07/26 19:26:17 Currently monitoring 1 HTCondor log file(s)
07/07/26 19:26:17 Event: ULOG_EXECUTE for HTCondor Node TRAIN (170447.0.0) {07/07/26 19:26:12}
07/07/26 19:26:17 Number of idle job procs: 0
07/07/26 19:31:12 Total jobs placed to AP: 42
07/07/26 19:31:12      Idle     Held     Running     Successful     Failed
07/07/26 19:31:12       ===      ===         ===            ===        ===
07/07/26 19:31:12         0        0           1             41          0
07/07/26 19:36:17 600 seconds since last log event
07/07/26 19:36:17 Pending DAG nodes:
07/07/26 19:36:17   Node TRAIN, HTCondor ID 170447, status STATUS_SUBMITTED
07/07/26 19:46:13 Total jobs placed to AP: 42
07/07/26 19:46:13      Idle     Held     Running     Successful     Failed
07/07/26 19:46:13       ===      ===         ===            ===        ===
07/07/26 19:46:13         0        0           1             41          0
07/07/26 19:46:18 1201 seconds since last log event
07/07/26 19:46:18 Pending DAG nodes:
07/07/26 19:46:18   Node TRAIN, HTCondor ID 170447, status STATUS_SUBMITTED
07/07/26 19:56:18 1801 seconds since last log event
07/07/26 19:56:18 Pending DAG nodes:
07/07/26 19:56:18   Node TRAIN, HTCondor ID 170447, status STATUS_SUBMITTED
07/07/26 20:01:14 Total jobs placed to AP: 42
07/07/26 20:01:14      Idle     Held     Running     Successful     Failed
07/07/26 20:01:14       ===      ===         ===            ===        ===
07/07/26 20:01:14         0        0           1             41          0
07/07/26 20:06:19 2402 seconds since last log event
07/07/26 20:06:19 Pending DAG nodes:
07/07/26 20:06:19   Node TRAIN, HTCondor ID 170447, status STATUS_SUBMITTED
07/07/26 20:16:14 Total jobs placed to AP: 42
07/07/26 20:16:14      Idle     Held     Running     Successful     Failed
07/07/26 20:16:14       ===      ===         ===            ===        ===
07/07/26 20:16:14         0        0           1             41          0
07/07/26 20:16:19 3002 seconds since last log event
07/07/26 20:16:19 Pending DAG nodes:
07/07/26 20:16:19   Node TRAIN, HTCondor ID 170447, status STATUS_SUBMITTED
07/07/26 20:26:20 3603 seconds since last log event
07/07/26 20:26:20 Pending DAG nodes:
07/07/26 20:26:20   Node TRAIN, HTCondor ID 170447, status STATUS_SUBMITTED
07/07/26 20:31:15 Total jobs placed to AP: 42
07/07/26 20:31:15      Idle     Held     Running     Successful     Failed
07/07/26 20:31:15       ===      ===         ===            ===        ===
07/07/26 20:31:15         0        0           1             41          0
07/07/26 20:36:21 4204 seconds since last log event
07/07/26 20:36:21 Pending DAG nodes:
07/07/26 20:36:21   Node TRAIN, HTCondor ID 170447, status STATUS_SUBMITTED
07/07/26 20:46:16 Total jobs placed to AP: 42
07/07/26 20:46:16      Idle     Held     Running     Successful     Failed
07/07/26 20:46:16       ===      ===         ===            ===        ===
07/07/26 20:46:16         0        0           1             41          0
07/07/26 20:46:21 4804 seconds since last log event
07/07/26 20:46:21 Pending DAG nodes:
07/07/26 20:46:21   Node TRAIN, HTCondor ID 170447, status STATUS_SUBMITTED
07/07/26 20:52:36 Currently monitoring 1 HTCondor log file(s)
07/07/26 20:52:36 Event: ULOG_JOB_TERMINATED for HTCondor Node TRAIN (170447.0.0) {07/07/26 20:52:32}
07/07/26 20:52:36 Number of idle job procs: 0
07/07/26 20:52:36 Node TRAIN job proc (170447.0.0) completed successfully.
07/07/26 20:52:36 Node TRAIN job(s) have exited the queue
07/07/26 20:52:36 DAG status: 0 (DAG_STATUS_OK)
07/07/26 20:52:36 Of 5 nodes total:
07/07/26 20:52:36  Done     Pre   Queued    Post   Ready   Un-Ready   Failed   Futile
07/07/26 20:52:36   ===     ===      ===     ===     ===        ===      ===      ===
07/07/26 20:52:36     3       0        0       0       1          1        0        0
07/07/26 20:52:36 0 job proc(s) currently held
07/07/26 20:52:36 DAGMan Runtime Statistics: [EventCycleTimeAvg=0.000; EventCycleTimeMax=0.048; EventCycleTimeMin=0.000; EventCycleTimeStd=0.002; EventCycleTimeSum=0.698; SleepCycleTimeAvg=5.004; SleepCycleTimeMax=5.051; SleepCycleTimeMin=5.000; SleepCycleTimeStd=0.003; SleepCycleTimeSum=10289.131; SubmitCycleTimeAvg=0.000; SubmitCycleTimeMax=0.019; SubmitCycleTimeMin=0.000; SubmitCycleTimeStd=0.000; SubmitCycleTimeSum=0.020; EventCycleTimeCount=2056.000; SleepCycleTimeCount=2056.000; SubmitCycleTimeCount=2057.000; LogProcessCycleTimeAvg=0.003; LogProcessCycleTimeMax=0.004; LogProcessCycleTimeMin=0.001; LogProcessCycleTimeStd=0.001; LogProcessCycleTimeSum=0.016; LogProcessCycleTimeCount=6.000; ]
07/07/26 20:52:41 Submitting HTCondor Node EVALUATE job(s)...
07/07/26 20:52:41 Submitting node EVALUATE from file transport_linetrack_50_25_action_shield_evaluate.sub using direct job submission
07/07/26 20:52:42 	assigned HTCondor ID (170467.0.0)
07/07/26 20:52:42 Just submitted 1 job this cycle...
07/07/26 20:52:42 DAG status: 0 (DAG_STATUS_OK)
07/07/26 20:52:42 Of 5 nodes total:
07/07/26 20:52:42  Done     Pre   Queued    Post   Ready   Un-Ready   Failed   Futile
07/07/26 20:52:42   ===     ===      ===     ===     ===        ===      ===      ===
07/07/26 20:52:42     3       0        1       0       0          1        0        0
07/07/26 20:52:42 0 job proc(s) currently held
07/07/26 20:52:42 DAGMan Runtime Statistics: [EventCycleTimeAvg=0.000; EventCycleTimeMax=0.048; EventCycleTimeMin=0.000; EventCycleTimeStd=0.002; EventCycleTimeSum=0.706; SleepCycleTimeAvg=5.004; SleepCycleTimeMax=5.051; SleepCycleTimeMin=5.000; SleepCycleTimeStd=0.003; SleepCycleTimeSum=10294.137; SubmitCycleTimeAvg=0.000; SubmitCycleTimeMax=0.130; SubmitCycleTimeMin=0.000; SubmitCycleTimeStd=0.003; SubmitCycleTimeSum=0.150; EventCycleTimeCount=2057.000; SleepCycleTimeCount=2057.000; SubmitCycleTimeCount=2058.000; LogProcessCycleTimeAvg=0.003; LogProcessCycleTimeMax=0.004; LogProcessCycleTimeMin=0.001; LogProcessCycleTimeStd=0.001; LogProcessCycleTimeSum=0.016; LogProcessCycleTimeCount=6.000; ]
07/07/26 20:52:47 Currently monitoring 1 HTCondor log file(s)
07/07/26 20:52:47 Reassigning the id of job EVALUATE from (170467.0.0) to (170467.0.0)
07/07/26 20:52:47 Event: ULOG_SUBMIT for HTCondor Node EVALUATE (170467.0.0) {07/07/26 20:52:41}
07/07/26 20:52:47 Number of idle job procs: 1
07/07/26 20:52:47 Reassigning the id of job EVALUATE from (170467.0.0) to (170467.1.0)
07/07/26 20:52:47 Event: ULOG_SUBMIT for HTCondor Node EVALUATE (170467.1.0) {07/07/26 20:52:41}
07/07/26 20:52:47 Number of idle job procs: 2
07/07/26 20:52:47 Reassigning the id of job EVALUATE from (170467.1.0) to (170467.10.0)
07/07/26 20:52:47 Event: ULOG_SUBMIT for HTCondor Node EVALUATE (170467.10.0) {07/07/26 20:52:41}
07/07/26 20:52:47 Number of idle job procs: 3
07/07/26 20:52:47 Reassigning the id of job EVALUATE from (170467.10.0) to (170467.11.0)
07/07/26 20:52:47 Event: ULOG_SUBMIT for HTCondor Node EVALUATE (170467.11.0) {07/07/26 20:52:41}
07/07/26 20:52:47 Number of idle job procs: 4
07/07/26 20:52:47 Reassigning the id of job EVALUATE from (170467.11.0) to (170467.12.0)
07/07/26 20:52:47 Event: ULOG_SUBMIT for HTCondor Node EVALUATE (170467.12.0) {07/07/26 20:52:41}
07/07/26 20:52:47 Number of idle job procs: 5
07/07/26 20:52:47 Reassigning the id of job EVALUATE from (170467.12.0) to (170467.13.0)
07/07/26 20:52:47 Event: ULOG_SUBMIT for HTCondor Node EVALUATE (170467.13.0) {07/07/26 20:52:41}
07/07/26 20:52:47 Number of idle job procs: 6
07/07/26 20:52:47 Reassigning the id of job EVALUATE from (170467.13.0) to (170467.14.0)
07/07/26 20:52:47 Event: ULOG_SUBMIT for HTCondor Node EVALUATE (170467.14.0) {07/07/26 20:52:41}
07/07/26 20:52:47 Number of idle job procs: 7
07/07/26 20:52:47 Reassigning the id of job EVALUATE from (170467.14.0) to (170467.15.0)
07/07/26 20:52:47 Event: ULOG_SUBMIT for HTCondor Node EVALUATE (170467.15.0) {07/07/26 20:52:42}
07/07/26 20:52:47 Number of idle job procs: 8
07/07/26 20:52:47 Reassigning the id of job EVALUATE from (170467.15.0) to (170467.16.0)
07/07/26 20:52:47 Event: ULOG_SUBMIT for HTCondor Node EVALUATE (170467.16.0) {07/07/26 20:52:42}
07/07/26 20:52:47 Number of idle job procs: 9
07/07/26 20:52:47 Reassigning the id of job EVALUATE from (170467.16.0) to (170467.17.0)
07/07/26 20:52:47 Event: ULOG_SUBMIT for HTCondor Node EVALUATE (170467.17.0) {07/07/26 20:52:42}
07/07/26 20:52:47 Number of idle job procs: 10
07/07/26 20:52:47 Reassigning the id of job EVALUATE from (170467.17.0) to (170467.18.0)
07/07/26 20:52:47 Event: ULOG_SUBMIT for HTCondor Node EVALUATE (170467.18.0) {07/07/26 20:52:42}
07/07/26 20:52:47 Number of idle job procs: 11
07/07/26 20:52:47 Reassigning the id of job EVALUATE from (170467.18.0) to (170467.19.0)
07/07/26 20:52:47 Event: ULOG_SUBMIT for HTCondor Node EVALUATE (170467.19.0) {07/07/26 20:52:42}
07/07/26 20:52:47 Number of idle job procs: 12
07/07/26 20:52:47 Reassigning the id of job EVALUATE from (170467.19.0) to (170467.2.0)
07/07/26 20:52:47 Event: ULOG_SUBMIT for HTCondor Node EVALUATE (170467.2.0) {07/07/26 20:52:42}
07/07/26 20:52:47 Number of idle job procs: 13
07/07/26 20:52:47 Reassigning the id of job EVALUATE from (170467.2.0) to (170467.20.0)
07/07/26 20:52:47 Event: ULOG_SUBMIT for HTCondor Node EVALUATE (170467.20.0) {07/07/26 20:52:42}
07/07/26 20:52:47 Number of idle job procs: 14
07/07/26 20:52:47 Reassigning the id of job EVALUATE from (170467.20.0) to (170467.21.0)
07/07/26 20:52:47 Event: ULOG_SUBMIT for HTCondor Node EVALUATE (170467.21.0) {07/07/26 20:52:42}
07/07/26 20:52:47 Number of idle job procs: 15
07/07/26 20:52:47 Reassigning the id of job EVALUATE from (170467.21.0) to (170467.22.0)
07/07/26 20:52:47 Event: ULOG_SUBMIT for HTCondor Node EVALUATE (170467.22.0) {07/07/26 20:52:42}
07/07/26 20:52:47 Number of idle job procs: 16
07/07/26 20:52:47 Reassigning the id of job EVALUATE from (170467.22.0) to (170467.23.0)
07/07/26 20:52:47 Event: ULOG_SUBMIT for HTCondor Node EVALUATE (170467.23.0) {07/07/26 20:52:42}
07/07/26 20:52:47 Number of idle job procs: 17
07/07/26 20:52:47 Reassigning the id of job EVALUATE from (170467.23.0) to (170467.24.0)
07/07/26 20:52:47 Event: ULOG_SUBMIT for HTCondor Node EVALUATE (170467.24.0) {07/07/26 20:52:42}
07/07/26 20:52:47 Number of idle job procs: 18
07/07/26 20:52:47 Reassigning the id of job EVALUATE from (170467.24.0) to (170467.25.0)
07/07/26 20:52:47 Event: ULOG_SUBMIT for HTCondor Node EVALUATE (170467.25.0) {07/07/26 20:52:42}
07/07/26 20:52:47 Number of idle job procs: 19
07/07/26 20:52:47 Reassigning the id of job EVALUATE from (170467.25.0) to (170467.26.0)
07/07/26 20:52:47 Event: ULOG_SUBMIT for HTCondor Node EVALUATE (170467.26.0) {07/07/26 20:52:42}
07/07/26 20:52:47 Number of idle job procs: 20
07/07/26 20:52:47 Reassigning the id of job EVALUATE from (170467.26.0) to (170467.27.0)
07/07/26 20:52:47 Event: ULOG_SUBMIT for HTCondor Node EVALUATE (170467.27.0) {07/07/26 20:52:42}
07/07/26 20:52:47 Number of idle job procs: 21
07/07/26 20:52:47 Reassigning the id of job EVALUATE from (170467.27.0) to (170467.28.0)
07/07/26 20:52:47 Event: ULOG_SUBMIT for HTCondor Node EVALUATE (170467.28.0) {07/07/26 20:52:42}
07/07/26 20:52:47 Number of idle job procs: 22
07/07/26 20:52:47 Reassigning the id of job EVALUATE from (170467.28.0) to (170467.29.0)
07/07/26 20:52:47 Event: ULOG_SUBMIT for HTCondor Node EVALUATE (170467.29.0) {07/07/26 20:52:42}
07/07/26 20:52:47 Number of idle job procs: 23
07/07/26 20:52:47 Reassigning the id of job EVALUATE from (170467.29.0) to (170467.3.0)
07/07/26 20:52:47 Event: ULOG_SUBMIT for HTCondor Node EVALUATE (170467.3.0) {07/07/26 20:52:42}
07/07/26 20:52:47 Number of idle job procs: 24
07/07/26 20:52:47 Reassigning the id of job EVALUATE from (170467.3.0) to (170467.30.0)
07/07/26 20:52:47 Event: ULOG_SUBMIT for HTCondor Node EVALUATE (170467.30.0) {07/07/26 20:52:42}
07/07/26 20:52:47 Number of idle job procs: 25
07/07/26 20:52:47 Reassigning the id of job EVALUATE from (170467.30.0) to (170467.31.0)
07/07/26 20:52:47 Event: ULOG_SUBMIT for HTCondor Node EVALUATE (170467.31.0) {07/07/26 20:52:42}
07/07/26 20:52:47 Number of idle job procs: 26
07/07/26 20:52:47 Reassigning the id of job EVALUATE from (170467.31.0) to (170467.32.0)
07/07/26 20:52:47 Event: ULOG_SUBMIT for HTCondor Node EVALUATE (170467.32.0) {07/07/26 20:52:42}
07/07/26 20:52:47 Number of idle job procs: 27
07/07/26 20:52:47 Reassigning the id of job EVALUATE from (170467.32.0) to (170467.33.0)
07/07/26 20:52:47 Event: ULOG_SUBMIT for HTCondor Node EVALUATE (170467.33.0) {07/07/26 20:52:42}
07/07/26 20:52:47 Number of idle job procs: 28
07/07/26 20:52:47 Reassigning the id of job EVALUATE from (170467.33.0) to (170467.34.0)
07/07/26 20:52:47 Event: ULOG_SUBMIT for HTCondor Node EVALUATE (170467.34.0) {07/07/26 20:52:42}
07/07/26 20:52:47 Number of idle job procs: 29
07/07/26 20:52:47 Reassigning the id of job EVALUATE from (170467.34.0) to (170467.35.0)
07/07/26 20:52:47 Event: ULOG_SUBMIT for HTCondor Node EVALUATE (170467.35.0) {07/07/26 20:52:42}
07/07/26 20:52:47 Number of idle job procs: 30
07/07/26 20:52:47 Reassigning the id of job EVALUATE from (170467.35.0) to (170467.36.0)
07/07/26 20:52:47 Event: ULOG_SUBMIT for HTCondor Node EVALUATE (170467.36.0) {07/07/26 20:52:42}
07/07/26 20:52:47 Number of idle job procs: 31
07/07/26 20:52:47 Reassigning the id of job EVALUATE from (170467.36.0) to (170467.37.0)
07/07/26 20:52:47 Event: ULOG_SUBMIT for HTCondor Node EVALUATE (170467.37.0) {07/07/26 20:52:42}
07/07/26 20:52:47 Number of idle job procs: 32
07/07/26 20:52:47 Reassigning the id of job EVALUATE from (170467.37.0) to (170467.38.0)
07/07/26 20:52:47 Event: ULOG_SUBMIT for HTCondor Node EVALUATE (170467.38.0) {07/07/26 20:52:42}
07/07/26 20:52:47 Number of idle job procs: 33
07/07/26 20:52:47 Reassigning the id of job EVALUATE from (170467.38.0) to (170467.39.0)
07/07/26 20:52:47 Event: ULOG_SUBMIT for HTCondor Node EVALUATE (170467.39.0) {07/07/26 20:52:42}
07/07/26 20:52:47 Number of idle job procs: 34
07/07/26 20:52:47 Reassigning the id of job EVALUATE from (170467.39.0) to (170467.4.0)
07/07/26 20:52:47 Event: ULOG_SUBMIT for HTCondor Node EVALUATE (170467.4.0) {07/07/26 20:52:42}
07/07/26 20:52:47 Number of idle job procs: 35
07/07/26 20:52:47 Reassigning the id of job EVALUATE from (170467.4.0) to (170467.5.0)
07/07/26 20:52:47 Event: ULOG_SUBMIT for HTCondor Node EVALUATE (170467.5.0) {07/07/26 20:52:42}
07/07/26 20:52:47 Number of idle job procs: 36
07/07/26 20:52:47 Reassigning the id of job EVALUATE from (170467.5.0) to (170467.6.0)
07/07/26 20:52:47 Event: ULOG_SUBMIT for HTCondor Node EVALUATE (170467.6.0) {07/07/26 20:52:42}
07/07/26 20:52:47 Number of idle job procs: 37
07/07/26 20:52:47 Reassigning the id of job EVALUATE from (170467.6.0) to (170467.7.0)
07/07/26 20:52:47 Event: ULOG_SUBMIT for HTCondor Node EVALUATE (170467.7.0) {07/07/26 20:52:42}
07/07/26 20:52:47 Number of idle job procs: 38
07/07/26 20:52:47 Reassigning the id of job EVALUATE from (170467.7.0) to (170467.8.0)
07/07/26 20:52:47 Event: ULOG_SUBMIT for HTCondor Node EVALUATE (170467.8.0) {07/07/26 20:52:42}
07/07/26 20:52:47 Number of idle job procs: 39
07/07/26 20:52:47 Reassigning the id of job EVALUATE from (170467.8.0) to (170467.9.0)
07/07/26 20:52:47 Event: ULOG_SUBMIT for HTCondor Node EVALUATE (170467.9.0) {07/07/26 20:52:42}
07/07/26 20:52:47 Number of idle job procs: 40
07/07/26 21:01:17 Total jobs placed to AP: 82
07/07/26 21:01:17      Idle     Held     Running     Successful     Failed
07/07/26 21:01:17       ===      ===         ===            ===        ===
07/07/26 21:01:17        40        0           0             42          0
07/07/26 21:02:47 600 seconds since last log event
07/07/26 21:02:47 Pending DAG nodes:
07/07/26 21:02:47   Node EVALUATE, HTCondor ID 170467, status STATUS_SUBMITTED
07/07/26 21:12:47 1200 seconds since last log event
07/07/26 21:12:47 Pending DAG nodes:
07/07/26 21:12:47   Node EVALUATE, HTCondor ID 170467, status STATUS_SUBMITTED
07/07/26 21:16:17 Total jobs placed to AP: 82
07/07/26 21:16:17      Idle     Held     Running     Successful     Failed
07/07/26 21:16:17       ===      ===         ===            ===        ===
07/07/26 21:16:17        40        0           0             42          0
07/07/26 21:22:47 1800 seconds since last log event
07/07/26 21:22:47 Pending DAG nodes:
07/07/26 21:22:47   Node EVALUATE, HTCondor ID 170467, status STATUS_SUBMITTED
07/07/26 21:23:07 Currently monitoring 1 HTCondor log file(s)
07/07/26 21:23:07 Event: ULOG_EXECUTE for HTCondor Node EVALUATE (170467.1.0) {07/07/26 21:23:05}
07/07/26 21:23:07 Number of idle job procs: 39
07/07/26 21:23:07 Event: ULOG_EXECUTE for HTCondor Node EVALUATE (170467.2.0) {07/07/26 21:23:05}
07/07/26 21:23:07 Number of idle job procs: 38
07/07/26 21:23:07 Event: ULOG_EXECUTE for HTCondor Node EVALUATE (170467.0.0) {07/07/26 21:23:05}
07/07/26 21:23:07 Number of idle job procs: 37
07/07/26 21:31:18 Total jobs placed to AP: 82
07/07/26 21:31:18      Idle     Held     Running     Successful     Failed
07/07/26 21:31:18       ===      ===         ===            ===        ===
07/07/26 21:31:18        37        0           3             42          0
07/07/26 21:33:08 601 seconds since last log event
07/07/26 21:33:08 Pending DAG nodes:
07/07/26 21:33:08   Node EVALUATE, HTCondor ID 170467, status STATUS_SUBMITTED
07/07/26 21:43:08 1201 seconds since last log event
07/07/26 21:43:08 Pending DAG nodes:
07/07/26 21:43:08   Node EVALUATE, HTCondor ID 170467, status STATUS_SUBMITTED
07/07/26 21:46:19 Total jobs placed to AP: 82
07/07/26 21:46:19      Idle     Held     Running     Successful     Failed
07/07/26 21:46:19       ===      ===         ===            ===        ===
07/07/26 21:46:19        37        0           3             42          0
07/07/26 21:50:29 Currently monitoring 1 HTCondor log file(s)
07/07/26 21:50:29 Event: ULOG_EXECUTE for HTCondor Node EVALUATE (170467.3.0) {07/07/26 21:50:26}
07/07/26 21:50:29 Number of idle job procs: 36
07/07/26 21:50:29 Event: ULOG_EXECUTE for HTCondor Node EVALUATE (170467.4.0) {07/07/26 21:50:26}
07/07/26 21:50:29 Number of idle job procs: 35
07/07/26 21:51:29 Currently monitoring 1 HTCondor log file(s)
07/07/26 21:51:29 Event: ULOG_EXECUTE for HTCondor Node EVALUATE (170467.5.0) {07/07/26 21:51:26}
07/07/26 21:51:29 Number of idle job procs: 34
07/07/26 21:51:29 Event: ULOG_EXECUTE for HTCondor Node EVALUATE (170467.7.0) {07/07/26 21:51:26}
07/07/26 21:51:29 Number of idle job procs: 33
07/07/26 21:51:29 Event: ULOG_EXECUTE for HTCondor Node EVALUATE (170467.8.0) {07/07/26 21:51:26}
07/07/26 21:51:29 Number of idle job procs: 32
07/07/26 21:51:29 Event: ULOG_EXECUTE for HTCondor Node EVALUATE (170467.6.0) {07/07/26 21:51:26}
07/07/26 21:51:29 Number of idle job procs: 31
07/07/26 21:53:29 Currently monitoring 1 HTCondor log file(s)
07/07/26 21:53:29 Event: ULOG_EXECUTE for HTCondor Node EVALUATE (170467.9.0) {07/07/26 21:53:26}
07/07/26 21:53:29 Number of idle job procs: 30
07/07/26 21:53:29 Event: ULOG_EXECUTE for HTCondor Node EVALUATE (170467.10.0) {07/07/26 21:53:26}
07/07/26 21:53:29 Number of idle job procs: 29
07/07/26 21:54:29 Currently monitoring 1 HTCondor log file(s)
07/07/26 21:54:29 Event: ULOG_EXECUTE for HTCondor Node EVALUATE (170467.11.0) {07/07/26 21:54:25}
07/07/26 21:54:29 Number of idle job procs: 28
07/07/26 21:55:29 Currently monitoring 1 HTCondor log file(s)
07/07/26 21:55:29 Event: ULOG_EXECUTE for HTCondor Node EVALUATE (170467.12.0) {07/07/26 21:55:25}
07/07/26 21:55:29 Number of idle job procs: 27
07/07/26 21:58:09 Currently monitoring 1 HTCondor log file(s)
07/07/26 21:58:09 Event: ULOG_EXECUTE for HTCondor Node EVALUATE (170467.13.0) {07/07/26 21:58:04}
07/07/26 21:58:09 Number of idle job procs: 26
07/07/26 22:00:49 Currently monitoring 1 HTCondor log file(s)
07/07/26 22:00:49 Event: ULOG_EXECUTE for HTCondor Node EVALUATE (170467.15.0) {07/07/26 22:00:48}
07/07/26 22:00:49 Number of idle job procs: 25
07/07/26 22:00:49 Event: ULOG_EXECUTE for HTCondor Node EVALUATE (170467.14.0) {07/07/26 22:00:48}
07/07/26 22:00:49 Number of idle job procs: 24
07/07/26 22:01:19 Currently monitoring 1 HTCondor log file(s)
07/07/26 22:01:19 Event: ULOG_EXECUTE for HTCondor Node EVALUATE (170467.16.0) {07/07/26 22:01:16}
07/07/26 22:01:19 Number of idle job procs: 23
07/07/26 22:01:19 Total jobs placed to AP: 82
07/07/26 22:01:19      Idle     Held     Running     Successful     Failed
07/07/26 22:01:19       ===      ===         ===            ===        ===
07/07/26 22:01:19        23        0          17             42          0
07/07/26 22:02:20 Currently monitoring 1 HTCondor log file(s)
07/07/26 22:02:20 Event: ULOG_EXECUTE for HTCondor Node EVALUATE (170467.17.0) {07/07/26 22:02:16}
07/07/26 22:02:20 Number of idle job procs: 22
07/07/26 22:02:20 Event: ULOG_EXECUTE for HTCondor Node EVALUATE (170467.18.0) {07/07/26 22:02:17}
07/07/26 22:02:20 Number of idle job procs: 21
07/07/26 22:02:20 Event: ULOG_EXECUTE for HTCondor Node EVALUATE (170467.19.0) {07/07/26 22:02:17}
07/07/26 22:02:20 Number of idle job procs: 20
07/07/26 22:02:45 Currently monitoring 1 HTCondor log file(s)
07/07/26 22:02:45 Event: ULOG_EXECUTE for HTCondor Node EVALUATE (170467.20.0) {07/07/26 22:02:40}
07/07/26 22:02:45 Number of idle job procs: 19
07/07/26 22:02:45 Event: ULOG_EXECUTE for HTCondor Node EVALUATE (170467.21.0) {07/07/26 22:02:40}
07/07/26 22:02:45 Number of idle job procs: 18
07/07/26 22:12:05 Currently monitoring 1 HTCondor log file(s)
07/07/26 22:12:05 Event: ULOG_JOB_TERMINATED for HTCondor Node EVALUATE (170467.1.0) {07/07/26 22:12:05}
07/07/26 22:12:05 Number of idle job procs: 18
07/07/26 22:12:05 Node EVALUATE job proc (170467.1.0) completed successfully.
07/07/26 22:12:30 Currently monitoring 1 HTCondor log file(s)
07/07/26 22:12:30 Event: ULOG_JOB_TERMINATED for HTCondor Node EVALUATE (170467.0.0) {07/07/26 22:12:30}
07/07/26 22:12:30 Number of idle job procs: 18
07/07/26 22:12:30 Node EVALUATE job proc (170467.0.0) completed successfully.
07/07/26 22:12:35 Currently monitoring 1 HTCondor log file(s)
07/07/26 22:12:35 Event: ULOG_EXECUTE for HTCondor Node EVALUATE (170467.22.0) {07/07/26 22:12:32}
07/07/26 22:12:35 Number of idle job procs: 17
07/07/26 22:12:35 Event: ULOG_EXECUTE for HTCondor Node EVALUATE (170467.23.0) {07/07/26 22:12:32}
07/07/26 22:12:35 Number of idle job procs: 16
07/07/26 22:12:55 Currently monitoring 1 HTCondor log file(s)
07/07/26 22:12:55 Event: ULOG_EXECUTE for HTCondor Node EVALUATE (170467.24.0) {07/07/26 22:12:54}
07/07/26 22:12:55 Number of idle job procs: 15
07/07/26 22:13:55 Currently monitoring 1 HTCondor log file(s)
07/07/26 22:13:55 Event: ULOG_EXECUTE for HTCondor Node EVALUATE (170467.25.0) {07/07/26 22:13:55}
07/07/26 22:13:55 Number of idle job procs: 14
07/07/26 22:15:10 Currently monitoring 1 HTCondor log file(s)
07/07/26 22:15:10 Event: ULOG_JOB_TERMINATED for HTCondor Node EVALUATE (170467.2.0) {07/07/26 22:15:10}
07/07/26 22:15:10 Number of idle job procs: 14
07/07/26 22:15:10 Node EVALUATE job proc (170467.2.0) completed successfully.
07/07/26 22:16:05 Currently monitoring 1 HTCondor log file(s)
07/07/26 22:16:05 Event: ULOG_EXECUTE for HTCondor Node EVALUATE (170467.26.0) {07/07/26 22:16:02}
07/07/26 22:16:05 Number of idle job procs: 13
07/07/26 22:16:20 Total jobs placed to AP: 82
07/07/26 22:16:20      Idle     Held     Running     Successful     Failed
07/07/26 22:16:20       ===      ===         ===            ===        ===
07/07/26 22:16:20        13        0          24             45          0
07/07/26 22:26:06 601 seconds since last log event
07/07/26 22:26:06 Pending DAG nodes:
07/07/26 22:26:06   Node EVALUATE, HTCondor ID 170467, status STATUS_SUBMITTED
07/07/26 22:31:30 Total jobs placed to AP: 82
07/07/26 22:31:30      Idle     Held     Running     Successful     Failed
07/07/26 22:31:30       ===      ===         ===            ===        ===
07/07/26 22:31:30        13        0          24             45          0
07/07/26 22:33:53 Currently monitoring 1 HTCondor log file(s)
07/07/26 22:33:53 Event: ULOG_JOB_TERMINATED for HTCondor Node EVALUATE (170467.5.0) {07/07/26 22:33:52}
07/07/26 22:33:53 Number of idle job procs: 13
07/07/26 22:33:53 Node EVALUATE job proc (170467.5.0) completed successfully.
07/07/26 22:33:58 Currently monitoring 1 HTCondor log file(s)
07/07/26 22:33:58 Event: ULOG_JOB_TERMINATED for HTCondor Node EVALUATE (170467.11.0) {07/07/26 22:33:54}
07/07/26 22:33:58 Number of idle job procs: 13
07/07/26 22:33:58 Node EVALUATE job proc (170467.11.0) completed successfully.
07/07/26 22:34:08 Currently monitoring 1 HTCondor log file(s)
07/07/26 22:34:08 Event: ULOG_EXECUTE for HTCondor Node EVALUATE (170467.27.0) {07/07/26 22:34:05}
07/07/26 22:34:08 Number of idle job procs: 12
07/07/26 22:34:18 Currently monitoring 1 HTCondor log file(s)
07/07/26 22:34:18 Event: ULOG_JOB_TERMINATED for HTCondor Node EVALUATE (170467.3.0) {07/07/26 22:34:16}
07/07/26 22:34:18 Number of idle job procs: 12
07/07/26 22:34:18 Node EVALUATE job proc (170467.3.0) completed successfully.
07/07/26 22:34:33 Currently monitoring 1 HTCondor log file(s)
07/07/26 22:34:34 Event: ULOG_JOB_TERMINATED for HTCondor Node EVALUATE (170467.4.0) {07/07/26 22:34:32}
07/07/26 22:34:44 Number of idle job procs: 12
07/07/26 22:34:44 Node EVALUATE job proc (170467.4.0) completed successfully.
07/07/26 22:35:19 Currently monitoring 1 HTCondor log file(s)
07/07/26 22:35:19 Event: ULOG_JOB_TERMINATED for HTCondor Node EVALUATE (170467.9.0) {07/07/26 22:35:18}
07/07/26 22:35:19 Number of idle job procs: 12
07/07/26 22:35:19 Node EVALUATE job proc (170467.9.0) completed successfully.
07/07/26 22:35:19 Event: ULOG_JOB_TERMINATED for HTCondor Node EVALUATE (170467.6.0) {07/07/26 22:35:18}
07/07/26 22:35:19 Number of idle job procs: 12
07/07/26 22:35:19 Node EVALUATE job proc (170467.6.0) completed successfully.
07/07/26 22:35:29 Currently monitoring 1 HTCondor log file(s)
07/07/26 22:35:29 Event: ULOG_EXECUTE for HTCondor Node EVALUATE (170467.28.0) {07/07/26 22:35:25}
07/07/26 22:35:29 Number of idle job procs: 11
07/07/26 22:35:29 Event: ULOG_EXECUTE for HTCondor Node EVALUATE (170467.29.0) {07/07/26 22:35:25}
07/07/26 22:35:29 Number of idle job procs: 10
07/07/26 22:35:29 Event: ULOG_EXECUTE for HTCondor Node EVALUATE (170467.30.0) {07/07/26 22:35:25}
07/07/26 22:35:29 Number of idle job procs: 9
07/07/26 22:35:29 Event: ULOG_EXECUTE for HTCondor Node EVALUATE (170467.31.0) {07/07/26 22:35:25}
07/07/26 22:35:29 Number of idle job procs: 8
07/07/26 22:35:59 Currently monitoring 1 HTCondor log file(s)
07/07/26 22:35:59 Event: ULOG_JOB_TERMINATED for HTCondor Node EVALUATE (170467.7.0) {07/07/26 22:35:58}
07/07/26 22:35:59 Number of idle job procs: 8
07/07/26 22:35:59 Node EVALUATE job proc (170467.7.0) completed successfully.
07/07/26 22:36:29 Currently monitoring 1 HTCondor log file(s)
07/07/26 22:36:29 Event: ULOG_EXECUTE for HTCondor Node EVALUATE (170467.32.0) {07/07/26 22:36:26}
07/07/26 22:36:29 Number of idle job procs: 7
07/07/26 22:38:08 Currently monitoring 1 HTCondor log file(s)
07/07/26 22:38:08 Event: ULOG_JOB_TERMINATED for HTCondor Node EVALUATE (170467.8.0) {07/07/26 22:37:59}
07/07/26 22:38:08 Number of idle job procs: 7
07/07/26 22:38:08 Node EVALUATE job proc (170467.8.0) completed successfully.
07/07/26 22:38:59 Currently monitoring 1 HTCondor log file(s)
07/07/26 22:39:12 Event: ULOG_EXECUTE for HTCondor Node EVALUATE (170467.33.0) {07/07/26 22:38:56}
07/07/26 22:39:12 Number of idle job procs: 6
07/07/26 22:39:12 Event: ULOG_JOB_TERMINATED for HTCondor Node EVALUATE (170467.12.0) {07/07/26 22:38:58}
07/07/26 22:39:12 Number of idle job procs: 6
07/07/26 22:39:12 Node EVALUATE job proc (170467.12.0) completed successfully.
07/07/26 22:39:37 Currently monitoring 1 HTCondor log file(s)
07/07/26 22:39:38 Event: ULOG_EXECUTE for HTCondor Node EVALUATE (170467.34.0) {07/07/26 22:39:33}
07/07/26 22:39:55 Number of idle job procs: 5
07/07/26 22:40:14 Currently monitoring 1 HTCondor log file(s)
07/07/26 22:40:14 Event: ULOG_JOB_TERMINATED for HTCondor Node EVALUATE (170467.10.0) {07/07/26 22:40:10}
07/07/26 22:40:14 Number of idle job procs: 5
07/07/26 22:40:14 Node EVALUATE job proc (170467.10.0) completed successfully.
07/07/26 22:42:03 Currently monitoring 1 HTCondor log file(s)
07/07/26 22:42:43 Event: ULOG_JOB_TERMINATED for HTCondor Node EVALUATE (170467.19.0) {07/07/26 22:42:00}
07/07/26 22:42:43 Number of idle job procs: 5
07/07/26 22:42:43 Node EVALUATE job proc (170467.19.0) completed successfully.
07/07/26 22:43:21 Currently monitoring 1 HTCondor log file(s)
07/07/26 22:43:21 Event: ULOG_EXECUTE for HTCondor Node EVALUATE (170467.35.0) {07/07/26 22:42:45}
07/07/26 22:43:21 Number of idle job procs: 4
07/07/26 22:43:36 Currently monitoring 1 HTCondor log file(s)
07/07/26 22:43:36 Event: ULOG_JOB_TERMINATED for HTCondor Node EVALUATE (170467.14.0) {07/07/26 22:43:36}
07/07/26 22:43:36 Number of idle job procs: 4
07/07/26 22:43:36 Node EVALUATE job proc (170467.14.0) completed successfully.
07/07/26 22:43:41 Currently monitoring 1 HTCondor log file(s)
07/07/26 22:43:41 Event: ULOG_JOB_TERMINATED for HTCondor Node EVALUATE (170467.17.0) {07/07/26 22:43:37}
07/07/26 22:43:41 Number of idle job procs: 4
07/07/26 22:43:41 Node EVALUATE job proc (170467.17.0) completed successfully.
07/07/26 22:43:51 Currently monitoring 1 HTCondor log file(s)
07/07/26 22:43:51 Event: ULOG_JOB_TERMINATED for HTCondor Node EVALUATE (170467.16.0) {07/07/26 22:43:50}
07/07/26 22:43:51 Number of idle job procs: 4
07/07/26 22:43:51 Node EVALUATE job proc (170467.16.0) completed successfully.
07/07/26 22:43:56 Currently monitoring 1 HTCondor log file(s)
07/07/26 22:43:56 Event: ULOG_JOB_TERMINATED for HTCondor Node EVALUATE (170467.15.0) {07/07/26 22:43:52}
07/07/26 22:43:56 Number of idle job procs: 4
07/07/26 22:43:56 Node EVALUATE job proc (170467.15.0) completed successfully.
07/07/26 22:43:56 Event: ULOG_JOB_TERMINATED for HTCondor Node EVALUATE (170467.18.0) {07/07/26 22:43:52}
07/07/26 22:43:56 Number of idle job procs: 4
07/07/26 22:43:56 Node EVALUATE job proc (170467.18.0) completed successfully.
07/07/26 22:44:11 Currently monitoring 1 HTCondor log file(s)
07/07/26 22:44:11 Event: ULOG_JOB_TERMINATED for HTCondor Node EVALUATE (170467.20.0) {07/07/26 22:44:09}
07/07/26 22:44:11 Number of idle job procs: 4
07/07/26 22:44:11 Node EVALUATE job proc (170467.20.0) completed successfully.
07/07/26 22:44:46 Currently monitoring 1 HTCondor log file(s)
07/07/26 22:44:46 Event: ULOG_EXECUTE for HTCondor Node EVALUATE (170467.39.0) {07/07/26 22:44:46}
07/07/26 22:44:46 Number of idle job procs: 3
07/07/26 22:44:46 Event: ULOG_EXECUTE for HTCondor Node EVALUATE (170467.36.0) {07/07/26 22:44:46}
07/07/26 22:44:46 Number of idle job procs: 2
07/07/26 22:44:46 Event: ULOG_EXECUTE for HTCondor Node EVALUATE (170467.37.0) {07/07/26 22:44:46}
07/07/26 22:44:46 Number of idle job procs: 1
07/07/26 22:44:46 Event: ULOG_EXECUTE for HTCondor Node EVALUATE (170467.38.0) {07/07/26 22:44:46}
07/07/26 22:44:46 Number of idle job procs: 0
07/07/26 22:46:32 Total jobs placed to AP: 82
07/07/26 22:46:32      Idle     Held     Running     Successful     Failed
07/07/26 22:46:32       ===      ===         ===            ===        ===
07/07/26 22:46:32         0        0          20             62          0
07/07/26 22:47:07 Currently monitoring 1 HTCondor log file(s)
07/07/26 22:47:07 Event: ULOG_JOB_TERMINATED for HTCondor Node EVALUATE (170467.21.0) {07/07/26 22:47:02}
07/07/26 22:47:07 Number of idle job procs: 0
07/07/26 22:47:07 Node EVALUATE job proc (170467.21.0) completed successfully.
07/07/26 22:47:22 Currently monitoring 1 HTCondor log file(s)
07/07/26 22:47:22 Event: ULOG_JOB_TERMINATED for HTCondor Node EVALUATE (170467.13.0) {07/07/26 22:47:18}
07/07/26 22:47:22 Number of idle job procs: 0
07/07/26 22:47:22 Node EVALUATE job proc (170467.13.0) completed successfully.
07/07/26 22:54:32 Currently monitoring 1 HTCondor log file(s)
07/07/26 22:54:32 Event: ULOG_JOB_TERMINATED for HTCondor Node EVALUATE (170467.22.0) {07/07/26 22:54:29}
07/07/26 22:54:32 Number of idle job procs: 0
07/07/26 22:54:32 Node EVALUATE job proc (170467.22.0) completed successfully.
07/07/26 22:54:32 Event: ULOG_JOB_TERMINATED for HTCondor Node EVALUATE (170467.24.0) {07/07/26 22:54:31}
07/07/26 22:54:32 Number of idle job procs: 0
07/07/26 22:54:32 Node EVALUATE job proc (170467.24.0) completed successfully.
07/07/26 22:56:52 Currently monitoring 1 HTCondor log file(s)
07/07/26 22:56:52 Event: ULOG_JOB_TERMINATED for HTCondor Node EVALUATE (170467.23.0) {07/07/26 22:56:51}
07/07/26 22:56:52 Number of idle job procs: 0
07/07/26 22:56:52 Node EVALUATE job proc (170467.23.0) completed successfully.
07/07/26 22:56:52 Event: ULOG_JOB_TERMINATED for HTCondor Node EVALUATE (170467.25.0) {07/07/26 22:56:51}
07/07/26 22:56:52 Number of idle job procs: 0
07/07/26 22:56:52 Node EVALUATE job proc (170467.25.0) completed successfully.
07/07/26 23:01:32 Currently monitoring 1 HTCondor log file(s)
07/07/26 23:01:32 Event: ULOG_JOB_TERMINATED for HTCondor Node EVALUATE (170467.26.0) {07/07/26 23:01:32}
07/07/26 23:01:32 Number of idle job procs: 0
07/07/26 23:01:32 Node EVALUATE job proc (170467.26.0) completed successfully.
07/07/26 23:01:32 Total jobs placed to AP: 82
07/07/26 23:01:32      Idle     Held     Running     Successful     Failed
07/07/26 23:01:32       ===      ===         ===            ===        ===
07/07/26 23:01:32         0        0          13             69          0
07/07/26 23:11:33 601 seconds since last log event
07/07/26 23:11:33 Pending DAG nodes:
07/07/26 23:11:33   Node EVALUATE, HTCondor ID 170467, status STATUS_SUBMITTED
07/07/26 23:15:03 Currently monitoring 1 HTCondor log file(s)
07/07/26 23:15:03 Event: ULOG_JOB_TERMINATED for HTCondor Node EVALUATE (170467.27.0) {07/07/26 23:15:02}
07/07/26 23:15:03 Number of idle job procs: 0
07/07/26 23:15:03 Node EVALUATE job proc (170467.27.0) completed successfully.
07/07/26 23:15:38 Currently monitoring 1 HTCondor log file(s)
07/07/26 23:15:38 Event: ULOG_JOB_TERMINATED for HTCondor Node EVALUATE (170467.28.0) {07/07/26 23:15:37}
07/07/26 23:15:38 Number of idle job procs: 0
07/07/26 23:15:38 Node EVALUATE job proc (170467.28.0) completed successfully.
07/07/26 23:16:33 Total jobs placed to AP: 82
07/07/26 23:16:33      Idle     Held     Running     Successful     Failed
07/07/26 23:16:33       ===      ===         ===            ===        ===
07/07/26 23:16:33         0        0          11             71          0
07/07/26 23:17:53 Currently monitoring 1 HTCondor log file(s)
07/07/26 23:17:53 Event: ULOG_JOB_TERMINATED for HTCondor Node EVALUATE (170467.30.0) {07/07/26 23:17:51}
07/07/26 23:17:53 Number of idle job procs: 0
07/07/26 23:17:53 Node EVALUATE job proc (170467.30.0) completed successfully.
07/07/26 23:18:03 Currently monitoring 1 HTCondor log file(s)
07/07/26 23:18:03 Event: ULOG_JOB_TERMINATED for HTCondor Node EVALUATE (170467.29.0) {07/07/26 23:18:03}
07/07/26 23:18:03 Number of idle job procs: 0
07/07/26 23:18:03 Node EVALUATE job proc (170467.29.0) completed successfully.
07/07/26 23:18:33 Currently monitoring 1 HTCondor log file(s)
07/07/26 23:18:33 Event: ULOG_JOB_TERMINATED for HTCondor Node EVALUATE (170467.31.0) {07/07/26 23:18:33}
07/07/26 23:18:33 Number of idle job procs: 0
07/07/26 23:18:33 Node EVALUATE job proc (170467.31.0) completed successfully.
07/07/26 23:19:50 Received SIGUSR1
07/07/26 23:19:50 Aborting DAG...
07/07/26 23:19:51 Writing Rescue DAG to transport_linetrack_50_25_action_shield.dag.rescue003...
07/07/26 23:19:51 Removing submitted jobs...
07/07/26 23:19:51 Removing any/all submitted HTCondor jobs...
07/07/26 23:19:51 Running: /usr/bin/condor_rm -const DAGManJobId==170245 -reason DAG' 'Removed:' 'User' 'removed' 'scheduler' 'job' 'from' 'queue.
07/07/26 23:19:51 Note: 0 total node deferrals because of -MaxJobs limit (0)
07/07/26 23:19:51 Note: 0 total node deferrals because of -MaxIdle limit (1000)
07/07/26 23:19:51 Note: 0 total node deferrals because of node category throttles
07/07/26 23:19:51 Note: 0 total PRE script deferrals because of -MaxPre limit (20) or DEFER
07/07/26 23:19:51 Note: 0 total POST script deferrals because of -MaxPost limit (20) or DEFER
07/07/26 23:19:51 Note: 0 total HOLD script deferrals because of -MaxHold limit (20) or DEFER
07/07/26 23:19:51 DAG status: 4 (DAG_STATUS_RM)
07/07/26 23:19:51 Of 5 nodes total:
07/07/26 23:19:51  Done     Pre   Queued    Post   Ready   Un-Ready   Failed   Futile
07/07/26 23:19:51   ===     ===      ===     ===     ===        ===      ===      ===
07/07/26 23:19:51     3       0        1       0       0          1        0        0
07/07/26 23:19:51 0 job proc(s) currently held
07/07/26 23:19:51 DAGMan Runtime Statistics: [EventCycleTimeAvg=0.063; EventCycleTimeMax=40.141; EventCycleTimeMin=0.000; EventCycleTimeStd=1.149; EventCycleTimeSum=236.175; SleepCycleTimeAvg=5.019; SleepCycleTimeMax=38.395; SleepCycleTimeMin=4.005; SleepCycleTimeStd=0.588; SleepCycleTimeSum=18885.467; SubmitCycleTimeAvg=0.000; SubmitCycleTimeMax=0.130; SubmitCycleTimeMin=0.000; SubmitCycleTimeStd=0.002; SubmitCycleTimeSum=0.151; EventCycleTimeCount=3764.000; SleepCycleTimeCount=3763.000; SubmitCycleTimeCount=3764.000; LogProcessCycleTimeAvg=1.697; LogProcessCycleTimeMax=40.141; LogProcessCycleTimeMin=0.001; LogProcessCycleTimeStd=7.043; LogProcessCycleTimeSum=95.057; LogProcessCycleTimeCount=56.000; ]
07/07/26 23:19:51 Wrote metrics file transport_linetrack_50_25_action_shield.dag.metrics.
07/07/26 23:19:51 DAGMan Runtime Statistics: [EventCycleTimeAvg=0.063; EventCycleTimeMax=40.141; EventCycleTimeMin=0.000; EventCycleTimeStd=1.149; EventCycleTimeSum=236.175; SleepCycleTimeAvg=5.019; SleepCycleTimeMax=38.395; SleepCycleTimeMin=4.005; SleepCycleTimeStd=0.588; SleepCycleTimeSum=18885.467; SubmitCycleTimeAvg=0.000; SubmitCycleTimeMax=0.130; SubmitCycleTimeMin=0.000; SubmitCycleTimeStd=0.002; SubmitCycleTimeSum=0.151; EventCycleTimeCount=3764.000; SleepCycleTimeCount=3763.000; SubmitCycleTimeCount=3764.000; LogProcessCycleTimeAvg=1.697; LogProcessCycleTimeMax=40.141; LogProcessCycleTimeMin=0.001; LogProcessCycleTimeStd=7.043; LogProcessCycleTimeSum=95.057; LogProcessCycleTimeCount=56.000; ]
07/07/26 23:19:51 **** condor_scheduniv_exec.170245.0 (condor_DAGMAN) pid 589459 EXITING WITH STATUS 2
07/07/26 23:42:03 ******************************************************
07/07/26 23:42:03 ** condor_scheduniv_exec.170521.0 (CONDOR_DAGMAN) STARTING UP
07/07/26 23:42:03 ** /usr/bin/condor_dagman
07/07/26 23:42:03 ** SubsystemInfo: name=DAGMAN type=DAGMAN(9) class=CLIENT(2)
07/07/26 23:42:03 ** Configuration: subsystem:DAGMAN local:<NONE> class:CLIENT
07/07/26 23:42:03 ** $CondorVersion: 24.12.19 2026-04-15 BuildID: 896241 PackageID: 24.12.19-1+deb12 GitSHA: c68f3e0e $
07/07/26 23:42:03 ** $CondorPlatform: X86_64-Debian_12 $
07/07/26 23:42:03 ** PID = 717205 RealUID = 1620002036
07/07/26 23:42:03 ** Log last touched 7/7 23:19:51
07/07/26 23:42:03 ******************************************************
07/07/26 23:42:03 Using config source: /etc/condor/condor_config
07/07/26 23:42:03 Using local config sources: 
07/07/26 23:42:03    /etc/condor/config.d/01-submit.conf
07/07/26 23:42:03    /etc/condor/config.d/10-stash-plugin.conf
07/07/26 23:42:03    /etc/condor/config.d/23-network.config
07/07/26 23:42:03    /etc/condor/config.d/31-mail.conf
07/07/26 23:42:03    /etc/condor/config.d/35-cc-sync.conf
07/07/26 23:42:03    /etc/condor/config.d/41-periodic-remove.conf
07/07/26 23:42:03    /etc/condor/config.d/49-common.conf
07/07/26 23:42:03    /etc/condor/config.d/52-group-mapping.conf
07/07/26 23:42:03    /etc/condor/config.d/54-container.conf
07/07/26 23:42:03    /etc/condor/config.d/67-submit-transforms.conf
07/07/26 23:42:03    /etc/condor/config.d/71-submit-requirements.conf
07/07/26 23:42:03    /etc/condor/condor_config.local
07/07/26 23:42:03 config Macros = 110, Sorted = 110, StringBytes = 6389, TablesBytes = 4088
07/07/26 23:42:03 CLASSAD_CACHING is ENABLED
07/07/26 23:42:03 Daemon Log is logging: D_ALWAYS D_ERROR D_STATUS
07/07/26 23:42:03 Daemoncore: Listening at <0.0.0.0:15745> on TCP (ReliSock) and UDP (SafeSock).
07/07/26 23:42:03 DaemonCore: command socket at <10.143.248.60:15745?addrs=10.143.248.60-15745&alias=conduit.hpc.uni-saarland.de>
07/07/26 23:42:03 DaemonCore: private command socket at <10.143.248.60:15745?addrs=10.143.248.60-15745&alias=conduit.hpc.uni-saarland.de>
07/07/26 23:42:03 DAGMAN_USE_STRICT setting: 1
07/07/26 23:42:03 DAGMAN_VERBOSITY setting: 3
07/07/26 23:42:03 DAGMAN_DEBUG_CACHE_SIZE setting: 5242880
07/07/26 23:42:03 DAGMAN_DEBUG_CACHE_ENABLE setting: False
07/07/26 23:42:03 DAGMAN_SUBMIT_DELAY setting: 0
07/07/26 23:42:03 DAGMAN_MAX_SUBMIT_ATTEMPTS setting: 6
07/07/26 23:42:03 DAGMAN_STARTUP_CYCLE_DETECT setting: False
07/07/26 23:42:03 DAGMAN_USE_JOIN_NODES setting: True
07/07/26 23:42:03 DAGMAN_REPORT_GRAPH_METRICS setting: False
07/07/26 23:42:03 DAGMAN_MAX_SUBMITS_PER_INTERVAL setting: 100
07/07/26 23:42:03 DAGMAN_AGGRESSIVE_SUBMIT setting: False
07/07/26 23:42:03 DAGMAN_USER_LOG_SCAN_INTERVAL setting: 5
07/07/26 23:42:03 DAGMAN_QUEUE_UPDATE_INTERVAL setting: 300.000000
07/07/26 23:42:03 DAGMAN_DEFAULT_PRIORITY setting: 0
07/07/26 23:42:03 DAGMAN_SUPPRESS_NOTIFICATION setting: False
07/07/26 23:42:03 allow_events (DAGMAN_ALLOW_EVENTS) setting: 114
07/07/26 23:42:03 DAGMAN_RETRY_SUBMIT_FIRST setting: True
07/07/26 23:42:03 DAGMAN_RETRY_NODE_FIRST setting: False
07/07/26 23:42:03 DAGMAN_MAX_JOBS_IDLE setting: 1000
07/07/26 23:42:03 DAGMAN_MAX_JOBS_SUBMITTED setting: 0
07/07/26 23:42:03 DAGMAN_MAX_PRE_SCRIPTS setting: 20
07/07/26 23:42:03 DAGMAN_MAX_POST_SCRIPTS setting: 20
07/07/26 23:42:03 DAGMAN_MAX_HOLD_SCRIPTS setting: 20
07/07/26 23:42:03 DAGMAN_MUNGE_NODE_NAMES setting: True
07/07/26 23:42:03 DAGMAN_ALLOW_ANY_NODE_NAME_CHARACTERS setting: False
07/07/26 23:42:03 DAGMAN_PROHIBIT_MULTI_JOBS setting: False
07/07/26 23:42:03 DAGMAN_SUBMIT_DEPTH_FIRST setting: False
07/07/26 23:42:03 DAGMAN_ALWAYS_RUN_POST setting: False
07/07/26 23:42:03 DAGMAN_CONDOR_SUBMIT_EXE setting: /usr/bin/condor_submit
07/07/26 23:42:03 DAGMAN_CONDOR_RM_EXE setting: /usr/bin/condor_rm
07/07/26 23:42:03 DAGMAN_USE_DIRECT_SUBMIT setting: True
07/07/26 23:42:03 DAGMAN_PRODUCE_JOB_CREDENTIALS setting: True
07/07/26 23:42:03 DAGMAN_DEFAULT_APPEND_VARS setting: False
07/07/26 23:42:03 DAGMAN_INHERIT_ATTRS_PREFIX setting: 
07/07/26 23:42:03 DAGMAN_INHERIT_ATTRS setting: 
07/07/26 23:42:03 DAGMAN_ABORT_DUPLICATES setting: True
07/07/26 23:42:03 DAGMAN_ABORT_ON_SCARY_SUBMIT setting: True
07/07/26 23:42:03 DAGMAN_PENDING_REPORT_INTERVAL setting: 600
07/07/26 23:42:03 DAGMAN_CHECK_QUEUE_INTERVAL setting: 28800
07/07/26 23:42:03 DAGMAN_PRINT_JOB_TABLE_INTERVAL setting: 900
07/07/26 23:42:03 DAGMAN_AUTO_RESCUE setting: True
07/07/26 23:42:03 DAGMAN_MAX_RESCUE_NUM setting: 100
07/07/26 23:42:03 DAGMAN_WRITE_PARTIAL_RESCUE setting: True
07/07/26 23:42:03 DAGMAN_RESET_RETRIES_UPON_RESCUE setting: True
07/07/26 23:42:03 DAGMAN_METRICS_FILE_VERSION setting: 2
07/07/26 23:42:03 DAGMAN_DEFAULT_NODE_LOG setting: @(DAG_DIR)/@(DAG_FILE).nodes.log
07/07/26 23:42:03 DAGMAN_LOG_ON_NFS_IS_ERROR setting: False
07/07/26 23:42:03 DAGMAN_GENERATE_SUBDAG_SUBMITS setting: True
07/07/26 23:42:03 DAGMAN_MAX_JOB_HOLDS setting: 100
07/07/26 23:42:03 DAGMAN_NODE_JOB_FAILURE_TOLERANCE setting: 0
07/07/26 23:42:03 DAGMAN_HOLD_CLAIM_TIME setting: 20
07/07/26 23:42:03 DAGMAN_SUPPRESS_JOB_LOGS setting: False
07/07/26 23:42:03 DAGMAN_REMOVE_NODE_JOBS setting: True
07/07/26 23:42:03 DAGMAN_PUT_FAILED_JOBS_ON_HOLD setting: False
07/07/26 23:42:03 DAGMAN_REMOVE_JOBS_AFTER_LIMIT_CHANGE setting: False
07/07/26 23:42:03 DAGMAN will adjust edges after parsing
07/07/26 23:42:03 argv[0] == "condor_scheduniv_exec.170521.0"
07/07/26 23:42:03 argv[1] == "-Lockfile"
07/07/26 23:42:03 argv[2] == "transport_linetrack_50_25_action_shield.dag.lock"
07/07/26 23:42:03 argv[3] == "-Dag"
07/07/26 23:42:03 argv[4] == "transport_linetrack_50_25_action_shield.dag"
07/07/26 23:42:03 argv[5] == "-CsdVersion"
07/07/26 23:42:03 argv[6] == "$CondorVersion: 24.12.19 2026-04-15 BuildID: 896241 PackageID: 24.12.19-1+deb12 GitSHA: c68f3e0e $"
07/07/26 23:42:03 argv[7] == "-dagman"
07/07/26 23:42:03 argv[8] == "/usr/bin/condor_dagman"
07/07/26 23:42:03 argv[9] == "-AutoRescue"
07/07/26 23:42:03 argv[10] == "1"
07/07/26 23:42:03 argv[11] == "-DoRescueFrom"
07/07/26 23:42:03 argv[12] == "0"
07/07/26 23:42:03 Can't open directory "/etc/condor/passwords.d" as PRIV_ROOT, errno: 13 (Permission denied)
07/07/26 23:42:03 Can't open directory "/etc/condor/passwords.d" as PRIV_ROOT, errno: 13 (Permission denied)
07/07/26 23:42:03 Workflow batch-id: <170521.0>
07/07/26 23:42:03 Workflow batch-name: <transport_linetrack_50_25_action_shield.dag+170521>
07/07/26 23:42:03 Workflow accounting_group: <teaching>
07/07/26 23:42:03 Workflow accounting_group_user: <atml_team041>
07/07/26 23:42:03 Warning: failed to get attribute DAGNodeName
07/07/26 23:42:03 Default node log file is: </home/atml_team041/condor_tutorial/jani_env/experiments/repair_wo_domain/submissions/action_shield/transport_linetrack/./transport_linetrack_50_25_action_shield.dag.nodes.log>
07/07/26 23:42:03 DAG Lockfile will be written to transport_linetrack_50_25_action_shield.dag.lock
07/07/26 23:42:03 DAG Input file is transport_linetrack_50_25_action_shield.dag
07/07/26 23:42:03 Parsing 1 dagfiles
07/07/26 23:42:03 Parsing transport_linetrack_50_25_action_shield.dag ...
07/07/26 23:42:03 Adjusting edges
07/07/26 23:42:03 Found rescue DAG number 3; running transport_linetrack_50_25_action_shield.dag.rescue003 in combination with normal DAG file
07/07/26 23:42:03 ~~~~~~~~~~~~~~~~~~~~~~~~~~~~~~~~~~~~~~~~~~~~~~~~~~~~~~
07/07/26 23:42:03 USING RESCUE DAG transport_linetrack_50_25_action_shield.dag.rescue003
07/07/26 23:42:03 Dag contains 5 total nodes
07/07/26 23:42:03 Bootstrapping...
07/07/26 23:42:03 Number of pre-completed nodes: 3
07/07/26 23:42:03 MultiLogFiles: truncating log file /home/atml_team041/condor_tutorial/jani_env/experiments/repair_wo_domain/submissions/action_shield/transport_linetrack/./transport_linetrack_50_25_action_shield.dag.nodes.log
07/07/26 23:42:03 DAG status: 0 (DAG_STATUS_OK)
07/07/26 23:42:03 Of 5 nodes total:
07/07/26 23:42:03  Done     Pre   Queued    Post   Ready   Un-Ready   Failed   Futile
07/07/26 23:42:03   ===     ===      ===     ===     ===        ===      ===      ===
07/07/26 23:42:03     3       0        0       0       1          1        0        0
07/07/26 23:42:03 0 job proc(s) currently held
07/07/26 23:42:03 DAGMan Runtime Statistics: [EventCycleTimeSum=0.000; SleepCycleTimeSum=0.000; SubmitCycleTimeSum=0.000; EventCycleTimeCount=0.000; SleepCycleTimeCount=0.000; SubmitCycleTimeCount=0.000; LogProcessCycleTimeSum=0.000; LogProcessCycleTimeCount=0.000; ]
07/07/26 23:42:03 Registering condor_event_timer...
07/07/26 23:42:04 Submitting HTCondor Node EVALUATE job(s)...
07/07/26 23:42:04 Submitting node EVALUATE from file transport_linetrack_50_25_action_shield_evaluate.sub using direct job submission
07/07/26 23:42:04 	assigned HTCondor ID (170526.0.0)
07/07/26 23:42:04 Just submitted 1 job this cycle...
07/07/26 23:42:04 DAG status: 0 (DAG_STATUS_OK)
07/07/26 23:42:04 Of 5 nodes total:
07/07/26 23:42:04  Done     Pre   Queued    Post   Ready   Un-Ready   Failed   Futile
07/07/26 23:42:04   ===     ===      ===     ===     ===        ===      ===      ===
07/07/26 23:42:04     3       0        1       0       0          1        0        0
07/07/26 23:42:04 0 job proc(s) currently held
07/07/26 23:42:04 DAGMan Runtime Statistics: [EventCycleTimeSum=0.000; SleepCycleTimeSum=0.000; SubmitCycleTimeAvg=0.240; SubmitCycleTimeMax=0.240; SubmitCycleTimeMin=0.240; SubmitCycleTimeStd=0.240; SubmitCycleTimeSum=0.240; EventCycleTimeCount=0.000; SleepCycleTimeCount=0.000; SubmitCycleTimeCount=1.000; LogProcessCycleTimeSum=0.000; LogProcessCycleTimeCount=0.000; ]
07/07/26 23:42:09 Currently monitoring 1 HTCondor log file(s)
07/07/26 23:42:09 Reassigning the id of job EVALUATE from (170526.0.0) to (170526.0.0)
07/07/26 23:42:09 Event: ULOG_SUBMIT for HTCondor Node EVALUATE (170526.0.0) {07/07/26 23:42:04}
07/07/26 23:42:09 Number of idle job procs: 1
07/07/26 23:42:09 Reassigning the id of job EVALUATE from (170526.0.0) to (170526.1.0)
07/07/26 23:42:09 Event: ULOG_SUBMIT for HTCondor Node EVALUATE (170526.1.0) {07/07/26 23:42:04}
07/07/26 23:42:09 Number of idle job procs: 2
07/07/26 23:42:09 Reassigning the id of job EVALUATE from (170526.1.0) to (170526.10.0)
07/07/26 23:42:09 Event: ULOG_SUBMIT for HTCondor Node EVALUATE (170526.10.0) {07/07/26 23:42:04}
07/07/26 23:42:09 Number of idle job procs: 3
07/07/26 23:42:09 Reassigning the id of job EVALUATE from (170526.10.0) to (170526.11.0)
07/07/26 23:42:09 Event: ULOG_SUBMIT for HTCondor Node EVALUATE (170526.11.0) {07/07/26 23:42:04}
07/07/26 23:42:09 Number of idle job procs: 4
07/07/26 23:42:09 Reassigning the id of job EVALUATE from (170526.11.0) to (170526.12.0)
07/07/26 23:42:09 Event: ULOG_SUBMIT for HTCondor Node EVALUATE (170526.12.0) {07/07/26 23:42:04}
07/07/26 23:42:09 Number of idle job procs: 5
07/07/26 23:42:09 Reassigning the id of job EVALUATE from (170526.12.0) to (170526.13.0)
07/07/26 23:42:09 Event: ULOG_SUBMIT for HTCondor Node EVALUATE (170526.13.0) {07/07/26 23:42:04}
07/07/26 23:42:09 Number of idle job procs: 6
07/07/26 23:42:09 Reassigning the id of job EVALUATE from (170526.13.0) to (170526.14.0)
07/07/26 23:42:09 Event: ULOG_SUBMIT for HTCondor Node EVALUATE (170526.14.0) {07/07/26 23:42:04}
07/07/26 23:42:09 Number of idle job procs: 7
07/07/26 23:42:09 Reassigning the id of job EVALUATE from (170526.14.0) to (170526.15.0)
07/07/26 23:42:09 Event: ULOG_SUBMIT for HTCondor Node EVALUATE (170526.15.0) {07/07/26 23:42:04}
07/07/26 23:42:09 Number of idle job procs: 8
07/07/26 23:42:09 Reassigning the id of job EVALUATE from (170526.15.0) to (170526.16.0)
07/07/26 23:42:09 Event: ULOG_SUBMIT for HTCondor Node EVALUATE (170526.16.0) {07/07/26 23:42:04}
07/07/26 23:42:09 Number of idle job procs: 9
07/07/26 23:42:09 Reassigning the id of job EVALUATE from (170526.16.0) to (170526.17.0)
07/07/26 23:42:09 Event: ULOG_SUBMIT for HTCondor Node EVALUATE (170526.17.0) {07/07/26 23:42:04}
07/07/26 23:42:09 Number of idle job procs: 10
07/07/26 23:42:09 Reassigning the id of job EVALUATE from (170526.17.0) to (170526.18.0)
07/07/26 23:42:09 Event: ULOG_SUBMIT for HTCondor Node EVALUATE (170526.18.0) {07/07/26 23:42:04}
07/07/26 23:42:09 Number of idle job procs: 11
07/07/26 23:42:09 Reassigning the id of job EVALUATE from (170526.18.0) to (170526.19.0)
07/07/26 23:42:09 Event: ULOG_SUBMIT for HTCondor Node EVALUATE (170526.19.0) {07/07/26 23:42:04}
07/07/26 23:42:09 Number of idle job procs: 12
07/07/26 23:42:09 Reassigning the id of job EVALUATE from (170526.19.0) to (170526.2.0)
07/07/26 23:42:09 Event: ULOG_SUBMIT for HTCondor Node EVALUATE (170526.2.0) {07/07/26 23:42:04}
07/07/26 23:42:09 Number of idle job procs: 13
07/07/26 23:42:09 Reassigning the id of job EVALUATE from (170526.2.0) to (170526.20.0)
07/07/26 23:42:09 Event: ULOG_SUBMIT for HTCondor Node EVALUATE (170526.20.0) {07/07/26 23:42:04}
07/07/26 23:42:09 Number of idle job procs: 14
07/07/26 23:42:09 Reassigning the id of job EVALUATE from (170526.20.0) to (170526.21.0)
07/07/26 23:42:09 Event: ULOG_SUBMIT for HTCondor Node EVALUATE (170526.21.0) {07/07/26 23:42:04}
07/07/26 23:42:09 Number of idle job procs: 15
07/07/26 23:42:09 Reassigning the id of job EVALUATE from (170526.21.0) to (170526.22.0)
07/07/26 23:42:09 Event: ULOG_SUBMIT for HTCondor Node EVALUATE (170526.22.0) {07/07/26 23:42:04}
07/07/26 23:42:09 Number of idle job procs: 16
07/07/26 23:42:09 Reassigning the id of job EVALUATE from (170526.22.0) to (170526.23.0)
07/07/26 23:42:09 Event: ULOG_SUBMIT for HTCondor Node EVALUATE (170526.23.0) {07/07/26 23:42:04}
07/07/26 23:42:09 Number of idle job procs: 17
07/07/26 23:42:09 Reassigning the id of job EVALUATE from (170526.23.0) to (170526.24.0)
07/07/26 23:42:09 Event: ULOG_SUBMIT for HTCondor Node EVALUATE (170526.24.0) {07/07/26 23:42:04}
07/07/26 23:42:09 Number of idle job procs: 18
07/07/26 23:42:09 Reassigning the id of job EVALUATE from (170526.24.0) to (170526.25.0)
07/07/26 23:42:09 Event: ULOG_SUBMIT for HTCondor Node EVALUATE (170526.25.0) {07/07/26 23:42:04}
07/07/26 23:42:09 Number of idle job procs: 19
07/07/26 23:42:09 Reassigning the id of job EVALUATE from (170526.25.0) to (170526.26.0)
07/07/26 23:42:09 Event: ULOG_SUBMIT for HTCondor Node EVALUATE (170526.26.0) {07/07/26 23:42:04}
07/07/26 23:42:09 Number of idle job procs: 20
07/07/26 23:42:09 Reassigning the id of job EVALUATE from (170526.26.0) to (170526.27.0)
07/07/26 23:42:09 Event: ULOG_SUBMIT for HTCondor Node EVALUATE (170526.27.0) {07/07/26 23:42:04}
07/07/26 23:42:09 Number of idle job procs: 21
07/07/26 23:42:09 Reassigning the id of job EVALUATE from (170526.27.0) to (170526.28.0)
07/07/26 23:42:09 Event: ULOG_SUBMIT for HTCondor Node EVALUATE (170526.28.0) {07/07/26 23:42:04}
07/07/26 23:42:09 Number of idle job procs: 22
07/07/26 23:42:09 Reassigning the id of job EVALUATE from (170526.28.0) to (170526.29.0)
07/07/26 23:42:09 Event: ULOG_SUBMIT for HTCondor Node EVALUATE (170526.29.0) {07/07/26 23:42:04}
07/07/26 23:42:09 Number of idle job procs: 23
07/07/26 23:42:09 Reassigning the id of job EVALUATE from (170526.29.0) to (170526.3.0)
07/07/26 23:42:09 Event: ULOG_SUBMIT for HTCondor Node EVALUATE (170526.3.0) {07/07/26 23:42:04}
07/07/26 23:42:09 Number of idle job procs: 24
07/07/26 23:42:09 Reassigning the id of job EVALUATE from (170526.3.0) to (170526.30.0)
07/07/26 23:42:09 Event: ULOG_SUBMIT for HTCondor Node EVALUATE (170526.30.0) {07/07/26 23:42:04}
07/07/26 23:42:09 Number of idle job procs: 25
07/07/26 23:42:09 Reassigning the id of job EVALUATE from (170526.30.0) to (170526.31.0)
07/07/26 23:42:09 Event: ULOG_SUBMIT for HTCondor Node EVALUATE (170526.31.0) {07/07/26 23:42:04}
07/07/26 23:42:09 Number of idle job procs: 26
07/07/26 23:42:09 Reassigning the id of job EVALUATE from (170526.31.0) to (170526.32.0)
07/07/26 23:42:09 Event: ULOG_SUBMIT for HTCondor Node EVALUATE (170526.32.0) {07/07/26 23:42:04}
07/07/26 23:42:09 Number of idle job procs: 27
07/07/26 23:42:09 Reassigning the id of job EVALUATE from (170526.32.0) to (170526.33.0)
07/07/26 23:42:09 Event: ULOG_SUBMIT for HTCondor Node EVALUATE (170526.33.0) {07/07/26 23:42:04}
07/07/26 23:42:09 Number of idle job procs: 28
07/07/26 23:42:09 Reassigning the id of job EVALUATE from (170526.33.0) to (170526.34.0)
07/07/26 23:42:09 Event: ULOG_SUBMIT for HTCondor Node EVALUATE (170526.34.0) {07/07/26 23:42:04}
07/07/26 23:42:09 Number of idle job procs: 29
07/07/26 23:42:09 Reassigning the id of job EVALUATE from (170526.34.0) to (170526.35.0)
07/07/26 23:42:09 Event: ULOG_SUBMIT for HTCondor Node EVALUATE (170526.35.0) {07/07/26 23:42:04}
07/07/26 23:42:09 Number of idle job procs: 30
07/07/26 23:42:09 Reassigning the id of job EVALUATE from (170526.35.0) to (170526.36.0)
07/07/26 23:42:09 Event: ULOG_SUBMIT for HTCondor Node EVALUATE (170526.36.0) {07/07/26 23:42:04}
07/07/26 23:42:09 Number of idle job procs: 31
07/07/26 23:42:09 Reassigning the id of job EVALUATE from (170526.36.0) to (170526.37.0)
07/07/26 23:42:09 Event: ULOG_SUBMIT for HTCondor Node EVALUATE (170526.37.0) {07/07/26 23:42:04}
07/07/26 23:42:09 Number of idle job procs: 32
07/07/26 23:42:09 Reassigning the id of job EVALUATE from (170526.37.0) to (170526.38.0)
07/07/26 23:42:09 Event: ULOG_SUBMIT for HTCondor Node EVALUATE (170526.38.0) {07/07/26 23:42:04}
07/07/26 23:42:09 Number of idle job procs: 33
07/07/26 23:42:09 Reassigning the id of job EVALUATE from (170526.38.0) to (170526.39.0)
07/07/26 23:42:09 Event: ULOG_SUBMIT for HTCondor Node EVALUATE (170526.39.0) {07/07/26 23:42:04}
07/07/26 23:42:09 Number of idle job procs: 34
07/07/26 23:42:09 Reassigning the id of job EVALUATE from (170526.39.0) to (170526.4.0)
07/07/26 23:42:09 Event: ULOG_SUBMIT for HTCondor Node EVALUATE (170526.4.0) {07/07/26 23:42:04}
07/07/26 23:42:09 Number of idle job procs: 35
07/07/26 23:42:09 Reassigning the id of job EVALUATE from (170526.4.0) to (170526.5.0)
07/07/26 23:42:09 Event: ULOG_SUBMIT for HTCondor Node EVALUATE (170526.5.0) {07/07/26 23:42:04}
07/07/26 23:42:09 Number of idle job procs: 36
07/07/26 23:42:09 Reassigning the id of job EVALUATE from (170526.5.0) to (170526.6.0)
07/07/26 23:42:09 Event: ULOG_SUBMIT for HTCondor Node EVALUATE (170526.6.0) {07/07/26 23:42:04}
07/07/26 23:42:09 Number of idle job procs: 37
07/07/26 23:42:09 Reassigning the id of job EVALUATE from (170526.6.0) to (170526.7.0)
07/07/26 23:42:09 Event: ULOG_SUBMIT for HTCondor Node EVALUATE (170526.7.0) {07/07/26 23:42:04}
07/07/26 23:42:09 Number of idle job procs: 38
07/07/26 23:42:09 Reassigning the id of job EVALUATE from (170526.7.0) to (170526.8.0)
07/07/26 23:42:09 Event: ULOG_SUBMIT for HTCondor Node EVALUATE (170526.8.0) {07/07/26 23:42:04}
07/07/26 23:42:09 Number of idle job procs: 39
07/07/26 23:42:09 Reassigning the id of job EVALUATE from (170526.8.0) to (170526.9.0)
07/07/26 23:42:09 Event: ULOG_SUBMIT for HTCondor Node EVALUATE (170526.9.0) {07/07/26 23:42:04}
07/07/26 23:42:09 Number of idle job procs: 40
07/07/26 23:42:24 Currently monitoring 1 HTCondor log file(s)
07/07/26 23:42:24 Event: ULOG_EXECUTE for HTCondor Node EVALUATE (170526.11.0) {07/07/26 23:42:21}
07/07/26 23:42:24 Number of idle job procs: 39
07/07/26 23:42:24 Event: ULOG_EXECUTE for HTCondor Node EVALUATE (170526.12.0) {07/07/26 23:42:21}
07/07/26 23:42:24 Number of idle job procs: 38
07/07/26 23:42:24 Event: ULOG_EXECUTE for HTCondor Node EVALUATE (170526.13.0) {07/07/26 23:42:21}
07/07/26 23:42:24 Number of idle job procs: 37
07/07/26 23:42:24 Event: ULOG_EXECUTE for HTCondor Node EVALUATE (170526.21.0) {07/07/26 23:42:21}
07/07/26 23:42:24 Number of idle job procs: 36
07/07/26 23:42:24 Event: ULOG_EXECUTE for HTCondor Node EVALUATE (170526.5.0) {07/07/26 23:42:21}
07/07/26 23:42:24 Number of idle job procs: 35
07/07/26 23:42:24 Event: ULOG_EXECUTE for HTCondor Node EVALUATE (170526.4.0) {07/07/26 23:42:21}
07/07/26 23:42:24 Number of idle job procs: 34
07/07/26 23:42:24 Event: ULOG_EXECUTE for HTCondor Node EVALUATE (170526.0.0) {07/07/26 23:42:21}
07/07/26 23:42:24 Number of idle job procs: 33
07/07/26 23:42:24 Event: ULOG_EXECUTE for HTCondor Node EVALUATE (170526.2.0) {07/07/26 23:42:21}
07/07/26 23:42:24 Number of idle job procs: 32
07/07/26 23:42:24 Event: ULOG_EXECUTE for HTCondor Node EVALUATE (170526.1.0) {07/07/26 23:42:21}
07/07/26 23:42:24 Number of idle job procs: 31
07/07/26 23:42:24 Event: ULOG_EXECUTE for HTCondor Node EVALUATE (170526.20.0) {07/07/26 23:42:21}
07/07/26 23:42:24 Number of idle job procs: 30
07/07/26 23:42:24 Event: ULOG_EXECUTE for HTCondor Node EVALUATE (170526.14.0) {07/07/26 23:42:21}
07/07/26 23:42:24 Number of idle job procs: 29
07/07/26 23:42:24 Event: ULOG_EXECUTE for HTCondor Node EVALUATE (170526.3.0) {07/07/26 23:42:21}
07/07/26 23:42:24 Number of idle job procs: 28
07/07/26 23:42:24 Event: ULOG_EXECUTE for HTCondor Node EVALUATE (170526.6.0) {07/07/26 23:42:21}
07/07/26 23:42:24 Number of idle job procs: 27
07/07/26 23:42:24 Event: ULOG_EXECUTE for HTCondor Node EVALUATE (170526.9.0) {07/07/26 23:42:21}
07/07/26 23:42:24 Number of idle job procs: 26
07/07/26 23:42:24 Event: ULOG_EXECUTE for HTCondor Node EVALUATE (170526.7.0) {07/07/26 23:42:21}
07/07/26 23:42:24 Number of idle job procs: 25
07/07/26 23:42:24 Event: ULOG_EXECUTE for HTCondor Node EVALUATE (170526.8.0) {07/07/26 23:42:21}
07/07/26 23:42:24 Number of idle job procs: 24
07/07/26 23:42:24 Event: ULOG_EXECUTE for HTCondor Node EVALUATE (170526.18.0) {07/07/26 23:42:21}
07/07/26 23:42:24 Number of idle job procs: 23
07/07/26 23:42:24 Event: ULOG_EXECUTE for HTCondor Node EVALUATE (170526.17.0) {07/07/26 23:42:21}
07/07/26 23:42:24 Number of idle job procs: 22
07/07/26 23:42:24 Event: ULOG_EXECUTE for HTCondor Node EVALUATE (170526.15.0) {07/07/26 23:42:21}
07/07/26 23:42:24 Number of idle job procs: 21
07/07/26 23:42:24 Event: ULOG_EXECUTE for HTCondor Node EVALUATE (170526.16.0) {07/07/26 23:42:21}
07/07/26 23:42:24 Number of idle job procs: 20
07/07/26 23:42:24 Event: ULOG_EXECUTE for HTCondor Node EVALUATE (170526.10.0) {07/07/26 23:42:21}
07/07/26 23:42:24 Number of idle job procs: 19
07/07/26 23:42:24 Event: ULOG_EXECUTE for HTCondor Node EVALUATE (170526.19.0) {07/07/26 23:42:21}
07/07/26 23:42:24 Number of idle job procs: 18
07/07/26 23:42:29 Currently monitoring 1 HTCondor log file(s)
07/07/26 23:42:29 Event: ULOG_EXECUTE for HTCondor Node EVALUATE (170526.22.0) {07/07/26 23:42:28}
07/07/26 23:42:29 Number of idle job procs: 17
07/07/26 23:52:30 601 seconds since last log event
07/07/26 23:52:30 Pending DAG nodes:
07/07/26 23:52:30   Node EVALUATE, HTCondor ID 170526, status STATUS_SUBMITTED
07/07/26 23:57:05 Total jobs placed to AP: 40
07/07/26 23:57:05      Idle     Held     Running     Successful     Failed
07/07/26 23:57:05       ===      ===         ===            ===        ===
07/07/26 23:57:05        17        0          23              0          0
07/08/26 00:02:30 1201 seconds since last log event
07/08/26 00:02:30 Pending DAG nodes:
07/08/26 00:02:30   Node EVALUATE, HTCondor ID 170526, status STATUS_SUBMITTED
07/08/26 00:12:06 Total jobs placed to AP: 40
07/08/26 00:12:06      Idle     Held     Running     Successful     Failed
07/08/26 00:12:06       ===      ===         ===            ===        ===
07/08/26 00:12:06        17        0          23              0          0
07/08/26 00:12:31 1802 seconds since last log event
07/08/26 00:12:31 Pending DAG nodes:
07/08/26 00:12:31   Node EVALUATE, HTCondor ID 170526, status STATUS_SUBMITTED
07/08/26 00:12:41 Currently monitoring 1 HTCondor log file(s)
07/08/26 00:12:41 Event: ULOG_EXECUTE for HTCondor Node EVALUATE (170526.23.0) {07/08/26 00:12:37}
07/08/26 00:12:41 Number of idle job procs: 16
07/08/26 00:12:41 Event: ULOG_EXECUTE for HTCondor Node EVALUATE (170526.24.0) {07/08/26 00:12:37}
07/08/26 00:12:41 Number of idle job procs: 15
07/08/26 00:18:41 Currently monitoring 1 HTCondor log file(s)
07/08/26 00:18:41 Event: ULOG_JOB_TERMINATED for HTCondor Node EVALUATE (170526.11.0) {07/08/26 00:18:40}
07/08/26 00:18:41 Number of idle job procs: 15
07/08/26 00:18:41 Node EVALUATE job proc (170526.11.0) completed successfully.
07/08/26 00:19:36 Currently monitoring 1 HTCondor log file(s)
07/08/26 00:19:36 Event: ULOG_JOB_TERMINATED for HTCondor Node EVALUATE (170526.19.0) {07/08/26 00:19:31}
07/08/26 00:19:36 Number of idle job procs: 15
07/08/26 00:19:36 Node EVALUATE job proc (170526.19.0) completed successfully.
07/08/26 00:20:01 Currently monitoring 1 HTCondor log file(s)
07/08/26 00:20:01 Event: ULOG_EXECUTE for HTCondor Node EVALUATE (170526.25.0) {07/08/26 00:19:57}
07/08/26 00:20:01 Number of idle job procs: 14
07/08/26 00:21:31 Currently monitoring 1 HTCondor log file(s)
07/08/26 00:21:31 Event: ULOG_JOB_TERMINATED for HTCondor Node EVALUATE (170526.16.0) {07/08/26 00:21:27}
07/08/26 00:21:31 Number of idle job procs: 14
07/08/26 00:21:31 Node EVALUATE job proc (170526.16.0) completed successfully.
07/08/26 00:22:06 Currently monitoring 1 HTCondor log file(s)
07/08/26 00:22:06 Event: ULOG_EXECUTE for HTCondor Node EVALUATE (170526.26.0) {07/08/26 00:22:01}
07/08/26 00:22:06 Number of idle job procs: 13
07/08/26 00:22:41 Currently monitoring 1 HTCondor log file(s)
07/08/26 00:22:41 Event: ULOG_JOB_TERMINATED for HTCondor Node EVALUATE (170526.20.0) {07/08/26 00:22:39}
07/08/26 00:22:41 Number of idle job procs: 13
07/08/26 00:22:41 Node EVALUATE job proc (170526.20.0) completed successfully.
07/08/26 00:22:46 Currently monitoring 1 HTCondor log file(s)
07/08/26 00:22:46 Event: ULOG_JOB_TERMINATED for HTCondor Node EVALUATE (170526.13.0) {07/08/26 00:22:42}
07/08/26 00:22:46 Number of idle job procs: 13
07/08/26 00:22:46 Node EVALUATE job proc (170526.13.0) completed successfully.
07/08/26 00:22:46 Event: ULOG_JOB_TERMINATED for HTCondor Node EVALUATE (170526.17.0) {07/08/26 00:22:46}
07/08/26 00:22:46 Number of idle job procs: 13
07/08/26 00:22:46 Node EVALUATE job proc (170526.17.0) completed successfully.
07/08/26 00:22:51 Currently monitoring 1 HTCondor log file(s)
07/08/26 00:22:51 Event: ULOG_JOB_TERMINATED for HTCondor Node EVALUATE (170526.12.0) {07/08/26 00:22:46}
07/08/26 00:22:51 Number of idle job procs: 13
07/08/26 00:22:51 Node EVALUATE job proc (170526.12.0) completed successfully.
07/08/26 00:23:01 Currently monitoring 1 HTCondor log file(s)
07/08/26 00:23:01 Event: ULOG_EXECUTE for HTCondor Node EVALUATE (170526.27.0) {07/08/26 00:22:56}
07/08/26 00:23:01 Number of idle job procs: 12
07/08/26 00:23:01 Event: ULOG_EXECUTE for HTCondor Node EVALUATE (170526.28.0) {07/08/26 00:22:57}
07/08/26 00:23:01 Number of idle job procs: 11
07/08/26 00:23:01 Event: ULOG_EXECUTE for HTCondor Node EVALUATE (170526.29.0) {07/08/26 00:22:57}
07/08/26 00:23:01 Number of idle job procs: 10
07/08/26 00:23:01 Event: ULOG_EXECUTE for HTCondor Node EVALUATE (170526.30.0) {07/08/26 00:22:57}
07/08/26 00:23:01 Number of idle job procs: 9
07/08/26 00:23:11 Currently monitoring 1 HTCondor log file(s)
07/08/26 00:23:11 Event: ULOG_JOB_TERMINATED for HTCondor Node EVALUATE (170526.15.0) {07/08/26 00:23:11}
07/08/26 00:23:11 Number of idle job procs: 9
07/08/26 00:23:11 Node EVALUATE job proc (170526.15.0) completed successfully.
07/08/26 00:23:21 Currently monitoring 1 HTCondor log file(s)
07/08/26 00:23:21 Event: ULOG_JOB_TERMINATED for HTCondor Node EVALUATE (170526.14.0) {07/08/26 00:23:19}
07/08/26 00:23:21 Number of idle job procs: 9
07/08/26 00:23:21 Node EVALUATE job proc (170526.14.0) completed successfully.
07/08/26 00:24:01 Currently monitoring 1 HTCondor log file(s)
07/08/26 00:24:01 Event: ULOG_EXECUTE for HTCondor Node EVALUATE (170526.31.0) {07/08/26 00:23:57}
07/08/26 00:24:01 Number of idle job procs: 8
07/08/26 00:24:01 Event: ULOG_EXECUTE for HTCondor Node EVALUATE (170526.32.0) {07/08/26 00:23:57}
07/08/26 00:24:01 Number of idle job procs: 7
07/08/26 00:24:01 Event: ULOG_JOB_TERMINATED for HTCondor Node EVALUATE (170526.22.0) {07/08/26 00:23:58}
07/08/26 00:24:01 Number of idle job procs: 7
07/08/26 00:24:01 Node EVALUATE job proc (170526.22.0) completed successfully.
07/08/26 00:24:21 Currently monitoring 1 HTCondor log file(s)
07/08/26 00:24:21 Event: ULOG_JOB_TERMINATED for HTCondor Node EVALUATE (170526.9.0) {07/08/26 00:24:17}
07/08/26 00:24:21 Number of idle job procs: 7
07/08/26 00:24:21 Node EVALUATE job proc (170526.9.0) completed successfully.
07/08/26 00:24:36 Currently monitoring 1 HTCondor log file(s)
07/08/26 00:24:36 Event: ULOG_JOB_TERMINATED for HTCondor Node EVALUATE (170526.0.0) {07/08/26 00:24:32}
07/08/26 00:24:36 Number of idle job procs: 7
07/08/26 00:24:36 Node EVALUATE job proc (170526.0.0) completed successfully.
07/08/26 00:25:01 Currently monitoring 1 HTCondor log file(s)
07/08/26 00:25:01 Event: ULOG_EXECUTE for HTCondor Node EVALUATE (170526.33.0) {07/08/26 00:24:57}
07/08/26 00:25:01 Number of idle job procs: 6
07/08/26 00:25:01 Event: ULOG_EXECUTE for HTCondor Node EVALUATE (170526.34.0) {07/08/26 00:24:57}
07/08/26 00:25:01 Number of idle job procs: 5
07/08/26 00:25:01 Event: ULOG_EXECUTE for HTCondor Node EVALUATE (170526.35.0) {07/08/26 00:24:57}
07/08/26 00:25:01 Number of idle job procs: 4
07/08/26 00:25:06 Currently monitoring 1 HTCondor log file(s)
07/08/26 00:25:06 Event: ULOG_JOB_TERMINATED for HTCondor Node EVALUATE (170526.4.0) {07/08/26 00:25:05}
07/08/26 00:25:06 Number of idle job procs: 4
07/08/26 00:25:06 Node EVALUATE job proc (170526.4.0) completed successfully.
07/08/26 00:25:11 Currently monitoring 1 HTCondor log file(s)
07/08/26 00:25:11 Event: ULOG_JOB_TERMINATED for HTCondor Node EVALUATE (170526.18.0) {07/08/26 00:25:10}
07/08/26 00:25:11 Number of idle job procs: 4
07/08/26 00:25:11 Node EVALUATE job proc (170526.18.0) completed successfully.
07/08/26 00:25:16 Currently monitoring 1 HTCondor log file(s)
07/08/26 00:25:16 Event: ULOG_JOB_TERMINATED for HTCondor Node EVALUATE (170526.8.0) {07/08/26 00:25:12}
07/08/26 00:25:16 Number of idle job procs: 4
07/08/26 00:25:16 Node EVALUATE job proc (170526.8.0) completed successfully.
07/08/26 00:25:16 Event: ULOG_JOB_TERMINATED for HTCondor Node EVALUATE (170526.6.0) {07/08/26 00:25:14}
07/08/26 00:25:16 Number of idle job procs: 4
07/08/26 00:25:16 Node EVALUATE job proc (170526.6.0) completed successfully.
07/08/26 00:25:36 Currently monitoring 1 HTCondor log file(s)
07/08/26 00:25:36 Event: ULOG_JOB_TERMINATED for HTCondor Node EVALUATE (170526.1.0) {07/08/26 00:25:33}
07/08/26 00:25:36 Number of idle job procs: 4
07/08/26 00:25:36 Node EVALUATE job proc (170526.1.0) completed successfully.
07/08/26 00:25:51 Currently monitoring 1 HTCondor log file(s)
07/08/26 00:25:51 Event: ULOG_JOB_TERMINATED for HTCondor Node EVALUATE (170526.7.0) {07/08/26 00:25:49}
07/08/26 00:25:51 Number of idle job procs: 4
07/08/26 00:25:51 Node EVALUATE job proc (170526.7.0) completed successfully.
07/08/26 00:25:56 Currently monitoring 1 HTCondor log file(s)
07/08/26 00:25:56 Event: ULOG_JOB_TERMINATED for HTCondor Node EVALUATE (170526.3.0) {07/08/26 00:25:53}
07/08/26 00:25:56 Number of idle job procs: 4
07/08/26 00:25:56 Node EVALUATE job proc (170526.3.0) completed successfully.
07/08/26 00:25:56 Event: ULOG_EXECUTE for HTCondor Node EVALUATE (170526.37.0) {07/08/26 00:25:56}
07/08/26 00:25:56 Number of idle job procs: 3
07/08/26 00:25:56 Event: ULOG_EXECUTE for HTCondor Node EVALUATE (170526.36.0) {07/08/26 00:25:56}
07/08/26 00:25:56 Number of idle job procs: 2
07/08/26 00:25:56 Event: ULOG_EXECUTE for HTCondor Node EVALUATE (170526.38.0) {07/08/26 00:25:56}
07/08/26 00:25:56 Number of idle job procs: 1
07/08/26 00:25:56 Event: ULOG_EXECUTE for HTCondor Node EVALUATE (170526.39.0) {07/08/26 00:25:56}
07/08/26 00:25:56 Number of idle job procs: 0
07/08/26 00:26:16 Currently monitoring 1 HTCondor log file(s)
07/08/26 00:26:16 Event: ULOG_JOB_TERMINATED for HTCondor Node EVALUATE (170526.2.0) {07/08/26 00:26:15}
07/08/26 00:26:16 Number of idle job procs: 0
07/08/26 00:26:16 Node EVALUATE job proc (170526.2.0) completed successfully.
07/08/26 00:26:26 Currently monitoring 1 HTCondor log file(s)
07/08/26 00:26:26 Event: ULOG_JOB_TERMINATED for HTCondor Node EVALUATE (170526.5.0) {07/08/26 00:26:23}
07/08/26 00:26:26 Number of idle job procs: 0
07/08/26 00:26:26 Node EVALUATE job proc (170526.5.0) completed successfully.
07/08/26 00:27:06 Currently monitoring 1 HTCondor log file(s)
07/08/26 00:27:06 Event: ULOG_JOB_TERMINATED for HTCondor Node EVALUATE (170526.21.0) {07/08/26 00:27:04}
07/08/26 00:27:06 Number of idle job procs: 0
07/08/26 00:27:06 Node EVALUATE job proc (170526.21.0) completed successfully.
07/08/26 00:27:06 Total jobs placed to AP: 40
07/08/26 00:27:06      Idle     Held     Running     Successful     Failed
07/08/26 00:27:06       ===      ===         ===            ===        ===
07/08/26 00:27:06         0        0          18             22          0
07/08/26 00:27:11 Currently monitoring 1 HTCondor log file(s)
07/08/26 00:27:11 Event: ULOG_JOB_TERMINATED for HTCondor Node EVALUATE (170526.10.0) {07/08/26 00:27:10}
07/08/26 00:27:11 Number of idle job procs: 0
07/08/26 00:27:11 Node EVALUATE job proc (170526.10.0) completed successfully.
07/08/26 00:37:12 601 seconds since last log event
07/08/26 00:37:12 Pending DAG nodes:
07/08/26 00:37:12   Node EVALUATE, HTCondor ID 170526, status STATUS_SUBMITTED
07/08/26 00:42:07 Total jobs placed to AP: 40
07/08/26 00:42:07      Idle     Held     Running     Successful     Failed
07/08/26 00:42:07       ===      ===         ===            ===        ===
07/08/26 00:42:07         0        0          17             23          0
07/08/26 00:47:12 1201 seconds since last log event
07/08/26 00:47:12 Pending DAG nodes:
07/08/26 00:47:12   Node EVALUATE, HTCondor ID 170526, status STATUS_SUBMITTED
07/08/26 00:57:08 Total jobs placed to AP: 40
07/08/26 00:57:08      Idle     Held     Running     Successful     Failed
07/08/26 00:57:08       ===      ===         ===            ===        ===
07/08/26 00:57:08         0        0          17             23          0
07/08/26 00:57:13 1802 seconds since last log event
07/08/26 00:57:13 Pending DAG nodes:
07/08/26 00:57:13   Node EVALUATE, HTCondor ID 170526, status STATUS_SUBMITTED
07/08/26 00:58:53 Currently monitoring 1 HTCondor log file(s)
07/08/26 00:58:53 Event: ULOG_JOB_TERMINATED for HTCondor Node EVALUATE (170526.24.0) {07/08/26 00:58:50}
07/08/26 00:58:53 Number of idle job procs: 0
07/08/26 00:58:53 Node EVALUATE job proc (170526.24.0) completed successfully.
07/08/26 01:00:03 Currently monitoring 1 HTCondor log file(s)
07/08/26 01:00:03 Event: ULOG_JOB_TERMINATED for HTCondor Node EVALUATE (170526.25.0) {07/08/26 01:00:00}
07/08/26 01:00:03 Number of idle job procs: 0
07/08/26 01:00:03 Node EVALUATE job proc (170526.25.0) completed successfully.
07/08/26 01:00:13 Currently monitoring 1 HTCondor log file(s)
07/08/26 01:00:13 Event: ULOG_JOB_TERMINATED for HTCondor Node EVALUATE (170526.23.0) {07/08/26 01:00:12}
07/08/26 01:00:13 Number of idle job procs: 0
07/08/26 01:00:13 Node EVALUATE job proc (170526.23.0) completed successfully.
07/08/26 01:01:23 Currently monitoring 1 HTCondor log file(s)
07/08/26 01:01:23 Event: ULOG_JOB_TERMINATED for HTCondor Node EVALUATE (170526.29.0) {07/08/26 01:01:22}
07/08/26 01:01:23 Number of idle job procs: 0
07/08/26 01:01:23 Node EVALUATE job proc (170526.29.0) completed successfully.
07/08/26 01:01:53 Currently monitoring 1 HTCondor log file(s)
07/08/26 01:01:53 Event: ULOG_JOB_TERMINATED for HTCondor Node EVALUATE (170526.28.0) {07/08/26 01:01:53}
07/08/26 01:01:53 Number of idle job procs: 0
07/08/26 01:01:53 Node EVALUATE job proc (170526.28.0) completed successfully.
07/08/26 01:03:48 Currently monitoring 1 HTCondor log file(s)
07/08/26 01:03:48 Event: ULOG_JOB_TERMINATED for HTCondor Node EVALUATE (170526.26.0) {07/08/26 01:03:47}
07/08/26 01:03:48 Number of idle job procs: 0
07/08/26 01:03:48 Node EVALUATE job proc (170526.26.0) completed successfully.
07/08/26 01:04:03 Currently monitoring 1 HTCondor log file(s)
07/08/26 01:04:03 Event: ULOG_JOB_TERMINATED for HTCondor Node EVALUATE (170526.30.0) {07/08/26 01:04:03}
07/08/26 01:04:03 Number of idle job procs: 0
07/08/26 01:04:03 Node EVALUATE job proc (170526.30.0) completed successfully.
07/08/26 01:04:58 Currently monitoring 1 HTCondor log file(s)
07/08/26 01:04:58 Event: ULOG_JOB_TERMINATED for HTCondor Node EVALUATE (170526.27.0) {07/08/26 01:04:58}
07/08/26 01:04:58 Number of idle job procs: 0
07/08/26 01:04:58 Node EVALUATE job proc (170526.27.0) completed successfully.
07/08/26 01:05:28 Currently monitoring 1 HTCondor log file(s)
07/08/26 01:05:28 Event: ULOG_JOB_TERMINATED for HTCondor Node EVALUATE (170526.31.0) {07/08/26 01:05:26}
07/08/26 01:05:28 Number of idle job procs: 0
07/08/26 01:05:28 Node EVALUATE job proc (170526.31.0) completed successfully.
07/08/26 01:06:48 Currently monitoring 1 HTCondor log file(s)
07/08/26 01:06:48 Event: ULOG_JOB_TERMINATED for HTCondor Node EVALUATE (170526.35.0) {07/08/26 01:06:47}
07/08/26 01:06:48 Number of idle job procs: 0
07/08/26 01:06:48 Node EVALUATE job proc (170526.35.0) completed successfully.
07/08/26 01:07:24 Currently monitoring 1 HTCondor log file(s)
07/08/26 01:07:24 Event: ULOG_JOB_TERMINATED for HTCondor Node EVALUATE (170526.33.0) {07/08/26 01:07:19}
07/08/26 01:07:24 Number of idle job procs: 0
07/08/26 01:07:24 Node EVALUATE job proc (170526.33.0) completed successfully.
07/08/26 01:07:24 Event: ULOG_JOB_TERMINATED for HTCondor Node EVALUATE (170526.32.0) {07/08/26 01:07:22}
07/08/26 01:07:24 Number of idle job procs: 0
07/08/26 01:07:24 Node EVALUATE job proc (170526.32.0) completed successfully.
07/08/26 01:08:39 Currently monitoring 1 HTCondor log file(s)
07/08/26 01:08:39 Event: ULOG_JOB_TERMINATED for HTCondor Node EVALUATE (170526.36.0) {07/08/26 01:08:36}
07/08/26 01:08:39 Number of idle job procs: 0
07/08/26 01:08:39 Node EVALUATE job proc (170526.36.0) completed successfully.
07/08/26 01:08:44 Currently monitoring 1 HTCondor log file(s)
07/08/26 01:08:44 Event: ULOG_JOB_TERMINATED for HTCondor Node EVALUATE (170526.39.0) {07/08/26 01:08:40}
07/08/26 01:08:44 Number of idle job procs: 0
07/08/26 01:08:44 Node EVALUATE job proc (170526.39.0) completed successfully.
07/08/26 01:08:54 Currently monitoring 1 HTCondor log file(s)
07/08/26 01:08:54 Event: ULOG_JOB_TERMINATED for HTCondor Node EVALUATE (170526.38.0) {07/08/26 01:08:50}
07/08/26 01:08:54 Number of idle job procs: 0
07/08/26 01:08:54 Node EVALUATE job proc (170526.38.0) completed successfully.
07/08/26 01:09:29 Currently monitoring 1 HTCondor log file(s)
07/08/26 01:09:29 Event: ULOG_JOB_TERMINATED for HTCondor Node EVALUATE (170526.37.0) {07/08/26 01:09:27}
07/08/26 01:09:29 Number of idle job procs: 0
07/08/26 01:09:29 Node EVALUATE job proc (170526.37.0) completed successfully.
07/08/26 01:12:09 Total jobs placed to AP: 40
07/08/26 01:12:09      Idle     Held     Running     Successful     Failed
07/08/26 01:12:09       ===      ===         ===            ===        ===
07/08/26 01:12:09         0        0           1             39          0
07/08/26 01:15:39 Currently monitoring 1 HTCondor log file(s)
07/08/26 01:15:39 Event: ULOG_JOB_TERMINATED for HTCondor Node EVALUATE (170526.34.0) {07/08/26 01:15:37}
07/08/26 01:15:39 Number of idle job procs: 0
07/08/26 01:15:39 Node EVALUATE job proc (170526.34.0) completed successfully.
07/08/26 01:15:39 Node EVALUATE job(s) have exited the queue
07/08/26 01:15:39 DAG status: 0 (DAG_STATUS_OK)
07/08/26 01:15:39 Of 5 nodes total:
07/08/26 01:15:39  Done     Pre   Queued    Post   Ready   Un-Ready   Failed   Futile
07/08/26 01:15:39   ===     ===      ===     ===     ===        ===      ===      ===
07/08/26 01:15:39     4       0        0       0       1          0        0        0
07/08/26 01:15:39 0 job proc(s) currently held
07/08/26 01:15:39 DAGMan Runtime Statistics: [EventCycleTimeAvg=0.001; EventCycleTimeMax=0.245; EventCycleTimeMin=0.000; EventCycleTimeStd=0.008; EventCycleTimeSum=0.680; SleepCycleTimeAvg=5.004; SleepCycleTimeMax=5.024; SleepCycleTimeMin=5.001; SleepCycleTimeStd=0.001; SleepCycleTimeSum=5614.460; SubmitCycleTimeAvg=0.000; SubmitCycleTimeMax=0.240; SubmitCycleTimeMin=0.000; SubmitCycleTimeStd=0.007; SubmitCycleTimeSum=0.241; EventCycleTimeCount=1122.000; SleepCycleTimeCount=1122.000; SubmitCycleTimeCount=1123.000; LogProcessCycleTimeAvg=0.005; LogProcessCycleTimeMax=0.069; LogProcessCycleTimeMin=0.002; LogProcessCycleTimeStd=0.010; LogProcessCycleTimeSum=0.229; LogProcessCycleTimeCount=45.000; ]
07/08/26 01:15:44 Submitting HTCondor Node MERGE_EVALUATION job(s)...
07/08/26 01:15:44 Submitting node MERGE_EVALUATION from file transport_linetrack_50_25_action_shield_merge_evaluation.sub using direct job submission
07/08/26 01:15:44 	assigned HTCondor ID (170542.0.0)
07/08/26 01:15:44 Just submitted 1 job this cycle...
07/08/26 01:15:44 DAG status: 0 (DAG_STATUS_OK)
07/08/26 01:15:44 Of 5 nodes total:
07/08/26 01:15:44  Done     Pre   Queued    Post   Ready   Un-Ready   Failed   Futile
07/08/26 01:15:44   ===     ===      ===     ===     ===        ===      ===      ===
07/08/26 01:15:44     4       0        1       0       0          0        0        0
07/08/26 01:15:44 0 job proc(s) currently held
07/08/26 01:15:44 DAGMan Runtime Statistics: [EventCycleTimeAvg=0.001; EventCycleTimeMax=0.245; EventCycleTimeMin=0.000; EventCycleTimeStd=0.008; EventCycleTimeSum=0.686; SleepCycleTimeAvg=5.004; SleepCycleTimeMax=5.024; SleepCycleTimeMin=5.001; SleepCycleTimeStd=0.001; SleepCycleTimeSum=5619.463; SubmitCycleTimeAvg=0.000; SubmitCycleTimeMax=0.240; SubmitCycleTimeMin=0.000; SubmitCycleTimeStd=0.007; SubmitCycleTimeSum=0.278; EventCycleTimeCount=1123.000; SleepCycleTimeCount=1123.000; SubmitCycleTimeCount=1124.000; LogProcessCycleTimeAvg=0.005; LogProcessCycleTimeMax=0.069; LogProcessCycleTimeMin=0.002; LogProcessCycleTimeStd=0.010; LogProcessCycleTimeSum=0.229; LogProcessCycleTimeCount=45.000; ]
07/08/26 01:15:49 Currently monitoring 1 HTCondor log file(s)
07/08/26 01:15:49 Reassigning the id of job MERGE_EVALUATION from (170542.0.0) to (170542.0.0)
07/08/26 01:15:49 Event: ULOG_SUBMIT for HTCondor Node MERGE_EVALUATION (170542.0.0) {07/08/26 01:15:44}
07/08/26 01:15:49 Number of idle job procs: 1
07/08/26 01:25:49 600 seconds since last log event
07/08/26 01:25:49 Pending DAG nodes:
07/08/26 01:25:49   Node MERGE_EVALUATION, HTCondor ID 170542, status STATUS_SUBMITTED
07/08/26 01:27:10 Total jobs placed to AP: 41
07/08/26 01:27:10      Idle     Held     Running     Successful     Failed
07/08/26 01:27:10       ===      ===         ===            ===        ===
07/08/26 01:27:10         1        0           0             40          0
07/08/26 01:35:50 1201 seconds since last log event
07/08/26 01:35:50 Pending DAG nodes:
07/08/26 01:35:50   Node MERGE_EVALUATION, HTCondor ID 170542, status STATUS_SUBMITTED
07/08/26 01:42:10 Total jobs placed to AP: 41
07/08/26 01:42:10      Idle     Held     Running     Successful     Failed
07/08/26 01:42:10       ===      ===         ===            ===        ===
07/08/26 01:42:10         1        0           0             40          0
07/08/26 01:45:50 1801 seconds since last log event
07/08/26 01:45:50 Pending DAG nodes:
07/08/26 01:45:50   Node MERGE_EVALUATION, HTCondor ID 170542, status STATUS_SUBMITTED
07/08/26 01:55:50 2401 seconds since last log event
07/08/26 01:55:50 Pending DAG nodes:
07/08/26 01:55:50   Node MERGE_EVALUATION, HTCondor ID 170542, status STATUS_SUBMITTED
07/08/26 01:57:10 Total jobs placed to AP: 41
07/08/26 01:57:10      Idle     Held     Running     Successful     Failed
07/08/26 01:57:10       ===      ===         ===            ===        ===
07/08/26 01:57:10         1        0           0             40          0
07/08/26 02:05:51 3002 seconds since last log event
07/08/26 02:05:51 Pending DAG nodes:
07/08/26 02:05:51   Node MERGE_EVALUATION, HTCondor ID 170542, status STATUS_SUBMITTED
07/08/26 02:12:11 Total jobs placed to AP: 41
07/08/26 02:12:11      Idle     Held     Running     Successful     Failed
07/08/26 02:12:11       ===      ===         ===            ===        ===
07/08/26 02:12:11         1        0           0             40          0
07/08/26 02:15:51 3602 seconds since last log event
07/08/26 02:15:51 Pending DAG nodes:
07/08/26 02:15:51   Node MERGE_EVALUATION, HTCondor ID 170542, status STATUS_SUBMITTED
07/08/26 02:25:52 4203 seconds since last log event
07/08/26 02:25:52 Pending DAG nodes:
07/08/26 02:25:52   Node MERGE_EVALUATION, HTCondor ID 170542, status STATUS_SUBMITTED
07/08/26 02:27:12 Total jobs placed to AP: 41
07/08/26 02:27:12      Idle     Held     Running     Successful     Failed
07/08/26 02:27:12       ===      ===         ===            ===        ===
07/08/26 02:27:12         1        0           0             40          0
07/08/26 02:35:52 4803 seconds since last log event
07/08/26 02:35:52 Pending DAG nodes:
07/08/26 02:35:52   Node MERGE_EVALUATION, HTCondor ID 170542, status STATUS_SUBMITTED
07/08/26 02:42:12 Total jobs placed to AP: 41
07/08/26 02:42:12      Idle     Held     Running     Successful     Failed
07/08/26 02:42:12       ===      ===         ===            ===        ===
07/08/26 02:42:12         1        0           0             40          0
07/08/26 02:45:53 5404 seconds since last log event
07/08/26 02:45:53 Pending DAG nodes:
07/08/26 02:45:53   Node MERGE_EVALUATION, HTCondor ID 170542, status STATUS_SUBMITTED
07/08/26 02:55:53 6004 seconds since last log event
07/08/26 02:55:53 Pending DAG nodes:
07/08/26 02:55:53   Node MERGE_EVALUATION, HTCondor ID 170542, status STATUS_SUBMITTED
07/08/26 02:57:13 Total jobs placed to AP: 41
07/08/26 02:57:13      Idle     Held     Running     Successful     Failed
07/08/26 02:57:13       ===      ===         ===            ===        ===
07/08/26 02:57:13         1        0           0             40          0
07/08/26 03:05:54 6605 seconds since last log event
07/08/26 03:05:54 Pending DAG nodes:
07/08/26 03:05:54   Node MERGE_EVALUATION, HTCondor ID 170542, status STATUS_SUBMITTED
07/08/26 03:12:14 Total jobs placed to AP: 41
07/08/26 03:12:14      Idle     Held     Running     Successful     Failed
07/08/26 03:12:14       ===      ===         ===            ===        ===
07/08/26 03:12:14         1        0           0             40          0
07/08/26 03:15:54 7205 seconds since last log event
07/08/26 03:15:54 Pending DAG nodes:
07/08/26 03:15:54   Node MERGE_EVALUATION, HTCondor ID 170542, status STATUS_SUBMITTED
07/08/26 03:25:55 7806 seconds since last log event
07/08/26 03:25:55 Pending DAG nodes:
07/08/26 03:25:55   Node MERGE_EVALUATION, HTCondor ID 170542, status STATUS_SUBMITTED
07/08/26 03:27:15 Total jobs placed to AP: 41
07/08/26 03:27:15      Idle     Held     Running     Successful     Failed
07/08/26 03:27:15       ===      ===         ===            ===        ===
07/08/26 03:27:15         1        0           0             40          0
07/08/26 03:35:55 8406 seconds since last log event
07/08/26 03:35:55 Pending DAG nodes:
07/08/26 03:35:55   Node MERGE_EVALUATION, HTCondor ID 170542, status STATUS_SUBMITTED
07/08/26 03:42:15 Total jobs placed to AP: 41
07/08/26 03:42:15      Idle     Held     Running     Successful     Failed
07/08/26 03:42:15       ===      ===         ===            ===        ===
07/08/26 03:42:15         1        0           0             40          0
07/08/26 03:45:56 9007 seconds since last log event
07/08/26 03:45:56 Pending DAG nodes:
07/08/26 03:45:56   Node MERGE_EVALUATION, HTCondor ID 170542, status STATUS_SUBMITTED
07/08/26 03:55:56 9607 seconds since last log event
07/08/26 03:55:56 Pending DAG nodes:
07/08/26 03:55:56   Node MERGE_EVALUATION, HTCondor ID 170542, status STATUS_SUBMITTED
07/08/26 03:57:16 Total jobs placed to AP: 41
07/08/26 03:57:16      Idle     Held     Running     Successful     Failed
07/08/26 03:57:16       ===      ===         ===            ===        ===
07/08/26 03:57:16         1        0           0             40          0
07/08/26 04:05:57 10208 seconds since last log event
07/08/26 04:05:57 Pending DAG nodes:
07/08/26 04:05:57   Node MERGE_EVALUATION, HTCondor ID 170542, status STATUS_SUBMITTED
07/08/26 04:12:17 Currently monitoring 1 HTCondor log file(s)
07/08/26 04:12:17 Event: ULOG_EXECUTE for HTCondor Node MERGE_EVALUATION (170542.0.0) {07/08/26 04:12:13}
07/08/26 04:12:17 Number of idle job procs: 0
07/08/26 04:12:17 Total jobs placed to AP: 41
07/08/26 04:12:17      Idle     Held     Running     Successful     Failed
07/08/26 04:12:17       ===      ===         ===            ===        ===
07/08/26 04:12:17         0        0           1             40          0
07/08/26 04:12:22 Currently monitoring 1 HTCondor log file(s)
07/08/26 04:12:22 Event: ULOG_JOB_TERMINATED for HTCondor Node MERGE_EVALUATION (170542.0.0) {07/08/26 04:12:20}
07/08/26 04:12:22 Number of idle job procs: 0
07/08/26 04:12:22 Node MERGE_EVALUATION job proc (170542.0.0) completed successfully.
07/08/26 04:12:22 Node MERGE_EVALUATION job(s) have exited the queue
07/08/26 04:12:22 DAG status: 0 (DAG_STATUS_OK)
07/08/26 04:12:22 Of 5 nodes total:
07/08/26 04:12:22  Done     Pre   Queued    Post   Ready   Un-Ready   Failed   Futile
07/08/26 04:12:22   ===     ===      ===     ===     ===        ===      ===      ===
07/08/26 04:12:22     5       0        0       0       0          0        0        0
07/08/26 04:12:22 0 job proc(s) currently held
07/08/26 04:12:22 DAGMan Runtime Statistics: [EventCycleTimeAvg=0.000; EventCycleTimeMax=0.245; EventCycleTimeMin=0.000; EventCycleTimeStd=0.005; EventCycleTimeSum=1.227; SleepCycleTimeAvg=5.004; SleepCycleTimeMax=5.024; SleepCycleTimeMin=4.003; SleepCycleTimeStd=0.018; SleepCycleTimeSum=16217.033; SubmitCycleTimeAvg=0.000; SubmitCycleTimeMax=0.240; SubmitCycleTimeMin=0.000; SubmitCycleTimeStd=0.004; SubmitCycleTimeSum=0.280; EventCycleTimeCount=3241.000; SleepCycleTimeCount=3241.000; SubmitCycleTimeCount=3242.000; LogProcessCycleTimeAvg=0.005; LogProcessCycleTimeMax=0.069; LogProcessCycleTimeMin=0.002; LogProcessCycleTimeStd=0.010; LogProcessCycleTimeSum=0.239; LogProcessCycleTimeCount=48.000; ]
07/08/26 04:12:22 All jobs Completed!
07/08/26 04:12:22 Note: 0 total node deferrals because of -MaxJobs limit (0)
07/08/26 04:12:22 Note: 0 total node deferrals because of -MaxIdle limit (1000)
07/08/26 04:12:22 Note: 0 total node deferrals because of node category throttles
07/08/26 04:12:22 Note: 0 total PRE script deferrals because of -MaxPre limit (20) or DEFER
07/08/26 04:12:22 Note: 0 total POST script deferrals because of -MaxPost limit (20) or DEFER
07/08/26 04:12:22 Note: 0 total HOLD script deferrals because of -MaxHold limit (20) or DEFER
07/08/26 04:12:22 DAG status: 0 (DAG_STATUS_OK)
07/08/26 04:12:22 Of 5 nodes total:
07/08/26 04:12:22  Done     Pre   Queued    Post   Ready   Un-Ready   Failed   Futile
07/08/26 04:12:22   ===     ===      ===     ===     ===        ===      ===      ===
07/08/26 04:12:22     5       0        0       0       0          0        0        0
07/08/26 04:12:22 0 job proc(s) currently held
07/08/26 04:12:22 DAGMan Runtime Statistics: [EventCycleTimeAvg=0.000; EventCycleTimeMax=0.245; EventCycleTimeMin=0.000; EventCycleTimeStd=0.005; EventCycleTimeSum=1.227; SleepCycleTimeAvg=5.004; SleepCycleTimeMax=5.024; SleepCycleTimeMin=4.003; SleepCycleTimeStd=0.018; SleepCycleTimeSum=16217.033; SubmitCycleTimeAvg=0.000; SubmitCycleTimeMax=0.240; SubmitCycleTimeMin=0.000; SubmitCycleTimeStd=0.004; SubmitCycleTimeSum=0.280; EventCycleTimeCount=3241.000; SleepCycleTimeCount=3241.000; SubmitCycleTimeCount=3242.000; LogProcessCycleTimeAvg=0.005; LogProcessCycleTimeMax=0.069; LogProcessCycleTimeMin=0.002; LogProcessCycleTimeStd=0.010; LogProcessCycleTimeSum=0.239; LogProcessCycleTimeCount=48.000; ]
07/08/26 04:12:22 Wrote metrics file transport_linetrack_50_25_action_shield.dag.metrics.
07/08/26 04:12:22 DAGMan Runtime Statistics: [EventCycleTimeAvg=0.000; EventCycleTimeMax=0.245; EventCycleTimeMin=0.000; EventCycleTimeStd=0.005; EventCycleTimeSum=1.227; SleepCycleTimeAvg=5.004; SleepCycleTimeMax=5.024; SleepCycleTimeMin=4.003; SleepCycleTimeStd=0.018; SleepCycleTimeSum=16217.033; SubmitCycleTimeAvg=0.000; SubmitCycleTimeMax=0.240; SubmitCycleTimeMin=0.000; SubmitCycleTimeStd=0.004; SubmitCycleTimeSum=0.280; EventCycleTimeCount=3241.000; SleepCycleTimeCount=3241.000; SubmitCycleTimeCount=3242.000; LogProcessCycleTimeAvg=0.005; LogProcessCycleTimeMax=0.069; LogProcessCycleTimeMin=0.002; LogProcessCycleTimeStd=0.010; LogProcessCycleTimeSum=0.239; LogProcessCycleTimeCount=48.000; ]
07/08/26 04:12:22 **** condor_scheduniv_exec.170521.0 (condor_DAGMAN) pid 717205 EXITING WITH STATUS 0
07/08/26 19:43:09 ******************************************************
07/08/26 19:43:09 ** condor_scheduniv_exec.170728.0 (CONDOR_DAGMAN) STARTING UP
07/08/26 19:43:09 ** /usr/bin/condor_dagman
07/08/26 19:43:09 ** SubsystemInfo: name=DAGMAN type=DAGMAN(9) class=CLIENT(2)
07/08/26 19:43:09 ** Configuration: subsystem:DAGMAN local:<NONE> class:CLIENT
07/08/26 19:43:09 ** $CondorVersion: 24.12.19 2026-04-15 BuildID: 896241 PackageID: 24.12.19-1+deb12 GitSHA: c68f3e0e $
07/08/26 19:43:09 ** $CondorPlatform: X86_64-Debian_12 $
07/08/26 19:43:09 ** PID = 1211824 RealUID = 1620002036
07/08/26 19:43:09 ** Log last touched 7/8 14:10:21
07/08/26 19:43:09 ******************************************************
07/08/26 19:43:09 Using config source: /etc/condor/condor_config
07/08/26 19:43:09 Using local config sources: 
07/08/26 19:43:09    /etc/condor/config.d/01-submit.conf
07/08/26 19:43:09    /etc/condor/config.d/10-stash-plugin.conf
07/08/26 19:43:09    /etc/condor/config.d/23-network.config
07/08/26 19:43:09    /etc/condor/config.d/31-mail.conf
07/08/26 19:43:09    /etc/condor/config.d/35-cc-sync.conf
07/08/26 19:43:09    /etc/condor/config.d/41-periodic-remove.conf
07/08/26 19:43:09    /etc/condor/config.d/49-common.conf
07/08/26 19:43:09    /etc/condor/config.d/52-group-mapping.conf
07/08/26 19:43:09    /etc/condor/config.d/54-container.conf
07/08/26 19:43:09    /etc/condor/config.d/67-submit-transforms.conf
07/08/26 19:43:09    /etc/condor/config.d/71-submit-requirements.conf
07/08/26 19:43:09    /etc/condor/condor_config.local
07/08/26 19:43:09 config Macros = 110, Sorted = 110, StringBytes = 6391, TablesBytes = 4088
07/08/26 19:43:09 CLASSAD_CACHING is ENABLED
07/08/26 19:43:09 Daemon Log is logging: D_ALWAYS D_ERROR D_STATUS
07/08/26 19:43:09 Daemoncore: Listening at <0.0.0.0:1515> on TCP (ReliSock) and UDP (SafeSock).
07/08/26 19:43:09 DaemonCore: command socket at <10.143.248.60:1515?addrs=10.143.248.60-1515&alias=conduit.hpc.uni-saarland.de>
07/08/26 19:43:09 DaemonCore: private command socket at <10.143.248.60:1515?addrs=10.143.248.60-1515&alias=conduit.hpc.uni-saarland.de>
07/08/26 19:43:09 DAGMAN_USE_STRICT setting: 1
07/08/26 19:43:09 DAGMAN_VERBOSITY setting: 3
07/08/26 19:43:09 DAGMAN_DEBUG_CACHE_SIZE setting: 5242880
07/08/26 19:43:09 DAGMAN_DEBUG_CACHE_ENABLE setting: False
07/08/26 19:43:09 DAGMAN_SUBMIT_DELAY setting: 0
07/08/26 19:43:09 DAGMAN_MAX_SUBMIT_ATTEMPTS setting: 6
07/08/26 19:43:09 DAGMAN_STARTUP_CYCLE_DETECT setting: False
07/08/26 19:43:09 DAGMAN_USE_JOIN_NODES setting: True
07/08/26 19:43:09 DAGMAN_REPORT_GRAPH_METRICS setting: False
07/08/26 19:43:09 DAGMAN_MAX_SUBMITS_PER_INTERVAL setting: 100
07/08/26 19:43:09 DAGMAN_AGGRESSIVE_SUBMIT setting: False
07/08/26 19:43:09 DAGMAN_USER_LOG_SCAN_INTERVAL setting: 5
07/08/26 19:43:09 DAGMAN_QUEUE_UPDATE_INTERVAL setting: 300.000000
07/08/26 19:43:09 DAGMAN_DEFAULT_PRIORITY setting: 0
07/08/26 19:43:09 DAGMAN_SUPPRESS_NOTIFICATION setting: False
07/08/26 19:43:09 allow_events (DAGMAN_ALLOW_EVENTS) setting: 114
07/08/26 19:43:09 DAGMAN_RETRY_SUBMIT_FIRST setting: True
07/08/26 19:43:09 DAGMAN_RETRY_NODE_FIRST setting: False
07/08/26 19:43:09 DAGMAN_MAX_JOBS_IDLE setting: 1000
07/08/26 19:43:09 DAGMAN_MAX_JOBS_SUBMITTED setting: 0
07/08/26 19:43:09 DAGMAN_MAX_PRE_SCRIPTS setting: 20
07/08/26 19:43:09 DAGMAN_MAX_POST_SCRIPTS setting: 20
07/08/26 19:43:09 DAGMAN_MAX_HOLD_SCRIPTS setting: 20
07/08/26 19:43:09 DAGMAN_MUNGE_NODE_NAMES setting: True
07/08/26 19:43:09 DAGMAN_ALLOW_ANY_NODE_NAME_CHARACTERS setting: False
07/08/26 19:43:09 DAGMAN_PROHIBIT_MULTI_JOBS setting: False
07/08/26 19:43:09 DAGMAN_SUBMIT_DEPTH_FIRST setting: False
07/08/26 19:43:09 DAGMAN_ALWAYS_RUN_POST setting: False
07/08/26 19:43:09 DAGMAN_CONDOR_SUBMIT_EXE setting: /usr/bin/condor_submit
07/08/26 19:43:09 DAGMAN_CONDOR_RM_EXE setting: /usr/bin/condor_rm
07/08/26 19:43:09 DAGMAN_USE_DIRECT_SUBMIT setting: True
07/08/26 19:43:09 DAGMAN_PRODUCE_JOB_CREDENTIALS setting: True
07/08/26 19:43:09 DAGMAN_DEFAULT_APPEND_VARS setting: False
07/08/26 19:43:09 DAGMAN_INHERIT_ATTRS_PREFIX setting: 
07/08/26 19:43:09 DAGMAN_INHERIT_ATTRS setting: 
07/08/26 19:43:09 DAGMAN_ABORT_DUPLICATES setting: True
07/08/26 19:43:09 DAGMAN_ABORT_ON_SCARY_SUBMIT setting: True
07/08/26 19:43:09 DAGMAN_PENDING_REPORT_INTERVAL setting: 600
07/08/26 19:43:09 DAGMAN_CHECK_QUEUE_INTERVAL setting: 28800
07/08/26 19:43:09 DAGMAN_PRINT_JOB_TABLE_INTERVAL setting: 900
07/08/26 19:43:09 DAGMAN_AUTO_RESCUE setting: True
07/08/26 19:43:09 DAGMAN_MAX_RESCUE_NUM setting: 100
07/08/26 19:43:09 DAGMAN_WRITE_PARTIAL_RESCUE setting: True
07/08/26 19:43:09 DAGMAN_RESET_RETRIES_UPON_RESCUE setting: True
07/08/26 19:43:09 DAGMAN_METRICS_FILE_VERSION setting: 2
07/08/26 19:43:09 DAGMAN_DEFAULT_NODE_LOG setting: @(DAG_DIR)/@(DAG_FILE).nodes.log
07/08/26 19:43:09 DAGMAN_LOG_ON_NFS_IS_ERROR setting: False
07/08/26 19:43:09 DAGMAN_GENERATE_SUBDAG_SUBMITS setting: True
07/08/26 19:43:09 DAGMAN_MAX_JOB_HOLDS setting: 100
07/08/26 19:43:09 DAGMAN_NODE_JOB_FAILURE_TOLERANCE setting: 0
07/08/26 19:43:09 DAGMAN_HOLD_CLAIM_TIME setting: 20
07/08/26 19:43:09 DAGMAN_SUPPRESS_JOB_LOGS setting: False
07/08/26 19:43:09 DAGMAN_REMOVE_NODE_JOBS setting: True
07/08/26 19:43:09 DAGMAN_PUT_FAILED_JOBS_ON_HOLD setting: False
07/08/26 19:43:09 DAGMAN_REMOVE_JOBS_AFTER_LIMIT_CHANGE setting: False
07/08/26 19:43:09 DAGMAN will adjust edges after parsing
07/08/26 19:43:09 argv[0] == "condor_scheduniv_exec.170728.0"
07/08/26 19:43:09 argv[1] == "-Lockfile"
07/08/26 19:43:09 argv[2] == "transport_linetrack_50_25_action_shield.dag.lock"
07/08/26 19:43:09 argv[3] == "-Dag"
07/08/26 19:43:09 argv[4] == "transport_linetrack_50_25_action_shield.dag"
07/08/26 19:43:09 argv[5] == "-CsdVersion"
07/08/26 19:43:09 argv[6] == "$CondorVersion: 24.12.19 2026-04-15 BuildID: 896241 PackageID: 24.12.19-1+deb12 GitSHA: c68f3e0e $"
07/08/26 19:43:09 argv[7] == "-dagman"
07/08/26 19:43:09 argv[8] == "/usr/bin/condor_dagman"
07/08/26 19:43:09 argv[9] == "-AutoRescue"
07/08/26 19:43:09 argv[10] == "1"
07/08/26 19:43:09 argv[11] == "-DoRescueFrom"
07/08/26 19:43:09 argv[12] == "0"
07/08/26 19:43:09 Can't open directory "/etc/condor/passwords.d" as PRIV_ROOT, errno: 13 (Permission denied)
07/08/26 19:43:09 Can't open directory "/etc/condor/passwords.d" as PRIV_ROOT, errno: 13 (Permission denied)
07/08/26 19:43:09 Workflow batch-id: <170728.0>
07/08/26 19:43:09 Workflow batch-name: <transport_linetrack_50_25_action_shield.dag+170728>
07/08/26 19:43:09 Workflow accounting_group: <teaching>
07/08/26 19:43:09 Workflow accounting_group_user: <atml_team041>
07/08/26 19:43:09 Warning: failed to get attribute DAGNodeName
07/08/26 19:43:09 Default node log file is: </home/atml_team041/condor_tutorial/jani_env/experiments/repair_wo_domain/submissions/action_shield/transport_linetrack/./transport_linetrack_50_25_action_shield.dag.nodes.log>
07/08/26 19:43:09 DAG Lockfile will be written to transport_linetrack_50_25_action_shield.dag.lock
07/08/26 19:43:09 DAG Input file is transport_linetrack_50_25_action_shield.dag
07/08/26 19:43:09 Parsing 1 dagfiles
07/08/26 19:43:09 Parsing transport_linetrack_50_25_action_shield.dag ...
07/08/26 19:43:09 Adjusting edges
07/08/26 19:43:09 Found rescue DAG number 3; running transport_linetrack_50_25_action_shield.dag.rescue003 in combination with normal DAG file
07/08/26 19:43:09 ~~~~~~~~~~~~~~~~~~~~~~~~~~~~~~~~~~~~~~~~~~~~~~~~~~~~~~
07/08/26 19:43:09 USING RESCUE DAG transport_linetrack_50_25_action_shield.dag.rescue003
07/08/26 19:43:09 Dag contains 5 total nodes
07/08/26 19:43:09 Bootstrapping...
07/08/26 19:43:09 Number of pre-completed nodes: 3
07/08/26 19:43:09 MultiLogFiles: truncating log file /home/atml_team041/condor_tutorial/jani_env/experiments/repair_wo_domain/submissions/action_shield/transport_linetrack/./transport_linetrack_50_25_action_shield.dag.nodes.log
07/08/26 19:43:09 DAG status: 0 (DAG_STATUS_OK)
07/08/26 19:43:09 Of 5 nodes total:
07/08/26 19:43:09  Done     Pre   Queued    Post   Ready   Un-Ready   Failed   Futile
07/08/26 19:43:09   ===     ===      ===     ===     ===        ===      ===      ===
07/08/26 19:43:09     3       0        0       0       1          1        0        0
07/08/26 19:43:09 0 job proc(s) currently held
07/08/26 19:43:09 DAGMan Runtime Statistics: [EventCycleTimeSum=0.000; SleepCycleTimeSum=0.000; SubmitCycleTimeSum=0.000; EventCycleTimeCount=0.000; SleepCycleTimeCount=0.000; SubmitCycleTimeCount=0.000; LogProcessCycleTimeSum=0.000; LogProcessCycleTimeCount=0.000; ]
07/08/26 19:43:09 Registering condor_event_timer...
07/08/26 19:43:10 Submitting HTCondor Node EVALUATE job(s)...
07/08/26 19:43:10 Submitting node EVALUATE from file transport_linetrack_50_25_action_shield_evaluate.sub using direct job submission
07/08/26 19:43:10 	assigned HTCondor ID (170729.0.0)
07/08/26 19:43:10 Just submitted 1 job this cycle...
07/08/26 19:43:10 DAG status: 0 (DAG_STATUS_OK)
07/08/26 19:43:10 Of 5 nodes total:
07/08/26 19:43:10  Done     Pre   Queued    Post   Ready   Un-Ready   Failed   Futile
07/08/26 19:43:10   ===     ===      ===     ===     ===        ===      ===      ===
07/08/26 19:43:10     3       0        1       0       0          1        0        0
07/08/26 19:43:10 0 job proc(s) currently held
07/08/26 19:43:10 DAGMan Runtime Statistics: [EventCycleTimeSum=0.000; SleepCycleTimeSum=0.000; SubmitCycleTimeAvg=0.097; SubmitCycleTimeMax=0.097; SubmitCycleTimeMin=0.097; SubmitCycleTimeStd=0.097; SubmitCycleTimeSum=0.097; EventCycleTimeCount=0.000; SleepCycleTimeCount=0.000; SubmitCycleTimeCount=1.000; LogProcessCycleTimeSum=0.000; LogProcessCycleTimeCount=0.000; ]
07/08/26 19:43:15 Currently monitoring 1 HTCondor log file(s)
07/08/26 19:43:15 Reassigning the id of job EVALUATE from (170729.0.0) to (170729.0.0)
07/08/26 19:43:15 Event: ULOG_SUBMIT for HTCondor Node EVALUATE (170729.0.0) {07/08/26 19:43:10}
07/08/26 19:43:15 Number of idle job procs: 1
07/08/26 19:43:15 Reassigning the id of job EVALUATE from (170729.0.0) to (170729.1.0)
07/08/26 19:43:15 Event: ULOG_SUBMIT for HTCondor Node EVALUATE (170729.1.0) {07/08/26 19:43:10}
07/08/26 19:43:15 Number of idle job procs: 2
07/08/26 19:43:15 Reassigning the id of job EVALUATE from (170729.1.0) to (170729.10.0)
07/08/26 19:43:15 Event: ULOG_SUBMIT for HTCondor Node EVALUATE (170729.10.0) {07/08/26 19:43:10}
07/08/26 19:43:15 Number of idle job procs: 3
07/08/26 19:43:15 Reassigning the id of job EVALUATE from (170729.10.0) to (170729.11.0)
07/08/26 19:43:15 Event: ULOG_SUBMIT for HTCondor Node EVALUATE (170729.11.0) {07/08/26 19:43:10}
07/08/26 19:43:15 Number of idle job procs: 4
07/08/26 19:43:15 Reassigning the id of job EVALUATE from (170729.11.0) to (170729.12.0)
07/08/26 19:43:15 Event: ULOG_SUBMIT for HTCondor Node EVALUATE (170729.12.0) {07/08/26 19:43:10}
07/08/26 19:43:15 Number of idle job procs: 5
07/08/26 19:43:15 Reassigning the id of job EVALUATE from (170729.12.0) to (170729.13.0)
07/08/26 19:43:15 Event: ULOG_SUBMIT for HTCondor Node EVALUATE (170729.13.0) {07/08/26 19:43:10}
07/08/26 19:43:15 Number of idle job procs: 6
07/08/26 19:43:15 Reassigning the id of job EVALUATE from (170729.13.0) to (170729.14.0)
07/08/26 19:43:15 Event: ULOG_SUBMIT for HTCondor Node EVALUATE (170729.14.0) {07/08/26 19:43:10}
07/08/26 19:43:15 Number of idle job procs: 7
07/08/26 19:43:15 Reassigning the id of job EVALUATE from (170729.14.0) to (170729.15.0)
07/08/26 19:43:15 Event: ULOG_SUBMIT for HTCondor Node EVALUATE (170729.15.0) {07/08/26 19:43:10}
07/08/26 19:43:15 Number of idle job procs: 8
07/08/26 19:43:15 Reassigning the id of job EVALUATE from (170729.15.0) to (170729.16.0)
07/08/26 19:43:15 Event: ULOG_SUBMIT for HTCondor Node EVALUATE (170729.16.0) {07/08/26 19:43:10}
07/08/26 19:43:15 Number of idle job procs: 9
07/08/26 19:43:15 Reassigning the id of job EVALUATE from (170729.16.0) to (170729.17.0)
07/08/26 19:43:15 Event: ULOG_SUBMIT for HTCondor Node EVALUATE (170729.17.0) {07/08/26 19:43:10}
07/08/26 19:43:15 Number of idle job procs: 10
07/08/26 19:43:15 Reassigning the id of job EVALUATE from (170729.17.0) to (170729.18.0)
07/08/26 19:43:15 Event: ULOG_SUBMIT for HTCondor Node EVALUATE (170729.18.0) {07/08/26 19:43:10}
07/08/26 19:43:15 Number of idle job procs: 11
07/08/26 19:43:15 Reassigning the id of job EVALUATE from (170729.18.0) to (170729.19.0)
07/08/26 19:43:15 Event: ULOG_SUBMIT for HTCondor Node EVALUATE (170729.19.0) {07/08/26 19:43:10}
07/08/26 19:43:15 Number of idle job procs: 12
07/08/26 19:43:15 Reassigning the id of job EVALUATE from (170729.19.0) to (170729.2.0)
07/08/26 19:43:15 Event: ULOG_SUBMIT for HTCondor Node EVALUATE (170729.2.0) {07/08/26 19:43:10}
07/08/26 19:43:15 Number of idle job procs: 13
07/08/26 19:43:15 Reassigning the id of job EVALUATE from (170729.2.0) to (170729.20.0)
07/08/26 19:43:15 Event: ULOG_SUBMIT for HTCondor Node EVALUATE (170729.20.0) {07/08/26 19:43:10}
07/08/26 19:43:15 Number of idle job procs: 14
07/08/26 19:43:15 Reassigning the id of job EVALUATE from (170729.20.0) to (170729.21.0)
07/08/26 19:43:15 Event: ULOG_SUBMIT for HTCondor Node EVALUATE (170729.21.0) {07/08/26 19:43:10}
07/08/26 19:43:15 Number of idle job procs: 15
07/08/26 19:43:15 Reassigning the id of job EVALUATE from (170729.21.0) to (170729.22.0)
07/08/26 19:43:15 Event: ULOG_SUBMIT for HTCondor Node EVALUATE (170729.22.0) {07/08/26 19:43:10}
07/08/26 19:43:15 Number of idle job procs: 16
07/08/26 19:43:15 Reassigning the id of job EVALUATE from (170729.22.0) to (170729.23.0)
07/08/26 19:43:15 Event: ULOG_SUBMIT for HTCondor Node EVALUATE (170729.23.0) {07/08/26 19:43:10}
07/08/26 19:43:15 Number of idle job procs: 17
07/08/26 19:43:15 Reassigning the id of job EVALUATE from (170729.23.0) to (170729.24.0)
07/08/26 19:43:15 Event: ULOG_SUBMIT for HTCondor Node EVALUATE (170729.24.0) {07/08/26 19:43:10}
07/08/26 19:43:15 Number of idle job procs: 18
07/08/26 19:43:15 Reassigning the id of job EVALUATE from (170729.24.0) to (170729.25.0)
07/08/26 19:43:15 Event: ULOG_SUBMIT for HTCondor Node EVALUATE (170729.25.0) {07/08/26 19:43:10}
07/08/26 19:43:15 Number of idle job procs: 19
07/08/26 19:43:15 Reassigning the id of job EVALUATE from (170729.25.0) to (170729.26.0)
07/08/26 19:43:15 Event: ULOG_SUBMIT for HTCondor Node EVALUATE (170729.26.0) {07/08/26 19:43:10}
07/08/26 19:43:15 Number of idle job procs: 20
07/08/26 19:43:15 Reassigning the id of job EVALUATE from (170729.26.0) to (170729.27.0)
07/08/26 19:43:15 Event: ULOG_SUBMIT for HTCondor Node EVALUATE (170729.27.0) {07/08/26 19:43:10}
07/08/26 19:43:15 Number of idle job procs: 21
07/08/26 19:43:15 Reassigning the id of job EVALUATE from (170729.27.0) to (170729.28.0)
07/08/26 19:43:15 Event: ULOG_SUBMIT for HTCondor Node EVALUATE (170729.28.0) {07/08/26 19:43:10}
07/08/26 19:43:15 Number of idle job procs: 22
07/08/26 19:43:15 Reassigning the id of job EVALUATE from (170729.28.0) to (170729.29.0)
07/08/26 19:43:15 Event: ULOG_SUBMIT for HTCondor Node EVALUATE (170729.29.0) {07/08/26 19:43:10}
07/08/26 19:43:15 Number of idle job procs: 23
07/08/26 19:43:15 Reassigning the id of job EVALUATE from (170729.29.0) to (170729.3.0)
07/08/26 19:43:15 Event: ULOG_SUBMIT for HTCondor Node EVALUATE (170729.3.0) {07/08/26 19:43:10}
07/08/26 19:43:15 Number of idle job procs: 24
07/08/26 19:43:15 Reassigning the id of job EVALUATE from (170729.3.0) to (170729.30.0)
07/08/26 19:43:15 Event: ULOG_SUBMIT for HTCondor Node EVALUATE (170729.30.0) {07/08/26 19:43:10}
07/08/26 19:43:15 Number of idle job procs: 25
07/08/26 19:43:15 Reassigning the id of job EVALUATE from (170729.30.0) to (170729.31.0)
07/08/26 19:43:15 Event: ULOG_SUBMIT for HTCondor Node EVALUATE (170729.31.0) {07/08/26 19:43:10}
07/08/26 19:43:15 Number of idle job procs: 26
07/08/26 19:43:15 Reassigning the id of job EVALUATE from (170729.31.0) to (170729.32.0)
07/08/26 19:43:15 Event: ULOG_SUBMIT for HTCondor Node EVALUATE (170729.32.0) {07/08/26 19:43:10}
07/08/26 19:43:15 Number of idle job procs: 27
07/08/26 19:43:15 Reassigning the id of job EVALUATE from (170729.32.0) to (170729.33.0)
07/08/26 19:43:15 Event: ULOG_SUBMIT for HTCondor Node EVALUATE (170729.33.0) {07/08/26 19:43:10}
07/08/26 19:43:15 Number of idle job procs: 28
07/08/26 19:43:15 Reassigning the id of job EVALUATE from (170729.33.0) to (170729.34.0)
07/08/26 19:43:15 Event: ULOG_SUBMIT for HTCondor Node EVALUATE (170729.34.0) {07/08/26 19:43:10}
07/08/26 19:43:15 Number of idle job procs: 29
07/08/26 19:43:15 Reassigning the id of job EVALUATE from (170729.34.0) to (170729.35.0)
07/08/26 19:43:15 Event: ULOG_SUBMIT for HTCondor Node EVALUATE (170729.35.0) {07/08/26 19:43:10}
07/08/26 19:43:15 Number of idle job procs: 30
07/08/26 19:43:15 Reassigning the id of job EVALUATE from (170729.35.0) to (170729.36.0)
07/08/26 19:43:15 Event: ULOG_SUBMIT for HTCondor Node EVALUATE (170729.36.0) {07/08/26 19:43:10}
07/08/26 19:43:15 Number of idle job procs: 31
07/08/26 19:43:15 Reassigning the id of job EVALUATE from (170729.36.0) to (170729.37.0)
07/08/26 19:43:15 Event: ULOG_SUBMIT for HTCondor Node EVALUATE (170729.37.0) {07/08/26 19:43:10}
07/08/26 19:43:15 Number of idle job procs: 32
07/08/26 19:43:15 Reassigning the id of job EVALUATE from (170729.37.0) to (170729.38.0)
07/08/26 19:43:15 Event: ULOG_SUBMIT for HTCondor Node EVALUATE (170729.38.0) {07/08/26 19:43:10}
07/08/26 19:43:15 Number of idle job procs: 33
07/08/26 19:43:15 Reassigning the id of job EVALUATE from (170729.38.0) to (170729.39.0)
07/08/26 19:43:15 Event: ULOG_SUBMIT for HTCondor Node EVALUATE (170729.39.0) {07/08/26 19:43:10}
07/08/26 19:43:15 Number of idle job procs: 34
07/08/26 19:43:15 Reassigning the id of job EVALUATE from (170729.39.0) to (170729.4.0)
07/08/26 19:43:15 Event: ULOG_SUBMIT for HTCondor Node EVALUATE (170729.4.0) {07/08/26 19:43:10}
07/08/26 19:43:15 Number of idle job procs: 35
07/08/26 19:43:15 Reassigning the id of job EVALUATE from (170729.4.0) to (170729.5.0)
07/08/26 19:43:15 Event: ULOG_SUBMIT for HTCondor Node EVALUATE (170729.5.0) {07/08/26 19:43:10}
07/08/26 19:43:15 Number of idle job procs: 36
07/08/26 19:43:15 Reassigning the id of job EVALUATE from (170729.5.0) to (170729.6.0)
07/08/26 19:43:15 Event: ULOG_SUBMIT for HTCondor Node EVALUATE (170729.6.0) {07/08/26 19:43:10}
07/08/26 19:43:15 Number of idle job procs: 37
07/08/26 19:43:15 Reassigning the id of job EVALUATE from (170729.6.0) to (170729.7.0)
07/08/26 19:43:15 Event: ULOG_SUBMIT for HTCondor Node EVALUATE (170729.7.0) {07/08/26 19:43:10}
07/08/26 19:43:15 Number of idle job procs: 38
07/08/26 19:43:15 Reassigning the id of job EVALUATE from (170729.7.0) to (170729.8.0)
07/08/26 19:43:15 Event: ULOG_SUBMIT for HTCondor Node EVALUATE (170729.8.0) {07/08/26 19:43:10}
07/08/26 19:43:15 Number of idle job procs: 39
07/08/26 19:43:15 Reassigning the id of job EVALUATE from (170729.8.0) to (170729.9.0)
07/08/26 19:43:15 Event: ULOG_SUBMIT for HTCondor Node EVALUATE (170729.9.0) {07/08/26 19:43:10}
07/08/26 19:43:15 Number of idle job procs: 40
07/08/26 19:53:15 600 seconds since last log event
07/08/26 19:53:15 Pending DAG nodes:
07/08/26 19:53:15   Node EVALUATE, HTCondor ID 170729, status STATUS_SUBMITTED
07/08/26 19:55:16 Currently monitoring 1 HTCondor log file(s)
07/08/26 19:55:16 Event: ULOG_EXECUTE for HTCondor Node EVALUATE (170729.0.0) {07/08/26 19:55:14}
07/08/26 19:55:16 Number of idle job procs: 39
07/08/26 19:55:21 Currently monitoring 1 HTCondor log file(s)
07/08/26 19:55:21 Event: ULOG_JOB_TERMINATED for HTCondor Node EVALUATE (170729.0.0) {07/08/26 19:55:18}
07/08/26 19:55:21 Number of idle job procs: 39
07/08/26 19:55:21 Node EVALUATE job proc (170729.0.0) failed with status 1.
07/08/26 19:55:21 Running: /usr/bin/condor_rm 170729 -const DAGManJobId==170728 -reason Node' 'Error:' 'DAG' 'node' 'EVALUATE' '(170729.0.0)' 'reached' 'failure' 'tolerance' 'after' '1' 'failures.
07/08/26 19:55:21 Event: ULOG_EXECUTE for HTCondor Node EVALUATE (170729.1.0) {07/08/26 19:55:19}
07/08/26 19:55:21 Number of idle job procs: 38
07/08/26 19:55:21 Event: ULOG_JOB_ABORTED for HTCondor Node EVALUATE (170729.2.0) {07/08/26 19:55:21}
07/08/26 19:55:21 Number of idle job procs: 37
07/08/26 19:55:21 Event: ULOG_JOB_ABORTED for HTCondor Node EVALUATE (170729.3.0) {07/08/26 19:55:21}
07/08/26 19:55:21 Number of idle job procs: 36
07/08/26 19:55:21 Event: ULOG_JOB_ABORTED for HTCondor Node EVALUATE (170729.4.0) {07/08/26 19:55:21}
07/08/26 19:55:21 Number of idle job procs: 35
07/08/26 19:55:26 Currently monitoring 1 HTCondor log file(s)
07/08/26 19:55:26 Event: ULOG_JOB_ABORTED for HTCondor Node EVALUATE (170729.5.0) {07/08/26 19:55:21}
07/08/26 19:55:26 Number of idle job procs: 34
07/08/26 19:55:26 Event: ULOG_JOB_ABORTED for HTCondor Node EVALUATE (170729.6.0) {07/08/26 19:55:21}
07/08/26 19:55:26 Number of idle job procs: 33
07/08/26 19:55:26 Event: ULOG_JOB_ABORTED for HTCondor Node EVALUATE (170729.7.0) {07/08/26 19:55:21}
07/08/26 19:55:26 Number of idle job procs: 32
07/08/26 19:55:26 Event: ULOG_JOB_ABORTED for HTCondor Node EVALUATE (170729.8.0) {07/08/26 19:55:21}
07/08/26 19:55:26 Number of idle job procs: 31
07/08/26 19:55:26 Event: ULOG_JOB_ABORTED for HTCondor Node EVALUATE (170729.9.0) {07/08/26 19:55:21}
07/08/26 19:55:26 Number of idle job procs: 30
07/08/26 19:55:26 Event: ULOG_JOB_ABORTED for HTCondor Node EVALUATE (170729.10.0) {07/08/26 19:55:21}
07/08/26 19:55:26 Number of idle job procs: 29
07/08/26 19:55:26 Event: ULOG_JOB_ABORTED for HTCondor Node EVALUATE (170729.11.0) {07/08/26 19:55:21}
07/08/26 19:55:26 Number of idle job procs: 28
07/08/26 19:55:26 Event: ULOG_JOB_ABORTED for HTCondor Node EVALUATE (170729.12.0) {07/08/26 19:55:21}
07/08/26 19:55:26 Number of idle job procs: 27
07/08/26 19:55:26 Event: ULOG_JOB_ABORTED for HTCondor Node EVALUATE (170729.13.0) {07/08/26 19:55:21}
07/08/26 19:55:26 Number of idle job procs: 26
07/08/26 19:55:26 Event: ULOG_JOB_ABORTED for HTCondor Node EVALUATE (170729.14.0) {07/08/26 19:55:21}
07/08/26 19:55:26 Number of idle job procs: 25
07/08/26 19:55:26 Event: ULOG_JOB_ABORTED for HTCondor Node EVALUATE (170729.15.0) {07/08/26 19:55:21}
07/08/26 19:55:26 Number of idle job procs: 24
07/08/26 19:55:26 Event: ULOG_JOB_ABORTED for HTCondor Node EVALUATE (170729.16.0) {07/08/26 19:55:21}
07/08/26 19:55:26 Number of idle job procs: 23
07/08/26 19:55:26 Event: ULOG_JOB_ABORTED for HTCondor Node EVALUATE (170729.17.0) {07/08/26 19:55:21}
07/08/26 19:55:26 Number of idle job procs: 22
07/08/26 19:55:26 Event: ULOG_JOB_ABORTED for HTCondor Node EVALUATE (170729.18.0) {07/08/26 19:55:21}
07/08/26 19:55:26 Number of idle job procs: 21
07/08/26 19:55:26 Event: ULOG_JOB_ABORTED for HTCondor Node EVALUATE (170729.19.0) {07/08/26 19:55:21}
07/08/26 19:55:26 Number of idle job procs: 20
07/08/26 19:55:26 Event: ULOG_JOB_ABORTED for HTCondor Node EVALUATE (170729.20.0) {07/08/26 19:55:21}
07/08/26 19:55:26 Number of idle job procs: 19
07/08/26 19:55:26 Event: ULOG_JOB_ABORTED for HTCondor Node EVALUATE (170729.21.0) {07/08/26 19:55:21}
07/08/26 19:55:26 Number of idle job procs: 18
07/08/26 19:55:26 Event: ULOG_JOB_ABORTED for HTCondor Node EVALUATE (170729.22.0) {07/08/26 19:55:21}
07/08/26 19:55:26 Number of idle job procs: 17
07/08/26 19:55:26 Event: ULOG_JOB_ABORTED for HTCondor Node EVALUATE (170729.23.0) {07/08/26 19:55:21}
07/08/26 19:55:26 Number of idle job procs: 16
07/08/26 19:55:26 Event: ULOG_JOB_ABORTED for HTCondor Node EVALUATE (170729.24.0) {07/08/26 19:55:21}
07/08/26 19:55:26 Number of idle job procs: 15
07/08/26 19:55:26 Event: ULOG_JOB_ABORTED for HTCondor Node EVALUATE (170729.25.0) {07/08/26 19:55:21}
07/08/26 19:55:26 Number of idle job procs: 14
07/08/26 19:55:26 Event: ULOG_JOB_ABORTED for HTCondor Node EVALUATE (170729.26.0) {07/08/26 19:55:21}
07/08/26 19:55:26 Number of idle job procs: 13
07/08/26 19:55:26 Event: ULOG_JOB_ABORTED for HTCondor Node EVALUATE (170729.27.0) {07/08/26 19:55:21}
07/08/26 19:55:26 Number of idle job procs: 12
07/08/26 19:55:26 Event: ULOG_JOB_ABORTED for HTCondor Node EVALUATE (170729.28.0) {07/08/26 19:55:21}
07/08/26 19:55:26 Number of idle job procs: 11
07/08/26 19:55:26 Event: ULOG_JOB_ABORTED for HTCondor Node EVALUATE (170729.29.0) {07/08/26 19:55:21}
07/08/26 19:55:26 Number of idle job procs: 10
07/08/26 19:55:26 Event: ULOG_JOB_ABORTED for HTCondor Node EVALUATE (170729.30.0) {07/08/26 19:55:21}
07/08/26 19:55:26 Number of idle job procs: 9
07/08/26 19:55:26 Event: ULOG_JOB_ABORTED for HTCondor Node EVALUATE (170729.31.0) {07/08/26 19:55:21}
07/08/26 19:55:26 Number of idle job procs: 8
07/08/26 19:55:26 Event: ULOG_JOB_ABORTED for HTCondor Node EVALUATE (170729.32.0) {07/08/26 19:55:21}
07/08/26 19:55:26 Number of idle job procs: 7
07/08/26 19:55:26 Event: ULOG_JOB_ABORTED for HTCondor Node EVALUATE (170729.33.0) {07/08/26 19:55:21}
07/08/26 19:55:26 Number of idle job procs: 6
07/08/26 19:55:26 Event: ULOG_JOB_ABORTED for HTCondor Node EVALUATE (170729.34.0) {07/08/26 19:55:21}
07/08/26 19:55:26 Number of idle job procs: 5
07/08/26 19:55:26 Event: ULOG_JOB_ABORTED for HTCondor Node EVALUATE (170729.35.0) {07/08/26 19:55:21}
07/08/26 19:55:26 Number of idle job procs: 4
07/08/26 19:55:26 Event: ULOG_JOB_ABORTED for HTCondor Node EVALUATE (170729.36.0) {07/08/26 19:55:21}
07/08/26 19:55:26 Number of idle job procs: 3
07/08/26 19:55:26 Event: ULOG_JOB_ABORTED for HTCondor Node EVALUATE (170729.37.0) {07/08/26 19:55:21}
07/08/26 19:55:26 Number of idle job procs: 2
07/08/26 19:55:26 Event: ULOG_JOB_ABORTED for HTCondor Node EVALUATE (170729.38.0) {07/08/26 19:55:21}
07/08/26 19:55:26 Number of idle job procs: 1
07/08/26 19:55:26 Event: ULOG_JOB_ABORTED for HTCondor Node EVALUATE (170729.39.0) {07/08/26 19:55:21}
07/08/26 19:55:26 Number of idle job procs: 0
07/08/26 19:55:26 Event: ULOG_JOB_EVICTED for HTCondor Node EVALUATE (170729.1.0) {07/08/26 19:55:22}
07/08/26 19:55:26 Number of idle job procs: 0
07/08/26 19:55:26 Event: ULOG_JOB_ABORTED for HTCondor Node EVALUATE (170729.1.0) {07/08/26 19:55:22}
07/08/26 19:55:26 Number of idle job procs: 0
07/08/26 19:55:26 Node EVALUATE job(s) have exited the queue
07/08/26 19:55:26 DAG status: 2 (DAG_STATUS_NODE_FAILED)
07/08/26 19:55:26 Of 5 nodes total:
07/08/26 19:55:26  Done     Pre   Queued    Post   Ready   Un-Ready   Failed   Futile
07/08/26 19:55:26   ===     ===      ===     ===     ===        ===      ===      ===
07/08/26 19:55:26     3       0        0       0       0          0        1        1
07/08/26 19:55:26 0 job proc(s) currently held
07/08/26 19:55:26 DAGMan Runtime Statistics: [EventCycleTimeAvg=0.002; EventCycleTimeMax=0.101; EventCycleTimeMin=0.000; EventCycleTimeStd=0.010; EventCycleTimeSum=0.232; SleepCycleTimeAvg=5.005; SleepCycleTimeMax=5.027; SleepCycleTimeMin=5.001; SleepCycleTimeStd=0.004; SleepCycleTimeSum=735.691; SubmitCycleTimeAvg=0.001; SubmitCycleTimeMax=0.097; SubmitCycleTimeMin=0.000; SubmitCycleTimeStd=0.008; SubmitCycleTimeSum=0.097; EventCycleTimeCount=147.000; SleepCycleTimeCount=147.000; SubmitCycleTimeCount=148.000; LogProcessCycleTimeAvg=0.037; LogProcessCycleTimeMax=0.060; LogProcessCycleTimeMin=0.002; LogProcessCycleTimeStd=0.025; LogProcessCycleTimeSum=0.148; LogProcessCycleTimeCount=4.000; ]
07/08/26 19:55:26 ERROR: the following job(s) failed:
07/08/26 19:55:26 ---------------------- Node ----------------------
07/08/26 19:55:26       Node Name: EVALUATE
07/08/26 19:55:26            Noop: false
07/08/26 19:55:26          NodeID: 3
07/08/26 19:55:26     Node Status: STATUS_ERROR    
07/08/26 19:55:26 Node return val: 1
07/08/26 19:55:26           Error: Job proc (170729.0.0) failed with status 1
07/08/26 19:55:26 Job Submit File: transport_linetrack_50_25_action_shield_evaluate.sub
07/08/26 19:55:26  HTCondor Job ID: (170729.9.0)
07/08/26 19:55:26 PARENTS: TRAIN WAITING: 0 CHILDREN: MERGE_EVALUATION
07/08/26 19:55:26 ---------------------------------------	<END>
07/08/26 19:55:26 Aborting DAG...
07/08/26 19:55:26 Writing Rescue DAG to transport_linetrack_50_25_action_shield.dag.rescue004...
07/08/26 19:55:26 Removing submitted jobs...
07/08/26 19:55:26 Removing any/all submitted HTCondor jobs...
07/08/26 19:55:26 Running: /usr/bin/condor_rm -const DAGManJobId==170728 -reason DAG' 'Abort:' 'DAG' 'is' 'exiting' 'and' 'writing' 'rescue' 'file.
07/08/26 19:55:26 Note: 0 total node deferrals because of -MaxJobs limit (0)
07/08/26 19:55:26 Note: 0 total node deferrals because of -MaxIdle limit (1000)
07/08/26 19:55:26 Note: 0 total node deferrals because of node category throttles
07/08/26 19:55:26 Note: 0 total PRE script deferrals because of -MaxPre limit (20) or DEFER
07/08/26 19:55:26 Note: 0 total POST script deferrals because of -MaxPost limit (20) or DEFER
07/08/26 19:55:26 Note: 0 total HOLD script deferrals because of -MaxHold limit (20) or DEFER
07/08/26 19:55:26 DAG status: 2 (DAG_STATUS_NODE_FAILED)
07/08/26 19:55:26 Of 5 nodes total:
07/08/26 19:55:26  Done     Pre   Queued    Post   Ready   Un-Ready   Failed   Futile
07/08/26 19:55:26   ===     ===      ===     ===     ===        ===      ===      ===
07/08/26 19:55:26     3       0        0       0       0          0        1        1
07/08/26 19:55:26 0 job proc(s) currently held
07/08/26 19:55:26 DAGMan Runtime Statistics: [EventCycleTimeAvg=0.002; EventCycleTimeMax=0.101; EventCycleTimeMin=0.000; EventCycleTimeStd=0.010; EventCycleTimeSum=0.232; SleepCycleTimeAvg=5.005; SleepCycleTimeMax=5.027; SleepCycleTimeMin=5.001; SleepCycleTimeStd=0.004; SleepCycleTimeSum=735.691; SubmitCycleTimeAvg=0.001; SubmitCycleTimeMax=0.097; SubmitCycleTimeMin=0.000; SubmitCycleTimeStd=0.008; SubmitCycleTimeSum=0.097; EventCycleTimeCount=147.000; SleepCycleTimeCount=147.000; SubmitCycleTimeCount=148.000; LogProcessCycleTimeAvg=0.037; LogProcessCycleTimeMax=0.060; LogProcessCycleTimeMin=0.002; LogProcessCycleTimeStd=0.025; LogProcessCycleTimeSum=0.148; LogProcessCycleTimeCount=4.000; ]
07/08/26 19:55:26 Wrote metrics file transport_linetrack_50_25_action_shield.dag.metrics.
07/08/26 19:55:26 DAGMan Runtime Statistics: [EventCycleTimeAvg=0.002; EventCycleTimeMax=0.101; EventCycleTimeMin=0.000; EventCycleTimeStd=0.010; EventCycleTimeSum=0.232; SleepCycleTimeAvg=5.005; SleepCycleTimeMax=5.027; SleepCycleTimeMin=5.001; SleepCycleTimeStd=0.004; SleepCycleTimeSum=735.691; SubmitCycleTimeAvg=0.001; SubmitCycleTimeMax=0.097; SubmitCycleTimeMin=0.000; SubmitCycleTimeStd=0.008; SubmitCycleTimeSum=0.097; EventCycleTimeCount=147.000; SleepCycleTimeCount=147.000; SubmitCycleTimeCount=148.000; LogProcessCycleTimeAvg=0.037; LogProcessCycleTimeMax=0.060; LogProcessCycleTimeMin=0.002; LogProcessCycleTimeStd=0.025; LogProcessCycleTimeSum=0.148; LogProcessCycleTimeCount=4.000; ]
07/08/26 19:55:26 **** condor_scheduniv_exec.170728.0 (condor_DAGMAN) pid 1211824 EXITING WITH STATUS 1
07/09/26 01:26:20 ******************************************************
07/09/26 01:26:20 ** condor_scheduniv_exec.170836.0 (CONDOR_DAGMAN) STARTING UP
07/09/26 01:26:20 ** /usr/bin/condor_dagman
07/09/26 01:26:20 ** SubsystemInfo: name=DAGMAN type=DAGMAN(9) class=CLIENT(2)
07/09/26 01:26:20 ** Configuration: subsystem:DAGMAN local:<NONE> class:CLIENT
07/09/26 01:26:20 ** $CondorVersion: 24.12.19 2026-04-15 BuildID: 896241 PackageID: 24.12.19-1+deb12 GitSHA: c68f3e0e $
07/09/26 01:26:20 ** $CondorPlatform: X86_64-Debian_12 $
07/09/26 01:26:20 ** PID = 1406242 RealUID = 1620002036
07/09/26 01:26:20 ** Log last touched 7/8 19:55:26
07/09/26 01:26:20 ******************************************************
07/09/26 01:26:20 Using config source: /etc/condor/condor_config
07/09/26 01:26:20 Using local config sources: 
07/09/26 01:26:20    /etc/condor/config.d/01-submit.conf
07/09/26 01:26:20    /etc/condor/config.d/10-stash-plugin.conf
07/09/26 01:26:20    /etc/condor/config.d/23-network.config
07/09/26 01:26:20    /etc/condor/config.d/31-mail.conf
07/09/26 01:26:20    /etc/condor/config.d/35-cc-sync.conf
07/09/26 01:26:20    /etc/condor/config.d/41-periodic-remove.conf
07/09/26 01:26:20    /etc/condor/config.d/49-common.conf
07/09/26 01:26:20    /etc/condor/config.d/52-group-mapping.conf
07/09/26 01:26:20    /etc/condor/config.d/54-container.conf
07/09/26 01:26:20    /etc/condor/config.d/67-submit-transforms.conf
07/09/26 01:26:20    /etc/condor/config.d/71-submit-requirements.conf
07/09/26 01:26:20    /etc/condor/condor_config.local
07/09/26 01:26:20 config Macros = 110, Sorted = 110, StringBytes = 6391, TablesBytes = 4088
07/09/26 01:26:20 CLASSAD_CACHING is ENABLED
07/09/26 01:26:20 Daemon Log is logging: D_ALWAYS D_ERROR D_STATUS
07/09/26 01:26:20 Daemoncore: Listening at <0.0.0.0:10237> on TCP (ReliSock) and UDP (SafeSock).
07/09/26 01:26:20 DaemonCore: command socket at <10.143.248.60:10237?addrs=10.143.248.60-10237&alias=conduit.hpc.uni-saarland.de>
07/09/26 01:26:20 DaemonCore: private command socket at <10.143.248.60:10237?addrs=10.143.248.60-10237&alias=conduit.hpc.uni-saarland.de>
07/09/26 01:26:20 DAGMAN_USE_STRICT setting: 1
07/09/26 01:26:20 DAGMAN_VERBOSITY setting: 3
07/09/26 01:26:20 DAGMAN_DEBUG_CACHE_SIZE setting: 5242880
07/09/26 01:26:20 DAGMAN_DEBUG_CACHE_ENABLE setting: False
07/09/26 01:26:20 DAGMAN_SUBMIT_DELAY setting: 0
07/09/26 01:26:20 DAGMAN_MAX_SUBMIT_ATTEMPTS setting: 6
07/09/26 01:26:20 DAGMAN_STARTUP_CYCLE_DETECT setting: False
07/09/26 01:26:20 DAGMAN_USE_JOIN_NODES setting: True
07/09/26 01:26:20 DAGMAN_REPORT_GRAPH_METRICS setting: False
07/09/26 01:26:20 DAGMAN_MAX_SUBMITS_PER_INTERVAL setting: 100
07/09/26 01:26:20 DAGMAN_AGGRESSIVE_SUBMIT setting: False
07/09/26 01:26:20 DAGMAN_USER_LOG_SCAN_INTERVAL setting: 5
07/09/26 01:26:20 DAGMAN_QUEUE_UPDATE_INTERVAL setting: 300.000000
07/09/26 01:26:20 DAGMAN_DEFAULT_PRIORITY setting: 0
07/09/26 01:26:20 DAGMAN_SUPPRESS_NOTIFICATION setting: False
07/09/26 01:26:20 allow_events (DAGMAN_ALLOW_EVENTS) setting: 114
07/09/26 01:26:20 DAGMAN_RETRY_SUBMIT_FIRST setting: True
07/09/26 01:26:20 DAGMAN_RETRY_NODE_FIRST setting: False
07/09/26 01:26:20 DAGMAN_MAX_JOBS_IDLE setting: 1000
07/09/26 01:26:20 DAGMAN_MAX_JOBS_SUBMITTED setting: 0
07/09/26 01:26:20 DAGMAN_MAX_PRE_SCRIPTS setting: 20
07/09/26 01:26:20 DAGMAN_MAX_POST_SCRIPTS setting: 20
07/09/26 01:26:20 DAGMAN_MAX_HOLD_SCRIPTS setting: 20
07/09/26 01:26:20 DAGMAN_MUNGE_NODE_NAMES setting: True
07/09/26 01:26:20 DAGMAN_ALLOW_ANY_NODE_NAME_CHARACTERS setting: False
07/09/26 01:26:20 DAGMAN_PROHIBIT_MULTI_JOBS setting: False
07/09/26 01:26:20 DAGMAN_SUBMIT_DEPTH_FIRST setting: False
07/09/26 01:26:20 DAGMAN_ALWAYS_RUN_POST setting: False
07/09/26 01:26:20 DAGMAN_CONDOR_SUBMIT_EXE setting: /usr/bin/condor_submit
07/09/26 01:26:20 DAGMAN_CONDOR_RM_EXE setting: /usr/bin/condor_rm
07/09/26 01:26:20 DAGMAN_USE_DIRECT_SUBMIT setting: True
07/09/26 01:26:20 DAGMAN_PRODUCE_JOB_CREDENTIALS setting: True
07/09/26 01:26:20 DAGMAN_DEFAULT_APPEND_VARS setting: False
07/09/26 01:26:20 DAGMAN_INHERIT_ATTRS_PREFIX setting: 
07/09/26 01:26:20 DAGMAN_INHERIT_ATTRS setting: 
07/09/26 01:26:20 DAGMAN_ABORT_DUPLICATES setting: True
07/09/26 01:26:20 DAGMAN_ABORT_ON_SCARY_SUBMIT setting: True
07/09/26 01:26:20 DAGMAN_PENDING_REPORT_INTERVAL setting: 600
07/09/26 01:26:20 DAGMAN_CHECK_QUEUE_INTERVAL setting: 28800
07/09/26 01:26:20 DAGMAN_PRINT_JOB_TABLE_INTERVAL setting: 900
07/09/26 01:26:20 DAGMAN_AUTO_RESCUE setting: True
07/09/26 01:26:20 DAGMAN_MAX_RESCUE_NUM setting: 100
07/09/26 01:26:20 DAGMAN_WRITE_PARTIAL_RESCUE setting: True
07/09/26 01:26:20 DAGMAN_RESET_RETRIES_UPON_RESCUE setting: True
07/09/26 01:26:20 DAGMAN_METRICS_FILE_VERSION setting: 2
07/09/26 01:26:20 DAGMAN_DEFAULT_NODE_LOG setting: @(DAG_DIR)/@(DAG_FILE).nodes.log
07/09/26 01:26:20 DAGMAN_LOG_ON_NFS_IS_ERROR setting: False
07/09/26 01:26:20 DAGMAN_GENERATE_SUBDAG_SUBMITS setting: True
07/09/26 01:26:20 DAGMAN_MAX_JOB_HOLDS setting: 100
07/09/26 01:26:20 DAGMAN_NODE_JOB_FAILURE_TOLERANCE setting: 0
07/09/26 01:26:20 DAGMAN_HOLD_CLAIM_TIME setting: 20
07/09/26 01:26:20 DAGMAN_SUPPRESS_JOB_LOGS setting: False
07/09/26 01:26:20 DAGMAN_REMOVE_NODE_JOBS setting: True
07/09/26 01:26:20 DAGMAN_PUT_FAILED_JOBS_ON_HOLD setting: False
07/09/26 01:26:20 DAGMAN_REMOVE_JOBS_AFTER_LIMIT_CHANGE setting: False
07/09/26 01:26:20 DAGMAN will adjust edges after parsing
07/09/26 01:26:20 argv[0] == "condor_scheduniv_exec.170836.0"
07/09/26 01:26:20 argv[1] == "-Lockfile"
07/09/26 01:26:20 argv[2] == "transport_linetrack_50_25_action_shield.dag.lock"
07/09/26 01:26:20 argv[3] == "-Dag"
07/09/26 01:26:20 argv[4] == "transport_linetrack_50_25_action_shield.dag"
07/09/26 01:26:20 argv[5] == "-CsdVersion"
07/09/26 01:26:20 argv[6] == "$CondorVersion: 24.12.19 2026-04-15 BuildID: 896241 PackageID: 24.12.19-1+deb12 GitSHA: c68f3e0e $"
07/09/26 01:26:20 argv[7] == "-dagman"
07/09/26 01:26:20 argv[8] == "/usr/bin/condor_dagman"
07/09/26 01:26:20 argv[9] == "-AutoRescue"
07/09/26 01:26:20 argv[10] == "1"
07/09/26 01:26:20 argv[11] == "-DoRescueFrom"
07/09/26 01:26:20 argv[12] == "0"
07/09/26 01:26:20 Can't open directory "/etc/condor/passwords.d" as PRIV_ROOT, errno: 13 (Permission denied)
07/09/26 01:26:20 Can't open directory "/etc/condor/passwords.d" as PRIV_ROOT, errno: 13 (Permission denied)
07/09/26 01:26:20 Workflow batch-id: <170836.0>
07/09/26 01:26:20 Workflow batch-name: <transport_linetrack_50_25_action_shield.dag+170836>
07/09/26 01:26:20 Workflow accounting_group: <teaching>
07/09/26 01:26:20 Workflow accounting_group_user: <atml_team041>
07/09/26 01:26:20 Warning: failed to get attribute DAGNodeName
07/09/26 01:26:20 Default node log file is: </home/atml_team041/condor_tutorial/jani_env/experiments/repair_wo_domain/submissions/action_shield/transport_linetrack/./transport_linetrack_50_25_action_shield.dag.nodes.log>
07/09/26 01:26:20 DAG Lockfile will be written to transport_linetrack_50_25_action_shield.dag.lock
07/09/26 01:26:20 DAG Input file is transport_linetrack_50_25_action_shield.dag
07/09/26 01:26:20 Parsing 1 dagfiles
07/09/26 01:26:20 Parsing transport_linetrack_50_25_action_shield.dag ...
07/09/26 01:26:20 Adjusting edges
07/09/26 01:26:20 Found rescue DAG number 4; running transport_linetrack_50_25_action_shield.dag.rescue004 in combination with normal DAG file
07/09/26 01:26:20 ~~~~~~~~~~~~~~~~~~~~~~~~~~~~~~~~~~~~~~~~~~~~~~~~~~~~~~
07/09/26 01:26:20 USING RESCUE DAG transport_linetrack_50_25_action_shield.dag.rescue004
07/09/26 01:26:20 Dag contains 5 total nodes
07/09/26 01:26:20 Bootstrapping...
07/09/26 01:26:20 Number of pre-completed nodes: 3
07/09/26 01:26:20 MultiLogFiles: truncating log file /home/atml_team041/condor_tutorial/jani_env/experiments/repair_wo_domain/submissions/action_shield/transport_linetrack/./transport_linetrack_50_25_action_shield.dag.nodes.log
07/09/26 01:26:20 DAG status: 0 (DAG_STATUS_OK)
07/09/26 01:26:20 Of 5 nodes total:
07/09/26 01:26:20  Done     Pre   Queued    Post   Ready   Un-Ready   Failed   Futile
07/09/26 01:26:20   ===     ===      ===     ===     ===        ===      ===      ===
07/09/26 01:26:20     3       0        0       0       1          1        0        0
07/09/26 01:26:20 0 job proc(s) currently held
07/09/26 01:26:20 DAGMan Runtime Statistics: [EventCycleTimeSum=0.000; SleepCycleTimeSum=0.000; SubmitCycleTimeSum=0.000; EventCycleTimeCount=0.000; SleepCycleTimeCount=0.000; SubmitCycleTimeCount=0.000; LogProcessCycleTimeSum=0.000; LogProcessCycleTimeCount=0.000; ]
07/09/26 01:26:20 Registering condor_event_timer...
07/09/26 01:26:21 Submitting HTCondor Node EVALUATE job(s)...
07/09/26 01:26:21 Submitting node EVALUATE from file transport_linetrack_50_25_action_shield_evaluate.sub using direct job submission
07/09/26 01:26:21 	assigned HTCondor ID (170837.0.0)
07/09/26 01:26:21 Just submitted 1 job this cycle...
07/09/26 01:26:21 DAG status: 0 (DAG_STATUS_OK)
07/09/26 01:26:21 Of 5 nodes total:
07/09/26 01:26:21  Done     Pre   Queued    Post   Ready   Un-Ready   Failed   Futile
07/09/26 01:26:21   ===     ===      ===     ===     ===        ===      ===      ===
07/09/26 01:26:21     3       0        1       0       0          1        0        0
07/09/26 01:26:21 0 job proc(s) currently held
07/09/26 01:26:21 DAGMan Runtime Statistics: [EventCycleTimeSum=0.000; SleepCycleTimeSum=0.000; SubmitCycleTimeAvg=0.424; SubmitCycleTimeMax=0.424; SubmitCycleTimeMin=0.424; SubmitCycleTimeStd=0.424; SubmitCycleTimeSum=0.424; EventCycleTimeCount=0.000; SleepCycleTimeCount=0.000; SubmitCycleTimeCount=1.000; LogProcessCycleTimeSum=0.000; LogProcessCycleTimeCount=0.000; ]
07/09/26 01:26:26 Currently monitoring 1 HTCondor log file(s)
07/09/26 01:26:26 Reassigning the id of job EVALUATE from (170837.0.0) to (170837.0.0)
07/09/26 01:26:26 Event: ULOG_SUBMIT for HTCondor Node EVALUATE (170837.0.0) {07/09/26 01:26:21}
07/09/26 01:26:26 Number of idle job procs: 1
07/09/26 01:26:26 Reassigning the id of job EVALUATE from (170837.0.0) to (170837.1.0)
07/09/26 01:26:26 Event: ULOG_SUBMIT for HTCondor Node EVALUATE (170837.1.0) {07/09/26 01:26:21}
07/09/26 01:26:26 Number of idle job procs: 2
07/09/26 01:26:26 Reassigning the id of job EVALUATE from (170837.1.0) to (170837.10.0)
07/09/26 01:26:26 Event: ULOG_SUBMIT for HTCondor Node EVALUATE (170837.10.0) {07/09/26 01:26:21}
07/09/26 01:26:26 Number of idle job procs: 3
07/09/26 01:26:26 Reassigning the id of job EVALUATE from (170837.10.0) to (170837.11.0)
07/09/26 01:26:26 Event: ULOG_SUBMIT for HTCondor Node EVALUATE (170837.11.0) {07/09/26 01:26:21}
07/09/26 01:26:26 Number of idle job procs: 4
07/09/26 01:26:26 Reassigning the id of job EVALUATE from (170837.11.0) to (170837.12.0)
07/09/26 01:26:26 Event: ULOG_SUBMIT for HTCondor Node EVALUATE (170837.12.0) {07/09/26 01:26:21}
07/09/26 01:26:26 Number of idle job procs: 5
07/09/26 01:26:26 Reassigning the id of job EVALUATE from (170837.12.0) to (170837.13.0)
07/09/26 01:26:26 Event: ULOG_SUBMIT for HTCondor Node EVALUATE (170837.13.0) {07/09/26 01:26:21}
07/09/26 01:26:26 Number of idle job procs: 6
07/09/26 01:26:26 Reassigning the id of job EVALUATE from (170837.13.0) to (170837.14.0)
07/09/26 01:26:26 Event: ULOG_SUBMIT for HTCondor Node EVALUATE (170837.14.0) {07/09/26 01:26:21}
07/09/26 01:26:26 Number of idle job procs: 7
07/09/26 01:26:26 Reassigning the id of job EVALUATE from (170837.14.0) to (170837.15.0)
07/09/26 01:26:26 Event: ULOG_SUBMIT for HTCondor Node EVALUATE (170837.15.0) {07/09/26 01:26:21}
07/09/26 01:26:26 Number of idle job procs: 8
07/09/26 01:26:26 Reassigning the id of job EVALUATE from (170837.15.0) to (170837.16.0)
07/09/26 01:26:26 Event: ULOG_SUBMIT for HTCondor Node EVALUATE (170837.16.0) {07/09/26 01:26:21}
07/09/26 01:26:26 Number of idle job procs: 9
07/09/26 01:26:26 Reassigning the id of job EVALUATE from (170837.16.0) to (170837.17.0)
07/09/26 01:26:26 Event: ULOG_SUBMIT for HTCondor Node EVALUATE (170837.17.0) {07/09/26 01:26:21}
07/09/26 01:26:26 Number of idle job procs: 10
07/09/26 01:26:26 Reassigning the id of job EVALUATE from (170837.17.0) to (170837.18.0)
07/09/26 01:26:26 Event: ULOG_SUBMIT for HTCondor Node EVALUATE (170837.18.0) {07/09/26 01:26:21}
07/09/26 01:26:26 Number of idle job procs: 11
07/09/26 01:26:26 Reassigning the id of job EVALUATE from (170837.18.0) to (170837.19.0)
07/09/26 01:26:26 Event: ULOG_SUBMIT for HTCondor Node EVALUATE (170837.19.0) {07/09/26 01:26:21}
07/09/26 01:26:26 Number of idle job procs: 12
07/09/26 01:26:26 Reassigning the id of job EVALUATE from (170837.19.0) to (170837.2.0)
07/09/26 01:26:26 Event: ULOG_SUBMIT for HTCondor Node EVALUATE (170837.2.0) {07/09/26 01:26:21}
07/09/26 01:26:26 Number of idle job procs: 13
07/09/26 01:26:26 Reassigning the id of job EVALUATE from (170837.2.0) to (170837.20.0)
07/09/26 01:26:26 Event: ULOG_SUBMIT for HTCondor Node EVALUATE (170837.20.0) {07/09/26 01:26:21}
07/09/26 01:26:26 Number of idle job procs: 14
07/09/26 01:26:26 Reassigning the id of job EVALUATE from (170837.20.0) to (170837.21.0)
07/09/26 01:26:26 Event: ULOG_SUBMIT for HTCondor Node EVALUATE (170837.21.0) {07/09/26 01:26:21}
07/09/26 01:26:26 Number of idle job procs: 15
07/09/26 01:26:26 Reassigning the id of job EVALUATE from (170837.21.0) to (170837.22.0)
07/09/26 01:26:26 Event: ULOG_SUBMIT for HTCondor Node EVALUATE (170837.22.0) {07/09/26 01:26:21}
07/09/26 01:26:26 Number of idle job procs: 16
07/09/26 01:26:26 Reassigning the id of job EVALUATE from (170837.22.0) to (170837.23.0)
07/09/26 01:26:26 Event: ULOG_SUBMIT for HTCondor Node EVALUATE (170837.23.0) {07/09/26 01:26:21}
07/09/26 01:26:26 Number of idle job procs: 17
07/09/26 01:26:26 Reassigning the id of job EVALUATE from (170837.23.0) to (170837.24.0)
07/09/26 01:26:26 Event: ULOG_SUBMIT for HTCondor Node EVALUATE (170837.24.0) {07/09/26 01:26:21}
07/09/26 01:26:26 Number of idle job procs: 18
07/09/26 01:26:26 Reassigning the id of job EVALUATE from (170837.24.0) to (170837.25.0)
07/09/26 01:26:26 Event: ULOG_SUBMIT for HTCondor Node EVALUATE (170837.25.0) {07/09/26 01:26:21}
07/09/26 01:26:26 Number of idle job procs: 19
07/09/26 01:26:26 Reassigning the id of job EVALUATE from (170837.25.0) to (170837.26.0)
07/09/26 01:26:26 Event: ULOG_SUBMIT for HTCondor Node EVALUATE (170837.26.0) {07/09/26 01:26:21}
07/09/26 01:26:26 Number of idle job procs: 20
07/09/26 01:26:26 Reassigning the id of job EVALUATE from (170837.26.0) to (170837.27.0)
07/09/26 01:26:26 Event: ULOG_SUBMIT for HTCondor Node EVALUATE (170837.27.0) {07/09/26 01:26:21}
07/09/26 01:26:26 Number of idle job procs: 21
07/09/26 01:26:26 Reassigning the id of job EVALUATE from (170837.27.0) to (170837.28.0)
07/09/26 01:26:26 Event: ULOG_SUBMIT for HTCondor Node EVALUATE (170837.28.0) {07/09/26 01:26:21}
07/09/26 01:26:26 Number of idle job procs: 22
07/09/26 01:26:26 Reassigning the id of job EVALUATE from (170837.28.0) to (170837.29.0)
07/09/26 01:26:26 Event: ULOG_SUBMIT for HTCondor Node EVALUATE (170837.29.0) {07/09/26 01:26:21}
07/09/26 01:26:26 Number of idle job procs: 23
07/09/26 01:26:26 Reassigning the id of job EVALUATE from (170837.29.0) to (170837.3.0)
07/09/26 01:26:26 Event: ULOG_SUBMIT for HTCondor Node EVALUATE (170837.3.0) {07/09/26 01:26:21}
07/09/26 01:26:26 Number of idle job procs: 24
07/09/26 01:26:26 Reassigning the id of job EVALUATE from (170837.3.0) to (170837.30.0)
07/09/26 01:26:26 Event: ULOG_SUBMIT for HTCondor Node EVALUATE (170837.30.0) {07/09/26 01:26:21}
07/09/26 01:26:26 Number of idle job procs: 25
07/09/26 01:26:26 Reassigning the id of job EVALUATE from (170837.30.0) to (170837.31.0)
07/09/26 01:26:26 Event: ULOG_SUBMIT for HTCondor Node EVALUATE (170837.31.0) {07/09/26 01:26:21}
07/09/26 01:26:26 Number of idle job procs: 26
07/09/26 01:26:26 Reassigning the id of job EVALUATE from (170837.31.0) to (170837.32.0)
07/09/26 01:26:26 Event: ULOG_SUBMIT for HTCondor Node EVALUATE (170837.32.0) {07/09/26 01:26:21}
07/09/26 01:26:26 Number of idle job procs: 27
07/09/26 01:26:26 Reassigning the id of job EVALUATE from (170837.32.0) to (170837.33.0)
07/09/26 01:26:26 Event: ULOG_SUBMIT for HTCondor Node EVALUATE (170837.33.0) {07/09/26 01:26:21}
07/09/26 01:26:26 Number of idle job procs: 28
07/09/26 01:26:26 Reassigning the id of job EVALUATE from (170837.33.0) to (170837.34.0)
07/09/26 01:26:26 Event: ULOG_SUBMIT for HTCondor Node EVALUATE (170837.34.0) {07/09/26 01:26:21}
07/09/26 01:26:26 Number of idle job procs: 29
07/09/26 01:26:26 Reassigning the id of job EVALUATE from (170837.34.0) to (170837.35.0)
07/09/26 01:26:26 Event: ULOG_SUBMIT for HTCondor Node EVALUATE (170837.35.0) {07/09/26 01:26:21}
07/09/26 01:26:26 Number of idle job procs: 30
07/09/26 01:26:26 Reassigning the id of job EVALUATE from (170837.35.0) to (170837.36.0)
07/09/26 01:26:26 Event: ULOG_SUBMIT for HTCondor Node EVALUATE (170837.36.0) {07/09/26 01:26:21}
07/09/26 01:26:26 Number of idle job procs: 31
07/09/26 01:26:26 Reassigning the id of job EVALUATE from (170837.36.0) to (170837.37.0)
07/09/26 01:26:26 Event: ULOG_SUBMIT for HTCondor Node EVALUATE (170837.37.0) {07/09/26 01:26:21}
07/09/26 01:26:26 Number of idle job procs: 32
07/09/26 01:26:26 Reassigning the id of job EVALUATE from (170837.37.0) to (170837.38.0)
07/09/26 01:26:26 Event: ULOG_SUBMIT for HTCondor Node EVALUATE (170837.38.0) {07/09/26 01:26:21}
07/09/26 01:26:26 Number of idle job procs: 33
07/09/26 01:26:26 Reassigning the id of job EVALUATE from (170837.38.0) to (170837.39.0)
07/09/26 01:26:26 Event: ULOG_SUBMIT for HTCondor Node EVALUATE (170837.39.0) {07/09/26 01:26:21}
07/09/26 01:26:26 Number of idle job procs: 34
07/09/26 01:26:26 Reassigning the id of job EVALUATE from (170837.39.0) to (170837.4.0)
07/09/26 01:26:26 Event: ULOG_SUBMIT for HTCondor Node EVALUATE (170837.4.0) {07/09/26 01:26:21}
07/09/26 01:26:26 Number of idle job procs: 35
07/09/26 01:26:26 Reassigning the id of job EVALUATE from (170837.4.0) to (170837.5.0)
07/09/26 01:26:26 Event: ULOG_SUBMIT for HTCondor Node EVALUATE (170837.5.0) {07/09/26 01:26:21}
07/09/26 01:26:26 Number of idle job procs: 36
07/09/26 01:26:26 Reassigning the id of job EVALUATE from (170837.5.0) to (170837.6.0)
07/09/26 01:26:26 Event: ULOG_SUBMIT for HTCondor Node EVALUATE (170837.6.0) {07/09/26 01:26:21}
07/09/26 01:26:26 Number of idle job procs: 37
07/09/26 01:26:26 Reassigning the id of job EVALUATE from (170837.6.0) to (170837.7.0)
07/09/26 01:26:26 Event: ULOG_SUBMIT for HTCondor Node EVALUATE (170837.7.0) {07/09/26 01:26:21}
07/09/26 01:26:26 Number of idle job procs: 38
07/09/26 01:26:26 Reassigning the id of job EVALUATE from (170837.7.0) to (170837.8.0)
07/09/26 01:26:26 Event: ULOG_SUBMIT for HTCondor Node EVALUATE (170837.8.0) {07/09/26 01:26:21}
07/09/26 01:26:26 Number of idle job procs: 39
07/09/26 01:26:26 Reassigning the id of job EVALUATE from (170837.8.0) to (170837.9.0)
07/09/26 01:26:26 Event: ULOG_SUBMIT for HTCondor Node EVALUATE (170837.9.0) {07/09/26 01:26:21}
07/09/26 01:26:26 Number of idle job procs: 40
07/09/26 01:36:27 601 seconds since last log event
07/09/26 01:36:27 Pending DAG nodes:
07/09/26 01:36:27   Node EVALUATE, HTCondor ID 170837, status STATUS_SUBMITTED
07/09/26 01:41:22 Total jobs placed to AP: 40
07/09/26 01:41:22      Idle     Held     Running     Successful     Failed
07/09/26 01:41:22       ===      ===         ===            ===        ===
07/09/26 01:41:22        40        0           0              0          0
07/09/26 01:46:27 1201 seconds since last log event
07/09/26 01:46:27 Pending DAG nodes:
07/09/26 01:46:27   Node EVALUATE, HTCondor ID 170837, status STATUS_SUBMITTED
07/09/26 01:56:23 Total jobs placed to AP: 40
07/09/26 01:56:23      Idle     Held     Running     Successful     Failed
07/09/26 01:56:23       ===      ===         ===            ===        ===
07/09/26 01:56:23        40        0           0              0          0
07/09/26 01:56:28 1802 seconds since last log event
07/09/26 01:56:28 Pending DAG nodes:
07/09/26 01:56:28   Node EVALUATE, HTCondor ID 170837, status STATUS_SUBMITTED
07/09/26 02:06:28 2402 seconds since last log event
07/09/26 02:06:28 Pending DAG nodes:
07/09/26 02:06:28   Node EVALUATE, HTCondor ID 170837, status STATUS_SUBMITTED
07/09/26 02:11:24 Total jobs placed to AP: 40
07/09/26 02:11:24      Idle     Held     Running     Successful     Failed
07/09/26 02:11:24       ===      ===         ===            ===        ===
07/09/26 02:11:24        40        0           0              0          0
07/09/26 02:16:29 3003 seconds since last log event
07/09/26 02:16:29 Pending DAG nodes:
07/09/26 02:16:29   Node EVALUATE, HTCondor ID 170837, status STATUS_SUBMITTED
07/09/26 02:26:24 Total jobs placed to AP: 40
07/09/26 02:26:24      Idle     Held     Running     Successful     Failed
07/09/26 02:26:24       ===      ===         ===            ===        ===
07/09/26 02:26:24        40        0           0              0          0
07/09/26 02:26:29 3603 seconds since last log event
07/09/26 02:26:29 Pending DAG nodes:
07/09/26 02:26:29   Node EVALUATE, HTCondor ID 170837, status STATUS_SUBMITTED
07/09/26 02:36:30 4204 seconds since last log event
07/09/26 02:36:30 Pending DAG nodes:
07/09/26 02:36:30   Node EVALUATE, HTCondor ID 170837, status STATUS_SUBMITTED
07/09/26 02:41:25 Total jobs placed to AP: 40
07/09/26 02:41:25      Idle     Held     Running     Successful     Failed
07/09/26 02:41:25       ===      ===         ===            ===        ===
07/09/26 02:41:25        40        0           0              0          0
07/09/26 02:46:30 4804 seconds since last log event
07/09/26 02:46:30 Pending DAG nodes:
07/09/26 02:46:30   Node EVALUATE, HTCondor ID 170837, status STATUS_SUBMITTED
07/09/26 02:56:26 Total jobs placed to AP: 40
07/09/26 02:56:26      Idle     Held     Running     Successful     Failed
07/09/26 02:56:26       ===      ===         ===            ===        ===
07/09/26 02:56:26        40        0           0              0          0
07/09/26 02:56:31 5405 seconds since last log event
07/09/26 02:56:31 Pending DAG nodes:
07/09/26 02:56:31   Node EVALUATE, HTCondor ID 170837, status STATUS_SUBMITTED
07/09/26 02:57:16 Currently monitoring 1 HTCondor log file(s)
07/09/26 02:57:16 Event: ULOG_EXECUTE for HTCondor Node EVALUATE (170837.0.0) {07/09/26 02:57:12}
07/09/26 02:57:16 Number of idle job procs: 39
07/09/26 02:57:16 Event: ULOG_JOB_TERMINATED for HTCondor Node EVALUATE (170837.0.0) {07/09/26 02:57:16}
07/09/26 02:57:16 Number of idle job procs: 39
07/09/26 02:57:16 Node EVALUATE job proc (170837.0.0) failed with status 1.
07/09/26 02:57:16 Running: /usr/bin/condor_rm 170837 -const DAGManJobId==170836 -reason Node' 'Error:' 'DAG' 'node' 'EVALUATE' '(170837.0.0)' 'reached' 'failure' 'tolerance' 'after' '1' 'failures.
07/09/26 02:57:16 Event: ULOG_JOB_ABORTED for HTCondor Node EVALUATE (170837.2.0) {07/09/26 02:57:16}
07/09/26 02:57:16 Number of idle job procs: 38
07/09/26 02:57:21 Currently monitoring 1 HTCondor log file(s)
07/09/26 02:57:21 Event: ULOG_JOB_ABORTED for HTCondor Node EVALUATE (170837.3.0) {07/09/26 02:57:16}
07/09/26 02:57:21 Number of idle job procs: 37
07/09/26 02:57:21 Event: ULOG_JOB_ABORTED for HTCondor Node EVALUATE (170837.4.0) {07/09/26 02:57:16}
07/09/26 02:57:21 Number of idle job procs: 36
07/09/26 02:57:21 Event: ULOG_JOB_ABORTED for HTCondor Node EVALUATE (170837.5.0) {07/09/26 02:57:16}
07/09/26 02:57:21 Number of idle job procs: 35
07/09/26 02:57:21 Event: ULOG_JOB_ABORTED for HTCondor Node EVALUATE (170837.6.0) {07/09/26 02:57:16}
07/09/26 02:57:21 Number of idle job procs: 34
07/09/26 02:57:21 Event: ULOG_JOB_ABORTED for HTCondor Node EVALUATE (170837.7.0) {07/09/26 02:57:16}
07/09/26 02:57:21 Number of idle job procs: 33
07/09/26 02:57:21 Event: ULOG_JOB_ABORTED for HTCondor Node EVALUATE (170837.8.0) {07/09/26 02:57:16}
07/09/26 02:57:21 Number of idle job procs: 32
07/09/26 02:57:21 Event: ULOG_JOB_ABORTED for HTCondor Node EVALUATE (170837.9.0) {07/09/26 02:57:16}
07/09/26 02:57:21 Number of idle job procs: 31
07/09/26 02:57:21 Event: ULOG_JOB_ABORTED for HTCondor Node EVALUATE (170837.10.0) {07/09/26 02:57:16}
07/09/26 02:57:21 Number of idle job procs: 30
07/09/26 02:57:21 Event: ULOG_JOB_ABORTED for HTCondor Node EVALUATE (170837.11.0) {07/09/26 02:57:16}
07/09/26 02:57:21 Number of idle job procs: 29
07/09/26 02:57:21 Event: ULOG_JOB_ABORTED for HTCondor Node EVALUATE (170837.12.0) {07/09/26 02:57:16}
07/09/26 02:57:21 Number of idle job procs: 28
07/09/26 02:57:21 Event: ULOG_JOB_ABORTED for HTCondor Node EVALUATE (170837.13.0) {07/09/26 02:57:16}
07/09/26 02:57:21 Number of idle job procs: 27
07/09/26 02:57:21 Event: ULOG_JOB_ABORTED for HTCondor Node EVALUATE (170837.14.0) {07/09/26 02:57:16}
07/09/26 02:57:21 Number of idle job procs: 26
07/09/26 02:57:21 Event: ULOG_JOB_ABORTED for HTCondor Node EVALUATE (170837.15.0) {07/09/26 02:57:16}
07/09/26 02:57:21 Number of idle job procs: 25
07/09/26 02:57:21 Event: ULOG_JOB_ABORTED for HTCondor Node EVALUATE (170837.16.0) {07/09/26 02:57:16}
07/09/26 02:57:21 Number of idle job procs: 24
07/09/26 02:57:21 Event: ULOG_JOB_ABORTED for HTCondor Node EVALUATE (170837.17.0) {07/09/26 02:57:16}
07/09/26 02:57:21 Number of idle job procs: 23
07/09/26 02:57:21 Event: ULOG_JOB_ABORTED for HTCondor Node EVALUATE (170837.18.0) {07/09/26 02:57:16}
07/09/26 02:57:21 Number of idle job procs: 22
07/09/26 02:57:21 Event: ULOG_JOB_ABORTED for HTCondor Node EVALUATE (170837.19.0) {07/09/26 02:57:16}
07/09/26 02:57:21 Number of idle job procs: 21
07/09/26 02:57:21 Event: ULOG_JOB_ABORTED for HTCondor Node EVALUATE (170837.20.0) {07/09/26 02:57:16}
07/09/26 02:57:21 Number of idle job procs: 20
07/09/26 02:57:21 Event: ULOG_JOB_ABORTED for HTCondor Node EVALUATE (170837.21.0) {07/09/26 02:57:16}
07/09/26 02:57:21 Number of idle job procs: 19
07/09/26 02:57:21 Event: ULOG_JOB_ABORTED for HTCondor Node EVALUATE (170837.22.0) {07/09/26 02:57:16}
07/09/26 02:57:21 Number of idle job procs: 18
07/09/26 02:57:21 Event: ULOG_JOB_ABORTED for HTCondor Node EVALUATE (170837.23.0) {07/09/26 02:57:16}
07/09/26 02:57:21 Number of idle job procs: 17
07/09/26 02:57:21 Event: ULOG_JOB_ABORTED for HTCondor Node EVALUATE (170837.24.0) {07/09/26 02:57:16}
07/09/26 02:57:21 Number of idle job procs: 16
07/09/26 02:57:21 Event: ULOG_JOB_ABORTED for HTCondor Node EVALUATE (170837.25.0) {07/09/26 02:57:16}
07/09/26 02:57:21 Number of idle job procs: 15
07/09/26 02:57:21 Event: ULOG_JOB_ABORTED for HTCondor Node EVALUATE (170837.26.0) {07/09/26 02:57:16}
07/09/26 02:57:21 Number of idle job procs: 14
07/09/26 02:57:21 Event: ULOG_JOB_ABORTED for HTCondor Node EVALUATE (170837.27.0) {07/09/26 02:57:16}
07/09/26 02:57:21 Number of idle job procs: 13
07/09/26 02:57:21 Event: ULOG_JOB_ABORTED for HTCondor Node EVALUATE (170837.28.0) {07/09/26 02:57:16}
07/09/26 02:57:21 Number of idle job procs: 12
07/09/26 02:57:21 Event: ULOG_JOB_ABORTED for HTCondor Node EVALUATE (170837.29.0) {07/09/26 02:57:16}
07/09/26 02:57:21 Number of idle job procs: 11
07/09/26 02:57:21 Event: ULOG_JOB_ABORTED for HTCondor Node EVALUATE (170837.30.0) {07/09/26 02:57:16}
07/09/26 02:57:21 Number of idle job procs: 10
07/09/26 02:57:21 Event: ULOG_JOB_ABORTED for HTCondor Node EVALUATE (170837.31.0) {07/09/26 02:57:16}
07/09/26 02:57:21 Number of idle job procs: 9
07/09/26 02:57:21 Event: ULOG_JOB_ABORTED for HTCondor Node EVALUATE (170837.32.0) {07/09/26 02:57:16}
07/09/26 02:57:21 Number of idle job procs: 8
07/09/26 02:57:21 Event: ULOG_JOB_ABORTED for HTCondor Node EVALUATE (170837.33.0) {07/09/26 02:57:16}
07/09/26 02:57:21 Number of idle job procs: 7
07/09/26 02:57:21 Event: ULOG_JOB_ABORTED for HTCondor Node EVALUATE (170837.34.0) {07/09/26 02:57:16}
07/09/26 02:57:21 Number of idle job procs: 6
07/09/26 02:57:21 Event: ULOG_JOB_ABORTED for HTCondor Node EVALUATE (170837.35.0) {07/09/26 02:57:16}
07/09/26 02:57:21 Number of idle job procs: 5
07/09/26 02:57:21 Event: ULOG_JOB_ABORTED for HTCondor Node EVALUATE (170837.36.0) {07/09/26 02:57:16}
07/09/26 02:57:21 Number of idle job procs: 4
07/09/26 02:57:21 Event: ULOG_JOB_ABORTED for HTCondor Node EVALUATE (170837.37.0) {07/09/26 02:57:16}
07/09/26 02:57:21 Number of idle job procs: 3
07/09/26 02:57:21 Event: ULOG_JOB_ABORTED for HTCondor Node EVALUATE (170837.38.0) {07/09/26 02:57:16}
07/09/26 02:57:21 Number of idle job procs: 2
07/09/26 02:57:21 Event: ULOG_JOB_ABORTED for HTCondor Node EVALUATE (170837.39.0) {07/09/26 02:57:16}
07/09/26 02:57:21 Number of idle job procs: 1
07/09/26 02:57:21 Event: ULOG_JOB_EVICTED for HTCondor Node EVALUATE (170837.1.0) {07/09/26 02:57:17}
07/09/26 02:57:21 Number of idle job procs: 1
07/09/26 02:57:21 Event: ULOG_JOB_ABORTED for HTCondor Node EVALUATE (170837.1.0) {07/09/26 02:57:17}
07/09/26 02:57:21 Number of idle job procs: 0
07/09/26 02:57:21 Node EVALUATE job(s) have exited the queue
07/09/26 02:57:21 DAG status: 2 (DAG_STATUS_NODE_FAILED)
07/09/26 02:57:21 Of 5 nodes total:
07/09/26 02:57:21  Done     Pre   Queued    Post   Ready   Un-Ready   Failed   Futile
07/09/26 02:57:21   ===     ===      ===     ===     ===        ===      ===      ===
07/09/26 02:57:21     3       0        0       0       0          0        1        1
07/09/26 02:57:21 0 job proc(s) currently held
07/09/26 02:57:21 DAGMan Runtime Statistics: [EventCycleTimeAvg=0.001; EventCycleTimeMax=0.428; EventCycleTimeMin=0.000; EventCycleTimeStd=0.013; EventCycleTimeSum=0.793; SleepCycleTimeAvg=5.004; SleepCycleTimeMax=5.030; SleepCycleTimeMin=5.000; SleepCycleTimeStd=0.002; SleepCycleTimeSum=5459.597; SubmitCycleTimeAvg=0.000; SubmitCycleTimeMax=0.424; SubmitCycleTimeMin=0.000; SubmitCycleTimeStd=0.013; SubmitCycleTimeSum=0.425; EventCycleTimeCount=1091.000; SleepCycleTimeCount=1091.000; SubmitCycleTimeCount=1092.000; LogProcessCycleTimeAvg=0.057; LogProcessCycleTimeMax=0.084; LogProcessCycleTimeMin=0.042; LogProcessCycleTimeStd=0.024; LogProcessCycleTimeSum=0.170; LogProcessCycleTimeCount=3.000; ]
07/09/26 02:57:21 ERROR: the following job(s) failed:
07/09/26 02:57:21 ---------------------- Node ----------------------
07/09/26 02:57:21       Node Name: EVALUATE
07/09/26 02:57:21            Noop: false
07/09/26 02:57:21          NodeID: 3
07/09/26 02:57:21     Node Status: STATUS_ERROR    
07/09/26 02:57:21 Node return val: 1
07/09/26 02:57:21           Error: Job proc (170837.0.0) failed with status 1
07/09/26 02:57:21 Job Submit File: transport_linetrack_50_25_action_shield_evaluate.sub
07/09/26 02:57:21  HTCondor Job ID: (170837.9.0)
07/09/26 02:57:21 PARENTS: TRAIN WAITING: 0 CHILDREN: MERGE_EVALUATION
07/09/26 02:57:21 ---------------------------------------	<END>
07/09/26 02:57:21 Aborting DAG...
07/09/26 02:57:21 Writing Rescue DAG to transport_linetrack_50_25_action_shield.dag.rescue005...
07/09/26 02:57:21 Removing submitted jobs...
07/09/26 02:57:21 Removing any/all submitted HTCondor jobs...
07/09/26 02:57:21 Running: /usr/bin/condor_rm -const DAGManJobId==170836 -reason DAG' 'Abort:' 'DAG' 'is' 'exiting' 'and' 'writing' 'rescue' 'file.
07/09/26 02:57:21 Note: 0 total node deferrals because of -MaxJobs limit (0)
07/09/26 02:57:21 Note: 0 total node deferrals because of -MaxIdle limit (1000)
07/09/26 02:57:21 Note: 0 total node deferrals because of node category throttles
07/09/26 02:57:21 Note: 0 total PRE script deferrals because of -MaxPre limit (20) or DEFER
07/09/26 02:57:21 Note: 0 total POST script deferrals because of -MaxPost limit (20) or DEFER
07/09/26 02:57:21 Note: 0 total HOLD script deferrals because of -MaxHold limit (20) or DEFER
07/09/26 02:57:21 DAG status: 2 (DAG_STATUS_NODE_FAILED)
07/09/26 02:57:21 Of 5 nodes total:
07/09/26 02:57:21  Done     Pre   Queued    Post   Ready   Un-Ready   Failed   Futile
07/09/26 02:57:21   ===     ===      ===     ===     ===        ===      ===      ===
07/09/26 02:57:21     3       0        0       0       0          0        1        1
07/09/26 02:57:21 0 job proc(s) currently held
07/09/26 02:57:21 DAGMan Runtime Statistics: [EventCycleTimeAvg=0.001; EventCycleTimeMax=0.428; EventCycleTimeMin=0.000; EventCycleTimeStd=0.013; EventCycleTimeSum=0.793; SleepCycleTimeAvg=5.004; SleepCycleTimeMax=5.030; SleepCycleTimeMin=5.000; SleepCycleTimeStd=0.002; SleepCycleTimeSum=5459.597; SubmitCycleTimeAvg=0.000; SubmitCycleTimeMax=0.424; SubmitCycleTimeMin=0.000; SubmitCycleTimeStd=0.013; SubmitCycleTimeSum=0.425; EventCycleTimeCount=1091.000; SleepCycleTimeCount=1091.000; SubmitCycleTimeCount=1092.000; LogProcessCycleTimeAvg=0.057; LogProcessCycleTimeMax=0.084; LogProcessCycleTimeMin=0.042; LogProcessCycleTimeStd=0.024; LogProcessCycleTimeSum=0.170; LogProcessCycleTimeCount=3.000; ]
07/09/26 02:57:21 Wrote metrics file transport_linetrack_50_25_action_shield.dag.metrics.
07/09/26 02:57:21 DAGMan Runtime Statistics: [EventCycleTimeAvg=0.001; EventCycleTimeMax=0.428; EventCycleTimeMin=0.000; EventCycleTimeStd=0.013; EventCycleTimeSum=0.793; SleepCycleTimeAvg=5.004; SleepCycleTimeMax=5.030; SleepCycleTimeMin=5.000; SleepCycleTimeStd=0.002; SleepCycleTimeSum=5459.597; SubmitCycleTimeAvg=0.000; SubmitCycleTimeMax=0.424; SubmitCycleTimeMin=0.000; SubmitCycleTimeStd=0.013; SubmitCycleTimeSum=0.425; EventCycleTimeCount=1091.000; SleepCycleTimeCount=1091.000; SubmitCycleTimeCount=1092.000; LogProcessCycleTimeAvg=0.057; LogProcessCycleTimeMax=0.084; LogProcessCycleTimeMin=0.042; LogProcessCycleTimeStd=0.024; LogProcessCycleTimeSum=0.170; LogProcessCycleTimeCount=3.000; ]
07/09/26 02:57:21 **** condor_scheduniv_exec.170836.0 (condor_DAGMAN) pid 1406242 EXITING WITH STATUS 1
07/09/26 14:02:45 ******************************************************
07/09/26 14:02:45 ** condor_scheduniv_exec.170911.0 (CONDOR_DAGMAN) STARTING UP
07/09/26 14:02:45 ** /usr/bin/condor_dagman
07/09/26 14:02:45 ** SubsystemInfo: name=DAGMAN type=DAGMAN(9) class=CLIENT(2)
07/09/26 14:02:45 ** Configuration: subsystem:DAGMAN local:<NONE> class:CLIENT
07/09/26 14:02:45 ** $CondorVersion: 24.12.19 2026-04-15 BuildID: 896241 PackageID: 24.12.19-1+deb12 GitSHA: c68f3e0e $
07/09/26 14:02:45 ** $CondorPlatform: X86_64-Debian_12 $
07/09/26 14:02:45 ** PID = 1751123 RealUID = 1620002036
07/09/26 14:02:45 ** Log last touched 7/9 02:57:21
07/09/26 14:02:45 ******************************************************
07/09/26 14:02:45 Using config source: /etc/condor/condor_config
07/09/26 14:02:45 Using local config sources: 
07/09/26 14:02:45    /etc/condor/config.d/01-submit.conf
07/09/26 14:02:45    /etc/condor/config.d/10-stash-plugin.conf
07/09/26 14:02:45    /etc/condor/config.d/23-network.config
07/09/26 14:02:45    /etc/condor/config.d/31-mail.conf
07/09/26 14:02:45    /etc/condor/config.d/35-cc-sync.conf
07/09/26 14:02:45    /etc/condor/config.d/41-periodic-remove.conf
07/09/26 14:02:45    /etc/condor/config.d/49-common.conf
07/09/26 14:02:45    /etc/condor/config.d/52-group-mapping.conf
07/09/26 14:02:45    /etc/condor/config.d/54-container.conf
07/09/26 14:02:45    /etc/condor/config.d/67-submit-transforms.conf
07/09/26 14:02:45    /etc/condor/config.d/71-submit-requirements.conf
07/09/26 14:02:45    /etc/condor/condor_config.local
07/09/26 14:02:45 config Macros = 110, Sorted = 110, StringBytes = 6391, TablesBytes = 4088
07/09/26 14:02:45 CLASSAD_CACHING is ENABLED
07/09/26 14:02:45 Daemon Log is logging: D_ALWAYS D_ERROR D_STATUS
07/09/26 14:02:45 Daemoncore: Listening at <0.0.0.0:8979> on TCP (ReliSock) and UDP (SafeSock).
07/09/26 14:02:45 DaemonCore: command socket at <10.143.248.60:8979?addrs=10.143.248.60-8979&alias=conduit.hpc.uni-saarland.de>
07/09/26 14:02:45 DaemonCore: private command socket at <10.143.248.60:8979?addrs=10.143.248.60-8979&alias=conduit.hpc.uni-saarland.de>
07/09/26 14:02:45 DAGMAN_USE_STRICT setting: 1
07/09/26 14:02:45 DAGMAN_VERBOSITY setting: 3
07/09/26 14:02:45 DAGMAN_DEBUG_CACHE_SIZE setting: 5242880
07/09/26 14:02:45 DAGMAN_DEBUG_CACHE_ENABLE setting: False
07/09/26 14:02:45 DAGMAN_SUBMIT_DELAY setting: 0
07/09/26 14:02:45 DAGMAN_MAX_SUBMIT_ATTEMPTS setting: 6
07/09/26 14:02:45 DAGMAN_STARTUP_CYCLE_DETECT setting: False
07/09/26 14:02:45 DAGMAN_USE_JOIN_NODES setting: True
07/09/26 14:02:45 DAGMAN_REPORT_GRAPH_METRICS setting: False
07/09/26 14:02:45 DAGMAN_MAX_SUBMITS_PER_INTERVAL setting: 100
07/09/26 14:02:45 DAGMAN_AGGRESSIVE_SUBMIT setting: False
07/09/26 14:02:45 DAGMAN_USER_LOG_SCAN_INTERVAL setting: 5
07/09/26 14:02:45 DAGMAN_QUEUE_UPDATE_INTERVAL setting: 300.000000
07/09/26 14:02:45 DAGMAN_DEFAULT_PRIORITY setting: 0
07/09/26 14:02:45 DAGMAN_SUPPRESS_NOTIFICATION setting: False
07/09/26 14:02:45 allow_events (DAGMAN_ALLOW_EVENTS) setting: 114
07/09/26 14:02:45 DAGMAN_RETRY_SUBMIT_FIRST setting: True
07/09/26 14:02:45 DAGMAN_RETRY_NODE_FIRST setting: False
07/09/26 14:02:45 DAGMAN_MAX_JOBS_IDLE setting: 1000
07/09/26 14:02:45 DAGMAN_MAX_JOBS_SUBMITTED setting: 0
07/09/26 14:02:45 DAGMAN_MAX_PRE_SCRIPTS setting: 20
07/09/26 14:02:45 DAGMAN_MAX_POST_SCRIPTS setting: 20
07/09/26 14:02:45 DAGMAN_MAX_HOLD_SCRIPTS setting: 20
07/09/26 14:02:45 DAGMAN_MUNGE_NODE_NAMES setting: True
07/09/26 14:02:45 DAGMAN_ALLOW_ANY_NODE_NAME_CHARACTERS setting: False
07/09/26 14:02:45 DAGMAN_PROHIBIT_MULTI_JOBS setting: False
07/09/26 14:02:45 DAGMAN_SUBMIT_DEPTH_FIRST setting: False
07/09/26 14:02:45 DAGMAN_ALWAYS_RUN_POST setting: False
07/09/26 14:02:45 DAGMAN_CONDOR_SUBMIT_EXE setting: /usr/bin/condor_submit
07/09/26 14:02:45 DAGMAN_CONDOR_RM_EXE setting: /usr/bin/condor_rm
07/09/26 14:02:45 DAGMAN_USE_DIRECT_SUBMIT setting: True
07/09/26 14:02:45 DAGMAN_PRODUCE_JOB_CREDENTIALS setting: True
07/09/26 14:02:45 DAGMAN_DEFAULT_APPEND_VARS setting: False
07/09/26 14:02:45 DAGMAN_INHERIT_ATTRS_PREFIX setting: 
07/09/26 14:02:45 DAGMAN_INHERIT_ATTRS setting: 
07/09/26 14:02:45 DAGMAN_ABORT_DUPLICATES setting: True
07/09/26 14:02:45 DAGMAN_ABORT_ON_SCARY_SUBMIT setting: True
07/09/26 14:02:45 DAGMAN_PENDING_REPORT_INTERVAL setting: 600
07/09/26 14:02:45 DAGMAN_CHECK_QUEUE_INTERVAL setting: 28800
07/09/26 14:02:45 DAGMAN_PRINT_JOB_TABLE_INTERVAL setting: 900
07/09/26 14:02:45 DAGMAN_AUTO_RESCUE setting: True
07/09/26 14:02:45 DAGMAN_MAX_RESCUE_NUM setting: 100
07/09/26 14:02:45 DAGMAN_WRITE_PARTIAL_RESCUE setting: True
07/09/26 14:02:45 DAGMAN_RESET_RETRIES_UPON_RESCUE setting: True
07/09/26 14:02:45 DAGMAN_METRICS_FILE_VERSION setting: 2
07/09/26 14:02:45 DAGMAN_DEFAULT_NODE_LOG setting: @(DAG_DIR)/@(DAG_FILE).nodes.log
07/09/26 14:02:45 DAGMAN_LOG_ON_NFS_IS_ERROR setting: False
07/09/26 14:02:45 DAGMAN_GENERATE_SUBDAG_SUBMITS setting: True
07/09/26 14:02:45 DAGMAN_MAX_JOB_HOLDS setting: 100
07/09/26 14:02:45 DAGMAN_NODE_JOB_FAILURE_TOLERANCE setting: 0
07/09/26 14:02:45 DAGMAN_HOLD_CLAIM_TIME setting: 20
07/09/26 14:02:45 DAGMAN_SUPPRESS_JOB_LOGS setting: False
07/09/26 14:02:45 DAGMAN_REMOVE_NODE_JOBS setting: True
07/09/26 14:02:45 DAGMAN_PUT_FAILED_JOBS_ON_HOLD setting: False
07/09/26 14:02:45 DAGMAN_REMOVE_JOBS_AFTER_LIMIT_CHANGE setting: False
07/09/26 14:02:45 DAGMAN will adjust edges after parsing
07/09/26 14:02:45 argv[0] == "condor_scheduniv_exec.170911.0"
07/09/26 14:02:45 argv[1] == "-Lockfile"
07/09/26 14:02:45 argv[2] == "transport_linetrack_50_25_action_shield.dag.lock"
07/09/26 14:02:45 argv[3] == "-Dag"
07/09/26 14:02:45 argv[4] == "transport_linetrack_50_25_action_shield.dag"
07/09/26 14:02:45 argv[5] == "-CsdVersion"
07/09/26 14:02:45 argv[6] == "$CondorVersion: 24.12.19 2026-04-15 BuildID: 896241 PackageID: 24.12.19-1+deb12 GitSHA: c68f3e0e $"
07/09/26 14:02:45 argv[7] == "-dagman"
07/09/26 14:02:45 argv[8] == "/usr/bin/condor_dagman"
07/09/26 14:02:45 argv[9] == "-AutoRescue"
07/09/26 14:02:45 argv[10] == "1"
07/09/26 14:02:45 argv[11] == "-DoRescueFrom"
07/09/26 14:02:45 argv[12] == "0"
07/09/26 14:02:45 Can't open directory "/etc/condor/passwords.d" as PRIV_ROOT, errno: 13 (Permission denied)
07/09/26 14:02:45 Can't open directory "/etc/condor/passwords.d" as PRIV_ROOT, errno: 13 (Permission denied)
07/09/26 14:02:45 Workflow batch-id: <170911.0>
07/09/26 14:02:45 Workflow batch-name: <transport_linetrack_50_25_action_shield.dag+170911>
07/09/26 14:02:45 Workflow accounting_group: <teaching>
07/09/26 14:02:45 Workflow accounting_group_user: <atml_team041>
07/09/26 14:02:45 Warning: failed to get attribute DAGNodeName
07/09/26 14:02:45 Default node log file is: </home/atml_team041/condor_tutorial/jani_env/experiments/repair_wo_domain/submissions/action_shield/transport_linetrack/./transport_linetrack_50_25_action_shield.dag.nodes.log>
07/09/26 14:02:45 DAG Lockfile will be written to transport_linetrack_50_25_action_shield.dag.lock
07/09/26 14:02:45 DAG Input file is transport_linetrack_50_25_action_shield.dag
07/09/26 14:02:45 Parsing 1 dagfiles
07/09/26 14:02:45 Parsing transport_linetrack_50_25_action_shield.dag ...
07/09/26 14:02:45 Adjusting edges
07/09/26 14:02:45 Found rescue DAG number 5; running transport_linetrack_50_25_action_shield.dag.rescue005 in combination with normal DAG file
07/09/26 14:02:45 ~~~~~~~~~~~~~~~~~~~~~~~~~~~~~~~~~~~~~~~~~~~~~~~~~~~~~~
07/09/26 14:02:45 USING RESCUE DAG transport_linetrack_50_25_action_shield.dag.rescue005
07/09/26 14:02:45 Dag contains 5 total nodes
07/09/26 14:02:45 Bootstrapping...
07/09/26 14:02:45 Number of pre-completed nodes: 3
07/09/26 14:02:45 MultiLogFiles: truncating log file /home/atml_team041/condor_tutorial/jani_env/experiments/repair_wo_domain/submissions/action_shield/transport_linetrack/./transport_linetrack_50_25_action_shield.dag.nodes.log
07/09/26 14:02:45 DAG status: 0 (DAG_STATUS_OK)
07/09/26 14:02:45 Of 5 nodes total:
07/09/26 14:02:45  Done     Pre   Queued    Post   Ready   Un-Ready   Failed   Futile
07/09/26 14:02:45   ===     ===      ===     ===     ===        ===      ===      ===
07/09/26 14:02:45     3       0        0       0       1          1        0        0
07/09/26 14:02:45 0 job proc(s) currently held
07/09/26 14:02:45 DAGMan Runtime Statistics: [EventCycleTimeSum=0.000; SleepCycleTimeSum=0.000; SubmitCycleTimeSum=0.000; EventCycleTimeCount=0.000; SleepCycleTimeCount=0.000; SubmitCycleTimeCount=0.000; LogProcessCycleTimeSum=0.000; LogProcessCycleTimeCount=0.000; ]
07/09/26 14:02:45 Registering condor_event_timer...
07/09/26 14:02:46 Submitting HTCondor Node EVALUATE job(s)...
07/09/26 14:02:46 Submitting node EVALUATE from file transport_linetrack_50_25_action_shield_evaluate.sub using direct job submission
07/09/26 14:02:46 	assigned HTCondor ID (170912.0.0)
07/09/26 14:02:46 Just submitted 1 job this cycle...
07/09/26 14:02:46 DAG status: 0 (DAG_STATUS_OK)
07/09/26 14:02:46 Of 5 nodes total:
07/09/26 14:02:46  Done     Pre   Queued    Post   Ready   Un-Ready   Failed   Futile
07/09/26 14:02:46   ===     ===      ===     ===     ===        ===      ===      ===
07/09/26 14:02:46     3       0        1       0       0          1        0        0
07/09/26 14:02:46 0 job proc(s) currently held
07/09/26 14:02:46 DAGMan Runtime Statistics: [EventCycleTimeSum=0.000; SleepCycleTimeSum=0.000; SubmitCycleTimeAvg=0.375; SubmitCycleTimeMax=0.375; SubmitCycleTimeMin=0.375; SubmitCycleTimeStd=0.375; SubmitCycleTimeSum=0.375; EventCycleTimeCount=0.000; SleepCycleTimeCount=0.000; SubmitCycleTimeCount=1.000; LogProcessCycleTimeSum=0.000; LogProcessCycleTimeCount=0.000; ]
07/09/26 14:02:51 Currently monitoring 1 HTCondor log file(s)
07/09/26 14:02:51 Reassigning the id of job EVALUATE from (170912.0.0) to (170912.0.0)
07/09/26 14:02:51 Event: ULOG_SUBMIT for HTCondor Node EVALUATE (170912.0.0) {07/09/26 14:02:46}
07/09/26 14:02:51 Number of idle job procs: 1
07/09/26 14:02:51 Reassigning the id of job EVALUATE from (170912.0.0) to (170912.1.0)
07/09/26 14:02:51 Event: ULOG_SUBMIT for HTCondor Node EVALUATE (170912.1.0) {07/09/26 14:02:46}
07/09/26 14:02:51 Number of idle job procs: 2
07/09/26 14:02:51 Reassigning the id of job EVALUATE from (170912.1.0) to (170912.10.0)
07/09/26 14:02:51 Event: ULOG_SUBMIT for HTCondor Node EVALUATE (170912.10.0) {07/09/26 14:02:46}
07/09/26 14:02:51 Number of idle job procs: 3
07/09/26 14:02:51 Reassigning the id of job EVALUATE from (170912.10.0) to (170912.11.0)
07/09/26 14:02:51 Event: ULOG_SUBMIT for HTCondor Node EVALUATE (170912.11.0) {07/09/26 14:02:46}
07/09/26 14:02:51 Number of idle job procs: 4
07/09/26 14:02:51 Reassigning the id of job EVALUATE from (170912.11.0) to (170912.12.0)
07/09/26 14:02:51 Event: ULOG_SUBMIT for HTCondor Node EVALUATE (170912.12.0) {07/09/26 14:02:46}
07/09/26 14:02:51 Number of idle job procs: 5
07/09/26 14:02:51 Reassigning the id of job EVALUATE from (170912.12.0) to (170912.13.0)
07/09/26 14:02:51 Event: ULOG_SUBMIT for HTCondor Node EVALUATE (170912.13.0) {07/09/26 14:02:46}
07/09/26 14:02:51 Number of idle job procs: 6
07/09/26 14:02:51 Reassigning the id of job EVALUATE from (170912.13.0) to (170912.14.0)
07/09/26 14:02:51 Event: ULOG_SUBMIT for HTCondor Node EVALUATE (170912.14.0) {07/09/26 14:02:46}
07/09/26 14:02:51 Number of idle job procs: 7
07/09/26 14:02:51 Reassigning the id of job EVALUATE from (170912.14.0) to (170912.15.0)
07/09/26 14:02:51 Event: ULOG_SUBMIT for HTCondor Node EVALUATE (170912.15.0) {07/09/26 14:02:46}
07/09/26 14:02:51 Number of idle job procs: 8
07/09/26 14:02:51 Reassigning the id of job EVALUATE from (170912.15.0) to (170912.16.0)
07/09/26 14:02:51 Event: ULOG_SUBMIT for HTCondor Node EVALUATE (170912.16.0) {07/09/26 14:02:46}
07/09/26 14:02:51 Number of idle job procs: 9
07/09/26 14:02:51 Reassigning the id of job EVALUATE from (170912.16.0) to (170912.17.0)
07/09/26 14:02:51 Event: ULOG_SUBMIT for HTCondor Node EVALUATE (170912.17.0) {07/09/26 14:02:46}
07/09/26 14:02:51 Number of idle job procs: 10
07/09/26 14:02:51 Reassigning the id of job EVALUATE from (170912.17.0) to (170912.18.0)
07/09/26 14:02:51 Event: ULOG_SUBMIT for HTCondor Node EVALUATE (170912.18.0) {07/09/26 14:02:46}
07/09/26 14:02:51 Number of idle job procs: 11
07/09/26 14:02:51 Reassigning the id of job EVALUATE from (170912.18.0) to (170912.19.0)
07/09/26 14:02:51 Event: ULOG_SUBMIT for HTCondor Node EVALUATE (170912.19.0) {07/09/26 14:02:46}
07/09/26 14:02:51 Number of idle job procs: 12
07/09/26 14:02:51 Reassigning the id of job EVALUATE from (170912.19.0) to (170912.2.0)
07/09/26 14:02:51 Event: ULOG_SUBMIT for HTCondor Node EVALUATE (170912.2.0) {07/09/26 14:02:46}
07/09/26 14:02:51 Number of idle job procs: 13
07/09/26 14:02:51 Reassigning the id of job EVALUATE from (170912.2.0) to (170912.20.0)
07/09/26 14:02:51 Event: ULOG_SUBMIT for HTCondor Node EVALUATE (170912.20.0) {07/09/26 14:02:46}
07/09/26 14:02:51 Number of idle job procs: 14
07/09/26 14:02:51 Reassigning the id of job EVALUATE from (170912.20.0) to (170912.21.0)
07/09/26 14:02:51 Event: ULOG_SUBMIT for HTCondor Node EVALUATE (170912.21.0) {07/09/26 14:02:46}
07/09/26 14:02:51 Number of idle job procs: 15
07/09/26 14:02:51 Reassigning the id of job EVALUATE from (170912.21.0) to (170912.22.0)
07/09/26 14:02:51 Event: ULOG_SUBMIT for HTCondor Node EVALUATE (170912.22.0) {07/09/26 14:02:46}
07/09/26 14:02:51 Number of idle job procs: 16
07/09/26 14:02:51 Reassigning the id of job EVALUATE from (170912.22.0) to (170912.23.0)
07/09/26 14:02:51 Event: ULOG_SUBMIT for HTCondor Node EVALUATE (170912.23.0) {07/09/26 14:02:46}
07/09/26 14:02:51 Number of idle job procs: 17
07/09/26 14:02:51 Reassigning the id of job EVALUATE from (170912.23.0) to (170912.24.0)
07/09/26 14:02:51 Event: ULOG_SUBMIT for HTCondor Node EVALUATE (170912.24.0) {07/09/26 14:02:46}
07/09/26 14:02:51 Number of idle job procs: 18
07/09/26 14:02:51 Reassigning the id of job EVALUATE from (170912.24.0) to (170912.25.0)
07/09/26 14:02:51 Event: ULOG_SUBMIT for HTCondor Node EVALUATE (170912.25.0) {07/09/26 14:02:46}
07/09/26 14:02:51 Number of idle job procs: 19
07/09/26 14:02:51 Reassigning the id of job EVALUATE from (170912.25.0) to (170912.26.0)
07/09/26 14:02:51 Event: ULOG_SUBMIT for HTCondor Node EVALUATE (170912.26.0) {07/09/26 14:02:46}
07/09/26 14:02:51 Number of idle job procs: 20
07/09/26 14:02:51 Reassigning the id of job EVALUATE from (170912.26.0) to (170912.27.0)
07/09/26 14:02:51 Event: ULOG_SUBMIT for HTCondor Node EVALUATE (170912.27.0) {07/09/26 14:02:46}
07/09/26 14:02:51 Number of idle job procs: 21
07/09/26 14:02:51 Reassigning the id of job EVALUATE from (170912.27.0) to (170912.28.0)
07/09/26 14:02:51 Event: ULOG_SUBMIT for HTCondor Node EVALUATE (170912.28.0) {07/09/26 14:02:46}
07/09/26 14:02:51 Number of idle job procs: 22
07/09/26 14:02:51 Reassigning the id of job EVALUATE from (170912.28.0) to (170912.29.0)
07/09/26 14:02:51 Event: ULOG_SUBMIT for HTCondor Node EVALUATE (170912.29.0) {07/09/26 14:02:46}
07/09/26 14:02:51 Number of idle job procs: 23
07/09/26 14:02:51 Reassigning the id of job EVALUATE from (170912.29.0) to (170912.3.0)
07/09/26 14:02:51 Event: ULOG_SUBMIT for HTCondor Node EVALUATE (170912.3.0) {07/09/26 14:02:46}
07/09/26 14:02:51 Number of idle job procs: 24
07/09/26 14:02:51 Reassigning the id of job EVALUATE from (170912.3.0) to (170912.30.0)
07/09/26 14:02:51 Event: ULOG_SUBMIT for HTCondor Node EVALUATE (170912.30.0) {07/09/26 14:02:46}
07/09/26 14:02:51 Number of idle job procs: 25
07/09/26 14:02:51 Reassigning the id of job EVALUATE from (170912.30.0) to (170912.31.0)
07/09/26 14:02:51 Event: ULOG_SUBMIT for HTCondor Node EVALUATE (170912.31.0) {07/09/26 14:02:46}
07/09/26 14:02:51 Number of idle job procs: 26
07/09/26 14:02:51 Reassigning the id of job EVALUATE from (170912.31.0) to (170912.32.0)
07/09/26 14:02:51 Event: ULOG_SUBMIT for HTCondor Node EVALUATE (170912.32.0) {07/09/26 14:02:46}
07/09/26 14:02:51 Number of idle job procs: 27
07/09/26 14:02:51 Reassigning the id of job EVALUATE from (170912.32.0) to (170912.33.0)
07/09/26 14:02:51 Event: ULOG_SUBMIT for HTCondor Node EVALUATE (170912.33.0) {07/09/26 14:02:46}
07/09/26 14:02:51 Number of idle job procs: 28
07/09/26 14:02:51 Reassigning the id of job EVALUATE from (170912.33.0) to (170912.34.0)
07/09/26 14:02:51 Event: ULOG_SUBMIT for HTCondor Node EVALUATE (170912.34.0) {07/09/26 14:02:46}
07/09/26 14:02:51 Number of idle job procs: 29
07/09/26 14:02:51 Reassigning the id of job EVALUATE from (170912.34.0) to (170912.35.0)
07/09/26 14:02:51 Event: ULOG_SUBMIT for HTCondor Node EVALUATE (170912.35.0) {07/09/26 14:02:46}
07/09/26 14:02:51 Number of idle job procs: 30
07/09/26 14:02:51 Reassigning the id of job EVALUATE from (170912.35.0) to (170912.36.0)
07/09/26 14:02:51 Event: ULOG_SUBMIT for HTCondor Node EVALUATE (170912.36.0) {07/09/26 14:02:46}
07/09/26 14:02:51 Number of idle job procs: 31
07/09/26 14:02:51 Reassigning the id of job EVALUATE from (170912.36.0) to (170912.37.0)
07/09/26 14:02:51 Event: ULOG_SUBMIT for HTCondor Node EVALUATE (170912.37.0) {07/09/26 14:02:46}
07/09/26 14:02:51 Number of idle job procs: 32
07/09/26 14:02:51 Reassigning the id of job EVALUATE from (170912.37.0) to (170912.38.0)
07/09/26 14:02:51 Event: ULOG_SUBMIT for HTCondor Node EVALUATE (170912.38.0) {07/09/26 14:02:46}
07/09/26 14:02:51 Number of idle job procs: 33
07/09/26 14:02:51 Reassigning the id of job EVALUATE from (170912.38.0) to (170912.39.0)
07/09/26 14:02:51 Event: ULOG_SUBMIT for HTCondor Node EVALUATE (170912.39.0) {07/09/26 14:02:46}
07/09/26 14:02:51 Number of idle job procs: 34
07/09/26 14:02:51 Reassigning the id of job EVALUATE from (170912.39.0) to (170912.4.0)
07/09/26 14:02:51 Event: ULOG_SUBMIT for HTCondor Node EVALUATE (170912.4.0) {07/09/26 14:02:46}
07/09/26 14:02:51 Number of idle job procs: 35
07/09/26 14:02:51 Reassigning the id of job EVALUATE from (170912.4.0) to (170912.5.0)
07/09/26 14:02:51 Event: ULOG_SUBMIT for HTCondor Node EVALUATE (170912.5.0) {07/09/26 14:02:46}
07/09/26 14:02:51 Number of idle job procs: 36
07/09/26 14:02:51 Reassigning the id of job EVALUATE from (170912.5.0) to (170912.6.0)
07/09/26 14:02:51 Event: ULOG_SUBMIT for HTCondor Node EVALUATE (170912.6.0) {07/09/26 14:02:46}
07/09/26 14:02:51 Number of idle job procs: 37
07/09/26 14:02:51 Reassigning the id of job EVALUATE from (170912.6.0) to (170912.7.0)
07/09/26 14:02:51 Event: ULOG_SUBMIT for HTCondor Node EVALUATE (170912.7.0) {07/09/26 14:02:46}
07/09/26 14:02:51 Number of idle job procs: 38
07/09/26 14:02:51 Reassigning the id of job EVALUATE from (170912.7.0) to (170912.8.0)
07/09/26 14:02:51 Event: ULOG_SUBMIT for HTCondor Node EVALUATE (170912.8.0) {07/09/26 14:02:46}
07/09/26 14:02:51 Number of idle job procs: 39
07/09/26 14:02:51 Reassigning the id of job EVALUATE from (170912.8.0) to (170912.9.0)
07/09/26 14:02:51 Event: ULOG_SUBMIT for HTCondor Node EVALUATE (170912.9.0) {07/09/26 14:02:46}
07/09/26 14:02:51 Number of idle job procs: 40
07/09/26 14:12:52 601 seconds since last log event
07/09/26 14:12:52 Pending DAG nodes:
07/09/26 14:12:52   Node EVALUATE, HTCondor ID 170912, status STATUS_SUBMITTED
07/09/26 14:17:47 Total jobs placed to AP: 40
07/09/26 14:17:47      Idle     Held     Running     Successful     Failed
07/09/26 14:17:47       ===      ===         ===            ===        ===
07/09/26 14:17:47        40        0           0              0          0
07/09/26 14:17:57 Currently monitoring 1 HTCondor log file(s)
07/09/26 14:17:57 Event: ULOG_EXECUTE for HTCondor Node EVALUATE (170912.0.0) {07/09/26 14:17:53}
07/09/26 14:17:57 Number of idle job procs: 39
07/09/26 14:18:07 Currently monitoring 1 HTCondor log file(s)
07/09/26 14:18:07 Event: ULOG_JOB_TERMINATED for HTCondor Node EVALUATE (170912.0.0) {07/09/26 14:18:07}
07/09/26 14:18:07 Number of idle job procs: 39
07/09/26 14:18:07 Node EVALUATE job proc (170912.0.0) failed with status 1.
07/09/26 14:18:07 Running: /usr/bin/condor_rm 170912 -const DAGManJobId==170911 -reason Node' 'Error:' 'DAG' 'node' 'EVALUATE' '(170912.0.0)' 'reached' 'failure' 'tolerance' 'after' '1' 'failures.
07/09/26 14:18:07 Event: ULOG_JOB_ABORTED for HTCondor Node EVALUATE (170912.2.0) {07/09/26 14:18:07}
07/09/26 14:18:07 Number of idle job procs: 38
07/09/26 14:18:07 Event: ULOG_JOB_ABORTED for HTCondor Node EVALUATE (170912.3.0) {07/09/26 14:18:07}
07/09/26 14:18:07 Number of idle job procs: 37
07/09/26 14:18:12 Currently monitoring 1 HTCondor log file(s)
07/09/26 14:18:12 Event: ULOG_JOB_ABORTED for HTCondor Node EVALUATE (170912.4.0) {07/09/26 14:18:07}
07/09/26 14:18:12 Number of idle job procs: 36
07/09/26 14:18:12 Event: ULOG_JOB_ABORTED for HTCondor Node EVALUATE (170912.5.0) {07/09/26 14:18:07}
07/09/26 14:18:12 Number of idle job procs: 35
07/09/26 14:18:12 Event: ULOG_JOB_ABORTED for HTCondor Node EVALUATE (170912.6.0) {07/09/26 14:18:07}
07/09/26 14:18:12 Number of idle job procs: 34
07/09/26 14:18:12 Event: ULOG_JOB_ABORTED for HTCondor Node EVALUATE (170912.7.0) {07/09/26 14:18:07}
07/09/26 14:18:12 Number of idle job procs: 33
07/09/26 14:18:12 Event: ULOG_JOB_ABORTED for HTCondor Node EVALUATE (170912.8.0) {07/09/26 14:18:07}
07/09/26 14:18:12 Number of idle job procs: 32
07/09/26 14:18:12 Event: ULOG_JOB_ABORTED for HTCondor Node EVALUATE (170912.9.0) {07/09/26 14:18:07}
07/09/26 14:18:12 Number of idle job procs: 31
07/09/26 14:18:12 Event: ULOG_JOB_ABORTED for HTCondor Node EVALUATE (170912.10.0) {07/09/26 14:18:07}
07/09/26 14:18:12 Number of idle job procs: 30
07/09/26 14:18:12 Event: ULOG_JOB_ABORTED for HTCondor Node EVALUATE (170912.11.0) {07/09/26 14:18:07}
07/09/26 14:18:12 Number of idle job procs: 29
07/09/26 14:18:12 Event: ULOG_JOB_ABORTED for HTCondor Node EVALUATE (170912.12.0) {07/09/26 14:18:07}
07/09/26 14:18:12 Number of idle job procs: 28
07/09/26 14:18:12 Event: ULOG_JOB_ABORTED for HTCondor Node EVALUATE (170912.13.0) {07/09/26 14:18:07}
07/09/26 14:18:12 Number of idle job procs: 27
07/09/26 14:18:12 Event: ULOG_JOB_ABORTED for HTCondor Node EVALUATE (170912.14.0) {07/09/26 14:18:07}
07/09/26 14:18:12 Number of idle job procs: 26
07/09/26 14:18:12 Event: ULOG_JOB_ABORTED for HTCondor Node EVALUATE (170912.15.0) {07/09/26 14:18:07}
07/09/26 14:18:12 Number of idle job procs: 25
07/09/26 14:18:12 Event: ULOG_JOB_ABORTED for HTCondor Node EVALUATE (170912.16.0) {07/09/26 14:18:07}
07/09/26 14:18:12 Number of idle job procs: 24
07/09/26 14:18:12 Event: ULOG_JOB_ABORTED for HTCondor Node EVALUATE (170912.17.0) {07/09/26 14:18:07}
07/09/26 14:18:12 Number of idle job procs: 23
07/09/26 14:18:12 Event: ULOG_JOB_ABORTED for HTCondor Node EVALUATE (170912.18.0) {07/09/26 14:18:07}
07/09/26 14:18:12 Number of idle job procs: 22
07/09/26 14:18:12 Event: ULOG_JOB_ABORTED for HTCondor Node EVALUATE (170912.19.0) {07/09/26 14:18:07}
07/09/26 14:18:12 Number of idle job procs: 21
07/09/26 14:18:12 Event: ULOG_JOB_ABORTED for HTCondor Node EVALUATE (170912.20.0) {07/09/26 14:18:07}
07/09/26 14:18:12 Number of idle job procs: 20
07/09/26 14:18:12 Event: ULOG_JOB_ABORTED for HTCondor Node EVALUATE (170912.21.0) {07/09/26 14:18:07}
07/09/26 14:18:12 Number of idle job procs: 19
07/09/26 14:18:12 Event: ULOG_JOB_ABORTED for HTCondor Node EVALUATE (170912.22.0) {07/09/26 14:18:07}
07/09/26 14:18:12 Number of idle job procs: 18
07/09/26 14:18:12 Event: ULOG_JOB_ABORTED for HTCondor Node EVALUATE (170912.23.0) {07/09/26 14:18:07}
07/09/26 14:18:12 Number of idle job procs: 17
07/09/26 14:18:12 Event: ULOG_JOB_ABORTED for HTCondor Node EVALUATE (170912.24.0) {07/09/26 14:18:07}
07/09/26 14:18:12 Number of idle job procs: 16
07/09/26 14:18:12 Event: ULOG_JOB_ABORTED for HTCondor Node EVALUATE (170912.25.0) {07/09/26 14:18:07}
07/09/26 14:18:12 Number of idle job procs: 15
07/09/26 14:18:12 Event: ULOG_JOB_ABORTED for HTCondor Node EVALUATE (170912.26.0) {07/09/26 14:18:07}
07/09/26 14:18:12 Number of idle job procs: 14
07/09/26 14:18:12 Event: ULOG_JOB_ABORTED for HTCondor Node EVALUATE (170912.27.0) {07/09/26 14:18:07}
07/09/26 14:18:12 Number of idle job procs: 13
07/09/26 14:18:12 Event: ULOG_JOB_ABORTED for HTCondor Node EVALUATE (170912.28.0) {07/09/26 14:18:07}
07/09/26 14:18:12 Number of idle job procs: 12
07/09/26 14:18:12 Event: ULOG_JOB_ABORTED for HTCondor Node EVALUATE (170912.29.0) {07/09/26 14:18:07}
07/09/26 14:18:12 Number of idle job procs: 11
07/09/26 14:18:12 Event: ULOG_JOB_ABORTED for HTCondor Node EVALUATE (170912.30.0) {07/09/26 14:18:07}
07/09/26 14:18:12 Number of idle job procs: 10
07/09/26 14:18:12 Event: ULOG_JOB_ABORTED for HTCondor Node EVALUATE (170912.31.0) {07/09/26 14:18:07}
07/09/26 14:18:12 Number of idle job procs: 9
07/09/26 14:18:12 Event: ULOG_JOB_ABORTED for HTCondor Node EVALUATE (170912.32.0) {07/09/26 14:18:07}
07/09/26 14:18:12 Number of idle job procs: 8
07/09/26 14:18:12 Event: ULOG_JOB_ABORTED for HTCondor Node EVALUATE (170912.33.0) {07/09/26 14:18:07}
07/09/26 14:18:12 Number of idle job procs: 7
07/09/26 14:18:12 Event: ULOG_JOB_ABORTED for HTCondor Node EVALUATE (170912.34.0) {07/09/26 14:18:07}
07/09/26 14:18:12 Number of idle job procs: 6
07/09/26 14:18:12 Event: ULOG_JOB_ABORTED for HTCondor Node EVALUATE (170912.35.0) {07/09/26 14:18:07}
07/09/26 14:18:12 Number of idle job procs: 5
07/09/26 14:18:12 Event: ULOG_JOB_ABORTED for HTCondor Node EVALUATE (170912.36.0) {07/09/26 14:18:07}
07/09/26 14:18:12 Number of idle job procs: 4
07/09/26 14:18:12 Event: ULOG_JOB_ABORTED for HTCondor Node EVALUATE (170912.37.0) {07/09/26 14:18:07}
07/09/26 14:18:12 Number of idle job procs: 3
07/09/26 14:18:12 Event: ULOG_JOB_ABORTED for HTCondor Node EVALUATE (170912.38.0) {07/09/26 14:18:07}
07/09/26 14:18:12 Number of idle job procs: 2
07/09/26 14:18:12 Event: ULOG_JOB_ABORTED for HTCondor Node EVALUATE (170912.39.0) {07/09/26 14:18:07}
07/09/26 14:18:12 Number of idle job procs: 1
07/09/26 14:18:12 Event: ULOG_JOB_EVICTED for HTCondor Node EVALUATE (170912.1.0) {07/09/26 14:18:08}
07/09/26 14:18:12 Number of idle job procs: 1
07/09/26 14:18:12 Event: ULOG_JOB_ABORTED for HTCondor Node EVALUATE (170912.1.0) {07/09/26 14:18:08}
07/09/26 14:18:12 Number of idle job procs: 0
07/09/26 14:18:12 Node EVALUATE job(s) have exited the queue
07/09/26 14:18:12 DAG status: 2 (DAG_STATUS_NODE_FAILED)
07/09/26 14:18:12 Of 5 nodes total:
07/09/26 14:18:12  Done     Pre   Queued    Post   Ready   Un-Ready   Failed   Futile
07/09/26 14:18:12   ===     ===      ===     ===     ===        ===      ===      ===
07/09/26 14:18:12     3       0        0       0       0          0        1        1
07/09/26 14:18:12 0 job proc(s) currently held
07/09/26 14:18:12 DAGMan Runtime Statistics: [EventCycleTimeAvg=0.003; EventCycleTimeMax=0.380; EventCycleTimeMin=0.000; EventCycleTimeStd=0.029; EventCycleTimeSum=0.559; SleepCycleTimeAvg=5.004; SleepCycleTimeMax=5.024; SleepCycleTimeMin=5.002; SleepCycleTimeStd=0.002; SleepCycleTimeSum=925.754; SubmitCycleTimeAvg=0.002; SubmitCycleTimeMax=0.375; SubmitCycleTimeMin=0.000; SubmitCycleTimeStd=0.028; SubmitCycleTimeSum=0.376; EventCycleTimeCount=185.000; SleepCycleTimeCount=185.000; SubmitCycleTimeCount=186.000; LogProcessCycleTimeAvg=0.039; LogProcessCycleTimeMax=0.074; LogProcessCycleTimeMin=0.002; LogProcessCycleTimeStd=0.029; LogProcessCycleTimeSum=0.157; LogProcessCycleTimeCount=4.000; ]
07/09/26 14:18:12 ERROR: the following job(s) failed:
07/09/26 14:18:12 ---------------------- Node ----------------------
07/09/26 14:18:12       Node Name: EVALUATE
07/09/26 14:18:12            Noop: false
07/09/26 14:18:12          NodeID: 3
07/09/26 14:18:12     Node Status: STATUS_ERROR    
07/09/26 14:18:12 Node return val: 1
07/09/26 14:18:12           Error: Job proc (170912.0.0) failed with status 1
07/09/26 14:18:12 Job Submit File: transport_linetrack_50_25_action_shield_evaluate.sub
07/09/26 14:18:12  HTCondor Job ID: (170912.9.0)
07/09/26 14:18:12 PARENTS: TRAIN WAITING: 0 CHILDREN: MERGE_EVALUATION
07/09/26 14:18:12 ---------------------------------------	<END>
07/09/26 14:18:12 Aborting DAG...
07/09/26 14:18:12 Writing Rescue DAG to transport_linetrack_50_25_action_shield.dag.rescue006...
07/09/26 14:18:12 Removing submitted jobs...
07/09/26 14:18:12 Removing any/all submitted HTCondor jobs...
07/09/26 14:18:12 Running: /usr/bin/condor_rm -const DAGManJobId==170911 -reason DAG' 'Abort:' 'DAG' 'is' 'exiting' 'and' 'writing' 'rescue' 'file.
07/09/26 14:18:12 Note: 0 total node deferrals because of -MaxJobs limit (0)
07/09/26 14:18:12 Note: 0 total node deferrals because of -MaxIdle limit (1000)
07/09/26 14:18:12 Note: 0 total node deferrals because of node category throttles
07/09/26 14:18:12 Note: 0 total PRE script deferrals because of -MaxPre limit (20) or DEFER
07/09/26 14:18:12 Note: 0 total POST script deferrals because of -MaxPost limit (20) or DEFER
07/09/26 14:18:12 Note: 0 total HOLD script deferrals because of -MaxHold limit (20) or DEFER
07/09/26 14:18:12 DAG status: 2 (DAG_STATUS_NODE_FAILED)
07/09/26 14:18:12 Of 5 nodes total:
07/09/26 14:18:12  Done     Pre   Queued    Post   Ready   Un-Ready   Failed   Futile
07/09/26 14:18:12   ===     ===      ===     ===     ===        ===      ===      ===
07/09/26 14:18:12     3       0        0       0       0          0        1        1
07/09/26 14:18:12 0 job proc(s) currently held
07/09/26 14:18:12 DAGMan Runtime Statistics: [EventCycleTimeAvg=0.003; EventCycleTimeMax=0.380; EventCycleTimeMin=0.000; EventCycleTimeStd=0.029; EventCycleTimeSum=0.559; SleepCycleTimeAvg=5.004; SleepCycleTimeMax=5.024; SleepCycleTimeMin=5.002; SleepCycleTimeStd=0.002; SleepCycleTimeSum=925.754; SubmitCycleTimeAvg=0.002; SubmitCycleTimeMax=0.375; SubmitCycleTimeMin=0.000; SubmitCycleTimeStd=0.028; SubmitCycleTimeSum=0.376; EventCycleTimeCount=185.000; SleepCycleTimeCount=185.000; SubmitCycleTimeCount=186.000; LogProcessCycleTimeAvg=0.039; LogProcessCycleTimeMax=0.074; LogProcessCycleTimeMin=0.002; LogProcessCycleTimeStd=0.029; LogProcessCycleTimeSum=0.157; LogProcessCycleTimeCount=4.000; ]
07/09/26 14:18:12 Wrote metrics file transport_linetrack_50_25_action_shield.dag.metrics.
07/09/26 14:18:12 DAGMan Runtime Statistics: [EventCycleTimeAvg=0.003; EventCycleTimeMax=0.380; EventCycleTimeMin=0.000; EventCycleTimeStd=0.029; EventCycleTimeSum=0.559; SleepCycleTimeAvg=5.004; SleepCycleTimeMax=5.024; SleepCycleTimeMin=5.002; SleepCycleTimeStd=0.002; SleepCycleTimeSum=925.754; SubmitCycleTimeAvg=0.002; SubmitCycleTimeMax=0.375; SubmitCycleTimeMin=0.000; SubmitCycleTimeStd=0.028; SubmitCycleTimeSum=0.376; EventCycleTimeCount=185.000; SleepCycleTimeCount=185.000; SubmitCycleTimeCount=186.000; LogProcessCycleTimeAvg=0.039; LogProcessCycleTimeMax=0.074; LogProcessCycleTimeMin=0.002; LogProcessCycleTimeStd=0.029; LogProcessCycleTimeSum=0.157; LogProcessCycleTimeCount=4.000; ]
07/09/26 14:18:12 **** condor_scheduniv_exec.170911.0 (condor_DAGMAN) pid 1751123 EXITING WITH STATUS 1
07/09/26 21:56:33 ******************************************************
07/09/26 21:56:33 ** condor_scheduniv_exec.171039.0 (CONDOR_DAGMAN) STARTING UP
07/09/26 21:56:33 ** /usr/bin/condor_dagman
07/09/26 21:56:33 ** SubsystemInfo: name=DAGMAN type=DAGMAN(9) class=CLIENT(2)
07/09/26 21:56:33 ** Configuration: subsystem:DAGMAN local:<NONE> class:CLIENT
07/09/26 21:56:33 ** $CondorVersion: 24.12.19 2026-04-15 BuildID: 896241 PackageID: 24.12.19-1+deb12 GitSHA: c68f3e0e $
07/09/26 21:56:33 ** $CondorPlatform: X86_64-Debian_12 $
07/09/26 21:56:33 ** PID = 1907600 RealUID = 1620002036
07/09/26 21:56:33 ** Log last touched 7/9 14:18:13
07/09/26 21:56:33 ******************************************************
07/09/26 21:56:33 Using config source: /etc/condor/condor_config
07/09/26 21:56:33 Using local config sources: 
07/09/26 21:56:33    /etc/condor/config.d/01-submit.conf
07/09/26 21:56:33    /etc/condor/config.d/10-stash-plugin.conf
07/09/26 21:56:33    /etc/condor/config.d/23-network.config
07/09/26 21:56:33    /etc/condor/config.d/31-mail.conf
07/09/26 21:56:33    /etc/condor/config.d/35-cc-sync.conf
07/09/26 21:56:33    /etc/condor/config.d/41-periodic-remove.conf
07/09/26 21:56:33    /etc/condor/config.d/49-common.conf
07/09/26 21:56:33    /etc/condor/config.d/52-group-mapping.conf
07/09/26 21:56:33    /etc/condor/config.d/54-container.conf
07/09/26 21:56:33    /etc/condor/config.d/67-submit-transforms.conf
07/09/26 21:56:33    /etc/condor/config.d/71-submit-requirements.conf
07/09/26 21:56:33    /etc/condor/condor_config.local
07/09/26 21:56:33 config Macros = 110, Sorted = 110, StringBytes = 6391, TablesBytes = 4088
07/09/26 21:56:33 CLASSAD_CACHING is ENABLED
07/09/26 21:56:33 Daemon Log is logging: D_ALWAYS D_ERROR D_STATUS
07/09/26 21:56:33 Daemoncore: Listening at <0.0.0.0:15991> on TCP (ReliSock) and UDP (SafeSock).
07/09/26 21:56:33 DaemonCore: command socket at <10.143.248.60:15991?addrs=10.143.248.60-15991&alias=conduit.hpc.uni-saarland.de>
07/09/26 21:56:33 DaemonCore: private command socket at <10.143.248.60:15991?addrs=10.143.248.60-15991&alias=conduit.hpc.uni-saarland.de>
07/09/26 21:56:33 DAGMAN_USE_STRICT setting: 1
07/09/26 21:56:33 DAGMAN_VERBOSITY setting: 3
07/09/26 21:56:33 DAGMAN_DEBUG_CACHE_SIZE setting: 5242880
07/09/26 21:56:33 DAGMAN_DEBUG_CACHE_ENABLE setting: False
07/09/26 21:56:33 DAGMAN_SUBMIT_DELAY setting: 0
07/09/26 21:56:33 DAGMAN_MAX_SUBMIT_ATTEMPTS setting: 6
07/09/26 21:56:33 DAGMAN_STARTUP_CYCLE_DETECT setting: False
07/09/26 21:56:33 DAGMAN_USE_JOIN_NODES setting: True
07/09/26 21:56:33 DAGMAN_REPORT_GRAPH_METRICS setting: False
07/09/26 21:56:33 DAGMAN_MAX_SUBMITS_PER_INTERVAL setting: 100
07/09/26 21:56:33 DAGMAN_AGGRESSIVE_SUBMIT setting: False
07/09/26 21:56:33 DAGMAN_USER_LOG_SCAN_INTERVAL setting: 5
07/09/26 21:56:33 DAGMAN_QUEUE_UPDATE_INTERVAL setting: 300.000000
07/09/26 21:56:33 DAGMAN_DEFAULT_PRIORITY setting: 0
07/09/26 21:56:33 DAGMAN_SUPPRESS_NOTIFICATION setting: False
07/09/26 21:56:33 allow_events (DAGMAN_ALLOW_EVENTS) setting: 114
07/09/26 21:56:33 DAGMAN_RETRY_SUBMIT_FIRST setting: True
07/09/26 21:56:33 DAGMAN_RETRY_NODE_FIRST setting: False
07/09/26 21:56:33 DAGMAN_MAX_JOBS_IDLE setting: 1000
07/09/26 21:56:33 DAGMAN_MAX_JOBS_SUBMITTED setting: 0
07/09/26 21:56:33 DAGMAN_MAX_PRE_SCRIPTS setting: 20
07/09/26 21:56:33 DAGMAN_MAX_POST_SCRIPTS setting: 20
07/09/26 21:56:33 DAGMAN_MAX_HOLD_SCRIPTS setting: 20
07/09/26 21:56:33 DAGMAN_MUNGE_NODE_NAMES setting: True
07/09/26 21:56:33 DAGMAN_ALLOW_ANY_NODE_NAME_CHARACTERS setting: False
07/09/26 21:56:33 DAGMAN_PROHIBIT_MULTI_JOBS setting: False
07/09/26 21:56:33 DAGMAN_SUBMIT_DEPTH_FIRST setting: False
07/09/26 21:56:33 DAGMAN_ALWAYS_RUN_POST setting: False
07/09/26 21:56:33 DAGMAN_CONDOR_SUBMIT_EXE setting: /usr/bin/condor_submit
07/09/26 21:56:33 DAGMAN_CONDOR_RM_EXE setting: /usr/bin/condor_rm
07/09/26 21:56:33 DAGMAN_USE_DIRECT_SUBMIT setting: True
07/09/26 21:56:33 DAGMAN_PRODUCE_JOB_CREDENTIALS setting: True
07/09/26 21:56:33 DAGMAN_DEFAULT_APPEND_VARS setting: False
07/09/26 21:56:33 DAGMAN_INHERIT_ATTRS_PREFIX setting: 
07/09/26 21:56:33 DAGMAN_INHERIT_ATTRS setting: 
07/09/26 21:56:33 DAGMAN_ABORT_DUPLICATES setting: True
07/09/26 21:56:33 DAGMAN_ABORT_ON_SCARY_SUBMIT setting: True
07/09/26 21:56:33 DAGMAN_PENDING_REPORT_INTERVAL setting: 600
07/09/26 21:56:33 DAGMAN_CHECK_QUEUE_INTERVAL setting: 28800
07/09/26 21:56:33 DAGMAN_PRINT_JOB_TABLE_INTERVAL setting: 900
07/09/26 21:56:33 DAGMAN_AUTO_RESCUE setting: True
07/09/26 21:56:33 DAGMAN_MAX_RESCUE_NUM setting: 100
07/09/26 21:56:33 DAGMAN_WRITE_PARTIAL_RESCUE setting: True
07/09/26 21:56:33 DAGMAN_RESET_RETRIES_UPON_RESCUE setting: True
07/09/26 21:56:33 DAGMAN_METRICS_FILE_VERSION setting: 2
07/09/26 21:56:33 DAGMAN_DEFAULT_NODE_LOG setting: @(DAG_DIR)/@(DAG_FILE).nodes.log
07/09/26 21:56:33 DAGMAN_LOG_ON_NFS_IS_ERROR setting: False
07/09/26 21:56:33 DAGMAN_GENERATE_SUBDAG_SUBMITS setting: True
07/09/26 21:56:33 DAGMAN_MAX_JOB_HOLDS setting: 100
07/09/26 21:56:33 DAGMAN_NODE_JOB_FAILURE_TOLERANCE setting: 0
07/09/26 21:56:33 DAGMAN_HOLD_CLAIM_TIME setting: 20
07/09/26 21:56:33 DAGMAN_SUPPRESS_JOB_LOGS setting: False
07/09/26 21:56:33 DAGMAN_REMOVE_NODE_JOBS setting: True
07/09/26 21:56:33 DAGMAN_PUT_FAILED_JOBS_ON_HOLD setting: False
07/09/26 21:56:33 DAGMAN_REMOVE_JOBS_AFTER_LIMIT_CHANGE setting: False
07/09/26 21:56:33 DAGMAN will adjust edges after parsing
07/09/26 21:56:33 argv[0] == "condor_scheduniv_exec.171039.0"
07/09/26 21:56:33 argv[1] == "-Lockfile"
07/09/26 21:56:33 argv[2] == "transport_linetrack_50_25_action_shield.dag.lock"
07/09/26 21:56:33 argv[3] == "-Dag"
07/09/26 21:56:33 argv[4] == "transport_linetrack_50_25_action_shield.dag"
07/09/26 21:56:33 argv[5] == "-CsdVersion"
07/09/26 21:56:33 argv[6] == "$CondorVersion: 24.12.19 2026-04-15 BuildID: 896241 PackageID: 24.12.19-1+deb12 GitSHA: c68f3e0e $"
07/09/26 21:56:33 argv[7] == "-dagman"
07/09/26 21:56:33 argv[8] == "/usr/bin/condor_dagman"
07/09/26 21:56:33 argv[9] == "-AutoRescue"
07/09/26 21:56:33 argv[10] == "1"
07/09/26 21:56:33 argv[11] == "-DoRescueFrom"
07/09/26 21:56:33 argv[12] == "0"
07/09/26 21:56:33 Can't open directory "/etc/condor/passwords.d" as PRIV_ROOT, errno: 13 (Permission denied)
07/09/26 21:56:33 Can't open directory "/etc/condor/passwords.d" as PRIV_ROOT, errno: 13 (Permission denied)
07/09/26 21:56:33 Workflow batch-id: <171039.0>
07/09/26 21:56:33 Workflow batch-name: <transport_linetrack_50_25_action_shield.dag+171039>
07/09/26 21:56:33 Workflow accounting_group: <teaching>
07/09/26 21:56:33 Workflow accounting_group_user: <atml_team041>
07/09/26 21:56:33 Warning: failed to get attribute DAGNodeName
07/09/26 21:56:33 Default node log file is: </home/atml_team041/condor_tutorial/jani_env/experiments/repair_wo_domain/submissions/action_shield/transport_linetrack/./transport_linetrack_50_25_action_shield.dag.nodes.log>
07/09/26 21:56:33 DAG Lockfile will be written to transport_linetrack_50_25_action_shield.dag.lock
07/09/26 21:56:33 DAG Input file is transport_linetrack_50_25_action_shield.dag
07/09/26 21:56:33 Parsing 1 dagfiles
07/09/26 21:56:33 Parsing transport_linetrack_50_25_action_shield.dag ...
07/09/26 21:56:33 Adjusting edges
07/09/26 21:56:33 Found rescue DAG number 6; running transport_linetrack_50_25_action_shield.dag.rescue006 in combination with normal DAG file
07/09/26 21:56:33 ~~~~~~~~~~~~~~~~~~~~~~~~~~~~~~~~~~~~~~~~~~~~~~~~~~~~~~
07/09/26 21:56:33 USING RESCUE DAG transport_linetrack_50_25_action_shield.dag.rescue006
07/09/26 21:56:33 Dag contains 5 total nodes
07/09/26 21:56:33 Bootstrapping...
07/09/26 21:56:33 Number of pre-completed nodes: 3
07/09/26 21:56:33 MultiLogFiles: truncating log file /home/atml_team041/condor_tutorial/jani_env/experiments/repair_wo_domain/submissions/action_shield/transport_linetrack/./transport_linetrack_50_25_action_shield.dag.nodes.log
07/09/26 21:56:33 DAG status: 0 (DAG_STATUS_OK)
07/09/26 21:56:33 Of 5 nodes total:
07/09/26 21:56:33  Done     Pre   Queued    Post   Ready   Un-Ready   Failed   Futile
07/09/26 21:56:33   ===     ===      ===     ===     ===        ===      ===      ===
07/09/26 21:56:33     3       0        0       0       1          1        0        0
07/09/26 21:56:33 0 job proc(s) currently held
07/09/26 21:56:33 DAGMan Runtime Statistics: [EventCycleTimeSum=0.000; SleepCycleTimeSum=0.000; SubmitCycleTimeSum=0.000; EventCycleTimeCount=0.000; SleepCycleTimeCount=0.000; SubmitCycleTimeCount=0.000; LogProcessCycleTimeSum=0.000; LogProcessCycleTimeCount=0.000; ]
07/09/26 21:56:33 Registering condor_event_timer...
07/09/26 21:56:34 Submitting HTCondor Node EVALUATE job(s)...
07/09/26 21:56:34 Submitting node EVALUATE from file transport_linetrack_50_25_action_shield_evaluate.sub using direct job submission
07/09/26 21:56:34 	assigned HTCondor ID (171040.0.0)
07/09/26 21:56:34 Just submitted 1 job this cycle...
07/09/26 21:56:34 DAG status: 0 (DAG_STATUS_OK)
07/09/26 21:56:34 Of 5 nodes total:
07/09/26 21:56:34  Done     Pre   Queued    Post   Ready   Un-Ready   Failed   Futile
07/09/26 21:56:34   ===     ===      ===     ===     ===        ===      ===      ===
07/09/26 21:56:34     3       0        1       0       0          1        0        0
07/09/26 21:56:34 0 job proc(s) currently held
07/09/26 21:56:34 DAGMan Runtime Statistics: [EventCycleTimeSum=0.000; SleepCycleTimeSum=0.000; SubmitCycleTimeAvg=0.123; SubmitCycleTimeMax=0.123; SubmitCycleTimeMin=0.123; SubmitCycleTimeStd=0.123; SubmitCycleTimeSum=0.123; EventCycleTimeCount=0.000; SleepCycleTimeCount=0.000; SubmitCycleTimeCount=1.000; LogProcessCycleTimeSum=0.000; LogProcessCycleTimeCount=0.000; ]
07/09/26 21:56:39 Currently monitoring 1 HTCondor log file(s)
07/09/26 21:56:39 Reassigning the id of job EVALUATE from (171040.0.0) to (171040.0.0)
07/09/26 21:56:39 Event: ULOG_SUBMIT for HTCondor Node EVALUATE (171040.0.0) {07/09/26 21:56:34}
07/09/26 21:56:39 Number of idle job procs: 1
07/09/26 21:56:39 Reassigning the id of job EVALUATE from (171040.0.0) to (171040.1.0)
07/09/26 21:56:39 Event: ULOG_SUBMIT for HTCondor Node EVALUATE (171040.1.0) {07/09/26 21:56:34}
07/09/26 21:56:39 Number of idle job procs: 2
07/09/26 21:56:39 Reassigning the id of job EVALUATE from (171040.1.0) to (171040.10.0)
07/09/26 21:56:39 Event: ULOG_SUBMIT for HTCondor Node EVALUATE (171040.10.0) {07/09/26 21:56:34}
07/09/26 21:56:39 Number of idle job procs: 3
07/09/26 21:56:39 Reassigning the id of job EVALUATE from (171040.10.0) to (171040.11.0)
07/09/26 21:56:39 Event: ULOG_SUBMIT for HTCondor Node EVALUATE (171040.11.0) {07/09/26 21:56:34}
07/09/26 21:56:39 Number of idle job procs: 4
07/09/26 21:56:39 Reassigning the id of job EVALUATE from (171040.11.0) to (171040.12.0)
07/09/26 21:56:39 Event: ULOG_SUBMIT for HTCondor Node EVALUATE (171040.12.0) {07/09/26 21:56:34}
07/09/26 21:56:39 Number of idle job procs: 5
07/09/26 21:56:39 Reassigning the id of job EVALUATE from (171040.12.0) to (171040.13.0)
07/09/26 21:56:39 Event: ULOG_SUBMIT for HTCondor Node EVALUATE (171040.13.0) {07/09/26 21:56:34}
07/09/26 21:56:39 Number of idle job procs: 6
07/09/26 21:56:39 Reassigning the id of job EVALUATE from (171040.13.0) to (171040.14.0)
07/09/26 21:56:39 Event: ULOG_SUBMIT for HTCondor Node EVALUATE (171040.14.0) {07/09/26 21:56:34}
07/09/26 21:56:39 Number of idle job procs: 7
07/09/26 21:56:39 Reassigning the id of job EVALUATE from (171040.14.0) to (171040.15.0)
07/09/26 21:56:39 Event: ULOG_SUBMIT for HTCondor Node EVALUATE (171040.15.0) {07/09/26 21:56:34}
07/09/26 21:56:39 Number of idle job procs: 8
07/09/26 21:56:39 Reassigning the id of job EVALUATE from (171040.15.0) to (171040.16.0)
07/09/26 21:56:39 Event: ULOG_SUBMIT for HTCondor Node EVALUATE (171040.16.0) {07/09/26 21:56:34}
07/09/26 21:56:39 Number of idle job procs: 9
07/09/26 21:56:39 Reassigning the id of job EVALUATE from (171040.16.0) to (171040.17.0)
07/09/26 21:56:39 Event: ULOG_SUBMIT for HTCondor Node EVALUATE (171040.17.0) {07/09/26 21:56:34}
07/09/26 21:56:39 Number of idle job procs: 10
07/09/26 21:56:39 Reassigning the id of job EVALUATE from (171040.17.0) to (171040.18.0)
07/09/26 21:56:39 Event: ULOG_SUBMIT for HTCondor Node EVALUATE (171040.18.0) {07/09/26 21:56:34}
07/09/26 21:56:39 Number of idle job procs: 11
07/09/26 21:56:39 Reassigning the id of job EVALUATE from (171040.18.0) to (171040.19.0)
07/09/26 21:56:39 Event: ULOG_SUBMIT for HTCondor Node EVALUATE (171040.19.0) {07/09/26 21:56:34}
07/09/26 21:56:39 Number of idle job procs: 12
07/09/26 21:56:39 Reassigning the id of job EVALUATE from (171040.19.0) to (171040.2.0)
07/09/26 21:56:39 Event: ULOG_SUBMIT for HTCondor Node EVALUATE (171040.2.0) {07/09/26 21:56:34}
07/09/26 21:56:39 Number of idle job procs: 13
07/09/26 21:56:39 Reassigning the id of job EVALUATE from (171040.2.0) to (171040.20.0)
07/09/26 21:56:39 Event: ULOG_SUBMIT for HTCondor Node EVALUATE (171040.20.0) {07/09/26 21:56:34}
07/09/26 21:56:39 Number of idle job procs: 14
07/09/26 21:56:39 Reassigning the id of job EVALUATE from (171040.20.0) to (171040.21.0)
07/09/26 21:56:39 Event: ULOG_SUBMIT for HTCondor Node EVALUATE (171040.21.0) {07/09/26 21:56:34}
07/09/26 21:56:39 Number of idle job procs: 15
07/09/26 21:56:39 Reassigning the id of job EVALUATE from (171040.21.0) to (171040.22.0)
07/09/26 21:56:39 Event: ULOG_SUBMIT for HTCondor Node EVALUATE (171040.22.0) {07/09/26 21:56:34}
07/09/26 21:56:39 Number of idle job procs: 16
07/09/26 21:56:39 Reassigning the id of job EVALUATE from (171040.22.0) to (171040.23.0)
07/09/26 21:56:39 Event: ULOG_SUBMIT for HTCondor Node EVALUATE (171040.23.0) {07/09/26 21:56:34}
07/09/26 21:56:39 Number of idle job procs: 17
07/09/26 21:56:39 Reassigning the id of job EVALUATE from (171040.23.0) to (171040.24.0)
07/09/26 21:56:39 Event: ULOG_SUBMIT for HTCondor Node EVALUATE (171040.24.0) {07/09/26 21:56:34}
07/09/26 21:56:39 Number of idle job procs: 18
07/09/26 21:56:39 Reassigning the id of job EVALUATE from (171040.24.0) to (171040.25.0)
07/09/26 21:56:39 Event: ULOG_SUBMIT for HTCondor Node EVALUATE (171040.25.0) {07/09/26 21:56:34}
07/09/26 21:56:39 Number of idle job procs: 19
07/09/26 21:56:39 Reassigning the id of job EVALUATE from (171040.25.0) to (171040.26.0)
07/09/26 21:56:39 Event: ULOG_SUBMIT for HTCondor Node EVALUATE (171040.26.0) {07/09/26 21:56:34}
07/09/26 21:56:39 Number of idle job procs: 20
07/09/26 21:56:39 Reassigning the id of job EVALUATE from (171040.26.0) to (171040.27.0)
07/09/26 21:56:39 Event: ULOG_SUBMIT for HTCondor Node EVALUATE (171040.27.0) {07/09/26 21:56:34}
07/09/26 21:56:39 Number of idle job procs: 21
07/09/26 21:56:39 Reassigning the id of job EVALUATE from (171040.27.0) to (171040.28.0)
07/09/26 21:56:39 Event: ULOG_SUBMIT for HTCondor Node EVALUATE (171040.28.0) {07/09/26 21:56:34}
07/09/26 21:56:39 Number of idle job procs: 22
07/09/26 21:56:39 Reassigning the id of job EVALUATE from (171040.28.0) to (171040.29.0)
07/09/26 21:56:39 Event: ULOG_SUBMIT for HTCondor Node EVALUATE (171040.29.0) {07/09/26 21:56:34}
07/09/26 21:56:39 Number of idle job procs: 23
07/09/26 21:56:39 Reassigning the id of job EVALUATE from (171040.29.0) to (171040.3.0)
07/09/26 21:56:39 Event: ULOG_SUBMIT for HTCondor Node EVALUATE (171040.3.0) {07/09/26 21:56:34}
07/09/26 21:56:39 Number of idle job procs: 24
07/09/26 21:56:39 Reassigning the id of job EVALUATE from (171040.3.0) to (171040.30.0)
07/09/26 21:56:39 Event: ULOG_SUBMIT for HTCondor Node EVALUATE (171040.30.0) {07/09/26 21:56:34}
07/09/26 21:56:39 Number of idle job procs: 25
07/09/26 21:56:39 Reassigning the id of job EVALUATE from (171040.30.0) to (171040.31.0)
07/09/26 21:56:39 Event: ULOG_SUBMIT for HTCondor Node EVALUATE (171040.31.0) {07/09/26 21:56:34}
07/09/26 21:56:39 Number of idle job procs: 26
07/09/26 21:56:39 Reassigning the id of job EVALUATE from (171040.31.0) to (171040.32.0)
07/09/26 21:56:39 Event: ULOG_SUBMIT for HTCondor Node EVALUATE (171040.32.0) {07/09/26 21:56:34}
07/09/26 21:56:39 Number of idle job procs: 27
07/09/26 21:56:39 Reassigning the id of job EVALUATE from (171040.32.0) to (171040.33.0)
07/09/26 21:56:39 Event: ULOG_SUBMIT for HTCondor Node EVALUATE (171040.33.0) {07/09/26 21:56:34}
07/09/26 21:56:39 Number of idle job procs: 28
07/09/26 21:56:39 Reassigning the id of job EVALUATE from (171040.33.0) to (171040.34.0)
07/09/26 21:56:39 Event: ULOG_SUBMIT for HTCondor Node EVALUATE (171040.34.0) {07/09/26 21:56:34}
07/09/26 21:56:39 Number of idle job procs: 29
07/09/26 21:56:39 Reassigning the id of job EVALUATE from (171040.34.0) to (171040.35.0)
07/09/26 21:56:39 Event: ULOG_SUBMIT for HTCondor Node EVALUATE (171040.35.0) {07/09/26 21:56:34}
07/09/26 21:56:39 Number of idle job procs: 30
07/09/26 21:56:39 Reassigning the id of job EVALUATE from (171040.35.0) to (171040.36.0)
07/09/26 21:56:39 Event: ULOG_SUBMIT for HTCondor Node EVALUATE (171040.36.0) {07/09/26 21:56:34}
07/09/26 21:56:39 Number of idle job procs: 31
07/09/26 21:56:39 Reassigning the id of job EVALUATE from (171040.36.0) to (171040.37.0)
07/09/26 21:56:39 Event: ULOG_SUBMIT for HTCondor Node EVALUATE (171040.37.0) {07/09/26 21:56:34}
07/09/26 21:56:39 Number of idle job procs: 32
07/09/26 21:56:39 Reassigning the id of job EVALUATE from (171040.37.0) to (171040.38.0)
07/09/26 21:56:39 Event: ULOG_SUBMIT for HTCondor Node EVALUATE (171040.38.0) {07/09/26 21:56:34}
07/09/26 21:56:39 Number of idle job procs: 33
07/09/26 21:56:39 Reassigning the id of job EVALUATE from (171040.38.0) to (171040.39.0)
07/09/26 21:56:39 Event: ULOG_SUBMIT for HTCondor Node EVALUATE (171040.39.0) {07/09/26 21:56:34}
07/09/26 21:56:39 Number of idle job procs: 34
07/09/26 21:56:39 Reassigning the id of job EVALUATE from (171040.39.0) to (171040.4.0)
07/09/26 21:56:39 Event: ULOG_SUBMIT for HTCondor Node EVALUATE (171040.4.0) {07/09/26 21:56:34}
07/09/26 21:56:39 Number of idle job procs: 35
07/09/26 21:56:39 Reassigning the id of job EVALUATE from (171040.4.0) to (171040.5.0)
07/09/26 21:56:39 Event: ULOG_SUBMIT for HTCondor Node EVALUATE (171040.5.0) {07/09/26 21:56:34}
07/09/26 21:56:39 Number of idle job procs: 36
07/09/26 21:56:39 Reassigning the id of job EVALUATE from (171040.5.0) to (171040.6.0)
07/09/26 21:56:39 Event: ULOG_SUBMIT for HTCondor Node EVALUATE (171040.6.0) {07/09/26 21:56:34}
07/09/26 21:56:39 Number of idle job procs: 37
07/09/26 21:56:39 Reassigning the id of job EVALUATE from (171040.6.0) to (171040.7.0)
07/09/26 21:56:39 Event: ULOG_SUBMIT for HTCondor Node EVALUATE (171040.7.0) {07/09/26 21:56:34}
07/09/26 21:56:39 Number of idle job procs: 38
07/09/26 21:56:39 Reassigning the id of job EVALUATE from (171040.7.0) to (171040.8.0)
07/09/26 21:56:39 Event: ULOG_SUBMIT for HTCondor Node EVALUATE (171040.8.0) {07/09/26 21:56:34}
07/09/26 21:56:39 Number of idle job procs: 39
07/09/26 21:56:39 Reassigning the id of job EVALUATE from (171040.8.0) to (171040.9.0)
07/09/26 21:56:39 Event: ULOG_SUBMIT for HTCondor Node EVALUATE (171040.9.0) {07/09/26 21:56:34}
07/09/26 21:56:39 Number of idle job procs: 40
07/09/26 21:56:39 Event: ULOG_EXECUTE for HTCondor Node EVALUATE (171040.0.0) {07/09/26 21:56:35}
07/09/26 21:56:39 Number of idle job procs: 39
07/09/26 21:56:39 Event: ULOG_JOB_TERMINATED for HTCondor Node EVALUATE (171040.0.0) {07/09/26 21:56:39}
07/09/26 21:56:39 Number of idle job procs: 39
07/09/26 21:56:39 Node EVALUATE job proc (171040.0.0) failed with status 1.
07/09/26 21:56:39 Running: /usr/bin/condor_rm 171040 -const DAGManJobId==171039 -reason Node' 'Error:' 'DAG' 'node' 'EVALUATE' '(171040.0.0)' 'reached' 'failure' 'tolerance' 'after' '1' 'failures.
07/09/26 21:56:39 Event: ULOG_JOB_ABORTED for HTCondor Node EVALUATE (171040.25.0) {07/09/26 21:56:39}
07/09/26 21:56:39 Number of idle job procs: 38
07/09/26 21:56:39 Event: ULOG_JOB_ABORTED for HTCondor Node EVALUATE (171040.26.0) {07/09/26 21:56:39}
07/09/26 21:56:39 Number of idle job procs: 37
07/09/26 21:56:39 Event: ULOG_JOB_ABORTED for HTCondor Node EVALUATE (171040.27.0) {07/09/26 21:56:39}
07/09/26 21:56:39 Number of idle job procs: 36
07/09/26 21:56:39 Event: ULOG_JOB_ABORTED for HTCondor Node EVALUATE (171040.28.0) {07/09/26 21:56:39}
07/09/26 21:56:39 Number of idle job procs: 35
07/09/26 21:56:39 Event: ULOG_JOB_ABORTED for HTCondor Node EVALUATE (171040.29.0) {07/09/26 21:56:39}
07/09/26 21:56:39 Number of idle job procs: 34
07/09/26 21:56:39 Event: ULOG_JOB_ABORTED for HTCondor Node EVALUATE (171040.30.0) {07/09/26 21:56:39}
07/09/26 21:56:39 Number of idle job procs: 33
07/09/26 21:56:39 Event: ULOG_JOB_ABORTED for HTCondor Node EVALUATE (171040.31.0) {07/09/26 21:56:39}
07/09/26 21:56:39 Number of idle job procs: 32
07/09/26 21:56:39 Event: ULOG_JOB_ABORTED for HTCondor Node EVALUATE (171040.32.0) {07/09/26 21:56:39}
07/09/26 21:56:39 Number of idle job procs: 31
07/09/26 21:56:44 Currently monitoring 1 HTCondor log file(s)
07/09/26 21:56:44 Event: ULOG_JOB_ABORTED for HTCondor Node EVALUATE (171040.33.0) {07/09/26 21:56:39}
07/09/26 21:56:44 Number of idle job procs: 30
07/09/26 21:56:44 Event: ULOG_JOB_ABORTED for HTCondor Node EVALUATE (171040.34.0) {07/09/26 21:56:39}
07/09/26 21:56:44 Number of idle job procs: 29
07/09/26 21:56:44 Event: ULOG_JOB_ABORTED for HTCondor Node EVALUATE (171040.35.0) {07/09/26 21:56:39}
07/09/26 21:56:44 Number of idle job procs: 28
07/09/26 21:56:44 Event: ULOG_JOB_ABORTED for HTCondor Node EVALUATE (171040.36.0) {07/09/26 21:56:39}
07/09/26 21:56:44 Number of idle job procs: 27
07/09/26 21:56:44 Event: ULOG_JOB_ABORTED for HTCondor Node EVALUATE (171040.37.0) {07/09/26 21:56:39}
07/09/26 21:56:44 Number of idle job procs: 26
07/09/26 21:56:44 Event: ULOG_JOB_ABORTED for HTCondor Node EVALUATE (171040.38.0) {07/09/26 21:56:39}
07/09/26 21:56:44 Number of idle job procs: 25
07/09/26 21:56:44 Event: ULOG_JOB_ABORTED for HTCondor Node EVALUATE (171040.39.0) {07/09/26 21:56:39}
07/09/26 21:56:44 Number of idle job procs: 24
07/09/26 21:56:44 Event: ULOG_JOB_ABORTED for HTCondor Node EVALUATE (171040.2.0) {07/09/26 21:56:39}
07/09/26 21:56:44 Number of idle job procs: 23
07/09/26 21:56:44 Event: ULOG_JOB_ABORTED for HTCondor Node EVALUATE (171040.3.0) {07/09/26 21:56:39}
07/09/26 21:56:44 Number of idle job procs: 22
07/09/26 21:56:44 Event: ULOG_JOB_ABORTED for HTCondor Node EVALUATE (171040.4.0) {07/09/26 21:56:39}
07/09/26 21:56:44 Number of idle job procs: 21
07/09/26 21:56:44 Event: ULOG_JOB_ABORTED for HTCondor Node EVALUATE (171040.5.0) {07/09/26 21:56:39}
07/09/26 21:56:44 Number of idle job procs: 20
07/09/26 21:56:44 Event: ULOG_JOB_ABORTED for HTCondor Node EVALUATE (171040.6.0) {07/09/26 21:56:39}
07/09/26 21:56:44 Number of idle job procs: 19
07/09/26 21:56:44 Event: ULOG_JOB_ABORTED for HTCondor Node EVALUATE (171040.7.0) {07/09/26 21:56:39}
07/09/26 21:56:44 Number of idle job procs: 18
07/09/26 21:56:44 Event: ULOG_JOB_ABORTED for HTCondor Node EVALUATE (171040.8.0) {07/09/26 21:56:39}
07/09/26 21:56:44 Number of idle job procs: 17
07/09/26 21:56:44 Event: ULOG_JOB_ABORTED for HTCondor Node EVALUATE (171040.9.0) {07/09/26 21:56:39}
07/09/26 21:56:44 Number of idle job procs: 16
07/09/26 21:56:44 Event: ULOG_JOB_ABORTED for HTCondor Node EVALUATE (171040.10.0) {07/09/26 21:56:39}
07/09/26 21:56:44 Number of idle job procs: 15
07/09/26 21:56:44 Event: ULOG_JOB_ABORTED for HTCondor Node EVALUATE (171040.11.0) {07/09/26 21:56:39}
07/09/26 21:56:44 Number of idle job procs: 14
07/09/26 21:56:44 Event: ULOG_JOB_ABORTED for HTCondor Node EVALUATE (171040.12.0) {07/09/26 21:56:39}
07/09/26 21:56:44 Number of idle job procs: 13
07/09/26 21:56:44 Event: ULOG_JOB_ABORTED for HTCondor Node EVALUATE (171040.13.0) {07/09/26 21:56:39}
07/09/26 21:56:44 Number of idle job procs: 12
07/09/26 21:56:44 Event: ULOG_JOB_ABORTED for HTCondor Node EVALUATE (171040.14.0) {07/09/26 21:56:39}
07/09/26 21:56:44 Number of idle job procs: 11
07/09/26 21:56:44 Event: ULOG_JOB_ABORTED for HTCondor Node EVALUATE (171040.15.0) {07/09/26 21:56:39}
07/09/26 21:56:44 Number of idle job procs: 10
07/09/26 21:56:44 Event: ULOG_JOB_ABORTED for HTCondor Node EVALUATE (171040.16.0) {07/09/26 21:56:39}
07/09/26 21:56:44 Number of idle job procs: 9
07/09/26 21:56:44 Event: ULOG_JOB_ABORTED for HTCondor Node EVALUATE (171040.17.0) {07/09/26 21:56:39}
07/09/26 21:56:44 Number of idle job procs: 8
07/09/26 21:56:44 Event: ULOG_JOB_ABORTED for HTCondor Node EVALUATE (171040.18.0) {07/09/26 21:56:39}
07/09/26 21:56:44 Number of idle job procs: 7
07/09/26 21:56:44 Event: ULOG_JOB_ABORTED for HTCondor Node EVALUATE (171040.19.0) {07/09/26 21:56:39}
07/09/26 21:56:44 Number of idle job procs: 6
07/09/26 21:56:44 Event: ULOG_JOB_ABORTED for HTCondor Node EVALUATE (171040.20.0) {07/09/26 21:56:39}
07/09/26 21:56:44 Number of idle job procs: 5
07/09/26 21:56:44 Event: ULOG_JOB_ABORTED for HTCondor Node EVALUATE (171040.21.0) {07/09/26 21:56:39}
07/09/26 21:56:44 Number of idle job procs: 4
07/09/26 21:56:44 Event: ULOG_JOB_ABORTED for HTCondor Node EVALUATE (171040.22.0) {07/09/26 21:56:39}
07/09/26 21:56:44 Number of idle job procs: 3
07/09/26 21:56:44 Event: ULOG_JOB_ABORTED for HTCondor Node EVALUATE (171040.23.0) {07/09/26 21:56:39}
07/09/26 21:56:44 Number of idle job procs: 2
07/09/26 21:56:44 Event: ULOG_JOB_ABORTED for HTCondor Node EVALUATE (171040.24.0) {07/09/26 21:56:39}
07/09/26 21:56:44 Number of idle job procs: 1
07/09/26 21:56:44 Event: ULOG_JOB_EVICTED for HTCondor Node EVALUATE (171040.1.0) {07/09/26 21:56:40}
07/09/26 21:56:44 Number of idle job procs: 1
07/09/26 21:56:44 Event: ULOG_JOB_ABORTED for HTCondor Node EVALUATE (171040.1.0) {07/09/26 21:56:40}
07/09/26 21:56:44 Number of idle job procs: 0
07/09/26 21:56:44 Node EVALUATE job(s) have exited the queue
07/09/26 21:56:44 DAG status: 2 (DAG_STATUS_NODE_FAILED)
07/09/26 21:56:44 Of 5 nodes total:
07/09/26 21:56:44  Done     Pre   Queued    Post   Ready   Un-Ready   Failed   Futile
07/09/26 21:56:44   ===     ===      ===     ===     ===        ===      ===      ===
07/09/26 21:56:44     3       0        0       0       0          0        1        1
07/09/26 21:56:44 0 job proc(s) currently held
07/09/26 21:56:44 DAGMan Runtime Statistics: [EventCycleTimeAvg=0.134; EventCycleTimeMax=0.140; EventCycleTimeMin=0.129; EventCycleTimeStd=0.008; EventCycleTimeSum=0.269; SleepCycleTimeAvg=5.004; SleepCycleTimeMax=5.005; SleepCycleTimeMin=5.004; SleepCycleTimeStd=0.001; SleepCycleTimeSum=10.008; SubmitCycleTimeAvg=0.041; SubmitCycleTimeMax=0.123; SubmitCycleTimeMin=0.000; SubmitCycleTimeStd=0.071; SubmitCycleTimeSum=0.123; EventCycleTimeCount=2.000; SleepCycleTimeCount=2.000; SubmitCycleTimeCount=3.000; LogProcessCycleTimeAvg=0.087; LogProcessCycleTimeMax=0.134; LogProcessCycleTimeMin=0.039; LogProcessCycleTimeStd=0.067; LogProcessCycleTimeSum=0.173; LogProcessCycleTimeCount=2.000; ]
07/09/26 21:56:44 ERROR: the following job(s) failed:
07/09/26 21:56:44 ---------------------- Node ----------------------
07/09/26 21:56:44       Node Name: EVALUATE
07/09/26 21:56:44            Noop: false
07/09/26 21:56:44          NodeID: 3
07/09/26 21:56:44     Node Status: STATUS_ERROR    
07/09/26 21:56:44 Node return val: 1
07/09/26 21:56:44           Error: Job proc (171040.0.0) failed with status 1
07/09/26 21:56:44 Job Submit File: transport_linetrack_50_25_action_shield_evaluate.sub
07/09/26 21:56:44  HTCondor Job ID: (171040.9.0)
07/09/26 21:56:44 PARENTS: TRAIN WAITING: 0 CHILDREN: MERGE_EVALUATION
07/09/26 21:56:44 ---------------------------------------	<END>
07/09/26 21:56:44 Aborting DAG...
07/09/26 21:56:44 Writing Rescue DAG to transport_linetrack_50_25_action_shield.dag.rescue007...
07/09/26 21:56:44 Removing submitted jobs...
07/09/26 21:56:44 Removing any/all submitted HTCondor jobs...
07/09/26 21:56:44 Running: /usr/bin/condor_rm -const DAGManJobId==171039 -reason DAG' 'Abort:' 'DAG' 'is' 'exiting' 'and' 'writing' 'rescue' 'file.
07/09/26 21:56:44 Note: 0 total node deferrals because of -MaxJobs limit (0)
07/09/26 21:56:44 Note: 0 total node deferrals because of -MaxIdle limit (1000)
07/09/26 21:56:44 Note: 0 total node deferrals because of node category throttles
07/09/26 21:56:44 Note: 0 total PRE script deferrals because of -MaxPre limit (20) or DEFER
07/09/26 21:56:44 Note: 0 total POST script deferrals because of -MaxPost limit (20) or DEFER
07/09/26 21:56:44 Note: 0 total HOLD script deferrals because of -MaxHold limit (20) or DEFER
07/09/26 21:56:44 DAG status: 2 (DAG_STATUS_NODE_FAILED)
07/09/26 21:56:44 Of 5 nodes total:
07/09/26 21:56:44  Done     Pre   Queued    Post   Ready   Un-Ready   Failed   Futile
07/09/26 21:56:44   ===     ===      ===     ===     ===        ===      ===      ===
07/09/26 21:56:44     3       0        0       0       0          0        1        1
07/09/26 21:56:44 0 job proc(s) currently held
07/09/26 21:56:44 DAGMan Runtime Statistics: [EventCycleTimeAvg=0.134; EventCycleTimeMax=0.140; EventCycleTimeMin=0.129; EventCycleTimeStd=0.008; EventCycleTimeSum=0.269; SleepCycleTimeAvg=5.004; SleepCycleTimeMax=5.005; SleepCycleTimeMin=5.004; SleepCycleTimeStd=0.001; SleepCycleTimeSum=10.008; SubmitCycleTimeAvg=0.041; SubmitCycleTimeMax=0.123; SubmitCycleTimeMin=0.000; SubmitCycleTimeStd=0.071; SubmitCycleTimeSum=0.123; EventCycleTimeCount=2.000; SleepCycleTimeCount=2.000; SubmitCycleTimeCount=3.000; LogProcessCycleTimeAvg=0.087; LogProcessCycleTimeMax=0.134; LogProcessCycleTimeMin=0.039; LogProcessCycleTimeStd=0.067; LogProcessCycleTimeSum=0.173; LogProcessCycleTimeCount=2.000; ]
07/09/26 21:56:44 Wrote metrics file transport_linetrack_50_25_action_shield.dag.metrics.
07/09/26 21:56:44 DAGMan Runtime Statistics: [EventCycleTimeAvg=0.134; EventCycleTimeMax=0.140; EventCycleTimeMin=0.129; EventCycleTimeStd=0.008; EventCycleTimeSum=0.269; SleepCycleTimeAvg=5.004; SleepCycleTimeMax=5.005; SleepCycleTimeMin=5.004; SleepCycleTimeStd=0.001; SleepCycleTimeSum=10.008; SubmitCycleTimeAvg=0.041; SubmitCycleTimeMax=0.123; SubmitCycleTimeMin=0.000; SubmitCycleTimeStd=0.071; SubmitCycleTimeSum=0.123; EventCycleTimeCount=2.000; SleepCycleTimeCount=2.000; SubmitCycleTimeCount=3.000; LogProcessCycleTimeAvg=0.087; LogProcessCycleTimeMax=0.134; LogProcessCycleTimeMin=0.039; LogProcessCycleTimeStd=0.067; LogProcessCycleTimeSum=0.173; LogProcessCycleTimeCount=2.000; ]
07/09/26 21:56:44 **** condor_scheduniv_exec.171039.0 (condor_DAGMAN) pid 1907600 EXITING WITH STATUS 1
