07/06/26 15:56:47 ******************************************************
07/06/26 15:56:47 ** condor_scheduniv_exec.170168.0 (CONDOR_DAGMAN) STARTING UP
07/06/26 15:56:47 ** /usr/bin/condor_dagman
07/06/26 15:56:47 ** SubsystemInfo: name=DAGMAN type=DAGMAN(9) class=CLIENT(2)
07/06/26 15:56:47 ** Configuration: subsystem:DAGMAN local:<NONE> class:CLIENT
07/06/26 15:56:47 ** $CondorVersion: 24.12.19 2026-04-15 BuildID: 896241 PackageID: 24.12.19-1+deb12 GitSHA: c68f3e0e $
07/06/26 15:56:47 ** $CondorPlatform: X86_64-Debian_12 $
07/06/26 15:56:47 ** PID = 4151729 RealUID = 1620002036
07/06/26 15:56:47 ** Log last touched time unavailable (No such file or directory)
07/06/26 15:56:47 ******************************************************
07/06/26 15:56:47 Using config source: /etc/condor/condor_config
07/06/26 15:56:47 Using local config sources: 
07/06/26 15:56:47    /etc/condor/config.d/01-submit.conf
07/06/26 15:56:47    /etc/condor/config.d/10-stash-plugin.conf
07/06/26 15:56:47    /etc/condor/config.d/23-network.config
07/06/26 15:56:47    /etc/condor/config.d/31-mail.conf
07/06/26 15:56:47    /etc/condor/config.d/35-cc-sync.conf
07/06/26 15:56:47    /etc/condor/config.d/41-periodic-remove.conf
07/06/26 15:56:47    /etc/condor/config.d/49-common.conf
07/06/26 15:56:47    /etc/condor/config.d/52-group-mapping.conf
07/06/26 15:56:47    /etc/condor/config.d/54-container.conf
07/06/26 15:56:47    /etc/condor/config.d/67-submit-transforms.conf
07/06/26 15:56:47    /etc/condor/config.d/71-submit-requirements.conf
07/06/26 15:56:47    /etc/condor/condor_config.local
07/06/26 15:56:47 config Macros = 110, Sorted = 110, StringBytes = 6396, TablesBytes = 4088
07/06/26 15:56:47 CLASSAD_CACHING is ENABLED
07/06/26 15:56:47 Daemon Log is logging: D_ALWAYS D_ERROR D_STATUS
07/06/26 15:56:47 Daemoncore: Listening at <0.0.0.0:32885> on TCP (ReliSock) and UDP (SafeSock).
07/06/26 15:56:47 DaemonCore: command socket at <10.143.248.60:32885?addrs=10.143.248.60-32885&alias=conduit.hpc.uni-saarland.de>
07/06/26 15:56:47 DaemonCore: private command socket at <10.143.248.60:32885?addrs=10.143.248.60-32885&alias=conduit.hpc.uni-saarland.de>
07/06/26 15:56:47 DAGMAN_USE_STRICT setting: 1
07/06/26 15:56:47 DAGMAN_VERBOSITY setting: 3
07/06/26 15:56:47 DAGMAN_DEBUG_CACHE_SIZE setting: 5242880
07/06/26 15:56:47 DAGMAN_DEBUG_CACHE_ENABLE setting: False
07/06/26 15:56:47 DAGMAN_SUBMIT_DELAY setting: 0
07/06/26 15:56:47 DAGMAN_MAX_SUBMIT_ATTEMPTS setting: 6
07/06/26 15:56:47 DAGMAN_STARTUP_CYCLE_DETECT setting: False
07/06/26 15:56:47 DAGMAN_USE_JOIN_NODES setting: True
07/06/26 15:56:47 DAGMAN_REPORT_GRAPH_METRICS setting: False
07/06/26 15:56:47 DAGMAN_MAX_SUBMITS_PER_INTERVAL setting: 100
07/06/26 15:56:47 DAGMAN_AGGRESSIVE_SUBMIT setting: False
07/06/26 15:56:47 DAGMAN_USER_LOG_SCAN_INTERVAL setting: 5
07/06/26 15:56:47 DAGMAN_QUEUE_UPDATE_INTERVAL setting: 300.000000
07/06/26 15:56:47 DAGMAN_DEFAULT_PRIORITY setting: 0
07/06/26 15:56:47 DAGMAN_SUPPRESS_NOTIFICATION setting: False
07/06/26 15:56:47 allow_events (DAGMAN_ALLOW_EVENTS) setting: 114
07/06/26 15:56:47 DAGMAN_RETRY_SUBMIT_FIRST setting: True
07/06/26 15:56:47 DAGMAN_RETRY_NODE_FIRST setting: False
07/06/26 15:56:47 DAGMAN_MAX_JOBS_IDLE setting: 1000
07/06/26 15:56:47 DAGMAN_MAX_JOBS_SUBMITTED setting: 0
07/06/26 15:56:47 DAGMAN_MAX_PRE_SCRIPTS setting: 20
07/06/26 15:56:47 DAGMAN_MAX_POST_SCRIPTS setting: 20
07/06/26 15:56:47 DAGMAN_MAX_HOLD_SCRIPTS setting: 20
07/06/26 15:56:47 DAGMAN_MUNGE_NODE_NAMES setting: True
07/06/26 15:56:47 DAGMAN_ALLOW_ANY_NODE_NAME_CHARACTERS setting: False
07/06/26 15:56:47 DAGMAN_PROHIBIT_MULTI_JOBS setting: False
07/06/26 15:56:47 DAGMAN_SUBMIT_DEPTH_FIRST setting: False
07/06/26 15:56:47 DAGMAN_ALWAYS_RUN_POST setting: False
07/06/26 15:56:47 DAGMAN_CONDOR_SUBMIT_EXE setting: /usr/bin/condor_submit
07/06/26 15:56:47 DAGMAN_CONDOR_RM_EXE setting: /usr/bin/condor_rm
07/06/26 15:56:47 DAGMAN_USE_DIRECT_SUBMIT setting: True
07/06/26 15:56:47 DAGMAN_PRODUCE_JOB_CREDENTIALS setting: True
07/06/26 15:56:47 DAGMAN_DEFAULT_APPEND_VARS setting: False
07/06/26 15:56:47 DAGMAN_INHERIT_ATTRS_PREFIX setting: 
07/06/26 15:56:47 DAGMAN_INHERIT_ATTRS setting: 
07/06/26 15:56:47 DAGMAN_ABORT_DUPLICATES setting: True
07/06/26 15:56:47 DAGMAN_ABORT_ON_SCARY_SUBMIT setting: True
07/06/26 15:56:47 DAGMAN_PENDING_REPORT_INTERVAL setting: 600
07/06/26 15:56:47 DAGMAN_CHECK_QUEUE_INTERVAL setting: 28800
07/06/26 15:56:47 DAGMAN_PRINT_JOB_TABLE_INTERVAL setting: 900
07/06/26 15:56:47 DAGMAN_AUTO_RESCUE setting: True
07/06/26 15:56:47 DAGMAN_MAX_RESCUE_NUM setting: 100
07/06/26 15:56:47 DAGMAN_WRITE_PARTIAL_RESCUE setting: True
07/06/26 15:56:47 DAGMAN_RESET_RETRIES_UPON_RESCUE setting: True
07/06/26 15:56:47 DAGMAN_METRICS_FILE_VERSION setting: 2
07/06/26 15:56:47 DAGMAN_DEFAULT_NODE_LOG setting: @(DAG_DIR)/@(DAG_FILE).nodes.log
07/06/26 15:56:47 DAGMAN_LOG_ON_NFS_IS_ERROR setting: False
07/06/26 15:56:47 DAGMAN_GENERATE_SUBDAG_SUBMITS setting: True
07/06/26 15:56:47 DAGMAN_MAX_JOB_HOLDS setting: 100
07/06/26 15:56:47 DAGMAN_NODE_JOB_FAILURE_TOLERANCE setting: 0
07/06/26 15:56:47 DAGMAN_HOLD_CLAIM_TIME setting: 20
07/06/26 15:56:47 DAGMAN_SUPPRESS_JOB_LOGS setting: False
07/06/26 15:56:47 DAGMAN_REMOVE_NODE_JOBS setting: True
07/06/26 15:56:47 DAGMAN_PUT_FAILED_JOBS_ON_HOLD setting: False
07/06/26 15:56:47 DAGMAN_REMOVE_JOBS_AFTER_LIMIT_CHANGE setting: False
07/06/26 15:56:47 DAGMAN will adjust edges after parsing
07/06/26 15:56:47 argv[0] == "condor_scheduniv_exec.170168.0"
07/06/26 15:56:47 argv[1] == "-Lockfile"
07/06/26 15:56:47 argv[2] == "transport_linetrack_20_10_action_shield.dag.lock"
07/06/26 15:56:47 argv[3] == "-Dag"
07/06/26 15:56:47 argv[4] == "transport_linetrack_20_10_action_shield.dag"
07/06/26 15:56:47 argv[5] == "-CsdVersion"
07/06/26 15:56:47 argv[6] == "$CondorVersion: 24.12.19 2026-04-15 BuildID: 896241 PackageID: 24.12.19-1+deb12 GitSHA: c68f3e0e $"
07/06/26 15:56:47 argv[7] == "-dagman"
07/06/26 15:56:47 argv[8] == "/usr/bin/condor_dagman"
07/06/26 15:56:47 argv[9] == "-AutoRescue"
07/06/26 15:56:47 argv[10] == "1"
07/06/26 15:56:47 argv[11] == "-DoRescueFrom"
07/06/26 15:56:47 argv[12] == "0"
07/06/26 15:56:47 Can't open directory "/etc/condor/passwords.d" as PRIV_ROOT, errno: 13 (Permission denied)
07/06/26 15:56:47 Can't open directory "/etc/condor/passwords.d" as PRIV_ROOT, errno: 13 (Permission denied)
07/06/26 15:56:47 Workflow batch-id: <170168.0>
07/06/26 15:56:47 Workflow batch-name: <transport_linetrack_20_10_action_shield.dag+170168>
07/06/26 15:56:47 Workflow accounting_group: <teaching>
07/06/26 15:56:47 Workflow accounting_group_user: <atml_team041>
07/06/26 15:56:47 Warning: failed to get attribute DAGNodeName
07/06/26 15:56:47 Default node log file is: </home/atml_team041/condor_tutorial/jani_env/experiments/repair_wo_domain/submissions/action_shield/transport_linetrack/./transport_linetrack_20_10_action_shield.dag.nodes.log>
07/06/26 15:56:47 DAG Lockfile will be written to transport_linetrack_20_10_action_shield.dag.lock
07/06/26 15:56:47 DAG Input file is transport_linetrack_20_10_action_shield.dag
07/06/26 15:56:47 Parsing 1 dagfiles
07/06/26 15:56:47 Parsing transport_linetrack_20_10_action_shield.dag ...
07/06/26 15:56:47 Adjusting edges
07/06/26 15:56:47 Dag contains 5 total nodes
07/06/26 15:56:47 Bootstrapping...
07/06/26 15:56:47 Number of pre-completed nodes: 0
07/06/26 15:56:47 MultiLogFiles: truncating log file /home/atml_team041/condor_tutorial/jani_env/experiments/repair_wo_domain/submissions/action_shield/transport_linetrack/./transport_linetrack_20_10_action_shield.dag.nodes.log
07/06/26 15:56:47 DAG status: 0 (DAG_STATUS_OK)
07/06/26 15:56:47 Of 5 nodes total:
07/06/26 15:56:47  Done     Pre   Queued    Post   Ready   Un-Ready   Failed   Futile
07/06/26 15:56:47   ===     ===      ===     ===     ===        ===      ===      ===
07/06/26 15:56:47     0       0        0       0       1          4        0        0
07/06/26 15:56:47 0 job proc(s) currently held
07/06/26 15:56:47 DAGMan Runtime Statistics: [EventCycleTimeSum=0.000; SleepCycleTimeSum=0.000; SubmitCycleTimeSum=0.000; EventCycleTimeCount=0.000; SleepCycleTimeCount=0.000; SubmitCycleTimeCount=0.000; LogProcessCycleTimeSum=0.000; LogProcessCycleTimeCount=0.000; ]
07/06/26 15:56:47 Registering condor_event_timer...
07/06/26 15:56:48 Submitting HTCondor Node COLLECT job(s)...
07/06/26 15:56:48 Submitting node COLLECT from file submissions/action_shield/transport_linetrack/transport_linetrack_20_10_action_shield_collect.sub using direct job submission
07/06/26 15:56:48 ERROR: submit attempt failed, errno=2 No such file or directory
07/06/26 15:56:48 could not open submit file : submissions/action_shield/transport_linetrack/transport_linetrack_20_10_action_shield_collect.sub - can't open file submissions/action_shield/transport_linetrack/transport_linetrack_20_10_action_shield_collect.sub: No such file or directory
07/06/26 15:56:48 Submit warning: Submit:0:the line 'accounting_group_user = atml_team041' was unused by DAGMAN. Is it a typo?
|Submit:0:the line 'accounting_group = teaching' was unused by DAGMAN. Is it a typo?
|Submit:0:the line 'keep_claim_idle = 20' was unused by DAGMAN. Is it a typo?
|Submit:0:the line 'batch_id = 170168.0' was unused by DAGMAN. Is it a typo?
|Submit:0:the line 'batch_name = transport_linetrack_20_10_action_shield.dag+170168' was unused by DAGMAN. Is it a typo?
07/06/26 15:56:48 Job submit try 1/6 failed, will try again in >= 1 second.
07/06/26 15:56:48 DAG status: 0 (DAG_STATUS_OK)
07/06/26 15:56:48 Of 5 nodes total:
07/06/26 15:56:48  Done     Pre   Queued    Post   Ready   Un-Ready   Failed   Futile
07/06/26 15:56:48   ===     ===      ===     ===     ===        ===      ===      ===
07/06/26 15:56:48     0       0        0       0       1          4        0        0
07/06/26 15:56:48 0 job proc(s) currently held
07/06/26 15:56:48 DAGMan Runtime Statistics: [EventCycleTimeSum=0.000; SleepCycleTimeSum=0.000; SubmitCycleTimeAvg=0.005; SubmitCycleTimeMax=0.005; SubmitCycleTimeMin=0.005; SubmitCycleTimeStd=0.005; SubmitCycleTimeSum=0.005; EventCycleTimeCount=0.000; SleepCycleTimeCount=0.000; SubmitCycleTimeCount=1.000; LogProcessCycleTimeSum=0.000; LogProcessCycleTimeCount=0.000; ]
07/06/26 15:56:53 Submitting HTCondor Node COLLECT job(s)...
07/06/26 15:56:53 Submitting node COLLECT from file submissions/action_shield/transport_linetrack/transport_linetrack_20_10_action_shield_collect.sub using direct job submission
07/06/26 15:56:53 ERROR: submit attempt failed, errno=2 No such file or directory
07/06/26 15:56:53 could not open submit file : submissions/action_shield/transport_linetrack/transport_linetrack_20_10_action_shield_collect.sub - can't open file submissions/action_shield/transport_linetrack/transport_linetrack_20_10_action_shield_collect.sub: No such file or directory
07/06/26 15:56:53 Submit warning: Submit:0:the line 'accounting_group_user = atml_team041' was unused by DAGMAN. Is it a typo?
|Submit:0:the line 'accounting_group = teaching' was unused by DAGMAN. Is it a typo?
|Submit:0:the line 'keep_claim_idle = 20' was unused by DAGMAN. Is it a typo?
|Submit:0:the line 'batch_id = 170168.0' was unused by DAGMAN. Is it a typo?
|Submit:0:the line 'batch_name = transport_linetrack_20_10_action_shield.dag+170168' was unused by DAGMAN. Is it a typo?
07/06/26 15:56:53 Job submit try 2/6 failed, will try again in >= 2 seconds.
07/06/26 15:56:58 Submitting HTCondor Node COLLECT job(s)...
07/06/26 15:56:58 Submitting node COLLECT from file submissions/action_shield/transport_linetrack/transport_linetrack_20_10_action_shield_collect.sub using direct job submission
07/06/26 15:56:58 ERROR: submit attempt failed, errno=2 No such file or directory
07/06/26 15:56:58 could not open submit file : submissions/action_shield/transport_linetrack/transport_linetrack_20_10_action_shield_collect.sub - can't open file submissions/action_shield/transport_linetrack/transport_linetrack_20_10_action_shield_collect.sub: No such file or directory
07/06/26 15:56:58 Submit warning: Submit:0:the line 'accounting_group_user = atml_team041' was unused by DAGMAN. Is it a typo?
|Submit:0:the line 'accounting_group = teaching' was unused by DAGMAN. Is it a typo?
|Submit:0:the line 'keep_claim_idle = 20' was unused by DAGMAN. Is it a typo?
|Submit:0:the line 'batch_id = 170168.0' was unused by DAGMAN. Is it a typo?
|Submit:0:the line 'batch_name = transport_linetrack_20_10_action_shield.dag+170168' was unused by DAGMAN. Is it a typo?
07/06/26 15:56:58 Job submit try 3/6 failed, will try again in >= 4 seconds.
07/06/26 15:57:03 Submitting HTCondor Node COLLECT job(s)...
07/06/26 15:57:03 Submitting node COLLECT from file submissions/action_shield/transport_linetrack/transport_linetrack_20_10_action_shield_collect.sub using direct job submission
07/06/26 15:57:03 ERROR: submit attempt failed, errno=2 No such file or directory
07/06/26 15:57:03 could not open submit file : submissions/action_shield/transport_linetrack/transport_linetrack_20_10_action_shield_collect.sub - can't open file submissions/action_shield/transport_linetrack/transport_linetrack_20_10_action_shield_collect.sub: No such file or directory
07/06/26 15:57:03 Submit warning: Submit:0:the line 'accounting_group_user = atml_team041' was unused by DAGMAN. Is it a typo?
|Submit:0:the line 'accounting_group = teaching' was unused by DAGMAN. Is it a typo?
|Submit:0:the line 'keep_claim_idle = 20' was unused by DAGMAN. Is it a typo?
|Submit:0:the line 'batch_id = 170168.0' was unused by DAGMAN. Is it a typo?
|Submit:0:the line 'batch_name = transport_linetrack_20_10_action_shield.dag+170168' was unused by DAGMAN. Is it a typo?
07/06/26 15:57:03 Job submit try 4/6 failed, will try again in >= 8 seconds.
07/06/26 15:57:14 Submitting HTCondor Node COLLECT job(s)...
07/06/26 15:57:14 Submitting node COLLECT from file submissions/action_shield/transport_linetrack/transport_linetrack_20_10_action_shield_collect.sub using direct job submission
07/06/26 15:57:14 ERROR: submit attempt failed, errno=2 No such file or directory
07/06/26 15:57:14 could not open submit file : submissions/action_shield/transport_linetrack/transport_linetrack_20_10_action_shield_collect.sub - can't open file submissions/action_shield/transport_linetrack/transport_linetrack_20_10_action_shield_collect.sub: No such file or directory
07/06/26 15:57:14 Submit warning: Submit:0:the line 'accounting_group_user = atml_team041' was unused by DAGMAN. Is it a typo?
|Submit:0:the line 'accounting_group = teaching' was unused by DAGMAN. Is it a typo?
|Submit:0:the line 'keep_claim_idle = 20' was unused by DAGMAN. Is it a typo?
|Submit:0:the line 'batch_id = 170168.0' was unused by DAGMAN. Is it a typo?
|Submit:0:the line 'batch_name = transport_linetrack_20_10_action_shield.dag+170168' was unused by DAGMAN. Is it a typo?
07/06/26 15:57:14 Job submit try 5/6 failed, will try again in >= 16 seconds.
07/06/26 15:57:31 Submitting HTCondor Node COLLECT job(s)...
07/06/26 15:57:31 Submitting node COLLECT from file submissions/action_shield/transport_linetrack/transport_linetrack_20_10_action_shield_collect.sub using direct job submission
07/06/26 15:57:31 ERROR: submit attempt failed, errno=2 No such file or directory
07/06/26 15:57:31 could not open submit file : submissions/action_shield/transport_linetrack/transport_linetrack_20_10_action_shield_collect.sub - can't open file submissions/action_shield/transport_linetrack/transport_linetrack_20_10_action_shield_collect.sub: No such file or directory
07/06/26 15:57:31 Submit warning: Submit:0:the line 'accounting_group_user = atml_team041' was unused by DAGMAN. Is it a typo?
|Submit:0:the line 'accounting_group = teaching' was unused by DAGMAN. Is it a typo?
|Submit:0:the line 'keep_claim_idle = 20' was unused by DAGMAN. Is it a typo?
|Submit:0:the line 'batch_id = 170168.0' was unused by DAGMAN. Is it a typo?
|Submit:0:the line 'batch_name = transport_linetrack_20_10_action_shield.dag+170168' was unused by DAGMAN. Is it a typo?
07/06/26 15:57:31 Node submit failed after 6 tries.
07/06/26 15:57:31 Shortcutting node COLLECT retries because of submit failure(s)
07/06/26 15:57:31 DAG status: 2 (DAG_STATUS_NODE_FAILED)
07/06/26 15:57:31 Of 5 nodes total:
07/06/26 15:57:31  Done     Pre   Queued    Post   Ready   Un-Ready   Failed   Futile
07/06/26 15:57:31   ===     ===      ===     ===     ===        ===      ===      ===
07/06/26 15:57:31     0       0        0       0       0          0        1        4
07/06/26 15:57:31 0 job proc(s) currently held
07/06/26 15:57:31 DAGMan Runtime Statistics: [EventCycleTimeAvg=0.380; EventCycleTimeMax=1.001; EventCycleTimeMin=0.004; EventCycleTimeStd=0.515; EventCycleTimeSum=3.038; SleepCycleTimeAvg=5.003; SleepCycleTimeMax=5.005; SleepCycleTimeMin=5.001; SleepCycleTimeStd=0.001; SleepCycleTimeSum=40.024; SubmitCycleTimeAvg=0.337; SubmitCycleTimeMax=1.001; SubmitCycleTimeMin=0.004; SubmitCycleTimeStd=0.498; SubmitCycleTimeSum=3.032; EventCycleTimeCount=8.000; SleepCycleTimeCount=8.000; SubmitCycleTimeCount=9.000; LogProcessCycleTimeSum=0.000; LogProcessCycleTimeCount=0.000; ]
07/06/26 15:57:31 ERROR: the following job(s) failed:
07/06/26 15:57:31 ---------------------- Node ----------------------
07/06/26 15:57:31       Node Name: COLLECT
07/06/26 15:57:31            Noop: false
07/06/26 15:57:31          NodeID: 0
07/06/26 15:57:31     Node Status: STATUS_ERROR    
07/06/26 15:57:31 Node return val: -1
07/06/26 15:57:31           Error: Job submit failed
07/06/26 15:57:31 Job Submit File: submissions/action_shield/transport_linetrack/transport_linetrack_20_10_action_shield_collect.sub
07/06/26 15:57:31  HTCondor Job ID: [not yet submitted]
07/06/26 15:57:31 PARENTS:  WAITING: 0 CHILDREN: MERGE_COLLECTION
07/06/26 15:57:31 ---------------------------------------	<END>
07/06/26 15:57:31 Aborting DAG...
07/06/26 15:57:31 Writing Rescue DAG to transport_linetrack_20_10_action_shield.dag.rescue001...
07/06/26 15:57:31 Removing submitted jobs...
07/06/26 15:57:31 Removing any/all submitted HTCondor jobs...
07/06/26 15:57:31 Running: /usr/bin/condor_rm -const DAGManJobId==170168 -reason DAG' 'Abort:' 'DAG' 'is' 'exiting' 'and' 'writing' 'rescue' 'file.
07/06/26 15:57:31 Note: 0 total node deferrals because of -MaxJobs limit (0)
07/06/26 15:57:31 Note: 0 total node deferrals because of -MaxIdle limit (1000)
07/06/26 15:57:31 Note: 0 total node deferrals because of node category throttles
07/06/26 15:57:31 Note: 0 total PRE script deferrals because of -MaxPre limit (20) or DEFER
07/06/26 15:57:31 Note: 0 total POST script deferrals because of -MaxPost limit (20) or DEFER
07/06/26 15:57:31 Note: 0 total HOLD script deferrals because of -MaxHold limit (20) or DEFER
07/06/26 15:57:31 DAG status: 2 (DAG_STATUS_NODE_FAILED)
07/06/26 15:57:31 Of 5 nodes total:
07/06/26 15:57:31  Done     Pre   Queued    Post   Ready   Un-Ready   Failed   Futile
07/06/26 15:57:31   ===     ===      ===     ===     ===        ===      ===      ===
07/06/26 15:57:31     0       0        0       0       0          0        1        4
07/06/26 15:57:31 0 job proc(s) currently held
07/06/26 15:57:31 DAGMan Runtime Statistics: [EventCycleTimeAvg=0.380; EventCycleTimeMax=1.001; EventCycleTimeMin=0.004; EventCycleTimeStd=0.515; EventCycleTimeSum=3.038; SleepCycleTimeAvg=5.003; SleepCycleTimeMax=5.005; SleepCycleTimeMin=5.001; SleepCycleTimeStd=0.001; SleepCycleTimeSum=40.024; SubmitCycleTimeAvg=0.337; SubmitCycleTimeMax=1.001; SubmitCycleTimeMin=0.004; SubmitCycleTimeStd=0.498; SubmitCycleTimeSum=3.032; EventCycleTimeCount=8.000; SleepCycleTimeCount=8.000; SubmitCycleTimeCount=9.000; LogProcessCycleTimeSum=0.000; LogProcessCycleTimeCount=0.000; ]
07/06/26 15:57:31 Wrote metrics file transport_linetrack_20_10_action_shield.dag.metrics.
07/06/26 15:57:31 DAGMan Runtime Statistics: [EventCycleTimeAvg=0.380; EventCycleTimeMax=1.001; EventCycleTimeMin=0.004; EventCycleTimeStd=0.515; EventCycleTimeSum=3.038; SleepCycleTimeAvg=5.003; SleepCycleTimeMax=5.005; SleepCycleTimeMin=5.001; SleepCycleTimeStd=0.001; SleepCycleTimeSum=40.024; SubmitCycleTimeAvg=0.337; SubmitCycleTimeMax=1.001; SubmitCycleTimeMin=0.004; SubmitCycleTimeStd=0.498; SubmitCycleTimeSum=3.032; EventCycleTimeCount=8.000; SleepCycleTimeCount=8.000; SubmitCycleTimeCount=9.000; LogProcessCycleTimeSum=0.000; LogProcessCycleTimeCount=0.000; ]
07/06/26 15:57:31 **** condor_scheduniv_exec.170168.0 (condor_DAGMAN) pid 4151729 EXITING WITH STATUS 1
07/06/26 16:02:32 ******************************************************
07/06/26 16:02:32 ** condor_scheduniv_exec.170177.0 (CONDOR_DAGMAN) STARTING UP
07/06/26 16:02:32 ** /usr/bin/condor_dagman
07/06/26 16:02:32 ** SubsystemInfo: name=DAGMAN type=DAGMAN(9) class=CLIENT(2)
07/06/26 16:02:32 ** Configuration: subsystem:DAGMAN local:<NONE> class:CLIENT
07/06/26 16:02:32 ** $CondorVersion: 24.12.19 2026-04-15 BuildID: 896241 PackageID: 24.12.19-1+deb12 GitSHA: c68f3e0e $
07/06/26 16:02:32 ** $CondorPlatform: X86_64-Debian_12 $
07/06/26 16:02:32 ** PID = 4155131 RealUID = 1620002036
07/06/26 16:02:32 ** Log last touched 7/6 15:57:31
07/06/26 16:02:32 ******************************************************
07/06/26 16:02:32 Using config source: /etc/condor/condor_config
07/06/26 16:02:32 Using local config sources: 
07/06/26 16:02:32    /etc/condor/config.d/01-submit.conf
07/06/26 16:02:32    /etc/condor/config.d/10-stash-plugin.conf
07/06/26 16:02:32    /etc/condor/config.d/23-network.config
07/06/26 16:02:32    /etc/condor/config.d/31-mail.conf
07/06/26 16:02:32    /etc/condor/config.d/35-cc-sync.conf
07/06/26 16:02:32    /etc/condor/config.d/41-periodic-remove.conf
07/06/26 16:02:32    /etc/condor/config.d/49-common.conf
07/06/26 16:02:32    /etc/condor/config.d/52-group-mapping.conf
07/06/26 16:02:32    /etc/condor/config.d/54-container.conf
07/06/26 16:02:32    /etc/condor/config.d/67-submit-transforms.conf
07/06/26 16:02:32    /etc/condor/config.d/71-submit-requirements.conf
07/06/26 16:02:32    /etc/condor/condor_config.local
07/06/26 16:02:32 config Macros = 110, Sorted = 110, StringBytes = 6396, TablesBytes = 4088
07/06/26 16:02:32 CLASSAD_CACHING is ENABLED
07/06/26 16:02:32 Daemon Log is logging: D_ALWAYS D_ERROR D_STATUS
07/06/26 16:02:32 Daemoncore: Listening at <0.0.0.0:12493> on TCP (ReliSock) and UDP (SafeSock).
07/06/26 16:02:32 DaemonCore: command socket at <10.143.248.60:12493?addrs=10.143.248.60-12493&alias=conduit.hpc.uni-saarland.de>
07/06/26 16:02:32 DaemonCore: private command socket at <10.143.248.60:12493?addrs=10.143.248.60-12493&alias=conduit.hpc.uni-saarland.de>
07/06/26 16:02:32 DAGMAN_USE_STRICT setting: 1
07/06/26 16:02:32 DAGMAN_VERBOSITY setting: 3
07/06/26 16:02:32 DAGMAN_DEBUG_CACHE_SIZE setting: 5242880
07/06/26 16:02:32 DAGMAN_DEBUG_CACHE_ENABLE setting: False
07/06/26 16:02:32 DAGMAN_SUBMIT_DELAY setting: 0
07/06/26 16:02:32 DAGMAN_MAX_SUBMIT_ATTEMPTS setting: 6
07/06/26 16:02:32 DAGMAN_STARTUP_CYCLE_DETECT setting: False
07/06/26 16:02:32 DAGMAN_USE_JOIN_NODES setting: True
07/06/26 16:02:32 DAGMAN_REPORT_GRAPH_METRICS setting: False
07/06/26 16:02:32 DAGMAN_MAX_SUBMITS_PER_INTERVAL setting: 100
07/06/26 16:02:32 DAGMAN_AGGRESSIVE_SUBMIT setting: False
07/06/26 16:02:32 DAGMAN_USER_LOG_SCAN_INTERVAL setting: 5
07/06/26 16:02:32 DAGMAN_QUEUE_UPDATE_INTERVAL setting: 300.000000
07/06/26 16:02:32 DAGMAN_DEFAULT_PRIORITY setting: 0
07/06/26 16:02:32 DAGMAN_SUPPRESS_NOTIFICATION setting: False
07/06/26 16:02:32 allow_events (DAGMAN_ALLOW_EVENTS) setting: 114
07/06/26 16:02:32 DAGMAN_RETRY_SUBMIT_FIRST setting: True
07/06/26 16:02:32 DAGMAN_RETRY_NODE_FIRST setting: False
07/06/26 16:02:32 DAGMAN_MAX_JOBS_IDLE setting: 1000
07/06/26 16:02:32 DAGMAN_MAX_JOBS_SUBMITTED setting: 0
07/06/26 16:02:32 DAGMAN_MAX_PRE_SCRIPTS setting: 20
07/06/26 16:02:32 DAGMAN_MAX_POST_SCRIPTS setting: 20
07/06/26 16:02:32 DAGMAN_MAX_HOLD_SCRIPTS setting: 20
07/06/26 16:02:32 DAGMAN_MUNGE_NODE_NAMES setting: True
07/06/26 16:02:32 DAGMAN_ALLOW_ANY_NODE_NAME_CHARACTERS setting: False
07/06/26 16:02:32 DAGMAN_PROHIBIT_MULTI_JOBS setting: False
07/06/26 16:02:32 DAGMAN_SUBMIT_DEPTH_FIRST setting: False
07/06/26 16:02:32 DAGMAN_ALWAYS_RUN_POST setting: False
07/06/26 16:02:32 DAGMAN_CONDOR_SUBMIT_EXE setting: /usr/bin/condor_submit
07/06/26 16:02:32 DAGMAN_CONDOR_RM_EXE setting: /usr/bin/condor_rm
07/06/26 16:02:32 DAGMAN_USE_DIRECT_SUBMIT setting: True
07/06/26 16:02:32 DAGMAN_PRODUCE_JOB_CREDENTIALS setting: True
07/06/26 16:02:32 DAGMAN_DEFAULT_APPEND_VARS setting: False
07/06/26 16:02:32 DAGMAN_INHERIT_ATTRS_PREFIX setting: 
07/06/26 16:02:32 DAGMAN_INHERIT_ATTRS setting: 
07/06/26 16:02:32 DAGMAN_ABORT_DUPLICATES setting: True
07/06/26 16:02:32 DAGMAN_ABORT_ON_SCARY_SUBMIT setting: True
07/06/26 16:02:32 DAGMAN_PENDING_REPORT_INTERVAL setting: 600
07/06/26 16:02:32 DAGMAN_CHECK_QUEUE_INTERVAL setting: 28800
07/06/26 16:02:32 DAGMAN_PRINT_JOB_TABLE_INTERVAL setting: 900
07/06/26 16:02:32 DAGMAN_AUTO_RESCUE setting: True
07/06/26 16:02:32 DAGMAN_MAX_RESCUE_NUM setting: 100
07/06/26 16:02:32 DAGMAN_WRITE_PARTIAL_RESCUE setting: True
07/06/26 16:02:32 DAGMAN_RESET_RETRIES_UPON_RESCUE setting: True
07/06/26 16:02:32 DAGMAN_METRICS_FILE_VERSION setting: 2
07/06/26 16:02:32 DAGMAN_DEFAULT_NODE_LOG setting: @(DAG_DIR)/@(DAG_FILE).nodes.log
07/06/26 16:02:32 DAGMAN_LOG_ON_NFS_IS_ERROR setting: False
07/06/26 16:02:32 DAGMAN_GENERATE_SUBDAG_SUBMITS setting: True
07/06/26 16:02:32 DAGMAN_MAX_JOB_HOLDS setting: 100
07/06/26 16:02:32 DAGMAN_NODE_JOB_FAILURE_TOLERANCE setting: 0
07/06/26 16:02:32 DAGMAN_HOLD_CLAIM_TIME setting: 20
07/06/26 16:02:32 DAGMAN_SUPPRESS_JOB_LOGS setting: False
07/06/26 16:02:32 DAGMAN_REMOVE_NODE_JOBS setting: True
07/06/26 16:02:32 DAGMAN_PUT_FAILED_JOBS_ON_HOLD setting: False
07/06/26 16:02:32 DAGMAN_REMOVE_JOBS_AFTER_LIMIT_CHANGE setting: False
07/06/26 16:02:32 DAGMAN will adjust edges after parsing
07/06/26 16:02:32 argv[0] == "condor_scheduniv_exec.170177.0"
07/06/26 16:02:32 argv[1] == "-Lockfile"
07/06/26 16:02:32 argv[2] == "transport_linetrack_20_10_action_shield.dag.lock"
07/06/26 16:02:32 argv[3] == "-Dag"
07/06/26 16:02:32 argv[4] == "transport_linetrack_20_10_action_shield.dag"
07/06/26 16:02:32 argv[5] == "-CsdVersion"
07/06/26 16:02:32 argv[6] == "$CondorVersion: 24.12.19 2026-04-15 BuildID: 896241 PackageID: 24.12.19-1+deb12 GitSHA: c68f3e0e $"
07/06/26 16:02:32 argv[7] == "-dagman"
07/06/26 16:02:32 argv[8] == "/usr/bin/condor_dagman"
07/06/26 16:02:32 argv[9] == "-AutoRescue"
07/06/26 16:02:32 argv[10] == "1"
07/06/26 16:02:32 argv[11] == "-DoRescueFrom"
07/06/26 16:02:32 argv[12] == "0"
07/06/26 16:02:32 Can't open directory "/etc/condor/passwords.d" as PRIV_ROOT, errno: 13 (Permission denied)
07/06/26 16:02:32 Can't open directory "/etc/condor/passwords.d" as PRIV_ROOT, errno: 13 (Permission denied)
07/06/26 16:02:32 Workflow batch-id: <170177.0>
07/06/26 16:02:32 Workflow batch-name: <transport_linetrack_20_10_action_shield.dag+170177>
07/06/26 16:02:32 Workflow accounting_group: <teaching>
07/06/26 16:02:32 Workflow accounting_group_user: <atml_team041>
07/06/26 16:02:32 Warning: failed to get attribute DAGNodeName
07/06/26 16:02:32 Default node log file is: </home/atml_team041/condor_tutorial/jani_env/experiments/repair_wo_domain/submissions/action_shield/transport_linetrack/./transport_linetrack_20_10_action_shield.dag.nodes.log>
07/06/26 16:02:32 DAG Lockfile will be written to transport_linetrack_20_10_action_shield.dag.lock
07/06/26 16:02:32 DAG Input file is transport_linetrack_20_10_action_shield.dag
07/06/26 16:02:32 Parsing 1 dagfiles
07/06/26 16:02:32 Parsing transport_linetrack_20_10_action_shield.dag ...
07/06/26 16:02:32 Adjusting edges
07/06/26 16:02:32 Found rescue DAG number 1; running transport_linetrack_20_10_action_shield.dag.rescue001 in combination with normal DAG file
07/06/26 16:02:32 ~~~~~~~~~~~~~~~~~~~~~~~~~~~~~~~~~~~~~~~~~~~~~~~~~~~~~~
07/06/26 16:02:32 USING RESCUE DAG transport_linetrack_20_10_action_shield.dag.rescue001
07/06/26 16:02:32 Dag contains 5 total nodes
07/06/26 16:02:32 Bootstrapping...
07/06/26 16:02:32 Number of pre-completed nodes: 0
07/06/26 16:02:32 MultiLogFiles: truncating log file /home/atml_team041/condor_tutorial/jani_env/experiments/repair_wo_domain/submissions/action_shield/transport_linetrack/./transport_linetrack_20_10_action_shield.dag.nodes.log
07/06/26 16:02:32 DAG status: 0 (DAG_STATUS_OK)
07/06/26 16:02:32 Of 5 nodes total:
07/06/26 16:02:32  Done     Pre   Queued    Post   Ready   Un-Ready   Failed   Futile
07/06/26 16:02:32   ===     ===      ===     ===     ===        ===      ===      ===
07/06/26 16:02:32     0       0        0       0       1          4        0        0
07/06/26 16:02:32 0 job proc(s) currently held
07/06/26 16:02:32 DAGMan Runtime Statistics: [EventCycleTimeSum=0.000; SleepCycleTimeSum=0.000; SubmitCycleTimeSum=0.000; EventCycleTimeCount=0.000; SleepCycleTimeCount=0.000; SubmitCycleTimeCount=0.000; LogProcessCycleTimeSum=0.000; LogProcessCycleTimeCount=0.000; ]
07/06/26 16:02:32 Registering condor_event_timer...
07/06/26 16:02:33 Submitting HTCondor Node COLLECT job(s)...
07/06/26 16:02:33 Submitting node COLLECT from file transport_linetrack_20_10_action_shield_collect.sub using direct job submission
07/06/26 16:02:33 	assigned HTCondor ID (170186.0.0)
07/06/26 16:02:34 Just submitted 1 job this cycle...
07/06/26 16:02:34 DAG status: 0 (DAG_STATUS_OK)
07/06/26 16:02:34 Of 5 nodes total:
07/06/26 16:02:34  Done     Pre   Queued    Post   Ready   Un-Ready   Failed   Futile
07/06/26 16:02:34   ===     ===      ===     ===     ===        ===      ===      ===
07/06/26 16:02:34     0       0        1       0       0          4        0        0
07/06/26 16:02:34 0 job proc(s) currently held
07/06/26 16:02:34 DAGMan Runtime Statistics: [EventCycleTimeSum=0.000; SleepCycleTimeSum=0.000; SubmitCycleTimeAvg=0.652; SubmitCycleTimeMax=0.652; SubmitCycleTimeMin=0.652; SubmitCycleTimeStd=0.652; SubmitCycleTimeSum=0.652; EventCycleTimeCount=0.000; SleepCycleTimeCount=0.000; SubmitCycleTimeCount=1.000; LogProcessCycleTimeSum=0.000; LogProcessCycleTimeCount=0.000; ]
07/06/26 16:02:39 Currently monitoring 1 HTCondor log file(s)
07/06/26 16:02:39 Reassigning the id of job COLLECT from (170186.0.0) to (170186.0.0)
07/06/26 16:02:39 Event: ULOG_SUBMIT for HTCondor Node COLLECT (170186.0.0) {07/06/26 16:02:33}
07/06/26 16:02:39 Number of idle job procs: 1
07/06/26 16:02:39 Reassigning the id of job COLLECT from (170186.0.0) to (170186.1.0)
07/06/26 16:02:39 Event: ULOG_SUBMIT for HTCondor Node COLLECT (170186.1.0) {07/06/26 16:02:33}
07/06/26 16:02:39 Number of idle job procs: 2
07/06/26 16:02:39 Reassigning the id of job COLLECT from (170186.1.0) to (170186.10.0)
07/06/26 16:02:39 Event: ULOG_SUBMIT for HTCondor Node COLLECT (170186.10.0) {07/06/26 16:02:33}
07/06/26 16:02:39 Number of idle job procs: 3
07/06/26 16:02:39 Reassigning the id of job COLLECT from (170186.10.0) to (170186.11.0)
07/06/26 16:02:39 Event: ULOG_SUBMIT for HTCondor Node COLLECT (170186.11.0) {07/06/26 16:02:33}
07/06/26 16:02:39 Number of idle job procs: 4
07/06/26 16:02:39 Reassigning the id of job COLLECT from (170186.11.0) to (170186.12.0)
07/06/26 16:02:39 Event: ULOG_SUBMIT for HTCondor Node COLLECT (170186.12.0) {07/06/26 16:02:33}
07/06/26 16:02:39 Number of idle job procs: 5
07/06/26 16:02:39 Reassigning the id of job COLLECT from (170186.12.0) to (170186.13.0)
07/06/26 16:02:39 Event: ULOG_SUBMIT for HTCondor Node COLLECT (170186.13.0) {07/06/26 16:02:33}
07/06/26 16:02:39 Number of idle job procs: 6
07/06/26 16:02:39 Reassigning the id of job COLLECT from (170186.13.0) to (170186.14.0)
07/06/26 16:02:39 Event: ULOG_SUBMIT for HTCondor Node COLLECT (170186.14.0) {07/06/26 16:02:33}
07/06/26 16:02:39 Number of idle job procs: 7
07/06/26 16:02:39 Reassigning the id of job COLLECT from (170186.14.0) to (170186.15.0)
07/06/26 16:02:39 Event: ULOG_SUBMIT for HTCondor Node COLLECT (170186.15.0) {07/06/26 16:02:33}
07/06/26 16:02:39 Number of idle job procs: 8
07/06/26 16:02:39 Reassigning the id of job COLLECT from (170186.15.0) to (170186.16.0)
07/06/26 16:02:39 Event: ULOG_SUBMIT for HTCondor Node COLLECT (170186.16.0) {07/06/26 16:02:33}
07/06/26 16:02:39 Number of idle job procs: 9
07/06/26 16:02:39 Reassigning the id of job COLLECT from (170186.16.0) to (170186.17.0)
07/06/26 16:02:39 Event: ULOG_SUBMIT for HTCondor Node COLLECT (170186.17.0) {07/06/26 16:02:33}
07/06/26 16:02:39 Number of idle job procs: 10
07/06/26 16:02:39 Reassigning the id of job COLLECT from (170186.17.0) to (170186.18.0)
07/06/26 16:02:39 Event: ULOG_SUBMIT for HTCondor Node COLLECT (170186.18.0) {07/06/26 16:02:33}
07/06/26 16:02:39 Number of idle job procs: 11
07/06/26 16:02:39 Reassigning the id of job COLLECT from (170186.18.0) to (170186.19.0)
07/06/26 16:02:39 Event: ULOG_SUBMIT for HTCondor Node COLLECT (170186.19.0) {07/06/26 16:02:33}
07/06/26 16:02:39 Number of idle job procs: 12
07/06/26 16:02:39 Reassigning the id of job COLLECT from (170186.19.0) to (170186.2.0)
07/06/26 16:02:39 Event: ULOG_SUBMIT for HTCondor Node COLLECT (170186.2.0) {07/06/26 16:02:33}
07/06/26 16:02:39 Number of idle job procs: 13
07/06/26 16:02:39 Reassigning the id of job COLLECT from (170186.2.0) to (170186.20.0)
07/06/26 16:02:39 Event: ULOG_SUBMIT for HTCondor Node COLLECT (170186.20.0) {07/06/26 16:02:33}
07/06/26 16:02:39 Number of idle job procs: 14
07/06/26 16:02:39 Reassigning the id of job COLLECT from (170186.20.0) to (170186.21.0)
07/06/26 16:02:39 Event: ULOG_SUBMIT for HTCondor Node COLLECT (170186.21.0) {07/06/26 16:02:33}
07/06/26 16:02:39 Number of idle job procs: 15
07/06/26 16:02:39 Reassigning the id of job COLLECT from (170186.21.0) to (170186.22.0)
07/06/26 16:02:39 Event: ULOG_SUBMIT for HTCondor Node COLLECT (170186.22.0) {07/06/26 16:02:33}
07/06/26 16:02:39 Number of idle job procs: 16
07/06/26 16:02:39 Reassigning the id of job COLLECT from (170186.22.0) to (170186.23.0)
07/06/26 16:02:39 Event: ULOG_SUBMIT for HTCondor Node COLLECT (170186.23.0) {07/06/26 16:02:33}
07/06/26 16:02:39 Number of idle job procs: 17
07/06/26 16:02:39 Reassigning the id of job COLLECT from (170186.23.0) to (170186.24.0)
07/06/26 16:02:39 Event: ULOG_SUBMIT for HTCondor Node COLLECT (170186.24.0) {07/06/26 16:02:33}
07/06/26 16:02:39 Number of idle job procs: 18
07/06/26 16:02:39 Reassigning the id of job COLLECT from (170186.24.0) to (170186.25.0)
07/06/26 16:02:39 Event: ULOG_SUBMIT for HTCondor Node COLLECT (170186.25.0) {07/06/26 16:02:33}
07/06/26 16:02:39 Number of idle job procs: 19
07/06/26 16:02:39 Reassigning the id of job COLLECT from (170186.25.0) to (170186.26.0)
07/06/26 16:02:39 Event: ULOG_SUBMIT for HTCondor Node COLLECT (170186.26.0) {07/06/26 16:02:33}
07/06/26 16:02:39 Number of idle job procs: 20
07/06/26 16:02:39 Reassigning the id of job COLLECT from (170186.26.0) to (170186.27.0)
07/06/26 16:02:39 Event: ULOG_SUBMIT for HTCondor Node COLLECT (170186.27.0) {07/06/26 16:02:33}
07/06/26 16:02:39 Number of idle job procs: 21
07/06/26 16:02:39 Reassigning the id of job COLLECT from (170186.27.0) to (170186.28.0)
07/06/26 16:02:39 Event: ULOG_SUBMIT for HTCondor Node COLLECT (170186.28.0) {07/06/26 16:02:33}
07/06/26 16:02:39 Number of idle job procs: 22
07/06/26 16:02:39 Reassigning the id of job COLLECT from (170186.28.0) to (170186.29.0)
07/06/26 16:02:39 Event: ULOG_SUBMIT for HTCondor Node COLLECT (170186.29.0) {07/06/26 16:02:33}
07/06/26 16:02:39 Number of idle job procs: 23
07/06/26 16:02:39 Reassigning the id of job COLLECT from (170186.29.0) to (170186.3.0)
07/06/26 16:02:39 Event: ULOG_SUBMIT for HTCondor Node COLLECT (170186.3.0) {07/06/26 16:02:33}
07/06/26 16:02:39 Number of idle job procs: 24
07/06/26 16:02:39 Reassigning the id of job COLLECT from (170186.3.0) to (170186.30.0)
07/06/26 16:02:39 Event: ULOG_SUBMIT for HTCondor Node COLLECT (170186.30.0) {07/06/26 16:02:33}
07/06/26 16:02:39 Number of idle job procs: 25
07/06/26 16:02:39 Reassigning the id of job COLLECT from (170186.30.0) to (170186.31.0)
07/06/26 16:02:39 Event: ULOG_SUBMIT for HTCondor Node COLLECT (170186.31.0) {07/06/26 16:02:33}
07/06/26 16:02:39 Number of idle job procs: 26
07/06/26 16:02:39 Reassigning the id of job COLLECT from (170186.31.0) to (170186.32.0)
07/06/26 16:02:39 Event: ULOG_SUBMIT for HTCondor Node COLLECT (170186.32.0) {07/06/26 16:02:33}
07/06/26 16:02:39 Number of idle job procs: 27
07/06/26 16:02:39 Reassigning the id of job COLLECT from (170186.32.0) to (170186.33.0)
07/06/26 16:02:39 Event: ULOG_SUBMIT for HTCondor Node COLLECT (170186.33.0) {07/06/26 16:02:33}
07/06/26 16:02:39 Number of idle job procs: 28
07/06/26 16:02:39 Reassigning the id of job COLLECT from (170186.33.0) to (170186.34.0)
07/06/26 16:02:39 Event: ULOG_SUBMIT for HTCondor Node COLLECT (170186.34.0) {07/06/26 16:02:33}
07/06/26 16:02:39 Number of idle job procs: 29
07/06/26 16:02:39 Reassigning the id of job COLLECT from (170186.34.0) to (170186.35.0)
07/06/26 16:02:39 Event: ULOG_SUBMIT for HTCondor Node COLLECT (170186.35.0) {07/06/26 16:02:33}
07/06/26 16:02:39 Number of idle job procs: 30
07/06/26 16:02:39 Reassigning the id of job COLLECT from (170186.35.0) to (170186.36.0)
07/06/26 16:02:39 Event: ULOG_SUBMIT for HTCondor Node COLLECT (170186.36.0) {07/06/26 16:02:33}
07/06/26 16:02:39 Number of idle job procs: 31
07/06/26 16:02:39 Reassigning the id of job COLLECT from (170186.36.0) to (170186.37.0)
07/06/26 16:02:39 Event: ULOG_SUBMIT for HTCondor Node COLLECT (170186.37.0) {07/06/26 16:02:33}
07/06/26 16:02:39 Number of idle job procs: 32
07/06/26 16:02:39 Reassigning the id of job COLLECT from (170186.37.0) to (170186.38.0)
07/06/26 16:02:39 Event: ULOG_SUBMIT for HTCondor Node COLLECT (170186.38.0) {07/06/26 16:02:33}
07/06/26 16:02:39 Number of idle job procs: 33
07/06/26 16:02:39 Reassigning the id of job COLLECT from (170186.38.0) to (170186.39.0)
07/06/26 16:02:39 Event: ULOG_SUBMIT for HTCondor Node COLLECT (170186.39.0) {07/06/26 16:02:33}
07/06/26 16:02:39 Number of idle job procs: 34
07/06/26 16:02:39 Reassigning the id of job COLLECT from (170186.39.0) to (170186.4.0)
07/06/26 16:02:39 Event: ULOG_SUBMIT for HTCondor Node COLLECT (170186.4.0) {07/06/26 16:02:33}
07/06/26 16:02:39 Number of idle job procs: 35
07/06/26 16:02:39 Reassigning the id of job COLLECT from (170186.4.0) to (170186.5.0)
07/06/26 16:02:39 Event: ULOG_SUBMIT for HTCondor Node COLLECT (170186.5.0) {07/06/26 16:02:33}
07/06/26 16:02:39 Number of idle job procs: 36
07/06/26 16:02:39 Reassigning the id of job COLLECT from (170186.5.0) to (170186.6.0)
07/06/26 16:02:39 Event: ULOG_SUBMIT for HTCondor Node COLLECT (170186.6.0) {07/06/26 16:02:33}
07/06/26 16:02:39 Number of idle job procs: 37
07/06/26 16:02:39 Reassigning the id of job COLLECT from (170186.6.0) to (170186.7.0)
07/06/26 16:02:39 Event: ULOG_SUBMIT for HTCondor Node COLLECT (170186.7.0) {07/06/26 16:02:33}
07/06/26 16:02:39 Number of idle job procs: 38
07/06/26 16:02:39 Reassigning the id of job COLLECT from (170186.7.0) to (170186.8.0)
07/06/26 16:02:39 Event: ULOG_SUBMIT for HTCondor Node COLLECT (170186.8.0) {07/06/26 16:02:33}
07/06/26 16:02:39 Number of idle job procs: 39
07/06/26 16:02:39 Reassigning the id of job COLLECT from (170186.8.0) to (170186.9.0)
07/06/26 16:02:39 Event: ULOG_SUBMIT for HTCondor Node COLLECT (170186.9.0) {07/06/26 16:02:33}
07/06/26 16:02:39 Number of idle job procs: 40
07/06/26 16:09:44 Currently monitoring 1 HTCondor log file(s)
07/06/26 16:09:44 Event: ULOG_EXECUTE for HTCondor Node COLLECT (170186.0.0) {07/06/26 16:09:43}
07/06/26 16:09:44 Number of idle job procs: 39
07/06/26 16:09:49 Currently monitoring 1 HTCondor log file(s)
07/06/26 16:09:49 Event: ULOG_EXECUTE for HTCondor Node COLLECT (170186.1.0) {07/06/26 16:09:46}
07/06/26 16:09:49 Number of idle job procs: 38
07/06/26 16:09:49 Event: ULOG_EXECUTE for HTCondor Node COLLECT (170186.2.0) {07/06/26 16:09:46}
07/06/26 16:09:49 Number of idle job procs: 37
07/06/26 16:09:49 Event: ULOG_EXECUTE for HTCondor Node COLLECT (170186.4.0) {07/06/26 16:09:47}
07/06/26 16:09:49 Number of idle job procs: 36
07/06/26 16:09:49 Event: ULOG_EXECUTE for HTCondor Node COLLECT (170186.3.0) {07/06/26 16:09:47}
07/06/26 16:09:49 Number of idle job procs: 35
07/06/26 16:09:54 Currently monitoring 1 HTCondor log file(s)
07/06/26 16:09:54 Event: ULOG_EXECUTE for HTCondor Node COLLECT (170186.5.0) {07/06/26 16:09:51}
07/06/26 16:09:54 Number of idle job procs: 34
07/06/26 16:09:54 Event: ULOG_EXECUTE for HTCondor Node COLLECT (170186.6.0) {07/06/26 16:09:53}
07/06/26 16:09:54 Number of idle job procs: 33
07/06/26 16:10:09 Currently monitoring 1 HTCondor log file(s)
07/06/26 16:10:09 Event: ULOG_EXECUTE for HTCondor Node COLLECT (170186.7.0) {07/06/26 16:10:06}
07/06/26 16:10:09 Number of idle job procs: 32
07/06/26 16:10:54 Currently monitoring 1 HTCondor log file(s)
07/06/26 16:10:54 Event: ULOG_EXECUTE for HTCondor Node COLLECT (170186.8.0) {07/06/26 16:10:54}
07/06/26 16:10:54 Number of idle job procs: 31
07/06/26 16:11:04 Currently monitoring 1 HTCondor log file(s)
07/06/26 16:11:04 Event: ULOG_EXECUTE for HTCondor Node COLLECT (170186.9.0) {07/06/26 16:10:59}
07/06/26 16:11:04 Number of idle job procs: 30
07/06/26 16:11:24 Currently monitoring 1 HTCondor log file(s)
07/06/26 16:11:24 Event: ULOG_EXECUTE for HTCondor Node COLLECT (170186.10.0) {07/06/26 16:11:21}
07/06/26 16:11:24 Number of idle job procs: 29
07/06/26 16:11:24 Event: ULOG_EXECUTE for HTCondor Node COLLECT (170186.11.0) {07/06/26 16:11:21}
07/06/26 16:11:24 Number of idle job procs: 28
07/06/26 16:11:24 Event: ULOG_EXECUTE for HTCondor Node COLLECT (170186.12.0) {07/06/26 16:11:21}
07/06/26 16:11:24 Number of idle job procs: 27
07/06/26 16:11:24 Event: ULOG_EXECUTE for HTCondor Node COLLECT (170186.13.0) {07/06/26 16:11:21}
07/06/26 16:11:24 Number of idle job procs: 26
07/06/26 16:11:24 Event: ULOG_EXECUTE for HTCondor Node COLLECT (170186.14.0) {07/06/26 16:11:23}
07/06/26 16:11:24 Number of idle job procs: 25
07/06/26 16:11:29 Currently monitoring 1 HTCondor log file(s)
07/06/26 16:11:29 Event: ULOG_EXECUTE for HTCondor Node COLLECT (170186.15.0) {07/06/26 16:11:25}
07/06/26 16:11:29 Number of idle job procs: 24
07/06/26 16:11:39 Currently monitoring 1 HTCondor log file(s)
07/06/26 16:11:39 Event: ULOG_EXECUTE for HTCondor Node COLLECT (170186.16.0) {07/06/26 16:11:39}
07/06/26 16:11:39 Number of idle job procs: 23
07/06/26 16:12:14 Currently monitoring 1 HTCondor log file(s)
07/06/26 16:12:14 Event: ULOG_EXECUTE for HTCondor Node COLLECT (170186.17.0) {07/06/26 16:12:11}
07/06/26 16:12:14 Number of idle job procs: 22
07/06/26 16:12:29 Currently monitoring 1 HTCondor log file(s)
07/06/26 16:12:29 Event: ULOG_EXECUTE for HTCondor Node COLLECT (170186.18.0) {07/06/26 16:12:26}
07/06/26 16:12:29 Number of idle job procs: 21
07/06/26 16:12:39 Currently monitoring 1 HTCondor log file(s)
07/06/26 16:12:39 Event: ULOG_EXECUTE for HTCondor Node COLLECT (170186.19.0) {07/06/26 16:12:38}
07/06/26 16:12:39 Number of idle job procs: 20
07/06/26 16:12:44 Currently monitoring 1 HTCondor log file(s)
07/06/26 16:12:44 Event: ULOG_EXECUTE for HTCondor Node COLLECT (170186.20.0) {07/06/26 16:12:41}
07/06/26 16:12:44 Number of idle job procs: 19
07/06/26 16:14:09 Currently monitoring 1 HTCondor log file(s)
07/06/26 16:14:09 Event: ULOG_JOB_TERMINATED for HTCondor Node COLLECT (170186.0.0) {07/06/26 16:14:05}
07/06/26 16:14:09 Number of idle job procs: 19
07/06/26 16:14:09 Node COLLECT job proc (170186.0.0) completed successfully.
07/06/26 16:14:09 Event: ULOG_EXECUTE for HTCondor Node COLLECT (170186.21.0) {07/06/26 16:14:07}
07/06/26 16:14:09 Number of idle job procs: 18
07/06/26 16:14:19 Currently monitoring 1 HTCondor log file(s)
07/06/26 16:14:19 Event: ULOG_EXECUTE for HTCondor Node COLLECT (170186.22.0) {07/06/26 16:14:18}
07/06/26 16:14:19 Number of idle job procs: 17
07/06/26 16:14:24 Currently monitoring 1 HTCondor log file(s)
07/06/26 16:14:24 Event: ULOG_JOB_TERMINATED for HTCondor Node COLLECT (170186.4.0) {07/06/26 16:14:23}
07/06/26 16:14:24 Number of idle job procs: 17
07/06/26 16:14:24 Node COLLECT job proc (170186.4.0) completed successfully.
07/06/26 16:14:24 Event: ULOG_EXECUTE for HTCondor Node COLLECT (170186.23.0) {07/06/26 16:14:24}
07/06/26 16:14:24 Number of idle job procs: 16
07/06/26 16:14:29 Currently monitoring 1 HTCondor log file(s)
07/06/26 16:14:29 Event: ULOG_JOB_TERMINATED for HTCondor Node COLLECT (170186.2.0) {07/06/26 16:14:24}
07/06/26 16:14:29 Number of idle job procs: 16
07/06/26 16:14:29 Node COLLECT job proc (170186.2.0) completed successfully.
07/06/26 16:14:29 Event: ULOG_EXECUTE for HTCondor Node COLLECT (170186.24.0) {07/06/26 16:14:26}
07/06/26 16:14:29 Number of idle job procs: 15
07/06/26 16:14:29 Event: ULOG_JOB_TERMINATED for HTCondor Node COLLECT (170186.5.0) {07/06/26 16:14:29}
07/06/26 16:14:29 Number of idle job procs: 15
07/06/26 16:14:29 Node COLLECT job proc (170186.5.0) completed successfully.
07/06/26 16:14:29 Event: ULOG_JOB_TERMINATED for HTCondor Node COLLECT (170186.1.0) {07/06/26 16:14:29}
07/06/26 16:14:29 Number of idle job procs: 15
07/06/26 16:14:29 Node COLLECT job proc (170186.1.0) completed successfully.
07/06/26 16:14:34 Currently monitoring 1 HTCondor log file(s)
07/06/26 16:14:34 Event: ULOG_EXECUTE for HTCondor Node COLLECT (170186.25.0) {07/06/26 16:14:30}
07/06/26 16:14:34 Number of idle job procs: 14
07/06/26 16:14:34 Event: ULOG_EXECUTE for HTCondor Node COLLECT (170186.26.0) {07/06/26 16:14:30}
07/06/26 16:14:34 Number of idle job procs: 13
07/06/26 16:14:39 Currently monitoring 1 HTCondor log file(s)
07/06/26 16:14:39 Event: ULOG_EXECUTE for HTCondor Node COLLECT (170186.27.0) {07/06/26 16:14:37}
07/06/26 16:14:39 Number of idle job procs: 12
07/06/26 16:14:39 Event: ULOG_JOB_TERMINATED for HTCondor Node COLLECT (170186.6.0) {07/06/26 16:14:39}
07/06/26 16:14:39 Number of idle job procs: 12
07/06/26 16:14:39 Node COLLECT job proc (170186.6.0) completed successfully.
07/06/26 16:14:44 Currently monitoring 1 HTCondor log file(s)
07/06/26 16:14:44 Event: ULOG_EXECUTE for HTCondor Node COLLECT (170186.28.0) {07/06/26 16:14:40}
07/06/26 16:14:44 Number of idle job procs: 11
07/06/26 16:14:44 Event: ULOG_JOB_TERMINATED for HTCondor Node COLLECT (170186.3.0) {07/06/26 16:14:41}
07/06/26 16:14:44 Number of idle job procs: 11
07/06/26 16:14:44 Node COLLECT job proc (170186.3.0) completed successfully.
07/06/26 16:14:44 Event: ULOG_EXECUTE for HTCondor Node COLLECT (170186.29.0) {07/06/26 16:14:43}
07/06/26 16:14:44 Number of idle job procs: 10
07/06/26 16:15:29 Currently monitoring 1 HTCondor log file(s)
07/06/26 16:15:29 Event: ULOG_JOB_TERMINATED for HTCondor Node COLLECT (170186.7.0) {07/06/26 16:15:25}
07/06/26 16:15:29 Number of idle job procs: 10
07/06/26 16:15:29 Node COLLECT job proc (170186.7.0) completed successfully.
07/06/26 16:15:29 Event: ULOG_EXECUTE for HTCondor Node COLLECT (170186.30.0) {07/06/26 16:15:27}
07/06/26 16:15:29 Number of idle job procs: 9
07/06/26 16:16:35 Currently monitoring 1 HTCondor log file(s)
07/06/26 16:16:35 Event: ULOG_JOB_TERMINATED for HTCondor Node COLLECT (170186.8.0) {07/06/26 16:16:34}
07/06/26 16:16:35 Number of idle job procs: 9
07/06/26 16:16:35 Node COLLECT job proc (170186.8.0) completed successfully.
07/06/26 16:16:40 Currently monitoring 1 HTCondor log file(s)
07/06/26 16:16:40 Event: ULOG_EXECUTE for HTCondor Node COLLECT (170186.31.0) {07/06/26 16:16:35}
07/06/26 16:16:40 Number of idle job procs: 8
07/06/26 16:16:45 Currently monitoring 1 HTCondor log file(s)
07/06/26 16:16:45 Event: ULOG_JOB_TERMINATED for HTCondor Node COLLECT (170186.16.0) {07/06/26 16:16:42}
07/06/26 16:16:45 Number of idle job procs: 8
07/06/26 16:16:45 Node COLLECT job proc (170186.16.0) completed successfully.
07/06/26 16:16:45 Event: ULOG_EXECUTE for HTCondor Node COLLECT (170186.32.0) {07/06/26 16:16:43}
07/06/26 16:16:45 Number of idle job procs: 7
07/06/26 16:16:45 Event: ULOG_JOB_TERMINATED for HTCondor Node COLLECT (170186.9.0) {07/06/26 16:16:44}
07/06/26 16:16:45 Number of idle job procs: 7
07/06/26 16:16:45 Node COLLECT job proc (170186.9.0) completed successfully.
07/06/26 16:16:50 Currently monitoring 1 HTCondor log file(s)
07/06/26 16:16:50 Event: ULOG_EXECUTE for HTCondor Node COLLECT (170186.33.0) {07/06/26 16:16:45}
07/06/26 16:16:50 Number of idle job procs: 6
07/06/26 16:17:00 Currently monitoring 1 HTCondor log file(s)
07/06/26 16:17:00 Event: ULOG_JOB_TERMINATED for HTCondor Node COLLECT (170186.18.0) {07/06/26 16:16:56}
07/06/26 16:17:00 Number of idle job procs: 6
07/06/26 16:17:00 Node COLLECT job proc (170186.18.0) completed successfully.
07/06/26 16:17:00 Event: ULOG_EXECUTE for HTCondor Node COLLECT (170186.34.0) {07/06/26 16:16:57}
07/06/26 16:17:00 Number of idle job procs: 5
07/06/26 16:17:15 Currently monitoring 1 HTCondor log file(s)
07/06/26 16:17:15 Event: ULOG_JOB_TERMINATED for HTCondor Node COLLECT (170186.15.0) {07/06/26 16:17:11}
07/06/26 16:17:15 Number of idle job procs: 5
07/06/26 16:17:15 Node COLLECT job proc (170186.15.0) completed successfully.
07/06/26 16:17:15 Event: ULOG_EXECUTE for HTCondor Node COLLECT (170186.35.0) {07/06/26 16:17:13}
07/06/26 16:17:15 Number of idle job procs: 4
07/06/26 16:17:20 Currently monitoring 1 HTCondor log file(s)
07/06/26 16:17:20 Event: ULOG_JOB_TERMINATED for HTCondor Node COLLECT (170186.20.0) {07/06/26 16:17:18}
07/06/26 16:17:20 Number of idle job procs: 4
07/06/26 16:17:20 Node COLLECT job proc (170186.20.0) completed successfully.
07/06/26 16:17:20 Event: ULOG_JOB_TERMINATED for HTCondor Node COLLECT (170186.17.0) {07/06/26 16:17:19}
07/06/26 16:17:20 Number of idle job procs: 4
07/06/26 16:17:20 Node COLLECT job proc (170186.17.0) completed successfully.
07/06/26 16:17:20 Event: ULOG_EXECUTE for HTCondor Node COLLECT (170186.36.0) {07/06/26 16:17:19}
07/06/26 16:17:20 Number of idle job procs: 3
07/06/26 16:17:25 Currently monitoring 1 HTCondor log file(s)
07/06/26 16:17:25 Event: ULOG_EXECUTE for HTCondor Node COLLECT (170186.37.0) {07/06/26 16:17:20}
07/06/26 16:17:25 Number of idle job procs: 2
07/06/26 16:17:25 Event: ULOG_JOB_TERMINATED for HTCondor Node COLLECT (170186.19.0) {07/06/26 16:17:22}
07/06/26 16:17:25 Number of idle job procs: 2
07/06/26 16:17:25 Node COLLECT job proc (170186.19.0) completed successfully.
07/06/26 16:17:25 Event: ULOG_EXECUTE for HTCondor Node COLLECT (170186.38.0) {07/06/26 16:17:23}
07/06/26 16:17:25 Number of idle job procs: 1
07/06/26 16:17:35 Total jobs placed to AP: 40
07/06/26 16:17:35      Idle     Held     Running     Successful     Failed
07/06/26 16:17:35       ===      ===         ===            ===        ===
07/06/26 16:17:35         1        0          23             16          0
07/06/26 16:18:25 Currently monitoring 1 HTCondor log file(s)
07/06/26 16:18:25 Event: ULOG_JOB_TERMINATED for HTCondor Node COLLECT (170186.21.0) {07/06/26 16:18:24}
07/06/26 16:18:25 Number of idle job procs: 1
07/06/26 16:18:25 Node COLLECT job proc (170186.21.0) completed successfully.
07/06/26 16:18:30 Currently monitoring 1 HTCondor log file(s)
07/06/26 16:18:30 Event: ULOG_EXECUTE for HTCondor Node COLLECT (170186.39.0) {07/06/26 16:18:25}
07/06/26 16:18:30 Number of idle job procs: 0
07/06/26 16:18:50 Currently monitoring 1 HTCondor log file(s)
07/06/26 16:18:50 Event: ULOG_JOB_TERMINATED for HTCondor Node COLLECT (170186.23.0) {07/06/26 16:18:46}
07/06/26 16:18:50 Number of idle job procs: 0
07/06/26 16:18:50 Node COLLECT job proc (170186.23.0) completed successfully.
07/06/26 16:19:00 Currently monitoring 1 HTCondor log file(s)
07/06/26 16:19:00 Event: ULOG_JOB_TERMINATED for HTCondor Node COLLECT (170186.24.0) {07/06/26 16:18:59}
07/06/26 16:19:00 Number of idle job procs: 0
07/06/26 16:19:00 Node COLLECT job proc (170186.24.0) completed successfully.
07/06/26 16:19:15 Currently monitoring 1 HTCondor log file(s)
07/06/26 16:19:15 Event: ULOG_JOB_TERMINATED for HTCondor Node COLLECT (170186.26.0) {07/06/26 16:19:14}
07/06/26 16:19:15 Number of idle job procs: 0
07/06/26 16:19:15 Node COLLECT job proc (170186.26.0) completed successfully.
07/06/26 16:19:20 Currently monitoring 1 HTCondor log file(s)
07/06/26 16:19:20 Event: ULOG_JOB_TERMINATED for HTCondor Node COLLECT (170186.25.0) {07/06/26 16:19:17}
07/06/26 16:19:20 Number of idle job procs: 0
07/06/26 16:19:20 Node COLLECT job proc (170186.25.0) completed successfully.
07/06/26 16:19:25 Currently monitoring 1 HTCondor log file(s)
07/06/26 16:19:25 Event: ULOG_JOB_TERMINATED for HTCondor Node COLLECT (170186.13.0) {07/06/26 16:19:23}
07/06/26 16:19:25 Number of idle job procs: 0
07/06/26 16:19:25 Node COLLECT job proc (170186.13.0) completed successfully.
07/06/26 16:19:30 Currently monitoring 1 HTCondor log file(s)
07/06/26 16:19:30 Event: ULOG_JOB_TERMINATED for HTCondor Node COLLECT (170186.28.0) {07/06/26 16:19:26}
07/06/26 16:19:30 Number of idle job procs: 0
07/06/26 16:19:30 Node COLLECT job proc (170186.28.0) completed successfully.
07/06/26 16:19:30 Event: ULOG_JOB_TERMINATED for HTCondor Node COLLECT (170186.29.0) {07/06/26 16:19:27}
07/06/26 16:19:30 Number of idle job procs: 0
07/06/26 16:19:30 Node COLLECT job proc (170186.29.0) completed successfully.
07/06/26 16:19:35 Currently monitoring 1 HTCondor log file(s)
07/06/26 16:19:35 Event: ULOG_JOB_TERMINATED for HTCondor Node COLLECT (170186.11.0) {07/06/26 16:19:32}
07/06/26 16:19:35 Number of idle job procs: 0
07/06/26 16:19:35 Node COLLECT job proc (170186.11.0) completed successfully.
07/06/26 16:19:35 Event: ULOG_JOB_TERMINATED for HTCondor Node COLLECT (170186.10.0) {07/06/26 16:19:32}
07/06/26 16:19:35 Number of idle job procs: 0
07/06/26 16:19:35 Node COLLECT job proc (170186.10.0) completed successfully.
07/06/26 16:20:35 Currently monitoring 1 HTCondor log file(s)
07/06/26 16:20:35 Event: ULOG_JOB_TERMINATED for HTCondor Node COLLECT (170186.30.0) {07/06/26 16:20:33}
07/06/26 16:20:35 Number of idle job procs: 0
07/06/26 16:20:35 Node COLLECT job proc (170186.30.0) completed successfully.
07/06/26 16:21:15 Currently monitoring 1 HTCondor log file(s)
07/06/26 16:21:15 Event: ULOG_JOB_TERMINATED for HTCondor Node COLLECT (170186.34.0) {07/06/26 16:21:11}
07/06/26 16:21:15 Number of idle job procs: 0
07/06/26 16:21:15 Node COLLECT job proc (170186.34.0) completed successfully.
07/06/26 16:21:55 Currently monitoring 1 HTCondor log file(s)
07/06/26 16:21:55 Event: ULOG_JOB_TERMINATED for HTCondor Node COLLECT (170186.36.0) {07/06/26 16:21:51}
07/06/26 16:21:55 Number of idle job procs: 0
07/06/26 16:21:55 Node COLLECT job proc (170186.36.0) completed successfully.
07/06/26 16:22:05 Currently monitoring 1 HTCondor log file(s)
07/06/26 16:22:05 Event: ULOG_JOB_TERMINATED for HTCondor Node COLLECT (170186.38.0) {07/06/26 16:22:01}
07/06/26 16:22:05 Number of idle job procs: 0
07/06/26 16:22:05 Node COLLECT job proc (170186.38.0) completed successfully.
07/06/26 16:22:05 Event: ULOG_JOB_TERMINATED for HTCondor Node COLLECT (170186.12.0) {07/06/26 16:22:05}
07/06/26 16:22:05 Number of idle job procs: 0
07/06/26 16:22:05 Node COLLECT job proc (170186.12.0) completed successfully.
07/06/26 16:22:05 Event: ULOG_JOB_TERMINATED for HTCondor Node COLLECT (170186.14.0) {07/06/26 16:22:05}
07/06/26 16:22:05 Number of idle job procs: 0
07/06/26 16:22:05 Node COLLECT job proc (170186.14.0) completed successfully.
07/06/26 16:22:10 Currently monitoring 1 HTCondor log file(s)
07/06/26 16:22:20 Currently monitoring 1 HTCondor log file(s)
07/06/26 16:22:20 Event: ULOG_JOB_TERMINATED for HTCondor Node COLLECT (170186.32.0) {07/06/26 16:22:16}
07/06/26 16:22:20 Number of idle job procs: 0
07/06/26 16:22:20 Node COLLECT job proc (170186.32.0) completed successfully.
07/06/26 16:22:20 Event: ULOG_JOB_TERMINATED for HTCondor Node COLLECT (170186.22.0) {07/06/26 16:22:19}
07/06/26 16:22:20 Number of idle job procs: 0
07/06/26 16:22:20 Node COLLECT job proc (170186.22.0) completed successfully.
07/06/26 16:22:25 Currently monitoring 1 HTCondor log file(s)
07/06/26 16:22:25 Event: ULOG_JOB_TERMINATED for HTCondor Node COLLECT (170186.27.0) {07/06/26 16:22:21}
07/06/26 16:22:25 Number of idle job procs: 0
07/06/26 16:22:25 Node COLLECT job proc (170186.27.0) completed successfully.
07/06/26 16:22:50 Currently monitoring 1 HTCondor log file(s)
07/06/26 16:22:50 Event: ULOG_JOB_TERMINATED for HTCondor Node COLLECT (170186.39.0) {07/06/26 16:22:46}
07/06/26 16:22:50 Number of idle job procs: 0
07/06/26 16:22:50 Node COLLECT job proc (170186.39.0) completed successfully.
07/06/26 16:22:50 Event: ULOG_JOB_TERMINATED for HTCondor Node COLLECT (170186.33.0) {07/06/26 16:22:47}
07/06/26 16:22:50 Number of idle job procs: 0
07/06/26 16:22:50 Node COLLECT job proc (170186.33.0) completed successfully.
07/06/26 16:23:25 Currently monitoring 1 HTCondor log file(s)
07/06/26 16:23:25 Event: ULOG_JOB_TERMINATED for HTCondor Node COLLECT (170186.37.0) {07/06/26 16:23:20}
07/06/26 16:23:25 Number of idle job procs: 0
07/06/26 16:23:25 Node COLLECT job proc (170186.37.0) completed successfully.
07/06/26 16:23:25 Event: ULOG_JOB_TERMINATED for HTCondor Node COLLECT (170186.31.0) {07/06/26 16:23:20}
07/06/26 16:23:25 Number of idle job procs: 0
07/06/26 16:23:25 Node COLLECT job proc (170186.31.0) completed successfully.
07/06/26 16:25:55 Currently monitoring 1 HTCondor log file(s)
07/06/26 16:25:55 Event: ULOG_JOB_TERMINATED for HTCondor Node COLLECT (170186.35.0) {07/06/26 16:25:54}
07/06/26 16:25:55 Number of idle job procs: 0
07/06/26 16:25:55 Node COLLECT job proc (170186.35.0) completed successfully.
07/06/26 16:25:55 Node COLLECT job(s) have exited the queue
07/06/26 16:25:55 DAG status: 0 (DAG_STATUS_OK)
07/06/26 16:25:55 Of 5 nodes total:
07/06/26 16:25:55  Done     Pre   Queued    Post   Ready   Un-Ready   Failed   Futile
07/06/26 16:25:55   ===     ===      ===     ===     ===        ===      ===      ===
07/06/26 16:25:55     1       0        0       0       1          3        0        0
07/06/26 16:25:55 0 job proc(s) currently held
07/06/26 16:25:55 DAGMan Runtime Statistics: [EventCycleTimeAvg=0.003; EventCycleTimeMax=0.657; EventCycleTimeMin=0.000; EventCycleTimeStd=0.040; EventCycleTimeSum=0.973; SleepCycleTimeAvg=5.004; SleepCycleTimeMax=5.040; SleepCycleTimeMin=5.001; SleepCycleTimeStd=0.003; SleepCycleTimeSum=1401.196; SubmitCycleTimeAvg=0.002; SubmitCycleTimeMax=0.652; SubmitCycleTimeMin=0.000; SubmitCycleTimeStd=0.039; SubmitCycleTimeSum=0.652; EventCycleTimeCount=280.000; SleepCycleTimeCount=280.000; SubmitCycleTimeCount=281.000; LogProcessCycleTimeAvg=0.005; LogProcessCycleTimeMax=0.085; LogProcessCycleTimeMin=0.001; LogProcessCycleTimeStd=0.012; LogProcessCycleTimeSum=0.262; LogProcessCycleTimeCount=49.000; ]
07/06/26 16:26:00 Submitting HTCondor Node MERGE_COLLECTION job(s)...
07/06/26 16:26:00 Submitting node MERGE_COLLECTION from file transport_linetrack_20_10_action_shield_merge_collection.sub using direct job submission
07/06/26 16:26:00 	assigned HTCondor ID (170202.0.0)
07/06/26 16:26:00 Just submitted 1 job this cycle...
07/06/26 16:26:00 DAG status: 0 (DAG_STATUS_OK)
07/06/26 16:26:00 Of 5 nodes total:
07/06/26 16:26:00  Done     Pre   Queued    Post   Ready   Un-Ready   Failed   Futile
07/06/26 16:26:00   ===     ===      ===     ===     ===        ===      ===      ===
07/06/26 16:26:00     1       0        1       0       0          3        0        0
07/06/26 16:26:00 0 job proc(s) currently held
07/06/26 16:26:00 DAGMan Runtime Statistics: [EventCycleTimeAvg=0.003; EventCycleTimeMax=0.657; EventCycleTimeMin=0.000; EventCycleTimeStd=0.040; EventCycleTimeSum=0.980; SleepCycleTimeAvg=5.004; SleepCycleTimeMax=5.040; SleepCycleTimeMin=5.001; SleepCycleTimeStd=0.003; SleepCycleTimeSum=1406.201; SubmitCycleTimeAvg=0.002; SubmitCycleTimeMax=0.652; SubmitCycleTimeMin=0.000; SubmitCycleTimeStd=0.039; SubmitCycleTimeSum=0.664; EventCycleTimeCount=281.000; SleepCycleTimeCount=281.000; SubmitCycleTimeCount=282.000; LogProcessCycleTimeAvg=0.005; LogProcessCycleTimeMax=0.085; LogProcessCycleTimeMin=0.001; LogProcessCycleTimeStd=0.012; LogProcessCycleTimeSum=0.262; LogProcessCycleTimeCount=49.000; ]
07/06/26 16:26:05 Currently monitoring 1 HTCondor log file(s)
07/06/26 16:26:05 Reassigning the id of job MERGE_COLLECTION from (170202.0.0) to (170202.0.0)
07/06/26 16:26:05 Event: ULOG_SUBMIT for HTCondor Node MERGE_COLLECTION (170202.0.0) {07/06/26 16:26:00}
07/06/26 16:26:05 Number of idle job procs: 1
07/06/26 16:32:35 Total jobs placed to AP: 41
07/06/26 16:32:35      Idle     Held     Running     Successful     Failed
07/06/26 16:32:35       ===      ===         ===            ===        ===
07/06/26 16:32:35         1        0           0             40          0
07/06/26 16:36:06 601 seconds since last log event
07/06/26 16:36:06 Pending DAG nodes:
07/06/26 16:36:06   Node MERGE_COLLECTION, HTCondor ID 170202, status STATUS_SUBMITTED
07/06/26 16:46:06 1201 seconds since last log event
07/06/26 16:46:06 Pending DAG nodes:
07/06/26 16:46:06   Node MERGE_COLLECTION, HTCondor ID 170202, status STATUS_SUBMITTED
07/06/26 16:47:36 Total jobs placed to AP: 41
07/06/26 16:47:36      Idle     Held     Running     Successful     Failed
07/06/26 16:47:36       ===      ===         ===            ===        ===
07/06/26 16:47:36         1        0           0             40          0
07/06/26 16:56:07 1802 seconds since last log event
07/06/26 16:56:07 Pending DAG nodes:
07/06/26 16:56:07   Node MERGE_COLLECTION, HTCondor ID 170202, status STATUS_SUBMITTED
07/06/26 17:02:37 Total jobs placed to AP: 41
07/06/26 17:02:37      Idle     Held     Running     Successful     Failed
07/06/26 17:02:37       ===      ===         ===            ===        ===
07/06/26 17:02:37         1        0           0             40          0
07/06/26 17:06:07 2402 seconds since last log event
07/06/26 17:06:07 Pending DAG nodes:
07/06/26 17:06:07   Node MERGE_COLLECTION, HTCondor ID 170202, status STATUS_SUBMITTED
07/06/26 17:13:08 Currently monitoring 1 HTCondor log file(s)
07/06/26 17:13:08 Event: ULOG_EXECUTE for HTCondor Node MERGE_COLLECTION (170202.0.0) {07/06/26 17:13:04}
07/06/26 17:13:08 Number of idle job procs: 0
07/06/26 17:17:38 Total jobs placed to AP: 41
07/06/26 17:17:38      Idle     Held     Running     Successful     Failed
07/06/26 17:17:38       ===      ===         ===            ===        ===
07/06/26 17:17:38         0        0           1             40          0
07/06/26 17:23:08 600 seconds since last log event
07/06/26 17:23:08 Pending DAG nodes:
07/06/26 17:23:08   Node MERGE_COLLECTION, HTCondor ID 170202, status STATUS_SUBMITTED
07/06/26 17:32:39 Total jobs placed to AP: 41
07/06/26 17:32:39      Idle     Held     Running     Successful     Failed
07/06/26 17:32:39       ===      ===         ===            ===        ===
07/06/26 17:32:39         0        0           1             40          0
07/06/26 17:33:09 1201 seconds since last log event
07/06/26 17:33:09 Pending DAG nodes:
07/06/26 17:33:09   Node MERGE_COLLECTION, HTCondor ID 170202, status STATUS_SUBMITTED
07/06/26 17:43:10 1802 seconds since last log event
07/06/26 17:43:10 Pending DAG nodes:
07/06/26 17:43:10   Node MERGE_COLLECTION, HTCondor ID 170202, status STATUS_SUBMITTED
07/06/26 17:45:40 Currently monitoring 1 HTCondor log file(s)
07/06/26 17:45:40 Event: ULOG_JOB_TERMINATED for HTCondor Node MERGE_COLLECTION (170202.0.0) {07/06/26 17:45:35}
07/06/26 17:45:40 Number of idle job procs: 0
07/06/26 17:45:40 Node MERGE_COLLECTION job proc (170202.0.0) completed successfully.
07/06/26 17:45:40 Node MERGE_COLLECTION job(s) have exited the queue
07/06/26 17:45:40 DAG status: 0 (DAG_STATUS_OK)
07/06/26 17:45:40 Of 5 nodes total:
07/06/26 17:45:40  Done     Pre   Queued    Post   Ready   Un-Ready   Failed   Futile
07/06/26 17:45:40   ===     ===      ===     ===     ===        ===      ===      ===
07/06/26 17:45:40     2       0        0       0       1          2        0        0
07/06/26 17:45:40 0 job proc(s) currently held
07/06/26 17:45:40 DAGMan Runtime Statistics: [EventCycleTimeAvg=0.001; EventCycleTimeMax=0.657; EventCycleTimeMin=0.000; EventCycleTimeStd=0.019; EventCycleTimeSum=1.377; SleepCycleTimeAvg=5.004; SleepCycleTimeMax=5.040; SleepCycleTimeMin=5.000; SleepCycleTimeStd=0.003; SleepCycleTimeSum=6185.520; SubmitCycleTimeAvg=0.001; SubmitCycleTimeMax=0.652; SubmitCycleTimeMin=0.000; SubmitCycleTimeStd=0.019; SubmitCycleTimeSum=0.664; EventCycleTimeCount=1236.000; SleepCycleTimeCount=1236.000; SubmitCycleTimeCount=1237.000; LogProcessCycleTimeAvg=0.005; LogProcessCycleTimeMax=0.085; LogProcessCycleTimeMin=0.001; LogProcessCycleTimeStd=0.011; LogProcessCycleTimeSum=0.270; LogProcessCycleTimeCount=52.000; ]
07/06/26 17:45:45 Submitting HTCondor Node TRAIN job(s)...
07/06/26 17:45:45 Submitting node TRAIN from file transport_linetrack_20_10_action_shield_train.sub using direct job submission
07/06/26 17:45:45 	assigned HTCondor ID (170229.0.0)
07/06/26 17:45:45 Just submitted 1 job this cycle...
07/06/26 17:45:45 DAG status: 0 (DAG_STATUS_OK)
07/06/26 17:45:45 Of 5 nodes total:
07/06/26 17:45:45  Done     Pre   Queued    Post   Ready   Un-Ready   Failed   Futile
07/06/26 17:45:45   ===     ===      ===     ===     ===        ===      ===      ===
07/06/26 17:45:45     2       0        1       0       0          2        0        0
07/06/26 17:45:45 0 job proc(s) currently held
07/06/26 17:45:45 DAGMan Runtime Statistics: [EventCycleTimeAvg=0.001; EventCycleTimeMax=0.657; EventCycleTimeMin=0.000; EventCycleTimeStd=0.019; EventCycleTimeSum=1.383; SleepCycleTimeAvg=5.004; SleepCycleTimeMax=5.040; SleepCycleTimeMin=5.000; SleepCycleTimeStd=0.003; SleepCycleTimeSum=6190.521; SubmitCycleTimeAvg=0.001; SubmitCycleTimeMax=0.652; SubmitCycleTimeMin=0.000; SubmitCycleTimeStd=0.019; SubmitCycleTimeSum=0.681; EventCycleTimeCount=1237.000; SleepCycleTimeCount=1237.000; SubmitCycleTimeCount=1238.000; LogProcessCycleTimeAvg=0.005; LogProcessCycleTimeMax=0.085; LogProcessCycleTimeMin=0.001; LogProcessCycleTimeStd=0.011; LogProcessCycleTimeSum=0.270; LogProcessCycleTimeCount=52.000; ]
07/06/26 17:45:50 Currently monitoring 1 HTCondor log file(s)
07/06/26 17:45:50 Reassigning the id of job TRAIN from (170229.0.0) to (170229.0.0)
07/06/26 17:45:50 Event: ULOG_SUBMIT for HTCondor Node TRAIN (170229.0.0) {07/06/26 17:45:45}
07/06/26 17:45:50 Number of idle job procs: 1
07/06/26 17:45:50 Event: ULOG_EXECUTE for HTCondor Node TRAIN (170229.0.0) {07/06/26 17:45:46}
07/06/26 17:45:50 Number of idle job procs: 0
07/06/26 17:47:40 Total jobs placed to AP: 42
07/06/26 17:47:40      Idle     Held     Running     Successful     Failed
07/06/26 17:47:40       ===      ===         ===            ===        ===
07/06/26 17:47:40         0        0           1             41          0
07/06/26 17:55:20 Currently monitoring 1 HTCondor log file(s)
07/06/26 17:55:20 Event: ULOG_JOB_TERMINATED for HTCondor Node TRAIN (170229.0.0) {07/06/26 17:55:20}
07/06/26 17:55:20 Number of idle job procs: 0
07/06/26 17:55:20 Node TRAIN job proc (170229.0.0) completed successfully.
07/06/26 17:55:20 Node TRAIN job(s) have exited the queue
07/06/26 17:55:20 DAG status: 0 (DAG_STATUS_OK)
07/06/26 17:55:20 Of 5 nodes total:
07/06/26 17:55:20  Done     Pre   Queued    Post   Ready   Un-Ready   Failed   Futile
07/06/26 17:55:20   ===     ===      ===     ===     ===        ===      ===      ===
07/06/26 17:55:20     3       0        0       0       1          1        0        0
07/06/26 17:55:20 0 job proc(s) currently held
07/06/26 17:55:20 DAGMan Runtime Statistics: [EventCycleTimeAvg=0.001; EventCycleTimeMax=0.657; EventCycleTimeMin=0.000; EventCycleTimeStd=0.018; EventCycleTimeSum=1.454; SleepCycleTimeAvg=5.005; SleepCycleTimeMax=5.040; SleepCycleTimeMin=5.000; SleepCycleTimeStd=0.003; SleepCycleTimeSum=6766.087; SubmitCycleTimeAvg=0.001; SubmitCycleTimeMax=0.652; SubmitCycleTimeMin=0.000; SubmitCycleTimeStd=0.018; SubmitCycleTimeSum=0.681; EventCycleTimeCount=1352.000; SleepCycleTimeCount=1352.000; SubmitCycleTimeCount=1353.000; LogProcessCycleTimeAvg=0.005; LogProcessCycleTimeMax=0.085; LogProcessCycleTimeMin=0.001; LogProcessCycleTimeStd=0.011; LogProcessCycleTimeSum=0.283; LogProcessCycleTimeCount=54.000; ]
07/06/26 17:55:26 Submitting HTCondor Node EVALUATE job(s)...
07/06/26 17:55:26 Submitting node EVALUATE from file transport_linetrack_20_10_action_shield_evaluate.sub using direct job submission
07/06/26 17:55:26 	assigned HTCondor ID (170238.0.0)
07/06/26 17:55:26 Just submitted 1 job this cycle...
07/06/26 17:55:26 DAG status: 0 (DAG_STATUS_OK)
07/06/26 17:55:26 Of 5 nodes total:
07/06/26 17:55:26  Done     Pre   Queued    Post   Ready   Un-Ready   Failed   Futile
07/06/26 17:55:26   ===     ===      ===     ===     ===        ===      ===      ===
07/06/26 17:55:26     3       0        1       0       0          1        0        0
07/06/26 17:55:26 0 job proc(s) currently held
07/06/26 17:55:26 DAGMan Runtime Statistics: [EventCycleTimeAvg=0.001; EventCycleTimeMax=0.657; EventCycleTimeMin=0.000; EventCycleTimeStd=0.018; EventCycleTimeSum=1.470; SleepCycleTimeAvg=5.005; SleepCycleTimeMax=5.040; SleepCycleTimeMin=5.000; SleepCycleTimeStd=0.003; SleepCycleTimeSum=6771.091; SubmitCycleTimeAvg=0.001; SubmitCycleTimeMax=0.652; SubmitCycleTimeMin=0.000; SubmitCycleTimeStd=0.018; SubmitCycleTimeSum=0.814; EventCycleTimeCount=1353.000; SleepCycleTimeCount=1353.000; SubmitCycleTimeCount=1354.000; LogProcessCycleTimeAvg=0.005; LogProcessCycleTimeMax=0.085; LogProcessCycleTimeMin=0.001; LogProcessCycleTimeStd=0.011; LogProcessCycleTimeSum=0.283; LogProcessCycleTimeCount=54.000; ]
07/06/26 17:55:31 Currently monitoring 1 HTCondor log file(s)
07/06/26 17:55:31 Reassigning the id of job EVALUATE from (170238.0.0) to (170238.0.0)
07/06/26 17:55:31 Event: ULOG_SUBMIT for HTCondor Node EVALUATE (170238.0.0) {07/06/26 17:55:26}
07/06/26 17:55:31 Number of idle job procs: 1
07/06/26 17:55:31 Reassigning the id of job EVALUATE from (170238.0.0) to (170238.1.0)
07/06/26 17:55:31 Event: ULOG_SUBMIT for HTCondor Node EVALUATE (170238.1.0) {07/06/26 17:55:26}
07/06/26 17:55:31 Number of idle job procs: 2
07/06/26 17:55:31 Reassigning the id of job EVALUATE from (170238.1.0) to (170238.10.0)
07/06/26 17:55:31 Event: ULOG_SUBMIT for HTCondor Node EVALUATE (170238.10.0) {07/06/26 17:55:26}
07/06/26 17:55:31 Number of idle job procs: 3
07/06/26 17:55:31 Reassigning the id of job EVALUATE from (170238.10.0) to (170238.11.0)
07/06/26 17:55:31 Event: ULOG_SUBMIT for HTCondor Node EVALUATE (170238.11.0) {07/06/26 17:55:26}
07/06/26 17:55:31 Number of idle job procs: 4
07/06/26 17:55:31 Reassigning the id of job EVALUATE from (170238.11.0) to (170238.12.0)
07/06/26 17:55:31 Event: ULOG_SUBMIT for HTCondor Node EVALUATE (170238.12.0) {07/06/26 17:55:26}
07/06/26 17:55:31 Number of idle job procs: 5
07/06/26 17:55:31 Reassigning the id of job EVALUATE from (170238.12.0) to (170238.13.0)
07/06/26 17:55:31 Event: ULOG_SUBMIT for HTCondor Node EVALUATE (170238.13.0) {07/06/26 17:55:26}
07/06/26 17:55:31 Number of idle job procs: 6
07/06/26 17:55:31 Reassigning the id of job EVALUATE from (170238.13.0) to (170238.14.0)
07/06/26 17:55:31 Event: ULOG_SUBMIT for HTCondor Node EVALUATE (170238.14.0) {07/06/26 17:55:26}
07/06/26 17:55:31 Number of idle job procs: 7
07/06/26 17:55:31 Reassigning the id of job EVALUATE from (170238.14.0) to (170238.15.0)
07/06/26 17:55:31 Event: ULOG_SUBMIT for HTCondor Node EVALUATE (170238.15.0) {07/06/26 17:55:26}
07/06/26 17:55:31 Number of idle job procs: 8
07/06/26 17:55:31 Reassigning the id of job EVALUATE from (170238.15.0) to (170238.16.0)
07/06/26 17:55:31 Event: ULOG_SUBMIT for HTCondor Node EVALUATE (170238.16.0) {07/06/26 17:55:26}
07/06/26 17:55:31 Number of idle job procs: 9
07/06/26 17:55:31 Reassigning the id of job EVALUATE from (170238.16.0) to (170238.17.0)
07/06/26 17:55:31 Event: ULOG_SUBMIT for HTCondor Node EVALUATE (170238.17.0) {07/06/26 17:55:26}
07/06/26 17:55:31 Number of idle job procs: 10
07/06/26 17:55:31 Reassigning the id of job EVALUATE from (170238.17.0) to (170238.18.0)
07/06/26 17:55:31 Event: ULOG_SUBMIT for HTCondor Node EVALUATE (170238.18.0) {07/06/26 17:55:26}
07/06/26 17:55:31 Number of idle job procs: 11
07/06/26 17:55:31 Reassigning the id of job EVALUATE from (170238.18.0) to (170238.19.0)
07/06/26 17:55:31 Event: ULOG_SUBMIT for HTCondor Node EVALUATE (170238.19.0) {07/06/26 17:55:26}
07/06/26 17:55:31 Number of idle job procs: 12
07/06/26 17:55:31 Reassigning the id of job EVALUATE from (170238.19.0) to (170238.2.0)
07/06/26 17:55:31 Event: ULOG_SUBMIT for HTCondor Node EVALUATE (170238.2.0) {07/06/26 17:55:26}
07/06/26 17:55:31 Number of idle job procs: 13
07/06/26 17:55:31 Reassigning the id of job EVALUATE from (170238.2.0) to (170238.20.0)
07/06/26 17:55:31 Event: ULOG_SUBMIT for HTCondor Node EVALUATE (170238.20.0) {07/06/26 17:55:26}
07/06/26 17:55:31 Number of idle job procs: 14
07/06/26 17:55:31 Reassigning the id of job EVALUATE from (170238.20.0) to (170238.21.0)
07/06/26 17:55:31 Event: ULOG_SUBMIT for HTCondor Node EVALUATE (170238.21.0) {07/06/26 17:55:26}
07/06/26 17:55:31 Number of idle job procs: 15
07/06/26 17:55:31 Reassigning the id of job EVALUATE from (170238.21.0) to (170238.22.0)
07/06/26 17:55:31 Event: ULOG_SUBMIT for HTCondor Node EVALUATE (170238.22.0) {07/06/26 17:55:26}
07/06/26 17:55:31 Number of idle job procs: 16
07/06/26 17:55:31 Reassigning the id of job EVALUATE from (170238.22.0) to (170238.23.0)
07/06/26 17:55:31 Event: ULOG_SUBMIT for HTCondor Node EVALUATE (170238.23.0) {07/06/26 17:55:26}
07/06/26 17:55:31 Number of idle job procs: 17
07/06/26 17:55:31 Reassigning the id of job EVALUATE from (170238.23.0) to (170238.24.0)
07/06/26 17:55:31 Event: ULOG_SUBMIT for HTCondor Node EVALUATE (170238.24.0) {07/06/26 17:55:26}
07/06/26 17:55:31 Number of idle job procs: 18
07/06/26 17:55:31 Reassigning the id of job EVALUATE from (170238.24.0) to (170238.25.0)
07/06/26 17:55:31 Event: ULOG_SUBMIT for HTCondor Node EVALUATE (170238.25.0) {07/06/26 17:55:26}
07/06/26 17:55:31 Number of idle job procs: 19
07/06/26 17:55:31 Reassigning the id of job EVALUATE from (170238.25.0) to (170238.26.0)
07/06/26 17:55:31 Event: ULOG_SUBMIT for HTCondor Node EVALUATE (170238.26.0) {07/06/26 17:55:26}
07/06/26 17:55:31 Number of idle job procs: 20
07/06/26 17:55:31 Reassigning the id of job EVALUATE from (170238.26.0) to (170238.27.0)
07/06/26 17:55:31 Event: ULOG_SUBMIT for HTCondor Node EVALUATE (170238.27.0) {07/06/26 17:55:26}
07/06/26 17:55:31 Number of idle job procs: 21
07/06/26 17:55:31 Reassigning the id of job EVALUATE from (170238.27.0) to (170238.28.0)
07/06/26 17:55:31 Event: ULOG_SUBMIT for HTCondor Node EVALUATE (170238.28.0) {07/06/26 17:55:26}
07/06/26 17:55:31 Number of idle job procs: 22
07/06/26 17:55:31 Reassigning the id of job EVALUATE from (170238.28.0) to (170238.29.0)
07/06/26 17:55:31 Event: ULOG_SUBMIT for HTCondor Node EVALUATE (170238.29.0) {07/06/26 17:55:26}
07/06/26 17:55:31 Number of idle job procs: 23
07/06/26 17:55:31 Reassigning the id of job EVALUATE from (170238.29.0) to (170238.3.0)
07/06/26 17:55:31 Event: ULOG_SUBMIT for HTCondor Node EVALUATE (170238.3.0) {07/06/26 17:55:26}
07/06/26 17:55:31 Number of idle job procs: 24
07/06/26 17:55:31 Reassigning the id of job EVALUATE from (170238.3.0) to (170238.30.0)
07/06/26 17:55:31 Event: ULOG_SUBMIT for HTCondor Node EVALUATE (170238.30.0) {07/06/26 17:55:26}
07/06/26 17:55:31 Number of idle job procs: 25
07/06/26 17:55:31 Reassigning the id of job EVALUATE from (170238.30.0) to (170238.31.0)
07/06/26 17:55:31 Event: ULOG_SUBMIT for HTCondor Node EVALUATE (170238.31.0) {07/06/26 17:55:26}
07/06/26 17:55:31 Number of idle job procs: 26
07/06/26 17:55:31 Reassigning the id of job EVALUATE from (170238.31.0) to (170238.32.0)
07/06/26 17:55:31 Event: ULOG_SUBMIT for HTCondor Node EVALUATE (170238.32.0) {07/06/26 17:55:26}
07/06/26 17:55:31 Number of idle job procs: 27
07/06/26 17:55:31 Reassigning the id of job EVALUATE from (170238.32.0) to (170238.33.0)
07/06/26 17:55:31 Event: ULOG_SUBMIT for HTCondor Node EVALUATE (170238.33.0) {07/06/26 17:55:26}
07/06/26 17:55:31 Number of idle job procs: 28
07/06/26 17:55:31 Reassigning the id of job EVALUATE from (170238.33.0) to (170238.34.0)
07/06/26 17:55:31 Event: ULOG_SUBMIT for HTCondor Node EVALUATE (170238.34.0) {07/06/26 17:55:26}
07/06/26 17:55:31 Number of idle job procs: 29
07/06/26 17:55:31 Reassigning the id of job EVALUATE from (170238.34.0) to (170238.35.0)
07/06/26 17:55:31 Event: ULOG_SUBMIT for HTCondor Node EVALUATE (170238.35.0) {07/06/26 17:55:26}
07/06/26 17:55:31 Number of idle job procs: 30
07/06/26 17:55:31 Reassigning the id of job EVALUATE from (170238.35.0) to (170238.36.0)
07/06/26 17:55:31 Event: ULOG_SUBMIT for HTCondor Node EVALUATE (170238.36.0) {07/06/26 17:55:26}
07/06/26 17:55:31 Number of idle job procs: 31
07/06/26 17:55:31 Reassigning the id of job EVALUATE from (170238.36.0) to (170238.37.0)
07/06/26 17:55:31 Event: ULOG_SUBMIT for HTCondor Node EVALUATE (170238.37.0) {07/06/26 17:55:26}
07/06/26 17:55:31 Number of idle job procs: 32
07/06/26 17:55:31 Reassigning the id of job EVALUATE from (170238.37.0) to (170238.38.0)
07/06/26 17:55:31 Event: ULOG_SUBMIT for HTCondor Node EVALUATE (170238.38.0) {07/06/26 17:55:26}
07/06/26 17:55:31 Number of idle job procs: 33
07/06/26 17:55:31 Reassigning the id of job EVALUATE from (170238.38.0) to (170238.39.0)
07/06/26 17:55:31 Event: ULOG_SUBMIT for HTCondor Node EVALUATE (170238.39.0) {07/06/26 17:55:26}
07/06/26 17:55:31 Number of idle job procs: 34
07/06/26 17:55:31 Reassigning the id of job EVALUATE from (170238.39.0) to (170238.4.0)
07/06/26 17:55:31 Event: ULOG_SUBMIT for HTCondor Node EVALUATE (170238.4.0) {07/06/26 17:55:26}
07/06/26 17:55:31 Number of idle job procs: 35
07/06/26 17:55:31 Reassigning the id of job EVALUATE from (170238.4.0) to (170238.5.0)
07/06/26 17:55:31 Event: ULOG_SUBMIT for HTCondor Node EVALUATE (170238.5.0) {07/06/26 17:55:26}
07/06/26 17:55:31 Number of idle job procs: 36
07/06/26 17:55:31 Reassigning the id of job EVALUATE from (170238.5.0) to (170238.6.0)
07/06/26 17:55:31 Event: ULOG_SUBMIT for HTCondor Node EVALUATE (170238.6.0) {07/06/26 17:55:26}
07/06/26 17:55:31 Number of idle job procs: 37
07/06/26 17:55:31 Reassigning the id of job EVALUATE from (170238.6.0) to (170238.7.0)
07/06/26 17:55:31 Event: ULOG_SUBMIT for HTCondor Node EVALUATE (170238.7.0) {07/06/26 17:55:26}
07/06/26 17:55:31 Number of idle job procs: 38
07/06/26 17:55:31 Reassigning the id of job EVALUATE from (170238.7.0) to (170238.8.0)
07/06/26 17:55:31 Event: ULOG_SUBMIT for HTCondor Node EVALUATE (170238.8.0) {07/06/26 17:55:26}
07/06/26 17:55:31 Number of idle job procs: 39
07/06/26 17:55:31 Reassigning the id of job EVALUATE from (170238.8.0) to (170238.9.0)
07/06/26 17:55:31 Event: ULOG_SUBMIT for HTCondor Node EVALUATE (170238.9.0) {07/06/26 17:55:26}
07/06/26 17:55:31 Number of idle job procs: 40
07/06/26 17:55:31 Event: ULOG_EXECUTE for HTCondor Node EVALUATE (170238.0.0) {07/06/26 17:55:27}
07/06/26 17:55:31 Number of idle job procs: 39
07/06/26 17:55:31 Event: ULOG_EXECUTE for HTCondor Node EVALUATE (170238.10.0) {07/06/26 17:55:27}
07/06/26 17:55:31 Number of idle job procs: 38
07/06/26 17:55:31 Event: ULOG_EXECUTE for HTCondor Node EVALUATE (170238.9.0) {07/06/26 17:55:27}
07/06/26 17:55:31 Number of idle job procs: 37
07/06/26 17:55:31 Event: ULOG_EXECUTE for HTCondor Node EVALUATE (170238.11.0) {07/06/26 17:55:27}
07/06/26 17:55:31 Number of idle job procs: 36
07/06/26 17:55:31 Event: ULOG_EXECUTE for HTCondor Node EVALUATE (170238.1.0) {07/06/26 17:55:27}
07/06/26 17:55:31 Number of idle job procs: 35
07/06/26 17:55:31 Event: ULOG_EXECUTE for HTCondor Node EVALUATE (170238.20.0) {07/06/26 17:55:27}
07/06/26 17:55:31 Number of idle job procs: 34
07/06/26 17:55:31 Event: ULOG_EXECUTE for HTCondor Node EVALUATE (170238.21.0) {07/06/26 17:55:27}
07/06/26 17:55:31 Number of idle job procs: 33
07/06/26 17:55:31 Event: ULOG_EXECUTE for HTCondor Node EVALUATE (170238.24.0) {07/06/26 17:55:27}
07/06/26 17:55:31 Number of idle job procs: 32
07/06/26 17:55:31 Event: ULOG_EXECUTE for HTCondor Node EVALUATE (170238.23.0) {07/06/26 17:55:27}
07/06/26 17:55:31 Number of idle job procs: 31
07/06/26 17:55:31 Event: ULOG_EXECUTE for HTCondor Node EVALUATE (170238.2.0) {07/06/26 17:55:27}
07/06/26 17:55:31 Number of idle job procs: 30
07/06/26 17:55:31 Event: ULOG_EXECUTE for HTCondor Node EVALUATE (170238.22.0) {07/06/26 17:55:27}
07/06/26 17:55:31 Number of idle job procs: 29
07/06/26 17:55:31 Event: ULOG_EXECUTE for HTCondor Node EVALUATE (170238.7.0) {07/06/26 17:55:27}
07/06/26 17:55:31 Number of idle job procs: 28
07/06/26 17:55:31 Event: ULOG_EXECUTE for HTCondor Node EVALUATE (170238.5.0) {07/06/26 17:55:27}
07/06/26 17:55:31 Number of idle job procs: 27
07/06/26 17:55:31 Event: ULOG_EXECUTE for HTCondor Node EVALUATE (170238.8.0) {07/06/26 17:55:27}
07/06/26 17:55:31 Number of idle job procs: 26
07/06/26 17:55:31 Event: ULOG_EXECUTE for HTCondor Node EVALUATE (170238.3.0) {07/06/26 17:55:27}
07/06/26 17:55:31 Number of idle job procs: 25
07/06/26 17:55:31 Event: ULOG_EXECUTE for HTCondor Node EVALUATE (170238.4.0) {07/06/26 17:55:27}
07/06/26 17:55:31 Number of idle job procs: 24
07/06/26 17:55:31 Event: ULOG_EXECUTE for HTCondor Node EVALUATE (170238.6.0) {07/06/26 17:55:27}
07/06/26 17:55:31 Number of idle job procs: 23
07/06/26 17:55:31 Event: ULOG_EXECUTE for HTCondor Node EVALUATE (170238.16.0) {07/06/26 17:55:27}
07/06/26 17:55:31 Number of idle job procs: 22
07/06/26 17:55:31 Event: ULOG_EXECUTE for HTCondor Node EVALUATE (170238.17.0) {07/06/26 17:55:27}
07/06/26 17:55:31 Number of idle job procs: 21
07/06/26 17:55:31 Event: ULOG_EXECUTE for HTCondor Node EVALUATE (170238.14.0) {07/06/26 17:55:27}
07/06/26 17:55:31 Number of idle job procs: 20
07/06/26 17:55:31 Event: ULOG_EXECUTE for HTCondor Node EVALUATE (170238.12.0) {07/06/26 17:55:27}
07/06/26 17:55:31 Number of idle job procs: 19
07/06/26 17:55:31 Event: ULOG_EXECUTE for HTCondor Node EVALUATE (170238.13.0) {07/06/26 17:55:27}
07/06/26 17:55:31 Number of idle job procs: 18
07/06/26 17:55:31 Event: ULOG_EXECUTE for HTCondor Node EVALUATE (170238.15.0) {07/06/26 17:55:27}
07/06/26 17:55:31 Number of idle job procs: 17
07/06/26 17:55:31 Event: ULOG_EXECUTE for HTCondor Node EVALUATE (170238.19.0) {07/06/26 17:55:27}
07/06/26 17:55:31 Number of idle job procs: 16
07/06/26 17:55:31 Event: ULOG_EXECUTE for HTCondor Node EVALUATE (170238.18.0) {07/06/26 17:55:27}
07/06/26 17:55:31 Number of idle job procs: 15
07/06/26 17:57:41 Currently monitoring 1 HTCondor log file(s)
07/06/26 17:57:41 Event: ULOG_EXECUTE for HTCondor Node EVALUATE (170238.25.0) {07/06/26 17:57:38}
07/06/26 17:57:41 Number of idle job procs: 14
07/06/26 17:59:11 Currently monitoring 1 HTCondor log file(s)
07/06/26 17:59:11 Event: ULOG_JOB_TERMINATED for HTCondor Node EVALUATE (170238.23.0) {07/06/26 17:59:06}
07/06/26 17:59:11 Number of idle job procs: 14
07/06/26 17:59:11 Node EVALUATE job proc (170238.23.0) completed successfully.
07/06/26 17:59:11 Event: ULOG_EXECUTE for HTCondor Node EVALUATE (170238.26.0) {07/06/26 17:59:07}
07/06/26 17:59:11 Number of idle job procs: 13
07/06/26 17:59:21 Currently monitoring 1 HTCondor log file(s)
07/06/26 17:59:21 Event: ULOG_JOB_TERMINATED for HTCondor Node EVALUATE (170238.14.0) {07/06/26 17:59:17}
07/06/26 17:59:21 Number of idle job procs: 13
07/06/26 17:59:21 Node EVALUATE job proc (170238.14.0) completed successfully.
07/06/26 17:59:21 Event: ULOG_EXECUTE for HTCondor Node EVALUATE (170238.27.0) {07/06/26 17:59:19}
07/06/26 17:59:21 Number of idle job procs: 12
07/06/26 17:59:21 Event: ULOG_JOB_TERMINATED for HTCondor Node EVALUATE (170238.2.0) {07/06/26 17:59:20}
07/06/26 17:59:21 Number of idle job procs: 12
07/06/26 17:59:21 Node EVALUATE job proc (170238.2.0) completed successfully.
07/06/26 17:59:21 Event: ULOG_JOB_TERMINATED for HTCondor Node EVALUATE (170238.24.0) {07/06/26 17:59:21}
07/06/26 17:59:21 Number of idle job procs: 12
07/06/26 17:59:21 Node EVALUATE job proc (170238.24.0) completed successfully.
07/06/26 17:59:21 Event: ULOG_JOB_TERMINATED for HTCondor Node EVALUATE (170238.13.0) {07/06/26 17:59:21}
07/06/26 17:59:21 Number of idle job procs: 12
07/06/26 17:59:21 Node EVALUATE job proc (170238.13.0) completed successfully.
07/06/26 17:59:21 Event: ULOG_JOB_TERMINATED for HTCondor Node EVALUATE (170238.10.0) {07/06/26 17:59:21}
07/06/26 17:59:21 Number of idle job procs: 12
07/06/26 17:59:21 Node EVALUATE job proc (170238.10.0) completed successfully.
07/06/26 17:59:26 Currently monitoring 1 HTCondor log file(s)
07/06/26 17:59:26 Event: ULOG_EXECUTE for HTCondor Node EVALUATE (170238.28.0) {07/06/26 17:59:21}
07/06/26 17:59:26 Number of idle job procs: 11
07/06/26 17:59:26 Event: ULOG_JOB_TERMINATED for HTCondor Node EVALUATE (170238.21.0) {07/06/26 17:59:21}
07/06/26 17:59:26 Number of idle job procs: 11
07/06/26 17:59:26 Node EVALUATE job proc (170238.21.0) completed successfully.
07/06/26 17:59:26 Event: ULOG_EXECUTE for HTCondor Node EVALUATE (170238.29.0) {07/06/26 17:59:22}
07/06/26 17:59:26 Number of idle job procs: 10
07/06/26 17:59:26 Event: ULOG_EXECUTE for HTCondor Node EVALUATE (170238.30.0) {07/06/26 17:59:22}
07/06/26 17:59:26 Number of idle job procs: 9
07/06/26 17:59:26 Event: ULOG_JOB_TERMINATED for HTCondor Node EVALUATE (170238.19.0) {07/06/26 17:59:22}
07/06/26 17:59:26 Number of idle job procs: 9
07/06/26 17:59:26 Node EVALUATE job proc (170238.19.0) completed successfully.
07/06/26 17:59:26 Event: ULOG_EXECUTE for HTCondor Node EVALUATE (170238.31.0) {07/06/26 17:59:22}
07/06/26 17:59:26 Number of idle job procs: 8
07/06/26 17:59:26 Event: ULOG_JOB_TERMINATED for HTCondor Node EVALUATE (170238.1.0) {07/06/26 17:59:23}
07/06/26 17:59:26 Number of idle job procs: 8
07/06/26 17:59:26 Node EVALUATE job proc (170238.1.0) completed successfully.
07/06/26 17:59:26 Event: ULOG_EXECUTE for HTCondor Node EVALUATE (170238.32.0) {07/06/26 17:59:23}
07/06/26 17:59:26 Number of idle job procs: 7
07/06/26 17:59:26 Event: ULOG_JOB_TERMINATED for HTCondor Node EVALUATE (170238.12.0) {07/06/26 17:59:23}
07/06/26 17:59:26 Number of idle job procs: 7
07/06/26 17:59:26 Node EVALUATE job proc (170238.12.0) completed successfully.
07/06/26 17:59:26 Event: ULOG_EXECUTE for HTCondor Node EVALUATE (170238.33.0) {07/06/26 17:59:24}
07/06/26 17:59:26 Number of idle job procs: 6
07/06/26 17:59:26 Event: ULOG_JOB_TERMINATED for HTCondor Node EVALUATE (170238.11.0) {07/06/26 17:59:24}
07/06/26 17:59:26 Number of idle job procs: 6
07/06/26 17:59:26 Node EVALUATE job proc (170238.11.0) completed successfully.
07/06/26 17:59:26 Event: ULOG_EXECUTE for HTCondor Node EVALUATE (170238.35.0) {07/06/26 17:59:24}
07/06/26 17:59:26 Number of idle job procs: 5
07/06/26 17:59:26 Event: ULOG_EXECUTE for HTCondor Node EVALUATE (170238.34.0) {07/06/26 17:59:25}
07/06/26 17:59:26 Number of idle job procs: 4
07/06/26 17:59:26 Event: ULOG_JOB_TERMINATED for HTCondor Node EVALUATE (170238.15.0) {07/06/26 17:59:25}
07/06/26 17:59:26 Number of idle job procs: 4
07/06/26 17:59:26 Node EVALUATE job proc (170238.15.0) completed successfully.
07/06/26 17:59:26 Event: ULOG_JOB_TERMINATED for HTCondor Node EVALUATE (170238.17.0) {07/06/26 17:59:25}
07/06/26 17:59:26 Number of idle job procs: 4
07/06/26 17:59:26 Node EVALUATE job proc (170238.17.0) completed successfully.
07/06/26 17:59:26 Event: ULOG_EXECUTE for HTCondor Node EVALUATE (170238.36.0) {07/06/26 17:59:25}
07/06/26 17:59:26 Number of idle job procs: 3
07/06/26 17:59:31 Currently monitoring 1 HTCondor log file(s)
07/06/26 17:59:31 Event: ULOG_EXECUTE for HTCondor Node EVALUATE (170238.37.0) {07/06/26 17:59:26}
07/06/26 17:59:31 Number of idle job procs: 2
07/06/26 17:59:31 Event: ULOG_EXECUTE for HTCondor Node EVALUATE (170238.38.0) {07/06/26 17:59:27}
07/06/26 17:59:31 Number of idle job procs: 1
07/06/26 17:59:31 Event: ULOG_JOB_TERMINATED for HTCondor Node EVALUATE (170238.16.0) {07/06/26 17:59:29}
07/06/26 17:59:31 Number of idle job procs: 1
07/06/26 17:59:31 Node EVALUATE job proc (170238.16.0) completed successfully.
07/06/26 17:59:31 Event: ULOG_JOB_TERMINATED for HTCondor Node EVALUATE (170238.20.0) {07/06/26 17:59:30}
07/06/26 17:59:31 Number of idle job procs: 1
07/06/26 17:59:31 Node EVALUATE job proc (170238.20.0) completed successfully.
07/06/26 17:59:31 Event: ULOG_EXECUTE for HTCondor Node EVALUATE (170238.39.0) {07/06/26 17:59:31}
07/06/26 17:59:31 Number of idle job procs: 0
07/06/26 17:59:36 Currently monitoring 1 HTCondor log file(s)
07/06/26 17:59:36 Event: ULOG_JOB_TERMINATED for HTCondor Node EVALUATE (170238.8.0) {07/06/26 17:59:31}
07/06/26 17:59:36 Number of idle job procs: 0
07/06/26 17:59:36 Node EVALUATE job proc (170238.8.0) completed successfully.
07/06/26 17:59:36 Event: ULOG_JOB_TERMINATED for HTCondor Node EVALUATE (170238.7.0) {07/06/26 17:59:32}
07/06/26 17:59:36 Number of idle job procs: 0
07/06/26 17:59:36 Node EVALUATE job proc (170238.7.0) completed successfully.
07/06/26 17:59:36 Event: ULOG_JOB_TERMINATED for HTCondor Node EVALUATE (170238.0.0) {07/06/26 17:59:35}
07/06/26 17:59:36 Number of idle job procs: 0
07/06/26 17:59:36 Node EVALUATE job proc (170238.0.0) completed successfully.
07/06/26 17:59:36 Event: ULOG_JOB_TERMINATED for HTCondor Node EVALUATE (170238.4.0) {07/06/26 17:59:35}
07/06/26 17:59:36 Number of idle job procs: 0
07/06/26 17:59:36 Node EVALUATE job proc (170238.4.0) completed successfully.
07/06/26 17:59:41 Currently monitoring 1 HTCondor log file(s)
07/06/26 17:59:41 Event: ULOG_JOB_TERMINATED for HTCondor Node EVALUATE (170238.6.0) {07/06/26 17:59:38}
07/06/26 17:59:41 Number of idle job procs: 0
07/06/26 17:59:41 Node EVALUATE job proc (170238.6.0) completed successfully.
07/06/26 17:59:41 Event: ULOG_JOB_TERMINATED for HTCondor Node EVALUATE (170238.18.0) {07/06/26 17:59:38}
07/06/26 17:59:41 Number of idle job procs: 0
07/06/26 17:59:41 Node EVALUATE job proc (170238.18.0) completed successfully.
07/06/26 17:59:46 Currently monitoring 1 HTCondor log file(s)
07/06/26 17:59:46 Event: ULOG_JOB_TERMINATED for HTCondor Node EVALUATE (170238.3.0) {07/06/26 17:59:42}
07/06/26 17:59:46 Number of idle job procs: 0
07/06/26 17:59:46 Node EVALUATE job proc (170238.3.0) completed successfully.
07/06/26 18:00:21 Currently monitoring 1 HTCondor log file(s)
07/06/26 18:00:21 Event: ULOG_JOB_TERMINATED for HTCondor Node EVALUATE (170238.9.0) {07/06/26 18:00:18}
07/06/26 18:00:21 Number of idle job procs: 0
07/06/26 18:00:21 Node EVALUATE job proc (170238.9.0) completed successfully.
07/06/26 18:00:21 Event: ULOG_JOB_TERMINATED for HTCondor Node EVALUATE (170238.22.0) {07/06/26 18:00:20}
07/06/26 18:00:21 Number of idle job procs: 0
07/06/26 18:00:21 Node EVALUATE job proc (170238.22.0) completed successfully.
07/06/26 18:00:26 Currently monitoring 1 HTCondor log file(s)
07/06/26 18:00:26 Event: ULOG_JOB_TERMINATED for HTCondor Node EVALUATE (170238.5.0) {07/06/26 18:00:25}
07/06/26 18:00:26 Number of idle job procs: 0
07/06/26 18:00:26 Node EVALUATE job proc (170238.5.0) completed successfully.
07/06/26 18:01:41 Currently monitoring 1 HTCondor log file(s)
07/06/26 18:01:41 Event: ULOG_JOB_TERMINATED for HTCondor Node EVALUATE (170238.25.0) {07/06/26 18:01:40}
07/06/26 18:01:41 Number of idle job procs: 0
07/06/26 18:01:41 Node EVALUATE job proc (170238.25.0) completed successfully.
07/06/26 18:02:41 Total jobs placed to AP: 82
07/06/26 18:02:41      Idle     Held     Running     Successful     Failed
07/06/26 18:02:41       ===      ===         ===            ===        ===
07/06/26 18:02:41         0        0          14             68          0
07/06/26 18:03:01 Currently monitoring 1 HTCondor log file(s)
07/06/26 18:03:01 Event: ULOG_JOB_TERMINATED for HTCondor Node EVALUATE (170238.26.0) {07/06/26 18:02:59}
07/06/26 18:03:01 Number of idle job procs: 0
07/06/26 18:03:01 Node EVALUATE job proc (170238.26.0) completed successfully.
07/06/26 18:03:01 Event: ULOG_JOB_TERMINATED for HTCondor Node EVALUATE (170238.28.0) {07/06/26 18:03:00}
07/06/26 18:03:01 Number of idle job procs: 0
07/06/26 18:03:01 Node EVALUATE job proc (170238.28.0) completed successfully.
07/06/26 18:03:06 Currently monitoring 1 HTCondor log file(s)
07/06/26 18:03:06 Event: ULOG_JOB_TERMINATED for HTCondor Node EVALUATE (170238.36.0) {07/06/26 18:03:06}
07/06/26 18:03:06 Number of idle job procs: 0
07/06/26 18:03:06 Node EVALUATE job proc (170238.36.0) completed successfully.
07/06/26 18:03:16 Currently monitoring 1 HTCondor log file(s)
07/06/26 18:03:16 Event: ULOG_JOB_TERMINATED for HTCondor Node EVALUATE (170238.32.0) {07/06/26 18:03:13}
07/06/26 18:03:16 Number of idle job procs: 0
07/06/26 18:03:16 Node EVALUATE job proc (170238.32.0) completed successfully.
07/06/26 18:03:16 Event: ULOG_JOB_TERMINATED for HTCondor Node EVALUATE (170238.39.0) {07/06/26 18:03:14}
07/06/26 18:03:16 Number of idle job procs: 0
07/06/26 18:03:16 Node EVALUATE job proc (170238.39.0) completed successfully.
07/06/26 18:03:16 Event: ULOG_JOB_TERMINATED for HTCondor Node EVALUATE (170238.29.0) {07/06/26 18:03:15}
07/06/26 18:03:16 Number of idle job procs: 0
07/06/26 18:03:16 Node EVALUATE job proc (170238.29.0) completed successfully.
07/06/26 18:03:21 Currently monitoring 1 HTCondor log file(s)
07/06/26 18:03:21 Event: ULOG_JOB_TERMINATED for HTCondor Node EVALUATE (170238.38.0) {07/06/26 18:03:17}
07/06/26 18:03:21 Number of idle job procs: 0
07/06/26 18:03:21 Node EVALUATE job proc (170238.38.0) completed successfully.
07/06/26 18:03:21 Event: ULOG_JOB_TERMINATED for HTCondor Node EVALUATE (170238.30.0) {07/06/26 18:03:18}
07/06/26 18:03:21 Number of idle job procs: 0
07/06/26 18:03:21 Node EVALUATE job proc (170238.30.0) completed successfully.
07/06/26 18:03:26 Currently monitoring 1 HTCondor log file(s)
07/06/26 18:03:26 Event: ULOG_JOB_TERMINATED for HTCondor Node EVALUATE (170238.34.0) {07/06/26 18:03:21}
07/06/26 18:03:26 Number of idle job procs: 0
07/06/26 18:03:26 Node EVALUATE job proc (170238.34.0) completed successfully.
07/06/26 18:03:26 Event: ULOG_JOB_TERMINATED for HTCondor Node EVALUATE (170238.27.0) {07/06/26 18:03:23}
07/06/26 18:03:26 Number of idle job procs: 0
07/06/26 18:03:26 Node EVALUATE job proc (170238.27.0) completed successfully.
07/06/26 18:03:26 Event: ULOG_JOB_TERMINATED for HTCondor Node EVALUATE (170238.37.0) {07/06/26 18:03:23}
07/06/26 18:03:26 Number of idle job procs: 0
07/06/26 18:03:26 Node EVALUATE job proc (170238.37.0) completed successfully.
07/06/26 18:03:26 Event: ULOG_JOB_TERMINATED for HTCondor Node EVALUATE (170238.33.0) {07/06/26 18:03:25}
07/06/26 18:03:26 Number of idle job procs: 0
07/06/26 18:03:26 Node EVALUATE job proc (170238.33.0) completed successfully.
07/06/26 18:03:26 Event: ULOG_JOB_TERMINATED for HTCondor Node EVALUATE (170238.31.0) {07/06/26 18:03:26}
07/06/26 18:03:26 Number of idle job procs: 0
07/06/26 18:03:26 Node EVALUATE job proc (170238.31.0) completed successfully.
07/06/26 18:04:21 Currently monitoring 1 HTCondor log file(s)
07/06/26 18:04:21 Event: ULOG_JOB_TERMINATED for HTCondor Node EVALUATE (170238.35.0) {07/06/26 18:04:19}
07/06/26 18:04:21 Number of idle job procs: 0
07/06/26 18:04:21 Node EVALUATE job proc (170238.35.0) completed successfully.
07/06/26 18:04:21 Node EVALUATE job(s) have exited the queue
07/06/26 18:04:21 DAG status: 0 (DAG_STATUS_OK)
07/06/26 18:04:21 Of 5 nodes total:
07/06/26 18:04:21  Done     Pre   Queued    Post   Ready   Un-Ready   Failed   Futile
07/06/26 18:04:21   ===     ===      ===     ===     ===        ===      ===      ===
07/06/26 18:04:21     4       0        0       0       1          0        0        0
07/06/26 18:04:21 0 job proc(s) currently held
07/06/26 18:04:21 DAGMan Runtime Statistics: [EventCycleTimeAvg=0.001; EventCycleTimeMax=0.657; EventCycleTimeMin=0.000; EventCycleTimeStd=0.018; EventCycleTimeSum=1.862; SleepCycleTimeAvg=5.005; SleepCycleTimeMax=5.040; SleepCycleTimeMin=5.000; SleepCycleTimeStd=0.003; SleepCycleTimeSum=7306.571; SubmitCycleTimeAvg=0.001; SubmitCycleTimeMax=0.652; SubmitCycleTimeMin=0.000; SubmitCycleTimeStd=0.017; SubmitCycleTimeSum=0.814; EventCycleTimeCount=1460.000; SleepCycleTimeCount=1460.000; SubmitCycleTimeCount=1461.000; LogProcessCycleTimeAvg=0.007; LogProcessCycleTimeMax=0.104; LogProcessCycleTimeMin=0.001; LogProcessCycleTimeStd=0.016; LogProcessCycleTimeSum=0.524; LogProcessCycleTimeCount=72.000; ]
07/06/26 18:04:26 Submitting HTCondor Node MERGE_EVALUATION job(s)...
07/06/26 18:04:26 Submitting node MERGE_EVALUATION from file transport_linetrack_20_10_action_shield_merge_evaluation.sub using direct job submission
07/06/26 18:04:26 	assigned HTCondor ID (170243.0.0)
07/06/26 18:04:26 Just submitted 1 job this cycle...
07/06/26 18:04:26 DAG status: 0 (DAG_STATUS_OK)
07/06/26 18:04:26 Of 5 nodes total:
07/06/26 18:04:26  Done     Pre   Queued    Post   Ready   Un-Ready   Failed   Futile
07/06/26 18:04:26   ===     ===      ===     ===     ===        ===      ===      ===
07/06/26 18:04:26     4       0        1       0       0          0        0        0
07/06/26 18:04:26 0 job proc(s) currently held
07/06/26 18:04:26 DAGMan Runtime Statistics: [EventCycleTimeAvg=0.001; EventCycleTimeMax=0.657; EventCycleTimeMin=0.000; EventCycleTimeStd=0.018; EventCycleTimeSum=1.873; SleepCycleTimeAvg=5.004; SleepCycleTimeMax=5.040; SleepCycleTimeMin=5.000; SleepCycleTimeStd=0.003; SleepCycleTimeSum=7311.572; SubmitCycleTimeAvg=0.001; SubmitCycleTimeMax=0.652; SubmitCycleTimeMin=0.000; SubmitCycleTimeStd=0.017; SubmitCycleTimeSum=0.826; EventCycleTimeCount=1461.000; SleepCycleTimeCount=1461.000; SubmitCycleTimeCount=1462.000; LogProcessCycleTimeAvg=0.007; LogProcessCycleTimeMax=0.104; LogProcessCycleTimeMin=0.001; LogProcessCycleTimeStd=0.016; LogProcessCycleTimeSum=0.524; LogProcessCycleTimeCount=72.000; ]
07/06/26 18:04:31 Currently monitoring 1 HTCondor log file(s)
07/06/26 18:04:31 Reassigning the id of job MERGE_EVALUATION from (170243.0.0) to (170243.0.0)
07/06/26 18:04:31 Event: ULOG_SUBMIT for HTCondor Node MERGE_EVALUATION (170243.0.0) {07/06/26 18:04:26}
07/06/26 18:04:31 Number of idle job procs: 1
07/06/26 18:04:31 Event: ULOG_EXECUTE for HTCondor Node MERGE_EVALUATION (170243.0.0) {07/06/26 18:04:28}
07/06/26 18:04:31 Number of idle job procs: 0
07/06/26 18:04:36 Currently monitoring 1 HTCondor log file(s)
07/06/26 18:04:36 Event: ULOG_JOB_TERMINATED for HTCondor Node MERGE_EVALUATION (170243.0.0) {07/06/26 18:04:32}
07/06/26 18:04:36 Number of idle job procs: 0
07/06/26 18:04:36 Node MERGE_EVALUATION job proc (170243.0.0) completed successfully.
07/06/26 18:04:36 Node MERGE_EVALUATION job(s) have exited the queue
07/06/26 18:04:36 DAG status: 0 (DAG_STATUS_OK)
07/06/26 18:04:36 Of 5 nodes total:
07/06/26 18:04:36  Done     Pre   Queued    Post   Ready   Un-Ready   Failed   Futile
07/06/26 18:04:36   ===     ===      ===     ===     ===        ===      ===      ===
07/06/26 18:04:36     5       0        0       0       0          0        0        0
07/06/26 18:04:36 0 job proc(s) currently held
07/06/26 18:04:36 DAGMan Runtime Statistics: [EventCycleTimeAvg=0.001; EventCycleTimeMax=0.657; EventCycleTimeMin=0.000; EventCycleTimeStd=0.018; EventCycleTimeSum=1.894; SleepCycleTimeAvg=5.004; SleepCycleTimeMax=5.040; SleepCycleTimeMin=5.000; SleepCycleTimeStd=0.003; SleepCycleTimeSum=7321.579; SubmitCycleTimeAvg=0.001; SubmitCycleTimeMax=0.652; SubmitCycleTimeMin=0.000; SubmitCycleTimeStd=0.017; SubmitCycleTimeSum=0.826; EventCycleTimeCount=1463.000; SleepCycleTimeCount=1463.000; SubmitCycleTimeCount=1464.000; LogProcessCycleTimeAvg=0.007; LogProcessCycleTimeMax=0.104; LogProcessCycleTimeMin=0.001; LogProcessCycleTimeStd=0.015; LogProcessCycleTimeSum=0.531; LogProcessCycleTimeCount=74.000; ]
07/06/26 18:04:36 All jobs Completed!
07/06/26 18:04:36 Note: 0 total node deferrals because of -MaxJobs limit (0)
07/06/26 18:04:36 Note: 0 total node deferrals because of -MaxIdle limit (1000)
07/06/26 18:04:36 Note: 0 total node deferrals because of node category throttles
07/06/26 18:04:36 Note: 0 total PRE script deferrals because of -MaxPre limit (20) or DEFER
07/06/26 18:04:36 Note: 0 total POST script deferrals because of -MaxPost limit (20) or DEFER
07/06/26 18:04:36 Note: 0 total HOLD script deferrals because of -MaxHold limit (20) or DEFER
07/06/26 18:04:36 DAG status: 0 (DAG_STATUS_OK)
07/06/26 18:04:36 Of 5 nodes total:
07/06/26 18:04:36  Done     Pre   Queued    Post   Ready   Un-Ready   Failed   Futile
07/06/26 18:04:36   ===     ===      ===     ===     ===        ===      ===      ===
07/06/26 18:04:36     5       0        0       0       0          0        0        0
07/06/26 18:04:36 0 job proc(s) currently held
07/06/26 18:04:36 DAGMan Runtime Statistics: [EventCycleTimeAvg=0.001; EventCycleTimeMax=0.657; EventCycleTimeMin=0.000; EventCycleTimeStd=0.018; EventCycleTimeSum=1.894; SleepCycleTimeAvg=5.004; SleepCycleTimeMax=5.040; SleepCycleTimeMin=5.000; SleepCycleTimeStd=0.003; SleepCycleTimeSum=7321.579; SubmitCycleTimeAvg=0.001; SubmitCycleTimeMax=0.652; SubmitCycleTimeMin=0.000; SubmitCycleTimeStd=0.017; SubmitCycleTimeSum=0.826; EventCycleTimeCount=1463.000; SleepCycleTimeCount=1463.000; SubmitCycleTimeCount=1464.000; LogProcessCycleTimeAvg=0.007; LogProcessCycleTimeMax=0.104; LogProcessCycleTimeMin=0.001; LogProcessCycleTimeStd=0.015; LogProcessCycleTimeSum=0.531; LogProcessCycleTimeCount=74.000; ]
07/06/26 18:04:36 Wrote metrics file transport_linetrack_20_10_action_shield.dag.metrics.
07/06/26 18:04:36 DAGMan Runtime Statistics: [EventCycleTimeAvg=0.001; EventCycleTimeMax=0.657; EventCycleTimeMin=0.000; EventCycleTimeStd=0.018; EventCycleTimeSum=1.894; SleepCycleTimeAvg=5.004; SleepCycleTimeMax=5.040; SleepCycleTimeMin=5.000; SleepCycleTimeStd=0.003; SleepCycleTimeSum=7321.579; SubmitCycleTimeAvg=0.001; SubmitCycleTimeMax=0.652; SubmitCycleTimeMin=0.000; SubmitCycleTimeStd=0.017; SubmitCycleTimeSum=0.826; EventCycleTimeCount=1463.000; SleepCycleTimeCount=1463.000; SubmitCycleTimeCount=1464.000; LogProcessCycleTimeAvg=0.007; LogProcessCycleTimeMax=0.104; LogProcessCycleTimeMin=0.001; LogProcessCycleTimeStd=0.015; LogProcessCycleTimeSum=0.531; LogProcessCycleTimeCount=74.000; ]
07/06/26 18:04:36 **** condor_scheduniv_exec.170177.0 (condor_DAGMAN) pid 4155131 EXITING WITH STATUS 0
