07/06/26 15:56:47 ******************************************************
07/06/26 15:56:47 ** condor_scheduniv_exec.170167.0 (CONDOR_DAGMAN) STARTING UP
07/06/26 15:56:47 ** /usr/bin/condor_dagman
07/06/26 15:56:47 ** SubsystemInfo: name=DAGMAN type=DAGMAN(9) class=CLIENT(2)
07/06/26 15:56:47 ** Configuration: subsystem:DAGMAN local:<NONE> class:CLIENT
07/06/26 15:56:47 ** $CondorVersion: 24.12.19 2026-04-15 BuildID: 896241 PackageID: 24.12.19-1+deb12 GitSHA: c68f3e0e $
07/06/26 15:56:47 ** $CondorPlatform: X86_64-Debian_12 $
07/06/26 15:56:47 ** PID = 4151728 RealUID = 1620002036
07/06/26 15:56:47 ** Log last touched time unavailable (No such file or directory)
07/06/26 15:56:47 ******************************************************
07/06/26 15:56:47 Using config source: /etc/condor/condor_config
07/06/26 15:56:47 Using local config sources: 
07/06/26 15:56:47    /etc/condor/config.d/01-submit.conf
07/06/26 15:56:47    /etc/condor/config.d/10-stash-plugin.conf
07/06/26 15:56:47    /etc/condor/config.d/23-network.config
07/06/26 15:56:47    /etc/condor/config.d/31-mail.conf
07/06/26 15:56:47    /etc/condor/config.d/35-cc-sync.conf
07/06/26 15:56:47    /etc/condor/config.d/41-periodic-remove.conf
07/06/26 15:56:47    /etc/condor/config.d/49-common.conf
07/06/26 15:56:47    /etc/condor/config.d/52-group-mapping.conf
07/06/26 15:56:47    /etc/condor/config.d/54-container.conf
07/06/26 15:56:47    /etc/condor/config.d/67-submit-transforms.conf
07/06/26 15:56:47    /etc/condor/config.d/71-submit-requirements.conf
07/06/26 15:56:47    /etc/condor/condor_config.local
07/06/26 15:56:47 config Macros = 110, Sorted = 110, StringBytes = 6396, TablesBytes = 4088
07/06/26 15:56:47 CLASSAD_CACHING is ENABLED
07/06/26 15:56:47 Daemon Log is logging: D_ALWAYS D_ERROR D_STATUS
07/06/26 15:56:47 Daemoncore: Listening at <0.0.0.0:17369> on TCP (ReliSock) and UDP (SafeSock).
07/06/26 15:56:47 DaemonCore: command socket at <10.143.248.60:17369?addrs=10.143.248.60-17369&alias=conduit.hpc.uni-saarland.de>
07/06/26 15:56:47 DaemonCore: private command socket at <10.143.248.60:17369?addrs=10.143.248.60-17369&alias=conduit.hpc.uni-saarland.de>
07/06/26 15:56:47 DAGMAN_USE_STRICT setting: 1
07/06/26 15:56:47 DAGMAN_VERBOSITY setting: 3
07/06/26 15:56:47 DAGMAN_DEBUG_CACHE_SIZE setting: 5242880
07/06/26 15:56:47 DAGMAN_DEBUG_CACHE_ENABLE setting: False
07/06/26 15:56:47 DAGMAN_SUBMIT_DELAY setting: 0
07/06/26 15:56:47 DAGMAN_MAX_SUBMIT_ATTEMPTS setting: 6
07/06/26 15:56:47 DAGMAN_STARTUP_CYCLE_DETECT setting: False
07/06/26 15:56:47 DAGMAN_USE_JOIN_NODES setting: True
07/06/26 15:56:47 DAGMAN_REPORT_GRAPH_METRICS setting: False
07/06/26 15:56:47 DAGMAN_MAX_SUBMITS_PER_INTERVAL setting: 100
07/06/26 15:56:47 DAGMAN_AGGRESSIVE_SUBMIT setting: False
07/06/26 15:56:47 DAGMAN_USER_LOG_SCAN_INTERVAL setting: 5
07/06/26 15:56:47 DAGMAN_QUEUE_UPDATE_INTERVAL setting: 300.000000
07/06/26 15:56:47 DAGMAN_DEFAULT_PRIORITY setting: 0
07/06/26 15:56:47 DAGMAN_SUPPRESS_NOTIFICATION setting: False
07/06/26 15:56:47 allow_events (DAGMAN_ALLOW_EVENTS) setting: 114
07/06/26 15:56:47 DAGMAN_RETRY_SUBMIT_FIRST setting: True
07/06/26 15:56:47 DAGMAN_RETRY_NODE_FIRST setting: False
07/06/26 15:56:47 DAGMAN_MAX_JOBS_IDLE setting: 1000
07/06/26 15:56:47 DAGMAN_MAX_JOBS_SUBMITTED setting: 0
07/06/26 15:56:47 DAGMAN_MAX_PRE_SCRIPTS setting: 20
07/06/26 15:56:47 DAGMAN_MAX_POST_SCRIPTS setting: 20
07/06/26 15:56:47 DAGMAN_MAX_HOLD_SCRIPTS setting: 20
07/06/26 15:56:47 DAGMAN_MUNGE_NODE_NAMES setting: True
07/06/26 15:56:47 DAGMAN_ALLOW_ANY_NODE_NAME_CHARACTERS setting: False
07/06/26 15:56:47 DAGMAN_PROHIBIT_MULTI_JOBS setting: False
07/06/26 15:56:47 DAGMAN_SUBMIT_DEPTH_FIRST setting: False
07/06/26 15:56:47 DAGMAN_ALWAYS_RUN_POST setting: False
07/06/26 15:56:47 DAGMAN_CONDOR_SUBMIT_EXE setting: /usr/bin/condor_submit
07/06/26 15:56:47 DAGMAN_CONDOR_RM_EXE setting: /usr/bin/condor_rm
07/06/26 15:56:47 DAGMAN_USE_DIRECT_SUBMIT setting: True
07/06/26 15:56:47 DAGMAN_PRODUCE_JOB_CREDENTIALS setting: True
07/06/26 15:56:47 DAGMAN_DEFAULT_APPEND_VARS setting: False
07/06/26 15:56:47 DAGMAN_INHERIT_ATTRS_PREFIX setting: 
07/06/26 15:56:47 DAGMAN_INHERIT_ATTRS setting: 
07/06/26 15:56:47 DAGMAN_ABORT_DUPLICATES setting: True
07/06/26 15:56:47 DAGMAN_ABORT_ON_SCARY_SUBMIT setting: True
07/06/26 15:56:47 DAGMAN_PENDING_REPORT_INTERVAL setting: 600
07/06/26 15:56:47 DAGMAN_CHECK_QUEUE_INTERVAL setting: 28800
07/06/26 15:56:47 DAGMAN_PRINT_JOB_TABLE_INTERVAL setting: 900
07/06/26 15:56:47 DAGMAN_AUTO_RESCUE setting: True
07/06/26 15:56:47 DAGMAN_MAX_RESCUE_NUM setting: 100
07/06/26 15:56:47 DAGMAN_WRITE_PARTIAL_RESCUE setting: True
07/06/26 15:56:47 DAGMAN_RESET_RETRIES_UPON_RESCUE setting: True
07/06/26 15:56:47 DAGMAN_METRICS_FILE_VERSION setting: 2
07/06/26 15:56:47 DAGMAN_DEFAULT_NODE_LOG setting: @(DAG_DIR)/@(DAG_FILE).nodes.log
07/06/26 15:56:47 DAGMAN_LOG_ON_NFS_IS_ERROR setting: False
07/06/26 15:56:47 DAGMAN_GENERATE_SUBDAG_SUBMITS setting: True
07/06/26 15:56:47 DAGMAN_MAX_JOB_HOLDS setting: 100
07/06/26 15:56:47 DAGMAN_NODE_JOB_FAILURE_TOLERANCE setting: 0
07/06/26 15:56:47 DAGMAN_HOLD_CLAIM_TIME setting: 20
07/06/26 15:56:47 DAGMAN_SUPPRESS_JOB_LOGS setting: False
07/06/26 15:56:47 DAGMAN_REMOVE_NODE_JOBS setting: True
07/06/26 15:56:47 DAGMAN_PUT_FAILED_JOBS_ON_HOLD setting: False
07/06/26 15:56:47 DAGMAN_REMOVE_JOBS_AFTER_LIMIT_CHANGE setting: False
07/06/26 15:56:47 DAGMAN will adjust edges after parsing
07/06/26 15:56:47 argv[0] == "condor_scheduniv_exec.170167.0"
07/06/26 15:56:47 argv[1] == "-Lockfile"
07/06/26 15:56:47 argv[2] == "transport_linetrack_17_10_action_shield.dag.lock"
07/06/26 15:56:47 argv[3] == "-Dag"
07/06/26 15:56:47 argv[4] == "transport_linetrack_17_10_action_shield.dag"
07/06/26 15:56:47 argv[5] == "-CsdVersion"
07/06/26 15:56:47 argv[6] == "$CondorVersion: 24.12.19 2026-04-15 BuildID: 896241 PackageID: 24.12.19-1+deb12 GitSHA: c68f3e0e $"
07/06/26 15:56:47 argv[7] == "-dagman"
07/06/26 15:56:47 argv[8] == "/usr/bin/condor_dagman"
07/06/26 15:56:47 argv[9] == "-AutoRescue"
07/06/26 15:56:47 argv[10] == "1"
07/06/26 15:56:47 argv[11] == "-DoRescueFrom"
07/06/26 15:56:47 argv[12] == "0"
07/06/26 15:56:47 Can't open directory "/etc/condor/passwords.d" as PRIV_ROOT, errno: 13 (Permission denied)
07/06/26 15:56:47 Can't open directory "/etc/condor/passwords.d" as PRIV_ROOT, errno: 13 (Permission denied)
07/06/26 15:56:47 Workflow batch-id: <170167.0>
07/06/26 15:56:47 Workflow batch-name: <transport_linetrack_17_10_action_shield.dag+170167>
07/06/26 15:56:47 Workflow accounting_group: <teaching>
07/06/26 15:56:47 Workflow accounting_group_user: <atml_team041>
07/06/26 15:56:47 Warning: failed to get attribute DAGNodeName
07/06/26 15:56:47 Default node log file is: </home/atml_team041/condor_tutorial/jani_env/experiments/repair_wo_domain/submissions/action_shield/transport_linetrack/./transport_linetrack_17_10_action_shield.dag.nodes.log>
07/06/26 15:56:47 DAG Lockfile will be written to transport_linetrack_17_10_action_shield.dag.lock
07/06/26 15:56:47 DAG Input file is transport_linetrack_17_10_action_shield.dag
07/06/26 15:56:47 Parsing 1 dagfiles
07/06/26 15:56:47 Parsing transport_linetrack_17_10_action_shield.dag ...
07/06/26 15:56:47 Adjusting edges
07/06/26 15:56:47 Dag contains 5 total nodes
07/06/26 15:56:47 Bootstrapping...
07/06/26 15:56:47 Number of pre-completed nodes: 0
07/06/26 15:56:47 MultiLogFiles: truncating log file /home/atml_team041/condor_tutorial/jani_env/experiments/repair_wo_domain/submissions/action_shield/transport_linetrack/./transport_linetrack_17_10_action_shield.dag.nodes.log
07/06/26 15:56:47 DAG status: 0 (DAG_STATUS_OK)
07/06/26 15:56:47 Of 5 nodes total:
07/06/26 15:56:47  Done     Pre   Queued    Post   Ready   Un-Ready   Failed   Futile
07/06/26 15:56:47   ===     ===      ===     ===     ===        ===      ===      ===
07/06/26 15:56:47     0       0        0       0       1          4        0        0
07/06/26 15:56:47 0 job proc(s) currently held
07/06/26 15:56:47 DAGMan Runtime Statistics: [EventCycleTimeSum=0.000; SleepCycleTimeSum=0.000; SubmitCycleTimeSum=0.000; EventCycleTimeCount=0.000; SleepCycleTimeCount=0.000; SubmitCycleTimeCount=0.000; LogProcessCycleTimeSum=0.000; LogProcessCycleTimeCount=0.000; ]
07/06/26 15:56:47 Registering condor_event_timer...
07/06/26 15:56:48 Submitting HTCondor Node COLLECT job(s)...
07/06/26 15:56:48 Submitting node COLLECT from file submissions/action_shield/transport_linetrack/transport_linetrack_17_10_action_shield_collect.sub using direct job submission
07/06/26 15:56:48 ERROR: submit attempt failed, errno=2 No such file or directory
07/06/26 15:56:48 could not open submit file : submissions/action_shield/transport_linetrack/transport_linetrack_17_10_action_shield_collect.sub - can't open file submissions/action_shield/transport_linetrack/transport_linetrack_17_10_action_shield_collect.sub: No such file or directory
07/06/26 15:56:48 Submit warning: Submit:0:the line 'accounting_group_user = atml_team041' was unused by DAGMAN. Is it a typo?
|Submit:0:the line 'accounting_group = teaching' was unused by DAGMAN. Is it a typo?
|Submit:0:the line 'keep_claim_idle = 20' was unused by DAGMAN. Is it a typo?
|Submit:0:the line 'batch_id = 170167.0' was unused by DAGMAN. Is it a typo?
|Submit:0:the line 'batch_name = transport_linetrack_17_10_action_shield.dag+170167' was unused by DAGMAN. Is it a typo?
07/06/26 15:56:48 Job submit try 1/6 failed, will try again in >= 1 second.
07/06/26 15:56:48 DAG status: 0 (DAG_STATUS_OK)
07/06/26 15:56:48 Of 5 nodes total:
07/06/26 15:56:48  Done     Pre   Queued    Post   Ready   Un-Ready   Failed   Futile
07/06/26 15:56:48   ===     ===      ===     ===     ===        ===      ===      ===
07/06/26 15:56:48     0       0        0       0       1          4        0        0
07/06/26 15:56:48 0 job proc(s) currently held
07/06/26 15:56:48 DAGMan Runtime Statistics: [EventCycleTimeSum=0.000; SleepCycleTimeSum=0.000; SubmitCycleTimeAvg=0.005; SubmitCycleTimeMax=0.005; SubmitCycleTimeMin=0.005; SubmitCycleTimeStd=0.005; SubmitCycleTimeSum=0.005; EventCycleTimeCount=0.000; SleepCycleTimeCount=0.000; SubmitCycleTimeCount=1.000; LogProcessCycleTimeSum=0.000; LogProcessCycleTimeCount=0.000; ]
07/06/26 15:56:53 Submitting HTCondor Node COLLECT job(s)...
07/06/26 15:56:53 Submitting node COLLECT from file submissions/action_shield/transport_linetrack/transport_linetrack_17_10_action_shield_collect.sub using direct job submission
07/06/26 15:56:53 ERROR: submit attempt failed, errno=2 No such file or directory
07/06/26 15:56:53 could not open submit file : submissions/action_shield/transport_linetrack/transport_linetrack_17_10_action_shield_collect.sub - can't open file submissions/action_shield/transport_linetrack/transport_linetrack_17_10_action_shield_collect.sub: No such file or directory
07/06/26 15:56:53 Submit warning: Submit:0:the line 'accounting_group_user = atml_team041' was unused by DAGMAN. Is it a typo?
|Submit:0:the line 'accounting_group = teaching' was unused by DAGMAN. Is it a typo?
|Submit:0:the line 'keep_claim_idle = 20' was unused by DAGMAN. Is it a typo?
|Submit:0:the line 'batch_id = 170167.0' was unused by DAGMAN. Is it a typo?
|Submit:0:the line 'batch_name = transport_linetrack_17_10_action_shield.dag+170167' was unused by DAGMAN. Is it a typo?
07/06/26 15:56:53 Job submit try 2/6 failed, will try again in >= 2 seconds.
07/06/26 15:56:58 Submitting HTCondor Node COLLECT job(s)...
07/06/26 15:56:58 Submitting node COLLECT from file submissions/action_shield/transport_linetrack/transport_linetrack_17_10_action_shield_collect.sub using direct job submission
07/06/26 15:56:58 ERROR: submit attempt failed, errno=2 No such file or directory
07/06/26 15:56:58 could not open submit file : submissions/action_shield/transport_linetrack/transport_linetrack_17_10_action_shield_collect.sub - can't open file submissions/action_shield/transport_linetrack/transport_linetrack_17_10_action_shield_collect.sub: No such file or directory
07/06/26 15:56:58 Submit warning: Submit:0:the line 'accounting_group_user = atml_team041' was unused by DAGMAN. Is it a typo?
|Submit:0:the line 'accounting_group = teaching' was unused by DAGMAN. Is it a typo?
|Submit:0:the line 'keep_claim_idle = 20' was unused by DAGMAN. Is it a typo?
|Submit:0:the line 'batch_id = 170167.0' was unused by DAGMAN. Is it a typo?
|Submit:0:the line 'batch_name = transport_linetrack_17_10_action_shield.dag+170167' was unused by DAGMAN. Is it a typo?
07/06/26 15:56:58 Job submit try 3/6 failed, will try again in >= 4 seconds.
07/06/26 15:57:03 Submitting HTCondor Node COLLECT job(s)...
07/06/26 15:57:03 Submitting node COLLECT from file submissions/action_shield/transport_linetrack/transport_linetrack_17_10_action_shield_collect.sub using direct job submission
07/06/26 15:57:03 ERROR: submit attempt failed, errno=2 No such file or directory
07/06/26 15:57:03 could not open submit file : submissions/action_shield/transport_linetrack/transport_linetrack_17_10_action_shield_collect.sub - can't open file submissions/action_shield/transport_linetrack/transport_linetrack_17_10_action_shield_collect.sub: No such file or directory
07/06/26 15:57:03 Submit warning: Submit:0:the line 'accounting_group_user = atml_team041' was unused by DAGMAN. Is it a typo?
|Submit:0:the line 'accounting_group = teaching' was unused by DAGMAN. Is it a typo?
|Submit:0:the line 'keep_claim_idle = 20' was unused by DAGMAN. Is it a typo?
|Submit:0:the line 'batch_id = 170167.0' was unused by DAGMAN. Is it a typo?
|Submit:0:the line 'batch_name = transport_linetrack_17_10_action_shield.dag+170167' was unused by DAGMAN. Is it a typo?
07/06/26 15:57:03 Job submit try 4/6 failed, will try again in >= 8 seconds.
07/06/26 15:57:14 Submitting HTCondor Node COLLECT job(s)...
07/06/26 15:57:14 Submitting node COLLECT from file submissions/action_shield/transport_linetrack/transport_linetrack_17_10_action_shield_collect.sub using direct job submission
07/06/26 15:57:14 ERROR: submit attempt failed, errno=2 No such file or directory
07/06/26 15:57:14 could not open submit file : submissions/action_shield/transport_linetrack/transport_linetrack_17_10_action_shield_collect.sub - can't open file submissions/action_shield/transport_linetrack/transport_linetrack_17_10_action_shield_collect.sub: No such file or directory
07/06/26 15:57:14 Submit warning: Submit:0:the line 'accounting_group_user = atml_team041' was unused by DAGMAN. Is it a typo?
|Submit:0:the line 'accounting_group = teaching' was unused by DAGMAN. Is it a typo?
|Submit:0:the line 'keep_claim_idle = 20' was unused by DAGMAN. Is it a typo?
|Submit:0:the line 'batch_id = 170167.0' was unused by DAGMAN. Is it a typo?
|Submit:0:the line 'batch_name = transport_linetrack_17_10_action_shield.dag+170167' was unused by DAGMAN. Is it a typo?
07/06/26 15:57:14 Job submit try 5/6 failed, will try again in >= 16 seconds.
07/06/26 15:57:31 Submitting HTCondor Node COLLECT job(s)...
07/06/26 15:57:31 Submitting node COLLECT from file submissions/action_shield/transport_linetrack/transport_linetrack_17_10_action_shield_collect.sub using direct job submission
07/06/26 15:57:31 ERROR: submit attempt failed, errno=2 No such file or directory
07/06/26 15:57:31 could not open submit file : submissions/action_shield/transport_linetrack/transport_linetrack_17_10_action_shield_collect.sub - can't open file submissions/action_shield/transport_linetrack/transport_linetrack_17_10_action_shield_collect.sub: No such file or directory
07/06/26 15:57:31 Submit warning: Submit:0:the line 'accounting_group_user = atml_team041' was unused by DAGMAN. Is it a typo?
|Submit:0:the line 'accounting_group = teaching' was unused by DAGMAN. Is it a typo?
|Submit:0:the line 'keep_claim_idle = 20' was unused by DAGMAN. Is it a typo?
|Submit:0:the line 'batch_id = 170167.0' was unused by DAGMAN. Is it a typo?
|Submit:0:the line 'batch_name = transport_linetrack_17_10_action_shield.dag+170167' was unused by DAGMAN. Is it a typo?
07/06/26 15:57:31 Node submit failed after 6 tries.
07/06/26 15:57:31 Shortcutting node COLLECT retries because of submit failure(s)
07/06/26 15:57:31 DAG status: 2 (DAG_STATUS_NODE_FAILED)
07/06/26 15:57:31 Of 5 nodes total:
07/06/26 15:57:31  Done     Pre   Queued    Post   Ready   Un-Ready   Failed   Futile
07/06/26 15:57:31   ===     ===      ===     ===     ===        ===      ===      ===
07/06/26 15:57:31     0       0        0       0       0          0        1        4
07/06/26 15:57:31 0 job proc(s) currently held
07/06/26 15:57:31 DAGMan Runtime Statistics: [EventCycleTimeAvg=0.380; EventCycleTimeMax=1.001; EventCycleTimeMin=0.004; EventCycleTimeStd=0.515; EventCycleTimeSum=3.037; SleepCycleTimeAvg=5.003; SleepCycleTimeMax=5.005; SleepCycleTimeMin=5.002; SleepCycleTimeStd=0.001; SleepCycleTimeSum=40.026; SubmitCycleTimeAvg=0.337; SubmitCycleTimeMax=1.001; SubmitCycleTimeMin=0.004; SubmitCycleTimeStd=0.498; SubmitCycleTimeSum=3.031; EventCycleTimeCount=8.000; SleepCycleTimeCount=8.000; SubmitCycleTimeCount=9.000; LogProcessCycleTimeSum=0.000; LogProcessCycleTimeCount=0.000; ]
07/06/26 15:57:31 ERROR: the following job(s) failed:
07/06/26 15:57:31 ---------------------- Node ----------------------
07/06/26 15:57:31       Node Name: COLLECT
07/06/26 15:57:31            Noop: false
07/06/26 15:57:31          NodeID: 0
07/06/26 15:57:31     Node Status: STATUS_ERROR    
07/06/26 15:57:31 Node return val: -1
07/06/26 15:57:31           Error: Job submit failed
07/06/26 15:57:31 Job Submit File: submissions/action_shield/transport_linetrack/transport_linetrack_17_10_action_shield_collect.sub
07/06/26 15:57:31  HTCondor Job ID: [not yet submitted]
07/06/26 15:57:31 PARENTS:  WAITING: 0 CHILDREN: MERGE_COLLECTION
07/06/26 15:57:31 ---------------------------------------	<END>
07/06/26 15:57:31 Aborting DAG...
07/06/26 15:57:31 Writing Rescue DAG to transport_linetrack_17_10_action_shield.dag.rescue001...
07/06/26 15:57:31 Removing submitted jobs...
07/06/26 15:57:31 Removing any/all submitted HTCondor jobs...
07/06/26 15:57:31 Running: /usr/bin/condor_rm -const DAGManJobId==170167 -reason DAG' 'Abort:' 'DAG' 'is' 'exiting' 'and' 'writing' 'rescue' 'file.
07/06/26 15:57:31 Note: 0 total node deferrals because of -MaxJobs limit (0)
07/06/26 15:57:31 Note: 0 total node deferrals because of -MaxIdle limit (1000)
07/06/26 15:57:31 Note: 0 total node deferrals because of node category throttles
07/06/26 15:57:31 Note: 0 total PRE script deferrals because of -MaxPre limit (20) or DEFER
07/06/26 15:57:31 Note: 0 total POST script deferrals because of -MaxPost limit (20) or DEFER
07/06/26 15:57:31 Note: 0 total HOLD script deferrals because of -MaxHold limit (20) or DEFER
07/06/26 15:57:31 DAG status: 2 (DAG_STATUS_NODE_FAILED)
07/06/26 15:57:31 Of 5 nodes total:
07/06/26 15:57:31  Done     Pre   Queued    Post   Ready   Un-Ready   Failed   Futile
07/06/26 15:57:31   ===     ===      ===     ===     ===        ===      ===      ===
07/06/26 15:57:31     0       0        0       0       0          0        1        4
07/06/26 15:57:31 0 job proc(s) currently held
07/06/26 15:57:31 DAGMan Runtime Statistics: [EventCycleTimeAvg=0.380; EventCycleTimeMax=1.001; EventCycleTimeMin=0.004; EventCycleTimeStd=0.515; EventCycleTimeSum=3.037; SleepCycleTimeAvg=5.003; SleepCycleTimeMax=5.005; SleepCycleTimeMin=5.002; SleepCycleTimeStd=0.001; SleepCycleTimeSum=40.026; SubmitCycleTimeAvg=0.337; SubmitCycleTimeMax=1.001; SubmitCycleTimeMin=0.004; SubmitCycleTimeStd=0.498; SubmitCycleTimeSum=3.031; EventCycleTimeCount=8.000; SleepCycleTimeCount=8.000; SubmitCycleTimeCount=9.000; LogProcessCycleTimeSum=0.000; LogProcessCycleTimeCount=0.000; ]
07/06/26 15:57:31 Wrote metrics file transport_linetrack_17_10_action_shield.dag.metrics.
07/06/26 15:57:31 DAGMan Runtime Statistics: [EventCycleTimeAvg=0.380; EventCycleTimeMax=1.001; EventCycleTimeMin=0.004; EventCycleTimeStd=0.515; EventCycleTimeSum=3.037; SleepCycleTimeAvg=5.003; SleepCycleTimeMax=5.005; SleepCycleTimeMin=5.002; SleepCycleTimeStd=0.001; SleepCycleTimeSum=40.026; SubmitCycleTimeAvg=0.337; SubmitCycleTimeMax=1.001; SubmitCycleTimeMin=0.004; SubmitCycleTimeStd=0.498; SubmitCycleTimeSum=3.031; EventCycleTimeCount=8.000; SleepCycleTimeCount=8.000; SubmitCycleTimeCount=9.000; LogProcessCycleTimeSum=0.000; LogProcessCycleTimeCount=0.000; ]
07/06/26 15:57:31 **** condor_scheduniv_exec.170167.0 (condor_DAGMAN) pid 4151728 EXITING WITH STATUS 1
07/06/26 16:02:32 ******************************************************
07/06/26 16:02:32 ** condor_scheduniv_exec.170176.0 (CONDOR_DAGMAN) STARTING UP
07/06/26 16:02:32 ** /usr/bin/condor_dagman
07/06/26 16:02:32 ** SubsystemInfo: name=DAGMAN type=DAGMAN(9) class=CLIENT(2)
07/06/26 16:02:32 ** Configuration: subsystem:DAGMAN local:<NONE> class:CLIENT
07/06/26 16:02:32 ** $CondorVersion: 24.12.19 2026-04-15 BuildID: 896241 PackageID: 24.12.19-1+deb12 GitSHA: c68f3e0e $
07/06/26 16:02:32 ** $CondorPlatform: X86_64-Debian_12 $
07/06/26 16:02:32 ** PID = 4155130 RealUID = 1620002036
07/06/26 16:02:32 ** Log last touched 7/6 15:57:31
07/06/26 16:02:32 ******************************************************
07/06/26 16:02:32 Using config source: /etc/condor/condor_config
07/06/26 16:02:32 Using local config sources: 
07/06/26 16:02:32    /etc/condor/config.d/01-submit.conf
07/06/26 16:02:32    /etc/condor/config.d/10-stash-plugin.conf
07/06/26 16:02:32    /etc/condor/config.d/23-network.config
07/06/26 16:02:32    /etc/condor/config.d/31-mail.conf
07/06/26 16:02:32    /etc/condor/config.d/35-cc-sync.conf
07/06/26 16:02:32    /etc/condor/config.d/41-periodic-remove.conf
07/06/26 16:02:32    /etc/condor/config.d/49-common.conf
07/06/26 16:02:32    /etc/condor/config.d/52-group-mapping.conf
07/06/26 16:02:32    /etc/condor/config.d/54-container.conf
07/06/26 16:02:32    /etc/condor/config.d/67-submit-transforms.conf
07/06/26 16:02:32    /etc/condor/config.d/71-submit-requirements.conf
07/06/26 16:02:32    /etc/condor/condor_config.local
07/06/26 16:02:32 config Macros = 110, Sorted = 110, StringBytes = 6396, TablesBytes = 4088
07/06/26 16:02:32 CLASSAD_CACHING is ENABLED
07/06/26 16:02:32 Daemon Log is logging: D_ALWAYS D_ERROR D_STATUS
07/06/26 16:02:32 Daemoncore: Listening at <0.0.0.0:12951> on TCP (ReliSock) and UDP (SafeSock).
07/06/26 16:02:32 DaemonCore: command socket at <10.143.248.60:12951?addrs=10.143.248.60-12951&alias=conduit.hpc.uni-saarland.de>
07/06/26 16:02:32 DaemonCore: private command socket at <10.143.248.60:12951?addrs=10.143.248.60-12951&alias=conduit.hpc.uni-saarland.de>
07/06/26 16:02:32 DAGMAN_USE_STRICT setting: 1
07/06/26 16:02:32 DAGMAN_VERBOSITY setting: 3
07/06/26 16:02:32 DAGMAN_DEBUG_CACHE_SIZE setting: 5242880
07/06/26 16:02:32 DAGMAN_DEBUG_CACHE_ENABLE setting: False
07/06/26 16:02:32 DAGMAN_SUBMIT_DELAY setting: 0
07/06/26 16:02:32 DAGMAN_MAX_SUBMIT_ATTEMPTS setting: 6
07/06/26 16:02:32 DAGMAN_STARTUP_CYCLE_DETECT setting: False
07/06/26 16:02:32 DAGMAN_USE_JOIN_NODES setting: True
07/06/26 16:02:32 DAGMAN_REPORT_GRAPH_METRICS setting: False
07/06/26 16:02:32 DAGMAN_MAX_SUBMITS_PER_INTERVAL setting: 100
07/06/26 16:02:32 DAGMAN_AGGRESSIVE_SUBMIT setting: False
07/06/26 16:02:32 DAGMAN_USER_LOG_SCAN_INTERVAL setting: 5
07/06/26 16:02:32 DAGMAN_QUEUE_UPDATE_INTERVAL setting: 300.000000
07/06/26 16:02:32 DAGMAN_DEFAULT_PRIORITY setting: 0
07/06/26 16:02:32 DAGMAN_SUPPRESS_NOTIFICATION setting: False
07/06/26 16:02:32 allow_events (DAGMAN_ALLOW_EVENTS) setting: 114
07/06/26 16:02:32 DAGMAN_RETRY_SUBMIT_FIRST setting: True
07/06/26 16:02:32 DAGMAN_RETRY_NODE_FIRST setting: False
07/06/26 16:02:32 DAGMAN_MAX_JOBS_IDLE setting: 1000
07/06/26 16:02:32 DAGMAN_MAX_JOBS_SUBMITTED setting: 0
07/06/26 16:02:32 DAGMAN_MAX_PRE_SCRIPTS setting: 20
07/06/26 16:02:32 DAGMAN_MAX_POST_SCRIPTS setting: 20
07/06/26 16:02:32 DAGMAN_MAX_HOLD_SCRIPTS setting: 20
07/06/26 16:02:32 DAGMAN_MUNGE_NODE_NAMES setting: True
07/06/26 16:02:32 DAGMAN_ALLOW_ANY_NODE_NAME_CHARACTERS setting: False
07/06/26 16:02:32 DAGMAN_PROHIBIT_MULTI_JOBS setting: False
07/06/26 16:02:32 DAGMAN_SUBMIT_DEPTH_FIRST setting: False
07/06/26 16:02:32 DAGMAN_ALWAYS_RUN_POST setting: False
07/06/26 16:02:32 DAGMAN_CONDOR_SUBMIT_EXE setting: /usr/bin/condor_submit
07/06/26 16:02:32 DAGMAN_CONDOR_RM_EXE setting: /usr/bin/condor_rm
07/06/26 16:02:32 DAGMAN_USE_DIRECT_SUBMIT setting: True
07/06/26 16:02:32 DAGMAN_PRODUCE_JOB_CREDENTIALS setting: True
07/06/26 16:02:32 DAGMAN_DEFAULT_APPEND_VARS setting: False
07/06/26 16:02:32 DAGMAN_INHERIT_ATTRS_PREFIX setting: 
07/06/26 16:02:32 DAGMAN_INHERIT_ATTRS setting: 
07/06/26 16:02:32 DAGMAN_ABORT_DUPLICATES setting: True
07/06/26 16:02:32 DAGMAN_ABORT_ON_SCARY_SUBMIT setting: True
07/06/26 16:02:32 DAGMAN_PENDING_REPORT_INTERVAL setting: 600
07/06/26 16:02:32 DAGMAN_CHECK_QUEUE_INTERVAL setting: 28800
07/06/26 16:02:32 DAGMAN_PRINT_JOB_TABLE_INTERVAL setting: 900
07/06/26 16:02:32 DAGMAN_AUTO_RESCUE setting: True
07/06/26 16:02:32 DAGMAN_MAX_RESCUE_NUM setting: 100
07/06/26 16:02:32 DAGMAN_WRITE_PARTIAL_RESCUE setting: True
07/06/26 16:02:32 DAGMAN_RESET_RETRIES_UPON_RESCUE setting: True
07/06/26 16:02:32 DAGMAN_METRICS_FILE_VERSION setting: 2
07/06/26 16:02:32 DAGMAN_DEFAULT_NODE_LOG setting: @(DAG_DIR)/@(DAG_FILE).nodes.log
07/06/26 16:02:32 DAGMAN_LOG_ON_NFS_IS_ERROR setting: False
07/06/26 16:02:32 DAGMAN_GENERATE_SUBDAG_SUBMITS setting: True
07/06/26 16:02:32 DAGMAN_MAX_JOB_HOLDS setting: 100
07/06/26 16:02:32 DAGMAN_NODE_JOB_FAILURE_TOLERANCE setting: 0
07/06/26 16:02:32 DAGMAN_HOLD_CLAIM_TIME setting: 20
07/06/26 16:02:32 DAGMAN_SUPPRESS_JOB_LOGS setting: False
07/06/26 16:02:32 DAGMAN_REMOVE_NODE_JOBS setting: True
07/06/26 16:02:32 DAGMAN_PUT_FAILED_JOBS_ON_HOLD setting: False
07/06/26 16:02:32 DAGMAN_REMOVE_JOBS_AFTER_LIMIT_CHANGE setting: False
07/06/26 16:02:32 DAGMAN will adjust edges after parsing
07/06/26 16:02:32 argv[0] == "condor_scheduniv_exec.170176.0"
07/06/26 16:02:32 argv[1] == "-Lockfile"
07/06/26 16:02:32 argv[2] == "transport_linetrack_17_10_action_shield.dag.lock"
07/06/26 16:02:32 argv[3] == "-Dag"
07/06/26 16:02:32 argv[4] == "transport_linetrack_17_10_action_shield.dag"
07/06/26 16:02:32 argv[5] == "-CsdVersion"
07/06/26 16:02:32 argv[6] == "$CondorVersion: 24.12.19 2026-04-15 BuildID: 896241 PackageID: 24.12.19-1+deb12 GitSHA: c68f3e0e $"
07/06/26 16:02:32 argv[7] == "-dagman"
07/06/26 16:02:32 argv[8] == "/usr/bin/condor_dagman"
07/06/26 16:02:32 argv[9] == "-AutoRescue"
07/06/26 16:02:32 argv[10] == "1"
07/06/26 16:02:32 argv[11] == "-DoRescueFrom"
07/06/26 16:02:32 argv[12] == "0"
07/06/26 16:02:32 Can't open directory "/etc/condor/passwords.d" as PRIV_ROOT, errno: 13 (Permission denied)
07/06/26 16:02:32 Can't open directory "/etc/condor/passwords.d" as PRIV_ROOT, errno: 13 (Permission denied)
07/06/26 16:02:32 Workflow batch-id: <170176.0>
07/06/26 16:02:32 Workflow batch-name: <transport_linetrack_17_10_action_shield.dag+170176>
07/06/26 16:02:32 Workflow accounting_group: <teaching>
07/06/26 16:02:32 Workflow accounting_group_user: <atml_team041>
07/06/26 16:02:32 Warning: failed to get attribute DAGNodeName
07/06/26 16:02:32 Default node log file is: </home/atml_team041/condor_tutorial/jani_env/experiments/repair_wo_domain/submissions/action_shield/transport_linetrack/./transport_linetrack_17_10_action_shield.dag.nodes.log>
07/06/26 16:02:32 DAG Lockfile will be written to transport_linetrack_17_10_action_shield.dag.lock
07/06/26 16:02:32 DAG Input file is transport_linetrack_17_10_action_shield.dag
07/06/26 16:02:32 Parsing 1 dagfiles
07/06/26 16:02:32 Parsing transport_linetrack_17_10_action_shield.dag ...
07/06/26 16:02:32 Adjusting edges
07/06/26 16:02:32 Found rescue DAG number 1; running transport_linetrack_17_10_action_shield.dag.rescue001 in combination with normal DAG file
07/06/26 16:02:32 ~~~~~~~~~~~~~~~~~~~~~~~~~~~~~~~~~~~~~~~~~~~~~~~~~~~~~~
07/06/26 16:02:32 USING RESCUE DAG transport_linetrack_17_10_action_shield.dag.rescue001
07/06/26 16:02:32 Dag contains 5 total nodes
07/06/26 16:02:32 Bootstrapping...
07/06/26 16:02:32 Number of pre-completed nodes: 0
07/06/26 16:02:32 MultiLogFiles: truncating log file /home/atml_team041/condor_tutorial/jani_env/experiments/repair_wo_domain/submissions/action_shield/transport_linetrack/./transport_linetrack_17_10_action_shield.dag.nodes.log
07/06/26 16:02:32 DAG status: 0 (DAG_STATUS_OK)
07/06/26 16:02:32 Of 5 nodes total:
07/06/26 16:02:32  Done     Pre   Queued    Post   Ready   Un-Ready   Failed   Futile
07/06/26 16:02:32   ===     ===      ===     ===     ===        ===      ===      ===
07/06/26 16:02:32     0       0        0       0       1          4        0        0
07/06/26 16:02:32 0 job proc(s) currently held
07/06/26 16:02:32 DAGMan Runtime Statistics: [EventCycleTimeSum=0.000; SleepCycleTimeSum=0.000; SubmitCycleTimeSum=0.000; EventCycleTimeCount=0.000; SleepCycleTimeCount=0.000; SubmitCycleTimeCount=0.000; LogProcessCycleTimeSum=0.000; LogProcessCycleTimeCount=0.000; ]
07/06/26 16:02:32 Registering condor_event_timer...
07/06/26 16:02:33 Submitting HTCondor Node COLLECT job(s)...
07/06/26 16:02:33 Submitting node COLLECT from file transport_linetrack_17_10_action_shield_collect.sub using direct job submission
07/06/26 16:02:33 	assigned HTCondor ID (170185.0.0)
07/06/26 16:02:33 Just submitted 1 job this cycle...
07/06/26 16:02:33 DAG status: 0 (DAG_STATUS_OK)
07/06/26 16:02:33 Of 5 nodes total:
07/06/26 16:02:33  Done     Pre   Queued    Post   Ready   Un-Ready   Failed   Futile
07/06/26 16:02:33   ===     ===      ===     ===     ===        ===      ===      ===
07/06/26 16:02:33     0       0        1       0       0          4        0        0
07/06/26 16:02:33 0 job proc(s) currently held
07/06/26 16:02:33 DAGMan Runtime Statistics: [EventCycleTimeSum=0.000; SleepCycleTimeSum=0.000; SubmitCycleTimeAvg=0.227; SubmitCycleTimeMax=0.227; SubmitCycleTimeMin=0.227; SubmitCycleTimeStd=0.227; SubmitCycleTimeSum=0.227; EventCycleTimeCount=0.000; SleepCycleTimeCount=0.000; SubmitCycleTimeCount=1.000; LogProcessCycleTimeSum=0.000; LogProcessCycleTimeCount=0.000; ]
07/06/26 16:02:38 Currently monitoring 1 HTCondor log file(s)
07/06/26 16:02:38 Reassigning the id of job COLLECT from (170185.0.0) to (170185.0.0)
07/06/26 16:02:38 Event: ULOG_SUBMIT for HTCondor Node COLLECT (170185.0.0) {07/06/26 16:02:33}
07/06/26 16:02:38 Number of idle job procs: 1
07/06/26 16:02:38 Reassigning the id of job COLLECT from (170185.0.0) to (170185.1.0)
07/06/26 16:02:38 Event: ULOG_SUBMIT for HTCondor Node COLLECT (170185.1.0) {07/06/26 16:02:33}
07/06/26 16:02:38 Number of idle job procs: 2
07/06/26 16:02:38 Reassigning the id of job COLLECT from (170185.1.0) to (170185.10.0)
07/06/26 16:02:38 Event: ULOG_SUBMIT for HTCondor Node COLLECT (170185.10.0) {07/06/26 16:02:33}
07/06/26 16:02:38 Number of idle job procs: 3
07/06/26 16:02:38 Reassigning the id of job COLLECT from (170185.10.0) to (170185.11.0)
07/06/26 16:02:38 Event: ULOG_SUBMIT for HTCondor Node COLLECT (170185.11.0) {07/06/26 16:02:33}
07/06/26 16:02:38 Number of idle job procs: 4
07/06/26 16:02:38 Reassigning the id of job COLLECT from (170185.11.0) to (170185.12.0)
07/06/26 16:02:38 Event: ULOG_SUBMIT for HTCondor Node COLLECT (170185.12.0) {07/06/26 16:02:33}
07/06/26 16:02:38 Number of idle job procs: 5
07/06/26 16:02:38 Reassigning the id of job COLLECT from (170185.12.0) to (170185.13.0)
07/06/26 16:02:38 Event: ULOG_SUBMIT for HTCondor Node COLLECT (170185.13.0) {07/06/26 16:02:33}
07/06/26 16:02:38 Number of idle job procs: 6
07/06/26 16:02:38 Reassigning the id of job COLLECT from (170185.13.0) to (170185.14.0)
07/06/26 16:02:38 Event: ULOG_SUBMIT for HTCondor Node COLLECT (170185.14.0) {07/06/26 16:02:33}
07/06/26 16:02:38 Number of idle job procs: 7
07/06/26 16:02:38 Reassigning the id of job COLLECT from (170185.14.0) to (170185.15.0)
07/06/26 16:02:38 Event: ULOG_SUBMIT for HTCondor Node COLLECT (170185.15.0) {07/06/26 16:02:33}
07/06/26 16:02:38 Number of idle job procs: 8
07/06/26 16:02:38 Reassigning the id of job COLLECT from (170185.15.0) to (170185.16.0)
07/06/26 16:02:38 Event: ULOG_SUBMIT for HTCondor Node COLLECT (170185.16.0) {07/06/26 16:02:33}
07/06/26 16:02:38 Number of idle job procs: 9
07/06/26 16:02:38 Reassigning the id of job COLLECT from (170185.16.0) to (170185.17.0)
07/06/26 16:02:38 Event: ULOG_SUBMIT for HTCondor Node COLLECT (170185.17.0) {07/06/26 16:02:33}
07/06/26 16:02:38 Number of idle job procs: 10
07/06/26 16:02:38 Reassigning the id of job COLLECT from (170185.17.0) to (170185.18.0)
07/06/26 16:02:38 Event: ULOG_SUBMIT for HTCondor Node COLLECT (170185.18.0) {07/06/26 16:02:33}
07/06/26 16:02:38 Number of idle job procs: 11
07/06/26 16:02:38 Reassigning the id of job COLLECT from (170185.18.0) to (170185.19.0)
07/06/26 16:02:38 Event: ULOG_SUBMIT for HTCondor Node COLLECT (170185.19.0) {07/06/26 16:02:33}
07/06/26 16:02:38 Number of idle job procs: 12
07/06/26 16:02:38 Reassigning the id of job COLLECT from (170185.19.0) to (170185.2.0)
07/06/26 16:02:38 Event: ULOG_SUBMIT for HTCondor Node COLLECT (170185.2.0) {07/06/26 16:02:33}
07/06/26 16:02:38 Number of idle job procs: 13
07/06/26 16:02:38 Reassigning the id of job COLLECT from (170185.2.0) to (170185.20.0)
07/06/26 16:02:38 Event: ULOG_SUBMIT for HTCondor Node COLLECT (170185.20.0) {07/06/26 16:02:33}
07/06/26 16:02:38 Number of idle job procs: 14
07/06/26 16:02:38 Reassigning the id of job COLLECT from (170185.20.0) to (170185.21.0)
07/06/26 16:02:38 Event: ULOG_SUBMIT for HTCondor Node COLLECT (170185.21.0) {07/06/26 16:02:33}
07/06/26 16:02:38 Number of idle job procs: 15
07/06/26 16:02:38 Reassigning the id of job COLLECT from (170185.21.0) to (170185.22.0)
07/06/26 16:02:38 Event: ULOG_SUBMIT for HTCondor Node COLLECT (170185.22.0) {07/06/26 16:02:33}
07/06/26 16:02:38 Number of idle job procs: 16
07/06/26 16:02:38 Reassigning the id of job COLLECT from (170185.22.0) to (170185.23.0)
07/06/26 16:02:38 Event: ULOG_SUBMIT for HTCondor Node COLLECT (170185.23.0) {07/06/26 16:02:33}
07/06/26 16:02:38 Number of idle job procs: 17
07/06/26 16:02:38 Reassigning the id of job COLLECT from (170185.23.0) to (170185.24.0)
07/06/26 16:02:38 Event: ULOG_SUBMIT for HTCondor Node COLLECT (170185.24.0) {07/06/26 16:02:33}
07/06/26 16:02:38 Number of idle job procs: 18
07/06/26 16:02:38 Reassigning the id of job COLLECT from (170185.24.0) to (170185.25.0)
07/06/26 16:02:38 Event: ULOG_SUBMIT for HTCondor Node COLLECT (170185.25.0) {07/06/26 16:02:33}
07/06/26 16:02:38 Number of idle job procs: 19
07/06/26 16:02:38 Reassigning the id of job COLLECT from (170185.25.0) to (170185.26.0)
07/06/26 16:02:38 Event: ULOG_SUBMIT for HTCondor Node COLLECT (170185.26.0) {07/06/26 16:02:33}
07/06/26 16:02:38 Number of idle job procs: 20
07/06/26 16:02:38 Reassigning the id of job COLLECT from (170185.26.0) to (170185.27.0)
07/06/26 16:02:38 Event: ULOG_SUBMIT for HTCondor Node COLLECT (170185.27.0) {07/06/26 16:02:33}
07/06/26 16:02:38 Number of idle job procs: 21
07/06/26 16:02:38 Reassigning the id of job COLLECT from (170185.27.0) to (170185.28.0)
07/06/26 16:02:38 Event: ULOG_SUBMIT for HTCondor Node COLLECT (170185.28.0) {07/06/26 16:02:33}
07/06/26 16:02:38 Number of idle job procs: 22
07/06/26 16:02:38 Reassigning the id of job COLLECT from (170185.28.0) to (170185.29.0)
07/06/26 16:02:38 Event: ULOG_SUBMIT for HTCondor Node COLLECT (170185.29.0) {07/06/26 16:02:33}
07/06/26 16:02:38 Number of idle job procs: 23
07/06/26 16:02:38 Reassigning the id of job COLLECT from (170185.29.0) to (170185.3.0)
07/06/26 16:02:38 Event: ULOG_SUBMIT for HTCondor Node COLLECT (170185.3.0) {07/06/26 16:02:33}
07/06/26 16:02:38 Number of idle job procs: 24
07/06/26 16:02:38 Reassigning the id of job COLLECT from (170185.3.0) to (170185.30.0)
07/06/26 16:02:38 Event: ULOG_SUBMIT for HTCondor Node COLLECT (170185.30.0) {07/06/26 16:02:33}
07/06/26 16:02:38 Number of idle job procs: 25
07/06/26 16:02:38 Reassigning the id of job COLLECT from (170185.30.0) to (170185.31.0)
07/06/26 16:02:38 Event: ULOG_SUBMIT for HTCondor Node COLLECT (170185.31.0) {07/06/26 16:02:33}
07/06/26 16:02:38 Number of idle job procs: 26
07/06/26 16:02:38 Reassigning the id of job COLLECT from (170185.31.0) to (170185.32.0)
07/06/26 16:02:38 Event: ULOG_SUBMIT for HTCondor Node COLLECT (170185.32.0) {07/06/26 16:02:33}
07/06/26 16:02:38 Number of idle job procs: 27
07/06/26 16:02:38 Reassigning the id of job COLLECT from (170185.32.0) to (170185.33.0)
07/06/26 16:02:38 Event: ULOG_SUBMIT for HTCondor Node COLLECT (170185.33.0) {07/06/26 16:02:33}
07/06/26 16:02:38 Number of idle job procs: 28
07/06/26 16:02:38 Reassigning the id of job COLLECT from (170185.33.0) to (170185.34.0)
07/06/26 16:02:38 Event: ULOG_SUBMIT for HTCondor Node COLLECT (170185.34.0) {07/06/26 16:02:33}
07/06/26 16:02:38 Number of idle job procs: 29
07/06/26 16:02:38 Reassigning the id of job COLLECT from (170185.34.0) to (170185.35.0)
07/06/26 16:02:38 Event: ULOG_SUBMIT for HTCondor Node COLLECT (170185.35.0) {07/06/26 16:02:33}
07/06/26 16:02:38 Number of idle job procs: 30
07/06/26 16:02:38 Reassigning the id of job COLLECT from (170185.35.0) to (170185.36.0)
07/06/26 16:02:38 Event: ULOG_SUBMIT for HTCondor Node COLLECT (170185.36.0) {07/06/26 16:02:33}
07/06/26 16:02:38 Number of idle job procs: 31
07/06/26 16:02:38 Reassigning the id of job COLLECT from (170185.36.0) to (170185.37.0)
07/06/26 16:02:38 Event: ULOG_SUBMIT for HTCondor Node COLLECT (170185.37.0) {07/06/26 16:02:33}
07/06/26 16:02:38 Number of idle job procs: 32
07/06/26 16:02:38 Reassigning the id of job COLLECT from (170185.37.0) to (170185.38.0)
07/06/26 16:02:38 Event: ULOG_SUBMIT for HTCondor Node COLLECT (170185.38.0) {07/06/26 16:02:33}
07/06/26 16:02:38 Number of idle job procs: 33
07/06/26 16:02:38 Reassigning the id of job COLLECT from (170185.38.0) to (170185.39.0)
07/06/26 16:02:38 Event: ULOG_SUBMIT for HTCondor Node COLLECT (170185.39.0) {07/06/26 16:02:33}
07/06/26 16:02:38 Number of idle job procs: 34
07/06/26 16:02:38 Reassigning the id of job COLLECT from (170185.39.0) to (170185.4.0)
07/06/26 16:02:38 Event: ULOG_SUBMIT for HTCondor Node COLLECT (170185.4.0) {07/06/26 16:02:33}
07/06/26 16:02:38 Number of idle job procs: 35
07/06/26 16:02:38 Reassigning the id of job COLLECT from (170185.4.0) to (170185.5.0)
07/06/26 16:02:38 Event: ULOG_SUBMIT for HTCondor Node COLLECT (170185.5.0) {07/06/26 16:02:33}
07/06/26 16:02:38 Number of idle job procs: 36
07/06/26 16:02:38 Reassigning the id of job COLLECT from (170185.5.0) to (170185.6.0)
07/06/26 16:02:38 Event: ULOG_SUBMIT for HTCondor Node COLLECT (170185.6.0) {07/06/26 16:02:33}
07/06/26 16:02:38 Number of idle job procs: 37
07/06/26 16:02:38 Reassigning the id of job COLLECT from (170185.6.0) to (170185.7.0)
07/06/26 16:02:38 Event: ULOG_SUBMIT for HTCondor Node COLLECT (170185.7.0) {07/06/26 16:02:33}
07/06/26 16:02:38 Number of idle job procs: 38
07/06/26 16:02:38 Reassigning the id of job COLLECT from (170185.7.0) to (170185.8.0)
07/06/26 16:02:38 Event: ULOG_SUBMIT for HTCondor Node COLLECT (170185.8.0) {07/06/26 16:02:33}
07/06/26 16:02:38 Number of idle job procs: 39
07/06/26 16:02:38 Reassigning the id of job COLLECT from (170185.8.0) to (170185.9.0)
07/06/26 16:02:38 Event: ULOG_SUBMIT for HTCondor Node COLLECT (170185.9.0) {07/06/26 16:02:33}
07/06/26 16:02:38 Number of idle job procs: 40
07/06/26 16:03:43 Currently monitoring 1 HTCondor log file(s)
07/06/26 16:03:43 Event: ULOG_EXECUTE for HTCondor Node COLLECT (170185.0.0) {07/06/26 16:03:43}
07/06/26 16:03:43 Number of idle job procs: 39
07/06/26 16:03:48 Currently monitoring 1 HTCondor log file(s)
07/06/26 16:03:48 Event: ULOG_EXECUTE for HTCondor Node COLLECT (170185.1.0) {07/06/26 16:03:44}
07/06/26 16:03:48 Number of idle job procs: 38
07/06/26 16:03:48 Event: ULOG_EXECUTE for HTCondor Node COLLECT (170185.2.0) {07/06/26 16:03:44}
07/06/26 16:03:48 Number of idle job procs: 37
07/06/26 16:03:48 Event: ULOG_EXECUTE for HTCondor Node COLLECT (170185.3.0) {07/06/26 16:03:44}
07/06/26 16:03:48 Number of idle job procs: 36
07/06/26 16:03:48 Event: ULOG_EXECUTE for HTCondor Node COLLECT (170185.4.0) {07/06/26 16:03:45}
07/06/26 16:03:48 Number of idle job procs: 35
07/06/26 16:03:48 Event: ULOG_EXECUTE for HTCondor Node COLLECT (170185.5.0) {07/06/26 16:03:45}
07/06/26 16:03:48 Number of idle job procs: 34
07/06/26 16:03:48 Event: ULOG_EXECUTE for HTCondor Node COLLECT (170185.6.0) {07/06/26 16:03:47}
07/06/26 16:03:48 Number of idle job procs: 33
07/06/26 16:03:48 Event: ULOG_EXECUTE for HTCondor Node COLLECT (170185.7.0) {07/06/26 16:03:47}
07/06/26 16:03:48 Number of idle job procs: 32
07/06/26 16:03:53 Currently monitoring 1 HTCondor log file(s)
07/06/26 16:03:53 Event: ULOG_EXECUTE for HTCondor Node COLLECT (170185.8.0) {07/06/26 16:03:50}
07/06/26 16:03:53 Number of idle job procs: 31
07/06/26 16:03:53 Event: ULOG_EXECUTE for HTCondor Node COLLECT (170185.9.0) {07/06/26 16:03:50}
07/06/26 16:03:53 Number of idle job procs: 30
07/06/26 16:03:53 Event: ULOG_EXECUTE for HTCondor Node COLLECT (170185.11.0) {07/06/26 16:03:50}
07/06/26 16:03:53 Number of idle job procs: 29
07/06/26 16:03:53 Event: ULOG_EXECUTE for HTCondor Node COLLECT (170185.10.0) {07/06/26 16:03:50}
07/06/26 16:03:53 Number of idle job procs: 28
07/06/26 16:03:53 Event: ULOG_EXECUTE for HTCondor Node COLLECT (170185.12.0) {07/06/26 16:03:50}
07/06/26 16:03:53 Number of idle job procs: 27
07/06/26 16:03:53 Event: ULOG_EXECUTE for HTCondor Node COLLECT (170185.13.0) {07/06/26 16:03:50}
07/06/26 16:03:53 Number of idle job procs: 26
07/06/26 16:03:58 Currently monitoring 1 HTCondor log file(s)
07/06/26 16:03:58 Event: ULOG_EXECUTE for HTCondor Node COLLECT (170185.14.0) {07/06/26 16:03:58}
07/06/26 16:03:58 Number of idle job procs: 25
07/06/26 16:04:08 Currently monitoring 1 HTCondor log file(s)
07/06/26 16:04:08 Event: ULOG_EXECUTE for HTCondor Node COLLECT (170185.15.0) {07/06/26 16:04:05}
07/06/26 16:04:08 Number of idle job procs: 24
07/06/26 16:04:08 Event: ULOG_EXECUTE for HTCondor Node COLLECT (170185.16.0) {07/06/26 16:04:06}
07/06/26 16:04:08 Number of idle job procs: 23
07/06/26 16:04:08 Event: ULOG_EXECUTE for HTCondor Node COLLECT (170185.17.0) {07/06/26 16:04:07}
07/06/26 16:04:08 Number of idle job procs: 22
07/06/26 16:04:08 Event: ULOG_EXECUTE for HTCondor Node COLLECT (170185.19.0) {07/06/26 16:04:08}
07/06/26 16:04:08 Number of idle job procs: 21
07/06/26 16:04:08 Event: ULOG_EXECUTE for HTCondor Node COLLECT (170185.18.0) {07/06/26 16:04:08}
07/06/26 16:04:08 Number of idle job procs: 20
07/06/26 16:04:13 Currently monitoring 1 HTCondor log file(s)
07/06/26 16:04:13 Event: ULOG_EXECUTE for HTCondor Node COLLECT (170185.20.0) {07/06/26 16:04:10}
07/06/26 16:04:13 Number of idle job procs: 19
07/06/26 16:06:38 Currently monitoring 1 HTCondor log file(s)
07/06/26 16:06:38 Event: ULOG_JOB_TERMINATED for HTCondor Node COLLECT (170185.2.0) {07/06/26 16:06:37}
07/06/26 16:06:38 Number of idle job procs: 19
07/06/26 16:06:38 Node COLLECT job proc (170185.2.0) completed successfully.
07/06/26 16:06:44 Currently monitoring 1 HTCondor log file(s)
07/06/26 16:06:44 Event: ULOG_EXECUTE for HTCondor Node COLLECT (170185.21.0) {07/06/26 16:06:39}
07/06/26 16:06:44 Number of idle job procs: 18
07/06/26 16:06:44 Event: ULOG_JOB_TERMINATED for HTCondor Node COLLECT (170185.7.0) {07/06/26 16:06:41}
07/06/26 16:06:44 Number of idle job procs: 18
07/06/26 16:06:44 Node COLLECT job proc (170185.7.0) completed successfully.
07/06/26 16:06:44 Event: ULOG_EXECUTE for HTCondor Node COLLECT (170185.22.0) {07/06/26 16:06:43}
07/06/26 16:06:44 Number of idle job procs: 17
07/06/26 16:06:44 Event: ULOG_JOB_TERMINATED for HTCondor Node COLLECT (170185.5.0) {07/06/26 16:06:43}
07/06/26 16:06:44 Number of idle job procs: 17
07/06/26 16:06:44 Node COLLECT job proc (170185.5.0) completed successfully.
07/06/26 16:06:49 Currently monitoring 1 HTCondor log file(s)
07/06/26 16:06:49 Event: ULOG_EXECUTE for HTCondor Node COLLECT (170185.23.0) {07/06/26 16:06:44}
07/06/26 16:06:49 Number of idle job procs: 16
07/06/26 16:06:49 Event: ULOG_JOB_TERMINATED for HTCondor Node COLLECT (170185.3.0) {07/06/26 16:06:46}
07/06/26 16:06:49 Number of idle job procs: 16
07/06/26 16:06:49 Node COLLECT job proc (170185.3.0) completed successfully.
07/06/26 16:06:49 Event: ULOG_JOB_TERMINATED for HTCondor Node COLLECT (170185.6.0) {07/06/26 16:06:46}
07/06/26 16:06:49 Number of idle job procs: 16
07/06/26 16:06:49 Node COLLECT job proc (170185.6.0) completed successfully.
07/06/26 16:06:49 Event: ULOG_EXECUTE for HTCondor Node COLLECT (170185.24.0) {07/06/26 16:06:47}
07/06/26 16:06:49 Number of idle job procs: 15
07/06/26 16:06:49 Event: ULOG_JOB_TERMINATED for HTCondor Node COLLECT (170185.1.0) {07/06/26 16:06:47}
07/06/26 16:06:49 Number of idle job procs: 15
07/06/26 16:06:49 Node COLLECT job proc (170185.1.0) completed successfully.
07/06/26 16:06:49 Event: ULOG_EXECUTE for HTCondor Node COLLECT (170185.25.0) {07/06/26 16:06:47}
07/06/26 16:06:49 Number of idle job procs: 14
07/06/26 16:06:54 Currently monitoring 1 HTCondor log file(s)
07/06/26 16:06:54 Event: ULOG_EXECUTE for HTCondor Node COLLECT (170185.26.0) {07/06/26 16:06:49}
07/06/26 16:06:54 Number of idle job procs: 13
07/06/26 16:06:54 Event: ULOG_JOB_TERMINATED for HTCondor Node COLLECT (170185.4.0) {07/06/26 16:06:49}
07/06/26 16:06:54 Number of idle job procs: 13
07/06/26 16:06:54 Node COLLECT job proc (170185.4.0) completed successfully.
07/06/26 16:06:54 Event: ULOG_JOB_TERMINATED for HTCondor Node COLLECT (170185.17.0) {07/06/26 16:06:51}
07/06/26 16:06:54 Number of idle job procs: 13
07/06/26 16:06:54 Node COLLECT job proc (170185.17.0) completed successfully.
07/06/26 16:06:54 Event: ULOG_EXECUTE for HTCondor Node COLLECT (170185.27.0) {07/06/26 16:06:51}
07/06/26 16:06:54 Number of idle job procs: 12
07/06/26 16:06:54 Event: ULOG_JOB_TERMINATED for HTCondor Node COLLECT (170185.15.0) {07/06/26 16:06:52}
07/06/26 16:06:54 Number of idle job procs: 12
07/06/26 16:06:54 Node COLLECT job proc (170185.15.0) completed successfully.
07/06/26 16:06:54 Event: ULOG_EXECUTE for HTCondor Node COLLECT (170185.28.0) {07/06/26 16:06:52}
07/06/26 16:06:54 Number of idle job procs: 11
07/06/26 16:06:54 Event: ULOG_EXECUTE for HTCondor Node COLLECT (170185.29.0) {07/06/26 16:06:53}
07/06/26 16:06:54 Number of idle job procs: 10
07/06/26 16:07:04 Currently monitoring 1 HTCondor log file(s)
07/06/26 16:07:04 Event: ULOG_JOB_TERMINATED for HTCondor Node COLLECT (170185.16.0) {07/06/26 16:07:01}
07/06/26 16:07:04 Number of idle job procs: 10
07/06/26 16:07:04 Node COLLECT job proc (170185.16.0) completed successfully.
07/06/26 16:07:04 Event: ULOG_EXECUTE for HTCondor Node COLLECT (170185.30.0) {07/06/26 16:07:02}
07/06/26 16:07:04 Number of idle job procs: 9
07/06/26 16:07:19 Currently monitoring 1 HTCondor log file(s)
07/06/26 16:07:19 Event: ULOG_JOB_TERMINATED for HTCondor Node COLLECT (170185.19.0) {07/06/26 16:07:16}
07/06/26 16:07:19 Number of idle job procs: 9
07/06/26 16:07:19 Node COLLECT job proc (170185.19.0) completed successfully.
07/06/26 16:07:19 Event: ULOG_EXECUTE for HTCondor Node COLLECT (170185.31.0) {07/06/26 16:07:17}
07/06/26 16:07:19 Number of idle job procs: 8
07/06/26 16:07:19 Event: ULOG_JOB_TERMINATED for HTCondor Node COLLECT (170185.18.0) {07/06/26 16:07:18}
07/06/26 16:07:19 Number of idle job procs: 8
07/06/26 16:07:19 Node COLLECT job proc (170185.18.0) completed successfully.
07/06/26 16:07:24 Currently monitoring 1 HTCondor log file(s)
07/06/26 16:07:24 Event: ULOG_EXECUTE for HTCondor Node COLLECT (170185.32.0) {07/06/26 16:07:19}
07/06/26 16:07:24 Number of idle job procs: 7
07/06/26 16:07:44 Currently monitoring 1 HTCondor log file(s)
07/06/26 16:07:44 Event: ULOG_JOB_TERMINATED for HTCondor Node COLLECT (170185.14.0) {07/06/26 16:07:43}
07/06/26 16:07:44 Number of idle job procs: 7
07/06/26 16:07:44 Node COLLECT job proc (170185.14.0) completed successfully.
07/06/26 16:07:49 Currently monitoring 1 HTCondor log file(s)
07/06/26 16:07:49 Event: ULOG_EXECUTE for HTCondor Node COLLECT (170185.33.0) {07/06/26 16:07:44}
07/06/26 16:07:49 Number of idle job procs: 6
07/06/26 16:09:09 Currently monitoring 1 HTCondor log file(s)
07/06/26 16:09:09 Event: ULOG_EXECUTE for HTCondor Node COLLECT (170185.34.0) {07/06/26 16:09:06}
07/06/26 16:09:09 Number of idle job procs: 5
07/06/26 16:09:09 Event: ULOG_JOB_TERMINATED for HTCondor Node COLLECT (170185.13.0) {07/06/26 16:09:06}
07/06/26 16:09:09 Number of idle job procs: 5
07/06/26 16:09:09 Node COLLECT job proc (170185.13.0) completed successfully.
07/06/26 16:09:09 Event: ULOG_EXECUTE for HTCondor Node COLLECT (170185.35.0) {07/06/26 16:09:08}
07/06/26 16:09:09 Number of idle job procs: 4
07/06/26 16:09:29 Currently monitoring 1 HTCondor log file(s)
07/06/26 16:09:29 Event: ULOG_JOB_TERMINATED for HTCondor Node COLLECT (170185.20.0) {07/06/26 16:09:28}
07/06/26 16:09:29 Number of idle job procs: 4
07/06/26 16:09:29 Node COLLECT job proc (170185.20.0) completed successfully.
07/06/26 16:09:34 Currently monitoring 1 HTCondor log file(s)
07/06/26 16:09:34 Event: ULOG_EXECUTE for HTCondor Node COLLECT (170185.36.0) {07/06/26 16:09:29}
07/06/26 16:09:34 Number of idle job procs: 3
07/06/26 16:09:44 Currently monitoring 1 HTCondor log file(s)
07/06/26 16:09:44 Event: ULOG_JOB_TERMINATED for HTCondor Node COLLECT (170185.21.0) {07/06/26 16:09:39}
07/06/26 16:09:44 Number of idle job procs: 3
07/06/26 16:09:44 Node COLLECT job proc (170185.21.0) completed successfully.
07/06/26 16:09:44 Event: ULOG_JOB_TERMINATED for HTCondor Node COLLECT (170185.29.0) {07/06/26 16:09:40}
07/06/26 16:09:44 Number of idle job procs: 3
07/06/26 16:09:44 Node COLLECT job proc (170185.29.0) completed successfully.
07/06/26 16:09:44 Event: ULOG_EXECUTE for HTCondor Node COLLECT (170185.37.0) {07/06/26 16:09:40}
07/06/26 16:09:44 Number of idle job procs: 2
07/06/26 16:09:44 Event: ULOG_JOB_TERMINATED for HTCondor Node COLLECT (170185.25.0) {07/06/26 16:09:41}
07/06/26 16:09:44 Number of idle job procs: 2
07/06/26 16:09:44 Node COLLECT job proc (170185.25.0) completed successfully.
07/06/26 16:09:44 Event: ULOG_EXECUTE for HTCondor Node COLLECT (170185.38.0) {07/06/26 16:09:41}
07/06/26 16:09:44 Number of idle job procs: 1
07/06/26 16:09:44 Event: ULOG_JOB_TERMINATED for HTCondor Node COLLECT (170185.28.0) {07/06/26 16:09:42}
07/06/26 16:09:44 Number of idle job procs: 1
07/06/26 16:09:44 Node COLLECT job proc (170185.28.0) completed successfully.
07/06/26 16:09:44 Event: ULOG_EXECUTE for HTCondor Node COLLECT (170185.39.0) {07/06/26 16:09:42}
07/06/26 16:09:44 Number of idle job procs: 0
07/06/26 16:09:49 Currently monitoring 1 HTCondor log file(s)
07/06/26 16:09:49 Event: ULOG_JOB_TERMINATED for HTCondor Node COLLECT (170185.24.0) {07/06/26 16:09:45}
07/06/26 16:09:49 Number of idle job procs: 0
07/06/26 16:09:49 Node COLLECT job proc (170185.24.0) completed successfully.
07/06/26 16:09:49 Event: ULOG_JOB_TERMINATED for HTCondor Node COLLECT (170185.23.0) {07/06/26 16:09:45}
07/06/26 16:09:49 Number of idle job procs: 0
07/06/26 16:09:49 Node COLLECT job proc (170185.23.0) completed successfully.
07/06/26 16:09:49 Event: ULOG_JOB_TERMINATED for HTCondor Node COLLECT (170185.22.0) {07/06/26 16:09:46}
07/06/26 16:09:49 Number of idle job procs: 0
07/06/26 16:09:49 Node COLLECT job proc (170185.22.0) completed successfully.
07/06/26 16:09:49 Event: ULOG_JOB_TERMINATED for HTCondor Node COLLECT (170185.30.0) {07/06/26 16:09:46}
07/06/26 16:09:49 Number of idle job procs: 0
07/06/26 16:09:49 Node COLLECT job proc (170185.30.0) completed successfully.
07/06/26 16:09:54 Currently monitoring 1 HTCondor log file(s)
07/06/26 16:09:54 Event: ULOG_JOB_TERMINATED for HTCondor Node COLLECT (170185.26.0) {07/06/26 16:09:49}
07/06/26 16:09:54 Number of idle job procs: 0
07/06/26 16:09:54 Node COLLECT job proc (170185.26.0) completed successfully.
07/06/26 16:09:54 Event: ULOG_JOB_TERMINATED for HTCondor Node COLLECT (170185.27.0) {07/06/26 16:09:52}
07/06/26 16:09:54 Number of idle job procs: 0
07/06/26 16:09:54 Node COLLECT job proc (170185.27.0) completed successfully.
07/06/26 16:10:54 Currently monitoring 1 HTCondor log file(s)
07/06/26 16:10:54 Event: ULOG_JOB_TERMINATED for HTCondor Node COLLECT (170185.32.0) {07/06/26 16:10:53}
07/06/26 16:10:54 Number of idle job procs: 0
07/06/26 16:10:54 Node COLLECT job proc (170185.32.0) completed successfully.
07/06/26 16:10:59 Currently monitoring 1 HTCondor log file(s)
07/06/26 16:10:59 Event: ULOG_JOB_TERMINATED for HTCondor Node COLLECT (170185.31.0) {07/06/26 16:10:58}
07/06/26 16:10:59 Number of idle job procs: 0
07/06/26 16:10:59 Node COLLECT job proc (170185.31.0) completed successfully.
07/06/26 16:11:24 Currently monitoring 1 HTCondor log file(s)
07/06/26 16:11:24 Event: ULOG_JOB_TERMINATED for HTCondor Node COLLECT (170185.10.0) {07/06/26 16:11:20}
07/06/26 16:11:24 Number of idle job procs: 0
07/06/26 16:11:24 Node COLLECT job proc (170185.10.0) completed successfully.
07/06/26 16:11:24 Event: ULOG_JOB_TERMINATED for HTCondor Node COLLECT (170185.8.0) {07/06/26 16:11:20}
07/06/26 16:11:24 Number of idle job procs: 0
07/06/26 16:11:24 Node COLLECT job proc (170185.8.0) completed successfully.
07/06/26 16:11:24 Event: ULOG_JOB_TERMINATED for HTCondor Node COLLECT (170185.12.0) {07/06/26 16:11:20}
07/06/26 16:11:24 Number of idle job procs: 0
07/06/26 16:11:24 Node COLLECT job proc (170185.12.0) completed successfully.
07/06/26 16:11:24 Event: ULOG_JOB_TERMINATED for HTCondor Node COLLECT (170185.11.0) {07/06/26 16:11:20}
07/06/26 16:11:24 Number of idle job procs: 0
07/06/26 16:11:24 Node COLLECT job proc (170185.11.0) completed successfully.
07/06/26 16:11:24 Event: ULOG_JOB_TERMINATED for HTCondor Node COLLECT (170185.0.0) {07/06/26 16:11:22}
07/06/26 16:11:24 Number of idle job procs: 0
07/06/26 16:11:24 Node COLLECT job proc (170185.0.0) completed successfully.
07/06/26 16:11:24 Event: ULOG_JOB_TERMINATED for HTCondor Node COLLECT (170185.9.0) {07/06/26 16:11:23}
07/06/26 16:11:24 Number of idle job procs: 0
07/06/26 16:11:24 Node COLLECT job proc (170185.9.0) completed successfully.
07/06/26 16:11:39 Currently monitoring 1 HTCondor log file(s)
07/06/26 16:11:39 Event: ULOG_JOB_TERMINATED for HTCondor Node COLLECT (170185.33.0) {07/06/26 16:11:38}
07/06/26 16:11:39 Number of idle job procs: 0
07/06/26 16:11:39 Node COLLECT job proc (170185.33.0) completed successfully.
07/06/26 16:12:14 Currently monitoring 1 HTCondor log file(s)
07/06/26 16:12:14 Event: ULOG_JOB_TERMINATED for HTCondor Node COLLECT (170185.34.0) {07/06/26 16:12:10}
07/06/26 16:12:14 Number of idle job procs: 0
07/06/26 16:12:14 Node COLLECT job proc (170185.34.0) completed successfully.
07/06/26 16:12:29 Currently monitoring 1 HTCondor log file(s)
07/06/26 16:12:29 Event: ULOG_JOB_TERMINATED for HTCondor Node COLLECT (170185.38.0) {07/06/26 16:12:25}
07/06/26 16:12:29 Number of idle job procs: 0
07/06/26 16:12:29 Node COLLECT job proc (170185.38.0) completed successfully.
07/06/26 16:12:39 Currently monitoring 1 HTCondor log file(s)
07/06/26 16:12:39 Event: ULOG_JOB_TERMINATED for HTCondor Node COLLECT (170185.37.0) {07/06/26 16:12:37}
07/06/26 16:12:39 Number of idle job procs: 0
07/06/26 16:12:39 Node COLLECT job proc (170185.37.0) completed successfully.
07/06/26 16:12:44 Currently monitoring 1 HTCondor log file(s)
07/06/26 16:12:44 Event: ULOG_JOB_TERMINATED for HTCondor Node COLLECT (170185.39.0) {07/06/26 16:12:40}
07/06/26 16:12:44 Number of idle job procs: 0
07/06/26 16:12:44 Node COLLECT job proc (170185.39.0) completed successfully.
07/06/26 16:14:19 Currently monitoring 1 HTCondor log file(s)
07/06/26 16:14:19 Event: ULOG_JOB_TERMINATED for HTCondor Node COLLECT (170185.36.0) {07/06/26 16:14:17}
07/06/26 16:14:19 Number of idle job procs: 0
07/06/26 16:14:19 Node COLLECT job proc (170185.36.0) completed successfully.
07/06/26 16:14:39 Currently monitoring 1 HTCondor log file(s)
07/06/26 16:14:39 Event: ULOG_JOB_TERMINATED for HTCondor Node COLLECT (170185.35.0) {07/06/26 16:14:36}
07/06/26 16:14:39 Number of idle job procs: 0
07/06/26 16:14:39 Node COLLECT job proc (170185.35.0) completed successfully.
07/06/26 16:14:39 Node COLLECT job(s) have exited the queue
07/06/26 16:14:39 DAG status: 0 (DAG_STATUS_OK)
07/06/26 16:14:39 Of 5 nodes total:
07/06/26 16:14:39  Done     Pre   Queued    Post   Ready   Un-Ready   Failed   Futile
07/06/26 16:14:39   ===     ===      ===     ===     ===        ===      ===      ===
07/06/26 16:14:39     1       0        0       0       1          3        0        0
07/06/26 16:14:39 0 job proc(s) currently held
07/06/26 16:14:39 DAGMan Runtime Statistics: [EventCycleTimeAvg=0.004; EventCycleTimeMax=0.237; EventCycleTimeMin=0.000; EventCycleTimeStd=0.021; EventCycleTimeSum=0.551; SleepCycleTimeAvg=5.005; SleepCycleTimeMax=5.024; SleepCycleTimeMin=5.001; SleepCycleTimeStd=0.003; SleepCycleTimeSum=725.669; SubmitCycleTimeAvg=0.002; SubmitCycleTimeMax=0.227; SubmitCycleTimeMin=0.000; SubmitCycleTimeStd=0.019; SubmitCycleTimeSum=0.227; EventCycleTimeCount=145.000; SleepCycleTimeCount=145.000; SubmitCycleTimeCount=146.000; LogProcessCycleTimeAvg=0.009; LogProcessCycleTimeMax=0.069; LogProcessCycleTimeMin=0.002; LogProcessCycleTimeStd=0.014; LogProcessCycleTimeSum=0.295; LogProcessCycleTimeCount=32.000; ]
07/06/26 16:14:44 Submitting HTCondor Node MERGE_COLLECTION job(s)...
07/06/26 16:14:44 Submitting node MERGE_COLLECTION from file transport_linetrack_17_10_action_shield_merge_collection.sub using direct job submission
07/06/26 16:14:44 	assigned HTCondor ID (170200.0.0)
07/06/26 16:14:44 Just submitted 1 job this cycle...
07/06/26 16:14:44 DAG status: 0 (DAG_STATUS_OK)
07/06/26 16:14:44 Of 5 nodes total:
07/06/26 16:14:44  Done     Pre   Queued    Post   Ready   Un-Ready   Failed   Futile
07/06/26 16:14:44   ===     ===      ===     ===     ===        ===      ===      ===
07/06/26 16:14:44     1       0        1       0       0          3        0        0
07/06/26 16:14:44 0 job proc(s) currently held
07/06/26 16:14:44 DAGMan Runtime Statistics: [EventCycleTimeAvg=0.004; EventCycleTimeMax=0.237; EventCycleTimeMin=0.000; EventCycleTimeStd=0.021; EventCycleTimeSum=0.560; SleepCycleTimeAvg=5.005; SleepCycleTimeMax=5.024; SleepCycleTimeMin=5.001; SleepCycleTimeStd=0.003; SleepCycleTimeSum=730.672; SubmitCycleTimeAvg=0.002; SubmitCycleTimeMax=0.227; SubmitCycleTimeMin=0.000; SubmitCycleTimeStd=0.019; SubmitCycleTimeSum=0.240; EventCycleTimeCount=146.000; SleepCycleTimeCount=146.000; SubmitCycleTimeCount=147.000; LogProcessCycleTimeAvg=0.009; LogProcessCycleTimeMax=0.069; LogProcessCycleTimeMin=0.002; LogProcessCycleTimeStd=0.014; LogProcessCycleTimeSum=0.295; LogProcessCycleTimeCount=32.000; ]
07/06/26 16:14:49 Currently monitoring 1 HTCondor log file(s)
07/06/26 16:14:49 Reassigning the id of job MERGE_COLLECTION from (170200.0.0) to (170200.0.0)
07/06/26 16:14:49 Event: ULOG_SUBMIT for HTCondor Node MERGE_COLLECTION (170200.0.0) {07/06/26 16:14:44}
07/06/26 16:14:49 Number of idle job procs: 1
07/06/26 16:17:34 Total jobs placed to AP: 41
07/06/26 16:17:34      Idle     Held     Running     Successful     Failed
07/06/26 16:17:34       ===      ===         ===            ===        ===
07/06/26 16:17:34         1        0           0             40          0
07/06/26 16:24:50 601 seconds since last log event
07/06/26 16:24:50 Pending DAG nodes:
07/06/26 16:24:50   Node MERGE_COLLECTION, HTCondor ID 170200, status STATUS_SUBMITTED
07/06/26 16:32:35 Total jobs placed to AP: 41
07/06/26 16:32:35      Idle     Held     Running     Successful     Failed
07/06/26 16:32:35       ===      ===         ===            ===        ===
07/06/26 16:32:35         1        0           0             40          0
07/06/26 16:34:50 1201 seconds since last log event
07/06/26 16:34:50 Pending DAG nodes:
07/06/26 16:34:50   Node MERGE_COLLECTION, HTCondor ID 170200, status STATUS_SUBMITTED
07/06/26 16:44:51 1802 seconds since last log event
07/06/26 16:44:51 Pending DAG nodes:
07/06/26 16:44:51   Node MERGE_COLLECTION, HTCondor ID 170200, status STATUS_SUBMITTED
07/06/26 16:47:36 Total jobs placed to AP: 41
07/06/26 16:47:36      Idle     Held     Running     Successful     Failed
07/06/26 16:47:36       ===      ===         ===            ===        ===
07/06/26 16:47:36         1        0           0             40          0
07/06/26 16:54:52 2403 seconds since last log event
07/06/26 16:54:52 Pending DAG nodes:
07/06/26 16:54:52   Node MERGE_COLLECTION, HTCondor ID 170200, status STATUS_SUBMITTED
07/06/26 17:02:37 Total jobs placed to AP: 41
07/06/26 17:02:37      Idle     Held     Running     Successful     Failed
07/06/26 17:02:37       ===      ===         ===            ===        ===
07/06/26 17:02:37         1        0           0             40          0
07/06/26 17:04:52 3003 seconds since last log event
07/06/26 17:04:52 Pending DAG nodes:
07/06/26 17:04:52   Node MERGE_COLLECTION, HTCondor ID 170200, status STATUS_SUBMITTED
07/06/26 17:11:38 Currently monitoring 1 HTCondor log file(s)
07/06/26 17:11:38 Event: ULOG_EXECUTE for HTCondor Node MERGE_COLLECTION (170200.0.0) {07/06/26 17:11:36}
07/06/26 17:11:38 Number of idle job procs: 0
07/06/26 17:17:38 Total jobs placed to AP: 41
07/06/26 17:17:38      Idle     Held     Running     Successful     Failed
07/06/26 17:17:38       ===      ===         ===            ===        ===
07/06/26 17:17:38         0        0           1             40          0
07/06/26 17:21:38 600 seconds since last log event
07/06/26 17:21:38 Pending DAG nodes:
07/06/26 17:21:38   Node MERGE_COLLECTION, HTCondor ID 170200, status STATUS_SUBMITTED
07/06/26 17:23:58 Currently monitoring 1 HTCondor log file(s)
07/06/26 17:23:58 Event: ULOG_JOB_TERMINATED for HTCondor Node MERGE_COLLECTION (170200.0.0) {07/06/26 17:23:55}
07/06/26 17:23:58 Number of idle job procs: 0
07/06/26 17:23:58 Node MERGE_COLLECTION job proc (170200.0.0) completed successfully.
07/06/26 17:23:58 Node MERGE_COLLECTION job(s) have exited the queue
07/06/26 17:23:58 DAG status: 0 (DAG_STATUS_OK)
07/06/26 17:23:58 Of 5 nodes total:
07/06/26 17:23:58  Done     Pre   Queued    Post   Ready   Un-Ready   Failed   Futile
07/06/26 17:23:58   ===     ===      ===     ===     ===        ===      ===      ===
07/06/26 17:23:58     2       0        0       0       1          2        0        0
07/06/26 17:23:58 0 job proc(s) currently held
07/06/26 17:23:58 DAGMan Runtime Statistics: [EventCycleTimeAvg=0.001; EventCycleTimeMax=0.237; EventCycleTimeMin=0.000; EventCycleTimeStd=0.008; EventCycleTimeSum=0.880; SleepCycleTimeAvg=5.005; SleepCycleTimeMax=5.027; SleepCycleTimeMin=5.000; SleepCycleTimeStd=0.003; SleepCycleTimeSum=4884.613; SubmitCycleTimeAvg=0.000; SubmitCycleTimeMax=0.227; SubmitCycleTimeMin=0.000; SubmitCycleTimeStd=0.007; SubmitCycleTimeSum=0.240; EventCycleTimeCount=976.000; SleepCycleTimeCount=976.000; SubmitCycleTimeCount=977.000; LogProcessCycleTimeAvg=0.009; LogProcessCycleTimeMax=0.069; LogProcessCycleTimeMin=0.002; LogProcessCycleTimeStd=0.014; LogProcessCycleTimeSum=0.306; LogProcessCycleTimeCount=35.000; ]
07/06/26 17:24:03 Submitting HTCondor Node TRAIN job(s)...
07/06/26 17:24:03 Submitting node TRAIN from file transport_linetrack_17_10_action_shield_train.sub using direct job submission
07/06/26 17:24:03 	assigned HTCondor ID (170219.0.0)
07/06/26 17:24:03 Just submitted 1 job this cycle...
07/06/26 17:24:03 DAG status: 0 (DAG_STATUS_OK)
07/06/26 17:24:03 Of 5 nodes total:
07/06/26 17:24:03  Done     Pre   Queued    Post   Ready   Un-Ready   Failed   Futile
07/06/26 17:24:03   ===     ===      ===     ===     ===        ===      ===      ===
07/06/26 17:24:03     2       0        1       0       0          2        0        0
07/06/26 17:24:03 0 job proc(s) currently held
07/06/26 17:24:03 DAGMan Runtime Statistics: [EventCycleTimeAvg=0.001; EventCycleTimeMax=0.237; EventCycleTimeMin=0.000; EventCycleTimeStd=0.008; EventCycleTimeSum=0.886; SleepCycleTimeAvg=5.005; SleepCycleTimeMax=5.027; SleepCycleTimeMin=5.000; SleepCycleTimeStd=0.003; SleepCycleTimeSum=4889.625; SubmitCycleTimeAvg=0.000; SubmitCycleTimeMax=0.227; SubmitCycleTimeMin=0.000; SubmitCycleTimeStd=0.007; SubmitCycleTimeSum=0.254; EventCycleTimeCount=977.000; SleepCycleTimeCount=977.000; SubmitCycleTimeCount=978.000; LogProcessCycleTimeAvg=0.009; LogProcessCycleTimeMax=0.069; LogProcessCycleTimeMin=0.002; LogProcessCycleTimeStd=0.014; LogProcessCycleTimeSum=0.306; LogProcessCycleTimeCount=35.000; ]
07/06/26 17:24:08 Currently monitoring 1 HTCondor log file(s)
07/06/26 17:24:08 Reassigning the id of job TRAIN from (170219.0.0) to (170219.0.0)
07/06/26 17:24:08 Event: ULOG_SUBMIT for HTCondor Node TRAIN (170219.0.0) {07/06/26 17:24:03}
07/06/26 17:24:08 Number of idle job procs: 1
07/06/26 17:26:24 Currently monitoring 1 HTCondor log file(s)
07/06/26 17:26:24 Event: ULOG_EXECUTE for HTCondor Node TRAIN (170219.0.0) {07/06/26 17:26:20}
07/06/26 17:26:24 Number of idle job procs: 0
07/06/26 17:32:39 Total jobs placed to AP: 42
07/06/26 17:32:39      Idle     Held     Running     Successful     Failed
07/06/26 17:32:39       ===      ===         ===            ===        ===
07/06/26 17:32:39         0        0           1             41          0
07/06/26 17:36:24 600 seconds since last log event
07/06/26 17:36:24 Pending DAG nodes:
07/06/26 17:36:24   Node TRAIN, HTCondor ID 170219, status STATUS_SUBMITTED
07/06/26 17:40:09 Currently monitoring 1 HTCondor log file(s)
07/06/26 17:40:09 Event: ULOG_JOB_TERMINATED for HTCondor Node TRAIN (170219.0.0) {07/06/26 17:40:08}
07/06/26 17:40:09 Number of idle job procs: 0
07/06/26 17:40:09 Node TRAIN job proc (170219.0.0) completed successfully.
07/06/26 17:40:09 Node TRAIN job(s) have exited the queue
07/06/26 17:40:09 DAG status: 0 (DAG_STATUS_OK)
07/06/26 17:40:09 Of 5 nodes total:
07/06/26 17:40:09  Done     Pre   Queued    Post   Ready   Un-Ready   Failed   Futile
07/06/26 17:40:09   ===     ===      ===     ===     ===        ===      ===      ===
07/06/26 17:40:09     3       0        0       0       1          1        0        0
07/06/26 17:40:09 0 job proc(s) currently held
07/06/26 17:40:09 DAGMan Runtime Statistics: [EventCycleTimeAvg=0.001; EventCycleTimeMax=0.237; EventCycleTimeMin=0.000; EventCycleTimeStd=0.008; EventCycleTimeSum=1.037; SleepCycleTimeAvg=5.005; SleepCycleTimeMax=5.030; SleepCycleTimeMin=5.000; SleepCycleTimeStd=0.003; SleepCycleTimeSum=5855.487; SubmitCycleTimeAvg=0.000; SubmitCycleTimeMax=0.227; SubmitCycleTimeMin=0.000; SubmitCycleTimeStd=0.007; SubmitCycleTimeSum=0.254; EventCycleTimeCount=1170.000; SleepCycleTimeCount=1170.000; SubmitCycleTimeCount=1171.000; LogProcessCycleTimeAvg=0.009; LogProcessCycleTimeMax=0.069; LogProcessCycleTimeMin=0.002; LogProcessCycleTimeStd=0.013; LogProcessCycleTimeSum=0.324; LogProcessCycleTimeCount=38.000; ]
07/06/26 17:40:14 Submitting HTCondor Node EVALUATE job(s)...
07/06/26 17:40:14 Submitting node EVALUATE from file transport_linetrack_17_10_action_shield_evaluate.sub using direct job submission
07/06/26 17:40:15 	assigned HTCondor ID (170227.0.0)
07/06/26 17:40:15 Just submitted 1 job this cycle...
07/06/26 17:40:15 DAG status: 0 (DAG_STATUS_OK)
07/06/26 17:40:15 Of 5 nodes total:
07/06/26 17:40:15  Done     Pre   Queued    Post   Ready   Un-Ready   Failed   Futile
07/06/26 17:40:15   ===     ===      ===     ===     ===        ===      ===      ===
07/06/26 17:40:15     3       0        1       0       0          1        0        0
07/06/26 17:40:15 0 job proc(s) currently held
07/06/26 17:40:15 DAGMan Runtime Statistics: [EventCycleTimeAvg=0.001; EventCycleTimeMax=0.237; EventCycleTimeMin=0.000; EventCycleTimeStd=0.008; EventCycleTimeSum=1.058; SleepCycleTimeAvg=5.005; SleepCycleTimeMax=5.030; SleepCycleTimeMin=5.000; SleepCycleTimeStd=0.003; SleepCycleTimeSum=5860.490; SubmitCycleTimeAvg=0.000; SubmitCycleTimeMax=0.227; SubmitCycleTimeMin=0.000; SubmitCycleTimeStd=0.008; SubmitCycleTimeSum=0.380; EventCycleTimeCount=1171.000; SleepCycleTimeCount=1171.000; SubmitCycleTimeCount=1172.000; LogProcessCycleTimeAvg=0.009; LogProcessCycleTimeMax=0.069; LogProcessCycleTimeMin=0.002; LogProcessCycleTimeStd=0.013; LogProcessCycleTimeSum=0.324; LogProcessCycleTimeCount=38.000; ]
07/06/26 17:40:20 Currently monitoring 1 HTCondor log file(s)
07/06/26 17:40:20 Reassigning the id of job EVALUATE from (170227.0.0) to (170227.0.0)
07/06/26 17:40:20 Event: ULOG_SUBMIT for HTCondor Node EVALUATE (170227.0.0) {07/06/26 17:40:15}
07/06/26 17:40:20 Number of idle job procs: 1
07/06/26 17:40:20 Reassigning the id of job EVALUATE from (170227.0.0) to (170227.1.0)
07/06/26 17:40:20 Event: ULOG_SUBMIT for HTCondor Node EVALUATE (170227.1.0) {07/06/26 17:40:15}
07/06/26 17:40:20 Number of idle job procs: 2
07/06/26 17:40:20 Reassigning the id of job EVALUATE from (170227.1.0) to (170227.10.0)
07/06/26 17:40:20 Event: ULOG_SUBMIT for HTCondor Node EVALUATE (170227.10.0) {07/06/26 17:40:15}
07/06/26 17:40:20 Number of idle job procs: 3
07/06/26 17:40:20 Reassigning the id of job EVALUATE from (170227.10.0) to (170227.11.0)
07/06/26 17:40:20 Event: ULOG_SUBMIT for HTCondor Node EVALUATE (170227.11.0) {07/06/26 17:40:15}
07/06/26 17:40:20 Number of idle job procs: 4
07/06/26 17:40:20 Reassigning the id of job EVALUATE from (170227.11.0) to (170227.12.0)
07/06/26 17:40:20 Event: ULOG_SUBMIT for HTCondor Node EVALUATE (170227.12.0) {07/06/26 17:40:15}
07/06/26 17:40:20 Number of idle job procs: 5
07/06/26 17:40:20 Reassigning the id of job EVALUATE from (170227.12.0) to (170227.13.0)
07/06/26 17:40:20 Event: ULOG_SUBMIT for HTCondor Node EVALUATE (170227.13.0) {07/06/26 17:40:15}
07/06/26 17:40:20 Number of idle job procs: 6
07/06/26 17:40:20 Reassigning the id of job EVALUATE from (170227.13.0) to (170227.14.0)
07/06/26 17:40:20 Event: ULOG_SUBMIT for HTCondor Node EVALUATE (170227.14.0) {07/06/26 17:40:15}
07/06/26 17:40:20 Number of idle job procs: 7
07/06/26 17:40:20 Reassigning the id of job EVALUATE from (170227.14.0) to (170227.15.0)
07/06/26 17:40:20 Event: ULOG_SUBMIT for HTCondor Node EVALUATE (170227.15.0) {07/06/26 17:40:15}
07/06/26 17:40:20 Number of idle job procs: 8
07/06/26 17:40:20 Reassigning the id of job EVALUATE from (170227.15.0) to (170227.16.0)
07/06/26 17:40:20 Event: ULOG_SUBMIT for HTCondor Node EVALUATE (170227.16.0) {07/06/26 17:40:15}
07/06/26 17:40:20 Number of idle job procs: 9
07/06/26 17:40:20 Reassigning the id of job EVALUATE from (170227.16.0) to (170227.17.0)
07/06/26 17:40:20 Event: ULOG_SUBMIT for HTCondor Node EVALUATE (170227.17.0) {07/06/26 17:40:15}
07/06/26 17:40:20 Number of idle job procs: 10
07/06/26 17:40:20 Reassigning the id of job EVALUATE from (170227.17.0) to (170227.18.0)
07/06/26 17:40:20 Event: ULOG_SUBMIT for HTCondor Node EVALUATE (170227.18.0) {07/06/26 17:40:15}
07/06/26 17:40:20 Number of idle job procs: 11
07/06/26 17:40:20 Reassigning the id of job EVALUATE from (170227.18.0) to (170227.19.0)
07/06/26 17:40:20 Event: ULOG_SUBMIT for HTCondor Node EVALUATE (170227.19.0) {07/06/26 17:40:15}
07/06/26 17:40:20 Number of idle job procs: 12
07/06/26 17:40:20 Reassigning the id of job EVALUATE from (170227.19.0) to (170227.2.0)
07/06/26 17:40:20 Event: ULOG_SUBMIT for HTCondor Node EVALUATE (170227.2.0) {07/06/26 17:40:15}
07/06/26 17:40:20 Number of idle job procs: 13
07/06/26 17:40:20 Reassigning the id of job EVALUATE from (170227.2.0) to (170227.20.0)
07/06/26 17:40:20 Event: ULOG_SUBMIT for HTCondor Node EVALUATE (170227.20.0) {07/06/26 17:40:15}
07/06/26 17:40:20 Number of idle job procs: 14
07/06/26 17:40:20 Reassigning the id of job EVALUATE from (170227.20.0) to (170227.21.0)
07/06/26 17:40:20 Event: ULOG_SUBMIT for HTCondor Node EVALUATE (170227.21.0) {07/06/26 17:40:15}
07/06/26 17:40:20 Number of idle job procs: 15
07/06/26 17:40:20 Reassigning the id of job EVALUATE from (170227.21.0) to (170227.22.0)
07/06/26 17:40:20 Event: ULOG_SUBMIT for HTCondor Node EVALUATE (170227.22.0) {07/06/26 17:40:15}
07/06/26 17:40:20 Number of idle job procs: 16
07/06/26 17:40:20 Reassigning the id of job EVALUATE from (170227.22.0) to (170227.23.0)
07/06/26 17:40:20 Event: ULOG_SUBMIT for HTCondor Node EVALUATE (170227.23.0) {07/06/26 17:40:15}
07/06/26 17:40:20 Number of idle job procs: 17
07/06/26 17:40:20 Reassigning the id of job EVALUATE from (170227.23.0) to (170227.24.0)
07/06/26 17:40:20 Event: ULOG_SUBMIT for HTCondor Node EVALUATE (170227.24.0) {07/06/26 17:40:15}
07/06/26 17:40:20 Number of idle job procs: 18
07/06/26 17:40:20 Reassigning the id of job EVALUATE from (170227.24.0) to (170227.25.0)
07/06/26 17:40:20 Event: ULOG_SUBMIT for HTCondor Node EVALUATE (170227.25.0) {07/06/26 17:40:15}
07/06/26 17:40:20 Number of idle job procs: 19
07/06/26 17:40:20 Reassigning the id of job EVALUATE from (170227.25.0) to (170227.26.0)
07/06/26 17:40:20 Event: ULOG_SUBMIT for HTCondor Node EVALUATE (170227.26.0) {07/06/26 17:40:15}
07/06/26 17:40:20 Number of idle job procs: 20
07/06/26 17:40:20 Reassigning the id of job EVALUATE from (170227.26.0) to (170227.27.0)
07/06/26 17:40:20 Event: ULOG_SUBMIT for HTCondor Node EVALUATE (170227.27.0) {07/06/26 17:40:15}
07/06/26 17:40:20 Number of idle job procs: 21
07/06/26 17:40:20 Reassigning the id of job EVALUATE from (170227.27.0) to (170227.28.0)
07/06/26 17:40:20 Event: ULOG_SUBMIT for HTCondor Node EVALUATE (170227.28.0) {07/06/26 17:40:15}
07/06/26 17:40:20 Number of idle job procs: 22
07/06/26 17:40:20 Reassigning the id of job EVALUATE from (170227.28.0) to (170227.29.0)
07/06/26 17:40:20 Event: ULOG_SUBMIT for HTCondor Node EVALUATE (170227.29.0) {07/06/26 17:40:15}
07/06/26 17:40:20 Number of idle job procs: 23
07/06/26 17:40:20 Reassigning the id of job EVALUATE from (170227.29.0) to (170227.3.0)
07/06/26 17:40:20 Event: ULOG_SUBMIT for HTCondor Node EVALUATE (170227.3.0) {07/06/26 17:40:15}
07/06/26 17:40:20 Number of idle job procs: 24
07/06/26 17:40:20 Reassigning the id of job EVALUATE from (170227.3.0) to (170227.30.0)
07/06/26 17:40:20 Event: ULOG_SUBMIT for HTCondor Node EVALUATE (170227.30.0) {07/06/26 17:40:15}
07/06/26 17:40:20 Number of idle job procs: 25
07/06/26 17:40:20 Reassigning the id of job EVALUATE from (170227.30.0) to (170227.31.0)
07/06/26 17:40:20 Event: ULOG_SUBMIT for HTCondor Node EVALUATE (170227.31.0) {07/06/26 17:40:15}
07/06/26 17:40:20 Number of idle job procs: 26
07/06/26 17:40:20 Reassigning the id of job EVALUATE from (170227.31.0) to (170227.32.0)
07/06/26 17:40:20 Event: ULOG_SUBMIT for HTCondor Node EVALUATE (170227.32.0) {07/06/26 17:40:15}
07/06/26 17:40:20 Number of idle job procs: 27
07/06/26 17:40:20 Reassigning the id of job EVALUATE from (170227.32.0) to (170227.33.0)
07/06/26 17:40:20 Event: ULOG_SUBMIT for HTCondor Node EVALUATE (170227.33.0) {07/06/26 17:40:15}
07/06/26 17:40:20 Number of idle job procs: 28
07/06/26 17:40:20 Reassigning the id of job EVALUATE from (170227.33.0) to (170227.34.0)
07/06/26 17:40:20 Event: ULOG_SUBMIT for HTCondor Node EVALUATE (170227.34.0) {07/06/26 17:40:15}
07/06/26 17:40:20 Number of idle job procs: 29
07/06/26 17:40:20 Reassigning the id of job EVALUATE from (170227.34.0) to (170227.35.0)
07/06/26 17:40:20 Event: ULOG_SUBMIT for HTCondor Node EVALUATE (170227.35.0) {07/06/26 17:40:15}
07/06/26 17:40:20 Number of idle job procs: 30
07/06/26 17:40:20 Reassigning the id of job EVALUATE from (170227.35.0) to (170227.36.0)
07/06/26 17:40:20 Event: ULOG_SUBMIT for HTCondor Node EVALUATE (170227.36.0) {07/06/26 17:40:15}
07/06/26 17:40:20 Number of idle job procs: 31
07/06/26 17:40:20 Reassigning the id of job EVALUATE from (170227.36.0) to (170227.37.0)
07/06/26 17:40:20 Event: ULOG_SUBMIT for HTCondor Node EVALUATE (170227.37.0) {07/06/26 17:40:15}
07/06/26 17:40:20 Number of idle job procs: 32
07/06/26 17:40:20 Reassigning the id of job EVALUATE from (170227.37.0) to (170227.38.0)
07/06/26 17:40:20 Event: ULOG_SUBMIT for HTCondor Node EVALUATE (170227.38.0) {07/06/26 17:40:15}
07/06/26 17:40:20 Number of idle job procs: 33
07/06/26 17:40:20 Reassigning the id of job EVALUATE from (170227.38.0) to (170227.39.0)
07/06/26 17:40:20 Event: ULOG_SUBMIT for HTCondor Node EVALUATE (170227.39.0) {07/06/26 17:40:15}
07/06/26 17:40:20 Number of idle job procs: 34
07/06/26 17:40:20 Reassigning the id of job EVALUATE from (170227.39.0) to (170227.4.0)
07/06/26 17:40:20 Event: ULOG_SUBMIT for HTCondor Node EVALUATE (170227.4.0) {07/06/26 17:40:15}
07/06/26 17:40:20 Number of idle job procs: 35
07/06/26 17:40:20 Reassigning the id of job EVALUATE from (170227.4.0) to (170227.5.0)
07/06/26 17:40:20 Event: ULOG_SUBMIT for HTCondor Node EVALUATE (170227.5.0) {07/06/26 17:40:15}
07/06/26 17:40:20 Number of idle job procs: 36
07/06/26 17:40:20 Reassigning the id of job EVALUATE from (170227.5.0) to (170227.6.0)
07/06/26 17:40:20 Event: ULOG_SUBMIT for HTCondor Node EVALUATE (170227.6.0) {07/06/26 17:40:15}
07/06/26 17:40:20 Number of idle job procs: 37
07/06/26 17:40:20 Reassigning the id of job EVALUATE from (170227.6.0) to (170227.7.0)
07/06/26 17:40:20 Event: ULOG_SUBMIT for HTCondor Node EVALUATE (170227.7.0) {07/06/26 17:40:15}
07/06/26 17:40:20 Number of idle job procs: 38
07/06/26 17:40:20 Reassigning the id of job EVALUATE from (170227.7.0) to (170227.8.0)
07/06/26 17:40:20 Event: ULOG_SUBMIT for HTCondor Node EVALUATE (170227.8.0) {07/06/26 17:40:15}
07/06/26 17:40:20 Number of idle job procs: 39
07/06/26 17:40:20 Reassigning the id of job EVALUATE from (170227.8.0) to (170227.9.0)
07/06/26 17:40:20 Event: ULOG_SUBMIT for HTCondor Node EVALUATE (170227.9.0) {07/06/26 17:40:15}
07/06/26 17:40:20 Number of idle job procs: 40
07/06/26 17:40:20 Event: ULOG_EXECUTE for HTCondor Node EVALUATE (170227.10.0) {07/06/26 17:40:16}
07/06/26 17:40:20 Number of idle job procs: 39
07/06/26 17:40:20 Event: ULOG_EXECUTE for HTCondor Node EVALUATE (170227.9.0) {07/06/26 17:40:16}
07/06/26 17:40:20 Number of idle job procs: 38
07/06/26 17:40:20 Event: ULOG_EXECUTE for HTCondor Node EVALUATE (170227.1.0) {07/06/26 17:40:16}
07/06/26 17:40:20 Number of idle job procs: 37
07/06/26 17:40:20 Event: ULOG_EXECUTE for HTCondor Node EVALUATE (170227.19.0) {07/06/26 17:40:16}
07/06/26 17:40:20 Number of idle job procs: 36
07/06/26 17:40:20 Event: ULOG_EXECUTE for HTCondor Node EVALUATE (170227.11.0) {07/06/26 17:40:16}
07/06/26 17:40:20 Number of idle job procs: 35
07/06/26 17:40:20 Event: ULOG_EXECUTE for HTCondor Node EVALUATE (170227.20.0) {07/06/26 17:40:16}
07/06/26 17:40:20 Number of idle job procs: 34
07/06/26 17:40:20 Event: ULOG_EXECUTE for HTCondor Node EVALUATE (170227.2.0) {07/06/26 17:40:16}
07/06/26 17:40:20 Number of idle job procs: 33
07/06/26 17:40:20 Event: ULOG_EXECUTE for HTCondor Node EVALUATE (170227.0.0) {07/06/26 17:40:16}
07/06/26 17:40:20 Number of idle job procs: 32
07/06/26 17:40:20 Event: ULOG_EXECUTE for HTCondor Node EVALUATE (170227.21.0) {07/06/26 17:40:16}
07/06/26 17:40:20 Number of idle job procs: 31
07/06/26 17:40:20 Event: ULOG_EXECUTE for HTCondor Node EVALUATE (170227.6.0) {07/06/26 17:40:16}
07/06/26 17:40:20 Number of idle job procs: 30
07/06/26 17:40:20 Event: ULOG_EXECUTE for HTCondor Node EVALUATE (170227.3.0) {07/06/26 17:40:16}
07/06/26 17:40:20 Number of idle job procs: 29
07/06/26 17:40:20 Event: ULOG_EXECUTE for HTCondor Node EVALUATE (170227.5.0) {07/06/26 17:40:16}
07/06/26 17:40:20 Number of idle job procs: 28
07/06/26 17:40:20 Event: ULOG_EXECUTE for HTCondor Node EVALUATE (170227.7.0) {07/06/26 17:40:16}
07/06/26 17:40:20 Number of idle job procs: 27
07/06/26 17:40:20 Event: ULOG_EXECUTE for HTCondor Node EVALUATE (170227.8.0) {07/06/26 17:40:16}
07/06/26 17:40:20 Number of idle job procs: 26
07/06/26 17:40:20 Event: ULOG_EXECUTE for HTCondor Node EVALUATE (170227.15.0) {07/06/26 17:40:16}
07/06/26 17:40:20 Number of idle job procs: 25
07/06/26 17:40:20 Event: ULOG_EXECUTE for HTCondor Node EVALUATE (170227.17.0) {07/06/26 17:40:16}
07/06/26 17:40:20 Number of idle job procs: 24
07/06/26 17:40:20 Event: ULOG_EXECUTE for HTCondor Node EVALUATE (170227.13.0) {07/06/26 17:40:16}
07/06/26 17:40:20 Number of idle job procs: 23
07/06/26 17:40:20 Event: ULOG_EXECUTE for HTCondor Node EVALUATE (170227.12.0) {07/06/26 17:40:16}
07/06/26 17:40:20 Number of idle job procs: 22
07/06/26 17:40:20 Event: ULOG_EXECUTE for HTCondor Node EVALUATE (170227.14.0) {07/06/26 17:40:16}
07/06/26 17:40:20 Number of idle job procs: 21
07/06/26 17:40:20 Event: ULOG_EXECUTE for HTCondor Node EVALUATE (170227.4.0) {07/06/26 17:40:16}
07/06/26 17:40:20 Number of idle job procs: 20
07/06/26 17:40:20 Event: ULOG_EXECUTE for HTCondor Node EVALUATE (170227.16.0) {07/06/26 17:40:16}
07/06/26 17:40:20 Number of idle job procs: 19
07/06/26 17:40:20 Event: ULOG_EXECUTE for HTCondor Node EVALUATE (170227.18.0) {07/06/26 17:40:16}
07/06/26 17:40:20 Number of idle job procs: 18
07/06/26 17:42:00 Currently monitoring 1 HTCondor log file(s)
07/06/26 17:42:00 Event: ULOG_EXECUTE for HTCondor Node EVALUATE (170227.22.0) {07/06/26 17:41:57}
07/06/26 17:42:00 Number of idle job procs: 17
07/06/26 17:42:55 Currently monitoring 1 HTCondor log file(s)
07/06/26 17:42:55 Event: ULOG_JOB_TERMINATED for HTCondor Node EVALUATE (170227.15.0) {07/06/26 17:42:53}
07/06/26 17:42:55 Number of idle job procs: 17
07/06/26 17:42:55 Node EVALUATE job proc (170227.15.0) completed successfully.
07/06/26 17:42:55 Event: ULOG_EXECUTE for HTCondor Node EVALUATE (170227.23.0) {07/06/26 17:42:55}
07/06/26 17:42:55 Number of idle job procs: 16
07/06/26 17:43:00 Currently monitoring 1 HTCondor log file(s)
07/06/26 17:43:00 Event: ULOG_JOB_TERMINATED for HTCondor Node EVALUATE (170227.16.0) {07/06/26 17:42:59}
07/06/26 17:43:00 Number of idle job procs: 16
07/06/26 17:43:00 Node EVALUATE job proc (170227.16.0) completed successfully.
07/06/26 17:43:00 Event: ULOG_EXECUTE for HTCondor Node EVALUATE (170227.24.0) {07/06/26 17:43:00}
07/06/26 17:43:00 Number of idle job procs: 15
07/06/26 17:43:05 Currently monitoring 1 HTCondor log file(s)
07/06/26 17:43:05 Event: ULOG_JOB_TERMINATED for HTCondor Node EVALUATE (170227.10.0) {07/06/26 17:43:04}
07/06/26 17:43:05 Number of idle job procs: 15
07/06/26 17:43:05 Node EVALUATE job proc (170227.10.0) completed successfully.
07/06/26 17:43:05 Event: ULOG_JOB_TERMINATED for HTCondor Node EVALUATE (170227.9.0) {07/06/26 17:43:04}
07/06/26 17:43:05 Number of idle job procs: 15
07/06/26 17:43:05 Node EVALUATE job proc (170227.9.0) completed successfully.
07/06/26 17:43:10 Currently monitoring 1 HTCondor log file(s)
07/06/26 17:43:10 Event: ULOG_EXECUTE for HTCondor Node EVALUATE (170227.25.0) {07/06/26 17:43:05}
07/06/26 17:43:10 Number of idle job procs: 14
07/06/26 17:43:10 Event: ULOG_EXECUTE for HTCondor Node EVALUATE (170227.26.0) {07/06/26 17:43:05}
07/06/26 17:43:10 Number of idle job procs: 13
07/06/26 17:43:10 Event: ULOG_JOB_TERMINATED for HTCondor Node EVALUATE (170227.13.0) {07/06/26 17:43:06}
07/06/26 17:43:10 Number of idle job procs: 13
07/06/26 17:43:10 Node EVALUATE job proc (170227.13.0) completed successfully.
07/06/26 17:43:10 Event: ULOG_JOB_TERMINATED for HTCondor Node EVALUATE (170227.2.0) {07/06/26 17:43:07}
07/06/26 17:43:10 Number of idle job procs: 13
07/06/26 17:43:10 Node EVALUATE job proc (170227.2.0) completed successfully.
07/06/26 17:43:10 Event: ULOG_EXECUTE for HTCondor Node EVALUATE (170227.27.0) {07/06/26 17:43:07}
07/06/26 17:43:10 Number of idle job procs: 12
07/06/26 17:43:10 Event: ULOG_JOB_TERMINATED for HTCondor Node EVALUATE (170227.14.0) {07/06/26 17:43:08}
07/06/26 17:43:10 Number of idle job procs: 12
07/06/26 17:43:10 Node EVALUATE job proc (170227.14.0) completed successfully.
07/06/26 17:43:10 Event: ULOG_EXECUTE for HTCondor Node EVALUATE (170227.28.0) {07/06/26 17:43:08}
07/06/26 17:43:10 Number of idle job procs: 11
07/06/26 17:43:15 Currently monitoring 1 HTCondor log file(s)
07/06/26 17:43:15 Event: ULOG_EXECUTE for HTCondor Node EVALUATE (170227.29.0) {07/06/26 17:43:10}
07/06/26 17:43:15 Number of idle job procs: 10
07/06/26 17:43:15 Event: ULOG_JOB_TERMINATED for HTCondor Node EVALUATE (170227.17.0) {07/06/26 17:43:11}
07/06/26 17:43:15 Number of idle job procs: 10
07/06/26 17:43:15 Node EVALUATE job proc (170227.17.0) completed successfully.
07/06/26 17:43:15 Event: ULOG_JOB_TERMINATED for HTCondor Node EVALUATE (170227.3.0) {07/06/26 17:43:11}
07/06/26 17:43:15 Number of idle job procs: 10
07/06/26 17:43:15 Node EVALUATE job proc (170227.3.0) completed successfully.
07/06/26 17:43:15 Event: ULOG_JOB_TERMINATED for HTCondor Node EVALUATE (170227.1.0) {07/06/26 17:43:12}
07/06/26 17:43:15 Number of idle job procs: 10
07/06/26 17:43:15 Node EVALUATE job proc (170227.1.0) completed successfully.
07/06/26 17:43:15 Event: ULOG_JOB_TERMINATED for HTCondor Node EVALUATE (170227.7.0) {07/06/26 17:43:12}
07/06/26 17:43:15 Number of idle job procs: 10
07/06/26 17:43:15 Node EVALUATE job proc (170227.7.0) completed successfully.
07/06/26 17:43:15 Event: ULOG_EXECUTE for HTCondor Node EVALUATE (170227.30.0) {07/06/26 17:43:12}
07/06/26 17:43:15 Number of idle job procs: 9
07/06/26 17:43:15 Event: ULOG_EXECUTE for HTCondor Node EVALUATE (170227.31.0) {07/06/26 17:43:12}
07/06/26 17:43:15 Number of idle job procs: 8
07/06/26 17:43:15 Event: ULOG_JOB_TERMINATED for HTCondor Node EVALUATE (170227.5.0) {07/06/26 17:43:13}
07/06/26 17:43:15 Number of idle job procs: 8
07/06/26 17:43:15 Node EVALUATE job proc (170227.5.0) completed successfully.
07/06/26 17:43:15 Event: ULOG_EXECUTE for HTCondor Node EVALUATE (170227.32.0) {07/06/26 17:43:13}
07/06/26 17:43:15 Number of idle job procs: 7
07/06/26 17:43:15 Event: ULOG_EXECUTE for HTCondor Node EVALUATE (170227.33.0) {07/06/26 17:43:13}
07/06/26 17:43:15 Number of idle job procs: 6
07/06/26 17:43:15 Event: ULOG_EXECUTE for HTCondor Node EVALUATE (170227.34.0) {07/06/26 17:43:14}
07/06/26 17:43:15 Number of idle job procs: 5
07/06/26 17:43:15 Event: ULOG_JOB_TERMINATED for HTCondor Node EVALUATE (170227.4.0) {07/06/26 17:43:14}
07/06/26 17:43:15 Number of idle job procs: 5
07/06/26 17:43:15 Node EVALUATE job proc (170227.4.0) completed successfully.
07/06/26 17:43:15 Event: ULOG_JOB_TERMINATED for HTCondor Node EVALUATE (170227.6.0) {07/06/26 17:43:15}
07/06/26 17:43:15 Number of idle job procs: 5
07/06/26 17:43:15 Node EVALUATE job proc (170227.6.0) completed successfully.
07/06/26 17:43:20 Currently monitoring 1 HTCondor log file(s)
07/06/26 17:43:20 Event: ULOG_EXECUTE for HTCondor Node EVALUATE (170227.35.0) {07/06/26 17:43:16}
07/06/26 17:43:20 Number of idle job procs: 4
07/06/26 17:43:20 Event: ULOG_EXECUTE for HTCondor Node EVALUATE (170227.36.0) {07/06/26 17:43:16}
07/06/26 17:43:20 Number of idle job procs: 3
07/06/26 17:43:20 Event: ULOG_JOB_TERMINATED for HTCondor Node EVALUATE (170227.8.0) {07/06/26 17:43:16}
07/06/26 17:43:20 Number of idle job procs: 3
07/06/26 17:43:20 Node EVALUATE job proc (170227.8.0) completed successfully.
07/06/26 17:43:20 Event: ULOG_EXECUTE for HTCondor Node EVALUATE (170227.37.0) {07/06/26 17:43:17}
07/06/26 17:43:20 Number of idle job procs: 2
07/06/26 17:43:20 Event: ULOG_JOB_TERMINATED for HTCondor Node EVALUATE (170227.12.0) {07/06/26 17:43:19}
07/06/26 17:43:20 Number of idle job procs: 2
07/06/26 17:43:20 Node EVALUATE job proc (170227.12.0) completed successfully.
07/06/26 17:43:20 Event: ULOG_JOB_TERMINATED for HTCondor Node EVALUATE (170227.0.0) {07/06/26 17:43:19}
07/06/26 17:43:20 Number of idle job procs: 2
07/06/26 17:43:20 Node EVALUATE job proc (170227.0.0) completed successfully.
07/06/26 17:43:20 Event: ULOG_EXECUTE for HTCondor Node EVALUATE (170227.38.0) {07/06/26 17:43:20}
07/06/26 17:43:20 Number of idle job procs: 1
07/06/26 17:43:20 Event: ULOG_JOB_TERMINATED for HTCondor Node EVALUATE (170227.18.0) {07/06/26 17:43:20}
07/06/26 17:43:20 Number of idle job procs: 1
07/06/26 17:43:20 Node EVALUATE job proc (170227.18.0) completed successfully.
07/06/26 17:43:25 Currently monitoring 1 HTCondor log file(s)
07/06/26 17:43:25 Event: ULOG_EXECUTE for HTCondor Node EVALUATE (170227.39.0) {07/06/26 17:43:21}
07/06/26 17:43:25 Number of idle job procs: 0
07/06/26 17:43:50 Currently monitoring 1 HTCondor log file(s)
07/06/26 17:43:50 Event: ULOG_JOB_TERMINATED for HTCondor Node EVALUATE (170227.11.0) {07/06/26 17:43:45}
07/06/26 17:43:50 Number of idle job procs: 0
07/06/26 17:43:50 Node EVALUATE job proc (170227.11.0) completed successfully.
07/06/26 17:45:35 Currently monitoring 1 HTCondor log file(s)
07/06/26 17:45:35 Event: ULOG_JOB_TERMINATED for HTCondor Node EVALUATE (170227.22.0) {07/06/26 17:45:32}
07/06/26 17:45:35 Number of idle job procs: 0
07/06/26 17:45:35 Node EVALUATE job proc (170227.22.0) completed successfully.
07/06/26 17:45:50 Currently monitoring 1 HTCondor log file(s)
07/06/26 17:45:50 Event: ULOG_JOB_TERMINATED for HTCondor Node EVALUATE (170227.23.0) {07/06/26 17:45:49}
07/06/26 17:45:50 Number of idle job procs: 0
07/06/26 17:45:50 Node EVALUATE job proc (170227.23.0) completed successfully.
07/06/26 17:45:55 Currently monitoring 1 HTCondor log file(s)
07/06/26 17:45:55 Event: ULOG_JOB_TERMINATED for HTCondor Node EVALUATE (170227.30.0) {07/06/26 17:45:53}
07/06/26 17:45:55 Number of idle job procs: 0
07/06/26 17:45:55 Node EVALUATE job proc (170227.30.0) completed successfully.
07/06/26 17:45:55 Event: ULOG_JOB_TERMINATED for HTCondor Node EVALUATE (170227.25.0) {07/06/26 17:45:54}
07/06/26 17:45:55 Number of idle job procs: 0
07/06/26 17:45:55 Node EVALUATE job proc (170227.25.0) completed successfully.
07/06/26 17:45:55 Event: ULOG_JOB_TERMINATED for HTCondor Node EVALUATE (170227.26.0) {07/06/26 17:45:55}
07/06/26 17:45:55 Number of idle job procs: 0
07/06/26 17:45:55 Node EVALUATE job proc (170227.26.0) completed successfully.
07/06/26 17:46:00 Currently monitoring 1 HTCondor log file(s)
07/06/26 17:46:00 Event: ULOG_JOB_TERMINATED for HTCondor Node EVALUATE (170227.29.0) {07/06/26 17:45:59}
07/06/26 17:46:00 Number of idle job procs: 0
07/06/26 17:46:00 Node EVALUATE job proc (170227.29.0) completed successfully.
07/06/26 17:46:05 Currently monitoring 1 HTCondor log file(s)
07/06/26 17:46:05 Event: ULOG_JOB_TERMINATED for HTCondor Node EVALUATE (170227.28.0) {07/06/26 17:46:01}
07/06/26 17:46:05 Number of idle job procs: 0
07/06/26 17:46:05 Node EVALUATE job proc (170227.28.0) completed successfully.
07/06/26 17:46:10 Currently monitoring 1 HTCondor log file(s)
07/06/26 17:46:10 Event: ULOG_JOB_TERMINATED for HTCondor Node EVALUATE (170227.36.0) {07/06/26 17:46:05}
07/06/26 17:46:10 Number of idle job procs: 0
07/06/26 17:46:10 Node EVALUATE job proc (170227.36.0) completed successfully.
07/06/26 17:46:10 Event: ULOG_JOB_TERMINATED for HTCondor Node EVALUATE (170227.27.0) {07/06/26 17:46:06}
07/06/26 17:46:10 Number of idle job procs: 0
07/06/26 17:46:10 Node EVALUATE job proc (170227.27.0) completed successfully.
07/06/26 17:46:10 Event: ULOG_JOB_TERMINATED for HTCondor Node EVALUATE (170227.31.0) {07/06/26 17:46:07}
07/06/26 17:46:10 Number of idle job procs: 0
07/06/26 17:46:10 Node EVALUATE job proc (170227.31.0) completed successfully.
07/06/26 17:46:10 Event: ULOG_JOB_TERMINATED for HTCondor Node EVALUATE (170227.33.0) {07/06/26 17:46:08}
07/06/26 17:46:10 Number of idle job procs: 0
07/06/26 17:46:10 Node EVALUATE job proc (170227.33.0) completed successfully.
07/06/26 17:46:10 Event: ULOG_JOB_TERMINATED for HTCondor Node EVALUATE (170227.34.0) {07/06/26 17:46:09}
07/06/26 17:46:10 Number of idle job procs: 0
07/06/26 17:46:10 Node EVALUATE job proc (170227.34.0) completed successfully.
07/06/26 17:46:15 Currently monitoring 1 HTCondor log file(s)
07/06/26 17:46:15 Event: ULOG_JOB_TERMINATED for HTCondor Node EVALUATE (170227.38.0) {07/06/26 17:46:11}
07/06/26 17:46:15 Number of idle job procs: 0
07/06/26 17:46:15 Node EVALUATE job proc (170227.38.0) completed successfully.
07/06/26 17:46:15 Event: ULOG_JOB_TERMINATED for HTCondor Node EVALUATE (170227.32.0) {07/06/26 17:46:11}
07/06/26 17:46:15 Number of idle job procs: 0
07/06/26 17:46:15 Node EVALUATE job proc (170227.32.0) completed successfully.
07/06/26 17:46:15 Event: ULOG_JOB_TERMINATED for HTCondor Node EVALUATE (170227.39.0) {07/06/26 17:46:15}
07/06/26 17:46:15 Number of idle job procs: 0
07/06/26 17:46:15 Node EVALUATE job proc (170227.39.0) completed successfully.
07/06/26 17:46:20 Currently monitoring 1 HTCondor log file(s)
07/06/26 17:46:20 Event: ULOG_JOB_TERMINATED for HTCondor Node EVALUATE (170227.37.0) {07/06/26 17:46:16}
07/06/26 17:46:20 Number of idle job procs: 0
07/06/26 17:46:20 Node EVALUATE job proc (170227.37.0) completed successfully.
07/06/26 17:46:20 Event: ULOG_JOB_TERMINATED for HTCondor Node EVALUATE (170227.35.0) {07/06/26 17:46:17}
07/06/26 17:46:20 Number of idle job procs: 0
07/06/26 17:46:20 Node EVALUATE job proc (170227.35.0) completed successfully.
07/06/26 17:46:40 Currently monitoring 1 HTCondor log file(s)
07/06/26 17:46:40 Event: ULOG_JOB_TERMINATED for HTCondor Node EVALUATE (170227.24.0) {07/06/26 17:46:35}
07/06/26 17:46:40 Number of idle job procs: 0
07/06/26 17:46:40 Node EVALUATE job proc (170227.24.0) completed successfully.
07/06/26 17:47:40 Total jobs placed to AP: 82
07/06/26 17:47:40      Idle     Held     Running     Successful     Failed
07/06/26 17:47:40       ===      ===         ===            ===        ===
07/06/26 17:47:40         0        0           3             79          0
07/06/26 17:48:05 Currently monitoring 1 HTCondor log file(s)
07/06/26 17:48:05 Event: ULOG_JOB_TERMINATED for HTCondor Node EVALUATE (170227.21.0) {07/06/26 17:48:02}
07/06/26 17:48:05 Number of idle job procs: 0
07/06/26 17:48:05 Node EVALUATE job proc (170227.21.0) completed successfully.
07/06/26 17:48:10 Currently monitoring 1 HTCondor log file(s)
07/06/26 17:48:10 Event: ULOG_JOB_TERMINATED for HTCondor Node EVALUATE (170227.20.0) {07/06/26 17:48:07}
07/06/26 17:48:10 Number of idle job procs: 0
07/06/26 17:48:10 Node EVALUATE job proc (170227.20.0) completed successfully.
07/06/26 17:48:20 Currently monitoring 1 HTCondor log file(s)
07/06/26 17:48:20 Event: ULOG_JOB_TERMINATED for HTCondor Node EVALUATE (170227.19.0) {07/06/26 17:48:18}
07/06/26 17:48:20 Number of idle job procs: 0
07/06/26 17:48:20 Node EVALUATE job proc (170227.19.0) completed successfully.
07/06/26 17:48:20 Node EVALUATE job(s) have exited the queue
07/06/26 17:48:20 DAG status: 0 (DAG_STATUS_OK)
07/06/26 17:48:20 Of 5 nodes total:
07/06/26 17:48:20  Done     Pre   Queued    Post   Ready   Un-Ready   Failed   Futile
07/06/26 17:48:20   ===     ===      ===     ===     ===        ===      ===      ===
07/06/26 17:48:20     4       0        0       0       1          0        0        0
07/06/26 17:48:20 0 job proc(s) currently held
07/06/26 17:48:20 DAGMan Runtime Statistics: [EventCycleTimeAvg=0.001; EventCycleTimeMax=0.237; EventCycleTimeMin=0.000; EventCycleTimeStd=0.009; EventCycleTimeSum=1.489; SleepCycleTimeAvg=5.005; SleepCycleTimeMax=5.030; SleepCycleTimeMin=5.000; SleepCycleTimeStd=0.003; SleepCycleTimeSum=6345.915; SubmitCycleTimeAvg=0.000; SubmitCycleTimeMax=0.227; SubmitCycleTimeMin=0.000; SubmitCycleTimeStd=0.007; SubmitCycleTimeSum=0.380; EventCycleTimeCount=1268.000; SleepCycleTimeCount=1268.000; SubmitCycleTimeCount=1269.000; LogProcessCycleTimeAvg=0.010; LogProcessCycleTimeMax=0.129; LogProcessCycleTimeMin=0.002; LogProcessCycleTimeStd=0.019; LogProcessCycleTimeSum=0.606; LogProcessCycleTimeCount=60.000; ]
07/06/26 17:48:25 Submitting HTCondor Node MERGE_EVALUATION job(s)...
07/06/26 17:48:25 Submitting node MERGE_EVALUATION from file transport_linetrack_17_10_action_shield_merge_evaluation.sub using direct job submission
07/06/26 17:48:25 	assigned HTCondor ID (170234.0.0)
07/06/26 17:48:25 Just submitted 1 job this cycle...
07/06/26 17:48:25 DAG status: 0 (DAG_STATUS_OK)
07/06/26 17:48:25 Of 5 nodes total:
07/06/26 17:48:25  Done     Pre   Queued    Post   Ready   Un-Ready   Failed   Futile
07/06/26 17:48:25   ===     ===      ===     ===     ===        ===      ===      ===
07/06/26 17:48:25     4       0        1       0       0          0        0        0
07/06/26 17:48:25 0 job proc(s) currently held
07/06/26 17:48:25 DAGMan Runtime Statistics: [EventCycleTimeAvg=0.001; EventCycleTimeMax=0.237; EventCycleTimeMin=0.000; EventCycleTimeStd=0.009; EventCycleTimeSum=1.496; SleepCycleTimeAvg=5.005; SleepCycleTimeMax=5.030; SleepCycleTimeMin=5.000; SleepCycleTimeStd=0.003; SleepCycleTimeSum=6350.918; SubmitCycleTimeAvg=0.000; SubmitCycleTimeMax=0.227; SubmitCycleTimeMin=0.000; SubmitCycleTimeStd=0.007; SubmitCycleTimeSum=0.395; EventCycleTimeCount=1269.000; SleepCycleTimeCount=1269.000; SubmitCycleTimeCount=1270.000; LogProcessCycleTimeAvg=0.010; LogProcessCycleTimeMax=0.129; LogProcessCycleTimeMin=0.002; LogProcessCycleTimeStd=0.019; LogProcessCycleTimeSum=0.606; LogProcessCycleTimeCount=60.000; ]
07/06/26 17:48:30 Currently monitoring 1 HTCondor log file(s)
07/06/26 17:48:30 Reassigning the id of job MERGE_EVALUATION from (170234.0.0) to (170234.0.0)
07/06/26 17:48:30 Event: ULOG_SUBMIT for HTCondor Node MERGE_EVALUATION (170234.0.0) {07/06/26 17:48:25}
07/06/26 17:48:30 Number of idle job procs: 1
07/06/26 17:48:30 Event: ULOG_EXECUTE for HTCondor Node MERGE_EVALUATION (170234.0.0) {07/06/26 17:48:27}
07/06/26 17:48:30 Number of idle job procs: 0
07/06/26 17:48:30 Event: ULOG_JOB_TERMINATED for HTCondor Node MERGE_EVALUATION (170234.0.0) {07/06/26 17:48:30}
07/06/26 17:48:30 Number of idle job procs: 0
07/06/26 17:48:30 Node MERGE_EVALUATION job proc (170234.0.0) completed successfully.
07/06/26 17:48:30 Node MERGE_EVALUATION job(s) have exited the queue
07/06/26 17:48:30 DAG status: 0 (DAG_STATUS_OK)
07/06/26 17:48:30 Of 5 nodes total:
07/06/26 17:48:30  Done     Pre   Queued    Post   Ready   Un-Ready   Failed   Futile
07/06/26 17:48:30   ===     ===      ===     ===     ===        ===      ===      ===
07/06/26 17:48:30     5       0        0       0       0          0        0        0
07/06/26 17:48:30 0 job proc(s) currently held
07/06/26 17:48:30 DAGMan Runtime Statistics: [EventCycleTimeAvg=0.001; EventCycleTimeMax=0.237; EventCycleTimeMin=0.000; EventCycleTimeStd=0.009; EventCycleTimeSum=1.520; SleepCycleTimeAvg=5.005; SleepCycleTimeMax=5.030; SleepCycleTimeMin=5.000; SleepCycleTimeStd=0.003; SleepCycleTimeSum=6355.921; SubmitCycleTimeAvg=0.000; SubmitCycleTimeMax=0.227; SubmitCycleTimeMin=0.000; SubmitCycleTimeStd=0.007; SubmitCycleTimeSum=0.395; EventCycleTimeCount=1270.000; SleepCycleTimeCount=1270.000; SubmitCycleTimeCount=1271.000; LogProcessCycleTimeAvg=0.010; LogProcessCycleTimeMax=0.129; LogProcessCycleTimeMin=0.002; LogProcessCycleTimeStd=0.019; LogProcessCycleTimeSum=0.614; LogProcessCycleTimeCount=61.000; ]
07/06/26 17:48:30 All jobs Completed!
07/06/26 17:48:30 Note: 0 total node deferrals because of -MaxJobs limit (0)
07/06/26 17:48:30 Note: 0 total node deferrals because of -MaxIdle limit (1000)
07/06/26 17:48:30 Note: 0 total node deferrals because of node category throttles
07/06/26 17:48:30 Note: 0 total PRE script deferrals because of -MaxPre limit (20) or DEFER
07/06/26 17:48:30 Note: 0 total POST script deferrals because of -MaxPost limit (20) or DEFER
07/06/26 17:48:30 Note: 0 total HOLD script deferrals because of -MaxHold limit (20) or DEFER
07/06/26 17:48:30 DAG status: 0 (DAG_STATUS_OK)
07/06/26 17:48:30 Of 5 nodes total:
07/06/26 17:48:30  Done     Pre   Queued    Post   Ready   Un-Ready   Failed   Futile
07/06/26 17:48:30   ===     ===      ===     ===     ===        ===      ===      ===
07/06/26 17:48:30     5       0        0       0       0          0        0        0
07/06/26 17:48:30 0 job proc(s) currently held
07/06/26 17:48:30 DAGMan Runtime Statistics: [EventCycleTimeAvg=0.001; EventCycleTimeMax=0.237; EventCycleTimeMin=0.000; EventCycleTimeStd=0.009; EventCycleTimeSum=1.520; SleepCycleTimeAvg=5.005; SleepCycleTimeMax=5.030; SleepCycleTimeMin=5.000; SleepCycleTimeStd=0.003; SleepCycleTimeSum=6355.921; SubmitCycleTimeAvg=0.000; SubmitCycleTimeMax=0.227; SubmitCycleTimeMin=0.000; SubmitCycleTimeStd=0.007; SubmitCycleTimeSum=0.395; EventCycleTimeCount=1270.000; SleepCycleTimeCount=1270.000; SubmitCycleTimeCount=1271.000; LogProcessCycleTimeAvg=0.010; LogProcessCycleTimeMax=0.129; LogProcessCycleTimeMin=0.002; LogProcessCycleTimeStd=0.019; LogProcessCycleTimeSum=0.614; LogProcessCycleTimeCount=61.000; ]
07/06/26 17:48:30 Wrote metrics file transport_linetrack_17_10_action_shield.dag.metrics.
07/06/26 17:48:30 DAGMan Runtime Statistics: [EventCycleTimeAvg=0.001; EventCycleTimeMax=0.237; EventCycleTimeMin=0.000; EventCycleTimeStd=0.009; EventCycleTimeSum=1.520; SleepCycleTimeAvg=5.005; SleepCycleTimeMax=5.030; SleepCycleTimeMin=5.000; SleepCycleTimeStd=0.003; SleepCycleTimeSum=6355.921; SubmitCycleTimeAvg=0.000; SubmitCycleTimeMax=0.227; SubmitCycleTimeMin=0.000; SubmitCycleTimeStd=0.007; SubmitCycleTimeSum=0.395; EventCycleTimeCount=1270.000; SleepCycleTimeCount=1270.000; SubmitCycleTimeCount=1271.000; LogProcessCycleTimeAvg=0.010; LogProcessCycleTimeMax=0.129; LogProcessCycleTimeMin=0.002; LogProcessCycleTimeStd=0.019; LogProcessCycleTimeSum=0.614; LogProcessCycleTimeCount=61.000; ]
07/06/26 17:48:30 **** condor_scheduniv_exec.170176.0 (condor_DAGMAN) pid 4155130 EXITING WITH STATUS 0
07/08/26 19:38:35 ******************************************************
07/08/26 19:38:35 ** condor_scheduniv_exec.170719.0 (CONDOR_DAGMAN) STARTING UP
07/08/26 19:38:35 ** /usr/bin/condor_dagman
07/08/26 19:38:35 ** SubsystemInfo: name=DAGMAN type=DAGMAN(9) class=CLIENT(2)
07/08/26 19:38:35 ** Configuration: subsystem:DAGMAN local:<NONE> class:CLIENT
07/08/26 19:38:35 ** $CondorVersion: 24.12.19 2026-04-15 BuildID: 896241 PackageID: 24.12.19-1+deb12 GitSHA: c68f3e0e $
07/08/26 19:38:35 ** $CondorPlatform: X86_64-Debian_12 $
07/08/26 19:38:35 ** PID = 1200920 RealUID = 1620002036
07/08/26 19:38:35 ** Log last touched 7/6 17:48:30
07/08/26 19:38:35 ******************************************************
07/08/26 19:38:35 Using config source: /etc/condor/condor_config
07/08/26 19:38:35 Using local config sources: 
07/08/26 19:38:35    /etc/condor/config.d/01-submit.conf
07/08/26 19:38:35    /etc/condor/config.d/10-stash-plugin.conf
07/08/26 19:38:35    /etc/condor/config.d/23-network.config
07/08/26 19:38:35    /etc/condor/config.d/31-mail.conf
07/08/26 19:38:35    /etc/condor/config.d/35-cc-sync.conf
07/08/26 19:38:35    /etc/condor/config.d/41-periodic-remove.conf
07/08/26 19:38:35    /etc/condor/config.d/49-common.conf
07/08/26 19:38:35    /etc/condor/config.d/52-group-mapping.conf
07/08/26 19:38:35    /etc/condor/config.d/54-container.conf
07/08/26 19:38:35    /etc/condor/config.d/67-submit-transforms.conf
07/08/26 19:38:35    /etc/condor/config.d/71-submit-requirements.conf
07/08/26 19:38:35    /etc/condor/condor_config.local
07/08/26 19:38:35 config Macros = 110, Sorted = 110, StringBytes = 6391, TablesBytes = 4088
07/08/26 19:38:35 CLASSAD_CACHING is ENABLED
07/08/26 19:38:35 Daemon Log is logging: D_ALWAYS D_ERROR D_STATUS
07/08/26 19:38:35 Daemoncore: Listening at <0.0.0.0:23281> on TCP (ReliSock) and UDP (SafeSock).
07/08/26 19:38:35 DaemonCore: command socket at <10.143.248.60:23281?addrs=10.143.248.60-23281&alias=conduit.hpc.uni-saarland.de>
07/08/26 19:38:35 DaemonCore: private command socket at <10.143.248.60:23281?addrs=10.143.248.60-23281&alias=conduit.hpc.uni-saarland.de>
07/08/26 19:38:35 DAGMAN_USE_STRICT setting: 1
07/08/26 19:38:35 DAGMAN_VERBOSITY setting: 3
07/08/26 19:38:35 DAGMAN_DEBUG_CACHE_SIZE setting: 5242880
07/08/26 19:38:35 DAGMAN_DEBUG_CACHE_ENABLE setting: False
07/08/26 19:38:35 DAGMAN_SUBMIT_DELAY setting: 0
07/08/26 19:38:35 DAGMAN_MAX_SUBMIT_ATTEMPTS setting: 6
07/08/26 19:38:35 DAGMAN_STARTUP_CYCLE_DETECT setting: False
07/08/26 19:38:35 DAGMAN_USE_JOIN_NODES setting: True
07/08/26 19:38:35 DAGMAN_REPORT_GRAPH_METRICS setting: False
07/08/26 19:38:35 DAGMAN_MAX_SUBMITS_PER_INTERVAL setting: 100
07/08/26 19:38:35 DAGMAN_AGGRESSIVE_SUBMIT setting: False
07/08/26 19:38:35 DAGMAN_USER_LOG_SCAN_INTERVAL setting: 5
07/08/26 19:38:35 DAGMAN_QUEUE_UPDATE_INTERVAL setting: 300.000000
07/08/26 19:38:35 DAGMAN_DEFAULT_PRIORITY setting: 0
07/08/26 19:38:35 DAGMAN_SUPPRESS_NOTIFICATION setting: False
07/08/26 19:38:35 allow_events (DAGMAN_ALLOW_EVENTS) setting: 114
07/08/26 19:38:35 DAGMAN_RETRY_SUBMIT_FIRST setting: True
07/08/26 19:38:35 DAGMAN_RETRY_NODE_FIRST setting: False
07/08/26 19:38:35 DAGMAN_MAX_JOBS_IDLE setting: 1000
07/08/26 19:38:35 DAGMAN_MAX_JOBS_SUBMITTED setting: 0
07/08/26 19:38:35 DAGMAN_MAX_PRE_SCRIPTS setting: 20
07/08/26 19:38:35 DAGMAN_MAX_POST_SCRIPTS setting: 20
07/08/26 19:38:35 DAGMAN_MAX_HOLD_SCRIPTS setting: 20
07/08/26 19:38:35 DAGMAN_MUNGE_NODE_NAMES setting: True
07/08/26 19:38:35 DAGMAN_ALLOW_ANY_NODE_NAME_CHARACTERS setting: False
07/08/26 19:38:35 DAGMAN_PROHIBIT_MULTI_JOBS setting: False
07/08/26 19:38:35 DAGMAN_SUBMIT_DEPTH_FIRST setting: False
07/08/26 19:38:35 DAGMAN_ALWAYS_RUN_POST setting: False
07/08/26 19:38:35 DAGMAN_CONDOR_SUBMIT_EXE setting: /usr/bin/condor_submit
07/08/26 19:38:35 DAGMAN_CONDOR_RM_EXE setting: /usr/bin/condor_rm
07/08/26 19:38:35 DAGMAN_USE_DIRECT_SUBMIT setting: True
07/08/26 19:38:35 DAGMAN_PRODUCE_JOB_CREDENTIALS setting: True
07/08/26 19:38:35 DAGMAN_DEFAULT_APPEND_VARS setting: False
07/08/26 19:38:35 DAGMAN_INHERIT_ATTRS_PREFIX setting: 
07/08/26 19:38:35 DAGMAN_INHERIT_ATTRS setting: 
07/08/26 19:38:35 DAGMAN_ABORT_DUPLICATES setting: True
07/08/26 19:38:35 DAGMAN_ABORT_ON_SCARY_SUBMIT setting: True
07/08/26 19:38:35 DAGMAN_PENDING_REPORT_INTERVAL setting: 600
07/08/26 19:38:35 DAGMAN_CHECK_QUEUE_INTERVAL setting: 28800
07/08/26 19:38:35 DAGMAN_PRINT_JOB_TABLE_INTERVAL setting: 900
07/08/26 19:38:35 DAGMAN_AUTO_RESCUE setting: True
07/08/26 19:38:35 DAGMAN_MAX_RESCUE_NUM setting: 100
07/08/26 19:38:35 DAGMAN_WRITE_PARTIAL_RESCUE setting: True
07/08/26 19:38:35 DAGMAN_RESET_RETRIES_UPON_RESCUE setting: True
07/08/26 19:38:35 DAGMAN_METRICS_FILE_VERSION setting: 2
07/08/26 19:38:35 DAGMAN_DEFAULT_NODE_LOG setting: @(DAG_DIR)/@(DAG_FILE).nodes.log
07/08/26 19:38:35 DAGMAN_LOG_ON_NFS_IS_ERROR setting: False
07/08/26 19:38:35 DAGMAN_GENERATE_SUBDAG_SUBMITS setting: True
07/08/26 19:38:35 DAGMAN_MAX_JOB_HOLDS setting: 100
07/08/26 19:38:35 DAGMAN_NODE_JOB_FAILURE_TOLERANCE setting: 0
07/08/26 19:38:35 DAGMAN_HOLD_CLAIM_TIME setting: 20
07/08/26 19:38:35 DAGMAN_SUPPRESS_JOB_LOGS setting: False
07/08/26 19:38:35 DAGMAN_REMOVE_NODE_JOBS setting: True
07/08/26 19:38:35 DAGMAN_PUT_FAILED_JOBS_ON_HOLD setting: False
07/08/26 19:38:35 DAGMAN_REMOVE_JOBS_AFTER_LIMIT_CHANGE setting: False
07/08/26 19:38:35 DAGMAN will adjust edges after parsing
07/08/26 19:38:35 argv[0] == "condor_scheduniv_exec.170719.0"
07/08/26 19:38:35 argv[1] == "-Lockfile"
07/08/26 19:38:35 argv[2] == "transport_linetrack_17_10_action_shield.dag.lock"
07/08/26 19:38:35 argv[3] == "-Dag"
07/08/26 19:38:35 argv[4] == "transport_linetrack_17_10_action_shield.dag"
07/08/26 19:38:35 argv[5] == "-CsdVersion"
07/08/26 19:38:35 argv[6] == "$CondorVersion: 24.12.19 2026-04-15 BuildID: 896241 PackageID: 24.12.19-1+deb12 GitSHA: c68f3e0e $"
07/08/26 19:38:35 argv[7] == "-dagman"
07/08/26 19:38:35 argv[8] == "/usr/bin/condor_dagman"
07/08/26 19:38:35 argv[9] == "-AutoRescue"
07/08/26 19:38:35 argv[10] == "1"
07/08/26 19:38:35 argv[11] == "-DoRescueFrom"
07/08/26 19:38:35 argv[12] == "0"
07/08/26 19:38:35 Can't open directory "/etc/condor/passwords.d" as PRIV_ROOT, errno: 13 (Permission denied)
07/08/26 19:38:35 Can't open directory "/etc/condor/passwords.d" as PRIV_ROOT, errno: 13 (Permission denied)
07/08/26 19:38:35 Workflow batch-id: <170719.0>
07/08/26 19:38:35 Workflow batch-name: <transport_linetrack_17_10_action_shield.dag+170719>
07/08/26 19:38:35 Workflow accounting_group: <teaching>
07/08/26 19:38:35 Workflow accounting_group_user: <atml_team041>
07/08/26 19:38:35 Warning: failed to get attribute DAGNodeName
07/08/26 19:38:35 Default node log file is: </home/atml_team041/condor_tutorial/jani_env/experiments/repair_wo_domain/submissions/action_shield/transport_linetrack/./transport_linetrack_17_10_action_shield.dag.nodes.log>
07/08/26 19:38:35 DAG Lockfile will be written to transport_linetrack_17_10_action_shield.dag.lock
07/08/26 19:38:35 DAG Input file is transport_linetrack_17_10_action_shield.dag
07/08/26 19:38:35 Parsing 1 dagfiles
07/08/26 19:38:35 Parsing transport_linetrack_17_10_action_shield.dag ...
07/08/26 19:38:35 Adjusting edges
07/08/26 19:38:35 Found rescue DAG number 1; running transport_linetrack_17_10_action_shield.dag.rescue001 in combination with normal DAG file
07/08/26 19:38:35 ~~~~~~~~~~~~~~~~~~~~~~~~~~~~~~~~~~~~~~~~~~~~~~~~~~~~~~
07/08/26 19:38:35 USING RESCUE DAG transport_linetrack_17_10_action_shield.dag.rescue001
07/08/26 19:38:35 Dag contains 5 total nodes
07/08/26 19:38:35 Bootstrapping...
07/08/26 19:38:35 Number of pre-completed nodes: 0
07/08/26 19:38:35 MultiLogFiles: truncating log file /home/atml_team041/condor_tutorial/jani_env/experiments/repair_wo_domain/submissions/action_shield/transport_linetrack/./transport_linetrack_17_10_action_shield.dag.nodes.log
07/08/26 19:38:35 DAG status: 0 (DAG_STATUS_OK)
07/08/26 19:38:35 Of 5 nodes total:
07/08/26 19:38:35  Done     Pre   Queued    Post   Ready   Un-Ready   Failed   Futile
07/08/26 19:38:35   ===     ===      ===     ===     ===        ===      ===      ===
07/08/26 19:38:35     0       0        0       0       1          4        0        0
07/08/26 19:38:35 0 job proc(s) currently held
07/08/26 19:38:35 DAGMan Runtime Statistics: [EventCycleTimeSum=0.000; SleepCycleTimeSum=0.000; SubmitCycleTimeSum=0.000; EventCycleTimeCount=0.000; SleepCycleTimeCount=0.000; SubmitCycleTimeCount=0.000; LogProcessCycleTimeSum=0.000; LogProcessCycleTimeCount=0.000; ]
07/08/26 19:38:35 Registering condor_event_timer...
07/08/26 19:38:36 Submitting HTCondor Node COLLECT job(s)...
07/08/26 19:38:36 Submitting node COLLECT from file transport_linetrack_17_10_action_shield_collect.sub using direct job submission
07/08/26 19:38:36 	assigned HTCondor ID (170720.0.0)
07/08/26 19:38:36 Just submitted 1 job this cycle...
07/08/26 19:38:36 DAG status: 0 (DAG_STATUS_OK)
07/08/26 19:38:36 Of 5 nodes total:
07/08/26 19:38:36  Done     Pre   Queued    Post   Ready   Un-Ready   Failed   Futile
07/08/26 19:38:36   ===     ===      ===     ===     ===        ===      ===      ===
07/08/26 19:38:36     0       0        1       0       0          4        0        0
07/08/26 19:38:36 0 job proc(s) currently held
07/08/26 19:38:36 DAGMan Runtime Statistics: [EventCycleTimeSum=0.000; SleepCycleTimeSum=0.000; SubmitCycleTimeAvg=0.103; SubmitCycleTimeMax=0.103; SubmitCycleTimeMin=0.103; SubmitCycleTimeStd=0.103; SubmitCycleTimeSum=0.103; EventCycleTimeCount=0.000; SleepCycleTimeCount=0.000; SubmitCycleTimeCount=1.000; LogProcessCycleTimeSum=0.000; LogProcessCycleTimeCount=0.000; ]
07/08/26 19:38:41 Currently monitoring 1 HTCondor log file(s)
07/08/26 19:38:41 Reassigning the id of job COLLECT from (170720.0.0) to (170720.0.0)
07/08/26 19:38:41 Event: ULOG_SUBMIT for HTCondor Node COLLECT (170720.0.0) {07/08/26 19:38:36}
07/08/26 19:38:41 Number of idle job procs: 1
07/08/26 19:38:41 Reassigning the id of job COLLECT from (170720.0.0) to (170720.1.0)
07/08/26 19:38:41 Event: ULOG_SUBMIT for HTCondor Node COLLECT (170720.1.0) {07/08/26 19:38:36}
07/08/26 19:38:41 Number of idle job procs: 2
07/08/26 19:38:41 Reassigning the id of job COLLECT from (170720.1.0) to (170720.10.0)
07/08/26 19:38:41 Event: ULOG_SUBMIT for HTCondor Node COLLECT (170720.10.0) {07/08/26 19:38:36}
07/08/26 19:38:41 Number of idle job procs: 3
07/08/26 19:38:41 Reassigning the id of job COLLECT from (170720.10.0) to (170720.11.0)
07/08/26 19:38:41 Event: ULOG_SUBMIT for HTCondor Node COLLECT (170720.11.0) {07/08/26 19:38:36}
07/08/26 19:38:41 Number of idle job procs: 4
07/08/26 19:38:41 Reassigning the id of job COLLECT from (170720.11.0) to (170720.12.0)
07/08/26 19:38:41 Event: ULOG_SUBMIT for HTCondor Node COLLECT (170720.12.0) {07/08/26 19:38:36}
07/08/26 19:38:41 Number of idle job procs: 5
07/08/26 19:38:41 Reassigning the id of job COLLECT from (170720.12.0) to (170720.13.0)
07/08/26 19:38:41 Event: ULOG_SUBMIT for HTCondor Node COLLECT (170720.13.0) {07/08/26 19:38:36}
07/08/26 19:38:41 Number of idle job procs: 6
07/08/26 19:38:41 Reassigning the id of job COLLECT from (170720.13.0) to (170720.14.0)
07/08/26 19:38:41 Event: ULOG_SUBMIT for HTCondor Node COLLECT (170720.14.0) {07/08/26 19:38:36}
07/08/26 19:38:41 Number of idle job procs: 7
07/08/26 19:38:41 Reassigning the id of job COLLECT from (170720.14.0) to (170720.15.0)
07/08/26 19:38:41 Event: ULOG_SUBMIT for HTCondor Node COLLECT (170720.15.0) {07/08/26 19:38:36}
07/08/26 19:38:41 Number of idle job procs: 8
07/08/26 19:38:41 Reassigning the id of job COLLECT from (170720.15.0) to (170720.16.0)
07/08/26 19:38:41 Event: ULOG_SUBMIT for HTCondor Node COLLECT (170720.16.0) {07/08/26 19:38:36}
07/08/26 19:38:41 Number of idle job procs: 9
07/08/26 19:38:41 Reassigning the id of job COLLECT from (170720.16.0) to (170720.17.0)
07/08/26 19:38:41 Event: ULOG_SUBMIT for HTCondor Node COLLECT (170720.17.0) {07/08/26 19:38:36}
07/08/26 19:38:41 Number of idle job procs: 10
07/08/26 19:38:41 Reassigning the id of job COLLECT from (170720.17.0) to (170720.18.0)
07/08/26 19:38:41 Event: ULOG_SUBMIT for HTCondor Node COLLECT (170720.18.0) {07/08/26 19:38:36}
07/08/26 19:38:41 Number of idle job procs: 11
07/08/26 19:38:41 Reassigning the id of job COLLECT from (170720.18.0) to (170720.19.0)
07/08/26 19:38:41 Event: ULOG_SUBMIT for HTCondor Node COLLECT (170720.19.0) {07/08/26 19:38:36}
07/08/26 19:38:41 Number of idle job procs: 12
07/08/26 19:38:41 Reassigning the id of job COLLECT from (170720.19.0) to (170720.2.0)
07/08/26 19:38:41 Event: ULOG_SUBMIT for HTCondor Node COLLECT (170720.2.0) {07/08/26 19:38:36}
07/08/26 19:38:41 Number of idle job procs: 13
07/08/26 19:38:41 Reassigning the id of job COLLECT from (170720.2.0) to (170720.20.0)
07/08/26 19:38:41 Event: ULOG_SUBMIT for HTCondor Node COLLECT (170720.20.0) {07/08/26 19:38:36}
07/08/26 19:38:41 Number of idle job procs: 14
07/08/26 19:38:41 Reassigning the id of job COLLECT from (170720.20.0) to (170720.21.0)
07/08/26 19:38:41 Event: ULOG_SUBMIT for HTCondor Node COLLECT (170720.21.0) {07/08/26 19:38:36}
07/08/26 19:38:41 Number of idle job procs: 15
07/08/26 19:38:41 Reassigning the id of job COLLECT from (170720.21.0) to (170720.22.0)
07/08/26 19:38:41 Event: ULOG_SUBMIT for HTCondor Node COLLECT (170720.22.0) {07/08/26 19:38:36}
07/08/26 19:38:41 Number of idle job procs: 16
07/08/26 19:38:41 Reassigning the id of job COLLECT from (170720.22.0) to (170720.23.0)
07/08/26 19:38:41 Event: ULOG_SUBMIT for HTCondor Node COLLECT (170720.23.0) {07/08/26 19:38:36}
07/08/26 19:38:41 Number of idle job procs: 17
07/08/26 19:38:41 Reassigning the id of job COLLECT from (170720.23.0) to (170720.24.0)
07/08/26 19:38:41 Event: ULOG_SUBMIT for HTCondor Node COLLECT (170720.24.0) {07/08/26 19:38:36}
07/08/26 19:38:41 Number of idle job procs: 18
07/08/26 19:38:41 Reassigning the id of job COLLECT from (170720.24.0) to (170720.25.0)
07/08/26 19:38:41 Event: ULOG_SUBMIT for HTCondor Node COLLECT (170720.25.0) {07/08/26 19:38:36}
07/08/26 19:38:41 Number of idle job procs: 19
07/08/26 19:38:41 Reassigning the id of job COLLECT from (170720.25.0) to (170720.26.0)
07/08/26 19:38:41 Event: ULOG_SUBMIT for HTCondor Node COLLECT (170720.26.0) {07/08/26 19:38:36}
07/08/26 19:38:41 Number of idle job procs: 20
07/08/26 19:38:41 Reassigning the id of job COLLECT from (170720.26.0) to (170720.27.0)
07/08/26 19:38:41 Event: ULOG_SUBMIT for HTCondor Node COLLECT (170720.27.0) {07/08/26 19:38:36}
07/08/26 19:38:41 Number of idle job procs: 21
07/08/26 19:38:41 Reassigning the id of job COLLECT from (170720.27.0) to (170720.28.0)
07/08/26 19:38:41 Event: ULOG_SUBMIT for HTCondor Node COLLECT (170720.28.0) {07/08/26 19:38:36}
07/08/26 19:38:41 Number of idle job procs: 22
07/08/26 19:38:42 Reassigning the id of job COLLECT from (170720.28.0) to (170720.29.0)
07/08/26 19:38:42 Event: ULOG_SUBMIT for HTCondor Node COLLECT (170720.29.0) {07/08/26 19:38:36}
07/08/26 19:38:42 Number of idle job procs: 23
07/08/26 19:38:42 Reassigning the id of job COLLECT from (170720.29.0) to (170720.3.0)
07/08/26 19:38:42 Event: ULOG_SUBMIT for HTCondor Node COLLECT (170720.3.0) {07/08/26 19:38:36}
07/08/26 19:38:42 Number of idle job procs: 24
07/08/26 19:38:42 Reassigning the id of job COLLECT from (170720.3.0) to (170720.30.0)
07/08/26 19:38:42 Event: ULOG_SUBMIT for HTCondor Node COLLECT (170720.30.0) {07/08/26 19:38:36}
07/08/26 19:38:42 Number of idle job procs: 25
07/08/26 19:38:42 Reassigning the id of job COLLECT from (170720.30.0) to (170720.31.0)
07/08/26 19:38:42 Event: ULOG_SUBMIT for HTCondor Node COLLECT (170720.31.0) {07/08/26 19:38:36}
07/08/26 19:38:42 Number of idle job procs: 26
07/08/26 19:38:42 Reassigning the id of job COLLECT from (170720.31.0) to (170720.32.0)
07/08/26 19:38:42 Event: ULOG_SUBMIT for HTCondor Node COLLECT (170720.32.0) {07/08/26 19:38:36}
07/08/26 19:38:42 Number of idle job procs: 27
07/08/26 19:38:42 Reassigning the id of job COLLECT from (170720.32.0) to (170720.33.0)
07/08/26 19:38:42 Event: ULOG_SUBMIT for HTCondor Node COLLECT (170720.33.0) {07/08/26 19:38:36}
07/08/26 19:38:42 Number of idle job procs: 28
07/08/26 19:38:42 Reassigning the id of job COLLECT from (170720.33.0) to (170720.34.0)
07/08/26 19:38:42 Event: ULOG_SUBMIT for HTCondor Node COLLECT (170720.34.0) {07/08/26 19:38:36}
07/08/26 19:38:42 Number of idle job procs: 29
07/08/26 19:38:42 Reassigning the id of job COLLECT from (170720.34.0) to (170720.35.0)
07/08/26 19:38:42 Event: ULOG_SUBMIT for HTCondor Node COLLECT (170720.35.0) {07/08/26 19:38:36}
07/08/26 19:38:42 Number of idle job procs: 30
07/08/26 19:38:42 Reassigning the id of job COLLECT from (170720.35.0) to (170720.36.0)
07/08/26 19:38:42 Event: ULOG_SUBMIT for HTCondor Node COLLECT (170720.36.0) {07/08/26 19:38:36}
07/08/26 19:38:42 Number of idle job procs: 31
07/08/26 19:38:42 Reassigning the id of job COLLECT from (170720.36.0) to (170720.37.0)
07/08/26 19:38:42 Event: ULOG_SUBMIT for HTCondor Node COLLECT (170720.37.0) {07/08/26 19:38:36}
07/08/26 19:38:42 Number of idle job procs: 32
07/08/26 19:38:42 Reassigning the id of job COLLECT from (170720.37.0) to (170720.38.0)
07/08/26 19:38:42 Event: ULOG_SUBMIT for HTCondor Node COLLECT (170720.38.0) {07/08/26 19:38:36}
07/08/26 19:38:42 Number of idle job procs: 33
07/08/26 19:38:42 Reassigning the id of job COLLECT from (170720.38.0) to (170720.39.0)
07/08/26 19:38:42 Event: ULOG_SUBMIT for HTCondor Node COLLECT (170720.39.0) {07/08/26 19:38:36}
07/08/26 19:38:42 Number of idle job procs: 34
07/08/26 19:38:42 Reassigning the id of job COLLECT from (170720.39.0) to (170720.4.0)
07/08/26 19:38:42 Event: ULOG_SUBMIT for HTCondor Node COLLECT (170720.4.0) {07/08/26 19:38:36}
07/08/26 19:38:42 Number of idle job procs: 35
07/08/26 19:38:42 Reassigning the id of job COLLECT from (170720.4.0) to (170720.5.0)
07/08/26 19:38:42 Event: ULOG_SUBMIT for HTCondor Node COLLECT (170720.5.0) {07/08/26 19:38:36}
07/08/26 19:38:42 Number of idle job procs: 36
07/08/26 19:38:42 Reassigning the id of job COLLECT from (170720.5.0) to (170720.6.0)
07/08/26 19:38:42 Event: ULOG_SUBMIT for HTCondor Node COLLECT (170720.6.0) {07/08/26 19:38:36}
07/08/26 19:38:42 Number of idle job procs: 37
07/08/26 19:38:42 Reassigning the id of job COLLECT from (170720.6.0) to (170720.7.0)
07/08/26 19:38:42 Event: ULOG_SUBMIT for HTCondor Node COLLECT (170720.7.0) {07/08/26 19:38:36}
07/08/26 19:38:42 Number of idle job procs: 38
07/08/26 19:38:42 Reassigning the id of job COLLECT from (170720.7.0) to (170720.8.0)
07/08/26 19:38:42 Event: ULOG_SUBMIT for HTCondor Node COLLECT (170720.8.0) {07/08/26 19:38:36}
07/08/26 19:38:42 Number of idle job procs: 39
07/08/26 19:38:42 Reassigning the id of job COLLECT from (170720.8.0) to (170720.9.0)
07/08/26 19:38:42 Event: ULOG_SUBMIT for HTCondor Node COLLECT (170720.9.0) {07/08/26 19:38:36}
07/08/26 19:38:42 Number of idle job procs: 40
07/08/26 19:38:57 Currently monitoring 1 HTCondor log file(s)
07/08/26 19:38:57 Event: ULOG_EXECUTE for HTCondor Node COLLECT (170720.7.0) {07/08/26 19:38:56}
07/08/26 19:38:57 Number of idle job procs: 39
07/08/26 19:38:57 Event: ULOG_EXECUTE for HTCondor Node COLLECT (170720.8.0) {07/08/26 19:38:56}
07/08/26 19:38:57 Number of idle job procs: 38
07/08/26 19:38:57 Event: ULOG_EXECUTE for HTCondor Node COLLECT (170720.0.0) {07/08/26 19:38:56}
07/08/26 19:38:57 Number of idle job procs: 37
07/08/26 19:39:02 Currently monitoring 1 HTCondor log file(s)
07/08/26 19:39:02 Event: ULOG_EXECUTE for HTCondor Node COLLECT (170720.17.0) {07/08/26 19:38:57}
07/08/26 19:39:02 Number of idle job procs: 36
07/08/26 19:39:02 Event: ULOG_EXECUTE for HTCondor Node COLLECT (170720.22.0) {07/08/26 19:38:57}
07/08/26 19:39:02 Number of idle job procs: 35
07/08/26 19:39:02 Event: ULOG_EXECUTE for HTCondor Node COLLECT (170720.21.0) {07/08/26 19:38:57}
07/08/26 19:39:02 Number of idle job procs: 34
07/08/26 19:39:02 Event: ULOG_EXECUTE for HTCondor Node COLLECT (170720.18.0) {07/08/26 19:38:57}
07/08/26 19:39:02 Number of idle job procs: 33
07/08/26 19:39:02 Event: ULOG_EXECUTE for HTCondor Node COLLECT (170720.2.0) {07/08/26 19:38:57}
07/08/26 19:39:02 Number of idle job procs: 32
07/08/26 19:39:02 Event: ULOG_EXECUTE for HTCondor Node COLLECT (170720.5.0) {07/08/26 19:38:57}
07/08/26 19:39:02 Number of idle job procs: 31
07/08/26 19:39:02 Event: ULOG_EXECUTE for HTCondor Node COLLECT (170720.1.0) {07/08/26 19:38:57}
07/08/26 19:39:02 Number of idle job procs: 30
07/08/26 19:39:02 Event: ULOG_EXECUTE for HTCondor Node COLLECT (170720.4.0) {07/08/26 19:38:57}
07/08/26 19:39:02 Number of idle job procs: 29
07/08/26 19:39:02 Event: ULOG_EXECUTE for HTCondor Node COLLECT (170720.3.0) {07/08/26 19:38:57}
07/08/26 19:39:02 Number of idle job procs: 28
07/08/26 19:39:02 Event: ULOG_EXECUTE for HTCondor Node COLLECT (170720.6.0) {07/08/26 19:38:57}
07/08/26 19:39:02 Number of idle job procs: 27
07/08/26 19:39:02 Event: ULOG_EXECUTE for HTCondor Node COLLECT (170720.19.0) {07/08/26 19:38:57}
07/08/26 19:39:02 Number of idle job procs: 26
07/08/26 19:39:02 Event: ULOG_EXECUTE for HTCondor Node COLLECT (170720.20.0) {07/08/26 19:38:57}
07/08/26 19:39:02 Number of idle job procs: 25
07/08/26 19:39:02 Event: ULOG_EXECUTE for HTCondor Node COLLECT (170720.10.0) {07/08/26 19:38:57}
07/08/26 19:39:02 Number of idle job procs: 24
07/08/26 19:39:02 Event: ULOG_EXECUTE for HTCondor Node COLLECT (170720.12.0) {07/08/26 19:38:57}
07/08/26 19:39:02 Number of idle job procs: 23
07/08/26 19:39:02 Event: ULOG_EXECUTE for HTCondor Node COLLECT (170720.11.0) {07/08/26 19:38:57}
07/08/26 19:39:02 Number of idle job procs: 22
07/08/26 19:39:02 Event: ULOG_EXECUTE for HTCondor Node COLLECT (170720.9.0) {07/08/26 19:38:57}
07/08/26 19:39:02 Number of idle job procs: 21
07/08/26 19:39:02 Event: ULOG_EXECUTE for HTCondor Node COLLECT (170720.13.0) {07/08/26 19:38:57}
07/08/26 19:39:02 Number of idle job procs: 20
07/08/26 19:39:02 Event: ULOG_EXECUTE for HTCondor Node COLLECT (170720.14.0) {07/08/26 19:38:57}
07/08/26 19:39:02 Number of idle job procs: 19
07/08/26 19:39:02 Event: ULOG_EXECUTE for HTCondor Node COLLECT (170720.15.0) {07/08/26 19:38:57}
07/08/26 19:39:02 Number of idle job procs: 18
07/08/26 19:39:02 Event: ULOG_EXECUTE for HTCondor Node COLLECT (170720.16.0) {07/08/26 19:38:57}
07/08/26 19:39:02 Number of idle job procs: 17
07/08/26 19:41:37 Currently monitoring 1 HTCondor log file(s)
07/08/26 19:41:37 Event: ULOG_JOB_TERMINATED for HTCondor Node COLLECT (170720.7.0) {07/08/26 19:41:34}
07/08/26 19:41:37 Number of idle job procs: 17
07/08/26 19:41:37 Node COLLECT job proc (170720.7.0) completed successfully.
07/08/26 19:41:37 Event: ULOG_EXECUTE for HTCondor Node COLLECT (170720.23.0) {07/08/26 19:41:36}
07/08/26 19:41:37 Number of idle job procs: 16
07/08/26 19:41:42 Currently monitoring 1 HTCondor log file(s)
07/08/26 19:41:42 Event: ULOG_JOB_TERMINATED for HTCondor Node COLLECT (170720.8.0) {07/08/26 19:41:41}
07/08/26 19:41:42 Number of idle job procs: 16
07/08/26 19:41:42 Node COLLECT job proc (170720.8.0) completed successfully.
07/08/26 19:41:47 Currently monitoring 1 HTCondor log file(s)
07/08/26 19:41:47 Event: ULOG_EXECUTE for HTCondor Node COLLECT (170720.24.0) {07/08/26 19:41:42}
07/08/26 19:41:47 Number of idle job procs: 15
07/08/26 19:41:52 Currently monitoring 1 HTCondor log file(s)
07/08/26 19:41:52 Event: ULOG_JOB_TERMINATED for HTCondor Node COLLECT (170720.2.0) {07/08/26 19:41:50}
07/08/26 19:41:52 Number of idle job procs: 15
07/08/26 19:41:52 Node COLLECT job proc (170720.2.0) completed successfully.
07/08/26 19:41:52 Event: ULOG_EXECUTE for HTCondor Node COLLECT (170720.25.0) {07/08/26 19:41:52}
07/08/26 19:41:52 Number of idle job procs: 14
07/08/26 19:41:57 Currently monitoring 1 HTCondor log file(s)
07/08/26 19:41:57 Event: ULOG_JOB_TERMINATED for HTCondor Node COLLECT (170720.4.0) {07/08/26 19:41:55}
07/08/26 19:41:57 Number of idle job procs: 14
07/08/26 19:41:57 Node COLLECT job proc (170720.4.0) completed successfully.
07/08/26 19:41:57 Event: ULOG_JOB_TERMINATED for HTCondor Node COLLECT (170720.1.0) {07/08/26 19:41:55}
07/08/26 19:41:57 Number of idle job procs: 14
07/08/26 19:41:57 Node COLLECT job proc (170720.1.0) completed successfully.
07/08/26 19:41:57 Event: ULOG_JOB_TERMINATED for HTCondor Node COLLECT (170720.6.0) {07/08/26 19:41:56}
07/08/26 19:41:57 Number of idle job procs: 14
07/08/26 19:41:57 Node COLLECT job proc (170720.6.0) completed successfully.
07/08/26 19:41:57 Event: ULOG_EXECUTE for HTCondor Node COLLECT (170720.26.0) {07/08/26 19:41:56}
07/08/26 19:41:57 Number of idle job procs: 13
07/08/26 19:42:02 Currently monitoring 1 HTCondor log file(s)
07/08/26 19:42:02 Event: ULOG_EXECUTE for HTCondor Node COLLECT (170720.27.0) {07/08/26 19:41:58}
07/08/26 19:42:02 Number of idle job procs: 12
07/08/26 19:42:02 Event: ULOG_EXECUTE for HTCondor Node COLLECT (170720.28.0) {07/08/26 19:41:58}
07/08/26 19:42:02 Number of idle job procs: 11
07/08/26 19:42:02 Event: ULOG_JOB_TERMINATED for HTCondor Node COLLECT (170720.0.0) {07/08/26 19:41:58}
07/08/26 19:42:02 Number of idle job procs: 11
07/08/26 19:42:02 Node COLLECT job proc (170720.0.0) completed successfully.
07/08/26 19:42:02 Event: ULOG_JOB_TERMINATED for HTCondor Node COLLECT (170720.3.0) {07/08/26 19:41:58}
07/08/26 19:42:02 Number of idle job procs: 11
07/08/26 19:42:02 Node COLLECT job proc (170720.3.0) completed successfully.
07/08/26 19:42:02 Event: ULOG_EXECUTE for HTCondor Node COLLECT (170720.29.0) {07/08/26 19:41:59}
07/08/26 19:42:02 Number of idle job procs: 10
07/08/26 19:42:02 Event: ULOG_EXECUTE for HTCondor Node COLLECT (170720.30.0) {07/08/26 19:41:59}
07/08/26 19:42:02 Number of idle job procs: 9
07/08/26 19:42:12 Currently monitoring 1 HTCondor log file(s)
07/08/26 19:42:12 Event: ULOG_JOB_TERMINATED for HTCondor Node COLLECT (170720.5.0) {07/08/26 19:42:08}
07/08/26 19:42:12 Number of idle job procs: 9
07/08/26 19:42:12 Node COLLECT job proc (170720.5.0) completed successfully.
07/08/26 19:42:12 Event: ULOG_EXECUTE for HTCondor Node COLLECT (170720.31.0) {07/08/26 19:42:09}
07/08/26 19:42:12 Number of idle job procs: 8
07/08/26 19:43:47 Currently monitoring 1 HTCondor log file(s)
07/08/26 19:43:47 Event: ULOG_JOB_TERMINATED for HTCondor Node COLLECT (170720.17.0) {07/08/26 19:43:43}
07/08/26 19:43:47 Number of idle job procs: 8
07/08/26 19:43:47 Node COLLECT job proc (170720.17.0) completed successfully.
07/08/26 19:43:47 Event: ULOG_EXECUTE for HTCondor Node COLLECT (170720.32.0) {07/08/26 19:43:44}
07/08/26 19:43:47 Number of idle job procs: 7
07/08/26 19:44:22 Currently monitoring 1 HTCondor log file(s)
07/08/26 19:44:22 Event: ULOG_JOB_TERMINATED for HTCondor Node COLLECT (170720.24.0) {07/08/26 19:44:17}
07/08/26 19:44:22 Number of idle job procs: 7
07/08/26 19:44:22 Node COLLECT job proc (170720.24.0) completed successfully.
07/08/26 19:44:22 Event: ULOG_JOB_TERMINATED for HTCondor Node COLLECT (170720.23.0) {07/08/26 19:44:17}
07/08/26 19:44:22 Number of idle job procs: 7
07/08/26 19:44:22 Node COLLECT job proc (170720.23.0) completed successfully.
07/08/26 19:44:22 Event: ULOG_EXECUTE for HTCondor Node COLLECT (170720.33.0) {07/08/26 19:44:18}
07/08/26 19:44:22 Number of idle job procs: 6
07/08/26 19:44:22 Event: ULOG_EXECUTE for HTCondor Node COLLECT (170720.34.0) {07/08/26 19:44:18}
07/08/26 19:44:22 Number of idle job procs: 5
07/08/26 19:44:57 Currently monitoring 1 HTCondor log file(s)
07/08/26 19:44:57 Event: ULOG_JOB_TERMINATED for HTCondor Node COLLECT (170720.18.0) {07/08/26 19:44:54}
07/08/26 19:44:57 Number of idle job procs: 5
07/08/26 19:44:57 Node COLLECT job proc (170720.18.0) completed successfully.
07/08/26 19:44:57 Event: ULOG_EXECUTE for HTCondor Node COLLECT (170720.35.0) {07/08/26 19:44:56}
07/08/26 19:44:57 Number of idle job procs: 4
07/08/26 19:44:57 Event: ULOG_JOB_TERMINATED for HTCondor Node COLLECT (170720.27.0) {07/08/26 19:44:56}
07/08/26 19:44:57 Number of idle job procs: 4
07/08/26 19:44:57 Node COLLECT job proc (170720.27.0) completed successfully.
07/08/26 19:45:02 Currently monitoring 1 HTCondor log file(s)
07/08/26 19:45:02 Event: ULOG_EXECUTE for HTCondor Node COLLECT (170720.36.0) {07/08/26 19:44:59}
07/08/26 19:45:02 Number of idle job procs: 3
07/08/26 19:45:02 Event: ULOG_JOB_TERMINATED for HTCondor Node COLLECT (170720.28.0) {07/08/26 19:44:59}
07/08/26 19:45:02 Number of idle job procs: 3
07/08/26 19:45:02 Node COLLECT job proc (170720.28.0) completed successfully.
07/08/26 19:45:02 Event: ULOG_JOB_TERMINATED for HTCondor Node COLLECT (170720.30.0) {07/08/26 19:44:59}
07/08/26 19:45:02 Number of idle job procs: 3
07/08/26 19:45:02 Node COLLECT job proc (170720.30.0) completed successfully.
07/08/26 19:45:02 Event: ULOG_JOB_TERMINATED for HTCondor Node COLLECT (170720.26.0) {07/08/26 19:44:59}
07/08/26 19:45:02 Number of idle job procs: 3
07/08/26 19:45:02 Node COLLECT job proc (170720.26.0) completed successfully.
07/08/26 19:45:02 Event: ULOG_EXECUTE for HTCondor Node COLLECT (170720.37.0) {07/08/26 19:45:00}
07/08/26 19:45:02 Number of idle job procs: 2
07/08/26 19:45:02 Event: ULOG_EXECUTE for HTCondor Node COLLECT (170720.38.0) {07/08/26 19:45:00}
07/08/26 19:45:02 Number of idle job procs: 1
07/08/26 19:45:02 Event: ULOG_EXECUTE for HTCondor Node COLLECT (170720.39.0) {07/08/26 19:45:00}
07/08/26 19:45:02 Number of idle job procs: 0
07/08/26 19:45:07 Currently monitoring 1 HTCondor log file(s)
07/08/26 19:45:07 Event: ULOG_JOB_TERMINATED for HTCondor Node COLLECT (170720.29.0) {07/08/26 19:45:07}
07/08/26 19:45:07 Number of idle job procs: 0
07/08/26 19:45:07 Node COLLECT job proc (170720.29.0) completed successfully.
07/08/26 19:45:12 Currently monitoring 1 HTCondor log file(s)
07/08/26 19:45:12 Event: ULOG_JOB_TERMINATED for HTCondor Node COLLECT (170720.25.0) {07/08/26 19:45:11}
07/08/26 19:45:12 Number of idle job procs: 0
07/08/26 19:45:12 Node COLLECT job proc (170720.25.0) completed successfully.
07/08/26 19:45:12 Event: ULOG_JOB_TERMINATED for HTCondor Node COLLECT (170720.31.0) {07/08/26 19:45:12}
07/08/26 19:45:12 Number of idle job procs: 0
07/08/26 19:45:12 Node COLLECT job proc (170720.31.0) completed successfully.
07/08/26 19:45:57 Currently monitoring 1 HTCondor log file(s)
07/08/26 19:45:57 Event: ULOG_JOB_TERMINATED for HTCondor Node COLLECT (170720.12.0) {07/08/26 19:45:53}
07/08/26 19:45:57 Number of idle job procs: 0
07/08/26 19:45:57 Node COLLECT job proc (170720.12.0) completed successfully.
07/08/26 19:46:12 Currently monitoring 1 HTCondor log file(s)
07/08/26 19:46:12 Event: ULOG_JOB_TERMINATED for HTCondor Node COLLECT (170720.19.0) {07/08/26 19:46:09}
07/08/26 19:46:12 Number of idle job procs: 0
07/08/26 19:46:12 Node COLLECT job proc (170720.19.0) completed successfully.
07/08/26 19:46:12 Event: ULOG_JOB_TERMINATED for HTCondor Node COLLECT (170720.21.0) {07/08/26 19:46:09}
07/08/26 19:46:12 Number of idle job procs: 0
07/08/26 19:46:12 Node COLLECT job proc (170720.21.0) completed successfully.
07/08/26 19:46:12 Event: ULOG_JOB_TERMINATED for HTCondor Node COLLECT (170720.20.0) {07/08/26 19:46:09}
07/08/26 19:46:12 Number of idle job procs: 0
07/08/26 19:46:12 Node COLLECT job proc (170720.20.0) completed successfully.
07/08/26 19:46:12 Event: ULOG_JOB_TERMINATED for HTCondor Node COLLECT (170720.22.0) {07/08/26 19:46:09}
07/08/26 19:46:12 Number of idle job procs: 0
07/08/26 19:46:12 Node COLLECT job proc (170720.22.0) completed successfully.
07/08/26 19:46:57 Currently monitoring 1 HTCondor log file(s)
07/08/26 19:46:57 Event: ULOG_JOB_TERMINATED for HTCondor Node COLLECT (170720.34.0) {07/08/26 19:46:55}
07/08/26 19:46:57 Number of idle job procs: 0
07/08/26 19:46:57 Node COLLECT job proc (170720.34.0) completed successfully.
07/08/26 19:47:02 Currently monitoring 1 HTCondor log file(s)
07/08/26 19:47:02 Event: ULOG_JOB_TERMINATED for HTCondor Node COLLECT (170720.33.0) {07/08/26 19:47:00}
07/08/26 19:47:02 Number of idle job procs: 0
07/08/26 19:47:02 Node COLLECT job proc (170720.33.0) completed successfully.
07/08/26 19:47:17 Currently monitoring 1 HTCondor log file(s)
07/08/26 19:47:17 Event: ULOG_JOB_TERMINATED for HTCondor Node COLLECT (170720.10.0) {07/08/26 19:47:13}
07/08/26 19:47:17 Number of idle job procs: 0
07/08/26 19:47:17 Node COLLECT job proc (170720.10.0) completed successfully.
07/08/26 19:47:17 Event: ULOG_JOB_TERMINATED for HTCondor Node COLLECT (170720.11.0) {07/08/26 19:47:14}
07/08/26 19:47:17 Number of idle job procs: 0
07/08/26 19:47:17 Node COLLECT job proc (170720.11.0) completed successfully.
07/08/26 19:47:17 Event: ULOG_JOB_TERMINATED for HTCondor Node COLLECT (170720.13.0) {07/08/26 19:47:14}
07/08/26 19:47:17 Number of idle job procs: 0
07/08/26 19:47:17 Node COLLECT job proc (170720.13.0) completed successfully.
07/08/26 19:47:17 Event: ULOG_JOB_TERMINATED for HTCondor Node COLLECT (170720.14.0) {07/08/26 19:47:14}
07/08/26 19:47:17 Number of idle job procs: 0
07/08/26 19:47:17 Node COLLECT job proc (170720.14.0) completed successfully.
07/08/26 19:47:27 Currently monitoring 1 HTCondor log file(s)
07/08/26 19:47:27 Event: ULOG_JOB_TERMINATED for HTCondor Node COLLECT (170720.15.0) {07/08/26 19:47:24}
07/08/26 19:47:27 Number of idle job procs: 0
07/08/26 19:47:27 Node COLLECT job proc (170720.15.0) completed successfully.
07/08/26 19:47:27 Event: ULOG_JOB_TERMINATED for HTCondor Node COLLECT (170720.16.0) {07/08/26 19:47:24}
07/08/26 19:47:27 Number of idle job procs: 0
07/08/26 19:47:27 Node COLLECT job proc (170720.16.0) completed successfully.
07/08/26 19:47:47 Currently monitoring 1 HTCondor log file(s)
07/08/26 19:47:47 Event: ULOG_JOB_TERMINATED for HTCondor Node COLLECT (170720.9.0) {07/08/26 19:47:43}
07/08/26 19:47:47 Number of idle job procs: 0
07/08/26 19:47:47 Node COLLECT job proc (170720.9.0) completed successfully.
07/08/26 19:47:57 Currently monitoring 1 HTCondor log file(s)
07/08/26 19:47:57 Event: ULOG_JOB_TERMINATED for HTCondor Node COLLECT (170720.39.0) {07/08/26 19:47:56}
07/08/26 19:47:57 Number of idle job procs: 0
07/08/26 19:47:57 Node COLLECT job proc (170720.39.0) completed successfully.
07/08/26 19:48:02 Currently monitoring 1 HTCondor log file(s)
07/08/26 19:48:02 Event: ULOG_JOB_TERMINATED for HTCondor Node COLLECT (170720.36.0) {07/08/26 19:47:58}
07/08/26 19:48:02 Number of idle job procs: 0
07/08/26 19:48:02 Node COLLECT job proc (170720.36.0) completed successfully.
07/08/26 19:48:02 Event: ULOG_JOB_TERMINATED for HTCondor Node COLLECT (170720.37.0) {07/08/26 19:48:00}
07/08/26 19:48:02 Number of idle job procs: 0
07/08/26 19:48:02 Node COLLECT job proc (170720.37.0) completed successfully.
07/08/26 19:48:17 Currently monitoring 1 HTCondor log file(s)
07/08/26 19:48:17 Event: ULOG_JOB_TERMINATED for HTCondor Node COLLECT (170720.38.0) {07/08/26 19:48:16}
07/08/26 19:48:17 Number of idle job procs: 0
07/08/26 19:48:17 Node COLLECT job proc (170720.38.0) completed successfully.
07/08/26 19:50:07 Currently monitoring 1 HTCondor log file(s)
07/08/26 19:50:07 Event: ULOG_JOB_TERMINATED for HTCondor Node COLLECT (170720.35.0) {07/08/26 19:50:07}
07/08/26 19:50:07 Number of idle job procs: 0
07/08/26 19:50:07 Node COLLECT job proc (170720.35.0) completed successfully.
07/08/26 19:50:17 Currently monitoring 1 HTCondor log file(s)
07/08/26 19:50:17 Event: ULOG_JOB_TERMINATED for HTCondor Node COLLECT (170720.32.0) {07/08/26 19:50:12}
07/08/26 19:50:17 Number of idle job procs: 0
07/08/26 19:50:17 Node COLLECT job proc (170720.32.0) completed successfully.
07/08/26 19:50:17 Node COLLECT job(s) have exited the queue
07/08/26 19:50:17 DAG status: 0 (DAG_STATUS_OK)
07/08/26 19:50:17 Of 5 nodes total:
07/08/26 19:50:17  Done     Pre   Queued    Post   Ready   Un-Ready   Failed   Futile
07/08/26 19:50:17   ===     ===      ===     ===     ===        ===      ===      ===
07/08/26 19:50:17     1       0        0       0       1          3        0        0
07/08/26 19:50:17 0 job proc(s) currently held
07/08/26 19:50:17 DAGMan Runtime Statistics: [EventCycleTimeAvg=0.002; EventCycleTimeMax=0.108; EventCycleTimeMin=0.000; EventCycleTimeStd=0.011; EventCycleTimeSum=0.329; SleepCycleTimeAvg=5.004; SleepCycleTimeMax=5.027; SleepCycleTimeMin=5.001; SleepCycleTimeStd=0.003; SleepCycleTimeSum=700.619; SubmitCycleTimeAvg=0.001; SubmitCycleTimeMax=0.103; SubmitCycleTimeMin=0.000; SubmitCycleTimeStd=0.009; SubmitCycleTimeSum=0.103; EventCycleTimeCount=140.000; SleepCycleTimeCount=140.000; SubmitCycleTimeCount=141.000; LogProcessCycleTimeAvg=0.007; LogProcessCycleTimeMax=0.065; LogProcessCycleTimeMin=0.002; LogProcessCycleTimeStd=0.012; LogProcessCycleTimeSum=0.200; LogProcessCycleTimeCount=28.000; ]
07/08/26 19:50:22 Submitting HTCondor Node MERGE_COLLECTION job(s)...
07/08/26 19:50:22 Submitting node MERGE_COLLECTION from file transport_linetrack_17_10_action_shield_merge_collection.sub using direct job submission
07/08/26 19:50:22 	assigned HTCondor ID (170735.0.0)
07/08/26 19:50:22 Just submitted 1 job this cycle...
07/08/26 19:50:22 DAG status: 0 (DAG_STATUS_OK)
07/08/26 19:50:22 Of 5 nodes total:
07/08/26 19:50:22  Done     Pre   Queued    Post   Ready   Un-Ready   Failed   Futile
07/08/26 19:50:22   ===     ===      ===     ===     ===        ===      ===      ===
07/08/26 19:50:22     1       0        1       0       0          3        0        0
07/08/26 19:50:22 0 job proc(s) currently held
07/08/26 19:50:22 DAGMan Runtime Statistics: [EventCycleTimeAvg=0.002; EventCycleTimeMax=0.108; EventCycleTimeMin=0.000; EventCycleTimeStd=0.011; EventCycleTimeSum=0.335; SleepCycleTimeAvg=5.004; SleepCycleTimeMax=5.027; SleepCycleTimeMin=5.001; SleepCycleTimeStd=0.003; SleepCycleTimeSum=705.621; SubmitCycleTimeAvg=0.001; SubmitCycleTimeMax=0.103; SubmitCycleTimeMin=0.000; SubmitCycleTimeStd=0.009; SubmitCycleTimeSum=0.114; EventCycleTimeCount=141.000; SleepCycleTimeCount=141.000; SubmitCycleTimeCount=142.000; LogProcessCycleTimeAvg=0.007; LogProcessCycleTimeMax=0.065; LogProcessCycleTimeMin=0.002; LogProcessCycleTimeStd=0.012; LogProcessCycleTimeSum=0.200; LogProcessCycleTimeCount=28.000; ]
07/08/26 19:50:27 Currently monitoring 1 HTCondor log file(s)
07/08/26 19:50:27 Reassigning the id of job MERGE_COLLECTION from (170735.0.0) to (170735.0.0)
07/08/26 19:50:27 Event: ULOG_SUBMIT for HTCondor Node MERGE_COLLECTION (170735.0.0) {07/08/26 19:50:22}
07/08/26 19:50:27 Number of idle job procs: 1
07/08/26 19:53:37 Total jobs placed to AP: 41
07/08/26 19:53:37      Idle     Held     Running     Successful     Failed
07/08/26 19:53:37       ===      ===         ===            ===        ===
07/08/26 19:53:37         1        0           0             40          0
07/08/26 19:55:28 Currently monitoring 1 HTCondor log file(s)
07/08/26 19:55:28 Event: ULOG_EXECUTE for HTCondor Node MERGE_COLLECTION (170735.0.0) {07/08/26 19:55:23}
07/08/26 19:55:28 Number of idle job procs: 0
07/08/26 19:56:43 Currently monitoring 1 HTCondor log file(s)
07/08/26 19:56:43 Event: ULOG_JOB_TERMINATED for HTCondor Node MERGE_COLLECTION (170735.0.0) {07/08/26 19:56:40}
07/08/26 19:56:43 Number of idle job procs: 0
07/08/26 19:56:43 Node MERGE_COLLECTION job proc (170735.0.0) completed successfully.
07/08/26 19:56:43 Node MERGE_COLLECTION job(s) have exited the queue
07/08/26 19:56:43 DAG status: 0 (DAG_STATUS_OK)
07/08/26 19:56:43 Of 5 nodes total:
07/08/26 19:56:43  Done     Pre   Queued    Post   Ready   Un-Ready   Failed   Futile
07/08/26 19:56:43   ===     ===      ===     ===     ===        ===      ===      ===
07/08/26 19:56:43     2       0        0       0       1          2        0        0
07/08/26 19:56:43 0 job proc(s) currently held
07/08/26 19:56:43 DAGMan Runtime Statistics: [EventCycleTimeAvg=0.002; EventCycleTimeMax=0.108; EventCycleTimeMin=0.000; EventCycleTimeStd=0.009; EventCycleTimeSum=0.367; SleepCycleTimeAvg=5.004; SleepCycleTimeMax=5.027; SleepCycleTimeMin=5.001; SleepCycleTimeStd=0.003; SleepCycleTimeSum=1085.913; SubmitCycleTimeAvg=0.001; SubmitCycleTimeMax=0.103; SubmitCycleTimeMin=0.000; SubmitCycleTimeStd=0.007; SubmitCycleTimeSum=0.114; EventCycleTimeCount=217.000; SleepCycleTimeCount=217.000; SubmitCycleTimeCount=218.000; LogProcessCycleTimeAvg=0.007; LogProcessCycleTimeMax=0.065; LogProcessCycleTimeMin=0.002; LogProcessCycleTimeStd=0.011; LogProcessCycleTimeSum=0.209; LogProcessCycleTimeCount=31.000; ]
07/08/26 19:56:48 Submitting HTCondor Node TRAIN job(s)...
07/08/26 19:56:48 Submitting node TRAIN from file transport_linetrack_17_10_action_shield_train.sub using direct job submission
07/08/26 19:56:48 	assigned HTCondor ID (170736.0.0)
07/08/26 19:56:48 Just submitted 1 job this cycle...
07/08/26 19:56:48 DAG status: 0 (DAG_STATUS_OK)
07/08/26 19:56:48 Of 5 nodes total:
07/08/26 19:56:48  Done     Pre   Queued    Post   Ready   Un-Ready   Failed   Futile
07/08/26 19:56:48   ===     ===      ===     ===     ===        ===      ===      ===
07/08/26 19:56:48     2       0        1       0       0          2        0        0
07/08/26 19:56:48 0 job proc(s) currently held
07/08/26 19:56:48 DAGMan Runtime Statistics: [EventCycleTimeAvg=0.002; EventCycleTimeMax=0.108; EventCycleTimeMin=0.000; EventCycleTimeStd=0.009; EventCycleTimeSum=0.375; SleepCycleTimeAvg=5.004; SleepCycleTimeMax=5.027; SleepCycleTimeMin=5.001; SleepCycleTimeStd=0.003; SleepCycleTimeSum=1090.917; SubmitCycleTimeAvg=0.001; SubmitCycleTimeMax=0.103; SubmitCycleTimeMin=0.000; SubmitCycleTimeStd=0.007; SubmitCycleTimeSum=0.135; EventCycleTimeCount=218.000; SleepCycleTimeCount=218.000; SubmitCycleTimeCount=219.000; LogProcessCycleTimeAvg=0.007; LogProcessCycleTimeMax=0.065; LogProcessCycleTimeMin=0.002; LogProcessCycleTimeStd=0.011; LogProcessCycleTimeSum=0.209; LogProcessCycleTimeCount=31.000; ]
07/08/26 19:56:53 Currently monitoring 1 HTCondor log file(s)
07/08/26 19:56:53 Reassigning the id of job TRAIN from (170736.0.0) to (170736.0.0)
07/08/26 19:56:53 Event: ULOG_SUBMIT for HTCondor Node TRAIN (170736.0.0) {07/08/26 19:56:48}
07/08/26 19:56:53 Number of idle job procs: 1
07/08/26 19:56:53 Event: ULOG_EXECUTE for HTCondor Node TRAIN (170736.0.0) {07/08/26 19:56:49}
07/08/26 19:56:53 Number of idle job procs: 0
07/08/26 19:59:24 Received SIGUSR1
07/08/26 19:59:24 Aborting DAG...
07/08/26 19:59:24 Writing Rescue DAG to transport_linetrack_17_10_action_shield.dag.rescue002...
07/08/26 19:59:24 Removing submitted jobs...
07/08/26 19:59:24 Removing any/all submitted HTCondor jobs...
07/08/26 19:59:24 Running: /usr/bin/condor_rm -const DAGManJobId==170719 -reason DAG' 'Removed:' 'User' 'removed' 'scheduler' 'job' 'from' 'queue.
07/08/26 19:59:24 Note: 0 total node deferrals because of -MaxJobs limit (0)
07/08/26 19:59:24 Note: 0 total node deferrals because of -MaxIdle limit (1000)
07/08/26 19:59:24 Note: 0 total node deferrals because of node category throttles
07/08/26 19:59:24 Note: 0 total PRE script deferrals because of -MaxPre limit (20) or DEFER
07/08/26 19:59:24 Note: 0 total POST script deferrals because of -MaxPost limit (20) or DEFER
07/08/26 19:59:24 Note: 0 total HOLD script deferrals because of -MaxHold limit (20) or DEFER
07/08/26 19:59:24 DAG status: 4 (DAG_STATUS_RM)
07/08/26 19:59:24 Of 5 nodes total:
07/08/26 19:59:24  Done     Pre   Queued    Post   Ready   Un-Ready   Failed   Futile
07/08/26 19:59:24   ===     ===      ===     ===     ===        ===      ===      ===
07/08/26 19:59:24     2       0        1       0       0          2        0        0
07/08/26 19:59:24 0 job proc(s) currently held
07/08/26 19:59:24 DAGMan Runtime Statistics: [EventCycleTimeAvg=0.002; EventCycleTimeMax=0.108; EventCycleTimeMin=0.000; EventCycleTimeStd=0.009; EventCycleTimeSum=0.416; SleepCycleTimeAvg=5.004; SleepCycleTimeMax=5.027; SleepCycleTimeMin=5.001; SleepCycleTimeStd=0.002; SleepCycleTimeSum=1246.040; SubmitCycleTimeAvg=0.001; SubmitCycleTimeMax=0.103; SubmitCycleTimeMin=0.000; SubmitCycleTimeStd=0.007; SubmitCycleTimeSum=0.135; EventCycleTimeCount=250.000; SleepCycleTimeCount=249.000; SubmitCycleTimeCount=250.000; LogProcessCycleTimeAvg=0.007; LogProcessCycleTimeMax=0.065; LogProcessCycleTimeMin=0.002; LogProcessCycleTimeStd=0.011; LogProcessCycleTimeSum=0.213; LogProcessCycleTimeCount=32.000; ]
07/08/26 19:59:24 Wrote metrics file transport_linetrack_17_10_action_shield.dag.metrics.
07/08/26 19:59:24 DAGMan Runtime Statistics: [EventCycleTimeAvg=0.002; EventCycleTimeMax=0.108; EventCycleTimeMin=0.000; EventCycleTimeStd=0.009; EventCycleTimeSum=0.416; SleepCycleTimeAvg=5.004; SleepCycleTimeMax=5.027; SleepCycleTimeMin=5.001; SleepCycleTimeStd=0.002; SleepCycleTimeSum=1246.040; SubmitCycleTimeAvg=0.001; SubmitCycleTimeMax=0.103; SubmitCycleTimeMin=0.000; SubmitCycleTimeStd=0.007; SubmitCycleTimeSum=0.135; EventCycleTimeCount=250.000; SleepCycleTimeCount=249.000; SubmitCycleTimeCount=250.000; LogProcessCycleTimeAvg=0.007; LogProcessCycleTimeMax=0.065; LogProcessCycleTimeMin=0.002; LogProcessCycleTimeStd=0.011; LogProcessCycleTimeSum=0.213; LogProcessCycleTimeCount=32.000; ]
07/08/26 19:59:24 **** condor_scheduniv_exec.170719.0 (condor_DAGMAN) pid 1200920 EXITING WITH STATUS 2
07/08/26 20:37:38 ******************************************************
07/08/26 20:37:38 ** condor_scheduniv_exec.170746.0 (CONDOR_DAGMAN) STARTING UP
07/08/26 20:37:38 ** /usr/bin/condor_dagman
07/08/26 20:37:38 ** SubsystemInfo: name=DAGMAN type=DAGMAN(9) class=CLIENT(2)
07/08/26 20:37:38 ** Configuration: subsystem:DAGMAN local:<NONE> class:CLIENT
07/08/26 20:37:38 ** $CondorVersion: 24.12.19 2026-04-15 BuildID: 896241 PackageID: 24.12.19-1+deb12 GitSHA: c68f3e0e $
07/08/26 20:37:38 ** $CondorPlatform: X86_64-Debian_12 $
07/08/26 20:37:38 ** PID = 1230073 RealUID = 1620002036
07/08/26 20:37:38 ** Log last touched 7/8 19:59:24
07/08/26 20:37:38 ******************************************************
07/08/26 20:37:38 Using config source: /etc/condor/condor_config
07/08/26 20:37:38 Using local config sources: 
07/08/26 20:37:38    /etc/condor/config.d/01-submit.conf
07/08/26 20:37:38    /etc/condor/config.d/10-stash-plugin.conf
07/08/26 20:37:38    /etc/condor/config.d/23-network.config
07/08/26 20:37:38    /etc/condor/config.d/31-mail.conf
07/08/26 20:37:38    /etc/condor/config.d/35-cc-sync.conf
07/08/26 20:37:38    /etc/condor/config.d/41-periodic-remove.conf
07/08/26 20:37:38    /etc/condor/config.d/49-common.conf
07/08/26 20:37:38    /etc/condor/config.d/52-group-mapping.conf
07/08/26 20:37:38    /etc/condor/config.d/54-container.conf
07/08/26 20:37:38    /etc/condor/config.d/67-submit-transforms.conf
07/08/26 20:37:38    /etc/condor/config.d/71-submit-requirements.conf
07/08/26 20:37:38    /etc/condor/condor_config.local
07/08/26 20:37:38 config Macros = 110, Sorted = 110, StringBytes = 6391, TablesBytes = 4088
07/08/26 20:37:38 CLASSAD_CACHING is ENABLED
07/08/26 20:37:38 Daemon Log is logging: D_ALWAYS D_ERROR D_STATUS
07/08/26 20:37:38 Daemoncore: Listening at <0.0.0.0:20413> on TCP (ReliSock) and UDP (SafeSock).
07/08/26 20:37:38 DaemonCore: command socket at <10.143.248.60:20413?addrs=10.143.248.60-20413&alias=conduit.hpc.uni-saarland.de>
07/08/26 20:37:38 DaemonCore: private command socket at <10.143.248.60:20413?addrs=10.143.248.60-20413&alias=conduit.hpc.uni-saarland.de>
07/08/26 20:37:38 DAGMAN_USE_STRICT setting: 1
07/08/26 20:37:38 DAGMAN_VERBOSITY setting: 3
07/08/26 20:37:38 DAGMAN_DEBUG_CACHE_SIZE setting: 5242880
07/08/26 20:37:38 DAGMAN_DEBUG_CACHE_ENABLE setting: False
07/08/26 20:37:38 DAGMAN_SUBMIT_DELAY setting: 0
07/08/26 20:37:38 DAGMAN_MAX_SUBMIT_ATTEMPTS setting: 6
07/08/26 20:37:38 DAGMAN_STARTUP_CYCLE_DETECT setting: False
07/08/26 20:37:38 DAGMAN_USE_JOIN_NODES setting: True
07/08/26 20:37:38 DAGMAN_REPORT_GRAPH_METRICS setting: False
07/08/26 20:37:38 DAGMAN_MAX_SUBMITS_PER_INTERVAL setting: 100
07/08/26 20:37:38 DAGMAN_AGGRESSIVE_SUBMIT setting: False
07/08/26 20:37:38 DAGMAN_USER_LOG_SCAN_INTERVAL setting: 5
07/08/26 20:37:38 DAGMAN_QUEUE_UPDATE_INTERVAL setting: 300.000000
07/08/26 20:37:38 DAGMAN_DEFAULT_PRIORITY setting: 0
07/08/26 20:37:38 DAGMAN_SUPPRESS_NOTIFICATION setting: False
07/08/26 20:37:38 allow_events (DAGMAN_ALLOW_EVENTS) setting: 114
07/08/26 20:37:38 DAGMAN_RETRY_SUBMIT_FIRST setting: True
07/08/26 20:37:38 DAGMAN_RETRY_NODE_FIRST setting: False
07/08/26 20:37:38 DAGMAN_MAX_JOBS_IDLE setting: 1000
07/08/26 20:37:38 DAGMAN_MAX_JOBS_SUBMITTED setting: 0
07/08/26 20:37:38 DAGMAN_MAX_PRE_SCRIPTS setting: 20
07/08/26 20:37:38 DAGMAN_MAX_POST_SCRIPTS setting: 20
07/08/26 20:37:38 DAGMAN_MAX_HOLD_SCRIPTS setting: 20
07/08/26 20:37:38 DAGMAN_MUNGE_NODE_NAMES setting: True
07/08/26 20:37:38 DAGMAN_ALLOW_ANY_NODE_NAME_CHARACTERS setting: False
07/08/26 20:37:38 DAGMAN_PROHIBIT_MULTI_JOBS setting: False
07/08/26 20:37:38 DAGMAN_SUBMIT_DEPTH_FIRST setting: False
07/08/26 20:37:38 DAGMAN_ALWAYS_RUN_POST setting: False
07/08/26 20:37:38 DAGMAN_CONDOR_SUBMIT_EXE setting: /usr/bin/condor_submit
07/08/26 20:37:38 DAGMAN_CONDOR_RM_EXE setting: /usr/bin/condor_rm
07/08/26 20:37:38 DAGMAN_USE_DIRECT_SUBMIT setting: True
07/08/26 20:37:38 DAGMAN_PRODUCE_JOB_CREDENTIALS setting: True
07/08/26 20:37:38 DAGMAN_DEFAULT_APPEND_VARS setting: False
07/08/26 20:37:38 DAGMAN_INHERIT_ATTRS_PREFIX setting: 
07/08/26 20:37:38 DAGMAN_INHERIT_ATTRS setting: 
07/08/26 20:37:38 DAGMAN_ABORT_DUPLICATES setting: True
07/08/26 20:37:38 DAGMAN_ABORT_ON_SCARY_SUBMIT setting: True
07/08/26 20:37:38 DAGMAN_PENDING_REPORT_INTERVAL setting: 600
07/08/26 20:37:38 DAGMAN_CHECK_QUEUE_INTERVAL setting: 28800
07/08/26 20:37:38 DAGMAN_PRINT_JOB_TABLE_INTERVAL setting: 900
07/08/26 20:37:38 DAGMAN_AUTO_RESCUE setting: True
07/08/26 20:37:38 DAGMAN_MAX_RESCUE_NUM setting: 100
07/08/26 20:37:38 DAGMAN_WRITE_PARTIAL_RESCUE setting: True
07/08/26 20:37:38 DAGMAN_RESET_RETRIES_UPON_RESCUE setting: True
07/08/26 20:37:38 DAGMAN_METRICS_FILE_VERSION setting: 2
07/08/26 20:37:38 DAGMAN_DEFAULT_NODE_LOG setting: @(DAG_DIR)/@(DAG_FILE).nodes.log
07/08/26 20:37:38 DAGMAN_LOG_ON_NFS_IS_ERROR setting: False
07/08/26 20:37:38 DAGMAN_GENERATE_SUBDAG_SUBMITS setting: True
07/08/26 20:37:38 DAGMAN_MAX_JOB_HOLDS setting: 100
07/08/26 20:37:38 DAGMAN_NODE_JOB_FAILURE_TOLERANCE setting: 0
07/08/26 20:37:38 DAGMAN_HOLD_CLAIM_TIME setting: 20
07/08/26 20:37:38 DAGMAN_SUPPRESS_JOB_LOGS setting: False
07/08/26 20:37:38 DAGMAN_REMOVE_NODE_JOBS setting: True
07/08/26 20:37:38 DAGMAN_PUT_FAILED_JOBS_ON_HOLD setting: False
07/08/26 20:37:38 DAGMAN_REMOVE_JOBS_AFTER_LIMIT_CHANGE setting: False
07/08/26 20:37:38 DAGMAN will adjust edges after parsing
07/08/26 20:37:38 argv[0] == "condor_scheduniv_exec.170746.0"
07/08/26 20:37:38 argv[1] == "-Lockfile"
07/08/26 20:37:38 argv[2] == "transport_linetrack_17_10_action_shield.dag.lock"
07/08/26 20:37:38 argv[3] == "-Dag"
07/08/26 20:37:38 argv[4] == "transport_linetrack_17_10_action_shield.dag"
07/08/26 20:37:38 argv[5] == "-CsdVersion"
07/08/26 20:37:38 argv[6] == "$CondorVersion: 24.12.19 2026-04-15 BuildID: 896241 PackageID: 24.12.19-1+deb12 GitSHA: c68f3e0e $"
07/08/26 20:37:38 argv[7] == "-dagman"
07/08/26 20:37:38 argv[8] == "/usr/bin/condor_dagman"
07/08/26 20:37:38 argv[9] == "-AutoRescue"
07/08/26 20:37:38 argv[10] == "1"
07/08/26 20:37:38 argv[11] == "-DoRescueFrom"
07/08/26 20:37:38 argv[12] == "0"
07/08/26 20:37:38 Can't open directory "/etc/condor/passwords.d" as PRIV_ROOT, errno: 13 (Permission denied)
07/08/26 20:37:38 Can't open directory "/etc/condor/passwords.d" as PRIV_ROOT, errno: 13 (Permission denied)
07/08/26 20:37:38 Workflow batch-id: <170746.0>
07/08/26 20:37:38 Workflow batch-name: <transport_linetrack_17_10_action_shield.dag+170746>
07/08/26 20:37:38 Workflow accounting_group: <teaching>
07/08/26 20:37:38 Workflow accounting_group_user: <atml_team041>
07/08/26 20:37:38 Warning: failed to get attribute DAGNodeName
07/08/26 20:37:38 Default node log file is: </home/atml_team041/condor_tutorial/jani_env/experiments/repair_wo_domain/submissions/action_shield/transport_linetrack/./transport_linetrack_17_10_action_shield.dag.nodes.log>
07/08/26 20:37:38 DAG Lockfile will be written to transport_linetrack_17_10_action_shield.dag.lock
07/08/26 20:37:38 DAG Input file is transport_linetrack_17_10_action_shield.dag
07/08/26 20:37:38 Parsing 1 dagfiles
07/08/26 20:37:38 Parsing transport_linetrack_17_10_action_shield.dag ...
07/08/26 20:37:38 Adjusting edges
07/08/26 20:37:38 Found rescue DAG number 2; running transport_linetrack_17_10_action_shield.dag.rescue002 in combination with normal DAG file
07/08/26 20:37:38 ~~~~~~~~~~~~~~~~~~~~~~~~~~~~~~~~~~~~~~~~~~~~~~~~~~~~~~
07/08/26 20:37:38 USING RESCUE DAG transport_linetrack_17_10_action_shield.dag.rescue002
07/08/26 20:37:38 Dag contains 5 total nodes
07/08/26 20:37:38 Bootstrapping...
07/08/26 20:37:38 Number of pre-completed nodes: 2
07/08/26 20:37:38 MultiLogFiles: truncating log file /home/atml_team041/condor_tutorial/jani_env/experiments/repair_wo_domain/submissions/action_shield/transport_linetrack/./transport_linetrack_17_10_action_shield.dag.nodes.log
07/08/26 20:37:38 DAG status: 0 (DAG_STATUS_OK)
07/08/26 20:37:38 Of 5 nodes total:
07/08/26 20:37:38  Done     Pre   Queued    Post   Ready   Un-Ready   Failed   Futile
07/08/26 20:37:38   ===     ===      ===     ===     ===        ===      ===      ===
07/08/26 20:37:38     2       0        0       0       1          2        0        0
07/08/26 20:37:38 0 job proc(s) currently held
07/08/26 20:37:38 DAGMan Runtime Statistics: [EventCycleTimeSum=0.000; SleepCycleTimeSum=0.000; SubmitCycleTimeSum=0.000; EventCycleTimeCount=0.000; SleepCycleTimeCount=0.000; SubmitCycleTimeCount=0.000; LogProcessCycleTimeSum=0.000; LogProcessCycleTimeCount=0.000; ]
07/08/26 20:37:38 Registering condor_event_timer...
07/08/26 20:37:39 Submitting HTCondor Node TRAIN job(s)...
07/08/26 20:37:39 Submitting node TRAIN from file transport_linetrack_17_10_action_shield_train.sub using direct job submission
07/08/26 20:37:39 	assigned HTCondor ID (170747.0.0)
07/08/26 20:37:39 Just submitted 1 job this cycle...
07/08/26 20:37:39 DAG status: 0 (DAG_STATUS_OK)
07/08/26 20:37:39 Of 5 nodes total:
07/08/26 20:37:39  Done     Pre   Queued    Post   Ready   Un-Ready   Failed   Futile
07/08/26 20:37:39   ===     ===      ===     ===     ===        ===      ===      ===
07/08/26 20:37:39     2       0        1       0       0          2        0        0
07/08/26 20:37:39 0 job proc(s) currently held
07/08/26 20:37:39 DAGMan Runtime Statistics: [EventCycleTimeSum=0.000; SleepCycleTimeSum=0.000; SubmitCycleTimeAvg=0.011; SubmitCycleTimeMax=0.011; SubmitCycleTimeMin=0.011; SubmitCycleTimeStd=0.011; SubmitCycleTimeSum=0.011; EventCycleTimeCount=0.000; SleepCycleTimeCount=0.000; SubmitCycleTimeCount=1.000; LogProcessCycleTimeSum=0.000; LogProcessCycleTimeCount=0.000; ]
07/08/26 20:37:44 Currently monitoring 1 HTCondor log file(s)
07/08/26 20:37:44 Reassigning the id of job TRAIN from (170747.0.0) to (170747.0.0)
07/08/26 20:37:44 Event: ULOG_SUBMIT for HTCondor Node TRAIN (170747.0.0) {07/08/26 20:37:39}
07/08/26 20:37:44 Number of idle job procs: 1
07/08/26 20:38:39 Currently monitoring 1 HTCondor log file(s)
07/08/26 20:38:39 Event: ULOG_EXECUTE for HTCondor Node TRAIN (170747.0.0) {07/08/26 20:38:36}
07/08/26 20:38:39 Number of idle job procs: 0
07/08/26 20:38:44 Currently monitoring 1 HTCondor log file(s)
07/08/26 20:38:44 Event: ULOG_JOB_TERMINATED for HTCondor Node TRAIN (170747.0.0) {07/08/26 20:38:41}
07/08/26 20:38:44 Number of idle job procs: 0
07/08/26 20:38:44 Node TRAIN job proc (170747.0.0) failed with status 1.
07/08/26 20:38:44 Node TRAIN job(s) have exited the queue
07/08/26 20:38:44 DAG status: 2 (DAG_STATUS_NODE_FAILED)
07/08/26 20:38:44 Of 5 nodes total:
07/08/26 20:38:44  Done     Pre   Queued    Post   Ready   Un-Ready   Failed   Futile
07/08/26 20:38:44   ===     ===      ===     ===     ===        ===      ===      ===
07/08/26 20:38:44     2       0        0       0       0          0        1        2
07/08/26 20:38:44 0 job proc(s) currently held
07/08/26 20:38:44 DAGMan Runtime Statistics: [EventCycleTimeAvg=0.002; EventCycleTimeMax=0.016; EventCycleTimeMin=0.000; EventCycleTimeStd=0.005; EventCycleTimeSum=0.027; SleepCycleTimeAvg=5.004; SleepCycleTimeMax=5.006; SleepCycleTimeMin=5.003; SleepCycleTimeStd=0.001; SleepCycleTimeSum=65.052; SubmitCycleTimeAvg=0.001; SubmitCycleTimeMax=0.011; SubmitCycleTimeMin=0.000; SubmitCycleTimeStd=0.003; SubmitCycleTimeSum=0.011; EventCycleTimeCount=13.000; SleepCycleTimeCount=13.000; SubmitCycleTimeCount=14.000; LogProcessCycleTimeAvg=0.003; LogProcessCycleTimeMax=0.003; LogProcessCycleTimeMin=0.002; LogProcessCycleTimeStd=0.000; LogProcessCycleTimeSum=0.008; LogProcessCycleTimeCount=3.000; ]
07/08/26 20:38:44 ERROR: the following job(s) failed:
07/08/26 20:38:44 ---------------------- Node ----------------------
07/08/26 20:38:44       Node Name: TRAIN
07/08/26 20:38:44            Noop: false
07/08/26 20:38:44          NodeID: 2
07/08/26 20:38:44     Node Status: STATUS_ERROR    
07/08/26 20:38:44 Node return val: 1
07/08/26 20:38:44           Error: Job proc (170747.0.0) failed with status 1
07/08/26 20:38:44 Job Submit File: transport_linetrack_17_10_action_shield_train.sub
07/08/26 20:38:44  HTCondor Job ID: (170747.0.0)
07/08/26 20:38:44 PARENTS: MERGE_COLLECTION WAITING: 0 CHILDREN: EVALUATE
07/08/26 20:38:44 ---------------------------------------	<END>
07/08/26 20:38:44 Aborting DAG...
07/08/26 20:38:44 Writing Rescue DAG to transport_linetrack_17_10_action_shield.dag.rescue003...
07/08/26 20:38:44 Removing submitted jobs...
07/08/26 20:38:44 Removing any/all submitted HTCondor jobs...
07/08/26 20:38:44 Running: /usr/bin/condor_rm -const DAGManJobId==170746 -reason DAG' 'Abort:' 'DAG' 'is' 'exiting' 'and' 'writing' 'rescue' 'file.
07/08/26 20:38:44 Note: 0 total node deferrals because of -MaxJobs limit (0)
07/08/26 20:38:44 Note: 0 total node deferrals because of -MaxIdle limit (1000)
07/08/26 20:38:44 Note: 0 total node deferrals because of node category throttles
07/08/26 20:38:44 Note: 0 total PRE script deferrals because of -MaxPre limit (20) or DEFER
07/08/26 20:38:44 Note: 0 total POST script deferrals because of -MaxPost limit (20) or DEFER
07/08/26 20:38:44 Note: 0 total HOLD script deferrals because of -MaxHold limit (20) or DEFER
07/08/26 20:38:44 DAG status: 2 (DAG_STATUS_NODE_FAILED)
07/08/26 20:38:44 Of 5 nodes total:
07/08/26 20:38:44  Done     Pre   Queued    Post   Ready   Un-Ready   Failed   Futile
07/08/26 20:38:44   ===     ===      ===     ===     ===        ===      ===      ===
07/08/26 20:38:44     2       0        0       0       0          0        1        2
07/08/26 20:38:44 0 job proc(s) currently held
07/08/26 20:38:44 DAGMan Runtime Statistics: [EventCycleTimeAvg=0.002; EventCycleTimeMax=0.016; EventCycleTimeMin=0.000; EventCycleTimeStd=0.005; EventCycleTimeSum=0.027; SleepCycleTimeAvg=5.004; SleepCycleTimeMax=5.006; SleepCycleTimeMin=5.003; SleepCycleTimeStd=0.001; SleepCycleTimeSum=65.052; SubmitCycleTimeAvg=0.001; SubmitCycleTimeMax=0.011; SubmitCycleTimeMin=0.000; SubmitCycleTimeStd=0.003; SubmitCycleTimeSum=0.011; EventCycleTimeCount=13.000; SleepCycleTimeCount=13.000; SubmitCycleTimeCount=14.000; LogProcessCycleTimeAvg=0.003; LogProcessCycleTimeMax=0.003; LogProcessCycleTimeMin=0.002; LogProcessCycleTimeStd=0.000; LogProcessCycleTimeSum=0.008; LogProcessCycleTimeCount=3.000; ]
07/08/26 20:38:44 Wrote metrics file transport_linetrack_17_10_action_shield.dag.metrics.
07/08/26 20:38:44 DAGMan Runtime Statistics: [EventCycleTimeAvg=0.002; EventCycleTimeMax=0.016; EventCycleTimeMin=0.000; EventCycleTimeStd=0.005; EventCycleTimeSum=0.027; SleepCycleTimeAvg=5.004; SleepCycleTimeMax=5.006; SleepCycleTimeMin=5.003; SleepCycleTimeStd=0.001; SleepCycleTimeSum=65.052; SubmitCycleTimeAvg=0.001; SubmitCycleTimeMax=0.011; SubmitCycleTimeMin=0.000; SubmitCycleTimeStd=0.003; SubmitCycleTimeSum=0.011; EventCycleTimeCount=13.000; SleepCycleTimeCount=13.000; SubmitCycleTimeCount=14.000; LogProcessCycleTimeAvg=0.003; LogProcessCycleTimeMax=0.003; LogProcessCycleTimeMin=0.002; LogProcessCycleTimeStd=0.000; LogProcessCycleTimeSum=0.008; LogProcessCycleTimeCount=3.000; ]
07/08/26 20:38:44 **** condor_scheduniv_exec.170746.0 (condor_DAGMAN) pid 1230073 EXITING WITH STATUS 1
07/09/26 21:56:05 ******************************************************
07/09/26 21:56:05 ** condor_scheduniv_exec.171035.0 (CONDOR_DAGMAN) STARTING UP
07/09/26 21:56:05 ** /usr/bin/condor_dagman
07/09/26 21:56:05 ** SubsystemInfo: name=DAGMAN type=DAGMAN(9) class=CLIENT(2)
07/09/26 21:56:05 ** Configuration: subsystem:DAGMAN local:<NONE> class:CLIENT
07/09/26 21:56:05 ** $CondorVersion: 24.12.19 2026-04-15 BuildID: 896241 PackageID: 24.12.19-1+deb12 GitSHA: c68f3e0e $
07/09/26 21:56:05 ** $CondorPlatform: X86_64-Debian_12 $
07/09/26 21:56:05 ** PID = 1907335 RealUID = 1620002036
07/09/26 21:56:05 ** Log last touched 7/8 20:38:44
07/09/26 21:56:05 ******************************************************
07/09/26 21:56:05 Using config source: /etc/condor/condor_config
07/09/26 21:56:05 Using local config sources: 
07/09/26 21:56:05    /etc/condor/config.d/01-submit.conf
07/09/26 21:56:05    /etc/condor/config.d/10-stash-plugin.conf
07/09/26 21:56:05    /etc/condor/config.d/23-network.config
07/09/26 21:56:05    /etc/condor/config.d/31-mail.conf
07/09/26 21:56:05    /etc/condor/config.d/35-cc-sync.conf
07/09/26 21:56:05    /etc/condor/config.d/41-periodic-remove.conf
07/09/26 21:56:05    /etc/condor/config.d/49-common.conf
07/09/26 21:56:05    /etc/condor/config.d/52-group-mapping.conf
07/09/26 21:56:05    /etc/condor/config.d/54-container.conf
07/09/26 21:56:05    /etc/condor/config.d/67-submit-transforms.conf
07/09/26 21:56:05    /etc/condor/config.d/71-submit-requirements.conf
07/09/26 21:56:05    /etc/condor/condor_config.local
07/09/26 21:56:05 config Macros = 110, Sorted = 110, StringBytes = 6391, TablesBytes = 4088
07/09/26 21:56:05 CLASSAD_CACHING is ENABLED
07/09/26 21:56:05 Daemon Log is logging: D_ALWAYS D_ERROR D_STATUS
07/09/26 21:56:05 Daemoncore: Listening at <0.0.0.0:26229> on TCP (ReliSock) and UDP (SafeSock).
07/09/26 21:56:05 DaemonCore: command socket at <10.143.248.60:26229?addrs=10.143.248.60-26229&alias=conduit.hpc.uni-saarland.de>
07/09/26 21:56:05 DaemonCore: private command socket at <10.143.248.60:26229?addrs=10.143.248.60-26229&alias=conduit.hpc.uni-saarland.de>
07/09/26 21:56:05 DAGMAN_USE_STRICT setting: 1
07/09/26 21:56:05 DAGMAN_VERBOSITY setting: 3
07/09/26 21:56:05 DAGMAN_DEBUG_CACHE_SIZE setting: 5242880
07/09/26 21:56:05 DAGMAN_DEBUG_CACHE_ENABLE setting: False
07/09/26 21:56:05 DAGMAN_SUBMIT_DELAY setting: 0
07/09/26 21:56:05 DAGMAN_MAX_SUBMIT_ATTEMPTS setting: 6
07/09/26 21:56:05 DAGMAN_STARTUP_CYCLE_DETECT setting: False
07/09/26 21:56:05 DAGMAN_USE_JOIN_NODES setting: True
07/09/26 21:56:05 DAGMAN_REPORT_GRAPH_METRICS setting: False
07/09/26 21:56:05 DAGMAN_MAX_SUBMITS_PER_INTERVAL setting: 100
07/09/26 21:56:05 DAGMAN_AGGRESSIVE_SUBMIT setting: False
07/09/26 21:56:05 DAGMAN_USER_LOG_SCAN_INTERVAL setting: 5
07/09/26 21:56:05 DAGMAN_QUEUE_UPDATE_INTERVAL setting: 300.000000
07/09/26 21:56:05 DAGMAN_DEFAULT_PRIORITY setting: 0
07/09/26 21:56:05 DAGMAN_SUPPRESS_NOTIFICATION setting: False
07/09/26 21:56:05 allow_events (DAGMAN_ALLOW_EVENTS) setting: 114
07/09/26 21:56:05 DAGMAN_RETRY_SUBMIT_FIRST setting: True
07/09/26 21:56:05 DAGMAN_RETRY_NODE_FIRST setting: False
07/09/26 21:56:05 DAGMAN_MAX_JOBS_IDLE setting: 1000
07/09/26 21:56:05 DAGMAN_MAX_JOBS_SUBMITTED setting: 0
07/09/26 21:56:05 DAGMAN_MAX_PRE_SCRIPTS setting: 20
07/09/26 21:56:05 DAGMAN_MAX_POST_SCRIPTS setting: 20
07/09/26 21:56:05 DAGMAN_MAX_HOLD_SCRIPTS setting: 20
07/09/26 21:56:05 DAGMAN_MUNGE_NODE_NAMES setting: True
07/09/26 21:56:05 DAGMAN_ALLOW_ANY_NODE_NAME_CHARACTERS setting: False
07/09/26 21:56:05 DAGMAN_PROHIBIT_MULTI_JOBS setting: False
07/09/26 21:56:05 DAGMAN_SUBMIT_DEPTH_FIRST setting: False
07/09/26 21:56:05 DAGMAN_ALWAYS_RUN_POST setting: False
07/09/26 21:56:05 DAGMAN_CONDOR_SUBMIT_EXE setting: /usr/bin/condor_submit
07/09/26 21:56:05 DAGMAN_CONDOR_RM_EXE setting: /usr/bin/condor_rm
07/09/26 21:56:05 DAGMAN_USE_DIRECT_SUBMIT setting: True
07/09/26 21:56:05 DAGMAN_PRODUCE_JOB_CREDENTIALS setting: True
07/09/26 21:56:05 DAGMAN_DEFAULT_APPEND_VARS setting: False
07/09/26 21:56:05 DAGMAN_INHERIT_ATTRS_PREFIX setting: 
07/09/26 21:56:05 DAGMAN_INHERIT_ATTRS setting: 
07/09/26 21:56:05 DAGMAN_ABORT_DUPLICATES setting: True
07/09/26 21:56:05 DAGMAN_ABORT_ON_SCARY_SUBMIT setting: True
07/09/26 21:56:05 DAGMAN_PENDING_REPORT_INTERVAL setting: 600
07/09/26 21:56:05 DAGMAN_CHECK_QUEUE_INTERVAL setting: 28800
07/09/26 21:56:05 DAGMAN_PRINT_JOB_TABLE_INTERVAL setting: 900
07/09/26 21:56:05 DAGMAN_AUTO_RESCUE setting: True
07/09/26 21:56:05 DAGMAN_MAX_RESCUE_NUM setting: 100
07/09/26 21:56:05 DAGMAN_WRITE_PARTIAL_RESCUE setting: True
07/09/26 21:56:05 DAGMAN_RESET_RETRIES_UPON_RESCUE setting: True
07/09/26 21:56:05 DAGMAN_METRICS_FILE_VERSION setting: 2
07/09/26 21:56:05 DAGMAN_DEFAULT_NODE_LOG setting: @(DAG_DIR)/@(DAG_FILE).nodes.log
07/09/26 21:56:05 DAGMAN_LOG_ON_NFS_IS_ERROR setting: False
07/09/26 21:56:05 DAGMAN_GENERATE_SUBDAG_SUBMITS setting: True
07/09/26 21:56:05 DAGMAN_MAX_JOB_HOLDS setting: 100
07/09/26 21:56:05 DAGMAN_NODE_JOB_FAILURE_TOLERANCE setting: 0
07/09/26 21:56:05 DAGMAN_HOLD_CLAIM_TIME setting: 20
07/09/26 21:56:05 DAGMAN_SUPPRESS_JOB_LOGS setting: False
07/09/26 21:56:05 DAGMAN_REMOVE_NODE_JOBS setting: True
07/09/26 21:56:05 DAGMAN_PUT_FAILED_JOBS_ON_HOLD setting: False
07/09/26 21:56:05 DAGMAN_REMOVE_JOBS_AFTER_LIMIT_CHANGE setting: False
07/09/26 21:56:05 DAGMAN will adjust edges after parsing
07/09/26 21:56:05 argv[0] == "condor_scheduniv_exec.171035.0"
07/09/26 21:56:05 argv[1] == "-Lockfile"
07/09/26 21:56:05 argv[2] == "transport_linetrack_17_10_action_shield.dag.lock"
07/09/26 21:56:05 argv[3] == "-Dag"
07/09/26 21:56:05 argv[4] == "transport_linetrack_17_10_action_shield.dag"
07/09/26 21:56:05 argv[5] == "-CsdVersion"
07/09/26 21:56:05 argv[6] == "$CondorVersion: 24.12.19 2026-04-15 BuildID: 896241 PackageID: 24.12.19-1+deb12 GitSHA: c68f3e0e $"
07/09/26 21:56:05 argv[7] == "-dagman"
07/09/26 21:56:05 argv[8] == "/usr/bin/condor_dagman"
07/09/26 21:56:05 argv[9] == "-AutoRescue"
07/09/26 21:56:05 argv[10] == "1"
07/09/26 21:56:05 argv[11] == "-DoRescueFrom"
07/09/26 21:56:05 argv[12] == "0"
07/09/26 21:56:05 Can't open directory "/etc/condor/passwords.d" as PRIV_ROOT, errno: 13 (Permission denied)
07/09/26 21:56:05 Can't open directory "/etc/condor/passwords.d" as PRIV_ROOT, errno: 13 (Permission denied)
07/09/26 21:56:05 Workflow batch-id: <171035.0>
07/09/26 21:56:05 Workflow batch-name: <transport_linetrack_17_10_action_shield.dag+171035>
07/09/26 21:56:05 Workflow accounting_group: <teaching>
07/09/26 21:56:05 Workflow accounting_group_user: <atml_team041>
07/09/26 21:56:05 Warning: failed to get attribute DAGNodeName
07/09/26 21:56:05 Default node log file is: </home/atml_team041/condor_tutorial/jani_env/experiments/repair_wo_domain/submissions/action_shield/transport_linetrack/./transport_linetrack_17_10_action_shield.dag.nodes.log>
07/09/26 21:56:05 DAG Lockfile will be written to transport_linetrack_17_10_action_shield.dag.lock
07/09/26 21:56:05 DAG Input file is transport_linetrack_17_10_action_shield.dag
07/09/26 21:56:05 Parsing 1 dagfiles
07/09/26 21:56:05 Parsing transport_linetrack_17_10_action_shield.dag ...
07/09/26 21:56:05 Adjusting edges
07/09/26 21:56:05 Found rescue DAG number 3; running transport_linetrack_17_10_action_shield.dag.rescue003 in combination with normal DAG file
07/09/26 21:56:05 ~~~~~~~~~~~~~~~~~~~~~~~~~~~~~~~~~~~~~~~~~~~~~~~~~~~~~~
07/09/26 21:56:05 USING RESCUE DAG transport_linetrack_17_10_action_shield.dag.rescue003
07/09/26 21:56:05 Dag contains 5 total nodes
07/09/26 21:56:05 Bootstrapping...
07/09/26 21:56:05 Number of pre-completed nodes: 2
07/09/26 21:56:05 MultiLogFiles: truncating log file /home/atml_team041/condor_tutorial/jani_env/experiments/repair_wo_domain/submissions/action_shield/transport_linetrack/./transport_linetrack_17_10_action_shield.dag.nodes.log
07/09/26 21:56:05 DAG status: 0 (DAG_STATUS_OK)
07/09/26 21:56:05 Of 5 nodes total:
07/09/26 21:56:05  Done     Pre   Queued    Post   Ready   Un-Ready   Failed   Futile
07/09/26 21:56:05   ===     ===      ===     ===     ===        ===      ===      ===
07/09/26 21:56:05     2       0        0       0       1          2        0        0
07/09/26 21:56:05 0 job proc(s) currently held
07/09/26 21:56:05 DAGMan Runtime Statistics: [EventCycleTimeSum=0.000; SleepCycleTimeSum=0.000; SubmitCycleTimeSum=0.000; EventCycleTimeCount=0.000; SleepCycleTimeCount=0.000; SubmitCycleTimeCount=0.000; LogProcessCycleTimeSum=0.000; LogProcessCycleTimeCount=0.000; ]
07/09/26 21:56:05 Registering condor_event_timer...
07/09/26 21:56:06 Submitting HTCondor Node TRAIN job(s)...
07/09/26 21:56:06 Submitting node TRAIN from file transport_linetrack_17_10_action_shield_train.sub using direct job submission
07/09/26 21:56:06 	assigned HTCondor ID (171036.0.0)
07/09/26 21:56:06 Just submitted 1 job this cycle...
07/09/26 21:56:06 DAG status: 0 (DAG_STATUS_OK)
07/09/26 21:56:06 Of 5 nodes total:
07/09/26 21:56:06  Done     Pre   Queued    Post   Ready   Un-Ready   Failed   Futile
07/09/26 21:56:06   ===     ===      ===     ===     ===        ===      ===      ===
07/09/26 21:56:06     2       0        1       0       0          2        0        0
07/09/26 21:56:06 0 job proc(s) currently held
07/09/26 21:56:06 DAGMan Runtime Statistics: [EventCycleTimeSum=0.000; SleepCycleTimeSum=0.000; SubmitCycleTimeAvg=0.028; SubmitCycleTimeMax=0.028; SubmitCycleTimeMin=0.028; SubmitCycleTimeStd=0.028; SubmitCycleTimeSum=0.028; EventCycleTimeCount=0.000; SleepCycleTimeCount=0.000; SubmitCycleTimeCount=1.000; LogProcessCycleTimeSum=0.000; LogProcessCycleTimeCount=0.000; ]
07/09/26 21:56:11 Currently monitoring 1 HTCondor log file(s)
07/09/26 21:56:11 Reassigning the id of job TRAIN from (171036.0.0) to (171036.0.0)
07/09/26 21:56:11 Event: ULOG_SUBMIT for HTCondor Node TRAIN (171036.0.0) {07/09/26 21:56:06}
07/09/26 21:56:11 Number of idle job procs: 1
07/09/26 21:56:31 Currently monitoring 1 HTCondor log file(s)
07/09/26 21:56:31 Event: ULOG_EXECUTE for HTCondor Node TRAIN (171036.0.0) {07/09/26 21:56:27}
07/09/26 21:56:31 Number of idle job procs: 0
07/09/26 21:56:36 Currently monitoring 1 HTCondor log file(s)
07/09/26 21:56:36 Event: ULOG_JOB_TERMINATED for HTCondor Node TRAIN (171036.0.0) {07/09/26 21:56:32}
07/09/26 21:56:36 Number of idle job procs: 0
07/09/26 21:56:36 Node TRAIN job proc (171036.0.0) failed with status 1.
07/09/26 21:56:36 Node TRAIN job(s) have exited the queue
07/09/26 21:56:36 DAG status: 2 (DAG_STATUS_NODE_FAILED)
07/09/26 21:56:36 Of 5 nodes total:
07/09/26 21:56:36  Done     Pre   Queued    Post   Ready   Un-Ready   Failed   Futile
07/09/26 21:56:36   ===     ===      ===     ===     ===        ===      ===      ===
07/09/26 21:56:36     2       0        0       0       0          0        1        2
07/09/26 21:56:36 0 job proc(s) currently held
07/09/26 21:56:36 DAGMan Runtime Statistics: [EventCycleTimeAvg=0.007; EventCycleTimeMax=0.033; EventCycleTimeMin=0.000; EventCycleTimeStd=0.013; EventCycleTimeSum=0.044; SleepCycleTimeAvg=5.004; SleepCycleTimeMax=5.005; SleepCycleTimeMin=5.002; SleepCycleTimeStd=0.001; SleepCycleTimeSum=30.022; SubmitCycleTimeAvg=0.004; SubmitCycleTimeMax=0.028; SubmitCycleTimeMin=0.000; SubmitCycleTimeStd=0.010; SubmitCycleTimeSum=0.028; EventCycleTimeCount=6.000; SleepCycleTimeCount=6.000; SubmitCycleTimeCount=7.000; LogProcessCycleTimeAvg=0.003; LogProcessCycleTimeMax=0.004; LogProcessCycleTimeMin=0.002; LogProcessCycleTimeStd=0.001; LogProcessCycleTimeSum=0.009; LogProcessCycleTimeCount=3.000; ]
07/09/26 21:56:36 ERROR: the following job(s) failed:
07/09/26 21:56:36 ---------------------- Node ----------------------
07/09/26 21:56:36       Node Name: TRAIN
07/09/26 21:56:36            Noop: false
07/09/26 21:56:36          NodeID: 2
07/09/26 21:56:36     Node Status: STATUS_ERROR    
07/09/26 21:56:36 Node return val: 1
07/09/26 21:56:36           Error: Job proc (171036.0.0) failed with status 1
07/09/26 21:56:36 Job Submit File: transport_linetrack_17_10_action_shield_train.sub
07/09/26 21:56:36  HTCondor Job ID: (171036.0.0)
07/09/26 21:56:36 PARENTS: MERGE_COLLECTION WAITING: 0 CHILDREN: EVALUATE
07/09/26 21:56:36 ---------------------------------------	<END>
07/09/26 21:56:36 Aborting DAG...
07/09/26 21:56:36 Writing Rescue DAG to transport_linetrack_17_10_action_shield.dag.rescue004...
07/09/26 21:56:36 Removing submitted jobs...
07/09/26 21:56:36 Removing any/all submitted HTCondor jobs...
07/09/26 21:56:36 Running: /usr/bin/condor_rm -const DAGManJobId==171035 -reason DAG' 'Abort:' 'DAG' 'is' 'exiting' 'and' 'writing' 'rescue' 'file.
07/09/26 21:56:36 Note: 0 total node deferrals because of -MaxJobs limit (0)
07/09/26 21:56:36 Note: 0 total node deferrals because of -MaxIdle limit (1000)
07/09/26 21:56:36 Note: 0 total node deferrals because of node category throttles
07/09/26 21:56:36 Note: 0 total PRE script deferrals because of -MaxPre limit (20) or DEFER
07/09/26 21:56:36 Note: 0 total POST script deferrals because of -MaxPost limit (20) or DEFER
07/09/26 21:56:36 Note: 0 total HOLD script deferrals because of -MaxHold limit (20) or DEFER
07/09/26 21:56:36 DAG status: 2 (DAG_STATUS_NODE_FAILED)
07/09/26 21:56:36 Of 5 nodes total:
07/09/26 21:56:36  Done     Pre   Queued    Post   Ready   Un-Ready   Failed   Futile
07/09/26 21:56:36   ===     ===      ===     ===     ===        ===      ===      ===
07/09/26 21:56:36     2       0        0       0       0          0        1        2
07/09/26 21:56:36 0 job proc(s) currently held
07/09/26 21:56:36 DAGMan Runtime Statistics: [EventCycleTimeAvg=0.007; EventCycleTimeMax=0.033; EventCycleTimeMin=0.000; EventCycleTimeStd=0.013; EventCycleTimeSum=0.044; SleepCycleTimeAvg=5.004; SleepCycleTimeMax=5.005; SleepCycleTimeMin=5.002; SleepCycleTimeStd=0.001; SleepCycleTimeSum=30.022; SubmitCycleTimeAvg=0.004; SubmitCycleTimeMax=0.028; SubmitCycleTimeMin=0.000; SubmitCycleTimeStd=0.010; SubmitCycleTimeSum=0.028; EventCycleTimeCount=6.000; SleepCycleTimeCount=6.000; SubmitCycleTimeCount=7.000; LogProcessCycleTimeAvg=0.003; LogProcessCycleTimeMax=0.004; LogProcessCycleTimeMin=0.002; LogProcessCycleTimeStd=0.001; LogProcessCycleTimeSum=0.009; LogProcessCycleTimeCount=3.000; ]
07/09/26 21:56:36 Wrote metrics file transport_linetrack_17_10_action_shield.dag.metrics.
07/09/26 21:56:36 DAGMan Runtime Statistics: [EventCycleTimeAvg=0.007; EventCycleTimeMax=0.033; EventCycleTimeMin=0.000; EventCycleTimeStd=0.013; EventCycleTimeSum=0.044; SleepCycleTimeAvg=5.004; SleepCycleTimeMax=5.005; SleepCycleTimeMin=5.002; SleepCycleTimeStd=0.001; SleepCycleTimeSum=30.022; SubmitCycleTimeAvg=0.004; SubmitCycleTimeMax=0.028; SubmitCycleTimeMin=0.000; SubmitCycleTimeStd=0.010; SubmitCycleTimeSum=0.028; EventCycleTimeCount=6.000; SleepCycleTimeCount=6.000; SubmitCycleTimeCount=7.000; LogProcessCycleTimeAvg=0.003; LogProcessCycleTimeMax=0.004; LogProcessCycleTimeMin=0.002; LogProcessCycleTimeStd=0.001; LogProcessCycleTimeSum=0.009; LogProcessCycleTimeCount=3.000; ]
07/09/26 21:56:36 **** condor_scheduniv_exec.171035.0 (condor_DAGMAN) pid 1907335 EXITING WITH STATUS 1
07/09/26 22:11:32 ******************************************************
07/09/26 22:11:32 ** condor_scheduniv_exec.171045.0 (CONDOR_DAGMAN) STARTING UP
07/09/26 22:11:32 ** /usr/bin/condor_dagman
07/09/26 22:11:32 ** SubsystemInfo: name=DAGMAN type=DAGMAN(9) class=CLIENT(2)
07/09/26 22:11:32 ** Configuration: subsystem:DAGMAN local:<NONE> class:CLIENT
07/09/26 22:11:32 ** $CondorVersion: 24.12.19 2026-04-15 BuildID: 896241 PackageID: 24.12.19-1+deb12 GitSHA: c68f3e0e $
07/09/26 22:11:32 ** $CondorPlatform: X86_64-Debian_12 $
07/09/26 22:11:32 ** PID = 1915914 RealUID = 1620002036
07/09/26 22:11:32 ** Log last touched 7/9 21:56:36
07/09/26 22:11:32 ******************************************************
07/09/26 22:11:32 Using config source: /etc/condor/condor_config
07/09/26 22:11:32 Using local config sources: 
07/09/26 22:11:32    /etc/condor/config.d/01-submit.conf
07/09/26 22:11:32    /etc/condor/config.d/10-stash-plugin.conf
07/09/26 22:11:32    /etc/condor/config.d/23-network.config
07/09/26 22:11:32    /etc/condor/config.d/31-mail.conf
07/09/26 22:11:32    /etc/condor/config.d/35-cc-sync.conf
07/09/26 22:11:32    /etc/condor/config.d/41-periodic-remove.conf
07/09/26 22:11:32    /etc/condor/config.d/49-common.conf
07/09/26 22:11:32    /etc/condor/config.d/52-group-mapping.conf
07/09/26 22:11:32    /etc/condor/config.d/54-container.conf
07/09/26 22:11:32    /etc/condor/config.d/67-submit-transforms.conf
07/09/26 22:11:32    /etc/condor/config.d/71-submit-requirements.conf
07/09/26 22:11:32    /etc/condor/condor_config.local
07/09/26 22:11:32 config Macros = 110, Sorted = 110, StringBytes = 6391, TablesBytes = 4088
07/09/26 22:11:32 CLASSAD_CACHING is ENABLED
07/09/26 22:11:32 Daemon Log is logging: D_ALWAYS D_ERROR D_STATUS
07/09/26 22:11:33 Daemoncore: Listening at <0.0.0.0:2123> on TCP (ReliSock) and UDP (SafeSock).
07/09/26 22:11:33 DaemonCore: command socket at <10.143.248.60:2123?addrs=10.143.248.60-2123&alias=conduit.hpc.uni-saarland.de>
07/09/26 22:11:33 DaemonCore: private command socket at <10.143.248.60:2123?addrs=10.143.248.60-2123&alias=conduit.hpc.uni-saarland.de>
07/09/26 22:11:33 DAGMAN_USE_STRICT setting: 1
07/09/26 22:11:33 DAGMAN_VERBOSITY setting: 3
07/09/26 22:11:33 DAGMAN_DEBUG_CACHE_SIZE setting: 5242880
07/09/26 22:11:33 DAGMAN_DEBUG_CACHE_ENABLE setting: False
07/09/26 22:11:33 DAGMAN_SUBMIT_DELAY setting: 0
07/09/26 22:11:33 DAGMAN_MAX_SUBMIT_ATTEMPTS setting: 6
07/09/26 22:11:33 DAGMAN_STARTUP_CYCLE_DETECT setting: False
07/09/26 22:11:33 DAGMAN_USE_JOIN_NODES setting: True
07/09/26 22:11:33 DAGMAN_REPORT_GRAPH_METRICS setting: False
07/09/26 22:11:33 DAGMAN_MAX_SUBMITS_PER_INTERVAL setting: 100
07/09/26 22:11:33 DAGMAN_AGGRESSIVE_SUBMIT setting: False
07/09/26 22:11:33 DAGMAN_USER_LOG_SCAN_INTERVAL setting: 5
07/09/26 22:11:33 DAGMAN_QUEUE_UPDATE_INTERVAL setting: 300.000000
07/09/26 22:11:33 DAGMAN_DEFAULT_PRIORITY setting: 0
07/09/26 22:11:33 DAGMAN_SUPPRESS_NOTIFICATION setting: False
07/09/26 22:11:33 allow_events (DAGMAN_ALLOW_EVENTS) setting: 114
07/09/26 22:11:33 DAGMAN_RETRY_SUBMIT_FIRST setting: True
07/09/26 22:11:33 DAGMAN_RETRY_NODE_FIRST setting: False
07/09/26 22:11:33 DAGMAN_MAX_JOBS_IDLE setting: 1000
07/09/26 22:11:33 DAGMAN_MAX_JOBS_SUBMITTED setting: 0
07/09/26 22:11:33 DAGMAN_MAX_PRE_SCRIPTS setting: 20
07/09/26 22:11:33 DAGMAN_MAX_POST_SCRIPTS setting: 20
07/09/26 22:11:33 DAGMAN_MAX_HOLD_SCRIPTS setting: 20
07/09/26 22:11:33 DAGMAN_MUNGE_NODE_NAMES setting: True
07/09/26 22:11:33 DAGMAN_ALLOW_ANY_NODE_NAME_CHARACTERS setting: False
07/09/26 22:11:33 DAGMAN_PROHIBIT_MULTI_JOBS setting: False
07/09/26 22:11:33 DAGMAN_SUBMIT_DEPTH_FIRST setting: False
07/09/26 22:11:33 DAGMAN_ALWAYS_RUN_POST setting: False
07/09/26 22:11:33 DAGMAN_CONDOR_SUBMIT_EXE setting: /usr/bin/condor_submit
07/09/26 22:11:33 DAGMAN_CONDOR_RM_EXE setting: /usr/bin/condor_rm
07/09/26 22:11:33 DAGMAN_USE_DIRECT_SUBMIT setting: True
07/09/26 22:11:33 DAGMAN_PRODUCE_JOB_CREDENTIALS setting: True
07/09/26 22:11:33 DAGMAN_DEFAULT_APPEND_VARS setting: False
07/09/26 22:11:33 DAGMAN_INHERIT_ATTRS_PREFIX setting: 
07/09/26 22:11:33 DAGMAN_INHERIT_ATTRS setting: 
07/09/26 22:11:33 DAGMAN_ABORT_DUPLICATES setting: True
07/09/26 22:11:33 DAGMAN_ABORT_ON_SCARY_SUBMIT setting: True
07/09/26 22:11:33 DAGMAN_PENDING_REPORT_INTERVAL setting: 600
07/09/26 22:11:33 DAGMAN_CHECK_QUEUE_INTERVAL setting: 28800
07/09/26 22:11:33 DAGMAN_PRINT_JOB_TABLE_INTERVAL setting: 900
07/09/26 22:11:33 DAGMAN_AUTO_RESCUE setting: True
07/09/26 22:11:33 DAGMAN_MAX_RESCUE_NUM setting: 100
07/09/26 22:11:33 DAGMAN_WRITE_PARTIAL_RESCUE setting: True
07/09/26 22:11:33 DAGMAN_RESET_RETRIES_UPON_RESCUE setting: True
07/09/26 22:11:33 DAGMAN_METRICS_FILE_VERSION setting: 2
07/09/26 22:11:33 DAGMAN_DEFAULT_NODE_LOG setting: @(DAG_DIR)/@(DAG_FILE).nodes.log
07/09/26 22:11:33 DAGMAN_LOG_ON_NFS_IS_ERROR setting: False
07/09/26 22:11:33 DAGMAN_GENERATE_SUBDAG_SUBMITS setting: True
07/09/26 22:11:33 DAGMAN_MAX_JOB_HOLDS setting: 100
07/09/26 22:11:33 DAGMAN_NODE_JOB_FAILURE_TOLERANCE setting: 0
07/09/26 22:11:33 DAGMAN_HOLD_CLAIM_TIME setting: 20
07/09/26 22:11:33 DAGMAN_SUPPRESS_JOB_LOGS setting: False
07/09/26 22:11:33 DAGMAN_REMOVE_NODE_JOBS setting: True
07/09/26 22:11:33 DAGMAN_PUT_FAILED_JOBS_ON_HOLD setting: False
07/09/26 22:11:33 DAGMAN_REMOVE_JOBS_AFTER_LIMIT_CHANGE setting: False
07/09/26 22:11:33 DAGMAN will adjust edges after parsing
07/09/26 22:11:33 argv[0] == "condor_scheduniv_exec.171045.0"
07/09/26 22:11:33 argv[1] == "-Lockfile"
07/09/26 22:11:33 argv[2] == "transport_linetrack_17_10_action_shield.dag.lock"
07/09/26 22:11:33 argv[3] == "-Dag"
07/09/26 22:11:33 argv[4] == "transport_linetrack_17_10_action_shield.dag"
07/09/26 22:11:33 argv[5] == "-CsdVersion"
07/09/26 22:11:33 argv[6] == "$CondorVersion: 24.12.19 2026-04-15 BuildID: 896241 PackageID: 24.12.19-1+deb12 GitSHA: c68f3e0e $"
07/09/26 22:11:33 argv[7] == "-dagman"
07/09/26 22:11:33 argv[8] == "/usr/bin/condor_dagman"
07/09/26 22:11:33 argv[9] == "-AutoRescue"
07/09/26 22:11:33 argv[10] == "1"
07/09/26 22:11:33 argv[11] == "-DoRescueFrom"
07/09/26 22:11:33 argv[12] == "0"
07/09/26 22:11:33 Can't open directory "/etc/condor/passwords.d" as PRIV_ROOT, errno: 13 (Permission denied)
07/09/26 22:11:33 Can't open directory "/etc/condor/passwords.d" as PRIV_ROOT, errno: 13 (Permission denied)
07/09/26 22:11:33 Workflow batch-id: <171045.0>
07/09/26 22:11:33 Workflow batch-name: <transport_linetrack_17_10_action_shield.dag+171045>
07/09/26 22:11:33 Workflow accounting_group: <teaching>
07/09/26 22:11:33 Workflow accounting_group_user: <atml_team041>
07/09/26 22:11:33 Warning: failed to get attribute DAGNodeName
07/09/26 22:11:33 Default node log file is: </home/atml_team041/condor_tutorial/jani_env/experiments/repair_wo_domain/submissions/action_shield/transport_linetrack/./transport_linetrack_17_10_action_shield.dag.nodes.log>
07/09/26 22:11:33 DAG Lockfile will be written to transport_linetrack_17_10_action_shield.dag.lock
07/09/26 22:11:33 DAG Input file is transport_linetrack_17_10_action_shield.dag
07/09/26 22:11:33 Parsing 1 dagfiles
07/09/26 22:11:33 Parsing transport_linetrack_17_10_action_shield.dag ...
07/09/26 22:11:33 Adjusting edges
07/09/26 22:11:33 Found rescue DAG number 4; running transport_linetrack_17_10_action_shield.dag.rescue004 in combination with normal DAG file
07/09/26 22:11:33 ~~~~~~~~~~~~~~~~~~~~~~~~~~~~~~~~~~~~~~~~~~~~~~~~~~~~~~
07/09/26 22:11:33 USING RESCUE DAG transport_linetrack_17_10_action_shield.dag.rescue004
07/09/26 22:11:33 Dag contains 5 total nodes
07/09/26 22:11:33 Bootstrapping...
07/09/26 22:11:33 Number of pre-completed nodes: 2
07/09/26 22:11:33 MultiLogFiles: truncating log file /home/atml_team041/condor_tutorial/jani_env/experiments/repair_wo_domain/submissions/action_shield/transport_linetrack/./transport_linetrack_17_10_action_shield.dag.nodes.log
07/09/26 22:11:33 DAG status: 0 (DAG_STATUS_OK)
07/09/26 22:11:33 Of 5 nodes total:
07/09/26 22:11:33  Done     Pre   Queued    Post   Ready   Un-Ready   Failed   Futile
07/09/26 22:11:33   ===     ===      ===     ===     ===        ===      ===      ===
07/09/26 22:11:33     2       0        0       0       1          2        0        0
07/09/26 22:11:33 0 job proc(s) currently held
07/09/26 22:11:33 DAGMan Runtime Statistics: [EventCycleTimeSum=0.000; SleepCycleTimeSum=0.000; SubmitCycleTimeSum=0.000; EventCycleTimeCount=0.000; SleepCycleTimeCount=0.000; SubmitCycleTimeCount=0.000; LogProcessCycleTimeSum=0.000; LogProcessCycleTimeCount=0.000; ]
07/09/26 22:11:33 Registering condor_event_timer...
07/09/26 22:11:34 Submitting HTCondor Node TRAIN job(s)...
07/09/26 22:11:34 Submitting node TRAIN from file transport_linetrack_17_10_action_shield_train.sub using direct job submission
07/09/26 22:11:34 	assigned HTCondor ID (171046.0.0)
07/09/26 22:11:34 Just submitted 1 job this cycle...
07/09/26 22:11:34 DAG status: 0 (DAG_STATUS_OK)
07/09/26 22:11:34 Of 5 nodes total:
07/09/26 22:11:34  Done     Pre   Queued    Post   Ready   Un-Ready   Failed   Futile
07/09/26 22:11:34   ===     ===      ===     ===     ===        ===      ===      ===
07/09/26 22:11:34     2       0        1       0       0          2        0        0
07/09/26 22:11:34 0 job proc(s) currently held
07/09/26 22:11:34 DAGMan Runtime Statistics: [EventCycleTimeSum=0.000; SleepCycleTimeSum=0.000; SubmitCycleTimeAvg=0.011; SubmitCycleTimeMax=0.011; SubmitCycleTimeMin=0.011; SubmitCycleTimeStd=0.011; SubmitCycleTimeSum=0.011; EventCycleTimeCount=0.000; SleepCycleTimeCount=0.000; SubmitCycleTimeCount=1.000; LogProcessCycleTimeSum=0.000; LogProcessCycleTimeCount=0.000; ]
07/09/26 22:11:39 Currently monitoring 1 HTCondor log file(s)
07/09/26 22:11:39 Reassigning the id of job TRAIN from (171046.0.0) to (171046.0.0)
07/09/26 22:11:39 Event: ULOG_SUBMIT for HTCondor Node TRAIN (171046.0.0) {07/09/26 22:11:34}
07/09/26 22:11:39 Number of idle job procs: 1
07/09/26 22:21:39 600 seconds since last log event
07/09/26 22:21:39 Pending DAG nodes:
07/09/26 22:21:39   Node TRAIN, HTCondor ID 171046, status STATUS_SUBMITTED
07/09/26 22:26:34 Total jobs placed to AP: 1
07/09/26 22:26:34      Idle     Held     Running     Successful     Failed
07/09/26 22:26:34       ===      ===         ===            ===        ===
07/09/26 22:26:34         1        0           0              0          0
07/09/26 22:31:48 1209 seconds since last log event
07/09/26 22:31:48 Pending DAG nodes:
07/09/26 22:31:48   Node TRAIN, HTCondor ID 171046, status STATUS_SUBMITTED
07/09/26 22:41:49 Total jobs placed to AP: 1
07/09/26 22:41:49      Idle     Held     Running     Successful     Failed
07/09/26 22:41:49       ===      ===         ===            ===        ===
07/09/26 22:41:49         1        0           0              0          0
07/09/26 22:41:54 1815 seconds since last log event
07/09/26 22:41:56 Pending DAG nodes:
07/09/26 22:42:11   Node TRAIN, HTCondor ID 171046, status STATUS_SUBMITTED
07/09/26 22:51:58 2419 seconds since last log event
07/09/26 22:51:58 Pending DAG nodes:
07/09/26 22:51:58   Node TRAIN, HTCondor ID 171046, status STATUS_SUBMITTED
07/09/26 22:56:53 Total jobs placed to AP: 1
07/09/26 22:56:53      Idle     Held     Running     Successful     Failed
07/09/26 22:56:53       ===      ===         ===            ===        ===
07/09/26 22:56:53         1        0           0              0          0
07/09/26 23:01:58 3019 seconds since last log event
07/09/26 23:01:58 Pending DAG nodes:
07/09/26 23:01:58   Node TRAIN, HTCondor ID 171046, status STATUS_SUBMITTED
07/09/26 23:11:54 Total jobs placed to AP: 1
07/09/26 23:11:54      Idle     Held     Running     Successful     Failed
07/09/26 23:11:54       ===      ===         ===            ===        ===
07/09/26 23:11:54         1        0           0              0          0
07/09/26 23:11:59 3620 seconds since last log event
07/09/26 23:11:59 Pending DAG nodes:
07/09/26 23:11:59   Node TRAIN, HTCondor ID 171046, status STATUS_SUBMITTED
07/09/26 23:21:59 4220 seconds since last log event
07/09/26 23:21:59 Pending DAG nodes:
07/09/26 23:21:59   Node TRAIN, HTCondor ID 171046, status STATUS_SUBMITTED
07/09/26 23:26:54 Total jobs placed to AP: 1
07/09/26 23:26:54      Idle     Held     Running     Successful     Failed
07/09/26 23:26:54       ===      ===         ===            ===        ===
07/09/26 23:26:54         1        0           0              0          0
07/09/26 23:32:00 4821 seconds since last log event
07/09/26 23:32:00 Pending DAG nodes:
07/09/26 23:32:00   Node TRAIN, HTCondor ID 171046, status STATUS_SUBMITTED
07/09/26 23:41:55 Total jobs placed to AP: 1
07/09/26 23:41:55      Idle     Held     Running     Successful     Failed
07/09/26 23:41:55       ===      ===         ===            ===        ===
07/09/26 23:41:55         1        0           0              0          0
07/09/26 23:42:00 5421 seconds since last log event
07/09/26 23:42:00 Pending DAG nodes:
07/09/26 23:42:00   Node TRAIN, HTCondor ID 171046, status STATUS_SUBMITTED
07/09/26 23:52:01 6022 seconds since last log event
07/09/26 23:52:01 Pending DAG nodes:
07/09/26 23:52:01   Node TRAIN, HTCondor ID 171046, status STATUS_SUBMITTED
07/09/26 23:56:56 Total jobs placed to AP: 1
07/09/26 23:56:56      Idle     Held     Running     Successful     Failed
07/09/26 23:56:56       ===      ===         ===            ===        ===
07/09/26 23:56:56         1        0           0              0          0
07/10/26 00:02:01 6622 seconds since last log event
07/10/26 00:02:01 Pending DAG nodes:
07/10/26 00:02:01   Node TRAIN, HTCondor ID 171046, status STATUS_SUBMITTED
07/10/26 00:11:57 Total jobs placed to AP: 1
07/10/26 00:11:57      Idle     Held     Running     Successful     Failed
07/10/26 00:11:57       ===      ===         ===            ===        ===
07/10/26 00:11:57         1        0           0              0          0
07/10/26 00:12:02 7223 seconds since last log event
07/10/26 00:12:02 Pending DAG nodes:
07/10/26 00:12:02   Node TRAIN, HTCondor ID 171046, status STATUS_SUBMITTED
07/10/26 00:22:02 7823 seconds since last log event
07/10/26 00:22:02 Pending DAG nodes:
07/10/26 00:22:02   Node TRAIN, HTCondor ID 171046, status STATUS_SUBMITTED
07/10/26 00:26:58 Total jobs placed to AP: 1
07/10/26 00:26:58      Idle     Held     Running     Successful     Failed
07/10/26 00:26:58       ===      ===         ===            ===        ===
07/10/26 00:26:58         1        0           0              0          0
07/10/26 00:32:03 8424 seconds since last log event
07/10/26 00:32:03 Pending DAG nodes:
07/10/26 00:32:03   Node TRAIN, HTCondor ID 171046, status STATUS_SUBMITTED
07/10/26 00:41:58 Total jobs placed to AP: 1
07/10/26 00:41:58      Idle     Held     Running     Successful     Failed
07/10/26 00:41:58       ===      ===         ===            ===        ===
07/10/26 00:41:58         1        0           0              0          0
07/10/26 00:42:03 9024 seconds since last log event
07/10/26 00:42:03 Pending DAG nodes:
07/10/26 00:42:03   Node TRAIN, HTCondor ID 171046, status STATUS_SUBMITTED
07/10/26 00:52:04 9625 seconds since last log event
07/10/26 00:52:04 Pending DAG nodes:
07/10/26 00:52:04   Node TRAIN, HTCondor ID 171046, status STATUS_SUBMITTED
07/10/26 00:56:59 Total jobs placed to AP: 1
07/10/26 00:56:59      Idle     Held     Running     Successful     Failed
07/10/26 00:56:59       ===      ===         ===            ===        ===
07/10/26 00:56:59         1        0           0              0          0
07/10/26 01:02:04 10225 seconds since last log event
07/10/26 01:02:04 Pending DAG nodes:
07/10/26 01:02:04   Node TRAIN, HTCondor ID 171046, status STATUS_SUBMITTED
07/10/26 01:12:00 Total jobs placed to AP: 1
07/10/26 01:12:00      Idle     Held     Running     Successful     Failed
07/10/26 01:12:00       ===      ===         ===            ===        ===
07/10/26 01:12:00         1        0           0              0          0
07/10/26 01:12:05 10826 seconds since last log event
07/10/26 01:12:05 Pending DAG nodes:
07/10/26 01:12:05   Node TRAIN, HTCondor ID 171046, status STATUS_SUBMITTED
07/10/26 01:22:06 11427 seconds since last log event
07/10/26 01:22:06 Pending DAG nodes:
07/10/26 01:22:06   Node TRAIN, HTCondor ID 171046, status STATUS_SUBMITTED
07/10/26 01:27:01 Total jobs placed to AP: 1
07/10/26 01:27:01      Idle     Held     Running     Successful     Failed
07/10/26 01:27:01       ===      ===         ===            ===        ===
07/10/26 01:27:01         1        0           0              0          0
07/10/26 01:32:06 12027 seconds since last log event
07/10/26 01:32:06 Pending DAG nodes:
07/10/26 01:32:06   Node TRAIN, HTCondor ID 171046, status STATUS_SUBMITTED
07/10/26 01:42:02 Total jobs placed to AP: 1
07/10/26 01:42:02      Idle     Held     Running     Successful     Failed
07/10/26 01:42:02       ===      ===         ===            ===        ===
07/10/26 01:42:02         1        0           0              0          0
07/10/26 01:42:07 12628 seconds since last log event
07/10/26 01:42:07 Pending DAG nodes:
07/10/26 01:42:07   Node TRAIN, HTCondor ID 171046, status STATUS_SUBMITTED
07/10/26 01:47:27 Currently monitoring 1 HTCondor log file(s)
07/10/26 01:47:27 Event: ULOG_EXECUTE for HTCondor Node TRAIN (171046.0.0) {07/10/26 01:47:24}
07/10/26 01:47:27 Number of idle job procs: 0
07/10/26 01:47:32 Currently monitoring 1 HTCondor log file(s)
07/10/26 01:47:32 Event: ULOG_JOB_TERMINATED for HTCondor Node TRAIN (171046.0.0) {07/10/26 01:47:29}
07/10/26 01:47:32 Number of idle job procs: 0
07/10/26 01:47:32 Node TRAIN job proc (171046.0.0) failed with status 1.
07/10/26 01:47:32 Node TRAIN job(s) have exited the queue
07/10/26 01:47:32 DAG status: 2 (DAG_STATUS_NODE_FAILED)
07/10/26 01:47:32 Of 5 nodes total:
07/10/26 01:47:32  Done     Pre   Queued    Post   Ready   Un-Ready   Failed   Futile
07/10/26 01:47:32   ===     ===      ===     ===     ===        ===      ===      ===
07/10/26 01:47:32     2       0        0       0       0          0        1        2
07/10/26 01:47:32 0 job proc(s) currently held
07/10/26 01:47:32 DAGMan Runtime Statistics: [EventCycleTimeAvg=0.054; EventCycleTimeMax=27.294; EventCycleTimeMin=0.000; EventCycleTimeStd=0.954; EventCycleTimeSum=138.077; SleepCycleTimeAvg=5.041; SleepCycleTimeMax=42.095; SleepCycleTimeMin=5.000; SleepCycleTimeStd=0.903; SleepCycleTimeSum=12820.315; SubmitCycleTimeAvg=0.000; SubmitCycleTimeMax=0.011; SubmitCycleTimeMin=0.000; SubmitCycleTimeStd=0.000; SubmitCycleTimeSum=0.013; EventCycleTimeCount=2543.000; SleepCycleTimeCount=2543.000; SubmitCycleTimeCount=2544.000; LogProcessCycleTimeAvg=0.003; LogProcessCycleTimeMax=0.004; LogProcessCycleTimeMin=0.002; LogProcessCycleTimeStd=0.001; LogProcessCycleTimeSum=0.009; LogProcessCycleTimeCount=3.000; ]
07/10/26 01:47:32 ERROR: the following job(s) failed:
07/10/26 01:47:32 ---------------------- Node ----------------------
07/10/26 01:47:32       Node Name: TRAIN
07/10/26 01:47:32            Noop: false
07/10/26 01:47:32          NodeID: 2
07/10/26 01:47:32     Node Status: STATUS_ERROR    
07/10/26 01:47:32 Node return val: 1
07/10/26 01:47:32           Error: Job proc (171046.0.0) failed with status 1
07/10/26 01:47:32 Job Submit File: transport_linetrack_17_10_action_shield_train.sub
07/10/26 01:47:32  HTCondor Job ID: (171046.0.0)
07/10/26 01:47:32 PARENTS: MERGE_COLLECTION WAITING: 0 CHILDREN: EVALUATE
07/10/26 01:47:32 ---------------------------------------	<END>
07/10/26 01:47:32 Aborting DAG...
07/10/26 01:47:32 Writing Rescue DAG to transport_linetrack_17_10_action_shield.dag.rescue005...
07/10/26 01:47:32 Removing submitted jobs...
07/10/26 01:47:32 Removing any/all submitted HTCondor jobs...
07/10/26 01:47:32 Running: /usr/bin/condor_rm -const DAGManJobId==171045 -reason DAG' 'Abort:' 'DAG' 'is' 'exiting' 'and' 'writing' 'rescue' 'file.
07/10/26 01:47:32 Note: 0 total node deferrals because of -MaxJobs limit (0)
07/10/26 01:47:32 Note: 0 total node deferrals because of -MaxIdle limit (1000)
07/10/26 01:47:32 Note: 0 total node deferrals because of node category throttles
07/10/26 01:47:32 Note: 0 total PRE script deferrals because of -MaxPre limit (20) or DEFER
07/10/26 01:47:32 Note: 0 total POST script deferrals because of -MaxPost limit (20) or DEFER
07/10/26 01:47:32 Note: 0 total HOLD script deferrals because of -MaxHold limit (20) or DEFER
07/10/26 01:47:32 DAG status: 2 (DAG_STATUS_NODE_FAILED)
07/10/26 01:47:32 Of 5 nodes total:
07/10/26 01:47:32  Done     Pre   Queued    Post   Ready   Un-Ready   Failed   Futile
07/10/26 01:47:32   ===     ===      ===     ===     ===        ===      ===      ===
07/10/26 01:47:32     2       0        0       0       0          0        1        2
07/10/26 01:47:32 0 job proc(s) currently held
07/10/26 01:47:32 DAGMan Runtime Statistics: [EventCycleTimeAvg=0.054; EventCycleTimeMax=27.294; EventCycleTimeMin=0.000; EventCycleTimeStd=0.954; EventCycleTimeSum=138.077; SleepCycleTimeAvg=5.041; SleepCycleTimeMax=42.095; SleepCycleTimeMin=5.000; SleepCycleTimeStd=0.903; SleepCycleTimeSum=12820.315; SubmitCycleTimeAvg=0.000; SubmitCycleTimeMax=0.011; SubmitCycleTimeMin=0.000; SubmitCycleTimeStd=0.000; SubmitCycleTimeSum=0.013; EventCycleTimeCount=2543.000; SleepCycleTimeCount=2543.000; SubmitCycleTimeCount=2544.000; LogProcessCycleTimeAvg=0.003; LogProcessCycleTimeMax=0.004; LogProcessCycleTimeMin=0.002; LogProcessCycleTimeStd=0.001; LogProcessCycleTimeSum=0.009; LogProcessCycleTimeCount=3.000; ]
07/10/26 01:47:32 Wrote metrics file transport_linetrack_17_10_action_shield.dag.metrics.
07/10/26 01:47:32 DAGMan Runtime Statistics: [EventCycleTimeAvg=0.054; EventCycleTimeMax=27.294; EventCycleTimeMin=0.000; EventCycleTimeStd=0.954; EventCycleTimeSum=138.077; SleepCycleTimeAvg=5.041; SleepCycleTimeMax=42.095; SleepCycleTimeMin=5.000; SleepCycleTimeStd=0.903; SleepCycleTimeSum=12820.315; SubmitCycleTimeAvg=0.000; SubmitCycleTimeMax=0.011; SubmitCycleTimeMin=0.000; SubmitCycleTimeStd=0.000; SubmitCycleTimeSum=0.013; EventCycleTimeCount=2543.000; SleepCycleTimeCount=2543.000; SubmitCycleTimeCount=2544.000; LogProcessCycleTimeAvg=0.003; LogProcessCycleTimeMax=0.004; LogProcessCycleTimeMin=0.002; LogProcessCycleTimeStd=0.001; LogProcessCycleTimeSum=0.009; LogProcessCycleTimeCount=3.000; ]
07/10/26 01:47:32 **** condor_scheduniv_exec.171045.0 (condor_DAGMAN) pid 1915914 EXITING WITH STATUS 1
