07/06/26 15:56:47 ******************************************************
07/06/26 15:56:47 ** condor_scheduniv_exec.170173.0 (CONDOR_DAGMAN) STARTING UP
07/06/26 15:56:47 ** /usr/bin/condor_dagman
07/06/26 15:56:47 ** SubsystemInfo: name=DAGMAN type=DAGMAN(9) class=CLIENT(2)
07/06/26 15:56:47 ** Configuration: subsystem:DAGMAN local:<NONE> class:CLIENT
07/06/26 15:56:47 ** $CondorVersion: 24.12.19 2026-04-15 BuildID: 896241 PackageID: 24.12.19-1+deb12 GitSHA: c68f3e0e $
07/06/26 15:56:47 ** $CondorPlatform: X86_64-Debian_12 $
07/06/26 15:56:47 ** PID = 4151736 RealUID = 1620002036
07/06/26 15:56:47 ** Log last touched time unavailable (No such file or directory)
07/06/26 15:56:47 ******************************************************
07/06/26 15:56:47 Using config source: /etc/condor/condor_config
07/06/26 15:56:47 Using local config sources: 
07/06/26 15:56:47    /etc/condor/config.d/01-submit.conf
07/06/26 15:56:47    /etc/condor/config.d/10-stash-plugin.conf
07/06/26 15:56:47    /etc/condor/config.d/23-network.config
07/06/26 15:56:47    /etc/condor/config.d/31-mail.conf
07/06/26 15:56:47    /etc/condor/config.d/35-cc-sync.conf
07/06/26 15:56:47    /etc/condor/config.d/41-periodic-remove.conf
07/06/26 15:56:47    /etc/condor/config.d/49-common.conf
07/06/26 15:56:47    /etc/condor/config.d/52-group-mapping.conf
07/06/26 15:56:47    /etc/condor/config.d/54-container.conf
07/06/26 15:56:47    /etc/condor/config.d/67-submit-transforms.conf
07/06/26 15:56:47    /etc/condor/config.d/71-submit-requirements.conf
07/06/26 15:56:47    /etc/condor/condor_config.local
07/06/26 15:56:47 config Macros = 110, Sorted = 110, StringBytes = 6396, TablesBytes = 4088
07/06/26 15:56:47 CLASSAD_CACHING is ENABLED
07/06/26 15:56:47 Daemon Log is logging: D_ALWAYS D_ERROR D_STATUS
07/06/26 15:56:47 Daemoncore: Listening at <0.0.0.0:22985> on TCP (ReliSock) and UDP (SafeSock).
07/06/26 15:56:47 DaemonCore: command socket at <10.143.248.60:22985?addrs=10.143.248.60-22985&alias=conduit.hpc.uni-saarland.de>
07/06/26 15:56:47 DaemonCore: private command socket at <10.143.248.60:22985?addrs=10.143.248.60-22985&alias=conduit.hpc.uni-saarland.de>
07/06/26 15:56:47 DAGMAN_USE_STRICT setting: 1
07/06/26 15:56:47 DAGMAN_VERBOSITY setting: 3
07/06/26 15:56:47 DAGMAN_DEBUG_CACHE_SIZE setting: 5242880
07/06/26 15:56:47 DAGMAN_DEBUG_CACHE_ENABLE setting: False
07/06/26 15:56:47 DAGMAN_SUBMIT_DELAY setting: 0
07/06/26 15:56:47 DAGMAN_MAX_SUBMIT_ATTEMPTS setting: 6
07/06/26 15:56:47 DAGMAN_STARTUP_CYCLE_DETECT setting: False
07/06/26 15:56:47 DAGMAN_USE_JOIN_NODES setting: True
07/06/26 15:56:47 DAGMAN_REPORT_GRAPH_METRICS setting: False
07/06/26 15:56:47 DAGMAN_MAX_SUBMITS_PER_INTERVAL setting: 100
07/06/26 15:56:47 DAGMAN_AGGRESSIVE_SUBMIT setting: False
07/06/26 15:56:47 DAGMAN_USER_LOG_SCAN_INTERVAL setting: 5
07/06/26 15:56:47 DAGMAN_QUEUE_UPDATE_INTERVAL setting: 300.000000
07/06/26 15:56:47 DAGMAN_DEFAULT_PRIORITY setting: 0
07/06/26 15:56:47 DAGMAN_SUPPRESS_NOTIFICATION setting: False
07/06/26 15:56:47 allow_events (DAGMAN_ALLOW_EVENTS) setting: 114
07/06/26 15:56:47 DAGMAN_RETRY_SUBMIT_FIRST setting: True
07/06/26 15:56:47 DAGMAN_RETRY_NODE_FIRST setting: False
07/06/26 15:56:47 DAGMAN_MAX_JOBS_IDLE setting: 1000
07/06/26 15:56:47 DAGMAN_MAX_JOBS_SUBMITTED setting: 0
07/06/26 15:56:47 DAGMAN_MAX_PRE_SCRIPTS setting: 20
07/06/26 15:56:47 DAGMAN_MAX_POST_SCRIPTS setting: 20
07/06/26 15:56:47 DAGMAN_MAX_HOLD_SCRIPTS setting: 20
07/06/26 15:56:47 DAGMAN_MUNGE_NODE_NAMES setting: True
07/06/26 15:56:47 DAGMAN_ALLOW_ANY_NODE_NAME_CHARACTERS setting: False
07/06/26 15:56:47 DAGMAN_PROHIBIT_MULTI_JOBS setting: False
07/06/26 15:56:47 DAGMAN_SUBMIT_DEPTH_FIRST setting: False
07/06/26 15:56:47 DAGMAN_ALWAYS_RUN_POST setting: False
07/06/26 15:56:47 DAGMAN_CONDOR_SUBMIT_EXE setting: /usr/bin/condor_submit
07/06/26 15:56:47 DAGMAN_CONDOR_RM_EXE setting: /usr/bin/condor_rm
07/06/26 15:56:47 DAGMAN_USE_DIRECT_SUBMIT setting: True
07/06/26 15:56:47 DAGMAN_PRODUCE_JOB_CREDENTIALS setting: True
07/06/26 15:56:47 DAGMAN_DEFAULT_APPEND_VARS setting: False
07/06/26 15:56:47 DAGMAN_INHERIT_ATTRS_PREFIX setting: 
07/06/26 15:56:47 DAGMAN_INHERIT_ATTRS setting: 
07/06/26 15:56:47 DAGMAN_ABORT_DUPLICATES setting: True
07/06/26 15:56:47 DAGMAN_ABORT_ON_SCARY_SUBMIT setting: True
07/06/26 15:56:47 DAGMAN_PENDING_REPORT_INTERVAL setting: 600
07/06/26 15:56:47 DAGMAN_CHECK_QUEUE_INTERVAL setting: 28800
07/06/26 15:56:47 DAGMAN_PRINT_JOB_TABLE_INTERVAL setting: 900
07/06/26 15:56:47 DAGMAN_AUTO_RESCUE setting: True
07/06/26 15:56:47 DAGMAN_MAX_RESCUE_NUM setting: 100
07/06/26 15:56:47 DAGMAN_WRITE_PARTIAL_RESCUE setting: True
07/06/26 15:56:47 DAGMAN_RESET_RETRIES_UPON_RESCUE setting: True
07/06/26 15:56:47 DAGMAN_METRICS_FILE_VERSION setting: 2
07/06/26 15:56:47 DAGMAN_DEFAULT_NODE_LOG setting: @(DAG_DIR)/@(DAG_FILE).nodes.log
07/06/26 15:56:47 DAGMAN_LOG_ON_NFS_IS_ERROR setting: False
07/06/26 15:56:47 DAGMAN_GENERATE_SUBDAG_SUBMITS setting: True
07/06/26 15:56:47 DAGMAN_MAX_JOB_HOLDS setting: 100
07/06/26 15:56:47 DAGMAN_NODE_JOB_FAILURE_TOLERANCE setting: 0
07/06/26 15:56:47 DAGMAN_HOLD_CLAIM_TIME setting: 20
07/06/26 15:56:47 DAGMAN_SUPPRESS_JOB_LOGS setting: False
07/06/26 15:56:47 DAGMAN_REMOVE_NODE_JOBS setting: True
07/06/26 15:56:47 DAGMAN_PUT_FAILED_JOBS_ON_HOLD setting: False
07/06/26 15:56:47 DAGMAN_REMOVE_JOBS_AFTER_LIMIT_CHANGE setting: False
07/06/26 15:56:47 DAGMAN will adjust edges after parsing
07/06/26 15:56:47 argv[0] == "condor_scheduniv_exec.170173.0"
07/06/26 15:56:47 argv[1] == "-Lockfile"
07/06/26 15:56:47 argv[2] == "transport_linetrack_70_35_action_shield.dag.lock"
07/06/26 15:56:47 argv[3] == "-Dag"
07/06/26 15:56:47 argv[4] == "transport_linetrack_70_35_action_shield.dag"
07/06/26 15:56:47 argv[5] == "-CsdVersion"
07/06/26 15:56:47 argv[6] == "$CondorVersion: 24.12.19 2026-04-15 BuildID: 896241 PackageID: 24.12.19-1+deb12 GitSHA: c68f3e0e $"
07/06/26 15:56:47 argv[7] == "-dagman"
07/06/26 15:56:47 argv[8] == "/usr/bin/condor_dagman"
07/06/26 15:56:47 argv[9] == "-AutoRescue"
07/06/26 15:56:47 argv[10] == "1"
07/06/26 15:56:47 argv[11] == "-DoRescueFrom"
07/06/26 15:56:47 argv[12] == "0"
07/06/26 15:56:47 Can't open directory "/etc/condor/passwords.d" as PRIV_ROOT, errno: 13 (Permission denied)
07/06/26 15:56:47 Can't open directory "/etc/condor/passwords.d" as PRIV_ROOT, errno: 13 (Permission denied)
07/06/26 15:56:47 Workflow batch-id: <170173.0>
07/06/26 15:56:47 Workflow batch-name: <transport_linetrack_70_35_action_shield.dag+170173>
07/06/26 15:56:47 Workflow accounting_group: <teaching>
07/06/26 15:56:47 Workflow accounting_group_user: <atml_team041>
07/06/26 15:56:47 Warning: failed to get attribute DAGNodeName
07/06/26 15:56:47 Default node log file is: </home/atml_team041/condor_tutorial/jani_env/experiments/repair_wo_domain/submissions/action_shield/transport_linetrack/./transport_linetrack_70_35_action_shield.dag.nodes.log>
07/06/26 15:56:47 DAG Lockfile will be written to transport_linetrack_70_35_action_shield.dag.lock
07/06/26 15:56:47 DAG Input file is transport_linetrack_70_35_action_shield.dag
07/06/26 15:56:47 Parsing 1 dagfiles
07/06/26 15:56:47 Parsing transport_linetrack_70_35_action_shield.dag ...
07/06/26 15:56:47 Adjusting edges
07/06/26 15:56:47 Dag contains 5 total nodes
07/06/26 15:56:47 Bootstrapping...
07/06/26 15:56:47 Number of pre-completed nodes: 0
07/06/26 15:56:47 MultiLogFiles: truncating log file /home/atml_team041/condor_tutorial/jani_env/experiments/repair_wo_domain/submissions/action_shield/transport_linetrack/./transport_linetrack_70_35_action_shield.dag.nodes.log
07/06/26 15:56:47 DAG status: 0 (DAG_STATUS_OK)
07/06/26 15:56:47 Of 5 nodes total:
07/06/26 15:56:47  Done     Pre   Queued    Post   Ready   Un-Ready   Failed   Futile
07/06/26 15:56:47   ===     ===      ===     ===     ===        ===      ===      ===
07/06/26 15:56:47     0       0        0       0       1          4        0        0
07/06/26 15:56:47 0 job proc(s) currently held
07/06/26 15:56:47 DAGMan Runtime Statistics: [EventCycleTimeSum=0.000; SleepCycleTimeSum=0.000; SubmitCycleTimeSum=0.000; EventCycleTimeCount=0.000; SleepCycleTimeCount=0.000; SubmitCycleTimeCount=0.000; LogProcessCycleTimeSum=0.000; LogProcessCycleTimeCount=0.000; ]
07/06/26 15:56:47 Registering condor_event_timer...
07/06/26 15:56:48 Submitting HTCondor Node COLLECT job(s)...
07/06/26 15:56:48 Submitting node COLLECT from file submissions/action_shield/transport_linetrack/transport_linetrack_70_35_action_shield_collect.sub using direct job submission
07/06/26 15:56:48 ERROR: submit attempt failed, errno=2 No such file or directory
07/06/26 15:56:48 could not open submit file : submissions/action_shield/transport_linetrack/transport_linetrack_70_35_action_shield_collect.sub - can't open file submissions/action_shield/transport_linetrack/transport_linetrack_70_35_action_shield_collect.sub: No such file or directory
07/06/26 15:56:48 Submit warning: Submit:0:the line 'accounting_group_user = atml_team041' was unused by DAGMAN. Is it a typo?
|Submit:0:the line 'accounting_group = teaching' was unused by DAGMAN. Is it a typo?
|Submit:0:the line 'keep_claim_idle = 20' was unused by DAGMAN. Is it a typo?
|Submit:0:the line 'batch_id = 170173.0' was unused by DAGMAN. Is it a typo?
|Submit:0:the line 'batch_name = transport_linetrack_70_35_action_shield.dag+170173' was unused by DAGMAN. Is it a typo?
07/06/26 15:56:48 Job submit try 1/6 failed, will try again in >= 1 second.
07/06/26 15:56:48 DAG status: 0 (DAG_STATUS_OK)
07/06/26 15:56:48 Of 5 nodes total:
07/06/26 15:56:48  Done     Pre   Queued    Post   Ready   Un-Ready   Failed   Futile
07/06/26 15:56:48   ===     ===      ===     ===     ===        ===      ===      ===
07/06/26 15:56:48     0       0        0       0       1          4        0        0
07/06/26 15:56:48 0 job proc(s) currently held
07/06/26 15:56:48 DAGMan Runtime Statistics: [EventCycleTimeSum=0.000; SleepCycleTimeSum=0.000; SubmitCycleTimeAvg=0.004; SubmitCycleTimeMax=0.004; SubmitCycleTimeMin=0.004; SubmitCycleTimeStd=0.004; SubmitCycleTimeSum=0.004; EventCycleTimeCount=0.000; SleepCycleTimeCount=0.000; SubmitCycleTimeCount=1.000; LogProcessCycleTimeSum=0.000; LogProcessCycleTimeCount=0.000; ]
07/06/26 15:56:53 Submitting HTCondor Node COLLECT job(s)...
07/06/26 15:56:53 Submitting node COLLECT from file submissions/action_shield/transport_linetrack/transport_linetrack_70_35_action_shield_collect.sub using direct job submission
07/06/26 15:56:53 ERROR: submit attempt failed, errno=2 No such file or directory
07/06/26 15:56:53 could not open submit file : submissions/action_shield/transport_linetrack/transport_linetrack_70_35_action_shield_collect.sub - can't open file submissions/action_shield/transport_linetrack/transport_linetrack_70_35_action_shield_collect.sub: No such file or directory
07/06/26 15:56:53 Submit warning: Submit:0:the line 'accounting_group_user = atml_team041' was unused by DAGMAN. Is it a typo?
|Submit:0:the line 'accounting_group = teaching' was unused by DAGMAN. Is it a typo?
|Submit:0:the line 'keep_claim_idle = 20' was unused by DAGMAN. Is it a typo?
|Submit:0:the line 'batch_id = 170173.0' was unused by DAGMAN. Is it a typo?
|Submit:0:the line 'batch_name = transport_linetrack_70_35_action_shield.dag+170173' was unused by DAGMAN. Is it a typo?
07/06/26 15:56:53 Job submit try 2/6 failed, will try again in >= 2 seconds.
07/06/26 15:56:58 Submitting HTCondor Node COLLECT job(s)...
07/06/26 15:56:58 Submitting node COLLECT from file submissions/action_shield/transport_linetrack/transport_linetrack_70_35_action_shield_collect.sub using direct job submission
07/06/26 15:56:58 ERROR: submit attempt failed, errno=2 No such file or directory
07/06/26 15:56:58 could not open submit file : submissions/action_shield/transport_linetrack/transport_linetrack_70_35_action_shield_collect.sub - can't open file submissions/action_shield/transport_linetrack/transport_linetrack_70_35_action_shield_collect.sub: No such file or directory
07/06/26 15:56:58 Submit warning: Submit:0:the line 'accounting_group_user = atml_team041' was unused by DAGMAN. Is it a typo?
|Submit:0:the line 'accounting_group = teaching' was unused by DAGMAN. Is it a typo?
|Submit:0:the line 'keep_claim_idle = 20' was unused by DAGMAN. Is it a typo?
|Submit:0:the line 'batch_id = 170173.0' was unused by DAGMAN. Is it a typo?
|Submit:0:the line 'batch_name = transport_linetrack_70_35_action_shield.dag+170173' was unused by DAGMAN. Is it a typo?
07/06/26 15:56:58 Job submit try 3/6 failed, will try again in >= 4 seconds.
07/06/26 15:57:03 Submitting HTCondor Node COLLECT job(s)...
07/06/26 15:57:03 Submitting node COLLECT from file submissions/action_shield/transport_linetrack/transport_linetrack_70_35_action_shield_collect.sub using direct job submission
07/06/26 15:57:03 ERROR: submit attempt failed, errno=2 No such file or directory
07/06/26 15:57:03 could not open submit file : submissions/action_shield/transport_linetrack/transport_linetrack_70_35_action_shield_collect.sub - can't open file submissions/action_shield/transport_linetrack/transport_linetrack_70_35_action_shield_collect.sub: No such file or directory
07/06/26 15:57:03 Submit warning: Submit:0:the line 'accounting_group_user = atml_team041' was unused by DAGMAN. Is it a typo?
|Submit:0:the line 'accounting_group = teaching' was unused by DAGMAN. Is it a typo?
|Submit:0:the line 'keep_claim_idle = 20' was unused by DAGMAN. Is it a typo?
|Submit:0:the line 'batch_id = 170173.0' was unused by DAGMAN. Is it a typo?
|Submit:0:the line 'batch_name = transport_linetrack_70_35_action_shield.dag+170173' was unused by DAGMAN. Is it a typo?
07/06/26 15:57:03 Job submit try 4/6 failed, will try again in >= 8 seconds.
07/06/26 15:57:14 Submitting HTCondor Node COLLECT job(s)...
07/06/26 15:57:14 Submitting node COLLECT from file submissions/action_shield/transport_linetrack/transport_linetrack_70_35_action_shield_collect.sub using direct job submission
07/06/26 15:57:14 ERROR: submit attempt failed, errno=2 No such file or directory
07/06/26 15:57:14 could not open submit file : submissions/action_shield/transport_linetrack/transport_linetrack_70_35_action_shield_collect.sub - can't open file submissions/action_shield/transport_linetrack/transport_linetrack_70_35_action_shield_collect.sub: No such file or directory
07/06/26 15:57:14 Submit warning: Submit:0:the line 'accounting_group_user = atml_team041' was unused by DAGMAN. Is it a typo?
|Submit:0:the line 'accounting_group = teaching' was unused by DAGMAN. Is it a typo?
|Submit:0:the line 'keep_claim_idle = 20' was unused by DAGMAN. Is it a typo?
|Submit:0:the line 'batch_id = 170173.0' was unused by DAGMAN. Is it a typo?
|Submit:0:the line 'batch_name = transport_linetrack_70_35_action_shield.dag+170173' was unused by DAGMAN. Is it a typo?
07/06/26 15:57:14 Job submit try 5/6 failed, will try again in >= 16 seconds.
07/06/26 15:57:31 Submitting HTCondor Node COLLECT job(s)...
07/06/26 15:57:31 Submitting node COLLECT from file submissions/action_shield/transport_linetrack/transport_linetrack_70_35_action_shield_collect.sub using direct job submission
07/06/26 15:57:31 ERROR: submit attempt failed, errno=2 No such file or directory
07/06/26 15:57:31 could not open submit file : submissions/action_shield/transport_linetrack/transport_linetrack_70_35_action_shield_collect.sub - can't open file submissions/action_shield/transport_linetrack/transport_linetrack_70_35_action_shield_collect.sub: No such file or directory
07/06/26 15:57:31 Submit warning: Submit:0:the line 'accounting_group_user = atml_team041' was unused by DAGMAN. Is it a typo?
|Submit:0:the line 'accounting_group = teaching' was unused by DAGMAN. Is it a typo?
|Submit:0:the line 'keep_claim_idle = 20' was unused by DAGMAN. Is it a typo?
|Submit:0:the line 'batch_id = 170173.0' was unused by DAGMAN. Is it a typo?
|Submit:0:the line 'batch_name = transport_linetrack_70_35_action_shield.dag+170173' was unused by DAGMAN. Is it a typo?
07/06/26 15:57:31 Node submit failed after 6 tries.
07/06/26 15:57:31 Shortcutting node COLLECT retries because of submit failure(s)
07/06/26 15:57:31 DAG status: 2 (DAG_STATUS_NODE_FAILED)
07/06/26 15:57:31 Of 5 nodes total:
07/06/26 15:57:31  Done     Pre   Queued    Post   Ready   Un-Ready   Failed   Futile
07/06/26 15:57:31   ===     ===      ===     ===     ===        ===      ===      ===
07/06/26 15:57:31     0       0        0       0       0          0        1        4
07/06/26 15:57:31 0 job proc(s) currently held
07/06/26 15:57:31 DAGMan Runtime Statistics: [EventCycleTimeAvg=0.379; EventCycleTimeMax=1.001; EventCycleTimeMin=0.004; EventCycleTimeStd=0.515; EventCycleTimeSum=3.034; SleepCycleTimeAvg=5.003; SleepCycleTimeMax=5.005; SleepCycleTimeMin=5.002; SleepCycleTimeStd=0.001; SleepCycleTimeSum=40.026; SubmitCycleTimeAvg=0.336; SubmitCycleTimeMax=1.001; SubmitCycleTimeMin=0.003; SubmitCycleTimeStd=0.498; SubmitCycleTimeSum=3.028; EventCycleTimeCount=8.000; SleepCycleTimeCount=8.000; SubmitCycleTimeCount=9.000; LogProcessCycleTimeSum=0.000; LogProcessCycleTimeCount=0.000; ]
07/06/26 15:57:31 ERROR: the following job(s) failed:
07/06/26 15:57:31 ---------------------- Node ----------------------
07/06/26 15:57:31       Node Name: COLLECT
07/06/26 15:57:31            Noop: false
07/06/26 15:57:31          NodeID: 0
07/06/26 15:57:31     Node Status: STATUS_ERROR    
07/06/26 15:57:31 Node return val: -1
07/06/26 15:57:31           Error: Job submit failed
07/06/26 15:57:31 Job Submit File: submissions/action_shield/transport_linetrack/transport_linetrack_70_35_action_shield_collect.sub
07/06/26 15:57:31  HTCondor Job ID: [not yet submitted]
07/06/26 15:57:31 PARENTS:  WAITING: 0 CHILDREN: MERGE_COLLECTION
07/06/26 15:57:31 ---------------------------------------	<END>
07/06/26 15:57:31 Aborting DAG...
07/06/26 15:57:31 Writing Rescue DAG to transport_linetrack_70_35_action_shield.dag.rescue001...
07/06/26 15:57:31 Removing submitted jobs...
07/06/26 15:57:31 Removing any/all submitted HTCondor jobs...
07/06/26 15:57:31 Running: /usr/bin/condor_rm -const DAGManJobId==170173 -reason DAG' 'Abort:' 'DAG' 'is' 'exiting' 'and' 'writing' 'rescue' 'file.
07/06/26 15:57:31 Note: 0 total node deferrals because of -MaxJobs limit (0)
07/06/26 15:57:31 Note: 0 total node deferrals because of -MaxIdle limit (1000)
07/06/26 15:57:31 Note: 0 total node deferrals because of node category throttles
07/06/26 15:57:31 Note: 0 total PRE script deferrals because of -MaxPre limit (20) or DEFER
07/06/26 15:57:31 Note: 0 total POST script deferrals because of -MaxPost limit (20) or DEFER
07/06/26 15:57:31 Note: 0 total HOLD script deferrals because of -MaxHold limit (20) or DEFER
07/06/26 15:57:31 DAG status: 2 (DAG_STATUS_NODE_FAILED)
07/06/26 15:57:31 Of 5 nodes total:
07/06/26 15:57:31  Done     Pre   Queued    Post   Ready   Un-Ready   Failed   Futile
07/06/26 15:57:31   ===     ===      ===     ===     ===        ===      ===      ===
07/06/26 15:57:31     0       0        0       0       0          0        1        4
07/06/26 15:57:31 0 job proc(s) currently held
07/06/26 15:57:31 DAGMan Runtime Statistics: [EventCycleTimeAvg=0.379; EventCycleTimeMax=1.001; EventCycleTimeMin=0.004; EventCycleTimeStd=0.515; EventCycleTimeSum=3.034; SleepCycleTimeAvg=5.003; SleepCycleTimeMax=5.005; SleepCycleTimeMin=5.002; SleepCycleTimeStd=0.001; SleepCycleTimeSum=40.026; SubmitCycleTimeAvg=0.336; SubmitCycleTimeMax=1.001; SubmitCycleTimeMin=0.003; SubmitCycleTimeStd=0.498; SubmitCycleTimeSum=3.028; EventCycleTimeCount=8.000; SleepCycleTimeCount=8.000; SubmitCycleTimeCount=9.000; LogProcessCycleTimeSum=0.000; LogProcessCycleTimeCount=0.000; ]
07/06/26 15:57:31 Wrote metrics file transport_linetrack_70_35_action_shield.dag.metrics.
07/06/26 15:57:32 DAGMan Runtime Statistics: [EventCycleTimeAvg=0.379; EventCycleTimeMax=1.001; EventCycleTimeMin=0.004; EventCycleTimeStd=0.515; EventCycleTimeSum=3.034; SleepCycleTimeAvg=5.003; SleepCycleTimeMax=5.005; SleepCycleTimeMin=5.002; SleepCycleTimeStd=0.001; SleepCycleTimeSum=40.026; SubmitCycleTimeAvg=0.336; SubmitCycleTimeMax=1.001; SubmitCycleTimeMin=0.003; SubmitCycleTimeStd=0.498; SubmitCycleTimeSum=3.028; EventCycleTimeCount=8.000; SleepCycleTimeCount=8.000; SubmitCycleTimeCount=9.000; LogProcessCycleTimeSum=0.000; LogProcessCycleTimeCount=0.000; ]
07/06/26 15:57:32 **** condor_scheduniv_exec.170173.0 (condor_DAGMAN) pid 4151736 EXITING WITH STATUS 1
07/06/26 16:02:32 ******************************************************
07/06/26 16:02:32 ** condor_scheduniv_exec.170182.0 (CONDOR_DAGMAN) STARTING UP
07/06/26 16:02:32 ** /usr/bin/condor_dagman
07/06/26 16:02:32 ** SubsystemInfo: name=DAGMAN type=DAGMAN(9) class=CLIENT(2)
07/06/26 16:02:32 ** Configuration: subsystem:DAGMAN local:<NONE> class:CLIENT
07/06/26 16:02:32 ** $CondorVersion: 24.12.19 2026-04-15 BuildID: 896241 PackageID: 24.12.19-1+deb12 GitSHA: c68f3e0e $
07/06/26 16:02:32 ** $CondorPlatform: X86_64-Debian_12 $
07/06/26 16:02:32 ** PID = 4155136 RealUID = 1620002036
07/06/26 16:02:32 ** Log last touched 7/6 15:57:32
07/06/26 16:02:32 ******************************************************
07/06/26 16:02:32 Using config source: /etc/condor/condor_config
07/06/26 16:02:32 Using local config sources: 
07/06/26 16:02:32    /etc/condor/config.d/01-submit.conf
07/06/26 16:02:32    /etc/condor/config.d/10-stash-plugin.conf
07/06/26 16:02:32    /etc/condor/config.d/23-network.config
07/06/26 16:02:32    /etc/condor/config.d/31-mail.conf
07/06/26 16:02:32    /etc/condor/config.d/35-cc-sync.conf
07/06/26 16:02:32    /etc/condor/config.d/41-periodic-remove.conf
07/06/26 16:02:32    /etc/condor/config.d/49-common.conf
07/06/26 16:02:32    /etc/condor/config.d/52-group-mapping.conf
07/06/26 16:02:32    /etc/condor/config.d/54-container.conf
07/06/26 16:02:32    /etc/condor/config.d/67-submit-transforms.conf
07/06/26 16:02:32    /etc/condor/config.d/71-submit-requirements.conf
07/06/26 16:02:32    /etc/condor/condor_config.local
07/06/26 16:02:32 config Macros = 110, Sorted = 110, StringBytes = 6396, TablesBytes = 4088
07/06/26 16:02:32 CLASSAD_CACHING is ENABLED
07/06/26 16:02:32 Daemon Log is logging: D_ALWAYS D_ERROR D_STATUS
07/06/26 16:02:32 Daemoncore: Listening at <0.0.0.0:18761> on TCP (ReliSock) and UDP (SafeSock).
07/06/26 16:02:32 DaemonCore: command socket at <10.143.248.60:18761?addrs=10.143.248.60-18761&alias=conduit.hpc.uni-saarland.de>
07/06/26 16:02:32 DaemonCore: private command socket at <10.143.248.60:18761?addrs=10.143.248.60-18761&alias=conduit.hpc.uni-saarland.de>
07/06/26 16:02:32 DAGMAN_USE_STRICT setting: 1
07/06/26 16:02:32 DAGMAN_VERBOSITY setting: 3
07/06/26 16:02:32 DAGMAN_DEBUG_CACHE_SIZE setting: 5242880
07/06/26 16:02:32 DAGMAN_DEBUG_CACHE_ENABLE setting: False
07/06/26 16:02:32 DAGMAN_SUBMIT_DELAY setting: 0
07/06/26 16:02:32 DAGMAN_MAX_SUBMIT_ATTEMPTS setting: 6
07/06/26 16:02:32 DAGMAN_STARTUP_CYCLE_DETECT setting: False
07/06/26 16:02:32 DAGMAN_USE_JOIN_NODES setting: True
07/06/26 16:02:32 DAGMAN_REPORT_GRAPH_METRICS setting: False
07/06/26 16:02:32 DAGMAN_MAX_SUBMITS_PER_INTERVAL setting: 100
07/06/26 16:02:32 DAGMAN_AGGRESSIVE_SUBMIT setting: False
07/06/26 16:02:32 DAGMAN_USER_LOG_SCAN_INTERVAL setting: 5
07/06/26 16:02:32 DAGMAN_QUEUE_UPDATE_INTERVAL setting: 300.000000
07/06/26 16:02:32 DAGMAN_DEFAULT_PRIORITY setting: 0
07/06/26 16:02:32 DAGMAN_SUPPRESS_NOTIFICATION setting: False
07/06/26 16:02:32 allow_events (DAGMAN_ALLOW_EVENTS) setting: 114
07/06/26 16:02:32 DAGMAN_RETRY_SUBMIT_FIRST setting: True
07/06/26 16:02:32 DAGMAN_RETRY_NODE_FIRST setting: False
07/06/26 16:02:32 DAGMAN_MAX_JOBS_IDLE setting: 1000
07/06/26 16:02:32 DAGMAN_MAX_JOBS_SUBMITTED setting: 0
07/06/26 16:02:32 DAGMAN_MAX_PRE_SCRIPTS setting: 20
07/06/26 16:02:32 DAGMAN_MAX_POST_SCRIPTS setting: 20
07/06/26 16:02:32 DAGMAN_MAX_HOLD_SCRIPTS setting: 20
07/06/26 16:02:32 DAGMAN_MUNGE_NODE_NAMES setting: True
07/06/26 16:02:32 DAGMAN_ALLOW_ANY_NODE_NAME_CHARACTERS setting: False
07/06/26 16:02:32 DAGMAN_PROHIBIT_MULTI_JOBS setting: False
07/06/26 16:02:32 DAGMAN_SUBMIT_DEPTH_FIRST setting: False
07/06/26 16:02:32 DAGMAN_ALWAYS_RUN_POST setting: False
07/06/26 16:02:32 DAGMAN_CONDOR_SUBMIT_EXE setting: /usr/bin/condor_submit
07/06/26 16:02:32 DAGMAN_CONDOR_RM_EXE setting: /usr/bin/condor_rm
07/06/26 16:02:32 DAGMAN_USE_DIRECT_SUBMIT setting: True
07/06/26 16:02:32 DAGMAN_PRODUCE_JOB_CREDENTIALS setting: True
07/06/26 16:02:32 DAGMAN_DEFAULT_APPEND_VARS setting: False
07/06/26 16:02:32 DAGMAN_INHERIT_ATTRS_PREFIX setting: 
07/06/26 16:02:32 DAGMAN_INHERIT_ATTRS setting: 
07/06/26 16:02:32 DAGMAN_ABORT_DUPLICATES setting: True
07/06/26 16:02:32 DAGMAN_ABORT_ON_SCARY_SUBMIT setting: True
07/06/26 16:02:32 DAGMAN_PENDING_REPORT_INTERVAL setting: 600
07/06/26 16:02:32 DAGMAN_CHECK_QUEUE_INTERVAL setting: 28800
07/06/26 16:02:32 DAGMAN_PRINT_JOB_TABLE_INTERVAL setting: 900
07/06/26 16:02:32 DAGMAN_AUTO_RESCUE setting: True
07/06/26 16:02:32 DAGMAN_MAX_RESCUE_NUM setting: 100
07/06/26 16:02:32 DAGMAN_WRITE_PARTIAL_RESCUE setting: True
07/06/26 16:02:32 DAGMAN_RESET_RETRIES_UPON_RESCUE setting: True
07/06/26 16:02:32 DAGMAN_METRICS_FILE_VERSION setting: 2
07/06/26 16:02:32 DAGMAN_DEFAULT_NODE_LOG setting: @(DAG_DIR)/@(DAG_FILE).nodes.log
07/06/26 16:02:32 DAGMAN_LOG_ON_NFS_IS_ERROR setting: False
07/06/26 16:02:32 DAGMAN_GENERATE_SUBDAG_SUBMITS setting: True
07/06/26 16:02:32 DAGMAN_MAX_JOB_HOLDS setting: 100
07/06/26 16:02:32 DAGMAN_NODE_JOB_FAILURE_TOLERANCE setting: 0
07/06/26 16:02:32 DAGMAN_HOLD_CLAIM_TIME setting: 20
07/06/26 16:02:32 DAGMAN_SUPPRESS_JOB_LOGS setting: False
07/06/26 16:02:32 DAGMAN_REMOVE_NODE_JOBS setting: True
07/06/26 16:02:32 DAGMAN_PUT_FAILED_JOBS_ON_HOLD setting: False
07/06/26 16:02:32 DAGMAN_REMOVE_JOBS_AFTER_LIMIT_CHANGE setting: False
07/06/26 16:02:32 DAGMAN will adjust edges after parsing
07/06/26 16:02:32 argv[0] == "condor_scheduniv_exec.170182.0"
07/06/26 16:02:32 argv[1] == "-Lockfile"
07/06/26 16:02:32 argv[2] == "transport_linetrack_70_35_action_shield.dag.lock"
07/06/26 16:02:32 argv[3] == "-Dag"
07/06/26 16:02:32 argv[4] == "transport_linetrack_70_35_action_shield.dag"
07/06/26 16:02:32 argv[5] == "-CsdVersion"
07/06/26 16:02:32 argv[6] == "$CondorVersion: 24.12.19 2026-04-15 BuildID: 896241 PackageID: 24.12.19-1+deb12 GitSHA: c68f3e0e $"
07/06/26 16:02:32 argv[7] == "-dagman"
07/06/26 16:02:32 argv[8] == "/usr/bin/condor_dagman"
07/06/26 16:02:32 argv[9] == "-AutoRescue"
07/06/26 16:02:32 argv[10] == "1"
07/06/26 16:02:32 argv[11] == "-DoRescueFrom"
07/06/26 16:02:32 argv[12] == "0"
07/06/26 16:02:32 Can't open directory "/etc/condor/passwords.d" as PRIV_ROOT, errno: 13 (Permission denied)
07/06/26 16:02:32 Can't open directory "/etc/condor/passwords.d" as PRIV_ROOT, errno: 13 (Permission denied)
07/06/26 16:02:32 Workflow batch-id: <170182.0>
07/06/26 16:02:32 Workflow batch-name: <transport_linetrack_70_35_action_shield.dag+170182>
07/06/26 16:02:32 Workflow accounting_group: <teaching>
07/06/26 16:02:32 Workflow accounting_group_user: <atml_team041>
07/06/26 16:02:32 Warning: failed to get attribute DAGNodeName
07/06/26 16:02:32 Default node log file is: </home/atml_team041/condor_tutorial/jani_env/experiments/repair_wo_domain/submissions/action_shield/transport_linetrack/./transport_linetrack_70_35_action_shield.dag.nodes.log>
07/06/26 16:02:32 DAG Lockfile will be written to transport_linetrack_70_35_action_shield.dag.lock
07/06/26 16:02:32 DAG Input file is transport_linetrack_70_35_action_shield.dag
07/06/26 16:02:32 Parsing 1 dagfiles
07/06/26 16:02:32 Parsing transport_linetrack_70_35_action_shield.dag ...
07/06/26 16:02:32 Adjusting edges
07/06/26 16:02:32 Found rescue DAG number 1; running transport_linetrack_70_35_action_shield.dag.rescue001 in combination with normal DAG file
07/06/26 16:02:32 ~~~~~~~~~~~~~~~~~~~~~~~~~~~~~~~~~~~~~~~~~~~~~~~~~~~~~~
07/06/26 16:02:32 USING RESCUE DAG transport_linetrack_70_35_action_shield.dag.rescue001
07/06/26 16:02:32 Dag contains 5 total nodes
07/06/26 16:02:32 Bootstrapping...
07/06/26 16:02:32 Number of pre-completed nodes: 0
07/06/26 16:02:32 MultiLogFiles: truncating log file /home/atml_team041/condor_tutorial/jani_env/experiments/repair_wo_domain/submissions/action_shield/transport_linetrack/./transport_linetrack_70_35_action_shield.dag.nodes.log
07/06/26 16:02:32 DAG status: 0 (DAG_STATUS_OK)
07/06/26 16:02:32 Of 5 nodes total:
07/06/26 16:02:32  Done     Pre   Queued    Post   Ready   Un-Ready   Failed   Futile
07/06/26 16:02:32   ===     ===      ===     ===     ===        ===      ===      ===
07/06/26 16:02:32     0       0        0       0       1          4        0        0
07/06/26 16:02:32 0 job proc(s) currently held
07/06/26 16:02:32 DAGMan Runtime Statistics: [EventCycleTimeSum=0.000; SleepCycleTimeSum=0.000; SubmitCycleTimeSum=0.000; EventCycleTimeCount=0.000; SleepCycleTimeCount=0.000; SubmitCycleTimeCount=0.000; LogProcessCycleTimeSum=0.000; LogProcessCycleTimeCount=0.000; ]
07/06/26 16:02:32 Registering condor_event_timer...
07/06/26 16:02:33 Submitting HTCondor Node COLLECT job(s)...
07/06/26 16:02:33 Submitting node COLLECT from file transport_linetrack_70_35_action_shield_collect.sub using direct job submission
07/06/26 16:02:34 	assigned HTCondor ID (170191.0.0)
07/06/26 16:02:34 Just submitted 1 job this cycle...
07/06/26 16:02:34 DAG status: 0 (DAG_STATUS_OK)
07/06/26 16:02:34 Of 5 nodes total:
07/06/26 16:02:34  Done     Pre   Queued    Post   Ready   Un-Ready   Failed   Futile
07/06/26 16:02:34   ===     ===      ===     ===     ===        ===      ===      ===
07/06/26 16:02:34     0       0        1       0       0          4        0        0
07/06/26 16:02:34 0 job proc(s) currently held
07/06/26 16:02:34 DAGMan Runtime Statistics: [EventCycleTimeSum=0.000; SleepCycleTimeSum=0.000; SubmitCycleTimeAvg=0.821; SubmitCycleTimeMax=0.821; SubmitCycleTimeMin=0.821; SubmitCycleTimeStd=0.821; SubmitCycleTimeSum=0.821; EventCycleTimeCount=0.000; SleepCycleTimeCount=0.000; SubmitCycleTimeCount=1.000; LogProcessCycleTimeSum=0.000; LogProcessCycleTimeCount=0.000; ]
07/06/26 16:02:39 Currently monitoring 1 HTCondor log file(s)
07/06/26 16:02:39 Reassigning the id of job COLLECT from (170191.0.0) to (170191.0.0)
07/06/26 16:02:39 Event: ULOG_SUBMIT for HTCondor Node COLLECT (170191.0.0) {07/06/26 16:02:34}
07/06/26 16:02:39 Number of idle job procs: 1
07/06/26 16:02:39 Reassigning the id of job COLLECT from (170191.0.0) to (170191.1.0)
07/06/26 16:02:39 Event: ULOG_SUBMIT for HTCondor Node COLLECT (170191.1.0) {07/06/26 16:02:34}
07/06/26 16:02:39 Number of idle job procs: 2
07/06/26 16:02:39 Reassigning the id of job COLLECT from (170191.1.0) to (170191.10.0)
07/06/26 16:02:39 Event: ULOG_SUBMIT for HTCondor Node COLLECT (170191.10.0) {07/06/26 16:02:34}
07/06/26 16:02:39 Number of idle job procs: 3
07/06/26 16:02:39 Reassigning the id of job COLLECT from (170191.10.0) to (170191.11.0)
07/06/26 16:02:39 Event: ULOG_SUBMIT for HTCondor Node COLLECT (170191.11.0) {07/06/26 16:02:34}
07/06/26 16:02:39 Number of idle job procs: 4
07/06/26 16:02:39 Reassigning the id of job COLLECT from (170191.11.0) to (170191.12.0)
07/06/26 16:02:39 Event: ULOG_SUBMIT for HTCondor Node COLLECT (170191.12.0) {07/06/26 16:02:34}
07/06/26 16:02:39 Number of idle job procs: 5
07/06/26 16:02:39 Reassigning the id of job COLLECT from (170191.12.0) to (170191.13.0)
07/06/26 16:02:39 Event: ULOG_SUBMIT for HTCondor Node COLLECT (170191.13.0) {07/06/26 16:02:34}
07/06/26 16:02:39 Number of idle job procs: 6
07/06/26 16:02:39 Reassigning the id of job COLLECT from (170191.13.0) to (170191.14.0)
07/06/26 16:02:39 Event: ULOG_SUBMIT for HTCondor Node COLLECT (170191.14.0) {07/06/26 16:02:34}
07/06/26 16:02:39 Number of idle job procs: 7
07/06/26 16:02:39 Reassigning the id of job COLLECT from (170191.14.0) to (170191.15.0)
07/06/26 16:02:39 Event: ULOG_SUBMIT for HTCondor Node COLLECT (170191.15.0) {07/06/26 16:02:34}
07/06/26 16:02:39 Number of idle job procs: 8
07/06/26 16:02:39 Reassigning the id of job COLLECT from (170191.15.0) to (170191.16.0)
07/06/26 16:02:39 Event: ULOG_SUBMIT for HTCondor Node COLLECT (170191.16.0) {07/06/26 16:02:34}
07/06/26 16:02:39 Number of idle job procs: 9
07/06/26 16:02:39 Reassigning the id of job COLLECT from (170191.16.0) to (170191.17.0)
07/06/26 16:02:39 Event: ULOG_SUBMIT for HTCondor Node COLLECT (170191.17.0) {07/06/26 16:02:34}
07/06/26 16:02:39 Number of idle job procs: 10
07/06/26 16:02:39 Reassigning the id of job COLLECT from (170191.17.0) to (170191.18.0)
07/06/26 16:02:39 Event: ULOG_SUBMIT for HTCondor Node COLLECT (170191.18.0) {07/06/26 16:02:34}
07/06/26 16:02:39 Number of idle job procs: 11
07/06/26 16:02:39 Reassigning the id of job COLLECT from (170191.18.0) to (170191.19.0)
07/06/26 16:02:39 Event: ULOG_SUBMIT for HTCondor Node COLLECT (170191.19.0) {07/06/26 16:02:34}
07/06/26 16:02:39 Number of idle job procs: 12
07/06/26 16:02:39 Reassigning the id of job COLLECT from (170191.19.0) to (170191.2.0)
07/06/26 16:02:39 Event: ULOG_SUBMIT for HTCondor Node COLLECT (170191.2.0) {07/06/26 16:02:34}
07/06/26 16:02:39 Number of idle job procs: 13
07/06/26 16:02:39 Reassigning the id of job COLLECT from (170191.2.0) to (170191.20.0)
07/06/26 16:02:39 Event: ULOG_SUBMIT for HTCondor Node COLLECT (170191.20.0) {07/06/26 16:02:34}
07/06/26 16:02:39 Number of idle job procs: 14
07/06/26 16:02:39 Reassigning the id of job COLLECT from (170191.20.0) to (170191.21.0)
07/06/26 16:02:39 Event: ULOG_SUBMIT for HTCondor Node COLLECT (170191.21.0) {07/06/26 16:02:34}
07/06/26 16:02:39 Number of idle job procs: 15
07/06/26 16:02:39 Reassigning the id of job COLLECT from (170191.21.0) to (170191.22.0)
07/06/26 16:02:39 Event: ULOG_SUBMIT for HTCondor Node COLLECT (170191.22.0) {07/06/26 16:02:34}
07/06/26 16:02:39 Number of idle job procs: 16
07/06/26 16:02:39 Reassigning the id of job COLLECT from (170191.22.0) to (170191.23.0)
07/06/26 16:02:39 Event: ULOG_SUBMIT for HTCondor Node COLLECT (170191.23.0) {07/06/26 16:02:34}
07/06/26 16:02:39 Number of idle job procs: 17
07/06/26 16:02:39 Reassigning the id of job COLLECT from (170191.23.0) to (170191.24.0)
07/06/26 16:02:39 Event: ULOG_SUBMIT for HTCondor Node COLLECT (170191.24.0) {07/06/26 16:02:34}
07/06/26 16:02:39 Number of idle job procs: 18
07/06/26 16:02:39 Reassigning the id of job COLLECT from (170191.24.0) to (170191.25.0)
07/06/26 16:02:39 Event: ULOG_SUBMIT for HTCondor Node COLLECT (170191.25.0) {07/06/26 16:02:34}
07/06/26 16:02:39 Number of idle job procs: 19
07/06/26 16:02:39 Reassigning the id of job COLLECT from (170191.25.0) to (170191.26.0)
07/06/26 16:02:39 Event: ULOG_SUBMIT for HTCondor Node COLLECT (170191.26.0) {07/06/26 16:02:34}
07/06/26 16:02:39 Number of idle job procs: 20
07/06/26 16:02:39 Reassigning the id of job COLLECT from (170191.26.0) to (170191.27.0)
07/06/26 16:02:39 Event: ULOG_SUBMIT for HTCondor Node COLLECT (170191.27.0) {07/06/26 16:02:34}
07/06/26 16:02:39 Number of idle job procs: 21
07/06/26 16:02:39 Reassigning the id of job COLLECT from (170191.27.0) to (170191.28.0)
07/06/26 16:02:39 Event: ULOG_SUBMIT for HTCondor Node COLLECT (170191.28.0) {07/06/26 16:02:34}
07/06/26 16:02:39 Number of idle job procs: 22
07/06/26 16:02:39 Reassigning the id of job COLLECT from (170191.28.0) to (170191.29.0)
07/06/26 16:02:39 Event: ULOG_SUBMIT for HTCondor Node COLLECT (170191.29.0) {07/06/26 16:02:34}
07/06/26 16:02:39 Number of idle job procs: 23
07/06/26 16:02:39 Reassigning the id of job COLLECT from (170191.29.0) to (170191.3.0)
07/06/26 16:02:39 Event: ULOG_SUBMIT for HTCondor Node COLLECT (170191.3.0) {07/06/26 16:02:34}
07/06/26 16:02:39 Number of idle job procs: 24
07/06/26 16:02:39 Reassigning the id of job COLLECT from (170191.3.0) to (170191.30.0)
07/06/26 16:02:39 Event: ULOG_SUBMIT for HTCondor Node COLLECT (170191.30.0) {07/06/26 16:02:34}
07/06/26 16:02:39 Number of idle job procs: 25
07/06/26 16:02:39 Reassigning the id of job COLLECT from (170191.30.0) to (170191.31.0)
07/06/26 16:02:39 Event: ULOG_SUBMIT for HTCondor Node COLLECT (170191.31.0) {07/06/26 16:02:34}
07/06/26 16:02:39 Number of idle job procs: 26
07/06/26 16:02:39 Reassigning the id of job COLLECT from (170191.31.0) to (170191.32.0)
07/06/26 16:02:39 Event: ULOG_SUBMIT for HTCondor Node COLLECT (170191.32.0) {07/06/26 16:02:34}
07/06/26 16:02:39 Number of idle job procs: 27
07/06/26 16:02:39 Reassigning the id of job COLLECT from (170191.32.0) to (170191.33.0)
07/06/26 16:02:39 Event: ULOG_SUBMIT for HTCondor Node COLLECT (170191.33.0) {07/06/26 16:02:34}
07/06/26 16:02:39 Number of idle job procs: 28
07/06/26 16:02:39 Reassigning the id of job COLLECT from (170191.33.0) to (170191.34.0)
07/06/26 16:02:39 Event: ULOG_SUBMIT for HTCondor Node COLLECT (170191.34.0) {07/06/26 16:02:34}
07/06/26 16:02:39 Number of idle job procs: 29
07/06/26 16:02:39 Reassigning the id of job COLLECT from (170191.34.0) to (170191.35.0)
07/06/26 16:02:39 Event: ULOG_SUBMIT for HTCondor Node COLLECT (170191.35.0) {07/06/26 16:02:34}
07/06/26 16:02:39 Number of idle job procs: 30
07/06/26 16:02:39 Reassigning the id of job COLLECT from (170191.35.0) to (170191.36.0)
07/06/26 16:02:39 Event: ULOG_SUBMIT for HTCondor Node COLLECT (170191.36.0) {07/06/26 16:02:34}
07/06/26 16:02:39 Number of idle job procs: 31
07/06/26 16:02:39 Reassigning the id of job COLLECT from (170191.36.0) to (170191.37.0)
07/06/26 16:02:39 Event: ULOG_SUBMIT for HTCondor Node COLLECT (170191.37.0) {07/06/26 16:02:34}
07/06/26 16:02:39 Number of idle job procs: 32
07/06/26 16:02:39 Reassigning the id of job COLLECT from (170191.37.0) to (170191.38.0)
07/06/26 16:02:39 Event: ULOG_SUBMIT for HTCondor Node COLLECT (170191.38.0) {07/06/26 16:02:34}
07/06/26 16:02:39 Number of idle job procs: 33
07/06/26 16:02:39 Reassigning the id of job COLLECT from (170191.38.0) to (170191.39.0)
07/06/26 16:02:39 Event: ULOG_SUBMIT for HTCondor Node COLLECT (170191.39.0) {07/06/26 16:02:34}
07/06/26 16:02:39 Number of idle job procs: 34
07/06/26 16:02:39 Reassigning the id of job COLLECT from (170191.39.0) to (170191.4.0)
07/06/26 16:02:39 Event: ULOG_SUBMIT for HTCondor Node COLLECT (170191.4.0) {07/06/26 16:02:34}
07/06/26 16:02:39 Number of idle job procs: 35
07/06/26 16:02:39 Reassigning the id of job COLLECT from (170191.4.0) to (170191.5.0)
07/06/26 16:02:39 Event: ULOG_SUBMIT for HTCondor Node COLLECT (170191.5.0) {07/06/26 16:02:34}
07/06/26 16:02:39 Number of idle job procs: 36
07/06/26 16:02:39 Reassigning the id of job COLLECT from (170191.5.0) to (170191.6.0)
07/06/26 16:02:39 Event: ULOG_SUBMIT for HTCondor Node COLLECT (170191.6.0) {07/06/26 16:02:34}
07/06/26 16:02:39 Number of idle job procs: 37
07/06/26 16:02:39 Reassigning the id of job COLLECT from (170191.6.0) to (170191.7.0)
07/06/26 16:02:39 Event: ULOG_SUBMIT for HTCondor Node COLLECT (170191.7.0) {07/06/26 16:02:34}
07/06/26 16:02:39 Number of idle job procs: 38
07/06/26 16:02:39 Reassigning the id of job COLLECT from (170191.7.0) to (170191.8.0)
07/06/26 16:02:39 Event: ULOG_SUBMIT for HTCondor Node COLLECT (170191.8.0) {07/06/26 16:02:34}
07/06/26 16:02:39 Number of idle job procs: 39
07/06/26 16:02:39 Reassigning the id of job COLLECT from (170191.8.0) to (170191.9.0)
07/06/26 16:02:39 Event: ULOG_SUBMIT for HTCondor Node COLLECT (170191.9.0) {07/06/26 16:02:34}
07/06/26 16:02:39 Number of idle job procs: 40
07/06/26 16:12:40 601 seconds since last log event
07/06/26 16:12:40 Pending DAG nodes:
07/06/26 16:12:40   Node COLLECT, HTCondor ID 170191, status STATUS_SUBMITTED
07/06/26 16:17:35 Total jobs placed to AP: 40
07/06/26 16:17:35      Idle     Held     Running     Successful     Failed
07/06/26 16:17:35       ===      ===         ===            ===        ===
07/06/26 16:17:35        40        0           0              0          0
07/06/26 16:22:40 1201 seconds since last log event
07/06/26 16:22:40 Pending DAG nodes:
07/06/26 16:22:40   Node COLLECT, HTCondor ID 170191, status STATUS_SUBMITTED
07/06/26 16:32:36 Total jobs placed to AP: 40
07/06/26 16:32:36      Idle     Held     Running     Successful     Failed
07/06/26 16:32:36       ===      ===         ===            ===        ===
07/06/26 16:32:36        40        0           0              0          0
07/06/26 16:32:41 1802 seconds since last log event
07/06/26 16:32:41 Pending DAG nodes:
07/06/26 16:32:41   Node COLLECT, HTCondor ID 170191, status STATUS_SUBMITTED
07/06/26 16:42:41 2402 seconds since last log event
07/06/26 16:42:41 Pending DAG nodes:
07/06/26 16:42:41   Node COLLECT, HTCondor ID 170191, status STATUS_SUBMITTED
07/06/26 16:47:37 Total jobs placed to AP: 40
07/06/26 16:47:37      Idle     Held     Running     Successful     Failed
07/06/26 16:47:37       ===      ===         ===            ===        ===
07/06/26 16:47:37        40        0           0              0          0
07/06/26 16:52:42 3003 seconds since last log event
07/06/26 16:52:42 Pending DAG nodes:
07/06/26 16:52:42   Node COLLECT, HTCondor ID 170191, status STATUS_SUBMITTED
07/06/26 17:02:37 Total jobs placed to AP: 40
07/06/26 17:02:37      Idle     Held     Running     Successful     Failed
07/06/26 17:02:37       ===      ===         ===            ===        ===
07/06/26 17:02:37        40        0           0              0          0
07/06/26 17:02:42 3603 seconds since last log event
07/06/26 17:02:42 Pending DAG nodes:
07/06/26 17:02:42   Node COLLECT, HTCondor ID 170191, status STATUS_SUBMITTED
07/06/26 17:11:18 Currently monitoring 1 HTCondor log file(s)
07/06/26 17:11:18 Event: ULOG_EXECUTE for HTCondor Node COLLECT (170191.0.0) {07/06/26 17:11:15}
07/06/26 17:11:18 Number of idle job procs: 39
07/06/26 17:11:18 Event: ULOG_EXECUTE for HTCondor Node COLLECT (170191.1.0) {07/06/26 17:11:15}
07/06/26 17:11:18 Number of idle job procs: 38
07/06/26 17:11:23 Currently monitoring 1 HTCondor log file(s)
07/06/26 17:11:23 Event: ULOG_JOB_TERMINATED for HTCondor Node COLLECT (170191.0.0) {07/06/26 17:11:22}
07/06/26 17:11:23 Number of idle job procs: 38
07/06/26 17:11:23 Node COLLECT job proc (170191.0.0) failed with status 1.
07/06/26 17:11:23 Running: /usr/bin/condor_rm 170191 -const DAGManJobId==170182 -reason Node' 'Error:' 'DAG' 'node' 'COLLECT' '(170191.0.0)' 'reached' 'failure' 'tolerance' 'after' '1' 'failures.
07/06/26 17:11:23 Event: ULOG_JOB_TERMINATED for HTCondor Node COLLECT (170191.1.0) {07/06/26 17:11:22}
07/06/26 17:11:23 Number of idle job procs: 38
07/06/26 17:11:23 Node COLLECT job proc (170191.1.0) failed with status 1.
07/06/26 17:11:23 Event: ULOG_JOB_ABORTED for HTCondor Node COLLECT (170191.4.0) {07/06/26 17:11:23}
07/06/26 17:11:23 Number of idle job procs: 37
07/06/26 17:11:23 Event: ULOG_JOB_ABORTED for HTCondor Node COLLECT (170191.5.0) {07/06/26 17:11:23}
07/06/26 17:11:23 Number of idle job procs: 36
07/06/26 17:11:23 Event: ULOG_JOB_ABORTED for HTCondor Node COLLECT (170191.6.0) {07/06/26 17:11:23}
07/06/26 17:11:23 Number of idle job procs: 35
07/06/26 17:11:23 Event: ULOG_JOB_ABORTED for HTCondor Node COLLECT (170191.7.0) {07/06/26 17:11:23}
07/06/26 17:11:23 Number of idle job procs: 34
07/06/26 17:11:23 Event: ULOG_JOB_ABORTED for HTCondor Node COLLECT (170191.8.0) {07/06/26 17:11:23}
07/06/26 17:11:23 Number of idle job procs: 33
07/06/26 17:11:23 Event: ULOG_JOB_ABORTED for HTCondor Node COLLECT (170191.9.0) {07/06/26 17:11:23}
07/06/26 17:11:23 Number of idle job procs: 32
07/06/26 17:11:23 Event: ULOG_JOB_ABORTED for HTCondor Node COLLECT (170191.10.0) {07/06/26 17:11:23}
07/06/26 17:11:23 Number of idle job procs: 31
07/06/26 17:11:23 Event: ULOG_JOB_ABORTED for HTCondor Node COLLECT (170191.11.0) {07/06/26 17:11:23}
07/06/26 17:11:23 Number of idle job procs: 30
07/06/26 17:11:23 Event: ULOG_JOB_ABORTED for HTCondor Node COLLECT (170191.12.0) {07/06/26 17:11:23}
07/06/26 17:11:23 Number of idle job procs: 29
07/06/26 17:11:23 Event: ULOG_JOB_ABORTED for HTCondor Node COLLECT (170191.13.0) {07/06/26 17:11:23}
07/06/26 17:11:23 Number of idle job procs: 28
07/06/26 17:11:28 Currently monitoring 1 HTCondor log file(s)
07/06/26 17:11:28 Event: ULOG_JOB_ABORTED for HTCondor Node COLLECT (170191.14.0) {07/06/26 17:11:23}
07/06/26 17:11:28 Number of idle job procs: 27
07/06/26 17:11:28 Event: ULOG_JOB_ABORTED for HTCondor Node COLLECT (170191.15.0) {07/06/26 17:11:23}
07/06/26 17:11:28 Number of idle job procs: 26
07/06/26 17:11:28 Event: ULOG_JOB_ABORTED for HTCondor Node COLLECT (170191.16.0) {07/06/26 17:11:23}
07/06/26 17:11:28 Number of idle job procs: 25
07/06/26 17:11:28 Event: ULOG_JOB_ABORTED for HTCondor Node COLLECT (170191.17.0) {07/06/26 17:11:23}
07/06/26 17:11:28 Number of idle job procs: 24
07/06/26 17:11:28 Event: ULOG_JOB_ABORTED for HTCondor Node COLLECT (170191.18.0) {07/06/26 17:11:23}
07/06/26 17:11:28 Number of idle job procs: 23
07/06/26 17:11:28 Event: ULOG_JOB_ABORTED for HTCondor Node COLLECT (170191.19.0) {07/06/26 17:11:23}
07/06/26 17:11:28 Number of idle job procs: 22
07/06/26 17:11:28 Event: ULOG_JOB_ABORTED for HTCondor Node COLLECT (170191.20.0) {07/06/26 17:11:23}
07/06/26 17:11:28 Number of idle job procs: 21
07/06/26 17:11:28 Event: ULOG_JOB_ABORTED for HTCondor Node COLLECT (170191.21.0) {07/06/26 17:11:23}
07/06/26 17:11:28 Number of idle job procs: 20
07/06/26 17:11:28 Event: ULOG_JOB_ABORTED for HTCondor Node COLLECT (170191.22.0) {07/06/26 17:11:23}
07/06/26 17:11:28 Number of idle job procs: 19
07/06/26 17:11:28 Event: ULOG_JOB_ABORTED for HTCondor Node COLLECT (170191.23.0) {07/06/26 17:11:23}
07/06/26 17:11:28 Number of idle job procs: 18
07/06/26 17:11:28 Event: ULOG_JOB_ABORTED for HTCondor Node COLLECT (170191.24.0) {07/06/26 17:11:23}
07/06/26 17:11:28 Number of idle job procs: 17
07/06/26 17:11:28 Event: ULOG_JOB_ABORTED for HTCondor Node COLLECT (170191.25.0) {07/06/26 17:11:23}
07/06/26 17:11:28 Number of idle job procs: 16
07/06/26 17:11:28 Event: ULOG_JOB_ABORTED for HTCondor Node COLLECT (170191.26.0) {07/06/26 17:11:23}
07/06/26 17:11:28 Number of idle job procs: 15
07/06/26 17:11:28 Event: ULOG_JOB_ABORTED for HTCondor Node COLLECT (170191.27.0) {07/06/26 17:11:23}
07/06/26 17:11:28 Number of idle job procs: 14
07/06/26 17:11:28 Event: ULOG_JOB_ABORTED for HTCondor Node COLLECT (170191.28.0) {07/06/26 17:11:23}
07/06/26 17:11:28 Number of idle job procs: 13
07/06/26 17:11:28 Event: ULOG_JOB_ABORTED for HTCondor Node COLLECT (170191.29.0) {07/06/26 17:11:23}
07/06/26 17:11:28 Number of idle job procs: 12
07/06/26 17:11:28 Event: ULOG_JOB_ABORTED for HTCondor Node COLLECT (170191.30.0) {07/06/26 17:11:23}
07/06/26 17:11:28 Number of idle job procs: 11
07/06/26 17:11:28 Event: ULOG_JOB_ABORTED for HTCondor Node COLLECT (170191.31.0) {07/06/26 17:11:23}
07/06/26 17:11:28 Number of idle job procs: 10
07/06/26 17:11:28 Event: ULOG_JOB_ABORTED for HTCondor Node COLLECT (170191.32.0) {07/06/26 17:11:23}
07/06/26 17:11:28 Number of idle job procs: 9
07/06/26 17:11:28 Event: ULOG_JOB_ABORTED for HTCondor Node COLLECT (170191.33.0) {07/06/26 17:11:23}
07/06/26 17:11:28 Number of idle job procs: 8
07/06/26 17:11:28 Event: ULOG_JOB_ABORTED for HTCondor Node COLLECT (170191.34.0) {07/06/26 17:11:23}
07/06/26 17:11:28 Number of idle job procs: 7
07/06/26 17:11:28 Event: ULOG_JOB_ABORTED for HTCondor Node COLLECT (170191.35.0) {07/06/26 17:11:23}
07/06/26 17:11:28 Number of idle job procs: 6
07/06/26 17:11:28 Event: ULOG_JOB_ABORTED for HTCondor Node COLLECT (170191.36.0) {07/06/26 17:11:23}
07/06/26 17:11:28 Number of idle job procs: 5
07/06/26 17:11:28 Event: ULOG_JOB_ABORTED for HTCondor Node COLLECT (170191.37.0) {07/06/26 17:11:23}
07/06/26 17:11:28 Number of idle job procs: 4
07/06/26 17:11:28 Event: ULOG_JOB_ABORTED for HTCondor Node COLLECT (170191.38.0) {07/06/26 17:11:23}
07/06/26 17:11:28 Number of idle job procs: 3
07/06/26 17:11:28 Event: ULOG_JOB_ABORTED for HTCondor Node COLLECT (170191.39.0) {07/06/26 17:11:23}
07/06/26 17:11:28 Number of idle job procs: 2
07/06/26 17:11:28 Event: ULOG_JOB_EVICTED for HTCondor Node COLLECT (170191.2.0) {07/06/26 17:11:23}
07/06/26 17:11:28 Number of idle job procs: 2
07/06/26 17:11:28 Event: ULOG_JOB_ABORTED for HTCondor Node COLLECT (170191.2.0) {07/06/26 17:11:23}
07/06/26 17:11:28 Number of idle job procs: 1
07/06/26 17:11:28 Event: ULOG_JOB_EVICTED for HTCondor Node COLLECT (170191.3.0) {07/06/26 17:11:23}
07/06/26 17:11:28 Number of idle job procs: 1
07/06/26 17:11:28 Event: ULOG_JOB_ABORTED for HTCondor Node COLLECT (170191.3.0) {07/06/26 17:11:23}
07/06/26 17:11:28 Number of idle job procs: 0
07/06/26 17:11:28 Node COLLECT job(s) have exited the queue
07/06/26 17:11:28 DAG status: 2 (DAG_STATUS_NODE_FAILED)
07/06/26 17:11:28 Of 5 nodes total:
07/06/26 17:11:28  Done     Pre   Queued    Post   Ready   Un-Ready   Failed   Futile
07/06/26 17:11:28   ===     ===      ===     ===     ===        ===      ===      ===
07/06/26 17:11:28     0       0        0       0       0          0        1        4
07/06/26 17:11:28 0 job proc(s) currently held
07/06/26 17:11:28 DAGMan Runtime Statistics: [EventCycleTimeAvg=0.001; EventCycleTimeMax=0.825; EventCycleTimeMin=0.000; EventCycleTimeStd=0.029; EventCycleTimeSum=1.222; SleepCycleTimeAvg=5.004; SleepCycleTimeMax=5.028; SleepCycleTimeMin=5.000; SleepCycleTimeStd=0.003; SleepCycleTimeSum=4133.704; SubmitCycleTimeAvg=0.001; SubmitCycleTimeMax=0.821; SubmitCycleTimeMin=0.000; SubmitCycleTimeStd=0.029; SubmitCycleTimeSum=0.821; EventCycleTimeCount=826.000; SleepCycleTimeCount=826.000; SubmitCycleTimeCount=827.000; LogProcessCycleTimeAvg=0.047; LogProcessCycleTimeMax=0.087; LogProcessCycleTimeMin=0.005; LogProcessCycleTimeStd=0.033; LogProcessCycleTimeSum=0.187; LogProcessCycleTimeCount=4.000; ]
07/06/26 17:11:28 ERROR: the following job(s) failed:
07/06/26 17:11:28 ---------------------- Node ----------------------
07/06/26 17:11:28       Node Name: COLLECT
07/06/26 17:11:28            Noop: false
07/06/26 17:11:28          NodeID: 0
07/06/26 17:11:28     Node Status: STATUS_ERROR    
07/06/26 17:11:28 Node return val: 1
07/06/26 17:11:28           Error: Job proc (170191.0.0) failed with status 1
07/06/26 17:11:28 Job Submit File: transport_linetrack_70_35_action_shield_collect.sub
07/06/26 17:11:28  HTCondor Job ID: (170191.9.0)
07/06/26 17:11:28 PARENTS:  WAITING: 0 CHILDREN: MERGE_COLLECTION
07/06/26 17:11:28 ---------------------------------------	<END>
07/06/26 17:11:28 Aborting DAG...
07/06/26 17:11:28 Writing Rescue DAG to transport_linetrack_70_35_action_shield.dag.rescue002...
07/06/26 17:11:28 Removing submitted jobs...
07/06/26 17:11:28 Removing any/all submitted HTCondor jobs...
07/06/26 17:11:28 Running: /usr/bin/condor_rm -const DAGManJobId==170182 -reason DAG' 'Abort:' 'DAG' 'is' 'exiting' 'and' 'writing' 'rescue' 'file.
07/06/26 17:11:28 Note: 0 total node deferrals because of -MaxJobs limit (0)
07/06/26 17:11:28 Note: 0 total node deferrals because of -MaxIdle limit (1000)
07/06/26 17:11:28 Note: 0 total node deferrals because of node category throttles
07/06/26 17:11:28 Note: 0 total PRE script deferrals because of -MaxPre limit (20) or DEFER
07/06/26 17:11:28 Note: 0 total POST script deferrals because of -MaxPost limit (20) or DEFER
07/06/26 17:11:28 Note: 0 total HOLD script deferrals because of -MaxHold limit (20) or DEFER
07/06/26 17:11:28 DAG status: 2 (DAG_STATUS_NODE_FAILED)
07/06/26 17:11:28 Of 5 nodes total:
07/06/26 17:11:28  Done     Pre   Queued    Post   Ready   Un-Ready   Failed   Futile
07/06/26 17:11:28   ===     ===      ===     ===     ===        ===      ===      ===
07/06/26 17:11:28     0       0        0       0       0          0        1        4
07/06/26 17:11:28 0 job proc(s) currently held
07/06/26 17:11:28 DAGMan Runtime Statistics: [EventCycleTimeAvg=0.001; EventCycleTimeMax=0.825; EventCycleTimeMin=0.000; EventCycleTimeStd=0.029; EventCycleTimeSum=1.222; SleepCycleTimeAvg=5.004; SleepCycleTimeMax=5.028; SleepCycleTimeMin=5.000; SleepCycleTimeStd=0.003; SleepCycleTimeSum=4133.704; SubmitCycleTimeAvg=0.001; SubmitCycleTimeMax=0.821; SubmitCycleTimeMin=0.000; SubmitCycleTimeStd=0.029; SubmitCycleTimeSum=0.821; EventCycleTimeCount=826.000; SleepCycleTimeCount=826.000; SubmitCycleTimeCount=827.000; LogProcessCycleTimeAvg=0.047; LogProcessCycleTimeMax=0.087; LogProcessCycleTimeMin=0.005; LogProcessCycleTimeStd=0.033; LogProcessCycleTimeSum=0.187; LogProcessCycleTimeCount=4.000; ]
07/06/26 17:11:28 Wrote metrics file transport_linetrack_70_35_action_shield.dag.metrics.
07/06/26 17:11:28 DAGMan Runtime Statistics: [EventCycleTimeAvg=0.001; EventCycleTimeMax=0.825; EventCycleTimeMin=0.000; EventCycleTimeStd=0.029; EventCycleTimeSum=1.222; SleepCycleTimeAvg=5.004; SleepCycleTimeMax=5.028; SleepCycleTimeMin=5.000; SleepCycleTimeStd=0.003; SleepCycleTimeSum=4133.704; SubmitCycleTimeAvg=0.001; SubmitCycleTimeMax=0.821; SubmitCycleTimeMin=0.000; SubmitCycleTimeStd=0.029; SubmitCycleTimeSum=0.821; EventCycleTimeCount=826.000; SleepCycleTimeCount=826.000; SubmitCycleTimeCount=827.000; LogProcessCycleTimeAvg=0.047; LogProcessCycleTimeMax=0.087; LogProcessCycleTimeMin=0.005; LogProcessCycleTimeStd=0.033; LogProcessCycleTimeSum=0.187; LogProcessCycleTimeCount=4.000; ]
07/06/26 17:11:28 **** condor_scheduniv_exec.170182.0 (condor_DAGMAN) pid 4155136 EXITING WITH STATUS 1
07/06/26 18:12:31 ******************************************************
07/06/26 18:12:31 ** condor_scheduniv_exec.170247.0 (CONDOR_DAGMAN) STARTING UP
07/06/26 18:12:31 ** /usr/bin/condor_dagman
07/06/26 18:12:31 ** SubsystemInfo: name=DAGMAN type=DAGMAN(9) class=CLIENT(2)
07/06/26 18:12:31 ** Configuration: subsystem:DAGMAN local:<NONE> class:CLIENT
07/06/26 18:12:31 ** $CondorVersion: 24.12.19 2026-04-15 BuildID: 896241 PackageID: 24.12.19-1+deb12 GitSHA: c68f3e0e $
07/06/26 18:12:31 ** $CondorPlatform: X86_64-Debian_12 $
07/06/26 18:12:31 ** PID = 35827 RealUID = 1620002036
07/06/26 18:12:31 ** Log last touched 7/6 17:11:28
07/06/26 18:12:31 ******************************************************
07/06/26 18:12:31 Using config source: /etc/condor/condor_config
07/06/26 18:12:31 Using local config sources: 
07/06/26 18:12:31    /etc/condor/config.d/01-submit.conf
07/06/26 18:12:31    /etc/condor/config.d/10-stash-plugin.conf
07/06/26 18:12:31    /etc/condor/config.d/23-network.config
07/06/26 18:12:31    /etc/condor/config.d/31-mail.conf
07/06/26 18:12:31    /etc/condor/config.d/35-cc-sync.conf
07/06/26 18:12:31    /etc/condor/config.d/41-periodic-remove.conf
07/06/26 18:12:31    /etc/condor/config.d/49-common.conf
07/06/26 18:12:31    /etc/condor/config.d/52-group-mapping.conf
07/06/26 18:12:31    /etc/condor/config.d/54-container.conf
07/06/26 18:12:31    /etc/condor/config.d/67-submit-transforms.conf
07/06/26 18:12:31    /etc/condor/config.d/71-submit-requirements.conf
07/06/26 18:12:31    /etc/condor/condor_config.local
07/06/26 18:12:31 config Macros = 110, Sorted = 110, StringBytes = 6392, TablesBytes = 4088
07/06/26 18:12:31 CLASSAD_CACHING is ENABLED
07/06/26 18:12:31 Daemon Log is logging: D_ALWAYS D_ERROR D_STATUS
07/06/26 18:12:31 Daemoncore: Listening at <0.0.0.0:7055> on TCP (ReliSock) and UDP (SafeSock).
07/06/26 18:12:31 DaemonCore: command socket at <10.143.248.60:7055?addrs=10.143.248.60-7055&alias=conduit.hpc.uni-saarland.de>
07/06/26 18:12:31 DaemonCore: private command socket at <10.143.248.60:7055?addrs=10.143.248.60-7055&alias=conduit.hpc.uni-saarland.de>
07/06/26 18:12:31 DAGMAN_USE_STRICT setting: 1
07/06/26 18:12:31 DAGMAN_VERBOSITY setting: 3
07/06/26 18:12:31 DAGMAN_DEBUG_CACHE_SIZE setting: 5242880
07/06/26 18:12:31 DAGMAN_DEBUG_CACHE_ENABLE setting: False
07/06/26 18:12:31 DAGMAN_SUBMIT_DELAY setting: 0
07/06/26 18:12:31 DAGMAN_MAX_SUBMIT_ATTEMPTS setting: 6
07/06/26 18:12:31 DAGMAN_STARTUP_CYCLE_DETECT setting: False
07/06/26 18:12:31 DAGMAN_USE_JOIN_NODES setting: True
07/06/26 18:12:31 DAGMAN_REPORT_GRAPH_METRICS setting: False
07/06/26 18:12:31 DAGMAN_MAX_SUBMITS_PER_INTERVAL setting: 100
07/06/26 18:12:31 DAGMAN_AGGRESSIVE_SUBMIT setting: False
07/06/26 18:12:31 DAGMAN_USER_LOG_SCAN_INTERVAL setting: 5
07/06/26 18:12:31 DAGMAN_QUEUE_UPDATE_INTERVAL setting: 300.000000
07/06/26 18:12:31 DAGMAN_DEFAULT_PRIORITY setting: 0
07/06/26 18:12:31 DAGMAN_SUPPRESS_NOTIFICATION setting: False
07/06/26 18:12:31 allow_events (DAGMAN_ALLOW_EVENTS) setting: 114
07/06/26 18:12:31 DAGMAN_RETRY_SUBMIT_FIRST setting: True
07/06/26 18:12:31 DAGMAN_RETRY_NODE_FIRST setting: False
07/06/26 18:12:31 DAGMAN_MAX_JOBS_IDLE setting: 1000
07/06/26 18:12:31 DAGMAN_MAX_JOBS_SUBMITTED setting: 0
07/06/26 18:12:31 DAGMAN_MAX_PRE_SCRIPTS setting: 20
07/06/26 18:12:31 DAGMAN_MAX_POST_SCRIPTS setting: 20
07/06/26 18:12:31 DAGMAN_MAX_HOLD_SCRIPTS setting: 20
07/06/26 18:12:31 DAGMAN_MUNGE_NODE_NAMES setting: True
07/06/26 18:12:31 DAGMAN_ALLOW_ANY_NODE_NAME_CHARACTERS setting: False
07/06/26 18:12:31 DAGMAN_PROHIBIT_MULTI_JOBS setting: False
07/06/26 18:12:31 DAGMAN_SUBMIT_DEPTH_FIRST setting: False
07/06/26 18:12:31 DAGMAN_ALWAYS_RUN_POST setting: False
07/06/26 18:12:31 DAGMAN_CONDOR_SUBMIT_EXE setting: /usr/bin/condor_submit
07/06/26 18:12:31 DAGMAN_CONDOR_RM_EXE setting: /usr/bin/condor_rm
07/06/26 18:12:31 DAGMAN_USE_DIRECT_SUBMIT setting: True
07/06/26 18:12:31 DAGMAN_PRODUCE_JOB_CREDENTIALS setting: True
07/06/26 18:12:31 DAGMAN_DEFAULT_APPEND_VARS setting: False
07/06/26 18:12:31 DAGMAN_INHERIT_ATTRS_PREFIX setting: 
07/06/26 18:12:31 DAGMAN_INHERIT_ATTRS setting: 
07/06/26 18:12:31 DAGMAN_ABORT_DUPLICATES setting: True
07/06/26 18:12:31 DAGMAN_ABORT_ON_SCARY_SUBMIT setting: True
07/06/26 18:12:31 DAGMAN_PENDING_REPORT_INTERVAL setting: 600
07/06/26 18:12:31 DAGMAN_CHECK_QUEUE_INTERVAL setting: 28800
07/06/26 18:12:31 DAGMAN_PRINT_JOB_TABLE_INTERVAL setting: 900
07/06/26 18:12:31 DAGMAN_AUTO_RESCUE setting: True
07/06/26 18:12:31 DAGMAN_MAX_RESCUE_NUM setting: 100
07/06/26 18:12:31 DAGMAN_WRITE_PARTIAL_RESCUE setting: True
07/06/26 18:12:31 DAGMAN_RESET_RETRIES_UPON_RESCUE setting: True
07/06/26 18:12:31 DAGMAN_METRICS_FILE_VERSION setting: 2
07/06/26 18:12:31 DAGMAN_DEFAULT_NODE_LOG setting: @(DAG_DIR)/@(DAG_FILE).nodes.log
07/06/26 18:12:31 DAGMAN_LOG_ON_NFS_IS_ERROR setting: False
07/06/26 18:12:31 DAGMAN_GENERATE_SUBDAG_SUBMITS setting: True
07/06/26 18:12:31 DAGMAN_MAX_JOB_HOLDS setting: 100
07/06/26 18:12:31 DAGMAN_NODE_JOB_FAILURE_TOLERANCE setting: 0
07/06/26 18:12:31 DAGMAN_HOLD_CLAIM_TIME setting: 20
07/06/26 18:12:31 DAGMAN_SUPPRESS_JOB_LOGS setting: False
07/06/26 18:12:31 DAGMAN_REMOVE_NODE_JOBS setting: True
07/06/26 18:12:31 DAGMAN_PUT_FAILED_JOBS_ON_HOLD setting: False
07/06/26 18:12:31 DAGMAN_REMOVE_JOBS_AFTER_LIMIT_CHANGE setting: False
07/06/26 18:12:31 DAGMAN will adjust edges after parsing
07/06/26 18:12:31 argv[0] == "condor_scheduniv_exec.170247.0"
07/06/26 18:12:31 argv[1] == "-Lockfile"
07/06/26 18:12:31 argv[2] == "transport_linetrack_70_35_action_shield.dag.lock"
07/06/26 18:12:31 argv[3] == "-Dag"
07/06/26 18:12:31 argv[4] == "transport_linetrack_70_35_action_shield.dag"
07/06/26 18:12:31 argv[5] == "-CsdVersion"
07/06/26 18:12:31 argv[6] == "$CondorVersion: 24.12.19 2026-04-15 BuildID: 896241 PackageID: 24.12.19-1+deb12 GitSHA: c68f3e0e $"
07/06/26 18:12:31 argv[7] == "-dagman"
07/06/26 18:12:31 argv[8] == "/usr/bin/condor_dagman"
07/06/26 18:12:31 argv[9] == "-AutoRescue"
07/06/26 18:12:31 argv[10] == "1"
07/06/26 18:12:31 argv[11] == "-DoRescueFrom"
07/06/26 18:12:31 argv[12] == "0"
07/06/26 18:12:31 Can't open directory "/etc/condor/passwords.d" as PRIV_ROOT, errno: 13 (Permission denied)
07/06/26 18:12:31 Can't open directory "/etc/condor/passwords.d" as PRIV_ROOT, errno: 13 (Permission denied)
07/06/26 18:12:31 Workflow batch-id: <170247.0>
07/06/26 18:12:31 Workflow batch-name: <transport_linetrack_70_35_action_shield.dag+170247>
07/06/26 18:12:31 Workflow accounting_group: <teaching>
07/06/26 18:12:31 Workflow accounting_group_user: <atml_team041>
07/06/26 18:12:31 Warning: failed to get attribute DAGNodeName
07/06/26 18:12:31 Default node log file is: </home/atml_team041/condor_tutorial/jani_env/experiments/repair_wo_domain/submissions/action_shield/transport_linetrack/./transport_linetrack_70_35_action_shield.dag.nodes.log>
07/06/26 18:12:31 DAG Lockfile will be written to transport_linetrack_70_35_action_shield.dag.lock
07/06/26 18:12:31 DAG Input file is transport_linetrack_70_35_action_shield.dag
07/06/26 18:12:31 Parsing 1 dagfiles
07/06/26 18:12:31 Parsing transport_linetrack_70_35_action_shield.dag ...
07/06/26 18:12:31 Adjusting edges
07/06/26 18:12:31 Found rescue DAG number 2; running transport_linetrack_70_35_action_shield.dag.rescue002 in combination with normal DAG file
07/06/26 18:12:31 ~~~~~~~~~~~~~~~~~~~~~~~~~~~~~~~~~~~~~~~~~~~~~~~~~~~~~~
07/06/26 18:12:31 USING RESCUE DAG transport_linetrack_70_35_action_shield.dag.rescue002
07/06/26 18:12:31 Dag contains 5 total nodes
07/06/26 18:12:31 Bootstrapping...
07/06/26 18:12:31 Number of pre-completed nodes: 0
07/06/26 18:12:31 MultiLogFiles: truncating log file /home/atml_team041/condor_tutorial/jani_env/experiments/repair_wo_domain/submissions/action_shield/transport_linetrack/./transport_linetrack_70_35_action_shield.dag.nodes.log
07/06/26 18:12:31 DAG status: 0 (DAG_STATUS_OK)
07/06/26 18:12:31 Of 5 nodes total:
07/06/26 18:12:31  Done     Pre   Queued    Post   Ready   Un-Ready   Failed   Futile
07/06/26 18:12:31   ===     ===      ===     ===     ===        ===      ===      ===
07/06/26 18:12:31     0       0        0       0       1          4        0        0
07/06/26 18:12:31 0 job proc(s) currently held
07/06/26 18:12:31 DAGMan Runtime Statistics: [EventCycleTimeSum=0.000; SleepCycleTimeSum=0.000; SubmitCycleTimeSum=0.000; EventCycleTimeCount=0.000; SleepCycleTimeCount=0.000; SubmitCycleTimeCount=0.000; LogProcessCycleTimeSum=0.000; LogProcessCycleTimeCount=0.000; ]
07/06/26 18:12:31 Registering condor_event_timer...
07/06/26 18:12:32 Submitting HTCondor Node COLLECT job(s)...
07/06/26 18:12:32 Submitting node COLLECT from file transport_linetrack_70_35_action_shield_collect.sub using direct job submission
07/06/26 18:12:33 	assigned HTCondor ID (170252.0.0)
07/06/26 18:12:33 Just submitted 1 job this cycle...
07/06/26 18:12:33 DAG status: 0 (DAG_STATUS_OK)
07/06/26 18:12:33 Of 5 nodes total:
07/06/26 18:12:33  Done     Pre   Queued    Post   Ready   Un-Ready   Failed   Futile
07/06/26 18:12:33   ===     ===      ===     ===     ===        ===      ===      ===
07/06/26 18:12:33     0       0        1       0       0          4        0        0
07/06/26 18:12:33 0 job proc(s) currently held
07/06/26 18:12:33 DAGMan Runtime Statistics: [EventCycleTimeSum=0.000; SleepCycleTimeSum=0.000; SubmitCycleTimeAvg=0.430; SubmitCycleTimeMax=0.430; SubmitCycleTimeMin=0.430; SubmitCycleTimeStd=0.430; SubmitCycleTimeSum=0.430; EventCycleTimeCount=0.000; SleepCycleTimeCount=0.000; SubmitCycleTimeCount=1.000; LogProcessCycleTimeSum=0.000; LogProcessCycleTimeCount=0.000; ]
07/06/26 18:12:38 Currently monitoring 1 HTCondor log file(s)
07/06/26 18:12:38 Reassigning the id of job COLLECT from (170252.0.0) to (170252.0.0)
07/06/26 18:12:38 Event: ULOG_SUBMIT for HTCondor Node COLLECT (170252.0.0) {07/06/26 18:12:33}
07/06/26 18:12:38 Number of idle job procs: 1
07/06/26 18:12:38 Reassigning the id of job COLLECT from (170252.0.0) to (170252.1.0)
07/06/26 18:12:38 Event: ULOG_SUBMIT for HTCondor Node COLLECT (170252.1.0) {07/06/26 18:12:33}
07/06/26 18:12:38 Number of idle job procs: 2
07/06/26 18:12:38 Reassigning the id of job COLLECT from (170252.1.0) to (170252.10.0)
07/06/26 18:12:38 Event: ULOG_SUBMIT for HTCondor Node COLLECT (170252.10.0) {07/06/26 18:12:33}
07/06/26 18:12:38 Number of idle job procs: 3
07/06/26 18:12:38 Reassigning the id of job COLLECT from (170252.10.0) to (170252.11.0)
07/06/26 18:12:38 Event: ULOG_SUBMIT for HTCondor Node COLLECT (170252.11.0) {07/06/26 18:12:33}
07/06/26 18:12:38 Number of idle job procs: 4
07/06/26 18:12:38 Reassigning the id of job COLLECT from (170252.11.0) to (170252.12.0)
07/06/26 18:12:38 Event: ULOG_SUBMIT for HTCondor Node COLLECT (170252.12.0) {07/06/26 18:12:33}
07/06/26 18:12:38 Number of idle job procs: 5
07/06/26 18:12:38 Reassigning the id of job COLLECT from (170252.12.0) to (170252.13.0)
07/06/26 18:12:38 Event: ULOG_SUBMIT for HTCondor Node COLLECT (170252.13.0) {07/06/26 18:12:33}
07/06/26 18:12:38 Number of idle job procs: 6
07/06/26 18:12:38 Reassigning the id of job COLLECT from (170252.13.0) to (170252.14.0)
07/06/26 18:12:38 Event: ULOG_SUBMIT for HTCondor Node COLLECT (170252.14.0) {07/06/26 18:12:33}
07/06/26 18:12:38 Number of idle job procs: 7
07/06/26 18:12:38 Reassigning the id of job COLLECT from (170252.14.0) to (170252.15.0)
07/06/26 18:12:38 Event: ULOG_SUBMIT for HTCondor Node COLLECT (170252.15.0) {07/06/26 18:12:33}
07/06/26 18:12:38 Number of idle job procs: 8
07/06/26 18:12:38 Reassigning the id of job COLLECT from (170252.15.0) to (170252.16.0)
07/06/26 18:12:38 Event: ULOG_SUBMIT for HTCondor Node COLLECT (170252.16.0) {07/06/26 18:12:33}
07/06/26 18:12:38 Number of idle job procs: 9
07/06/26 18:12:38 Reassigning the id of job COLLECT from (170252.16.0) to (170252.17.0)
07/06/26 18:12:38 Event: ULOG_SUBMIT for HTCondor Node COLLECT (170252.17.0) {07/06/26 18:12:33}
07/06/26 18:12:38 Number of idle job procs: 10
07/06/26 18:12:38 Reassigning the id of job COLLECT from (170252.17.0) to (170252.18.0)
07/06/26 18:12:38 Event: ULOG_SUBMIT for HTCondor Node COLLECT (170252.18.0) {07/06/26 18:12:33}
07/06/26 18:12:38 Number of idle job procs: 11
07/06/26 18:12:38 Reassigning the id of job COLLECT from (170252.18.0) to (170252.19.0)
07/06/26 18:12:38 Event: ULOG_SUBMIT for HTCondor Node COLLECT (170252.19.0) {07/06/26 18:12:33}
07/06/26 18:12:38 Number of idle job procs: 12
07/06/26 18:12:38 Reassigning the id of job COLLECT from (170252.19.0) to (170252.2.0)
07/06/26 18:12:38 Event: ULOG_SUBMIT for HTCondor Node COLLECT (170252.2.0) {07/06/26 18:12:33}
07/06/26 18:12:38 Number of idle job procs: 13
07/06/26 18:12:38 Reassigning the id of job COLLECT from (170252.2.0) to (170252.20.0)
07/06/26 18:12:38 Event: ULOG_SUBMIT for HTCondor Node COLLECT (170252.20.0) {07/06/26 18:12:33}
07/06/26 18:12:38 Number of idle job procs: 14
07/06/26 18:12:38 Reassigning the id of job COLLECT from (170252.20.0) to (170252.21.0)
07/06/26 18:12:38 Event: ULOG_SUBMIT for HTCondor Node COLLECT (170252.21.0) {07/06/26 18:12:33}
07/06/26 18:12:38 Number of idle job procs: 15
07/06/26 18:12:38 Reassigning the id of job COLLECT from (170252.21.0) to (170252.22.0)
07/06/26 18:12:38 Event: ULOG_SUBMIT for HTCondor Node COLLECT (170252.22.0) {07/06/26 18:12:33}
07/06/26 18:12:38 Number of idle job procs: 16
07/06/26 18:12:38 Reassigning the id of job COLLECT from (170252.22.0) to (170252.23.0)
07/06/26 18:12:38 Event: ULOG_SUBMIT for HTCondor Node COLLECT (170252.23.0) {07/06/26 18:12:33}
07/06/26 18:12:38 Number of idle job procs: 17
07/06/26 18:12:38 Reassigning the id of job COLLECT from (170252.23.0) to (170252.24.0)
07/06/26 18:12:38 Event: ULOG_SUBMIT for HTCondor Node COLLECT (170252.24.0) {07/06/26 18:12:33}
07/06/26 18:12:38 Number of idle job procs: 18
07/06/26 18:12:38 Reassigning the id of job COLLECT from (170252.24.0) to (170252.25.0)
07/06/26 18:12:38 Event: ULOG_SUBMIT for HTCondor Node COLLECT (170252.25.0) {07/06/26 18:12:33}
07/06/26 18:12:38 Number of idle job procs: 19
07/06/26 18:12:38 Reassigning the id of job COLLECT from (170252.25.0) to (170252.26.0)
07/06/26 18:12:38 Event: ULOG_SUBMIT for HTCondor Node COLLECT (170252.26.0) {07/06/26 18:12:33}
07/06/26 18:12:38 Number of idle job procs: 20
07/06/26 18:12:38 Reassigning the id of job COLLECT from (170252.26.0) to (170252.27.0)
07/06/26 18:12:38 Event: ULOG_SUBMIT for HTCondor Node COLLECT (170252.27.0) {07/06/26 18:12:33}
07/06/26 18:12:38 Number of idle job procs: 21
07/06/26 18:12:38 Reassigning the id of job COLLECT from (170252.27.0) to (170252.28.0)
07/06/26 18:12:38 Event: ULOG_SUBMIT for HTCondor Node COLLECT (170252.28.0) {07/06/26 18:12:33}
07/06/26 18:12:38 Number of idle job procs: 22
07/06/26 18:12:38 Reassigning the id of job COLLECT from (170252.28.0) to (170252.29.0)
07/06/26 18:12:38 Event: ULOG_SUBMIT for HTCondor Node COLLECT (170252.29.0) {07/06/26 18:12:33}
07/06/26 18:12:38 Number of idle job procs: 23
07/06/26 18:12:38 Reassigning the id of job COLLECT from (170252.29.0) to (170252.3.0)
07/06/26 18:12:38 Event: ULOG_SUBMIT for HTCondor Node COLLECT (170252.3.0) {07/06/26 18:12:33}
07/06/26 18:12:38 Number of idle job procs: 24
07/06/26 18:12:38 Reassigning the id of job COLLECT from (170252.3.0) to (170252.30.0)
07/06/26 18:12:38 Event: ULOG_SUBMIT for HTCondor Node COLLECT (170252.30.0) {07/06/26 18:12:33}
07/06/26 18:12:38 Number of idle job procs: 25
07/06/26 18:12:38 Reassigning the id of job COLLECT from (170252.30.0) to (170252.31.0)
07/06/26 18:12:38 Event: ULOG_SUBMIT for HTCondor Node COLLECT (170252.31.0) {07/06/26 18:12:33}
07/06/26 18:12:38 Number of idle job procs: 26
07/06/26 18:12:38 Reassigning the id of job COLLECT from (170252.31.0) to (170252.32.0)
07/06/26 18:12:38 Event: ULOG_SUBMIT for HTCondor Node COLLECT (170252.32.0) {07/06/26 18:12:33}
07/06/26 18:12:38 Number of idle job procs: 27
07/06/26 18:12:38 Reassigning the id of job COLLECT from (170252.32.0) to (170252.33.0)
07/06/26 18:12:38 Event: ULOG_SUBMIT for HTCondor Node COLLECT (170252.33.0) {07/06/26 18:12:33}
07/06/26 18:12:38 Number of idle job procs: 28
07/06/26 18:12:38 Reassigning the id of job COLLECT from (170252.33.0) to (170252.34.0)
07/06/26 18:12:38 Event: ULOG_SUBMIT for HTCondor Node COLLECT (170252.34.0) {07/06/26 18:12:33}
07/06/26 18:12:38 Number of idle job procs: 29
07/06/26 18:12:38 Reassigning the id of job COLLECT from (170252.34.0) to (170252.35.0)
07/06/26 18:12:38 Event: ULOG_SUBMIT for HTCondor Node COLLECT (170252.35.0) {07/06/26 18:12:33}
07/06/26 18:12:38 Number of idle job procs: 30
07/06/26 18:12:38 Reassigning the id of job COLLECT from (170252.35.0) to (170252.36.0)
07/06/26 18:12:38 Event: ULOG_SUBMIT for HTCondor Node COLLECT (170252.36.0) {07/06/26 18:12:33}
07/06/26 18:12:38 Number of idle job procs: 31
07/06/26 18:12:38 Reassigning the id of job COLLECT from (170252.36.0) to (170252.37.0)
07/06/26 18:12:38 Event: ULOG_SUBMIT for HTCondor Node COLLECT (170252.37.0) {07/06/26 18:12:33}
07/06/26 18:12:38 Number of idle job procs: 32
07/06/26 18:12:38 Reassigning the id of job COLLECT from (170252.37.0) to (170252.38.0)
07/06/26 18:12:38 Event: ULOG_SUBMIT for HTCondor Node COLLECT (170252.38.0) {07/06/26 18:12:33}
07/06/26 18:12:38 Number of idle job procs: 33
07/06/26 18:12:38 Reassigning the id of job COLLECT from (170252.38.0) to (170252.39.0)
07/06/26 18:12:38 Event: ULOG_SUBMIT for HTCondor Node COLLECT (170252.39.0) {07/06/26 18:12:33}
07/06/26 18:12:38 Number of idle job procs: 34
07/06/26 18:12:38 Reassigning the id of job COLLECT from (170252.39.0) to (170252.4.0)
07/06/26 18:12:38 Event: ULOG_SUBMIT for HTCondor Node COLLECT (170252.4.0) {07/06/26 18:12:33}
07/06/26 18:12:38 Number of idle job procs: 35
07/06/26 18:12:38 Reassigning the id of job COLLECT from (170252.4.0) to (170252.5.0)
07/06/26 18:12:38 Event: ULOG_SUBMIT for HTCondor Node COLLECT (170252.5.0) {07/06/26 18:12:33}
07/06/26 18:12:38 Number of idle job procs: 36
07/06/26 18:12:38 Reassigning the id of job COLLECT from (170252.5.0) to (170252.6.0)
07/06/26 18:12:38 Event: ULOG_SUBMIT for HTCondor Node COLLECT (170252.6.0) {07/06/26 18:12:33}
07/06/26 18:12:38 Number of idle job procs: 37
07/06/26 18:12:38 Reassigning the id of job COLLECT from (170252.6.0) to (170252.7.0)
07/06/26 18:12:38 Event: ULOG_SUBMIT for HTCondor Node COLLECT (170252.7.0) {07/06/26 18:12:33}
07/06/26 18:12:38 Number of idle job procs: 38
07/06/26 18:12:38 Reassigning the id of job COLLECT from (170252.7.0) to (170252.8.0)
07/06/26 18:12:38 Event: ULOG_SUBMIT for HTCondor Node COLLECT (170252.8.0) {07/06/26 18:12:33}
07/06/26 18:12:38 Number of idle job procs: 39
07/06/26 18:12:38 Reassigning the id of job COLLECT from (170252.8.0) to (170252.9.0)
07/06/26 18:12:38 Event: ULOG_SUBMIT for HTCondor Node COLLECT (170252.9.0) {07/06/26 18:12:33}
07/06/26 18:12:38 Number of idle job procs: 40
07/06/26 18:22:39 601 seconds since last log event
07/06/26 18:22:39 Pending DAG nodes:
07/06/26 18:22:39   Node COLLECT, HTCondor ID 170252, status STATUS_SUBMITTED
07/06/26 18:27:34 Total jobs placed to AP: 40
07/06/26 18:27:34      Idle     Held     Running     Successful     Failed
07/06/26 18:27:34       ===      ===         ===            ===        ===
07/06/26 18:27:34        40        0           0              0          0
07/06/26 18:32:39 1201 seconds since last log event
07/06/26 18:32:39 Pending DAG nodes:
07/06/26 18:32:39   Node COLLECT, HTCondor ID 170252, status STATUS_SUBMITTED
07/06/26 18:42:35 Total jobs placed to AP: 40
07/06/26 18:42:35      Idle     Held     Running     Successful     Failed
07/06/26 18:42:35       ===      ===         ===            ===        ===
07/06/26 18:42:35        40        0           0              0          0
07/06/26 18:42:40 1802 seconds since last log event
07/06/26 18:42:40 Pending DAG nodes:
07/06/26 18:42:40   Node COLLECT, HTCondor ID 170252, status STATUS_SUBMITTED
07/06/26 18:52:40 2402 seconds since last log event
07/06/26 18:52:40 Pending DAG nodes:
07/06/26 18:52:40   Node COLLECT, HTCondor ID 170252, status STATUS_SUBMITTED
07/06/26 18:57:35 Total jobs placed to AP: 40
07/06/26 18:57:35      Idle     Held     Running     Successful     Failed
07/06/26 18:57:35       ===      ===         ===            ===        ===
07/06/26 18:57:35        40        0           0              0          0
07/06/26 19:02:41 3003 seconds since last log event
07/06/26 19:02:41 Pending DAG nodes:
07/06/26 19:02:41   Node COLLECT, HTCondor ID 170252, status STATUS_SUBMITTED
07/06/26 19:12:36 Total jobs placed to AP: 40
07/06/26 19:12:36      Idle     Held     Running     Successful     Failed
07/06/26 19:12:36       ===      ===         ===            ===        ===
07/06/26 19:12:36        40        0           0              0          0
07/06/26 19:12:41 3603 seconds since last log event
07/06/26 19:12:41 Pending DAG nodes:
07/06/26 19:12:41   Node COLLECT, HTCondor ID 170252, status STATUS_SUBMITTED
07/06/26 19:22:41 4203 seconds since last log event
07/06/26 19:22:41 Pending DAG nodes:
07/06/26 19:22:41   Node COLLECT, HTCondor ID 170252, status STATUS_SUBMITTED
07/06/26 19:27:36 Total jobs placed to AP: 40
07/06/26 19:27:36      Idle     Held     Running     Successful     Failed
07/06/26 19:27:36       ===      ===         ===            ===        ===
07/06/26 19:27:36        40        0           0              0          0
07/06/26 19:32:41 4803 seconds since last log event
07/06/26 19:32:41 Pending DAG nodes:
07/06/26 19:32:41   Node COLLECT, HTCondor ID 170252, status STATUS_SUBMITTED
07/06/26 19:42:37 Total jobs placed to AP: 40
07/06/26 19:42:37      Idle     Held     Running     Successful     Failed
07/06/26 19:42:37       ===      ===         ===            ===        ===
07/06/26 19:42:37        40        0           0              0          0
07/06/26 19:42:42 5404 seconds since last log event
07/06/26 19:42:42 Pending DAG nodes:
07/06/26 19:42:42   Node COLLECT, HTCondor ID 170252, status STATUS_SUBMITTED
07/06/26 19:52:42 6004 seconds since last log event
07/06/26 19:52:42 Pending DAG nodes:
07/06/26 19:52:42   Node COLLECT, HTCondor ID 170252, status STATUS_SUBMITTED
07/06/26 19:57:38 Total jobs placed to AP: 40
07/06/26 19:57:38      Idle     Held     Running     Successful     Failed
07/06/26 19:57:38       ===      ===         ===            ===        ===
07/06/26 19:57:38        40        0           0              0          0
07/06/26 20:02:43 6605 seconds since last log event
07/06/26 20:02:43 Pending DAG nodes:
07/06/26 20:02:43   Node COLLECT, HTCondor ID 170252, status STATUS_SUBMITTED
07/06/26 20:12:38 Total jobs placed to AP: 40
07/06/26 20:12:38      Idle     Held     Running     Successful     Failed
07/06/26 20:12:38       ===      ===         ===            ===        ===
07/06/26 20:12:38        40        0           0              0          0
07/06/26 20:12:43 7205 seconds since last log event
07/06/26 20:12:43 Pending DAG nodes:
07/06/26 20:12:43   Node COLLECT, HTCondor ID 170252, status STATUS_SUBMITTED
07/06/26 20:22:44 7806 seconds since last log event
07/06/26 20:22:44 Pending DAG nodes:
07/06/26 20:22:44   Node COLLECT, HTCondor ID 170252, status STATUS_SUBMITTED
07/06/26 20:27:39 Total jobs placed to AP: 40
07/06/26 20:27:39      Idle     Held     Running     Successful     Failed
07/06/26 20:27:39       ===      ===         ===            ===        ===
07/06/26 20:27:39        40        0           0              0          0
07/06/26 20:32:44 8406 seconds since last log event
07/06/26 20:32:44 Pending DAG nodes:
07/06/26 20:32:44   Node COLLECT, HTCondor ID 170252, status STATUS_SUBMITTED
07/06/26 20:42:40 Total jobs placed to AP: 40
07/06/26 20:42:40      Idle     Held     Running     Successful     Failed
07/06/26 20:42:40       ===      ===         ===            ===        ===
07/06/26 20:42:40        40        0           0              0          0
07/06/26 20:42:45 9007 seconds since last log event
07/06/26 20:42:45 Pending DAG nodes:
07/06/26 20:42:45   Node COLLECT, HTCondor ID 170252, status STATUS_SUBMITTED
07/06/26 20:52:45 9607 seconds since last log event
07/06/26 20:52:45 Pending DAG nodes:
07/06/26 20:52:45   Node COLLECT, HTCondor ID 170252, status STATUS_SUBMITTED
07/06/26 20:57:41 Total jobs placed to AP: 40
07/06/26 20:57:41      Idle     Held     Running     Successful     Failed
07/06/26 20:57:41       ===      ===         ===            ===        ===
07/06/26 20:57:41        40        0           0              0          0
07/06/26 21:02:46 10208 seconds since last log event
07/06/26 21:02:46 Pending DAG nodes:
07/06/26 21:02:46   Node COLLECT, HTCondor ID 170252, status STATUS_SUBMITTED
07/06/26 21:12:42 Total jobs placed to AP: 40
07/06/26 21:12:42      Idle     Held     Running     Successful     Failed
07/06/26 21:12:42       ===      ===         ===            ===        ===
07/06/26 21:12:42        40        0           0              0          0
07/06/26 21:12:47 10809 seconds since last log event
07/06/26 21:12:47 Pending DAG nodes:
07/06/26 21:12:47   Node COLLECT, HTCondor ID 170252, status STATUS_SUBMITTED
07/06/26 21:22:47 11409 seconds since last log event
07/06/26 21:22:47 Pending DAG nodes:
07/06/26 21:22:47   Node COLLECT, HTCondor ID 170252, status STATUS_SUBMITTED
07/06/26 21:27:42 Total jobs placed to AP: 40
07/06/26 21:27:42      Idle     Held     Running     Successful     Failed
07/06/26 21:27:42       ===      ===         ===            ===        ===
07/06/26 21:27:42        40        0           0              0          0
07/06/26 21:32:48 12010 seconds since last log event
07/06/26 21:32:48 Pending DAG nodes:
07/06/26 21:32:48   Node COLLECT, HTCondor ID 170252, status STATUS_SUBMITTED
07/06/26 21:42:43 Total jobs placed to AP: 40
07/06/26 21:42:43      Idle     Held     Running     Successful     Failed
07/06/26 21:42:43       ===      ===         ===            ===        ===
07/06/26 21:42:43        40        0           0              0          0
07/06/26 21:42:48 12610 seconds since last log event
07/06/26 21:42:48 Pending DAG nodes:
07/06/26 21:42:48   Node COLLECT, HTCondor ID 170252, status STATUS_SUBMITTED
07/06/26 21:52:49 13211 seconds since last log event
07/06/26 21:52:49 Pending DAG nodes:
07/06/26 21:52:49   Node COLLECT, HTCondor ID 170252, status STATUS_SUBMITTED
07/06/26 21:57:44 Total jobs placed to AP: 40
07/06/26 21:57:44      Idle     Held     Running     Successful     Failed
07/06/26 21:57:44       ===      ===         ===            ===        ===
07/06/26 21:57:44        40        0           0              0          0
07/06/26 22:02:49 13811 seconds since last log event
07/06/26 22:02:49 Pending DAG nodes:
07/06/26 22:02:49   Node COLLECT, HTCondor ID 170252, status STATUS_SUBMITTED
07/06/26 22:12:44 Total jobs placed to AP: 40
07/06/26 22:12:44      Idle     Held     Running     Successful     Failed
07/06/26 22:12:44       ===      ===         ===            ===        ===
07/06/26 22:12:44        40        0           0              0          0
07/06/26 22:12:49 14411 seconds since last log event
07/06/26 22:12:49 Pending DAG nodes:
07/06/26 22:12:49   Node COLLECT, HTCondor ID 170252, status STATUS_SUBMITTED
07/06/26 22:22:49 15011 seconds since last log event
07/06/26 22:22:49 Pending DAG nodes:
07/06/26 22:22:49   Node COLLECT, HTCondor ID 170252, status STATUS_SUBMITTED
07/06/26 22:27:44 Total jobs placed to AP: 40
07/06/26 22:27:44      Idle     Held     Running     Successful     Failed
07/06/26 22:27:44       ===      ===         ===            ===        ===
07/06/26 22:27:44        40        0           0              0          0
07/06/26 22:32:50 15612 seconds since last log event
07/06/26 22:32:50 Pending DAG nodes:
07/06/26 22:32:50   Node COLLECT, HTCondor ID 170252, status STATUS_SUBMITTED
07/06/26 22:42:44 Total jobs placed to AP: 40
07/06/26 22:42:45      Idle     Held     Running     Successful     Failed
07/06/26 22:42:45       ===      ===         ===            ===        ===
07/06/26 22:42:45        40        0           0              0          0
07/06/26 22:42:50 16212 seconds since last log event
07/06/26 22:42:50 Pending DAG nodes:
07/06/26 22:42:50   Node COLLECT, HTCondor ID 170252, status STATUS_SUBMITTED
07/06/26 22:52:50 16812 seconds since last log event
07/06/26 22:52:50 Pending DAG nodes:
07/06/26 22:52:50   Node COLLECT, HTCondor ID 170252, status STATUS_SUBMITTED
07/06/26 22:57:45 Total jobs placed to AP: 40
07/06/26 22:57:45      Idle     Held     Running     Successful     Failed
07/06/26 22:57:45       ===      ===         ===            ===        ===
07/06/26 22:57:45        40        0           0              0          0
07/06/26 23:02:51 17413 seconds since last log event
07/06/26 23:02:51 Pending DAG nodes:
07/06/26 23:02:51   Node COLLECT, HTCondor ID 170252, status STATUS_SUBMITTED
07/06/26 23:12:46 Total jobs placed to AP: 40
07/06/26 23:12:46      Idle     Held     Running     Successful     Failed
07/06/26 23:12:46       ===      ===         ===            ===        ===
07/06/26 23:12:46        40        0           0              0          0
07/06/26 23:12:51 18013 seconds since last log event
07/06/26 23:12:51 Pending DAG nodes:
07/06/26 23:12:51   Node COLLECT, HTCondor ID 170252, status STATUS_SUBMITTED
07/06/26 23:22:52 18614 seconds since last log event
07/06/26 23:22:52 Pending DAG nodes:
07/06/26 23:22:52   Node COLLECT, HTCondor ID 170252, status STATUS_SUBMITTED
07/06/26 23:27:47 Total jobs placed to AP: 40
07/06/26 23:27:47      Idle     Held     Running     Successful     Failed
07/06/26 23:27:47       ===      ===         ===            ===        ===
07/06/26 23:27:47        40        0           0              0          0
07/06/26 23:32:52 19214 seconds since last log event
07/06/26 23:32:52 Pending DAG nodes:
07/06/26 23:32:52   Node COLLECT, HTCondor ID 170252, status STATUS_SUBMITTED
07/06/26 23:40:03 Currently monitoring 1 HTCondor log file(s)
07/06/26 23:40:03 Event: ULOG_EXECUTE for HTCondor Node COLLECT (170252.0.0) {07/06/26 23:39:58}
07/06/26 23:40:03 Number of idle job procs: 39
07/06/26 23:42:48 Total jobs placed to AP: 40
07/06/26 23:42:48      Idle     Held     Running     Successful     Failed
07/06/26 23:42:48       ===      ===         ===            ===        ===
07/06/26 23:42:48        39        0           1              0          0
07/06/26 23:50:03 600 seconds since last log event
07/06/26 23:50:03 Pending DAG nodes:
07/06/26 23:50:03   Node COLLECT, HTCondor ID 170252, status STATUS_SUBMITTED
07/06/26 23:54:53 Currently monitoring 1 HTCondor log file(s)
07/06/26 23:54:53 Event: ULOG_EXECUTE for HTCondor Node COLLECT (170252.1.0) {07/06/26 23:54:52}
07/06/26 23:54:53 Number of idle job procs: 38
07/06/26 23:56:13 Currently monitoring 1 HTCondor log file(s)
07/06/26 23:56:13 Event: ULOG_EXECUTE for HTCondor Node COLLECT (170252.2.0) {07/06/26 23:56:12}
07/06/26 23:56:13 Number of idle job procs: 37
07/06/26 23:56:33 Currently monitoring 1 HTCondor log file(s)
07/06/26 23:56:33 Event: ULOG_EXECUTE for HTCondor Node COLLECT (170252.3.0) {07/06/26 23:56:31}
07/06/26 23:56:33 Number of idle job procs: 36
07/06/26 23:57:33 Currently monitoring 1 HTCondor log file(s)
07/06/26 23:57:33 Event: ULOG_EXECUTE for HTCondor Node COLLECT (170252.4.0) {07/06/26 23:57:32}
07/06/26 23:57:33 Number of idle job procs: 35
07/06/26 23:57:48 Total jobs placed to AP: 40
07/06/26 23:57:48      Idle     Held     Running     Successful     Failed
07/06/26 23:57:48       ===      ===         ===            ===        ===
07/06/26 23:57:48        35        0           5              0          0
07/06/26 23:58:39 Currently monitoring 1 HTCondor log file(s)
07/06/26 23:58:39 Event: ULOG_EXECUTE for HTCondor Node COLLECT (170252.5.0) {07/06/26 23:58:38}
07/06/26 23:58:39 Number of idle job procs: 34
07/06/26 23:58:39 Event: ULOG_EXECUTE for HTCondor Node COLLECT (170252.6.0) {07/06/26 23:58:38}
07/06/26 23:58:39 Number of idle job procs: 33
07/07/26 00:08:39 600 seconds since last log event
07/07/26 00:08:39 Pending DAG nodes:
07/07/26 00:08:39   Node COLLECT, HTCondor ID 170252, status STATUS_SUBMITTED
07/07/26 00:09:24 Currently monitoring 1 HTCondor log file(s)
07/07/26 00:09:24 Event: ULOG_EXECUTE for HTCondor Node COLLECT (170252.7.0) {07/07/26 00:09:23}
07/07/26 00:09:24 Number of idle job procs: 32
07/07/26 00:10:24 Currently monitoring 1 HTCondor log file(s)
07/07/26 00:10:24 Event: ULOG_EXECUTE for HTCondor Node COLLECT (170252.8.0) {07/07/26 00:10:24}
07/07/26 00:10:24 Number of idle job procs: 31
07/07/26 00:11:09 Currently monitoring 1 HTCondor log file(s)
07/07/26 00:11:09 Event: ULOG_EXECUTE for HTCondor Node COLLECT (170252.9.0) {07/07/26 00:11:05}
07/07/26 00:11:09 Number of idle job procs: 30
07/07/26 00:12:49 Total jobs placed to AP: 40
07/07/26 00:12:49      Idle     Held     Running     Successful     Failed
07/07/26 00:12:49       ===      ===         ===            ===        ===
07/07/26 00:12:49        30        0          10              0          0
07/07/26 00:14:09 Currently monitoring 1 HTCondor log file(s)
07/07/26 00:14:09 Event: ULOG_EXECUTE for HTCondor Node COLLECT (170252.10.0) {07/07/26 00:14:06}
07/07/26 00:14:09 Number of idle job procs: 29
07/07/26 00:16:49 Currently monitoring 1 HTCondor log file(s)
07/07/26 00:16:49 Event: ULOG_EXECUTE for HTCondor Node COLLECT (170252.11.0) {07/07/26 00:16:49}
07/07/26 00:16:49 Number of idle job procs: 28
07/07/26 00:20:10 Currently monitoring 1 HTCondor log file(s)
07/07/26 00:20:10 Event: ULOG_EXECUTE for HTCondor Node COLLECT (170252.12.0) {07/07/26 00:20:09}
07/07/26 00:20:10 Number of idle job procs: 27
07/07/26 00:20:35 Currently monitoring 1 HTCondor log file(s)
07/07/26 00:20:35 Event: ULOG_EXECUTE for HTCondor Node COLLECT (170252.13.0) {07/07/26 00:20:30}
07/07/26 00:20:35 Number of idle job procs: 26
07/07/26 00:21:55 Currently monitoring 1 HTCondor log file(s)
07/07/26 00:21:55 Event: ULOG_EXECUTE for HTCondor Node COLLECT (170252.16.0) {07/07/26 00:21:51}
07/07/26 00:21:55 Number of idle job procs: 25
07/07/26 00:21:55 Event: ULOG_EXECUTE for HTCondor Node COLLECT (170252.15.0) {07/07/26 00:21:51}
07/07/26 00:21:55 Number of idle job procs: 24
07/07/26 00:21:55 Event: ULOG_EXECUTE for HTCondor Node COLLECT (170252.14.0) {07/07/26 00:21:52}
07/07/26 00:21:55 Number of idle job procs: 23
07/07/26 00:27:50 Currently monitoring 1 HTCondor log file(s)
07/07/26 00:27:50 Event: ULOG_EXECUTE for HTCondor Node COLLECT (170252.17.0) {07/07/26 00:27:46}
07/07/26 00:27:50 Number of idle job procs: 22
07/07/26 00:27:50 Total jobs placed to AP: 40
07/07/26 00:27:50      Idle     Held     Running     Successful     Failed
07/07/26 00:27:50       ===      ===         ===            ===        ===
07/07/26 00:27:50        22        0          18              0          0
07/07/26 00:31:40 Currently monitoring 1 HTCondor log file(s)
07/07/26 00:31:40 Event: ULOG_JOB_TERMINATED for HTCondor Node COLLECT (170252.0.0) {07/07/26 00:31:39}
07/07/26 00:31:40 Number of idle job procs: 22
07/07/26 00:31:40 Node COLLECT job proc (170252.0.0) completed successfully.
07/07/26 00:32:05 Currently monitoring 1 HTCondor log file(s)
07/07/26 00:32:05 Event: ULOG_JOB_TERMINATED for HTCondor Node COLLECT (170252.1.0) {07/07/26 00:32:05}
07/07/26 00:32:05 Number of idle job procs: 22
07/07/26 00:32:05 Node COLLECT job proc (170252.1.0) completed successfully.
07/07/26 00:32:25 Currently monitoring 1 HTCondor log file(s)
07/07/26 00:32:25 Event: ULOG_EXECUTE for HTCondor Node COLLECT (170252.18.0) {07/07/26 00:32:25}
07/07/26 00:32:25 Number of idle job procs: 21
07/07/26 00:33:50 Currently monitoring 1 HTCondor log file(s)
07/07/26 00:33:50 Event: ULOG_EXECUTE for HTCondor Node COLLECT (170252.19.0) {07/07/26 00:33:50}
07/07/26 00:33:50 Number of idle job procs: 20
07/07/26 00:34:10 Currently monitoring 1 HTCondor log file(s)
07/07/26 00:34:10 Event: ULOG_JOB_TERMINATED for HTCondor Node COLLECT (170252.6.0) {07/07/26 00:34:06}
07/07/26 00:34:10 Number of idle job procs: 20
07/07/26 00:34:10 Node COLLECT job proc (170252.6.0) completed successfully.
07/07/26 00:34:10 Event: ULOG_JOB_TERMINATED for HTCondor Node COLLECT (170252.2.0) {07/07/26 00:34:09}
07/07/26 00:34:10 Number of idle job procs: 20
07/07/26 00:34:10 Node COLLECT job proc (170252.2.0) completed successfully.
07/07/26 00:34:50 Currently monitoring 1 HTCondor log file(s)
07/07/26 00:34:50 Event: ULOG_EXECUTE for HTCondor Node COLLECT (170252.23.0) {07/07/26 00:34:49}
07/07/26 00:34:50 Number of idle job procs: 19
07/07/26 00:34:50 Event: ULOG_EXECUTE for HTCondor Node COLLECT (170252.20.0) {07/07/26 00:34:49}
07/07/26 00:34:50 Number of idle job procs: 18
07/07/26 00:34:50 Event: ULOG_EXECUTE for HTCondor Node COLLECT (170252.21.0) {07/07/26 00:34:49}
07/07/26 00:34:50 Number of idle job procs: 17
07/07/26 00:34:50 Event: ULOG_EXECUTE for HTCondor Node COLLECT (170252.22.0) {07/07/26 00:34:49}
07/07/26 00:34:50 Number of idle job procs: 16
07/07/26 00:35:36 Currently monitoring 1 HTCondor log file(s)
07/07/26 00:35:36 Event: ULOG_JOB_TERMINATED for HTCondor Node COLLECT (170252.5.0) {07/07/26 00:35:35}
07/07/26 00:35:36 Number of idle job procs: 16
07/07/26 00:35:36 Node COLLECT job proc (170252.5.0) completed successfully.
07/07/26 00:35:51 Currently monitoring 1 HTCondor log file(s)
07/07/26 00:35:51 Event: ULOG_EXECUTE for HTCondor Node COLLECT (170252.25.0) {07/07/26 00:35:49}
07/07/26 00:35:51 Number of idle job procs: 15
07/07/26 00:35:51 Event: ULOG_EXECUTE for HTCondor Node COLLECT (170252.24.0) {07/07/26 00:35:50}
07/07/26 00:35:51 Number of idle job procs: 14
07/07/26 00:37:51 Currently monitoring 1 HTCondor log file(s)
07/07/26 00:37:51 Event: ULOG_EXECUTE for HTCondor Node COLLECT (170252.26.0) {07/07/26 00:37:49}
07/07/26 00:37:51 Number of idle job procs: 13
07/07/26 00:37:51 Event: ULOG_EXECUTE for HTCondor Node COLLECT (170252.28.0) {07/07/26 00:37:49}
07/07/26 00:37:51 Number of idle job procs: 12
07/07/26 00:37:51 Event: ULOG_EXECUTE for HTCondor Node COLLECT (170252.27.0) {07/07/26 00:37:49}
07/07/26 00:37:51 Number of idle job procs: 11
07/07/26 00:42:51 Total jobs placed to AP: 40
07/07/26 00:42:51      Idle     Held     Running     Successful     Failed
07/07/26 00:42:51       ===      ===         ===            ===        ===
07/07/26 00:42:51        11        0          24              5          0
07/07/26 00:47:51 600 seconds since last log event
07/07/26 00:47:51 Pending DAG nodes:
07/07/26 00:47:51   Node COLLECT, HTCondor ID 170252, status STATUS_SUBMITTED
07/07/26 00:54:27 Currently monitoring 1 HTCondor log file(s)
07/07/26 00:54:27 Event: ULOG_EXECUTE for HTCondor Node COLLECT (170252.29.0) {07/07/26 00:54:23}
07/07/26 00:54:27 Number of idle job procs: 10
07/07/26 00:55:02 Currently monitoring 1 HTCondor log file(s)
07/07/26 00:55:02 Event: ULOG_JOB_TERMINATED for HTCondor Node COLLECT (170252.10.0) {07/07/26 00:54:58}
07/07/26 00:55:02 Number of idle job procs: 10
07/07/26 00:55:02 Node COLLECT job proc (170252.10.0) completed successfully.
07/07/26 00:55:27 Currently monitoring 1 HTCondor log file(s)
07/07/26 00:55:27 Event: ULOG_EXECUTE for HTCondor Node COLLECT (170252.30.0) {07/07/26 00:55:24}
07/07/26 00:55:27 Number of idle job procs: 9
07/07/26 00:57:52 Total jobs placed to AP: 40
07/07/26 00:57:52      Idle     Held     Running     Successful     Failed
07/07/26 00:57:52       ===      ===         ===            ===        ===
07/07/26 00:57:52         9        0          25              6          0
07/07/26 00:59:57 Currently monitoring 1 HTCondor log file(s)
07/07/26 00:59:57 Event: ULOG_JOB_TERMINATED for HTCondor Node COLLECT (170252.12.0) {07/07/26 00:59:52}
07/07/26 00:59:57 Number of idle job procs: 9
07/07/26 00:59:57 Node COLLECT job proc (170252.12.0) completed successfully.
07/07/26 00:59:57 Event: ULOG_JOB_TERMINATED for HTCondor Node COLLECT (170252.14.0) {07/07/26 00:59:53}
07/07/26 00:59:57 Number of idle job procs: 9
07/07/26 00:59:57 Node COLLECT job proc (170252.14.0) completed successfully.
07/07/26 01:00:12 Currently monitoring 1 HTCondor log file(s)
07/07/26 01:00:12 Event: ULOG_EXECUTE for HTCondor Node COLLECT (170252.33.0) {07/07/26 01:00:08}
07/07/26 01:00:12 Number of idle job procs: 8
07/07/26 01:00:12 Event: ULOG_EXECUTE for HTCondor Node COLLECT (170252.31.0) {07/07/26 01:00:08}
07/07/26 01:00:12 Number of idle job procs: 7
07/07/26 01:00:12 Event: ULOG_EXECUTE for HTCondor Node COLLECT (170252.32.0) {07/07/26 01:00:08}
07/07/26 01:00:12 Number of idle job procs: 6
07/07/26 01:00:47 Currently monitoring 1 HTCondor log file(s)
07/07/26 01:00:47 Event: ULOG_JOB_TERMINATED for HTCondor Node COLLECT (170252.15.0) {07/07/26 01:00:44}
07/07/26 01:00:47 Number of idle job procs: 6
07/07/26 01:00:47 Node COLLECT job proc (170252.15.0) completed successfully.
07/07/26 01:00:47 Event: ULOG_JOB_TERMINATED for HTCondor Node COLLECT (170252.13.0) {07/07/26 01:00:46}
07/07/26 01:00:47 Number of idle job procs: 6
07/07/26 01:00:47 Node COLLECT job proc (170252.13.0) completed successfully.
07/07/26 01:01:42 Currently monitoring 1 HTCondor log file(s)
07/07/26 01:01:42 Event: ULOG_EXECUTE for HTCondor Node COLLECT (170252.34.0) {07/07/26 01:01:37}
07/07/26 01:01:42 Number of idle job procs: 5
07/07/26 01:09:32 Currently monitoring 1 HTCondor log file(s)
07/07/26 01:09:32 Event: ULOG_JOB_TERMINATED for HTCondor Node COLLECT (170252.17.0) {07/07/26 01:09:32}
07/07/26 01:09:32 Number of idle job procs: 5
07/07/26 01:09:32 Node COLLECT job proc (170252.17.0) completed successfully.
07/07/26 01:10:22 Currently monitoring 1 HTCondor log file(s)
07/07/26 01:10:22 Event: ULOG_JOB_TERMINATED for HTCondor Node COLLECT (170252.19.0) {07/07/26 01:10:20}
07/07/26 01:10:22 Number of idle job procs: 5
07/07/26 01:10:22 Node COLLECT job proc (170252.19.0) completed successfully.
07/07/26 01:10:37 Currently monitoring 1 HTCondor log file(s)
07/07/26 01:10:37 Event: ULOG_EXECUTE for HTCondor Node COLLECT (170252.36.0) {07/07/26 01:10:33}
07/07/26 01:10:37 Number of idle job procs: 4
07/07/26 01:10:37 Event: ULOG_EXECUTE for HTCondor Node COLLECT (170252.35.0) {07/07/26 01:10:33}
07/07/26 01:10:37 Number of idle job procs: 3
07/07/26 01:12:07 Currently monitoring 1 HTCondor log file(s)
07/07/26 01:12:07 Event: ULOG_JOB_TERMINATED for HTCondor Node COLLECT (170252.23.0) {07/07/26 01:12:03}
07/07/26 01:12:07 Number of idle job procs: 3
07/07/26 01:12:07 Node COLLECT job proc (170252.23.0) completed successfully.
07/07/26 01:12:12 Currently monitoring 1 HTCondor log file(s)
07/07/26 01:12:12 Event: ULOG_JOB_TERMINATED for HTCondor Node COLLECT (170252.21.0) {07/07/26 01:12:12}
07/07/26 01:12:12 Number of idle job procs: 3
07/07/26 01:12:12 Node COLLECT job proc (170252.21.0) completed successfully.
07/07/26 01:12:22 Currently monitoring 1 HTCondor log file(s)
07/07/26 01:12:22 Event: ULOG_JOB_TERMINATED for HTCondor Node COLLECT (170252.18.0) {07/07/26 01:12:22}
07/07/26 01:12:22 Number of idle job procs: 3
07/07/26 01:12:22 Node COLLECT job proc (170252.18.0) completed successfully.
07/07/26 01:12:27 Currently monitoring 1 HTCondor log file(s)
07/07/26 01:12:27 Event: ULOG_JOB_TERMINATED for HTCondor Node COLLECT (170252.25.0) {07/07/26 01:12:24}
07/07/26 01:12:27 Number of idle job procs: 3
07/07/26 01:12:27 Node COLLECT job proc (170252.25.0) completed successfully.
07/07/26 01:12:52 Total jobs placed to AP: 40
07/07/26 01:12:52      Idle     Held     Running     Successful     Failed
07/07/26 01:12:52       ===      ===         ===            ===        ===
07/07/26 01:12:52         3        0          21             16          0
07/07/26 01:12:57 Currently monitoring 1 HTCondor log file(s)
07/07/26 01:12:57 Event: ULOG_EXECUTE for HTCondor Node COLLECT (170252.39.0) {07/07/26 01:12:53}
07/07/26 01:12:57 Number of idle job procs: 2
07/07/26 01:12:57 Event: ULOG_EXECUTE for HTCondor Node COLLECT (170252.37.0) {07/07/26 01:12:53}
07/07/26 01:12:57 Number of idle job procs: 1
07/07/26 01:12:57 Event: ULOG_EXECUTE for HTCondor Node COLLECT (170252.38.0) {07/07/26 01:12:53}
07/07/26 01:12:58 Number of idle job procs: 0
07/07/26 01:13:08 Currently monitoring 1 HTCondor log file(s)
07/07/26 01:13:08 Event: ULOG_JOB_TERMINATED for HTCondor Node COLLECT (170252.20.0) {07/07/26 01:13:07}
07/07/26 01:13:08 Number of idle job procs: 0
07/07/26 01:13:08 Node COLLECT job proc (170252.20.0) completed successfully.
07/07/26 01:14:13 Currently monitoring 1 HTCondor log file(s)
07/07/26 01:14:13 Event: ULOG_JOB_TERMINATED for HTCondor Node COLLECT (170252.22.0) {07/07/26 01:14:11}
07/07/26 01:14:13 Number of idle job procs: 0
07/07/26 01:14:13 Node COLLECT job proc (170252.22.0) completed successfully.
07/07/26 01:15:28 Currently monitoring 1 HTCondor log file(s)
07/07/26 01:15:28 Event: ULOG_JOB_TERMINATED for HTCondor Node COLLECT (170252.24.0) {07/07/26 01:15:26}
07/07/26 01:15:28 Number of idle job procs: 0
07/07/26 01:15:28 Node COLLECT job proc (170252.24.0) completed successfully.
07/07/26 01:15:38 Currently monitoring 1 HTCondor log file(s)
07/07/26 01:15:38 Event: ULOG_JOB_TERMINATED for HTCondor Node COLLECT (170252.27.0) {07/07/26 01:15:33}
07/07/26 01:15:38 Number of idle job procs: 0
07/07/26 01:15:38 Node COLLECT job proc (170252.27.0) completed successfully.
07/07/26 01:16:33 Currently monitoring 1 HTCondor log file(s)
07/07/26 01:16:33 Event: ULOG_JOB_TERMINATED for HTCondor Node COLLECT (170252.26.0) {07/07/26 01:16:29}
07/07/26 01:16:33 Number of idle job procs: 0
07/07/26 01:16:33 Node COLLECT job proc (170252.26.0) completed successfully.
07/07/26 01:17:38 Currently monitoring 1 HTCondor log file(s)
07/07/26 01:17:38 Event: ULOG_JOB_TERMINATED for HTCondor Node COLLECT (170252.28.0) {07/07/26 01:17:33}
07/07/26 01:17:38 Number of idle job procs: 0
07/07/26 01:17:38 Node COLLECT job proc (170252.28.0) completed successfully.
07/07/26 01:27:38 600 seconds since last log event
07/07/26 01:27:38 Pending DAG nodes:
07/07/26 01:27:38   Node COLLECT, HTCondor ID 170252, status STATUS_SUBMITTED
07/07/26 01:27:53 Total jobs placed to AP: 40
07/07/26 01:27:53      Idle     Held     Running     Successful     Failed
07/07/26 01:27:53       ===      ===         ===            ===        ===
07/07/26 01:27:53         0        0          18             22          0
07/07/26 01:30:58 Currently monitoring 1 HTCondor log file(s)
07/07/26 01:30:58 Event: ULOG_JOB_TERMINATED for HTCondor Node COLLECT (170252.4.0) {07/07/26 01:30:58}
07/07/26 01:30:58 Number of idle job procs: 0
07/07/26 01:30:58 Node COLLECT job proc (170252.4.0) completed successfully.
07/07/26 01:36:14 Currently monitoring 1 HTCondor log file(s)
07/07/26 01:36:14 Event: ULOG_JOB_TERMINATED for HTCondor Node COLLECT (170252.16.0) {07/07/26 01:36:13}
07/07/26 01:36:14 Number of idle job procs: 0
07/07/26 01:36:14 Node COLLECT job proc (170252.16.0) completed successfully.
07/07/26 01:36:14 Event: ULOG_JOB_TERMINATED for HTCondor Node COLLECT (170252.11.0) {07/07/26 01:36:13}
07/07/26 01:36:14 Number of idle job procs: 0
07/07/26 01:36:14 Node COLLECT job proc (170252.11.0) completed successfully.
07/07/26 01:36:14 Event: ULOG_JOB_TERMINATED for HTCondor Node COLLECT (170252.9.0) {07/07/26 01:36:13}
07/07/26 01:36:14 Number of idle job procs: 0
07/07/26 01:36:14 Node COLLECT job proc (170252.9.0) completed successfully.
07/07/26 01:36:19 Currently monitoring 1 HTCondor log file(s)
07/07/26 01:36:19 Event: ULOG_JOB_TERMINATED for HTCondor Node COLLECT (170252.7.0) {07/07/26 01:36:15}
07/07/26 01:36:19 Number of idle job procs: 0
07/07/26 01:36:19 Node COLLECT job proc (170252.7.0) completed successfully.
07/07/26 01:36:19 Event: ULOG_JOB_TERMINATED for HTCondor Node COLLECT (170252.3.0) {07/07/26 01:36:16}
07/07/26 01:36:19 Number of idle job procs: 0
07/07/26 01:36:19 Node COLLECT job proc (170252.3.0) completed successfully.
07/07/26 01:36:29 Currently monitoring 1 HTCondor log file(s)
07/07/26 01:36:29 Event: ULOG_JOB_TERMINATED for HTCondor Node COLLECT (170252.29.0) {07/07/26 01:36:24}
07/07/26 01:36:29 Number of idle job procs: 0
07/07/26 01:36:29 Node COLLECT job proc (170252.29.0) completed successfully.
07/07/26 01:36:39 Currently monitoring 1 HTCondor log file(s)
07/07/26 01:36:39 Event: ULOG_JOB_TERMINATED for HTCondor Node COLLECT (170252.8.0) {07/07/26 01:36:35}
07/07/26 01:36:39 Number of idle job procs: 0
07/07/26 01:36:39 Node COLLECT job proc (170252.8.0) completed successfully.
07/07/26 01:38:44 Currently monitoring 1 HTCondor log file(s)
07/07/26 01:38:44 Event: ULOG_JOB_TERMINATED for HTCondor Node COLLECT (170252.31.0) {07/07/26 01:38:41}
07/07/26 01:38:44 Number of idle job procs: 0
07/07/26 01:38:44 Node COLLECT job proc (170252.31.0) completed successfully.
07/07/26 01:40:49 Currently monitoring 1 HTCondor log file(s)
07/07/26 01:40:49 Event: ULOG_JOB_TERMINATED for HTCondor Node COLLECT (170252.33.0) {07/07/26 01:40:49}
07/07/26 01:40:49 Number of idle job procs: 0
07/07/26 01:40:49 Node COLLECT job proc (170252.33.0) completed successfully.
07/07/26 01:40:54 Currently monitoring 1 HTCondor log file(s)
07/07/26 01:40:54 Event: ULOG_JOB_TERMINATED for HTCondor Node COLLECT (170252.34.0) {07/07/26 01:40:51}
07/07/26 01:40:54 Number of idle job procs: 0
07/07/26 01:40:54 Node COLLECT job proc (170252.34.0) completed successfully.
07/07/26 01:41:09 Currently monitoring 1 HTCondor log file(s)
07/07/26 01:41:09 Event: ULOG_JOB_TERMINATED for HTCondor Node COLLECT (170252.32.0) {07/07/26 01:41:07}
07/07/26 01:41:09 Number of idle job procs: 0
07/07/26 01:41:09 Node COLLECT job proc (170252.32.0) completed successfully.
07/07/26 01:41:29 Currently monitoring 1 HTCondor log file(s)
07/07/26 01:41:29 Event: ULOG_JOB_TERMINATED for HTCondor Node COLLECT (170252.30.0) {07/07/26 01:41:28}
07/07/26 01:41:29 Number of idle job procs: 0
07/07/26 01:41:29 Node COLLECT job proc (170252.30.0) completed successfully.
07/07/26 01:42:54 Total jobs placed to AP: 40
07/07/26 01:42:54      Idle     Held     Running     Successful     Failed
07/07/26 01:42:54       ===      ===         ===            ===        ===
07/07/26 01:42:54         0        0           5             35          0
07/07/26 01:47:44 Currently monitoring 1 HTCondor log file(s)
07/07/26 01:47:44 Event: ULOG_JOB_TERMINATED for HTCondor Node COLLECT (170252.37.0) {07/07/26 01:47:41}
07/07/26 01:47:44 Number of idle job procs: 0
07/07/26 01:47:44 Node COLLECT job proc (170252.37.0) completed successfully.
07/07/26 01:48:19 Currently monitoring 1 HTCondor log file(s)
07/07/26 01:48:19 Event: ULOG_JOB_TERMINATED for HTCondor Node COLLECT (170252.38.0) {07/07/26 01:48:18}
07/07/26 01:48:19 Number of idle job procs: 0
07/07/26 01:48:19 Node COLLECT job proc (170252.38.0) completed successfully.
07/07/26 01:48:24 Currently monitoring 1 HTCondor log file(s)
07/07/26 01:48:24 Event: ULOG_JOB_TERMINATED for HTCondor Node COLLECT (170252.36.0) {07/07/26 01:48:20}
07/07/26 01:48:24 Number of idle job procs: 0
07/07/26 01:48:24 Node COLLECT job proc (170252.36.0) completed successfully.
07/07/26 01:49:35 Currently monitoring 1 HTCondor log file(s)
07/07/26 01:49:35 Event: ULOG_JOB_TERMINATED for HTCondor Node COLLECT (170252.35.0) {07/07/26 01:49:33}
07/07/26 01:49:35 Number of idle job procs: 0
07/07/26 01:49:35 Node COLLECT job proc (170252.35.0) completed successfully.
07/07/26 01:53:55 Currently monitoring 1 HTCondor log file(s)
07/07/26 01:53:55 Event: ULOG_JOB_TERMINATED for HTCondor Node COLLECT (170252.39.0) {07/07/26 01:53:51}
07/07/26 01:53:55 Number of idle job procs: 0
07/07/26 01:53:55 Node COLLECT job proc (170252.39.0) completed successfully.
07/07/26 01:53:55 Node COLLECT job(s) have exited the queue
07/07/26 01:53:55 DAG status: 0 (DAG_STATUS_OK)
07/07/26 01:53:55 Of 5 nodes total:
07/07/26 01:53:55  Done     Pre   Queued    Post   Ready   Un-Ready   Failed   Futile
07/07/26 01:53:55   ===     ===      ===     ===     ===        ===      ===      ===
07/07/26 01:53:55     1       0        0       0       1          3        0        0
07/07/26 01:53:55 0 job proc(s) currently held
07/07/26 01:53:55 DAGMan Runtime Statistics: [EventCycleTimeAvg=0.015; EventCycleTimeMax=20.469; EventCycleTimeMin=0.000; EventCycleTimeStd=0.407; EventCycleTimeSum=83.134; SleepCycleTimeAvg=5.016; SleepCycleTimeMax=30.128; SleepCycleTimeMin=4.004; SleepCycleTimeStd=0.438; SleepCycleTimeSum=27599.246; SubmitCycleTimeAvg=0.000; SubmitCycleTimeMax=0.430; SubmitCycleTimeMin=0.000; SubmitCycleTimeStd=0.006; SubmitCycleTimeSum=0.433; EventCycleTimeCount=5502.000; SleepCycleTimeCount=5502.000; SubmitCycleTimeCount=5503.000; LogProcessCycleTimeAvg=0.006; LogProcessCycleTimeMax=0.079; LogProcessCycleTimeMin=0.002; LogProcessCycleTimeStd=0.010; LogProcessCycleTimeSum=0.356; LogProcessCycleTimeCount=61.000; ]
07/07/26 01:54:00 Submitting HTCondor Node MERGE_COLLECTION job(s)...
07/07/26 01:54:00 Submitting node MERGE_COLLECTION from file transport_linetrack_70_35_action_shield_merge_collection.sub using direct job submission
07/07/26 01:54:00 	assigned HTCondor ID (170308.0.0)
07/07/26 01:54:00 Just submitted 1 job this cycle...
07/07/26 01:54:00 DAG status: 0 (DAG_STATUS_OK)
07/07/26 01:54:00 Of 5 nodes total:
07/07/26 01:54:00  Done     Pre   Queued    Post   Ready   Un-Ready   Failed   Futile
07/07/26 01:54:00   ===     ===      ===     ===     ===        ===      ===      ===
07/07/26 01:54:00     1       0        1       0       0          3        0        0
07/07/26 01:54:00 0 job proc(s) currently held
07/07/26 01:54:00 DAGMan Runtime Statistics: [EventCycleTimeAvg=0.015; EventCycleTimeMax=20.469; EventCycleTimeMin=0.000; EventCycleTimeStd=0.407; EventCycleTimeSum=83.148; SleepCycleTimeAvg=5.016; SleepCycleTimeMax=30.128; SleepCycleTimeMin=4.004; SleepCycleTimeStd=0.438; SleepCycleTimeSum=27604.257; SubmitCycleTimeAvg=0.000; SubmitCycleTimeMax=0.430; SubmitCycleTimeMin=0.000; SubmitCycleTimeStd=0.006; SubmitCycleTimeSum=0.460; EventCycleTimeCount=5503.000; SleepCycleTimeCount=5503.000; SubmitCycleTimeCount=5504.000; LogProcessCycleTimeAvg=0.006; LogProcessCycleTimeMax=0.079; LogProcessCycleTimeMin=0.002; LogProcessCycleTimeStd=0.010; LogProcessCycleTimeSum=0.356; LogProcessCycleTimeCount=61.000; ]
07/07/26 01:54:05 Currently monitoring 1 HTCondor log file(s)
07/07/26 01:54:05 Reassigning the id of job MERGE_COLLECTION from (170308.0.0) to (170308.0.0)
07/07/26 01:54:05 Event: ULOG_SUBMIT for HTCondor Node MERGE_COLLECTION (170308.0.0) {07/07/26 01:54:00}
07/07/26 01:54:05 Number of idle job procs: 1
07/07/26 01:57:55 Total jobs placed to AP: 41
07/07/26 01:57:55      Idle     Held     Running     Successful     Failed
07/07/26 01:57:55       ===      ===         ===            ===        ===
07/07/26 01:57:55         1        0           0             40          0
07/07/26 02:04:05 600 seconds since last log event
07/07/26 02:04:05 Pending DAG nodes:
07/07/26 02:04:05   Node MERGE_COLLECTION, HTCondor ID 170308, status STATUS_SUBMITTED
07/07/26 02:12:56 Total jobs placed to AP: 41
07/07/26 02:12:56      Idle     Held     Running     Successful     Failed
07/07/26 02:12:56       ===      ===         ===            ===        ===
07/07/26 02:12:56         1        0           0             40          0
07/07/26 02:14:06 1201 seconds since last log event
07/07/26 02:14:06 Pending DAG nodes:
07/07/26 02:14:06   Node MERGE_COLLECTION, HTCondor ID 170308, status STATUS_SUBMITTED
07/07/26 02:24:07 1802 seconds since last log event
07/07/26 02:24:07 Pending DAG nodes:
07/07/26 02:24:07   Node MERGE_COLLECTION, HTCondor ID 170308, status STATUS_SUBMITTED
07/07/26 02:27:57 Total jobs placed to AP: 41
07/07/26 02:27:57      Idle     Held     Running     Successful     Failed
07/07/26 02:27:57       ===      ===         ===            ===        ===
07/07/26 02:27:57         1        0           0             40          0
07/07/26 02:34:07 2402 seconds since last log event
07/07/26 02:34:07 Pending DAG nodes:
07/07/26 02:34:07   Node MERGE_COLLECTION, HTCondor ID 170308, status STATUS_SUBMITTED
07/07/26 02:42:58 Total jobs placed to AP: 41
07/07/26 02:42:58      Idle     Held     Running     Successful     Failed
07/07/26 02:42:58       ===      ===         ===            ===        ===
07/07/26 02:42:58         1        0           0             40          0
07/07/26 02:44:08 3003 seconds since last log event
07/07/26 02:44:08 Pending DAG nodes:
07/07/26 02:44:08   Node MERGE_COLLECTION, HTCondor ID 170308, status STATUS_SUBMITTED
07/07/26 02:54:08 3603 seconds since last log event
07/07/26 02:54:08 Pending DAG nodes:
07/07/26 02:54:08   Node MERGE_COLLECTION, HTCondor ID 170308, status STATUS_SUBMITTED
07/07/26 02:57:58 Total jobs placed to AP: 41
07/07/26 02:57:58      Idle     Held     Running     Successful     Failed
07/07/26 02:57:58       ===      ===         ===            ===        ===
07/07/26 02:57:58         1        0           0             40          0
07/07/26 03:04:09 4204 seconds since last log event
07/07/26 03:04:09 Pending DAG nodes:
07/07/26 03:04:09   Node MERGE_COLLECTION, HTCondor ID 170308, status STATUS_SUBMITTED
07/07/26 03:12:59 Total jobs placed to AP: 41
07/07/26 03:12:59      Idle     Held     Running     Successful     Failed
07/07/26 03:12:59       ===      ===         ===            ===        ===
07/07/26 03:12:59         1        0           0             40          0
07/07/26 03:14:09 4804 seconds since last log event
07/07/26 03:14:09 Pending DAG nodes:
07/07/26 03:14:09   Node MERGE_COLLECTION, HTCondor ID 170308, status STATUS_SUBMITTED
07/07/26 03:24:10 5405 seconds since last log event
07/07/26 03:24:10 Pending DAG nodes:
07/07/26 03:24:10   Node MERGE_COLLECTION, HTCondor ID 170308, status STATUS_SUBMITTED
07/07/26 03:28:00 Total jobs placed to AP: 41
07/07/26 03:28:00      Idle     Held     Running     Successful     Failed
07/07/26 03:28:00       ===      ===         ===            ===        ===
07/07/26 03:28:00         1        0           0             40          0
07/07/26 03:34:10 6005 seconds since last log event
07/07/26 03:34:10 Pending DAG nodes:
07/07/26 03:34:10   Node MERGE_COLLECTION, HTCondor ID 170308, status STATUS_SUBMITTED
07/07/26 03:43:00 Total jobs placed to AP: 41
07/07/26 03:43:00      Idle     Held     Running     Successful     Failed
07/07/26 03:43:00       ===      ===         ===            ===        ===
07/07/26 03:43:00         1        0           0             40          0
07/07/26 03:44:10 6605 seconds since last log event
07/07/26 03:44:10 Pending DAG nodes:
07/07/26 03:44:10   Node MERGE_COLLECTION, HTCondor ID 170308, status STATUS_SUBMITTED
07/07/26 03:54:10 7205 seconds since last log event
07/07/26 03:54:10 Pending DAG nodes:
07/07/26 03:54:10   Node MERGE_COLLECTION, HTCondor ID 170308, status STATUS_SUBMITTED
07/07/26 03:58:01 Total jobs placed to AP: 41
07/07/26 03:58:01      Idle     Held     Running     Successful     Failed
07/07/26 03:58:01       ===      ===         ===            ===        ===
07/07/26 03:58:01         1        0           0             40          0
07/07/26 04:04:11 7806 seconds since last log event
07/07/26 04:04:11 Pending DAG nodes:
07/07/26 04:04:11   Node MERGE_COLLECTION, HTCondor ID 170308, status STATUS_SUBMITTED
07/07/26 04:13:02 Total jobs placed to AP: 41
07/07/26 04:13:02      Idle     Held     Running     Successful     Failed
07/07/26 04:13:02       ===      ===         ===            ===        ===
07/07/26 04:13:02         1        0           0             40          0
07/07/26 04:14:12 8407 seconds since last log event
07/07/26 04:14:12 Pending DAG nodes:
07/07/26 04:14:12   Node MERGE_COLLECTION, HTCondor ID 170308, status STATUS_SUBMITTED
07/07/26 04:24:12 9007 seconds since last log event
07/07/26 04:24:12 Pending DAG nodes:
07/07/26 04:24:12   Node MERGE_COLLECTION, HTCondor ID 170308, status STATUS_SUBMITTED
07/07/26 04:28:02 Total jobs placed to AP: 41
07/07/26 04:28:02      Idle     Held     Running     Successful     Failed
07/07/26 04:28:02       ===      ===         ===            ===        ===
07/07/26 04:28:02         1        0           0             40          0
07/07/26 04:34:13 9608 seconds since last log event
07/07/26 04:34:13 Pending DAG nodes:
07/07/26 04:34:13   Node MERGE_COLLECTION, HTCondor ID 170308, status STATUS_SUBMITTED
07/07/26 04:43:03 Total jobs placed to AP: 41
07/07/26 04:43:03      Idle     Held     Running     Successful     Failed
07/07/26 04:43:03       ===      ===         ===            ===        ===
07/07/26 04:43:03         1        0           0             40          0
07/07/26 04:44:13 10208 seconds since last log event
07/07/26 04:44:13 Pending DAG nodes:
07/07/26 04:44:13   Node MERGE_COLLECTION, HTCondor ID 170308, status STATUS_SUBMITTED
07/07/26 04:54:14 10809 seconds since last log event
07/07/26 04:54:14 Pending DAG nodes:
07/07/26 04:54:14   Node MERGE_COLLECTION, HTCondor ID 170308, status STATUS_SUBMITTED
07/07/26 04:58:04 Total jobs placed to AP: 41
07/07/26 04:58:04      Idle     Held     Running     Successful     Failed
07/07/26 04:58:04       ===      ===         ===            ===        ===
07/07/26 04:58:04         1        0           0             40          0
07/07/26 05:04:14 11409 seconds since last log event
07/07/26 05:04:14 Pending DAG nodes:
07/07/26 05:04:14   Node MERGE_COLLECTION, HTCondor ID 170308, status STATUS_SUBMITTED
07/07/26 05:13:05 Total jobs placed to AP: 41
07/07/26 05:13:05      Idle     Held     Running     Successful     Failed
07/07/26 05:13:05       ===      ===         ===            ===        ===
07/07/26 05:13:05         1        0           0             40          0
07/07/26 05:14:15 12010 seconds since last log event
07/07/26 05:14:15 Pending DAG nodes:
07/07/26 05:14:15   Node MERGE_COLLECTION, HTCondor ID 170308, status STATUS_SUBMITTED
07/07/26 05:24:15 12610 seconds since last log event
07/07/26 05:24:15 Pending DAG nodes:
07/07/26 05:24:15   Node MERGE_COLLECTION, HTCondor ID 170308, status STATUS_SUBMITTED
07/07/26 05:28:05 Total jobs placed to AP: 41
07/07/26 05:28:05      Idle     Held     Running     Successful     Failed
07/07/26 05:28:05       ===      ===         ===            ===        ===
07/07/26 05:28:05         1        0           0             40          0
07/07/26 05:34:16 13211 seconds since last log event
07/07/26 05:34:16 Pending DAG nodes:
07/07/26 05:34:16   Node MERGE_COLLECTION, HTCondor ID 170308, status STATUS_SUBMITTED
07/07/26 05:43:06 Total jobs placed to AP: 41
07/07/26 05:43:06      Idle     Held     Running     Successful     Failed
07/07/26 05:43:06       ===      ===         ===            ===        ===
07/07/26 05:43:06         1        0           0             40          0
07/07/26 05:44:16 13811 seconds since last log event
07/07/26 05:44:16 Pending DAG nodes:
07/07/26 05:44:16   Node MERGE_COLLECTION, HTCondor ID 170308, status STATUS_SUBMITTED
07/07/26 05:54:17 14412 seconds since last log event
07/07/26 05:54:17 Pending DAG nodes:
07/07/26 05:54:17   Node MERGE_COLLECTION, HTCondor ID 170308, status STATUS_SUBMITTED
07/07/26 05:58:07 Total jobs placed to AP: 41
07/07/26 05:58:07      Idle     Held     Running     Successful     Failed
07/07/26 05:58:07       ===      ===         ===            ===        ===
07/07/26 05:58:07         1        0           0             40          0
07/07/26 06:04:17 15012 seconds since last log event
07/07/26 06:04:17 Pending DAG nodes:
07/07/26 06:04:17   Node MERGE_COLLECTION, HTCondor ID 170308, status STATUS_SUBMITTED
07/07/26 06:13:08 Total jobs placed to AP: 41
07/07/26 06:13:08      Idle     Held     Running     Successful     Failed
07/07/26 06:13:08       ===      ===         ===            ===        ===
07/07/26 06:13:08         1        0           0             40          0
07/07/26 06:14:18 15613 seconds since last log event
07/07/26 06:14:18 Pending DAG nodes:
07/07/26 06:14:18   Node MERGE_COLLECTION, HTCondor ID 170308, status STATUS_SUBMITTED
07/07/26 06:24:19 16214 seconds since last log event
07/07/26 06:24:19 Pending DAG nodes:
07/07/26 06:24:19   Node MERGE_COLLECTION, HTCondor ID 170308, status STATUS_SUBMITTED
07/07/26 06:28:09 Total jobs placed to AP: 41
07/07/26 06:28:09      Idle     Held     Running     Successful     Failed
07/07/26 06:28:09       ===      ===         ===            ===        ===
07/07/26 06:28:09         1        0           0             40          0
07/07/26 06:34:34 16829 seconds since last log event
07/07/26 06:34:34 Pending DAG nodes:
07/07/26 06:34:34   Node MERGE_COLLECTION, HTCondor ID 170308, status STATUS_SUBMITTED
07/07/26 06:43:10 Total jobs placed to AP: 41
07/07/26 06:43:10      Idle     Held     Running     Successful     Failed
07/07/26 06:43:10       ===      ===         ===            ===        ===
07/07/26 06:43:10         1        0           0             40          0
07/07/26 06:44:35 17430 seconds since last log event
07/07/26 06:44:35 Pending DAG nodes:
07/07/26 06:44:35   Node MERGE_COLLECTION, HTCondor ID 170308, status STATUS_SUBMITTED
07/07/26 06:54:36 18031 seconds since last log event
07/07/26 06:54:36 Pending DAG nodes:
07/07/26 06:54:36   Node MERGE_COLLECTION, HTCondor ID 170308, status STATUS_SUBMITTED
07/07/26 06:58:11 Total jobs placed to AP: 41
07/07/26 06:58:11      Idle     Held     Running     Successful     Failed
07/07/26 06:58:11       ===      ===         ===            ===        ===
07/07/26 06:58:11         1        0           0             40          0
07/07/26 07:04:36 18631 seconds since last log event
07/07/26 07:04:36 Pending DAG nodes:
07/07/26 07:04:36   Node MERGE_COLLECTION, HTCondor ID 170308, status STATUS_SUBMITTED
07/07/26 07:13:12 Total jobs placed to AP: 41
07/07/26 07:13:12      Idle     Held     Running     Successful     Failed
07/07/26 07:13:12       ===      ===         ===            ===        ===
07/07/26 07:13:12         1        0           0             40          0
07/07/26 07:14:37 19232 seconds since last log event
07/07/26 07:14:37 Pending DAG nodes:
07/07/26 07:14:37   Node MERGE_COLLECTION, HTCondor ID 170308, status STATUS_SUBMITTED
07/07/26 07:24:37 19832 seconds since last log event
07/07/26 07:24:37 Pending DAG nodes:
07/07/26 07:24:37   Node MERGE_COLLECTION, HTCondor ID 170308, status STATUS_SUBMITTED
07/07/26 07:28:12 Total jobs placed to AP: 41
07/07/26 07:28:12      Idle     Held     Running     Successful     Failed
07/07/26 07:28:12       ===      ===         ===            ===        ===
07/07/26 07:28:12         1        0           0             40          0
07/07/26 07:34:38 20433 seconds since last log event
07/07/26 07:34:38 Pending DAG nodes:
07/07/26 07:34:38   Node MERGE_COLLECTION, HTCondor ID 170308, status STATUS_SUBMITTED
07/07/26 07:43:13 Total jobs placed to AP: 41
07/07/26 07:43:13      Idle     Held     Running     Successful     Failed
07/07/26 07:43:13       ===      ===         ===            ===        ===
07/07/26 07:43:13         1        0           0             40          0
07/07/26 07:44:38 21033 seconds since last log event
07/07/26 07:44:38 Pending DAG nodes:
07/07/26 07:44:38   Node MERGE_COLLECTION, HTCondor ID 170308, status STATUS_SUBMITTED
07/07/26 07:54:39 21634 seconds since last log event
07/07/26 07:54:39 Pending DAG nodes:
07/07/26 07:54:39   Node MERGE_COLLECTION, HTCondor ID 170308, status STATUS_SUBMITTED
07/07/26 07:58:14 Total jobs placed to AP: 41
07/07/26 07:58:14      Idle     Held     Running     Successful     Failed
07/07/26 07:58:14       ===      ===         ===            ===        ===
07/07/26 07:58:14         1        0           0             40          0
07/07/26 08:04:40 22235 seconds since last log event
07/07/26 08:04:40 Pending DAG nodes:
07/07/26 08:04:40   Node MERGE_COLLECTION, HTCondor ID 170308, status STATUS_SUBMITTED
07/07/26 08:13:15 Total jobs placed to AP: 41
07/07/26 08:13:15      Idle     Held     Running     Successful     Failed
07/07/26 08:13:15       ===      ===         ===            ===        ===
07/07/26 08:13:15         1        0           0             40          0
07/07/26 08:14:40 22835 seconds since last log event
07/07/26 08:14:40 Pending DAG nodes:
07/07/26 08:14:40   Node MERGE_COLLECTION, HTCondor ID 170308, status STATUS_SUBMITTED
07/07/26 08:24:40 23435 seconds since last log event
07/07/26 08:24:40 Pending DAG nodes:
07/07/26 08:24:40   Node MERGE_COLLECTION, HTCondor ID 170308, status STATUS_SUBMITTED
07/07/26 08:28:15 Total jobs placed to AP: 41
07/07/26 08:28:15      Idle     Held     Running     Successful     Failed
07/07/26 08:28:15       ===      ===         ===            ===        ===
07/07/26 08:28:15         1        0           0             40          0
07/07/26 08:34:40 24035 seconds since last log event
07/07/26 08:34:40 Pending DAG nodes:
07/07/26 08:34:40   Node MERGE_COLLECTION, HTCondor ID 170308, status STATUS_SUBMITTED
07/07/26 08:43:16 Total jobs placed to AP: 41
07/07/26 08:43:16      Idle     Held     Running     Successful     Failed
07/07/26 08:43:16       ===      ===         ===            ===        ===
07/07/26 08:43:16         1        0           0             40          0
07/07/26 08:44:41 24636 seconds since last log event
07/07/26 08:44:41 Pending DAG nodes:
07/07/26 08:44:41   Node MERGE_COLLECTION, HTCondor ID 170308, status STATUS_SUBMITTED
07/07/26 08:54:41 25236 seconds since last log event
07/07/26 08:54:41 Pending DAG nodes:
07/07/26 08:54:41   Node MERGE_COLLECTION, HTCondor ID 170308, status STATUS_SUBMITTED
07/07/26 08:58:16 Total jobs placed to AP: 41
07/07/26 08:58:16      Idle     Held     Running     Successful     Failed
07/07/26 08:58:16       ===      ===         ===            ===        ===
07/07/26 08:58:16         1        0           0             40          0
07/07/26 09:04:42 25837 seconds since last log event
07/07/26 09:04:42 Pending DAG nodes:
07/07/26 09:04:42   Node MERGE_COLLECTION, HTCondor ID 170308, status STATUS_SUBMITTED
07/07/26 09:13:17 Total jobs placed to AP: 41
07/07/26 09:13:17      Idle     Held     Running     Successful     Failed
07/07/26 09:13:17       ===      ===         ===            ===        ===
07/07/26 09:13:17         1        0           0             40          0
07/07/26 09:14:42 26437 seconds since last log event
07/07/26 09:14:42 Pending DAG nodes:
07/07/26 09:14:42   Node MERGE_COLLECTION, HTCondor ID 170308, status STATUS_SUBMITTED
07/07/26 09:24:43 27038 seconds since last log event
07/07/26 09:24:43 Pending DAG nodes:
07/07/26 09:24:43   Node MERGE_COLLECTION, HTCondor ID 170308, status STATUS_SUBMITTED
07/07/26 09:28:18 Total jobs placed to AP: 41
07/07/26 09:28:18      Idle     Held     Running     Successful     Failed
07/07/26 09:28:18       ===      ===         ===            ===        ===
07/07/26 09:28:18         1        0           0             40          0
07/07/26 09:34:43 27638 seconds since last log event
07/07/26 09:34:43 Pending DAG nodes:
07/07/26 09:34:43   Node MERGE_COLLECTION, HTCondor ID 170308, status STATUS_SUBMITTED
07/07/26 09:43:19 Total jobs placed to AP: 41
07/07/26 09:43:19      Idle     Held     Running     Successful     Failed
07/07/26 09:43:19       ===      ===         ===            ===        ===
07/07/26 09:43:19         1        0           0             40          0
07/07/26 09:44:44 28239 seconds since last log event
07/07/26 09:44:44 Pending DAG nodes:
07/07/26 09:44:44   Node MERGE_COLLECTION, HTCondor ID 170308, status STATUS_SUBMITTED
07/07/26 09:54:44 28839 seconds since last log event
07/07/26 09:54:44 Pending DAG nodes:
07/07/26 09:54:44   Node MERGE_COLLECTION, HTCondor ID 170308, status STATUS_SUBMITTED
07/07/26 09:54:44 Querying local schedd for associated jobs in queue
07/07/26 09:54:44 All pending job states validated
07/07/26 09:58:20 Total jobs placed to AP: 41
07/07/26 09:58:20      Idle     Held     Running     Successful     Failed
07/07/26 09:58:20       ===      ===         ===            ===        ===
07/07/26 09:58:20         1        0           0             40          0
07/07/26 10:04:45 29440 seconds since last log event
07/07/26 10:04:45 Pending DAG nodes:
07/07/26 10:04:45   Node MERGE_COLLECTION, HTCondor ID 170308, status STATUS_SUBMITTED
07/07/26 10:13:20 Total jobs placed to AP: 41
07/07/26 10:13:20      Idle     Held     Running     Successful     Failed
07/07/26 10:13:20       ===      ===         ===            ===        ===
07/07/26 10:13:20         1        0           0             40          0
07/07/26 10:14:45 30040 seconds since last log event
07/07/26 10:14:45 Pending DAG nodes:
07/07/26 10:14:45   Node MERGE_COLLECTION, HTCondor ID 170308, status STATUS_SUBMITTED
07/07/26 10:24:45 30640 seconds since last log event
07/07/26 10:24:45 Pending DAG nodes:
07/07/26 10:24:45   Node MERGE_COLLECTION, HTCondor ID 170308, status STATUS_SUBMITTED
07/07/26 10:28:20 Total jobs placed to AP: 41
07/07/26 10:28:20      Idle     Held     Running     Successful     Failed
07/07/26 10:28:20       ===      ===         ===            ===        ===
07/07/26 10:28:20         1        0           0             40          0
07/07/26 10:34:45 31240 seconds since last log event
07/07/26 10:34:45 Pending DAG nodes:
07/07/26 10:34:45   Node MERGE_COLLECTION, HTCondor ID 170308, status STATUS_SUBMITTED
07/07/26 10:43:21 Total jobs placed to AP: 41
07/07/26 10:43:21      Idle     Held     Running     Successful     Failed
07/07/26 10:43:21       ===      ===         ===            ===        ===
07/07/26 10:43:21         1        0           0             40          0
07/07/26 10:44:46 31841 seconds since last log event
07/07/26 10:44:46 Pending DAG nodes:
07/07/26 10:44:46   Node MERGE_COLLECTION, HTCondor ID 170308, status STATUS_SUBMITTED
07/07/26 10:54:47 32442 seconds since last log event
07/07/26 10:54:47 Pending DAG nodes:
07/07/26 10:54:47   Node MERGE_COLLECTION, HTCondor ID 170308, status STATUS_SUBMITTED
07/07/26 10:58:22 Total jobs placed to AP: 41
07/07/26 10:58:22      Idle     Held     Running     Successful     Failed
07/07/26 10:58:22       ===      ===         ===            ===        ===
07/07/26 10:58:22         1        0           0             40          0
07/07/26 11:04:47 33042 seconds since last log event
07/07/26 11:04:47 Pending DAG nodes:
07/07/26 11:04:47   Node MERGE_COLLECTION, HTCondor ID 170308, status STATUS_SUBMITTED
07/07/26 11:13:23 Total jobs placed to AP: 41
07/07/26 11:13:23      Idle     Held     Running     Successful     Failed
07/07/26 11:13:23       ===      ===         ===            ===        ===
07/07/26 11:13:23         1        0           0             40          0
07/07/26 11:14:48 33643 seconds since last log event
07/07/26 11:14:48 Pending DAG nodes:
07/07/26 11:14:48   Node MERGE_COLLECTION, HTCondor ID 170308, status STATUS_SUBMITTED
07/07/26 11:24:48 34243 seconds since last log event
07/07/26 11:24:48 Pending DAG nodes:
07/07/26 11:24:48   Node MERGE_COLLECTION, HTCondor ID 170308, status STATUS_SUBMITTED
07/07/26 11:28:23 Total jobs placed to AP: 41
07/07/26 11:28:23      Idle     Held     Running     Successful     Failed
07/07/26 11:28:23       ===      ===         ===            ===        ===
07/07/26 11:28:23         1        0           0             40          0
07/07/26 11:34:49 34844 seconds since last log event
07/07/26 11:34:49 Pending DAG nodes:
07/07/26 11:34:49   Node MERGE_COLLECTION, HTCondor ID 170308, status STATUS_SUBMITTED
07/07/26 11:43:24 Total jobs placed to AP: 41
07/07/26 11:43:24      Idle     Held     Running     Successful     Failed
07/07/26 11:43:24       ===      ===         ===            ===        ===
07/07/26 11:43:24         1        0           0             40          0
07/07/26 11:44:49 35444 seconds since last log event
07/07/26 11:44:49 Pending DAG nodes:
07/07/26 11:44:49   Node MERGE_COLLECTION, HTCondor ID 170308, status STATUS_SUBMITTED
07/07/26 11:54:50 36045 seconds since last log event
07/07/26 11:54:50 Pending DAG nodes:
07/07/26 11:54:50   Node MERGE_COLLECTION, HTCondor ID 170308, status STATUS_SUBMITTED
07/07/26 11:58:25 Total jobs placed to AP: 41
07/07/26 11:58:25      Idle     Held     Running     Successful     Failed
07/07/26 11:58:25       ===      ===         ===            ===        ===
07/07/26 11:58:25         1        0           0             40          0
07/07/26 12:04:50 36645 seconds since last log event
07/07/26 12:04:50 Pending DAG nodes:
07/07/26 12:04:50   Node MERGE_COLLECTION, HTCondor ID 170308, status STATUS_SUBMITTED
07/07/26 12:13:26 Total jobs placed to AP: 41
07/07/26 12:13:26      Idle     Held     Running     Successful     Failed
07/07/26 12:13:26       ===      ===         ===            ===        ===
07/07/26 12:13:26         1        0           0             40          0
07/07/26 12:14:51 37246 seconds since last log event
07/07/26 12:14:51 Pending DAG nodes:
07/07/26 12:14:51   Node MERGE_COLLECTION, HTCondor ID 170308, status STATUS_SUBMITTED
07/07/26 12:24:52 37847 seconds since last log event
07/07/26 12:24:52 Pending DAG nodes:
07/07/26 12:24:52   Node MERGE_COLLECTION, HTCondor ID 170308, status STATUS_SUBMITTED
07/07/26 12:28:27 Total jobs placed to AP: 41
07/07/26 12:28:27      Idle     Held     Running     Successful     Failed
07/07/26 12:28:27       ===      ===         ===            ===        ===
07/07/26 12:28:27         1        0           0             40          0
07/07/26 12:34:52 38447 seconds since last log event
07/07/26 12:34:52 Pending DAG nodes:
07/07/26 12:34:52   Node MERGE_COLLECTION, HTCondor ID 170308, status STATUS_SUBMITTED
07/07/26 12:43:28 Total jobs placed to AP: 41
07/07/26 12:43:28      Idle     Held     Running     Successful     Failed
07/07/26 12:43:28       ===      ===         ===            ===        ===
07/07/26 12:43:28         1        0           0             40          0
07/07/26 12:44:53 39048 seconds since last log event
07/07/26 12:44:53 Pending DAG nodes:
07/07/26 12:44:53   Node MERGE_COLLECTION, HTCondor ID 170308, status STATUS_SUBMITTED
07/07/26 12:54:53 39648 seconds since last log event
07/07/26 12:54:53 Pending DAG nodes:
07/07/26 12:54:53   Node MERGE_COLLECTION, HTCondor ID 170308, status STATUS_SUBMITTED
07/07/26 12:58:28 Total jobs placed to AP: 41
07/07/26 12:58:28      Idle     Held     Running     Successful     Failed
07/07/26 12:58:28       ===      ===         ===            ===        ===
07/07/26 12:58:28         1        0           0             40          0
07/07/26 13:04:54 40249 seconds since last log event
07/07/26 13:04:54 Pending DAG nodes:
07/07/26 13:04:54   Node MERGE_COLLECTION, HTCondor ID 170308, status STATUS_SUBMITTED
07/07/26 13:13:29 Total jobs placed to AP: 41
07/07/26 13:13:29      Idle     Held     Running     Successful     Failed
07/07/26 13:13:29       ===      ===         ===            ===        ===
07/07/26 13:13:29         1        0           0             40          0
07/07/26 13:14:54 40849 seconds since last log event
07/07/26 13:14:54 Pending DAG nodes:
07/07/26 13:14:54   Node MERGE_COLLECTION, HTCondor ID 170308, status STATUS_SUBMITTED
07/07/26 13:24:55 41450 seconds since last log event
07/07/26 13:24:55 Pending DAG nodes:
07/07/26 13:24:55   Node MERGE_COLLECTION, HTCondor ID 170308, status STATUS_SUBMITTED
07/07/26 13:28:30 Total jobs placed to AP: 41
07/07/26 13:28:30      Idle     Held     Running     Successful     Failed
07/07/26 13:28:30       ===      ===         ===            ===        ===
07/07/26 13:28:30         1        0           0             40          0
07/07/26 13:34:55 42050 seconds since last log event
07/07/26 13:34:55 Pending DAG nodes:
07/07/26 13:34:55   Node MERGE_COLLECTION, HTCondor ID 170308, status STATUS_SUBMITTED
07/07/26 13:43:31 Total jobs placed to AP: 41
07/07/26 13:43:31      Idle     Held     Running     Successful     Failed
07/07/26 13:43:31       ===      ===         ===            ===        ===
07/07/26 13:43:31         1        0           0             40          0
07/07/26 13:44:56 42651 seconds since last log event
07/07/26 13:44:56 Pending DAG nodes:
07/07/26 13:44:56   Node MERGE_COLLECTION, HTCondor ID 170308, status STATUS_SUBMITTED
07/07/26 13:54:56 43251 seconds since last log event
07/07/26 13:54:56 Pending DAG nodes:
07/07/26 13:54:56   Node MERGE_COLLECTION, HTCondor ID 170308, status STATUS_SUBMITTED
07/07/26 13:58:32 Total jobs placed to AP: 41
07/07/26 13:58:32      Idle     Held     Running     Successful     Failed
07/07/26 13:58:32       ===      ===         ===            ===        ===
07/07/26 13:58:32         1        0           0             40          0
07/07/26 14:04:57 43852 seconds since last log event
07/07/26 14:04:57 Pending DAG nodes:
07/07/26 14:04:57   Node MERGE_COLLECTION, HTCondor ID 170308, status STATUS_SUBMITTED
07/07/26 14:13:32 Total jobs placed to AP: 41
07/07/26 14:13:32      Idle     Held     Running     Successful     Failed
07/07/26 14:13:32       ===      ===         ===            ===        ===
07/07/26 14:13:32         1        0           0             40          0
07/07/26 14:14:58 44453 seconds since last log event
07/07/26 14:14:58 Pending DAG nodes:
07/07/26 14:14:58   Node MERGE_COLLECTION, HTCondor ID 170308, status STATUS_SUBMITTED
07/07/26 14:24:58 45053 seconds since last log event
07/07/26 14:24:58 Pending DAG nodes:
07/07/26 14:24:58   Node MERGE_COLLECTION, HTCondor ID 170308, status STATUS_SUBMITTED
07/07/26 14:28:33 Total jobs placed to AP: 41
07/07/26 14:28:33      Idle     Held     Running     Successful     Failed
07/07/26 14:28:33       ===      ===         ===            ===        ===
07/07/26 14:28:33         1        0           0             40          0
07/07/26 14:34:59 45654 seconds since last log event
07/07/26 14:34:59 Pending DAG nodes:
07/07/26 14:34:59   Node MERGE_COLLECTION, HTCondor ID 170308, status STATUS_SUBMITTED
07/07/26 14:43:34 Total jobs placed to AP: 41
07/07/26 14:43:34      Idle     Held     Running     Successful     Failed
07/07/26 14:43:34       ===      ===         ===            ===        ===
07/07/26 14:43:34         1        0           0             40          0
07/07/26 14:44:59 46254 seconds since last log event
07/07/26 14:44:59 Pending DAG nodes:
07/07/26 14:44:59   Node MERGE_COLLECTION, HTCondor ID 170308, status STATUS_SUBMITTED
07/07/26 14:55:00 46855 seconds since last log event
07/07/26 14:55:00 Pending DAG nodes:
07/07/26 14:55:00   Node MERGE_COLLECTION, HTCondor ID 170308, status STATUS_SUBMITTED
07/07/26 14:58:35 Total jobs placed to AP: 41
07/07/26 14:58:35      Idle     Held     Running     Successful     Failed
07/07/26 14:58:35       ===      ===         ===            ===        ===
07/07/26 14:58:35         1        0           0             40          0
07/07/26 15:05:00 47455 seconds since last log event
07/07/26 15:05:00 Pending DAG nodes:
07/07/26 15:05:00   Node MERGE_COLLECTION, HTCondor ID 170308, status STATUS_SUBMITTED
07/07/26 15:13:36 Total jobs placed to AP: 41
07/07/26 15:13:36      Idle     Held     Running     Successful     Failed
07/07/26 15:13:36       ===      ===         ===            ===        ===
07/07/26 15:13:36         1        0           0             40          0
07/07/26 15:15:01 48056 seconds since last log event
07/07/26 15:15:01 Pending DAG nodes:
07/07/26 15:15:01   Node MERGE_COLLECTION, HTCondor ID 170308, status STATUS_SUBMITTED
07/07/26 15:25:01 48656 seconds since last log event
07/07/26 15:25:01 Pending DAG nodes:
07/07/26 15:25:01   Node MERGE_COLLECTION, HTCondor ID 170308, status STATUS_SUBMITTED
07/07/26 15:28:36 Total jobs placed to AP: 41
07/07/26 15:28:36      Idle     Held     Running     Successful     Failed
07/07/26 15:28:36       ===      ===         ===            ===        ===
07/07/26 15:28:36         1        0           0             40          0
07/07/26 15:35:02 49257 seconds since last log event
07/07/26 15:35:02 Pending DAG nodes:
07/07/26 15:35:02   Node MERGE_COLLECTION, HTCondor ID 170308, status STATUS_SUBMITTED
07/07/26 15:43:37 Total jobs placed to AP: 41
07/07/26 15:43:37      Idle     Held     Running     Successful     Failed
07/07/26 15:43:37       ===      ===         ===            ===        ===
07/07/26 15:43:37         1        0           0             40          0
07/07/26 15:45:02 49857 seconds since last log event
07/07/26 15:45:02 Pending DAG nodes:
07/07/26 15:45:02   Node MERGE_COLLECTION, HTCondor ID 170308, status STATUS_SUBMITTED
07/07/26 15:55:03 50458 seconds since last log event
07/07/26 15:55:03 Pending DAG nodes:
07/07/26 15:55:03   Node MERGE_COLLECTION, HTCondor ID 170308, status STATUS_SUBMITTED
07/07/26 15:58:38 Total jobs placed to AP: 41
07/07/26 15:58:38      Idle     Held     Running     Successful     Failed
07/07/26 15:58:38       ===      ===         ===            ===        ===
07/07/26 15:58:38         1        0           0             40          0
07/07/26 16:05:03 51058 seconds since last log event
07/07/26 16:05:03 Pending DAG nodes:
07/07/26 16:05:03   Node MERGE_COLLECTION, HTCondor ID 170308, status STATUS_SUBMITTED
07/07/26 16:13:39 Total jobs placed to AP: 41
07/07/26 16:13:39      Idle     Held     Running     Successful     Failed
07/07/26 16:13:39       ===      ===         ===            ===        ===
07/07/26 16:13:39         1        0           0             40          0
07/07/26 16:15:04 51659 seconds since last log event
07/07/26 16:15:04 Pending DAG nodes:
07/07/26 16:15:04   Node MERGE_COLLECTION, HTCondor ID 170308, status STATUS_SUBMITTED
07/07/26 16:25:04 52259 seconds since last log event
07/07/26 16:25:04 Pending DAG nodes:
07/07/26 16:25:04   Node MERGE_COLLECTION, HTCondor ID 170308, status STATUS_SUBMITTED
07/07/26 16:28:40 Total jobs placed to AP: 41
07/07/26 16:28:40      Idle     Held     Running     Successful     Failed
07/07/26 16:28:40       ===      ===         ===            ===        ===
07/07/26 16:28:40         1        0           0             40          0
07/07/26 16:35:05 52860 seconds since last log event
07/07/26 16:35:05 Pending DAG nodes:
07/07/26 16:35:05   Node MERGE_COLLECTION, HTCondor ID 170308, status STATUS_SUBMITTED
07/07/26 16:43:40 Total jobs placed to AP: 41
07/07/26 16:43:40      Idle     Held     Running     Successful     Failed
07/07/26 16:43:40       ===      ===         ===            ===        ===
07/07/26 16:43:40         1        0           0             40          0
07/07/26 16:45:05 53460 seconds since last log event
07/07/26 16:45:05 Pending DAG nodes:
07/07/26 16:45:05   Node MERGE_COLLECTION, HTCondor ID 170308, status STATUS_SUBMITTED
07/07/26 16:55:07 54062 seconds since last log event
07/07/26 16:55:07 Pending DAG nodes:
07/07/26 16:55:07   Node MERGE_COLLECTION, HTCondor ID 170308, status STATUS_SUBMITTED
07/07/26 16:58:42 Total jobs placed to AP: 41
07/07/26 16:58:42      Idle     Held     Running     Successful     Failed
07/07/26 16:58:42       ===      ===         ===            ===        ===
07/07/26 16:58:42         1        0           0             40          0
07/07/26 17:05:08 54663 seconds since last log event
07/07/26 17:05:08 Pending DAG nodes:
07/07/26 17:05:08   Node MERGE_COLLECTION, HTCondor ID 170308, status STATUS_SUBMITTED
07/07/26 17:13:43 Total jobs placed to AP: 41
07/07/26 17:13:43      Idle     Held     Running     Successful     Failed
07/07/26 17:13:43       ===      ===         ===            ===        ===
07/07/26 17:13:43         1        0           0             40          0
07/07/26 17:15:08 55263 seconds since last log event
07/07/26 17:15:08 Pending DAG nodes:
07/07/26 17:15:08   Node MERGE_COLLECTION, HTCondor ID 170308, status STATUS_SUBMITTED
07/07/26 17:25:09 55864 seconds since last log event
07/07/26 17:25:09 Pending DAG nodes:
07/07/26 17:25:09   Node MERGE_COLLECTION, HTCondor ID 170308, status STATUS_SUBMITTED
07/07/26 17:28:44 Total jobs placed to AP: 41
07/07/26 17:28:44      Idle     Held     Running     Successful     Failed
07/07/26 17:28:44       ===      ===         ===            ===        ===
07/07/26 17:28:44         1        0           0             40          0
07/07/26 17:35:09 56464 seconds since last log event
07/07/26 17:35:09 Pending DAG nodes:
07/07/26 17:35:09   Node MERGE_COLLECTION, HTCondor ID 170308, status STATUS_SUBMITTED
07/07/26 17:43:44 Total jobs placed to AP: 41
07/07/26 17:43:44      Idle     Held     Running     Successful     Failed
07/07/26 17:43:44       ===      ===         ===            ===        ===
07/07/26 17:43:44         1        0           0             40          0
07/07/26 17:45:09 57064 seconds since last log event
07/07/26 17:45:09 Pending DAG nodes:
07/07/26 17:45:09   Node MERGE_COLLECTION, HTCondor ID 170308, status STATUS_SUBMITTED
07/07/26 17:55:09 57664 seconds since last log event
07/07/26 17:55:09 Pending DAG nodes:
07/07/26 17:55:09   Node MERGE_COLLECTION, HTCondor ID 170308, status STATUS_SUBMITTED
07/07/26 17:58:44 Total jobs placed to AP: 41
07/07/26 17:58:44      Idle     Held     Running     Successful     Failed
07/07/26 17:58:44       ===      ===         ===            ===        ===
07/07/26 17:58:44         1        0           0             40          0
07/07/26 18:01:02 ******************************************************
07/07/26 18:01:02 ** condor_scheduniv_exec.170247.0 (CONDOR_DAGMAN) STARTING UP
07/07/26 18:01:02 ** /usr/bin/condor_dagman
07/07/26 18:01:02 ** SubsystemInfo: name=DAGMAN type=DAGMAN(9) class=CLIENT(2)
07/07/26 18:01:02 ** Configuration: subsystem:DAGMAN local:<NONE> class:CLIENT
07/07/26 18:01:02 ** $CondorVersion: 24.12.19 2026-04-15 BuildID: 896241 PackageID: 24.12.19-1+deb12 GitSHA: c68f3e0e $
07/07/26 18:01:02 ** $CondorPlatform: X86_64-Debian_12 $
07/07/26 18:01:02 ** PID = 589461 RealUID = 1620002036
07/07/26 18:01:02 ** Log last touched 7/7 17:59:27
07/07/26 18:01:02 ******************************************************
07/07/26 18:01:02 Using config source: /etc/condor/condor_config
07/07/26 18:01:02 Using local config sources: 
07/07/26 18:01:02    /etc/condor/config.d/01-submit.conf
07/07/26 18:01:02    /etc/condor/config.d/10-stash-plugin.conf
07/07/26 18:01:02    /etc/condor/config.d/23-network.config
07/07/26 18:01:02    /etc/condor/config.d/31-mail.conf
07/07/26 18:01:02    /etc/condor/config.d/35-cc-sync.conf
07/07/26 18:01:02    /etc/condor/config.d/41-periodic-remove.conf
07/07/26 18:01:02    /etc/condor/config.d/49-common.conf
07/07/26 18:01:02    /etc/condor/config.d/52-group-mapping.conf
07/07/26 18:01:02    /etc/condor/config.d/54-container.conf
07/07/26 18:01:02    /etc/condor/config.d/67-submit-transforms.conf
07/07/26 18:01:02    /etc/condor/config.d/71-submit-requirements.conf
07/07/26 18:01:02    /etc/condor/condor_config.local
07/07/26 18:01:02 config Macros = 110, Sorted = 110, StringBytes = 6389, TablesBytes = 4088
07/07/26 18:01:02 CLASSAD_CACHING is ENABLED
07/07/26 18:01:02 Daemon Log is logging: D_ALWAYS D_ERROR D_STATUS
07/07/26 18:01:02 Daemoncore: Listening at <0.0.0.0:3379> on TCP (ReliSock) and UDP (SafeSock).
07/07/26 18:01:02 DaemonCore: command socket at <10.143.248.60:3379?addrs=10.143.248.60-3379&alias=conduit.hpc.uni-saarland.de>
07/07/26 18:01:02 DaemonCore: private command socket at <10.143.248.60:3379?addrs=10.143.248.60-3379&alias=conduit.hpc.uni-saarland.de>
07/07/26 18:01:02 DAGMAN_USE_STRICT setting: 1
07/07/26 18:01:02 DAGMAN_VERBOSITY setting: 3
07/07/26 18:01:02 DAGMAN_DEBUG_CACHE_SIZE setting: 5242880
07/07/26 18:01:02 DAGMAN_DEBUG_CACHE_ENABLE setting: False
07/07/26 18:01:02 DAGMAN_SUBMIT_DELAY setting: 0
07/07/26 18:01:02 DAGMAN_MAX_SUBMIT_ATTEMPTS setting: 6
07/07/26 18:01:02 DAGMAN_STARTUP_CYCLE_DETECT setting: False
07/07/26 18:01:02 DAGMAN_USE_JOIN_NODES setting: True
07/07/26 18:01:02 DAGMAN_REPORT_GRAPH_METRICS setting: False
07/07/26 18:01:02 DAGMAN_MAX_SUBMITS_PER_INTERVAL setting: 100
07/07/26 18:01:02 DAGMAN_AGGRESSIVE_SUBMIT setting: False
07/07/26 18:01:02 DAGMAN_USER_LOG_SCAN_INTERVAL setting: 5
07/07/26 18:01:02 DAGMAN_QUEUE_UPDATE_INTERVAL setting: 300.000000
07/07/26 18:01:02 DAGMAN_DEFAULT_PRIORITY setting: 0
07/07/26 18:01:02 DAGMAN_SUPPRESS_NOTIFICATION setting: False
07/07/26 18:01:02 allow_events (DAGMAN_ALLOW_EVENTS) setting: 114
07/07/26 18:01:02 DAGMAN_RETRY_SUBMIT_FIRST setting: True
07/07/26 18:01:02 DAGMAN_RETRY_NODE_FIRST setting: False
07/07/26 18:01:02 DAGMAN_MAX_JOBS_IDLE setting: 1000
07/07/26 18:01:02 DAGMAN_MAX_JOBS_SUBMITTED setting: 0
07/07/26 18:01:02 DAGMAN_MAX_PRE_SCRIPTS setting: 20
07/07/26 18:01:02 DAGMAN_MAX_POST_SCRIPTS setting: 20
07/07/26 18:01:02 DAGMAN_MAX_HOLD_SCRIPTS setting: 20
07/07/26 18:01:02 DAGMAN_MUNGE_NODE_NAMES setting: True
07/07/26 18:01:02 DAGMAN_ALLOW_ANY_NODE_NAME_CHARACTERS setting: False
07/07/26 18:01:02 DAGMAN_PROHIBIT_MULTI_JOBS setting: False
07/07/26 18:01:02 DAGMAN_SUBMIT_DEPTH_FIRST setting: False
07/07/26 18:01:02 DAGMAN_ALWAYS_RUN_POST setting: False
07/07/26 18:01:02 DAGMAN_CONDOR_SUBMIT_EXE setting: /usr/bin/condor_submit
07/07/26 18:01:02 DAGMAN_CONDOR_RM_EXE setting: /usr/bin/condor_rm
07/07/26 18:01:02 DAGMAN_USE_DIRECT_SUBMIT setting: True
07/07/26 18:01:02 DAGMAN_PRODUCE_JOB_CREDENTIALS setting: True
07/07/26 18:01:02 DAGMAN_DEFAULT_APPEND_VARS setting: False
07/07/26 18:01:02 DAGMAN_INHERIT_ATTRS_PREFIX setting: 
07/07/26 18:01:02 DAGMAN_INHERIT_ATTRS setting: 
07/07/26 18:01:02 DAGMAN_ABORT_DUPLICATES setting: True
07/07/26 18:01:02 DAGMAN_ABORT_ON_SCARY_SUBMIT setting: True
07/07/26 18:01:02 DAGMAN_PENDING_REPORT_INTERVAL setting: 600
07/07/26 18:01:02 DAGMAN_CHECK_QUEUE_INTERVAL setting: 28800
07/07/26 18:01:02 DAGMAN_PRINT_JOB_TABLE_INTERVAL setting: 900
07/07/26 18:01:02 DAGMAN_AUTO_RESCUE setting: True
07/07/26 18:01:02 DAGMAN_MAX_RESCUE_NUM setting: 100
07/07/26 18:01:02 DAGMAN_WRITE_PARTIAL_RESCUE setting: True
07/07/26 18:01:02 DAGMAN_RESET_RETRIES_UPON_RESCUE setting: True
07/07/26 18:01:02 DAGMAN_METRICS_FILE_VERSION setting: 2
07/07/26 18:01:02 DAGMAN_DEFAULT_NODE_LOG setting: @(DAG_DIR)/@(DAG_FILE).nodes.log
07/07/26 18:01:02 DAGMAN_LOG_ON_NFS_IS_ERROR setting: False
07/07/26 18:01:02 DAGMAN_GENERATE_SUBDAG_SUBMITS setting: True
07/07/26 18:01:02 DAGMAN_MAX_JOB_HOLDS setting: 100
07/07/26 18:01:02 DAGMAN_NODE_JOB_FAILURE_TOLERANCE setting: 0
07/07/26 18:01:02 DAGMAN_HOLD_CLAIM_TIME setting: 20
07/07/26 18:01:02 DAGMAN_SUPPRESS_JOB_LOGS setting: False
07/07/26 18:01:02 DAGMAN_REMOVE_NODE_JOBS setting: True
07/07/26 18:01:02 DAGMAN_PUT_FAILED_JOBS_ON_HOLD setting: False
07/07/26 18:01:02 DAGMAN_REMOVE_JOBS_AFTER_LIMIT_CHANGE setting: False
07/07/26 18:01:02 DAGMAN will adjust edges after parsing
07/07/26 18:01:02 argv[0] == "condor_scheduniv_exec.170247.0"
07/07/26 18:01:02 argv[1] == "-Lockfile"
07/07/26 18:01:02 argv[2] == "transport_linetrack_70_35_action_shield.dag.lock"
07/07/26 18:01:02 argv[3] == "-Dag"
07/07/26 18:01:02 argv[4] == "transport_linetrack_70_35_action_shield.dag"
07/07/26 18:01:02 argv[5] == "-CsdVersion"
07/07/26 18:01:02 argv[6] == "$CondorVersion: 24.12.19 2026-04-15 BuildID: 896241 PackageID: 24.12.19-1+deb12 GitSHA: c68f3e0e $"
07/07/26 18:01:02 argv[7] == "-dagman"
07/07/26 18:01:02 argv[8] == "/usr/bin/condor_dagman"
07/07/26 18:01:02 argv[9] == "-AutoRescue"
07/07/26 18:01:02 argv[10] == "1"
07/07/26 18:01:02 argv[11] == "-DoRescueFrom"
07/07/26 18:01:02 argv[12] == "0"
07/07/26 18:01:02 Can't open directory "/etc/condor/passwords.d" as PRIV_ROOT, errno: 13 (Permission denied)
07/07/26 18:01:02 Can't open directory "/etc/condor/passwords.d" as PRIV_ROOT, errno: 13 (Permission denied)
07/07/26 18:01:05 Workflow batch-id: <170247.0>
07/07/26 18:01:05 Workflow batch-name: <transport_linetrack_70_35_action_shield.dag+170247>
07/07/26 18:01:05 Workflow accounting_group: <teaching>
07/07/26 18:01:05 Workflow accounting_group_user: <atml_team041>
07/07/26 18:01:05 Warning: failed to get attribute DAGNodeName
07/07/26 18:01:05 Default node log file is: </home/atml_team041/condor_tutorial/jani_env/experiments/repair_wo_domain/submissions/action_shield/transport_linetrack/./transport_linetrack_70_35_action_shield.dag.nodes.log>
07/07/26 18:01:05 DAG Lockfile will be written to transport_linetrack_70_35_action_shield.dag.lock
07/07/26 18:01:05 DAG Input file is transport_linetrack_70_35_action_shield.dag
07/07/26 18:01:05 Parsing 1 dagfiles
07/07/26 18:01:05 Parsing transport_linetrack_70_35_action_shield.dag ...
07/07/26 18:01:05 Adjusting edges
07/07/26 18:01:05 Found rescue DAG number 2; running transport_linetrack_70_35_action_shield.dag.rescue002 in combination with normal DAG file
07/07/26 18:01:05 ~~~~~~~~~~~~~~~~~~~~~~~~~~~~~~~~~~~~~~~~~~~~~~~~~~~~~~
07/07/26 18:01:05 USING RESCUE DAG transport_linetrack_70_35_action_shield.dag.rescue002
07/07/26 18:01:05 Dag contains 5 total nodes
07/07/26 18:01:05 Lock file transport_linetrack_70_35_action_shield.dag.lock detected,
07/07/26 18:01:05 Duplicate DAGMan PID 35827 is no longer alive; this DAGMan should continue.
07/07/26 18:01:05 Bootstrapping...
07/07/26 18:01:05 Number of pre-completed nodes: 0
07/07/26 18:01:05 Running in RECOVERY mode... >>>>>>>>>>>>>>>>>>>>>>>>>>>>>>
07/07/26 18:01:05 Currently monitoring 1 HTCondor log file(s)
07/07/26 18:01:05 Event: ULOG_SUBMIT for HTCondor Node COLLECT (170252.0.0) {07/06/26 18:12:33} [recovery mode]
07/07/26 18:01:05 Number of idle job procs: 1
07/07/26 18:01:05 Reassigning the id of job COLLECT from (170252.0.0) to (170252.1.0)
07/07/26 18:01:05 Event: ULOG_SUBMIT for HTCondor Node COLLECT (170252.1.0) {07/06/26 18:12:33} [recovery mode]
07/07/26 18:01:05 Number of idle job procs: 2
07/07/26 18:01:05 Reassigning the id of job COLLECT from (170252.1.0) to (170252.10.0)
07/07/26 18:01:05 Event: ULOG_SUBMIT for HTCondor Node COLLECT (170252.10.0) {07/06/26 18:12:33} [recovery mode]
07/07/26 18:01:05 Number of idle job procs: 3
07/07/26 18:01:05 Reassigning the id of job COLLECT from (170252.10.0) to (170252.11.0)
07/07/26 18:01:05 Event: ULOG_SUBMIT for HTCondor Node COLLECT (170252.11.0) {07/06/26 18:12:33} [recovery mode]
07/07/26 18:01:05 Number of idle job procs: 4
07/07/26 18:01:05 Reassigning the id of job COLLECT from (170252.11.0) to (170252.12.0)
07/07/26 18:01:05 Event: ULOG_SUBMIT for HTCondor Node COLLECT (170252.12.0) {07/06/26 18:12:33} [recovery mode]
07/07/26 18:01:05 Number of idle job procs: 5
07/07/26 18:01:05 Reassigning the id of job COLLECT from (170252.12.0) to (170252.13.0)
07/07/26 18:01:05 Event: ULOG_SUBMIT for HTCondor Node COLLECT (170252.13.0) {07/06/26 18:12:33} [recovery mode]
07/07/26 18:01:05 Number of idle job procs: 6
07/07/26 18:01:05 Reassigning the id of job COLLECT from (170252.13.0) to (170252.14.0)
07/07/26 18:01:05 Event: ULOG_SUBMIT for HTCondor Node COLLECT (170252.14.0) {07/06/26 18:12:33} [recovery mode]
07/07/26 18:01:05 Number of idle job procs: 7
07/07/26 18:01:05 Reassigning the id of job COLLECT from (170252.14.0) to (170252.15.0)
07/07/26 18:01:05 Event: ULOG_SUBMIT for HTCondor Node COLLECT (170252.15.0) {07/06/26 18:12:33} [recovery mode]
07/07/26 18:01:05 Number of idle job procs: 8
07/07/26 18:01:05 Reassigning the id of job COLLECT from (170252.15.0) to (170252.16.0)
07/07/26 18:01:05 Event: ULOG_SUBMIT for HTCondor Node COLLECT (170252.16.0) {07/06/26 18:12:33} [recovery mode]
07/07/26 18:01:05 Number of idle job procs: 9
07/07/26 18:01:05 Reassigning the id of job COLLECT from (170252.16.0) to (170252.17.0)
07/07/26 18:01:05 Event: ULOG_SUBMIT for HTCondor Node COLLECT (170252.17.0) {07/06/26 18:12:33} [recovery mode]
07/07/26 18:01:05 Number of idle job procs: 10
07/07/26 18:01:05 Reassigning the id of job COLLECT from (170252.17.0) to (170252.18.0)
07/07/26 18:01:05 Event: ULOG_SUBMIT for HTCondor Node COLLECT (170252.18.0) {07/06/26 18:12:33} [recovery mode]
07/07/26 18:01:05 Number of idle job procs: 11
07/07/26 18:01:05 Reassigning the id of job COLLECT from (170252.18.0) to (170252.19.0)
07/07/26 18:01:05 Event: ULOG_SUBMIT for HTCondor Node COLLECT (170252.19.0) {07/06/26 18:12:33} [recovery mode]
07/07/26 18:01:05 Number of idle job procs: 12
07/07/26 18:01:05 Reassigning the id of job COLLECT from (170252.19.0) to (170252.2.0)
07/07/26 18:01:05 Event: ULOG_SUBMIT for HTCondor Node COLLECT (170252.2.0) {07/06/26 18:12:33} [recovery mode]
07/07/26 18:01:05 Number of idle job procs: 13
07/07/26 18:01:05 Reassigning the id of job COLLECT from (170252.2.0) to (170252.20.0)
07/07/26 18:01:05 Event: ULOG_SUBMIT for HTCondor Node COLLECT (170252.20.0) {07/06/26 18:12:33} [recovery mode]
07/07/26 18:01:05 Number of idle job procs: 14
07/07/26 18:01:05 Reassigning the id of job COLLECT from (170252.20.0) to (170252.21.0)
07/07/26 18:01:05 Event: ULOG_SUBMIT for HTCondor Node COLLECT (170252.21.0) {07/06/26 18:12:33} [recovery mode]
07/07/26 18:01:05 Number of idle job procs: 15
07/07/26 18:01:05 Reassigning the id of job COLLECT from (170252.21.0) to (170252.22.0)
07/07/26 18:01:05 Event: ULOG_SUBMIT for HTCondor Node COLLECT (170252.22.0) {07/06/26 18:12:33} [recovery mode]
07/07/26 18:01:05 Number of idle job procs: 16
07/07/26 18:01:05 Reassigning the id of job COLLECT from (170252.22.0) to (170252.23.0)
07/07/26 18:01:05 Event: ULOG_SUBMIT for HTCondor Node COLLECT (170252.23.0) {07/06/26 18:12:33} [recovery mode]
07/07/26 18:01:05 Number of idle job procs: 17
07/07/26 18:01:05 Reassigning the id of job COLLECT from (170252.23.0) to (170252.24.0)
07/07/26 18:01:05 Event: ULOG_SUBMIT for HTCondor Node COLLECT (170252.24.0) {07/06/26 18:12:33} [recovery mode]
07/07/26 18:01:05 Number of idle job procs: 18
07/07/26 18:01:05 Reassigning the id of job COLLECT from (170252.24.0) to (170252.25.0)
07/07/26 18:01:05 Event: ULOG_SUBMIT for HTCondor Node COLLECT (170252.25.0) {07/06/26 18:12:33} [recovery mode]
07/07/26 18:01:05 Number of idle job procs: 19
07/07/26 18:01:05 Reassigning the id of job COLLECT from (170252.25.0) to (170252.26.0)
07/07/26 18:01:05 Event: ULOG_SUBMIT for HTCondor Node COLLECT (170252.26.0) {07/06/26 18:12:33} [recovery mode]
07/07/26 18:01:05 Number of idle job procs: 20
07/07/26 18:01:05 Reassigning the id of job COLLECT from (170252.26.0) to (170252.27.0)
07/07/26 18:01:05 Event: ULOG_SUBMIT for HTCondor Node COLLECT (170252.27.0) {07/06/26 18:12:33} [recovery mode]
07/07/26 18:01:05 Number of idle job procs: 21
07/07/26 18:01:05 Reassigning the id of job COLLECT from (170252.27.0) to (170252.28.0)
07/07/26 18:01:05 Event: ULOG_SUBMIT for HTCondor Node COLLECT (170252.28.0) {07/06/26 18:12:33} [recovery mode]
07/07/26 18:01:05 Number of idle job procs: 22
07/07/26 18:01:05 Reassigning the id of job COLLECT from (170252.28.0) to (170252.29.0)
07/07/26 18:01:05 Event: ULOG_SUBMIT for HTCondor Node COLLECT (170252.29.0) {07/06/26 18:12:33} [recovery mode]
07/07/26 18:01:05 Number of idle job procs: 23
07/07/26 18:01:05 Reassigning the id of job COLLECT from (170252.29.0) to (170252.3.0)
07/07/26 18:01:05 Event: ULOG_SUBMIT for HTCondor Node COLLECT (170252.3.0) {07/06/26 18:12:33} [recovery mode]
07/07/26 18:01:05 Number of idle job procs: 24
07/07/26 18:01:05 Reassigning the id of job COLLECT from (170252.3.0) to (170252.30.0)
07/07/26 18:01:05 Event: ULOG_SUBMIT for HTCondor Node COLLECT (170252.30.0) {07/06/26 18:12:33} [recovery mode]
07/07/26 18:01:05 Number of idle job procs: 25
07/07/26 18:01:05 Reassigning the id of job COLLECT from (170252.30.0) to (170252.31.0)
07/07/26 18:01:05 Event: ULOG_SUBMIT for HTCondor Node COLLECT (170252.31.0) {07/06/26 18:12:33} [recovery mode]
07/07/26 18:01:05 Number of idle job procs: 26
07/07/26 18:01:05 Reassigning the id of job COLLECT from (170252.31.0) to (170252.32.0)
07/07/26 18:01:05 Event: ULOG_SUBMIT for HTCondor Node COLLECT (170252.32.0) {07/06/26 18:12:33} [recovery mode]
07/07/26 18:01:05 Number of idle job procs: 27
07/07/26 18:01:05 Reassigning the id of job COLLECT from (170252.32.0) to (170252.33.0)
07/07/26 18:01:05 Event: ULOG_SUBMIT for HTCondor Node COLLECT (170252.33.0) {07/06/26 18:12:33} [recovery mode]
07/07/26 18:01:05 Number of idle job procs: 28
07/07/26 18:01:05 Reassigning the id of job COLLECT from (170252.33.0) to (170252.34.0)
07/07/26 18:01:05 Event: ULOG_SUBMIT for HTCondor Node COLLECT (170252.34.0) {07/06/26 18:12:33} [recovery mode]
07/07/26 18:01:05 Number of idle job procs: 29
07/07/26 18:01:05 Reassigning the id of job COLLECT from (170252.34.0) to (170252.35.0)
07/07/26 18:01:05 Event: ULOG_SUBMIT for HTCondor Node COLLECT (170252.35.0) {07/06/26 18:12:33} [recovery mode]
07/07/26 18:01:05 Number of idle job procs: 30
07/07/26 18:01:05 Reassigning the id of job COLLECT from (170252.35.0) to (170252.36.0)
07/07/26 18:01:05 Event: ULOG_SUBMIT for HTCondor Node COLLECT (170252.36.0) {07/06/26 18:12:33} [recovery mode]
07/07/26 18:01:05 Number of idle job procs: 31
07/07/26 18:01:05 Reassigning the id of job COLLECT from (170252.36.0) to (170252.37.0)
07/07/26 18:01:05 Event: ULOG_SUBMIT for HTCondor Node COLLECT (170252.37.0) {07/06/26 18:12:33} [recovery mode]
07/07/26 18:01:05 Number of idle job procs: 32
07/07/26 18:01:05 Reassigning the id of job COLLECT from (170252.37.0) to (170252.38.0)
07/07/26 18:01:05 Event: ULOG_SUBMIT for HTCondor Node COLLECT (170252.38.0) {07/06/26 18:12:33} [recovery mode]
07/07/26 18:01:05 Number of idle job procs: 33
07/07/26 18:01:05 Reassigning the id of job COLLECT from (170252.38.0) to (170252.39.0)
07/07/26 18:01:05 Event: ULOG_SUBMIT for HTCondor Node COLLECT (170252.39.0) {07/06/26 18:12:33} [recovery mode]
07/07/26 18:01:05 Number of idle job procs: 34
07/07/26 18:01:05 Reassigning the id of job COLLECT from (170252.39.0) to (170252.4.0)
07/07/26 18:01:05 Event: ULOG_SUBMIT for HTCondor Node COLLECT (170252.4.0) {07/06/26 18:12:33} [recovery mode]
07/07/26 18:01:05 Number of idle job procs: 35
07/07/26 18:01:05 Reassigning the id of job COLLECT from (170252.4.0) to (170252.5.0)
07/07/26 18:01:05 Event: ULOG_SUBMIT for HTCondor Node COLLECT (170252.5.0) {07/06/26 18:12:33} [recovery mode]
07/07/26 18:01:05 Number of idle job procs: 36
07/07/26 18:01:05 Reassigning the id of job COLLECT from (170252.5.0) to (170252.6.0)
07/07/26 18:01:05 Event: ULOG_SUBMIT for HTCondor Node COLLECT (170252.6.0) {07/06/26 18:12:33} [recovery mode]
07/07/26 18:01:05 Number of idle job procs: 37
07/07/26 18:01:05 Reassigning the id of job COLLECT from (170252.6.0) to (170252.7.0)
07/07/26 18:01:05 Event: ULOG_SUBMIT for HTCondor Node COLLECT (170252.7.0) {07/06/26 18:12:33} [recovery mode]
07/07/26 18:01:05 Number of idle job procs: 38
07/07/26 18:01:05 Reassigning the id of job COLLECT from (170252.7.0) to (170252.8.0)
07/07/26 18:01:05 Event: ULOG_SUBMIT for HTCondor Node COLLECT (170252.8.0) {07/06/26 18:12:33} [recovery mode]
07/07/26 18:01:05 Number of idle job procs: 39
07/07/26 18:01:05 Reassigning the id of job COLLECT from (170252.8.0) to (170252.9.0)
07/07/26 18:01:05 Event: ULOG_SUBMIT for HTCondor Node COLLECT (170252.9.0) {07/06/26 18:12:33} [recovery mode]
07/07/26 18:01:05 Number of idle job procs: 40
07/07/26 18:01:05 Event: ULOG_EXECUTE for HTCondor Node COLLECT (170252.0.0) {07/06/26 23:39:58} [recovery mode]
07/07/26 18:01:05 Number of idle job procs: 39
07/07/26 18:01:05 Event: ULOG_EXECUTE for HTCondor Node COLLECT (170252.1.0) {07/06/26 23:54:52} [recovery mode]
07/07/26 18:01:05 Number of idle job procs: 38
07/07/26 18:01:05 Event: ULOG_EXECUTE for HTCondor Node COLLECT (170252.2.0) {07/06/26 23:56:12} [recovery mode]
07/07/26 18:01:05 Number of idle job procs: 37
07/07/26 18:01:05 Event: ULOG_EXECUTE for HTCondor Node COLLECT (170252.3.0) {07/06/26 23:56:31} [recovery mode]
07/07/26 18:01:05 Number of idle job procs: 36
07/07/26 18:01:05 Event: ULOG_EXECUTE for HTCondor Node COLLECT (170252.4.0) {07/06/26 23:57:32} [recovery mode]
07/07/26 18:01:05 Number of idle job procs: 35
07/07/26 18:01:05 Event: ULOG_EXECUTE for HTCondor Node COLLECT (170252.5.0) {07/06/26 23:58:38} [recovery mode]
07/07/26 18:01:05 Number of idle job procs: 34
07/07/26 18:01:05 Event: ULOG_EXECUTE for HTCondor Node COLLECT (170252.6.0) {07/06/26 23:58:38} [recovery mode]
07/07/26 18:01:05 Number of idle job procs: 33
07/07/26 18:01:05 Event: ULOG_EXECUTE for HTCondor Node COLLECT (170252.7.0) {07/07/26 00:09:23} [recovery mode]
07/07/26 18:01:05 Number of idle job procs: 32
07/07/26 18:01:05 Event: ULOG_EXECUTE for HTCondor Node COLLECT (170252.8.0) {07/07/26 00:10:24} [recovery mode]
07/07/26 18:01:05 Number of idle job procs: 31
07/07/26 18:01:05 Event: ULOG_EXECUTE for HTCondor Node COLLECT (170252.9.0) {07/07/26 00:11:05} [recovery mode]
07/07/26 18:01:05 Number of idle job procs: 30
07/07/26 18:01:05 Event: ULOG_EXECUTE for HTCondor Node COLLECT (170252.10.0) {07/07/26 00:14:06} [recovery mode]
07/07/26 18:01:05 Number of idle job procs: 29
07/07/26 18:01:05 Event: ULOG_EXECUTE for HTCondor Node COLLECT (170252.11.0) {07/07/26 00:16:49} [recovery mode]
07/07/26 18:01:05 Number of idle job procs: 28
07/07/26 18:01:05 Event: ULOG_EXECUTE for HTCondor Node COLLECT (170252.12.0) {07/07/26 00:20:09} [recovery mode]
07/07/26 18:01:05 Number of idle job procs: 27
07/07/26 18:01:05 Event: ULOG_EXECUTE for HTCondor Node COLLECT (170252.13.0) {07/07/26 00:20:30} [recovery mode]
07/07/26 18:01:05 Number of idle job procs: 26
07/07/26 18:01:05 Event: ULOG_EXECUTE for HTCondor Node COLLECT (170252.16.0) {07/07/26 00:21:51} [recovery mode]
07/07/26 18:01:05 Number of idle job procs: 25
07/07/26 18:01:05 Event: ULOG_EXECUTE for HTCondor Node COLLECT (170252.15.0) {07/07/26 00:21:51} [recovery mode]
07/07/26 18:01:05 Number of idle job procs: 24
07/07/26 18:01:05 Event: ULOG_EXECUTE for HTCondor Node COLLECT (170252.14.0) {07/07/26 00:21:52} [recovery mode]
07/07/26 18:01:05 Number of idle job procs: 23
07/07/26 18:01:05 Event: ULOG_EXECUTE for HTCondor Node COLLECT (170252.17.0) {07/07/26 00:27:46} [recovery mode]
07/07/26 18:01:05 Number of idle job procs: 22
07/07/26 18:01:05 Event: ULOG_JOB_TERMINATED for HTCondor Node COLLECT (170252.0.0) {07/07/26 00:31:39} [recovery mode]
07/07/26 18:01:05 Number of idle job procs: 22
07/07/26 18:01:05 Node COLLECT job proc (170252.0.0) completed successfully.
07/07/26 18:01:05 Event: ULOG_JOB_TERMINATED for HTCondor Node COLLECT (170252.1.0) {07/07/26 00:32:05} [recovery mode]
07/07/26 18:01:05 Number of idle job procs: 22
07/07/26 18:01:05 Node COLLECT job proc (170252.1.0) completed successfully.
07/07/26 18:01:05 Event: ULOG_EXECUTE for HTCondor Node COLLECT (170252.18.0) {07/07/26 00:32:25} [recovery mode]
07/07/26 18:01:05 Number of idle job procs: 21
07/07/26 18:01:05 Event: ULOG_EXECUTE for HTCondor Node COLLECT (170252.19.0) {07/07/26 00:33:50} [recovery mode]
07/07/26 18:01:05 Number of idle job procs: 20
07/07/26 18:01:05 Event: ULOG_JOB_TERMINATED for HTCondor Node COLLECT (170252.6.0) {07/07/26 00:34:06} [recovery mode]
07/07/26 18:01:05 Number of idle job procs: 20
07/07/26 18:01:05 Node COLLECT job proc (170252.6.0) completed successfully.
07/07/26 18:01:05 Event: ULOG_JOB_TERMINATED for HTCondor Node COLLECT (170252.2.0) {07/07/26 00:34:09} [recovery mode]
07/07/26 18:01:05 Number of idle job procs: 20
07/07/26 18:01:05 Node COLLECT job proc (170252.2.0) completed successfully.
07/07/26 18:01:05 Event: ULOG_EXECUTE for HTCondor Node COLLECT (170252.23.0) {07/07/26 00:34:49} [recovery mode]
07/07/26 18:01:05 Number of idle job procs: 19
07/07/26 18:01:05 Event: ULOG_EXECUTE for HTCondor Node COLLECT (170252.20.0) {07/07/26 00:34:49} [recovery mode]
07/07/26 18:01:05 Number of idle job procs: 18
07/07/26 18:01:05 Event: ULOG_EXECUTE for HTCondor Node COLLECT (170252.21.0) {07/07/26 00:34:49} [recovery mode]
07/07/26 18:01:05 Number of idle job procs: 17
07/07/26 18:01:05 Event: ULOG_EXECUTE for HTCondor Node COLLECT (170252.22.0) {07/07/26 00:34:49} [recovery mode]
07/07/26 18:01:05 Number of idle job procs: 16
07/07/26 18:01:05 Event: ULOG_JOB_TERMINATED for HTCondor Node COLLECT (170252.5.0) {07/07/26 00:35:35} [recovery mode]
07/07/26 18:01:05 Number of idle job procs: 16
07/07/26 18:01:05 Node COLLECT job proc (170252.5.0) completed successfully.
07/07/26 18:01:05 Event: ULOG_EXECUTE for HTCondor Node COLLECT (170252.25.0) {07/07/26 00:35:49} [recovery mode]
07/07/26 18:01:05 Number of idle job procs: 15
07/07/26 18:01:05 Event: ULOG_EXECUTE for HTCondor Node COLLECT (170252.24.0) {07/07/26 00:35:50} [recovery mode]
07/07/26 18:01:05 Number of idle job procs: 14
07/07/26 18:01:05 Event: ULOG_EXECUTE for HTCondor Node COLLECT (170252.26.0) {07/07/26 00:37:49} [recovery mode]
07/07/26 18:01:05 Number of idle job procs: 13
07/07/26 18:01:05 Event: ULOG_EXECUTE for HTCondor Node COLLECT (170252.28.0) {07/07/26 00:37:49} [recovery mode]
07/07/26 18:01:05 Number of idle job procs: 12
07/07/26 18:01:05 Event: ULOG_EXECUTE for HTCondor Node COLLECT (170252.27.0) {07/07/26 00:37:49} [recovery mode]
07/07/26 18:01:05 Number of idle job procs: 11
07/07/26 18:01:05 Event: ULOG_EXECUTE for HTCondor Node COLLECT (170252.29.0) {07/07/26 00:54:23} [recovery mode]
07/07/26 18:01:05 Number of idle job procs: 10
07/07/26 18:01:05 Event: ULOG_JOB_TERMINATED for HTCondor Node COLLECT (170252.10.0) {07/07/26 00:54:58} [recovery mode]
07/07/26 18:01:05 Number of idle job procs: 10
07/07/26 18:01:05 Node COLLECT job proc (170252.10.0) completed successfully.
07/07/26 18:01:05 Event: ULOG_EXECUTE for HTCondor Node COLLECT (170252.30.0) {07/07/26 00:55:24} [recovery mode]
07/07/26 18:01:05 Number of idle job procs: 9
07/07/26 18:01:05 Event: ULOG_JOB_TERMINATED for HTCondor Node COLLECT (170252.12.0) {07/07/26 00:59:52} [recovery mode]
07/07/26 18:01:05 Number of idle job procs: 9
07/07/26 18:01:05 Node COLLECT job proc (170252.12.0) completed successfully.
07/07/26 18:01:05 Event: ULOG_JOB_TERMINATED for HTCondor Node COLLECT (170252.14.0) {07/07/26 00:59:53} [recovery mode]
07/07/26 18:01:05 Number of idle job procs: 9
07/07/26 18:01:05 Node COLLECT job proc (170252.14.0) completed successfully.
07/07/26 18:01:05 Event: ULOG_EXECUTE for HTCondor Node COLLECT (170252.33.0) {07/07/26 01:00:08} [recovery mode]
07/07/26 18:01:05 Number of idle job procs: 8
07/07/26 18:01:05 Event: ULOG_EXECUTE for HTCondor Node COLLECT (170252.31.0) {07/07/26 01:00:08} [recovery mode]
07/07/26 18:01:05 Number of idle job procs: 7
07/07/26 18:01:05 Event: ULOG_EXECUTE for HTCondor Node COLLECT (170252.32.0) {07/07/26 01:00:08} [recovery mode]
07/07/26 18:01:05 Number of idle job procs: 6
07/07/26 18:01:05 Event: ULOG_JOB_TERMINATED for HTCondor Node COLLECT (170252.15.0) {07/07/26 01:00:44} [recovery mode]
07/07/26 18:01:05 Number of idle job procs: 6
07/07/26 18:01:05 Node COLLECT job proc (170252.15.0) completed successfully.
07/07/26 18:01:05 Event: ULOG_JOB_TERMINATED for HTCondor Node COLLECT (170252.13.0) {07/07/26 01:00:46} [recovery mode]
07/07/26 18:01:05 Number of idle job procs: 6
07/07/26 18:01:05 Node COLLECT job proc (170252.13.0) completed successfully.
07/07/26 18:01:05 Event: ULOG_EXECUTE for HTCondor Node COLLECT (170252.34.0) {07/07/26 01:01:37} [recovery mode]
07/07/26 18:01:05 Number of idle job procs: 5
07/07/26 18:01:05 Event: ULOG_JOB_TERMINATED for HTCondor Node COLLECT (170252.17.0) {07/07/26 01:09:32} [recovery mode]
07/07/26 18:01:05 Number of idle job procs: 5
07/07/26 18:01:05 Node COLLECT job proc (170252.17.0) completed successfully.
07/07/26 18:01:05 Event: ULOG_JOB_TERMINATED for HTCondor Node COLLECT (170252.19.0) {07/07/26 01:10:20} [recovery mode]
07/07/26 18:01:05 Number of idle job procs: 5
07/07/26 18:01:05 Node COLLECT job proc (170252.19.0) completed successfully.
07/07/26 18:01:05 Event: ULOG_EXECUTE for HTCondor Node COLLECT (170252.36.0) {07/07/26 01:10:33} [recovery mode]
07/07/26 18:01:05 Number of idle job procs: 4
07/07/26 18:01:05 Event: ULOG_EXECUTE for HTCondor Node COLLECT (170252.35.0) {07/07/26 01:10:33} [recovery mode]
07/07/26 18:01:05 Number of idle job procs: 3
07/07/26 18:01:05 Event: ULOG_JOB_TERMINATED for HTCondor Node COLLECT (170252.23.0) {07/07/26 01:12:03} [recovery mode]
07/07/26 18:01:05 Number of idle job procs: 3
07/07/26 18:01:05 Node COLLECT job proc (170252.23.0) completed successfully.
07/07/26 18:01:05 Event: ULOG_JOB_TERMINATED for HTCondor Node COLLECT (170252.21.0) {07/07/26 01:12:12} [recovery mode]
07/07/26 18:01:05 Number of idle job procs: 3
07/07/26 18:01:05 Node COLLECT job proc (170252.21.0) completed successfully.
07/07/26 18:01:05 Event: ULOG_JOB_TERMINATED for HTCondor Node COLLECT (170252.18.0) {07/07/26 01:12:22} [recovery mode]
07/07/26 18:01:05 Number of idle job procs: 3
07/07/26 18:01:05 Node COLLECT job proc (170252.18.0) completed successfully.
07/07/26 18:01:05 Event: ULOG_JOB_TERMINATED for HTCondor Node COLLECT (170252.25.0) {07/07/26 01:12:24} [recovery mode]
07/07/26 18:01:05 Number of idle job procs: 3
07/07/26 18:01:05 Node COLLECT job proc (170252.25.0) completed successfully.
07/07/26 18:01:05 Event: ULOG_EXECUTE for HTCondor Node COLLECT (170252.39.0) {07/07/26 01:12:53} [recovery mode]
07/07/26 18:01:05 Number of idle job procs: 2
07/07/26 18:01:05 Event: ULOG_EXECUTE for HTCondor Node COLLECT (170252.37.0) {07/07/26 01:12:53} [recovery mode]
07/07/26 18:01:05 Number of idle job procs: 1
07/07/26 18:01:05 Event: ULOG_EXECUTE for HTCondor Node COLLECT (170252.38.0) {07/07/26 01:12:53} [recovery mode]
07/07/26 18:01:05 Number of idle job procs: 0
07/07/26 18:01:05 Event: ULOG_JOB_TERMINATED for HTCondor Node COLLECT (170252.20.0) {07/07/26 01:13:07} [recovery mode]
07/07/26 18:01:05 Number of idle job procs: 0
07/07/26 18:01:05 Node COLLECT job proc (170252.20.0) completed successfully.
07/07/26 18:01:05 Event: ULOG_JOB_TERMINATED for HTCondor Node COLLECT (170252.22.0) {07/07/26 01:14:11} [recovery mode]
07/07/26 18:01:05 Number of idle job procs: 0
07/07/26 18:01:05 Node COLLECT job proc (170252.22.0) completed successfully.
07/07/26 18:01:05 Event: ULOG_JOB_TERMINATED for HTCondor Node COLLECT (170252.24.0) {07/07/26 01:15:26} [recovery mode]
07/07/26 18:01:05 Number of idle job procs: 0
07/07/26 18:01:05 Node COLLECT job proc (170252.24.0) completed successfully.
07/07/26 18:01:05 Event: ULOG_JOB_TERMINATED for HTCondor Node COLLECT (170252.27.0) {07/07/26 01:15:33} [recovery mode]
07/07/26 18:01:05 Number of idle job procs: 0
07/07/26 18:01:05 Node COLLECT job proc (170252.27.0) completed successfully.
07/07/26 18:01:05 Event: ULOG_JOB_TERMINATED for HTCondor Node COLLECT (170252.26.0) {07/07/26 01:16:29} [recovery mode]
07/07/26 18:01:05 Number of idle job procs: 0
07/07/26 18:01:05 Node COLLECT job proc (170252.26.0) completed successfully.
07/07/26 18:01:05 Event: ULOG_JOB_TERMINATED for HTCondor Node COLLECT (170252.28.0) {07/07/26 01:17:33} [recovery mode]
07/07/26 18:01:05 Number of idle job procs: 0
07/07/26 18:01:05 Node COLLECT job proc (170252.28.0) completed successfully.
07/07/26 18:01:05 Event: ULOG_JOB_TERMINATED for HTCondor Node COLLECT (170252.4.0) {07/07/26 01:30:58} [recovery mode]
07/07/26 18:01:05 Number of idle job procs: 0
07/07/26 18:01:05 Node COLLECT job proc (170252.4.0) completed successfully.
07/07/26 18:01:05 Event: ULOG_JOB_TERMINATED for HTCondor Node COLLECT (170252.16.0) {07/07/26 01:36:13} [recovery mode]
07/07/26 18:01:05 Number of idle job procs: 0
07/07/26 18:01:05 Node COLLECT job proc (170252.16.0) completed successfully.
07/07/26 18:01:05 Event: ULOG_JOB_TERMINATED for HTCondor Node COLLECT (170252.11.0) {07/07/26 01:36:13} [recovery mode]
07/07/26 18:01:05 Number of idle job procs: 0
07/07/26 18:01:05 Node COLLECT job proc (170252.11.0) completed successfully.
07/07/26 18:01:05 Event: ULOG_JOB_TERMINATED for HTCondor Node COLLECT (170252.9.0) {07/07/26 01:36:13} [recovery mode]
07/07/26 18:01:05 Number of idle job procs: 0
07/07/26 18:01:05 Node COLLECT job proc (170252.9.0) completed successfully.
07/07/26 18:01:05 Event: ULOG_JOB_TERMINATED for HTCondor Node COLLECT (170252.7.0) {07/07/26 01:36:15} [recovery mode]
07/07/26 18:01:05 Number of idle job procs: 0
07/07/26 18:01:05 Node COLLECT job proc (170252.7.0) completed successfully.
07/07/26 18:01:05 Event: ULOG_JOB_TERMINATED for HTCondor Node COLLECT (170252.3.0) {07/07/26 01:36:16} [recovery mode]
07/07/26 18:01:05 Number of idle job procs: 0
07/07/26 18:01:05 Node COLLECT job proc (170252.3.0) completed successfully.
07/07/26 18:01:05 Event: ULOG_JOB_TERMINATED for HTCondor Node COLLECT (170252.29.0) {07/07/26 01:36:24} [recovery mode]
07/07/26 18:01:05 Number of idle job procs: 0
07/07/26 18:01:05 Node COLLECT job proc (170252.29.0) completed successfully.
07/07/26 18:01:05 Event: ULOG_JOB_TERMINATED for HTCondor Node COLLECT (170252.8.0) {07/07/26 01:36:35} [recovery mode]
07/07/26 18:01:05 Number of idle job procs: 0
07/07/26 18:01:05 Node COLLECT job proc (170252.8.0) completed successfully.
07/07/26 18:01:05 Event: ULOG_JOB_TERMINATED for HTCondor Node COLLECT (170252.31.0) {07/07/26 01:38:41} [recovery mode]
07/07/26 18:01:05 Number of idle job procs: 0
07/07/26 18:01:05 Node COLLECT job proc (170252.31.0) completed successfully.
07/07/26 18:01:06 Event: ULOG_JOB_TERMINATED for HTCondor Node COLLECT (170252.33.0) {07/07/26 01:40:49} [recovery mode]
07/07/26 18:01:06 Number of idle job procs: 0
07/07/26 18:01:06 Node COLLECT job proc (170252.33.0) completed successfully.
07/07/26 18:01:06 Event: ULOG_JOB_TERMINATED for HTCondor Node COLLECT (170252.34.0) {07/07/26 01:40:51} [recovery mode]
07/07/26 18:01:06 Number of idle job procs: 0
07/07/26 18:01:06 Node COLLECT job proc (170252.34.0) completed successfully.
07/07/26 18:01:06 Event: ULOG_JOB_TERMINATED for HTCondor Node COLLECT (170252.32.0) {07/07/26 01:41:07} [recovery mode]
07/07/26 18:01:06 Number of idle job procs: 0
07/07/26 18:01:06 Node COLLECT job proc (170252.32.0) completed successfully.
07/07/26 18:01:06 Event: ULOG_JOB_TERMINATED for HTCondor Node COLLECT (170252.30.0) {07/07/26 01:41:28} [recovery mode]
07/07/26 18:01:06 Number of idle job procs: 0
07/07/26 18:01:06 Node COLLECT job proc (170252.30.0) completed successfully.
07/07/26 18:01:06 Event: ULOG_JOB_TERMINATED for HTCondor Node COLLECT (170252.37.0) {07/07/26 01:47:41} [recovery mode]
07/07/26 18:01:06 Number of idle job procs: 0
07/07/26 18:01:06 Node COLLECT job proc (170252.37.0) completed successfully.
07/07/26 18:01:06 Event: ULOG_JOB_TERMINATED for HTCondor Node COLLECT (170252.38.0) {07/07/26 01:48:18} [recovery mode]
07/07/26 18:01:06 Number of idle job procs: 0
07/07/26 18:01:06 Node COLLECT job proc (170252.38.0) completed successfully.
07/07/26 18:01:06 Event: ULOG_JOB_TERMINATED for HTCondor Node COLLECT (170252.36.0) {07/07/26 01:48:20} [recovery mode]
07/07/26 18:01:06 Number of idle job procs: 0
07/07/26 18:01:06 Node COLLECT job proc (170252.36.0) completed successfully.
07/07/26 18:01:06 Event: ULOG_JOB_TERMINATED for HTCondor Node COLLECT (170252.35.0) {07/07/26 01:49:33} [recovery mode]
07/07/26 18:01:06 Number of idle job procs: 0
07/07/26 18:01:06 Node COLLECT job proc (170252.35.0) completed successfully.
07/07/26 18:01:06 Event: ULOG_JOB_TERMINATED for HTCondor Node COLLECT (170252.39.0) {07/07/26 01:53:51} [recovery mode]
07/07/26 18:01:06 Number of idle job procs: 0
07/07/26 18:01:06 Node COLLECT job proc (170252.39.0) completed successfully.
07/07/26 18:01:06 Node COLLECT job(s) have exited the queue
07/07/26 18:01:06 Event: ULOG_SUBMIT for HTCondor Node MERGE_COLLECTION (170308.0.0) {07/07/26 01:54:00} [recovery mode]
07/07/26 18:01:06 Number of idle job procs: 1
07/07/26 18:01:06     ------------------------------
07/07/26 18:01:06        HTCondor Recovery Complete
07/07/26 18:01:06     ------------------------------
07/07/26 18:01:06 ...done with RECOVERY mode <<<<<<<<<<<<<<<<<<<<<<<<<<<<<<
07/07/26 18:01:06 1 nodes claim to have jobs submitted to queue. Verifying...
07/07/26 18:01:06 Querying local schedd for associated jobs in queue
07/07/26 18:01:06 All pending job states validated
07/07/26 18:01:06 DAG status: 0 (DAG_STATUS_OK)
07/07/26 18:01:06 Of 5 nodes total:
07/07/26 18:01:06  Done     Pre   Queued    Post   Ready   Un-Ready   Failed   Futile
07/07/26 18:01:06   ===     ===      ===     ===     ===        ===      ===      ===
07/07/26 18:01:06     1       0        1       0       0          3        0        0
07/07/26 18:01:06 0 job proc(s) currently held
07/07/26 18:01:06 DAGMan Runtime Statistics: [EventCycleTimeSum=0.000; SleepCycleTimeSum=0.000; SubmitCycleTimeSum=0.000; EventCycleTimeCount=0.000; SleepCycleTimeCount=0.000; SubmitCycleTimeCount=0.000; LogProcessCycleTimeSum=0.000; LogProcessCycleTimeCount=0.000; ]
07/07/26 18:01:06 DAG status: 0 (DAG_STATUS_OK)
07/07/26 18:01:06 Of 5 nodes total:
07/07/26 18:01:06  Done     Pre   Queued    Post   Ready   Un-Ready   Failed   Futile
07/07/26 18:01:06   ===     ===      ===     ===     ===        ===      ===      ===
07/07/26 18:01:06     1       0        1       0       0          3        0        0
07/07/26 18:01:06 0 job proc(s) currently held
07/07/26 18:01:06 DAGMan Runtime Statistics: [EventCycleTimeSum=0.000; SleepCycleTimeSum=0.000; SubmitCycleTimeSum=0.000; EventCycleTimeCount=0.000; SleepCycleTimeCount=0.000; SubmitCycleTimeCount=0.000; LogProcessCycleTimeSum=0.000; LogProcessCycleTimeCount=0.000; ]
07/07/26 18:01:06 Registering condor_event_timer...
07/07/26 18:01:07 Currently monitoring 1 HTCondor log file(s)
07/07/26 18:01:07 DAG status: 0 (DAG_STATUS_OK)
07/07/26 18:01:07 Of 5 nodes total:
07/07/26 18:01:07  Done     Pre   Queued    Post   Ready   Un-Ready   Failed   Futile
07/07/26 18:01:07   ===     ===      ===     ===     ===        ===      ===      ===
07/07/26 18:01:07     1       0        1       0       0          3        0        0
07/07/26 18:01:07 0 job proc(s) currently held
07/07/26 18:01:07 DAGMan Runtime Statistics: [EventCycleTimeSum=0.000; SleepCycleTimeSum=0.000; SubmitCycleTimeAvg=0.000; SubmitCycleTimeMax=0.000; SubmitCycleTimeMin=0.000; SubmitCycleTimeStd=0.000; SubmitCycleTimeSum=0.000; EventCycleTimeCount=0.000; SleepCycleTimeCount=0.000; SubmitCycleTimeCount=1.000; LogProcessCycleTimeAvg=0.001; LogProcessCycleTimeMax=0.001; LogProcessCycleTimeMin=0.001; LogProcessCycleTimeStd=0.001; LogProcessCycleTimeSum=0.001; LogProcessCycleTimeCount=1.000; ]
07/07/26 18:11:07 600 seconds since last log event
07/07/26 18:11:07 Pending DAG nodes:
07/07/26 18:11:07   Node MERGE_COLLECTION, HTCondor ID 170308, status STATUS_SUBMITTED
07/07/26 18:16:07 Total jobs placed to AP: 41
07/07/26 18:16:07      Idle     Held     Running     Successful     Failed
07/07/26 18:16:07       ===      ===         ===            ===        ===
07/07/26 18:16:07         1        0           0             40          0
07/07/26 18:21:08 1201 seconds since last log event
07/07/26 18:21:08 Pending DAG nodes:
07/07/26 18:21:08   Node MERGE_COLLECTION, HTCondor ID 170308, status STATUS_SUBMITTED
07/07/26 18:31:08 1801 seconds since last log event
07/07/26 18:31:08 Pending DAG nodes:
07/07/26 18:31:08   Node MERGE_COLLECTION, HTCondor ID 170308, status STATUS_SUBMITTED
07/07/26 18:31:08 Total jobs placed to AP: 41
07/07/26 18:31:08      Idle     Held     Running     Successful     Failed
07/07/26 18:31:08       ===      ===         ===            ===        ===
07/07/26 18:31:08         1        0           0             40          0
07/07/26 18:41:08 2401 seconds since last log event
07/07/26 18:41:08 Pending DAG nodes:
07/07/26 18:41:08   Node MERGE_COLLECTION, HTCondor ID 170308, status STATUS_SUBMITTED
07/07/26 18:46:08 Total jobs placed to AP: 41
07/07/26 18:46:08      Idle     Held     Running     Successful     Failed
07/07/26 18:46:08       ===      ===         ===            ===        ===
07/07/26 18:46:08         1        0           0             40          0
07/07/26 18:51:08 3001 seconds since last log event
07/07/26 18:51:08 Pending DAG nodes:
07/07/26 18:51:08   Node MERGE_COLLECTION, HTCondor ID 170308, status STATUS_SUBMITTED
07/07/26 19:01:09 3602 seconds since last log event
07/07/26 19:01:09 Pending DAG nodes:
07/07/26 19:01:09   Node MERGE_COLLECTION, HTCondor ID 170308, status STATUS_SUBMITTED
07/07/26 19:01:09 Total jobs placed to AP: 41
07/07/26 19:01:09      Idle     Held     Running     Successful     Failed
07/07/26 19:01:09       ===      ===         ===            ===        ===
07/07/26 19:01:09         1        0           0             40          0
07/07/26 19:02:04 Currently monitoring 1 HTCondor log file(s)
07/07/26 19:02:04 Event: ULOG_EXECUTE for HTCondor Node MERGE_COLLECTION (170308.0.0) {07/07/26 19:02:04}
07/07/26 19:02:04 Number of idle job procs: 0
07/07/26 19:12:05 601 seconds since last log event
07/07/26 19:12:05 Pending DAG nodes:
07/07/26 19:12:05   Node MERGE_COLLECTION, HTCondor ID 170308, status STATUS_SUBMITTED
07/07/26 19:16:10 Total jobs placed to AP: 41
07/07/26 19:16:10      Idle     Held     Running     Successful     Failed
07/07/26 19:16:10       ===      ===         ===            ===        ===
07/07/26 19:16:10         0        0           1             40          0
07/07/26 19:22:05 1201 seconds since last log event
07/07/26 19:22:05 Pending DAG nodes:
07/07/26 19:22:05   Node MERGE_COLLECTION, HTCondor ID 170308, status STATUS_SUBMITTED
07/07/26 19:31:11 Total jobs placed to AP: 41
07/07/26 19:31:11      Idle     Held     Running     Successful     Failed
07/07/26 19:31:11       ===      ===         ===            ===        ===
07/07/26 19:31:11         0        0           1             40          0
07/07/26 19:32:06 1802 seconds since last log event
07/07/26 19:32:06 Pending DAG nodes:
07/07/26 19:32:06   Node MERGE_COLLECTION, HTCondor ID 170308, status STATUS_SUBMITTED
07/07/26 19:42:06 2402 seconds since last log event
07/07/26 19:42:06 Pending DAG nodes:
07/07/26 19:42:06   Node MERGE_COLLECTION, HTCondor ID 170308, status STATUS_SUBMITTED
07/07/26 19:46:12 Total jobs placed to AP: 41
07/07/26 19:46:12      Idle     Held     Running     Successful     Failed
07/07/26 19:46:12       ===      ===         ===            ===        ===
07/07/26 19:46:12         0        0           1             40          0
07/07/26 19:52:07 3003 seconds since last log event
07/07/26 19:52:07 Pending DAG nodes:
07/07/26 19:52:07   Node MERGE_COLLECTION, HTCondor ID 170308, status STATUS_SUBMITTED
07/07/26 20:01:12 Total jobs placed to AP: 41
07/07/26 20:01:12      Idle     Held     Running     Successful     Failed
07/07/26 20:01:12       ===      ===         ===            ===        ===
07/07/26 20:01:12         0        0           1             40          0
07/07/26 20:02:07 3603 seconds since last log event
07/07/26 20:02:07 Pending DAG nodes:
07/07/26 20:02:07   Node MERGE_COLLECTION, HTCondor ID 170308, status STATUS_SUBMITTED
07/07/26 20:12:07 4203 seconds since last log event
07/07/26 20:12:07 Pending DAG nodes:
07/07/26 20:12:07   Node MERGE_COLLECTION, HTCondor ID 170308, status STATUS_SUBMITTED
07/07/26 20:16:12 Total jobs placed to AP: 41
07/07/26 20:16:12      Idle     Held     Running     Successful     Failed
07/07/26 20:16:12       ===      ===         ===            ===        ===
07/07/26 20:16:12         0        0           1             40          0
07/07/26 20:22:08 4804 seconds since last log event
07/07/26 20:22:08 Pending DAG nodes:
07/07/26 20:22:08   Node MERGE_COLLECTION, HTCondor ID 170308, status STATUS_SUBMITTED
07/07/26 20:31:13 Total jobs placed to AP: 41
07/07/26 20:31:13      Idle     Held     Running     Successful     Failed
07/07/26 20:31:13       ===      ===         ===            ===        ===
07/07/26 20:31:13         0        0           1             40          0
07/07/26 20:32:08 5404 seconds since last log event
07/07/26 20:32:08 Pending DAG nodes:
07/07/26 20:32:08   Node MERGE_COLLECTION, HTCondor ID 170308, status STATUS_SUBMITTED
07/07/26 20:42:09 6005 seconds since last log event
07/07/26 20:42:09 Pending DAG nodes:
07/07/26 20:42:09   Node MERGE_COLLECTION, HTCondor ID 170308, status STATUS_SUBMITTED
07/07/26 20:46:14 Total jobs placed to AP: 41
07/07/26 20:46:14      Idle     Held     Running     Successful     Failed
07/07/26 20:46:14       ===      ===         ===            ===        ===
07/07/26 20:46:14         0        0           1             40          0
07/07/26 20:52:09 6605 seconds since last log event
07/07/26 20:52:09 Pending DAG nodes:
07/07/26 20:52:09   Node MERGE_COLLECTION, HTCondor ID 170308, status STATUS_SUBMITTED
07/07/26 21:01:15 Total jobs placed to AP: 41
07/07/26 21:01:15      Idle     Held     Running     Successful     Failed
07/07/26 21:01:15       ===      ===         ===            ===        ===
07/07/26 21:01:15         0        0           1             40          0
07/07/26 21:02:10 7206 seconds since last log event
07/07/26 21:02:10 Pending DAG nodes:
07/07/26 21:02:10   Node MERGE_COLLECTION, HTCondor ID 170308, status STATUS_SUBMITTED
07/07/26 21:12:10 7806 seconds since last log event
07/07/26 21:12:10 Pending DAG nodes:
07/07/26 21:12:10   Node MERGE_COLLECTION, HTCondor ID 170308, status STATUS_SUBMITTED
07/07/26 21:16:16 Total jobs placed to AP: 41
07/07/26 21:16:16      Idle     Held     Running     Successful     Failed
07/07/26 21:16:16       ===      ===         ===            ===        ===
07/07/26 21:16:16         0        0           1             40          0
07/07/26 21:22:11 8407 seconds since last log event
07/07/26 21:22:11 Pending DAG nodes:
07/07/26 21:22:11   Node MERGE_COLLECTION, HTCondor ID 170308, status STATUS_SUBMITTED
07/07/26 21:31:16 Total jobs placed to AP: 41
07/07/26 21:31:16      Idle     Held     Running     Successful     Failed
07/07/26 21:31:16       ===      ===         ===            ===        ===
07/07/26 21:31:16         0        0           1             40          0
07/07/26 21:32:11 9007 seconds since last log event
07/07/26 21:32:11 Pending DAG nodes:
07/07/26 21:32:11   Node MERGE_COLLECTION, HTCondor ID 170308, status STATUS_SUBMITTED
07/07/26 21:42:12 9608 seconds since last log event
07/07/26 21:42:12 Pending DAG nodes:
07/07/26 21:42:12   Node MERGE_COLLECTION, HTCondor ID 170308, status STATUS_SUBMITTED
07/07/26 21:46:17 Total jobs placed to AP: 41
07/07/26 21:46:17      Idle     Held     Running     Successful     Failed
07/07/26 21:46:17       ===      ===         ===            ===        ===
07/07/26 21:46:17         0        0           1             40          0
07/07/26 21:52:13 10209 seconds since last log event
07/07/26 21:52:13 Pending DAG nodes:
07/07/26 21:52:13   Node MERGE_COLLECTION, HTCondor ID 170308, status STATUS_SUBMITTED
07/07/26 21:57:38 Currently monitoring 1 HTCondor log file(s)
07/07/26 21:57:38 Event: ULOG_JOB_TERMINATED for HTCondor Node MERGE_COLLECTION (170308.0.0) {07/07/26 21:57:36}
07/07/26 21:57:38 Number of idle job procs: 0
07/07/26 21:57:38 Node MERGE_COLLECTION job proc (170308.0.0) completed successfully.
07/07/26 21:57:38 Node MERGE_COLLECTION job(s) have exited the queue
07/07/26 21:57:38 DAG status: 0 (DAG_STATUS_OK)
07/07/26 21:57:38 Of 5 nodes total:
07/07/26 21:57:38  Done     Pre   Queued    Post   Ready   Un-Ready   Failed   Futile
07/07/26 21:57:38   ===     ===      ===     ===     ===        ===      ===      ===
07/07/26 21:57:38     2       0        0       0       1          2        0        0
07/07/26 21:57:38 0 job proc(s) currently held
07/07/26 21:57:38 DAGMan Runtime Statistics: [EventCycleTimeAvg=0.000; EventCycleTimeMax=0.022; EventCycleTimeMin=0.000; EventCycleTimeStd=0.001; EventCycleTimeSum=0.726; SleepCycleTimeAvg=5.004; SleepCycleTimeMax=5.069; SleepCycleTimeMin=4.003; SleepCycleTimeStd=0.027; SleepCycleTimeSum=14190.522; SubmitCycleTimeAvg=0.000; SubmitCycleTimeMax=0.000; SubmitCycleTimeMin=0.000; SubmitCycleTimeStd=0.000; SubmitCycleTimeSum=0.002; EventCycleTimeCount=2836.000; SleepCycleTimeCount=2836.000; SubmitCycleTimeCount=2837.000; LogProcessCycleTimeAvg=0.002; LogProcessCycleTimeMax=0.003; LogProcessCycleTimeMin=0.001; LogProcessCycleTimeStd=0.001; LogProcessCycleTimeSum=0.007; LogProcessCycleTimeCount=3.000; ]
07/07/26 21:57:43 Submitting HTCondor Node TRAIN job(s)...
07/07/26 21:57:43 Submitting node TRAIN from file transport_linetrack_70_35_action_shield_train.sub using direct job submission
07/07/26 21:57:43 	assigned HTCondor ID (170478.0.0)
07/07/26 21:57:43 Just submitted 1 job this cycle...
07/07/26 21:57:43 DAG status: 0 (DAG_STATUS_OK)
07/07/26 21:57:43 Of 5 nodes total:
07/07/26 21:57:43  Done     Pre   Queued    Post   Ready   Un-Ready   Failed   Futile
07/07/26 21:57:43   ===     ===      ===     ===     ===        ===      ===      ===
07/07/26 21:57:43     2       0        1       0       0          2        0        0
07/07/26 21:57:43 0 job proc(s) currently held
07/07/26 21:57:43 DAGMan Runtime Statistics: [EventCycleTimeAvg=0.000; EventCycleTimeMax=0.022; EventCycleTimeMin=0.000; EventCycleTimeStd=0.001; EventCycleTimeSum=0.733; SleepCycleTimeAvg=5.004; SleepCycleTimeMax=5.069; SleepCycleTimeMin=4.003; SleepCycleTimeStd=0.027; SleepCycleTimeSum=14195.527; SubmitCycleTimeAvg=0.000; SubmitCycleTimeMax=0.027; SubmitCycleTimeMin=0.000; SubmitCycleTimeStd=0.001; SubmitCycleTimeSum=0.029; EventCycleTimeCount=2837.000; SleepCycleTimeCount=2837.000; SubmitCycleTimeCount=2838.000; LogProcessCycleTimeAvg=0.002; LogProcessCycleTimeMax=0.003; LogProcessCycleTimeMin=0.001; LogProcessCycleTimeStd=0.001; LogProcessCycleTimeSum=0.007; LogProcessCycleTimeCount=3.000; ]
07/07/26 21:57:48 Currently monitoring 1 HTCondor log file(s)
07/07/26 21:57:48 Reassigning the id of job TRAIN from (170478.0.0) to (170478.0.0)
07/07/26 21:57:48 Event: ULOG_SUBMIT for HTCondor Node TRAIN (170478.0.0) {07/07/26 21:57:43}
07/07/26 21:57:48 Number of idle job procs: 1
07/07/26 22:01:18 Total jobs placed to AP: 42
07/07/26 22:01:18      Idle     Held     Running     Successful     Failed
07/07/26 22:01:18       ===      ===         ===            ===        ===
07/07/26 22:01:18         1        0           0             41          0
07/07/26 22:07:49 601 seconds since last log event
07/07/26 22:07:49 Pending DAG nodes:
07/07/26 22:07:49   Node TRAIN, HTCondor ID 170478, status STATUS_SUBMITTED
07/07/26 22:16:19 Total jobs placed to AP: 42
07/07/26 22:16:19      Idle     Held     Running     Successful     Failed
07/07/26 22:16:19       ===      ===         ===            ===        ===
07/07/26 22:16:19         1        0           0             41          0
07/07/26 22:17:49 1201 seconds since last log event
07/07/26 22:17:49 Pending DAG nodes:
07/07/26 22:17:49   Node TRAIN, HTCondor ID 170478, status STATUS_SUBMITTED
07/07/26 22:27:50 1802 seconds since last log event
07/07/26 22:27:50 Pending DAG nodes:
07/07/26 22:27:50   Node TRAIN, HTCondor ID 170478, status STATUS_SUBMITTED
07/07/26 22:31:30 Total jobs placed to AP: 42
07/07/26 22:31:30      Idle     Held     Running     Successful     Failed
07/07/26 22:31:30       ===      ===         ===            ===        ===
07/07/26 22:31:30         1        0           0             41          0
07/07/26 22:37:57 2409 seconds since last log event
07/07/26 22:38:08 Pending DAG nodes:
07/07/26 22:38:08   Node TRAIN, HTCondor ID 170478, status STATUS_SUBMITTED
07/07/26 22:46:31 Total jobs placed to AP: 42
07/07/26 22:46:31      Idle     Held     Running     Successful     Failed
07/07/26 22:46:31       ===      ===         ===            ===        ===
07/07/26 22:46:31         1        0           0             41          0
07/07/26 22:47:57 3009 seconds since last log event
07/07/26 22:47:57 Pending DAG nodes:
07/07/26 22:47:57   Node TRAIN, HTCondor ID 170478, status STATUS_SUBMITTED
07/07/26 22:57:57 3609 seconds since last log event
07/07/26 22:57:57 Pending DAG nodes:
07/07/26 22:57:57   Node TRAIN, HTCondor ID 170478, status STATUS_SUBMITTED
07/07/26 23:01:32 Total jobs placed to AP: 42
07/07/26 23:01:32      Idle     Held     Running     Successful     Failed
07/07/26 23:01:32       ===      ===         ===            ===        ===
07/07/26 23:01:32         1        0           0             41          0
07/07/26 23:07:57 4209 seconds since last log event
07/07/26 23:07:57 Pending DAG nodes:
07/07/26 23:07:57   Node TRAIN, HTCondor ID 170478, status STATUS_SUBMITTED
07/07/26 23:16:32 Total jobs placed to AP: 42
07/07/26 23:16:32      Idle     Held     Running     Successful     Failed
07/07/26 23:16:32       ===      ===         ===            ===        ===
07/07/26 23:16:32         1        0           0             41          0
07/07/26 23:17:57 4809 seconds since last log event
07/07/26 23:17:57 Pending DAG nodes:
07/07/26 23:17:57   Node TRAIN, HTCondor ID 170478, status STATUS_SUBMITTED
07/07/26 23:19:51 Received SIGUSR1
07/07/26 23:19:51 Aborting DAG...
07/07/26 23:19:51 Writing Rescue DAG to transport_linetrack_70_35_action_shield.dag.rescue003...
07/07/26 23:19:51 Removing submitted jobs...
07/07/26 23:19:51 Removing any/all submitted HTCondor jobs...
07/07/26 23:19:51 Running: /usr/bin/condor_rm -const DAGManJobId==170247 -reason DAG' 'Removed:' 'User' 'removed' 'scheduler' 'job' 'from' 'queue.
07/07/26 23:19:51 Note: 0 total node deferrals because of -MaxJobs limit (0)
07/07/26 23:19:51 Note: 0 total node deferrals because of -MaxIdle limit (1000)
07/07/26 23:19:51 Note: 0 total node deferrals because of node category throttles
07/07/26 23:19:51 Note: 0 total PRE script deferrals because of -MaxPre limit (20) or DEFER
07/07/26 23:19:51 Note: 0 total POST script deferrals because of -MaxPost limit (20) or DEFER
07/07/26 23:19:51 Note: 0 total HOLD script deferrals because of -MaxHold limit (20) or DEFER
07/07/26 23:19:51 DAG status: 4 (DAG_STATUS_RM)
07/07/26 23:19:51 Of 5 nodes total:
07/07/26 23:19:51  Done     Pre   Queued    Post   Ready   Un-Ready   Failed   Futile
07/07/26 23:19:51   ===     ===      ===     ===     ===        ===      ===      ===
07/07/26 23:19:51     2       0        1       0       0          2        0        0
07/07/26 23:19:51 0 job proc(s) currently held
07/07/26 23:19:51 DAGMan Runtime Statistics: [EventCycleTimeAvg=0.053; EventCycleTimeMax=30.130; EventCycleTimeMin=0.000; EventCycleTimeStd=0.937; EventCycleTimeSum=200.733; SleepCycleTimeAvg=5.019; SleepCycleTimeMax=38.409; SleepCycleTimeMin=4.003; SleepCycleTimeStd=0.589; SleepCycleTimeSum=18919.831; SubmitCycleTimeAvg=0.000; SubmitCycleTimeMax=0.027; SubmitCycleTimeMin=0.000; SubmitCycleTimeStd=0.000; SubmitCycleTimeSum=0.030; EventCycleTimeCount=3771.000; SleepCycleTimeCount=3770.000; SubmitCycleTimeCount=3771.000; LogProcessCycleTimeAvg=0.002; LogProcessCycleTimeMax=0.003; LogProcessCycleTimeMin=0.001; LogProcessCycleTimeStd=0.001; LogProcessCycleTimeSum=0.010; LogProcessCycleTimeCount=4.000; ]
07/07/26 23:19:51 Wrote metrics file transport_linetrack_70_35_action_shield.dag.metrics.
07/07/26 23:19:51 DAGMan Runtime Statistics: [EventCycleTimeAvg=0.053; EventCycleTimeMax=30.130; EventCycleTimeMin=0.000; EventCycleTimeStd=0.937; EventCycleTimeSum=200.733; SleepCycleTimeAvg=5.019; SleepCycleTimeMax=38.409; SleepCycleTimeMin=4.003; SleepCycleTimeStd=0.589; SleepCycleTimeSum=18919.831; SubmitCycleTimeAvg=0.000; SubmitCycleTimeMax=0.027; SubmitCycleTimeMin=0.000; SubmitCycleTimeStd=0.000; SubmitCycleTimeSum=0.030; EventCycleTimeCount=3771.000; SleepCycleTimeCount=3770.000; SubmitCycleTimeCount=3771.000; LogProcessCycleTimeAvg=0.002; LogProcessCycleTimeMax=0.003; LogProcessCycleTimeMin=0.001; LogProcessCycleTimeStd=0.001; LogProcessCycleTimeSum=0.010; LogProcessCycleTimeCount=4.000; ]
07/07/26 23:19:51 **** condor_scheduniv_exec.170247.0 (condor_DAGMAN) pid 589461 EXITING WITH STATUS 2
07/07/26 23:42:03 ******************************************************
07/07/26 23:42:03 ** condor_scheduniv_exec.170523.0 (CONDOR_DAGMAN) STARTING UP
07/07/26 23:42:03 ** /usr/bin/condor_dagman
07/07/26 23:42:03 ** SubsystemInfo: name=DAGMAN type=DAGMAN(9) class=CLIENT(2)
07/07/26 23:42:03 ** Configuration: subsystem:DAGMAN local:<NONE> class:CLIENT
07/07/26 23:42:03 ** $CondorVersion: 24.12.19 2026-04-15 BuildID: 896241 PackageID: 24.12.19-1+deb12 GitSHA: c68f3e0e $
07/07/26 23:42:03 ** $CondorPlatform: X86_64-Debian_12 $
07/07/26 23:42:03 ** PID = 717207 RealUID = 1620002036
07/07/26 23:42:03 ** Log last touched 7/7 23:19:51
07/07/26 23:42:03 ******************************************************
07/07/26 23:42:03 Using config source: /etc/condor/condor_config
07/07/26 23:42:03 Using local config sources: 
07/07/26 23:42:03    /etc/condor/config.d/01-submit.conf
07/07/26 23:42:03    /etc/condor/config.d/10-stash-plugin.conf
07/07/26 23:42:03    /etc/condor/config.d/23-network.config
07/07/26 23:42:03    /etc/condor/config.d/31-mail.conf
07/07/26 23:42:03    /etc/condor/config.d/35-cc-sync.conf
07/07/26 23:42:03    /etc/condor/config.d/41-periodic-remove.conf
07/07/26 23:42:03    /etc/condor/config.d/49-common.conf
07/07/26 23:42:03    /etc/condor/config.d/52-group-mapping.conf
07/07/26 23:42:03    /etc/condor/config.d/54-container.conf
07/07/26 23:42:03    /etc/condor/config.d/67-submit-transforms.conf
07/07/26 23:42:03    /etc/condor/config.d/71-submit-requirements.conf
07/07/26 23:42:03    /etc/condor/condor_config.local
07/07/26 23:42:03 config Macros = 110, Sorted = 110, StringBytes = 6389, TablesBytes = 4088
07/07/26 23:42:03 CLASSAD_CACHING is ENABLED
07/07/26 23:42:03 Daemon Log is logging: D_ALWAYS D_ERROR D_STATUS
07/07/26 23:42:03 Daemoncore: Listening at <0.0.0.0:2791> on TCP (ReliSock) and UDP (SafeSock).
07/07/26 23:42:03 DaemonCore: command socket at <10.143.248.60:2791?addrs=10.143.248.60-2791&alias=conduit.hpc.uni-saarland.de>
07/07/26 23:42:03 DaemonCore: private command socket at <10.143.248.60:2791?addrs=10.143.248.60-2791&alias=conduit.hpc.uni-saarland.de>
07/07/26 23:42:03 DAGMAN_USE_STRICT setting: 1
07/07/26 23:42:03 DAGMAN_VERBOSITY setting: 3
07/07/26 23:42:03 DAGMAN_DEBUG_CACHE_SIZE setting: 5242880
07/07/26 23:42:03 DAGMAN_DEBUG_CACHE_ENABLE setting: False
07/07/26 23:42:03 DAGMAN_SUBMIT_DELAY setting: 0
07/07/26 23:42:03 DAGMAN_MAX_SUBMIT_ATTEMPTS setting: 6
07/07/26 23:42:03 DAGMAN_STARTUP_CYCLE_DETECT setting: False
07/07/26 23:42:03 DAGMAN_USE_JOIN_NODES setting: True
07/07/26 23:42:03 DAGMAN_REPORT_GRAPH_METRICS setting: False
07/07/26 23:42:03 DAGMAN_MAX_SUBMITS_PER_INTERVAL setting: 100
07/07/26 23:42:03 DAGMAN_AGGRESSIVE_SUBMIT setting: False
07/07/26 23:42:03 DAGMAN_USER_LOG_SCAN_INTERVAL setting: 5
07/07/26 23:42:03 DAGMAN_QUEUE_UPDATE_INTERVAL setting: 300.000000
07/07/26 23:42:03 DAGMAN_DEFAULT_PRIORITY setting: 0
07/07/26 23:42:03 DAGMAN_SUPPRESS_NOTIFICATION setting: False
07/07/26 23:42:03 allow_events (DAGMAN_ALLOW_EVENTS) setting: 114
07/07/26 23:42:03 DAGMAN_RETRY_SUBMIT_FIRST setting: True
07/07/26 23:42:03 DAGMAN_RETRY_NODE_FIRST setting: False
07/07/26 23:42:03 DAGMAN_MAX_JOBS_IDLE setting: 1000
07/07/26 23:42:03 DAGMAN_MAX_JOBS_SUBMITTED setting: 0
07/07/26 23:42:03 DAGMAN_MAX_PRE_SCRIPTS setting: 20
07/07/26 23:42:03 DAGMAN_MAX_POST_SCRIPTS setting: 20
07/07/26 23:42:03 DAGMAN_MAX_HOLD_SCRIPTS setting: 20
07/07/26 23:42:03 DAGMAN_MUNGE_NODE_NAMES setting: True
07/07/26 23:42:03 DAGMAN_ALLOW_ANY_NODE_NAME_CHARACTERS setting: False
07/07/26 23:42:03 DAGMAN_PROHIBIT_MULTI_JOBS setting: False
07/07/26 23:42:03 DAGMAN_SUBMIT_DEPTH_FIRST setting: False
07/07/26 23:42:03 DAGMAN_ALWAYS_RUN_POST setting: False
07/07/26 23:42:03 DAGMAN_CONDOR_SUBMIT_EXE setting: /usr/bin/condor_submit
07/07/26 23:42:03 DAGMAN_CONDOR_RM_EXE setting: /usr/bin/condor_rm
07/07/26 23:42:03 DAGMAN_USE_DIRECT_SUBMIT setting: True
07/07/26 23:42:03 DAGMAN_PRODUCE_JOB_CREDENTIALS setting: True
07/07/26 23:42:03 DAGMAN_DEFAULT_APPEND_VARS setting: False
07/07/26 23:42:03 DAGMAN_INHERIT_ATTRS_PREFIX setting: 
07/07/26 23:42:03 DAGMAN_INHERIT_ATTRS setting: 
07/07/26 23:42:03 DAGMAN_ABORT_DUPLICATES setting: True
07/07/26 23:42:03 DAGMAN_ABORT_ON_SCARY_SUBMIT setting: True
07/07/26 23:42:03 DAGMAN_PENDING_REPORT_INTERVAL setting: 600
07/07/26 23:42:03 DAGMAN_CHECK_QUEUE_INTERVAL setting: 28800
07/07/26 23:42:03 DAGMAN_PRINT_JOB_TABLE_INTERVAL setting: 900
07/07/26 23:42:03 DAGMAN_AUTO_RESCUE setting: True
07/07/26 23:42:03 DAGMAN_MAX_RESCUE_NUM setting: 100
07/07/26 23:42:03 DAGMAN_WRITE_PARTIAL_RESCUE setting: True
07/07/26 23:42:03 DAGMAN_RESET_RETRIES_UPON_RESCUE setting: True
07/07/26 23:42:03 DAGMAN_METRICS_FILE_VERSION setting: 2
07/07/26 23:42:03 DAGMAN_DEFAULT_NODE_LOG setting: @(DAG_DIR)/@(DAG_FILE).nodes.log
07/07/26 23:42:03 DAGMAN_LOG_ON_NFS_IS_ERROR setting: False
07/07/26 23:42:03 DAGMAN_GENERATE_SUBDAG_SUBMITS setting: True
07/07/26 23:42:03 DAGMAN_MAX_JOB_HOLDS setting: 100
07/07/26 23:42:03 DAGMAN_NODE_JOB_FAILURE_TOLERANCE setting: 0
07/07/26 23:42:03 DAGMAN_HOLD_CLAIM_TIME setting: 20
07/07/26 23:42:03 DAGMAN_SUPPRESS_JOB_LOGS setting: False
07/07/26 23:42:03 DAGMAN_REMOVE_NODE_JOBS setting: True
07/07/26 23:42:03 DAGMAN_PUT_FAILED_JOBS_ON_HOLD setting: False
07/07/26 23:42:03 DAGMAN_REMOVE_JOBS_AFTER_LIMIT_CHANGE setting: False
07/07/26 23:42:03 DAGMAN will adjust edges after parsing
07/07/26 23:42:03 argv[0] == "condor_scheduniv_exec.170523.0"
07/07/26 23:42:03 argv[1] == "-Lockfile"
07/07/26 23:42:03 argv[2] == "transport_linetrack_70_35_action_shield.dag.lock"
07/07/26 23:42:03 argv[3] == "-Dag"
07/07/26 23:42:03 argv[4] == "transport_linetrack_70_35_action_shield.dag"
07/07/26 23:42:03 argv[5] == "-CsdVersion"
07/07/26 23:42:03 argv[6] == "$CondorVersion: 24.12.19 2026-04-15 BuildID: 896241 PackageID: 24.12.19-1+deb12 GitSHA: c68f3e0e $"
07/07/26 23:42:03 argv[7] == "-dagman"
07/07/26 23:42:03 argv[8] == "/usr/bin/condor_dagman"
07/07/26 23:42:03 argv[9] == "-AutoRescue"
07/07/26 23:42:03 argv[10] == "1"
07/07/26 23:42:03 argv[11] == "-DoRescueFrom"
07/07/26 23:42:03 argv[12] == "0"
07/07/26 23:42:03 Can't open directory "/etc/condor/passwords.d" as PRIV_ROOT, errno: 13 (Permission denied)
07/07/26 23:42:03 Can't open directory "/etc/condor/passwords.d" as PRIV_ROOT, errno: 13 (Permission denied)
07/07/26 23:42:03 Workflow batch-id: <170523.0>
07/07/26 23:42:03 Workflow batch-name: <transport_linetrack_70_35_action_shield.dag+170523>
07/07/26 23:42:03 Workflow accounting_group: <teaching>
07/07/26 23:42:03 Workflow accounting_group_user: <atml_team041>
07/07/26 23:42:03 Warning: failed to get attribute DAGNodeName
07/07/26 23:42:03 Default node log file is: </home/atml_team041/condor_tutorial/jani_env/experiments/repair_wo_domain/submissions/action_shield/transport_linetrack/./transport_linetrack_70_35_action_shield.dag.nodes.log>
07/07/26 23:42:03 DAG Lockfile will be written to transport_linetrack_70_35_action_shield.dag.lock
07/07/26 23:42:03 DAG Input file is transport_linetrack_70_35_action_shield.dag
07/07/26 23:42:03 Parsing 1 dagfiles
07/07/26 23:42:03 Parsing transport_linetrack_70_35_action_shield.dag ...
07/07/26 23:42:03 Adjusting edges
07/07/26 23:42:03 Found rescue DAG number 3; running transport_linetrack_70_35_action_shield.dag.rescue003 in combination with normal DAG file
07/07/26 23:42:03 ~~~~~~~~~~~~~~~~~~~~~~~~~~~~~~~~~~~~~~~~~~~~~~~~~~~~~~
07/07/26 23:42:03 USING RESCUE DAG transport_linetrack_70_35_action_shield.dag.rescue003
07/07/26 23:42:03 Dag contains 5 total nodes
07/07/26 23:42:03 Bootstrapping...
07/07/26 23:42:03 Number of pre-completed nodes: 2
07/07/26 23:42:03 MultiLogFiles: truncating log file /home/atml_team041/condor_tutorial/jani_env/experiments/repair_wo_domain/submissions/action_shield/transport_linetrack/./transport_linetrack_70_35_action_shield.dag.nodes.log
07/07/26 23:42:03 DAG status: 0 (DAG_STATUS_OK)
07/07/26 23:42:03 Of 5 nodes total:
07/07/26 23:42:03  Done     Pre   Queued    Post   Ready   Un-Ready   Failed   Futile
07/07/26 23:42:03   ===     ===      ===     ===     ===        ===      ===      ===
07/07/26 23:42:03     2       0        0       0       1          2        0        0
07/07/26 23:42:03 0 job proc(s) currently held
07/07/26 23:42:03 DAGMan Runtime Statistics: [EventCycleTimeSum=0.000; SleepCycleTimeSum=0.000; SubmitCycleTimeSum=0.000; EventCycleTimeCount=0.000; SleepCycleTimeCount=0.000; SubmitCycleTimeCount=0.000; LogProcessCycleTimeSum=0.000; LogProcessCycleTimeCount=0.000; ]
07/07/26 23:42:03 Registering condor_event_timer...
07/07/26 23:42:04 Submitting HTCondor Node TRAIN job(s)...
07/07/26 23:42:04 Submitting node TRAIN from file transport_linetrack_70_35_action_shield_train.sub using direct job submission
07/07/26 23:42:04 	assigned HTCondor ID (170528.0.0)
07/07/26 23:42:04 Just submitted 1 job this cycle...
07/07/26 23:42:04 DAG status: 0 (DAG_STATUS_OK)
07/07/26 23:42:04 Of 5 nodes total:
07/07/26 23:42:04  Done     Pre   Queued    Post   Ready   Un-Ready   Failed   Futile
07/07/26 23:42:04   ===     ===      ===     ===     ===        ===      ===      ===
07/07/26 23:42:04     2       0        1       0       0          2        0        0
07/07/26 23:42:04 0 job proc(s) currently held
07/07/26 23:42:04 DAGMan Runtime Statistics: [EventCycleTimeSum=0.000; SleepCycleTimeSum=0.000; SubmitCycleTimeAvg=0.341; SubmitCycleTimeMax=0.341; SubmitCycleTimeMin=0.341; SubmitCycleTimeStd=0.341; SubmitCycleTimeSum=0.341; EventCycleTimeCount=0.000; SleepCycleTimeCount=0.000; SubmitCycleTimeCount=1.000; LogProcessCycleTimeSum=0.000; LogProcessCycleTimeCount=0.000; ]
07/07/26 23:42:09 Currently monitoring 1 HTCondor log file(s)
07/07/26 23:42:09 Reassigning the id of job TRAIN from (170528.0.0) to (170528.0.0)
07/07/26 23:42:09 Event: ULOG_SUBMIT for HTCondor Node TRAIN (170528.0.0) {07/07/26 23:42:04}
07/07/26 23:42:09 Number of idle job procs: 1
07/07/26 23:52:10 601 seconds since last log event
07/07/26 23:52:10 Pending DAG nodes:
07/07/26 23:52:10   Node TRAIN, HTCondor ID 170528, status STATUS_SUBMITTED
07/07/26 23:57:05 Total jobs placed to AP: 1
07/07/26 23:57:05      Idle     Held     Running     Successful     Failed
07/07/26 23:57:05       ===      ===         ===            ===        ===
07/07/26 23:57:05         1        0           0              0          0
07/08/26 00:02:10 1201 seconds since last log event
07/08/26 00:02:10 Pending DAG nodes:
07/08/26 00:02:10   Node TRAIN, HTCondor ID 170528, status STATUS_SUBMITTED
07/08/26 00:12:06 Total jobs placed to AP: 1
07/08/26 00:12:06      Idle     Held     Running     Successful     Failed
07/08/26 00:12:06       ===      ===         ===            ===        ===
07/08/26 00:12:06         1        0           0              0          0
07/08/26 00:12:11 1802 seconds since last log event
07/08/26 00:12:11 Pending DAG nodes:
07/08/26 00:12:11   Node TRAIN, HTCondor ID 170528, status STATUS_SUBMITTED
07/08/26 00:22:11 2402 seconds since last log event
07/08/26 00:22:11 Pending DAG nodes:
07/08/26 00:22:11   Node TRAIN, HTCondor ID 170528, status STATUS_SUBMITTED
07/08/26 00:25:56 Currently monitoring 1 HTCondor log file(s)
07/08/26 00:25:56 Event: ULOG_EXECUTE for HTCondor Node TRAIN (170528.0.0) {07/08/26 00:25:56}
07/08/26 00:25:56 Number of idle job procs: 0
07/08/26 00:26:01 Currently monitoring 1 HTCondor log file(s)
07/08/26 00:26:01 Event: ULOG_JOB_TERMINATED for HTCondor Node TRAIN (170528.0.0) {07/08/26 00:26:01}
07/08/26 00:26:01 Number of idle job procs: 0
07/08/26 00:26:01 Node TRAIN job proc (170528.0.0) failed with status 1.
07/08/26 00:26:01 Node TRAIN job(s) have exited the queue
07/08/26 00:26:01 DAG status: 2 (DAG_STATUS_NODE_FAILED)
07/08/26 00:26:01 Of 5 nodes total:
07/08/26 00:26:01  Done     Pre   Queued    Post   Ready   Un-Ready   Failed   Futile
07/08/26 00:26:01   ===     ===      ===     ===     ===        ===      ===      ===
07/08/26 00:26:01     2       0        0       0       0          0        1        2
07/08/26 00:26:01 0 job proc(s) currently held
07/08/26 00:26:01 DAGMan Runtime Statistics: [EventCycleTimeAvg=0.001; EventCycleTimeMax=0.346; EventCycleTimeMin=0.000; EventCycleTimeStd=0.015; EventCycleTimeSum=0.449; SleepCycleTimeAvg=5.004; SleepCycleTimeMax=5.023; SleepCycleTimeMin=5.001; SleepCycleTimeStd=0.002; SleepCycleTimeSum=2637.144; SubmitCycleTimeAvg=0.001; SubmitCycleTimeMax=0.341; SubmitCycleTimeMin=0.000; SubmitCycleTimeStd=0.015; SubmitCycleTimeSum=0.341; EventCycleTimeCount=527.000; SleepCycleTimeCount=527.000; SubmitCycleTimeCount=528.000; LogProcessCycleTimeAvg=0.003; LogProcessCycleTimeMax=0.003; LogProcessCycleTimeMin=0.002; LogProcessCycleTimeStd=0.001; LogProcessCycleTimeSum=0.008; LogProcessCycleTimeCount=3.000; ]
07/08/26 00:26:01 ERROR: the following job(s) failed:
07/08/26 00:26:01 ---------------------- Node ----------------------
07/08/26 00:26:01       Node Name: TRAIN
07/08/26 00:26:01            Noop: false
07/08/26 00:26:01          NodeID: 2
07/08/26 00:26:01     Node Status: STATUS_ERROR    
07/08/26 00:26:01 Node return val: 1
07/08/26 00:26:01           Error: Job proc (170528.0.0) failed with status 1
07/08/26 00:26:01 Job Submit File: transport_linetrack_70_35_action_shield_train.sub
07/08/26 00:26:01  HTCondor Job ID: (170528.0.0)
07/08/26 00:26:01 PARENTS: MERGE_COLLECTION WAITING: 0 CHILDREN: EVALUATE
07/08/26 00:26:01 ---------------------------------------	<END>
07/08/26 00:26:01 Aborting DAG...
07/08/26 00:26:01 Writing Rescue DAG to transport_linetrack_70_35_action_shield.dag.rescue004...
07/08/26 00:26:01 Removing submitted jobs...
07/08/26 00:26:01 Removing any/all submitted HTCondor jobs...
07/08/26 00:26:01 Running: /usr/bin/condor_rm -const DAGManJobId==170523 -reason DAG' 'Abort:' 'DAG' 'is' 'exiting' 'and' 'writing' 'rescue' 'file.
07/08/26 00:26:01 Note: 0 total node deferrals because of -MaxJobs limit (0)
07/08/26 00:26:01 Note: 0 total node deferrals because of -MaxIdle limit (1000)
07/08/26 00:26:01 Note: 0 total node deferrals because of node category throttles
07/08/26 00:26:01 Note: 0 total PRE script deferrals because of -MaxPre limit (20) or DEFER
07/08/26 00:26:01 Note: 0 total POST script deferrals because of -MaxPost limit (20) or DEFER
07/08/26 00:26:01 Note: 0 total HOLD script deferrals because of -MaxHold limit (20) or DEFER
07/08/26 00:26:01 DAG status: 2 (DAG_STATUS_NODE_FAILED)
07/08/26 00:26:01 Of 5 nodes total:
07/08/26 00:26:01  Done     Pre   Queued    Post   Ready   Un-Ready   Failed   Futile
07/08/26 00:26:01   ===     ===      ===     ===     ===        ===      ===      ===
07/08/26 00:26:01     2       0        0       0       0          0        1        2
07/08/26 00:26:01 0 job proc(s) currently held
07/08/26 00:26:01 DAGMan Runtime Statistics: [EventCycleTimeAvg=0.001; EventCycleTimeMax=0.346; EventCycleTimeMin=0.000; EventCycleTimeStd=0.015; EventCycleTimeSum=0.449; SleepCycleTimeAvg=5.004; SleepCycleTimeMax=5.023; SleepCycleTimeMin=5.001; SleepCycleTimeStd=0.002; SleepCycleTimeSum=2637.144; SubmitCycleTimeAvg=0.001; SubmitCycleTimeMax=0.341; SubmitCycleTimeMin=0.000; SubmitCycleTimeStd=0.015; SubmitCycleTimeSum=0.341; EventCycleTimeCount=527.000; SleepCycleTimeCount=527.000; SubmitCycleTimeCount=528.000; LogProcessCycleTimeAvg=0.003; LogProcessCycleTimeMax=0.003; LogProcessCycleTimeMin=0.002; LogProcessCycleTimeStd=0.001; LogProcessCycleTimeSum=0.008; LogProcessCycleTimeCount=3.000; ]
07/08/26 00:26:01 Wrote metrics file transport_linetrack_70_35_action_shield.dag.metrics.
07/08/26 00:26:01 DAGMan Runtime Statistics: [EventCycleTimeAvg=0.001; EventCycleTimeMax=0.346; EventCycleTimeMin=0.000; EventCycleTimeStd=0.015; EventCycleTimeSum=0.449; SleepCycleTimeAvg=5.004; SleepCycleTimeMax=5.023; SleepCycleTimeMin=5.001; SleepCycleTimeStd=0.002; SleepCycleTimeSum=2637.144; SubmitCycleTimeAvg=0.001; SubmitCycleTimeMax=0.341; SubmitCycleTimeMin=0.000; SubmitCycleTimeStd=0.015; SubmitCycleTimeSum=0.341; EventCycleTimeCount=527.000; SleepCycleTimeCount=527.000; SubmitCycleTimeCount=528.000; LogProcessCycleTimeAvg=0.003; LogProcessCycleTimeMax=0.003; LogProcessCycleTimeMin=0.002; LogProcessCycleTimeStd=0.001; LogProcessCycleTimeSum=0.008; LogProcessCycleTimeCount=3.000; ]
07/08/26 00:26:02 **** condor_scheduniv_exec.170523.0 (condor_DAGMAN) pid 717207 EXITING WITH STATUS 1
