07/06/26 18:25:14 ******************************************************
07/06/26 18:25:14 ** condor_scheduniv_exec.170261.0 (CONDOR_DAGMAN) STARTING UP
07/06/26 18:25:14 ** /usr/bin/condor_dagman
07/06/26 18:25:14 ** SubsystemInfo: name=DAGMAN type=DAGMAN(9) class=CLIENT(2)
07/06/26 18:25:14 ** Configuration: subsystem:DAGMAN local:<NONE> class:CLIENT
07/06/26 18:25:14 ** $CondorVersion: 24.12.19 2026-04-15 BuildID: 896241 PackageID: 24.12.19-1+deb12 GitSHA: c68f3e0e $
07/06/26 18:25:14 ** $CondorPlatform: X86_64-Debian_12 $
07/06/26 18:25:14 ** PID = 42715 RealUID = 1620002036
07/06/26 18:25:14 ** Log last touched time unavailable (No such file or directory)
07/06/26 18:25:14 ******************************************************
07/06/26 18:25:14 Using config source: /etc/condor/condor_config
07/06/26 18:25:14 Using local config sources: 
07/06/26 18:25:14    /etc/condor/config.d/01-submit.conf
07/06/26 18:25:14    /etc/condor/config.d/10-stash-plugin.conf
07/06/26 18:25:14    /etc/condor/config.d/23-network.config
07/06/26 18:25:14    /etc/condor/config.d/31-mail.conf
07/06/26 18:25:14    /etc/condor/config.d/35-cc-sync.conf
07/06/26 18:25:14    /etc/condor/config.d/41-periodic-remove.conf
07/06/26 18:25:14    /etc/condor/config.d/49-common.conf
07/06/26 18:25:14    /etc/condor/config.d/52-group-mapping.conf
07/06/26 18:25:14    /etc/condor/config.d/54-container.conf
07/06/26 18:25:14    /etc/condor/config.d/67-submit-transforms.conf
07/06/26 18:25:14    /etc/condor/config.d/71-submit-requirements.conf
07/06/26 18:25:14    /etc/condor/condor_config.local
07/06/26 18:25:14 config Macros = 110, Sorted = 110, StringBytes = 6399, TablesBytes = 4088
07/06/26 18:25:14 CLASSAD_CACHING is ENABLED
07/06/26 18:25:14 Daemon Log is logging: D_ALWAYS D_ERROR D_STATUS
07/06/26 18:25:14 Daemoncore: Listening at <0.0.0.0:27451> on TCP (ReliSock) and UDP (SafeSock).
07/06/26 18:25:14 DaemonCore: command socket at <10.143.248.60:27451?addrs=10.143.248.60-27451&alias=conduit.hpc.uni-saarland.de>
07/06/26 18:25:14 DaemonCore: private command socket at <10.143.248.60:27451?addrs=10.143.248.60-27451&alias=conduit.hpc.uni-saarland.de>
07/06/26 18:25:14 DAGMAN_USE_STRICT setting: 1
07/06/26 18:25:14 DAGMAN_VERBOSITY setting: 3
07/06/26 18:25:14 DAGMAN_DEBUG_CACHE_SIZE setting: 5242880
07/06/26 18:25:14 DAGMAN_DEBUG_CACHE_ENABLE setting: False
07/06/26 18:25:14 DAGMAN_SUBMIT_DELAY setting: 0
07/06/26 18:25:14 DAGMAN_MAX_SUBMIT_ATTEMPTS setting: 6
07/06/26 18:25:14 DAGMAN_STARTUP_CYCLE_DETECT setting: False
07/06/26 18:25:14 DAGMAN_USE_JOIN_NODES setting: True
07/06/26 18:25:14 DAGMAN_REPORT_GRAPH_METRICS setting: False
07/06/26 18:25:14 DAGMAN_MAX_SUBMITS_PER_INTERVAL setting: 100
07/06/26 18:25:14 DAGMAN_AGGRESSIVE_SUBMIT setting: False
07/06/26 18:25:14 DAGMAN_USER_LOG_SCAN_INTERVAL setting: 5
07/06/26 18:25:14 DAGMAN_QUEUE_UPDATE_INTERVAL setting: 300.000000
07/06/26 18:25:14 DAGMAN_DEFAULT_PRIORITY setting: 0
07/06/26 18:25:14 DAGMAN_SUPPRESS_NOTIFICATION setting: False
07/06/26 18:25:14 allow_events (DAGMAN_ALLOW_EVENTS) setting: 114
07/06/26 18:25:14 DAGMAN_RETRY_SUBMIT_FIRST setting: True
07/06/26 18:25:14 DAGMAN_RETRY_NODE_FIRST setting: False
07/06/26 18:25:14 DAGMAN_MAX_JOBS_IDLE setting: 1000
07/06/26 18:25:14 DAGMAN_MAX_JOBS_SUBMITTED setting: 0
07/06/26 18:25:14 DAGMAN_MAX_PRE_SCRIPTS setting: 20
07/06/26 18:25:14 DAGMAN_MAX_POST_SCRIPTS setting: 20
07/06/26 18:25:14 DAGMAN_MAX_HOLD_SCRIPTS setting: 20
07/06/26 18:25:14 DAGMAN_MUNGE_NODE_NAMES setting: True
07/06/26 18:25:14 DAGMAN_ALLOW_ANY_NODE_NAME_CHARACTERS setting: False
07/06/26 18:25:14 DAGMAN_PROHIBIT_MULTI_JOBS setting: False
07/06/26 18:25:14 DAGMAN_SUBMIT_DEPTH_FIRST setting: False
07/06/26 18:25:14 DAGMAN_ALWAYS_RUN_POST setting: False
07/06/26 18:25:14 DAGMAN_CONDOR_SUBMIT_EXE setting: /usr/bin/condor_submit
07/06/26 18:25:14 DAGMAN_CONDOR_RM_EXE setting: /usr/bin/condor_rm
07/06/26 18:25:14 DAGMAN_USE_DIRECT_SUBMIT setting: True
07/06/26 18:25:14 DAGMAN_PRODUCE_JOB_CREDENTIALS setting: True
07/06/26 18:25:14 DAGMAN_DEFAULT_APPEND_VARS setting: False
07/06/26 18:25:14 DAGMAN_INHERIT_ATTRS_PREFIX setting: 
07/06/26 18:25:14 DAGMAN_INHERIT_ATTRS setting: 
07/06/26 18:25:14 DAGMAN_ABORT_DUPLICATES setting: True
07/06/26 18:25:14 DAGMAN_ABORT_ON_SCARY_SUBMIT setting: True
07/06/26 18:25:14 DAGMAN_PENDING_REPORT_INTERVAL setting: 600
07/06/26 18:25:14 DAGMAN_CHECK_QUEUE_INTERVAL setting: 28800
07/06/26 18:25:14 DAGMAN_PRINT_JOB_TABLE_INTERVAL setting: 900
07/06/26 18:25:14 DAGMAN_AUTO_RESCUE setting: True
07/06/26 18:25:14 DAGMAN_MAX_RESCUE_NUM setting: 100
07/06/26 18:25:14 DAGMAN_WRITE_PARTIAL_RESCUE setting: True
07/06/26 18:25:14 DAGMAN_RESET_RETRIES_UPON_RESCUE setting: True
07/06/26 18:25:14 DAGMAN_METRICS_FILE_VERSION setting: 2
07/06/26 18:25:14 DAGMAN_DEFAULT_NODE_LOG setting: @(DAG_DIR)/@(DAG_FILE).nodes.log
07/06/26 18:25:14 DAGMAN_LOG_ON_NFS_IS_ERROR setting: False
07/06/26 18:25:14 DAGMAN_GENERATE_SUBDAG_SUBMITS setting: True
07/06/26 18:25:14 DAGMAN_MAX_JOB_HOLDS setting: 100
07/06/26 18:25:14 DAGMAN_NODE_JOB_FAILURE_TOLERANCE setting: 0
07/06/26 18:25:14 DAGMAN_HOLD_CLAIM_TIME setting: 20
07/06/26 18:25:14 DAGMAN_SUPPRESS_JOB_LOGS setting: False
07/06/26 18:25:14 DAGMAN_REMOVE_NODE_JOBS setting: True
07/06/26 18:25:14 DAGMAN_PUT_FAILED_JOBS_ON_HOLD setting: False
07/06/26 18:25:14 DAGMAN_REMOVE_JOBS_AFTER_LIMIT_CHANGE setting: False
07/06/26 18:25:14 DAGMAN will adjust edges after parsing
07/06/26 18:25:14 argv[0] == "condor_scheduniv_exec.170261.0"
07/06/26 18:25:14 argv[1] == "-Lockfile"
07/06/26 18:25:14 argv[2] == "one_way_line_det_one_way_line_50_25_action_shield.dag.lock"
07/06/26 18:25:14 argv[3] == "-Dag"
07/06/26 18:25:14 argv[4] == "one_way_line_det_one_way_line_50_25_action_shield.dag"
07/06/26 18:25:14 argv[5] == "-CsdVersion"
07/06/26 18:25:14 argv[6] == "$CondorVersion: 24.12.19 2026-04-15 BuildID: 896241 PackageID: 24.12.19-1+deb12 GitSHA: c68f3e0e $"
07/06/26 18:25:14 argv[7] == "-dagman"
07/06/26 18:25:14 argv[8] == "/usr/bin/condor_dagman"
07/06/26 18:25:14 argv[9] == "-AutoRescue"
07/06/26 18:25:14 argv[10] == "1"
07/06/26 18:25:14 argv[11] == "-DoRescueFrom"
07/06/26 18:25:14 argv[12] == "0"
07/06/26 18:25:14 Can't open directory "/etc/condor/passwords.d" as PRIV_ROOT, errno: 13 (Permission denied)
07/06/26 18:25:14 Can't open directory "/etc/condor/passwords.d" as PRIV_ROOT, errno: 13 (Permission denied)
07/06/26 18:25:14 Workflow batch-id: <170261.0>
07/06/26 18:25:14 Workflow batch-name: <one_way_line_det_one_way_line_50_25_action_shield.dag+170261>
07/06/26 18:25:14 Workflow accounting_group: <teaching>
07/06/26 18:25:14 Workflow accounting_group_user: <atml_team041>
07/06/26 18:25:14 Warning: failed to get attribute DAGNodeName
07/06/26 18:25:14 Default node log file is: </home/atml_team041/condor_tutorial/jani_env/experiments/repair_wo_domain/submissions/action_shield/one_way_line_det/./one_way_line_det_one_way_line_50_25_action_shield.dag.nodes.log>
07/06/26 18:25:14 DAG Lockfile will be written to one_way_line_det_one_way_line_50_25_action_shield.dag.lock
07/06/26 18:25:14 DAG Input file is one_way_line_det_one_way_line_50_25_action_shield.dag
07/06/26 18:25:14 Parsing 1 dagfiles
07/06/26 18:25:14 Parsing one_way_line_det_one_way_line_50_25_action_shield.dag ...
07/06/26 18:25:14 Adjusting edges
07/06/26 18:25:14 Dag contains 5 total nodes
07/06/26 18:25:14 Bootstrapping...
07/06/26 18:25:14 Number of pre-completed nodes: 0
07/06/26 18:25:14 MultiLogFiles: truncating log file /home/atml_team041/condor_tutorial/jani_env/experiments/repair_wo_domain/submissions/action_shield/one_way_line_det/./one_way_line_det_one_way_line_50_25_action_shield.dag.nodes.log
07/06/26 18:25:14 DAG status: 0 (DAG_STATUS_OK)
07/06/26 18:25:14 Of 5 nodes total:
07/06/26 18:25:14  Done     Pre   Queued    Post   Ready   Un-Ready   Failed   Futile
07/06/26 18:25:14   ===     ===      ===     ===     ===        ===      ===      ===
07/06/26 18:25:14     0       0        0       0       1          4        0        0
07/06/26 18:25:14 0 job proc(s) currently held
07/06/26 18:25:14 DAGMan Runtime Statistics: [EventCycleTimeSum=0.000; SleepCycleTimeSum=0.000; SubmitCycleTimeSum=0.000; EventCycleTimeCount=0.000; SleepCycleTimeCount=0.000; SubmitCycleTimeCount=0.000; LogProcessCycleTimeSum=0.000; LogProcessCycleTimeCount=0.000; ]
07/06/26 18:25:14 Registering condor_event_timer...
07/06/26 18:25:15 Submitting HTCondor Node COLLECT job(s)...
07/06/26 18:25:15 Submitting node COLLECT from file one_way_line_det_one_way_line_50_25_action_shield_collect.sub using direct job submission
07/06/26 18:25:15 	assigned HTCondor ID (170270.0.0)
07/06/26 18:25:16 Just submitted 1 job this cycle...
07/06/26 18:25:16 DAG status: 0 (DAG_STATUS_OK)
07/06/26 18:25:16 Of 5 nodes total:
07/06/26 18:25:16  Done     Pre   Queued    Post   Ready   Un-Ready   Failed   Futile
07/06/26 18:25:16   ===     ===      ===     ===     ===        ===      ===      ===
07/06/26 18:25:16     0       0        1       0       0          4        0        0
07/06/26 18:25:16 0 job proc(s) currently held
07/06/26 18:25:16 DAGMan Runtime Statistics: [EventCycleTimeSum=0.000; SleepCycleTimeSum=0.000; SubmitCycleTimeAvg=0.707; SubmitCycleTimeMax=0.707; SubmitCycleTimeMin=0.707; SubmitCycleTimeStd=0.707; SubmitCycleTimeSum=0.707; EventCycleTimeCount=0.000; SleepCycleTimeCount=0.000; SubmitCycleTimeCount=1.000; LogProcessCycleTimeSum=0.000; LogProcessCycleTimeCount=0.000; ]
07/06/26 18:25:21 Currently monitoring 1 HTCondor log file(s)
07/06/26 18:25:21 Reassigning the id of job COLLECT from (170270.0.0) to (170270.0.0)
07/06/26 18:25:21 Event: ULOG_SUBMIT for HTCondor Node COLLECT (170270.0.0) {07/06/26 18:25:15}
07/06/26 18:25:21 Number of idle job procs: 1
07/06/26 18:25:21 Reassigning the id of job COLLECT from (170270.0.0) to (170270.1.0)
07/06/26 18:25:21 Event: ULOG_SUBMIT for HTCondor Node COLLECT (170270.1.0) {07/06/26 18:25:15}
07/06/26 18:25:21 Number of idle job procs: 2
07/06/26 18:25:21 Reassigning the id of job COLLECT from (170270.1.0) to (170270.10.0)
07/06/26 18:25:21 Event: ULOG_SUBMIT for HTCondor Node COLLECT (170270.10.0) {07/06/26 18:25:15}
07/06/26 18:25:21 Number of idle job procs: 3
07/06/26 18:25:21 Reassigning the id of job COLLECT from (170270.10.0) to (170270.11.0)
07/06/26 18:25:21 Event: ULOG_SUBMIT for HTCondor Node COLLECT (170270.11.0) {07/06/26 18:25:15}
07/06/26 18:25:21 Number of idle job procs: 4
07/06/26 18:25:21 Reassigning the id of job COLLECT from (170270.11.0) to (170270.12.0)
07/06/26 18:25:21 Event: ULOG_SUBMIT for HTCondor Node COLLECT (170270.12.0) {07/06/26 18:25:15}
07/06/26 18:25:21 Number of idle job procs: 5
07/06/26 18:25:21 Reassigning the id of job COLLECT from (170270.12.0) to (170270.13.0)
07/06/26 18:25:21 Event: ULOG_SUBMIT for HTCondor Node COLLECT (170270.13.0) {07/06/26 18:25:15}
07/06/26 18:25:21 Number of idle job procs: 6
07/06/26 18:25:21 Reassigning the id of job COLLECT from (170270.13.0) to (170270.14.0)
07/06/26 18:25:21 Event: ULOG_SUBMIT for HTCondor Node COLLECT (170270.14.0) {07/06/26 18:25:15}
07/06/26 18:25:21 Number of idle job procs: 7
07/06/26 18:25:21 Reassigning the id of job COLLECT from (170270.14.0) to (170270.15.0)
07/06/26 18:25:21 Event: ULOG_SUBMIT for HTCondor Node COLLECT (170270.15.0) {07/06/26 18:25:15}
07/06/26 18:25:21 Number of idle job procs: 8
07/06/26 18:25:21 Reassigning the id of job COLLECT from (170270.15.0) to (170270.16.0)
07/06/26 18:25:21 Event: ULOG_SUBMIT for HTCondor Node COLLECT (170270.16.0) {07/06/26 18:25:15}
07/06/26 18:25:21 Number of idle job procs: 9
07/06/26 18:25:21 Reassigning the id of job COLLECT from (170270.16.0) to (170270.17.0)
07/06/26 18:25:21 Event: ULOG_SUBMIT for HTCondor Node COLLECT (170270.17.0) {07/06/26 18:25:15}
07/06/26 18:25:21 Number of idle job procs: 10
07/06/26 18:25:21 Reassigning the id of job COLLECT from (170270.17.0) to (170270.18.0)
07/06/26 18:25:21 Event: ULOG_SUBMIT for HTCondor Node COLLECT (170270.18.0) {07/06/26 18:25:15}
07/06/26 18:25:21 Number of idle job procs: 11
07/06/26 18:25:21 Reassigning the id of job COLLECT from (170270.18.0) to (170270.19.0)
07/06/26 18:25:21 Event: ULOG_SUBMIT for HTCondor Node COLLECT (170270.19.0) {07/06/26 18:25:15}
07/06/26 18:25:21 Number of idle job procs: 12
07/06/26 18:25:21 Reassigning the id of job COLLECT from (170270.19.0) to (170270.2.0)
07/06/26 18:25:21 Event: ULOG_SUBMIT for HTCondor Node COLLECT (170270.2.0) {07/06/26 18:25:15}
07/06/26 18:25:21 Number of idle job procs: 13
07/06/26 18:25:21 Reassigning the id of job COLLECT from (170270.2.0) to (170270.20.0)
07/06/26 18:25:21 Event: ULOG_SUBMIT for HTCondor Node COLLECT (170270.20.0) {07/06/26 18:25:15}
07/06/26 18:25:21 Number of idle job procs: 14
07/06/26 18:25:21 Reassigning the id of job COLLECT from (170270.20.0) to (170270.21.0)
07/06/26 18:25:21 Event: ULOG_SUBMIT for HTCondor Node COLLECT (170270.21.0) {07/06/26 18:25:15}
07/06/26 18:25:21 Number of idle job procs: 15
07/06/26 18:25:21 Reassigning the id of job COLLECT from (170270.21.0) to (170270.22.0)
07/06/26 18:25:21 Event: ULOG_SUBMIT for HTCondor Node COLLECT (170270.22.0) {07/06/26 18:25:15}
07/06/26 18:25:21 Number of idle job procs: 16
07/06/26 18:25:21 Reassigning the id of job COLLECT from (170270.22.0) to (170270.23.0)
07/06/26 18:25:21 Event: ULOG_SUBMIT for HTCondor Node COLLECT (170270.23.0) {07/06/26 18:25:15}
07/06/26 18:25:21 Number of idle job procs: 17
07/06/26 18:25:21 Reassigning the id of job COLLECT from (170270.23.0) to (170270.24.0)
07/06/26 18:25:21 Event: ULOG_SUBMIT for HTCondor Node COLLECT (170270.24.0) {07/06/26 18:25:15}
07/06/26 18:25:21 Number of idle job procs: 18
07/06/26 18:25:21 Reassigning the id of job COLLECT from (170270.24.0) to (170270.25.0)
07/06/26 18:25:21 Event: ULOG_SUBMIT for HTCondor Node COLLECT (170270.25.0) {07/06/26 18:25:15}
07/06/26 18:25:21 Number of idle job procs: 19
07/06/26 18:25:21 Reassigning the id of job COLLECT from (170270.25.0) to (170270.26.0)
07/06/26 18:25:21 Event: ULOG_SUBMIT for HTCondor Node COLLECT (170270.26.0) {07/06/26 18:25:15}
07/06/26 18:25:21 Number of idle job procs: 20
07/06/26 18:25:21 Reassigning the id of job COLLECT from (170270.26.0) to (170270.27.0)
07/06/26 18:25:21 Event: ULOG_SUBMIT for HTCondor Node COLLECT (170270.27.0) {07/06/26 18:25:15}
07/06/26 18:25:21 Number of idle job procs: 21
07/06/26 18:25:21 Reassigning the id of job COLLECT from (170270.27.0) to (170270.28.0)
07/06/26 18:25:21 Event: ULOG_SUBMIT for HTCondor Node COLLECT (170270.28.0) {07/06/26 18:25:15}
07/06/26 18:25:21 Number of idle job procs: 22
07/06/26 18:25:21 Reassigning the id of job COLLECT from (170270.28.0) to (170270.29.0)
07/06/26 18:25:21 Event: ULOG_SUBMIT for HTCondor Node COLLECT (170270.29.0) {07/06/26 18:25:15}
07/06/26 18:25:21 Number of idle job procs: 23
07/06/26 18:25:21 Reassigning the id of job COLLECT from (170270.29.0) to (170270.3.0)
07/06/26 18:25:21 Event: ULOG_SUBMIT for HTCondor Node COLLECT (170270.3.0) {07/06/26 18:25:15}
07/06/26 18:25:21 Number of idle job procs: 24
07/06/26 18:25:21 Reassigning the id of job COLLECT from (170270.3.0) to (170270.30.0)
07/06/26 18:25:21 Event: ULOG_SUBMIT for HTCondor Node COLLECT (170270.30.0) {07/06/26 18:25:15}
07/06/26 18:25:21 Number of idle job procs: 25
07/06/26 18:25:21 Reassigning the id of job COLLECT from (170270.30.0) to (170270.31.0)
07/06/26 18:25:21 Event: ULOG_SUBMIT for HTCondor Node COLLECT (170270.31.0) {07/06/26 18:25:15}
07/06/26 18:25:21 Number of idle job procs: 26
07/06/26 18:25:21 Reassigning the id of job COLLECT from (170270.31.0) to (170270.32.0)
07/06/26 18:25:21 Event: ULOG_SUBMIT for HTCondor Node COLLECT (170270.32.0) {07/06/26 18:25:15}
07/06/26 18:25:21 Number of idle job procs: 27
07/06/26 18:25:21 Reassigning the id of job COLLECT from (170270.32.0) to (170270.33.0)
07/06/26 18:25:21 Event: ULOG_SUBMIT for HTCondor Node COLLECT (170270.33.0) {07/06/26 18:25:15}
07/06/26 18:25:21 Number of idle job procs: 28
07/06/26 18:25:21 Reassigning the id of job COLLECT from (170270.33.0) to (170270.34.0)
07/06/26 18:25:21 Event: ULOG_SUBMIT for HTCondor Node COLLECT (170270.34.0) {07/06/26 18:25:15}
07/06/26 18:25:21 Number of idle job procs: 29
07/06/26 18:25:21 Reassigning the id of job COLLECT from (170270.34.0) to (170270.35.0)
07/06/26 18:25:21 Event: ULOG_SUBMIT for HTCondor Node COLLECT (170270.35.0) {07/06/26 18:25:15}
07/06/26 18:25:21 Number of idle job procs: 30
07/06/26 18:25:21 Reassigning the id of job COLLECT from (170270.35.0) to (170270.36.0)
07/06/26 18:25:21 Event: ULOG_SUBMIT for HTCondor Node COLLECT (170270.36.0) {07/06/26 18:25:15}
07/06/26 18:25:21 Number of idle job procs: 31
07/06/26 18:25:21 Reassigning the id of job COLLECT from (170270.36.0) to (170270.37.0)
07/06/26 18:25:21 Event: ULOG_SUBMIT for HTCondor Node COLLECT (170270.37.0) {07/06/26 18:25:15}
07/06/26 18:25:21 Number of idle job procs: 32
07/06/26 18:25:21 Reassigning the id of job COLLECT from (170270.37.0) to (170270.38.0)
07/06/26 18:25:21 Event: ULOG_SUBMIT for HTCondor Node COLLECT (170270.38.0) {07/06/26 18:25:15}
07/06/26 18:25:21 Number of idle job procs: 33
07/06/26 18:25:21 Reassigning the id of job COLLECT from (170270.38.0) to (170270.39.0)
07/06/26 18:25:21 Event: ULOG_SUBMIT for HTCondor Node COLLECT (170270.39.0) {07/06/26 18:25:15}
07/06/26 18:25:21 Number of idle job procs: 34
07/06/26 18:25:21 Reassigning the id of job COLLECT from (170270.39.0) to (170270.4.0)
07/06/26 18:25:21 Event: ULOG_SUBMIT for HTCondor Node COLLECT (170270.4.0) {07/06/26 18:25:15}
07/06/26 18:25:21 Number of idle job procs: 35
07/06/26 18:25:21 Reassigning the id of job COLLECT from (170270.4.0) to (170270.5.0)
07/06/26 18:25:21 Event: ULOG_SUBMIT for HTCondor Node COLLECT (170270.5.0) {07/06/26 18:25:15}
07/06/26 18:25:21 Number of idle job procs: 36
07/06/26 18:25:21 Reassigning the id of job COLLECT from (170270.5.0) to (170270.6.0)
07/06/26 18:25:21 Event: ULOG_SUBMIT for HTCondor Node COLLECT (170270.6.0) {07/06/26 18:25:15}
07/06/26 18:25:21 Number of idle job procs: 37
07/06/26 18:25:21 Reassigning the id of job COLLECT from (170270.6.0) to (170270.7.0)
07/06/26 18:25:21 Event: ULOG_SUBMIT for HTCondor Node COLLECT (170270.7.0) {07/06/26 18:25:15}
07/06/26 18:25:21 Number of idle job procs: 38
07/06/26 18:25:21 Reassigning the id of job COLLECT from (170270.7.0) to (170270.8.0)
07/06/26 18:25:21 Event: ULOG_SUBMIT for HTCondor Node COLLECT (170270.8.0) {07/06/26 18:25:15}
07/06/26 18:25:21 Number of idle job procs: 39
07/06/26 18:25:21 Reassigning the id of job COLLECT from (170270.8.0) to (170270.9.0)
07/06/26 18:25:21 Event: ULOG_SUBMIT for HTCondor Node COLLECT (170270.9.0) {07/06/26 18:25:15}
07/06/26 18:25:21 Number of idle job procs: 40
07/06/26 18:35:21 600 seconds since last log event
07/06/26 18:35:21 Pending DAG nodes:
07/06/26 18:35:21   Node COLLECT, HTCondor ID 170270, status STATUS_SUBMITTED
07/06/26 18:40:17 Total jobs placed to AP: 40
07/06/26 18:40:17      Idle     Held     Running     Successful     Failed
07/06/26 18:40:17       ===      ===         ===            ===        ===
07/06/26 18:40:17        40        0           0              0          0
07/06/26 18:45:22 1201 seconds since last log event
07/06/26 18:45:22 Pending DAG nodes:
07/06/26 18:45:22   Node COLLECT, HTCondor ID 170270, status STATUS_SUBMITTED
07/06/26 18:55:17 Total jobs placed to AP: 40
07/06/26 18:55:17      Idle     Held     Running     Successful     Failed
07/06/26 18:55:17       ===      ===         ===            ===        ===
07/06/26 18:55:17        40        0           0              0          0
07/06/26 18:55:22 1801 seconds since last log event
07/06/26 18:55:22 Pending DAG nodes:
07/06/26 18:55:22   Node COLLECT, HTCondor ID 170270, status STATUS_SUBMITTED
07/06/26 19:05:23 2402 seconds since last log event
07/06/26 19:05:23 Pending DAG nodes:
07/06/26 19:05:23   Node COLLECT, HTCondor ID 170270, status STATUS_SUBMITTED
07/06/26 19:10:18 Total jobs placed to AP: 40
07/06/26 19:10:18      Idle     Held     Running     Successful     Failed
07/06/26 19:10:18       ===      ===         ===            ===        ===
07/06/26 19:10:18        40        0           0              0          0
07/06/26 19:15:23 3002 seconds since last log event
07/06/26 19:15:23 Pending DAG nodes:
07/06/26 19:15:23   Node COLLECT, HTCondor ID 170270, status STATUS_SUBMITTED
07/06/26 19:25:19 Total jobs placed to AP: 40
07/06/26 19:25:19      Idle     Held     Running     Successful     Failed
07/06/26 19:25:19       ===      ===         ===            ===        ===
07/06/26 19:25:19        40        0           0              0          0
07/06/26 19:25:24 3603 seconds since last log event
07/06/26 19:25:24 Pending DAG nodes:
07/06/26 19:25:24   Node COLLECT, HTCondor ID 170270, status STATUS_SUBMITTED
07/06/26 19:35:25 4204 seconds since last log event
07/06/26 19:35:25 Pending DAG nodes:
07/06/26 19:35:25   Node COLLECT, HTCondor ID 170270, status STATUS_SUBMITTED
07/06/26 19:40:20 Total jobs placed to AP: 40
07/06/26 19:40:20      Idle     Held     Running     Successful     Failed
07/06/26 19:40:20       ===      ===         ===            ===        ===
07/06/26 19:40:20        40        0           0              0          0
07/06/26 19:45:25 4804 seconds since last log event
07/06/26 19:45:25 Pending DAG nodes:
07/06/26 19:45:25   Node COLLECT, HTCondor ID 170270, status STATUS_SUBMITTED
07/06/26 19:55:21 Total jobs placed to AP: 40
07/06/26 19:55:21      Idle     Held     Running     Successful     Failed
07/06/26 19:55:21       ===      ===         ===            ===        ===
07/06/26 19:55:21        40        0           0              0          0
07/06/26 19:55:26 5405 seconds since last log event
07/06/26 19:55:26 Pending DAG nodes:
07/06/26 19:55:26   Node COLLECT, HTCondor ID 170270, status STATUS_SUBMITTED
07/06/26 20:05:26 6005 seconds since last log event
07/06/26 20:05:26 Pending DAG nodes:
07/06/26 20:05:26   Node COLLECT, HTCondor ID 170270, status STATUS_SUBMITTED
07/06/26 20:10:21 Total jobs placed to AP: 40
07/06/26 20:10:21      Idle     Held     Running     Successful     Failed
07/06/26 20:10:21       ===      ===         ===            ===        ===
07/06/26 20:10:21        40        0           0              0          0
07/06/26 20:15:27 6606 seconds since last log event
07/06/26 20:15:27 Pending DAG nodes:
07/06/26 20:15:27   Node COLLECT, HTCondor ID 170270, status STATUS_SUBMITTED
07/06/26 20:25:22 Total jobs placed to AP: 40
07/06/26 20:25:22      Idle     Held     Running     Successful     Failed
07/06/26 20:25:22       ===      ===         ===            ===        ===
07/06/26 20:25:22        40        0           0              0          0
07/06/26 20:25:27 7206 seconds since last log event
07/06/26 20:25:27 Pending DAG nodes:
07/06/26 20:25:27   Node COLLECT, HTCondor ID 170270, status STATUS_SUBMITTED
07/06/26 20:35:28 7807 seconds since last log event
07/06/26 20:35:28 Pending DAG nodes:
07/06/26 20:35:28   Node COLLECT, HTCondor ID 170270, status STATUS_SUBMITTED
07/06/26 20:40:23 Total jobs placed to AP: 40
07/06/26 20:40:23      Idle     Held     Running     Successful     Failed
07/06/26 20:40:23       ===      ===         ===            ===        ===
07/06/26 20:40:23        40        0           0              0          0
07/06/26 20:45:28 8407 seconds since last log event
07/06/26 20:45:28 Pending DAG nodes:
07/06/26 20:45:28   Node COLLECT, HTCondor ID 170270, status STATUS_SUBMITTED
07/06/26 20:55:24 Total jobs placed to AP: 40
07/06/26 20:55:24      Idle     Held     Running     Successful     Failed
07/06/26 20:55:24       ===      ===         ===            ===        ===
07/06/26 20:55:24        40        0           0              0          0
07/06/26 20:55:29 9008 seconds since last log event
07/06/26 20:55:29 Pending DAG nodes:
07/06/26 20:55:29   Node COLLECT, HTCondor ID 170270, status STATUS_SUBMITTED
07/06/26 21:05:29 9608 seconds since last log event
07/06/26 21:05:29 Pending DAG nodes:
07/06/26 21:05:29   Node COLLECT, HTCondor ID 170270, status STATUS_SUBMITTED
07/06/26 21:10:25 Total jobs placed to AP: 40
07/06/26 21:10:25      Idle     Held     Running     Successful     Failed
07/06/26 21:10:25       ===      ===         ===            ===        ===
07/06/26 21:10:25        40        0           0              0          0
07/06/26 21:15:30 10209 seconds since last log event
07/06/26 21:15:30 Pending DAG nodes:
07/06/26 21:15:30   Node COLLECT, HTCondor ID 170270, status STATUS_SUBMITTED
07/06/26 21:25:25 Total jobs placed to AP: 40
07/06/26 21:25:25      Idle     Held     Running     Successful     Failed
07/06/26 21:25:25       ===      ===         ===            ===        ===
07/06/26 21:25:25        40        0           0              0          0
07/06/26 21:25:30 10809 seconds since last log event
07/06/26 21:25:30 Pending DAG nodes:
07/06/26 21:25:30   Node COLLECT, HTCondor ID 170270, status STATUS_SUBMITTED
07/06/26 21:35:31 11410 seconds since last log event
07/06/26 21:35:31 Pending DAG nodes:
07/06/26 21:35:31   Node COLLECT, HTCondor ID 170270, status STATUS_SUBMITTED
07/06/26 21:40:26 Total jobs placed to AP: 40
07/06/26 21:40:26      Idle     Held     Running     Successful     Failed
07/06/26 21:40:26       ===      ===         ===            ===        ===
07/06/26 21:40:26        40        0           0              0          0
07/06/26 21:45:31 12010 seconds since last log event
07/06/26 21:45:31 Pending DAG nodes:
07/06/26 21:45:31   Node COLLECT, HTCondor ID 170270, status STATUS_SUBMITTED
07/06/26 21:55:26 Total jobs placed to AP: 40
07/06/26 21:55:26      Idle     Held     Running     Successful     Failed
07/06/26 21:55:26       ===      ===         ===            ===        ===
07/06/26 21:55:26        40        0           0              0          0
07/06/26 21:55:31 12610 seconds since last log event
07/06/26 21:55:31 Pending DAG nodes:
07/06/26 21:55:31   Node COLLECT, HTCondor ID 170270, status STATUS_SUBMITTED
07/06/26 22:05:31 13210 seconds since last log event
07/06/26 22:05:31 Pending DAG nodes:
07/06/26 22:05:31   Node COLLECT, HTCondor ID 170270, status STATUS_SUBMITTED
07/06/26 22:10:26 Total jobs placed to AP: 40
07/06/26 22:10:26      Idle     Held     Running     Successful     Failed
07/06/26 22:10:26       ===      ===         ===            ===        ===
07/06/26 22:10:26        40        0           0              0          0
07/06/26 22:15:31 13810 seconds since last log event
07/06/26 22:15:31 Pending DAG nodes:
07/06/26 22:15:31   Node COLLECT, HTCondor ID 170270, status STATUS_SUBMITTED
07/06/26 22:25:27 Total jobs placed to AP: 40
07/06/26 22:25:27      Idle     Held     Running     Successful     Failed
07/06/26 22:25:27       ===      ===         ===            ===        ===
07/06/26 22:25:27        40        0           0              0          0
07/06/26 22:25:32 14411 seconds since last log event
07/06/26 22:25:32 Pending DAG nodes:
07/06/26 22:25:32   Node COLLECT, HTCondor ID 170270, status STATUS_SUBMITTED
07/06/26 22:35:36 15015 seconds since last log event
07/06/26 22:35:41 Pending DAG nodes:
07/06/26 22:35:41   Node COLLECT, HTCondor ID 170270, status STATUS_SUBMITTED
07/06/26 22:40:31 Total jobs placed to AP: 40
07/06/26 22:40:39      Idle     Held     Running     Successful     Failed
07/06/26 22:40:39       ===      ===         ===            ===        ===
07/06/26 22:40:39        40        0           0              0          0
07/06/26 22:45:40 15619 seconds since last log event
07/06/26 22:45:40 Pending DAG nodes:
07/06/26 22:45:40   Node COLLECT, HTCondor ID 170270, status STATUS_SUBMITTED
07/06/26 22:55:40 16219 seconds since last log event
07/06/26 22:55:40 Pending DAG nodes:
07/06/26 22:55:40   Node COLLECT, HTCondor ID 170270, status STATUS_SUBMITTED
07/06/26 22:55:40 Total jobs placed to AP: 40
07/06/26 22:55:40      Idle     Held     Running     Successful     Failed
07/06/26 22:55:40       ===      ===         ===            ===        ===
07/06/26 22:55:40        40        0           0              0          0
07/06/26 23:05:41 16820 seconds since last log event
07/06/26 23:05:41 Pending DAG nodes:
07/06/26 23:05:41   Node COLLECT, HTCondor ID 170270, status STATUS_SUBMITTED
07/06/26 23:10:41 Total jobs placed to AP: 40
07/06/26 23:10:41      Idle     Held     Running     Successful     Failed
07/06/26 23:10:41       ===      ===         ===            ===        ===
07/06/26 23:10:41        40        0           0              0          0
07/06/26 23:15:41 17420 seconds since last log event
07/06/26 23:15:41 Pending DAG nodes:
07/06/26 23:15:41   Node COLLECT, HTCondor ID 170270, status STATUS_SUBMITTED
07/06/26 23:25:42 18021 seconds since last log event
07/06/26 23:25:42 Pending DAG nodes:
07/06/26 23:25:42   Node COLLECT, HTCondor ID 170270, status STATUS_SUBMITTED
07/06/26 23:25:42 Total jobs placed to AP: 40
07/06/26 23:25:42      Idle     Held     Running     Successful     Failed
07/06/26 23:25:42       ===      ===         ===            ===        ===
07/06/26 23:25:42        40        0           0              0          0
07/06/26 23:35:42 18621 seconds since last log event
07/06/26 23:35:42 Pending DAG nodes:
07/06/26 23:35:42   Node COLLECT, HTCondor ID 170270, status STATUS_SUBMITTED
07/06/26 23:40:42 Total jobs placed to AP: 40
07/06/26 23:40:42      Idle     Held     Running     Successful     Failed
07/06/26 23:40:42       ===      ===         ===            ===        ===
07/06/26 23:40:42        40        0           0              0          0
07/06/26 23:45:43 19222 seconds since last log event
07/06/26 23:45:43 Pending DAG nodes:
07/06/26 23:45:43   Node COLLECT, HTCondor ID 170270, status STATUS_SUBMITTED
07/06/26 23:55:43 19822 seconds since last log event
07/06/26 23:55:43 Pending DAG nodes:
07/06/26 23:55:43   Node COLLECT, HTCondor ID 170270, status STATUS_SUBMITTED
07/06/26 23:55:43 Total jobs placed to AP: 40
07/06/26 23:55:43      Idle     Held     Running     Successful     Failed
07/06/26 23:55:43       ===      ===         ===            ===        ===
07/06/26 23:55:43        40        0           0              0          0
07/07/26 00:05:44 20423 seconds since last log event
07/07/26 00:05:44 Pending DAG nodes:
07/07/26 00:05:44   Node COLLECT, HTCondor ID 170270, status STATUS_SUBMITTED
07/07/26 00:10:44 Total jobs placed to AP: 40
07/07/26 00:10:44      Idle     Held     Running     Successful     Failed
07/07/26 00:10:44       ===      ===         ===            ===        ===
07/07/26 00:10:44        40        0           0              0          0
07/07/26 00:15:44 21023 seconds since last log event
07/07/26 00:15:44 Pending DAG nodes:
07/07/26 00:15:44   Node COLLECT, HTCondor ID 170270, status STATUS_SUBMITTED
07/07/26 00:25:45 21624 seconds since last log event
07/07/26 00:25:45 Pending DAG nodes:
07/07/26 00:25:45   Node COLLECT, HTCondor ID 170270, status STATUS_SUBMITTED
07/07/26 00:25:45 Total jobs placed to AP: 40
07/07/26 00:25:45      Idle     Held     Running     Successful     Failed
07/07/26 00:25:45       ===      ===         ===            ===        ===
07/07/26 00:25:45        40        0           0              0          0
07/07/26 00:35:45 22224 seconds since last log event
07/07/26 00:35:45 Pending DAG nodes:
07/07/26 00:35:45   Node COLLECT, HTCondor ID 170270, status STATUS_SUBMITTED
07/07/26 00:40:45 Total jobs placed to AP: 40
07/07/26 00:40:45      Idle     Held     Running     Successful     Failed
07/07/26 00:40:45       ===      ===         ===            ===        ===
07/07/26 00:40:45        40        0           0              0          0
07/07/26 00:45:46 22825 seconds since last log event
07/07/26 00:45:46 Pending DAG nodes:
07/07/26 00:45:46   Node COLLECT, HTCondor ID 170270, status STATUS_SUBMITTED
07/07/26 00:55:46 23425 seconds since last log event
07/07/26 00:55:46 Pending DAG nodes:
07/07/26 00:55:46   Node COLLECT, HTCondor ID 170270, status STATUS_SUBMITTED
07/07/26 00:55:46 Total jobs placed to AP: 40
07/07/26 00:55:46      Idle     Held     Running     Successful     Failed
07/07/26 00:55:46       ===      ===         ===            ===        ===
07/07/26 00:55:46        40        0           0              0          0
07/07/26 01:05:46 24025 seconds since last log event
07/07/26 01:05:46 Pending DAG nodes:
07/07/26 01:05:46   Node COLLECT, HTCondor ID 170270, status STATUS_SUBMITTED
07/07/26 01:10:46 Total jobs placed to AP: 40
07/07/26 01:10:46      Idle     Held     Running     Successful     Failed
07/07/26 01:10:46       ===      ===         ===            ===        ===
07/07/26 01:10:46        40        0           0              0          0
07/07/26 01:15:46 24625 seconds since last log event
07/07/26 01:15:46 Pending DAG nodes:
07/07/26 01:15:46   Node COLLECT, HTCondor ID 170270, status STATUS_SUBMITTED
07/07/26 01:25:47 25226 seconds since last log event
07/07/26 01:25:47 Pending DAG nodes:
07/07/26 01:25:47   Node COLLECT, HTCondor ID 170270, status STATUS_SUBMITTED
07/07/26 01:25:47 Total jobs placed to AP: 40
07/07/26 01:25:47      Idle     Held     Running     Successful     Failed
07/07/26 01:25:47       ===      ===         ===            ===        ===
07/07/26 01:25:47        40        0           0              0          0
07/07/26 01:35:47 25826 seconds since last log event
07/07/26 01:35:47 Pending DAG nodes:
07/07/26 01:35:47   Node COLLECT, HTCondor ID 170270, status STATUS_SUBMITTED
07/07/26 01:40:48 Total jobs placed to AP: 40
07/07/26 01:40:48      Idle     Held     Running     Successful     Failed
07/07/26 01:40:48       ===      ===         ===            ===        ===
07/07/26 01:40:48        40        0           0              0          0
07/07/26 01:45:48 26427 seconds since last log event
07/07/26 01:45:48 Pending DAG nodes:
07/07/26 01:45:48   Node COLLECT, HTCondor ID 170270, status STATUS_SUBMITTED
07/07/26 01:55:49 27028 seconds since last log event
07/07/26 01:55:49 Pending DAG nodes:
07/07/26 01:55:49   Node COLLECT, HTCondor ID 170270, status STATUS_SUBMITTED
07/07/26 01:55:49 Total jobs placed to AP: 40
07/07/26 01:55:49      Idle     Held     Running     Successful     Failed
07/07/26 01:55:49       ===      ===         ===            ===        ===
07/07/26 01:55:49        40        0           0              0          0
07/07/26 02:05:49 27628 seconds since last log event
07/07/26 02:05:49 Pending DAG nodes:
07/07/26 02:05:49   Node COLLECT, HTCondor ID 170270, status STATUS_SUBMITTED
07/07/26 02:10:49 Total jobs placed to AP: 40
07/07/26 02:10:49      Idle     Held     Running     Successful     Failed
07/07/26 02:10:49       ===      ===         ===            ===        ===
07/07/26 02:10:49        40        0           0              0          0
07/07/26 02:15:50 28229 seconds since last log event
07/07/26 02:15:50 Pending DAG nodes:
07/07/26 02:15:50   Node COLLECT, HTCondor ID 170270, status STATUS_SUBMITTED
07/07/26 02:25:50 28829 seconds since last log event
07/07/26 02:25:50 Pending DAG nodes:
07/07/26 02:25:50   Node COLLECT, HTCondor ID 170270, status STATUS_SUBMITTED
07/07/26 02:25:50 Querying local schedd for associated jobs in queue
07/07/26 02:25:50 All pending job states validated
07/07/26 02:25:50 Total jobs placed to AP: 40
07/07/26 02:25:50      Idle     Held     Running     Successful     Failed
07/07/26 02:25:50       ===      ===         ===            ===        ===
07/07/26 02:25:50        40        0           0              0          0
07/07/26 02:35:51 29430 seconds since last log event
07/07/26 02:35:51 Pending DAG nodes:
07/07/26 02:35:51   Node COLLECT, HTCondor ID 170270, status STATUS_SUBMITTED
07/07/26 02:40:51 Total jobs placed to AP: 40
07/07/26 02:40:51      Idle     Held     Running     Successful     Failed
07/07/26 02:40:51       ===      ===         ===            ===        ===
07/07/26 02:40:51        40        0           0              0          0
07/07/26 02:45:51 30030 seconds since last log event
07/07/26 02:45:51 Pending DAG nodes:
07/07/26 02:45:51   Node COLLECT, HTCondor ID 170270, status STATUS_SUBMITTED
07/07/26 02:55:52 30631 seconds since last log event
07/07/26 02:55:52 Pending DAG nodes:
07/07/26 02:55:52   Node COLLECT, HTCondor ID 170270, status STATUS_SUBMITTED
07/07/26 02:55:52 Total jobs placed to AP: 40
07/07/26 02:55:52      Idle     Held     Running     Successful     Failed
07/07/26 02:55:52       ===      ===         ===            ===        ===
07/07/26 02:55:52        40        0           0              0          0
07/07/26 03:05:52 31231 seconds since last log event
07/07/26 03:05:52 Pending DAG nodes:
07/07/26 03:05:52   Node COLLECT, HTCondor ID 170270, status STATUS_SUBMITTED
07/07/26 03:10:53 Total jobs placed to AP: 40
07/07/26 03:10:53      Idle     Held     Running     Successful     Failed
07/07/26 03:10:53       ===      ===         ===            ===        ===
07/07/26 03:10:53        40        0           0              0          0
07/07/26 03:15:53 31832 seconds since last log event
07/07/26 03:15:53 Pending DAG nodes:
07/07/26 03:15:53   Node COLLECT, HTCondor ID 170270, status STATUS_SUBMITTED
07/07/26 03:25:53 32432 seconds since last log event
07/07/26 03:25:53 Pending DAG nodes:
07/07/26 03:25:53   Node COLLECT, HTCondor ID 170270, status STATUS_SUBMITTED
07/07/26 03:25:53 Total jobs placed to AP: 40
07/07/26 03:25:53      Idle     Held     Running     Successful     Failed
07/07/26 03:25:53       ===      ===         ===            ===        ===
07/07/26 03:25:53        40        0           0              0          0
07/07/26 03:35:54 33033 seconds since last log event
07/07/26 03:35:54 Pending DAG nodes:
07/07/26 03:35:54   Node COLLECT, HTCondor ID 170270, status STATUS_SUBMITTED
07/07/26 03:40:54 Total jobs placed to AP: 40
07/07/26 03:40:54      Idle     Held     Running     Successful     Failed
07/07/26 03:40:54       ===      ===         ===            ===        ===
07/07/26 03:40:54        40        0           0              0          0
07/07/26 03:45:54 33633 seconds since last log event
07/07/26 03:45:54 Pending DAG nodes:
07/07/26 03:45:54   Node COLLECT, HTCondor ID 170270, status STATUS_SUBMITTED
07/07/26 03:55:55 34234 seconds since last log event
07/07/26 03:55:55 Pending DAG nodes:
07/07/26 03:55:55   Node COLLECT, HTCondor ID 170270, status STATUS_SUBMITTED
07/07/26 03:55:55 Total jobs placed to AP: 40
07/07/26 03:55:55      Idle     Held     Running     Successful     Failed
07/07/26 03:55:55       ===      ===         ===            ===        ===
07/07/26 03:55:55        40        0           0              0          0
07/07/26 04:05:56 34835 seconds since last log event
07/07/26 04:05:56 Pending DAG nodes:
07/07/26 04:05:56   Node COLLECT, HTCondor ID 170270, status STATUS_SUBMITTED
07/07/26 04:10:56 Total jobs placed to AP: 40
07/07/26 04:10:56      Idle     Held     Running     Successful     Failed
07/07/26 04:10:56       ===      ===         ===            ===        ===
07/07/26 04:10:56        40        0           0              0          0
07/07/26 04:15:56 35435 seconds since last log event
07/07/26 04:15:56 Pending DAG nodes:
07/07/26 04:15:56   Node COLLECT, HTCondor ID 170270, status STATUS_SUBMITTED
07/07/26 04:25:57 36036 seconds since last log event
07/07/26 04:25:57 Pending DAG nodes:
07/07/26 04:25:57   Node COLLECT, HTCondor ID 170270, status STATUS_SUBMITTED
07/07/26 04:25:57 Total jobs placed to AP: 40
07/07/26 04:25:57      Idle     Held     Running     Successful     Failed
07/07/26 04:25:57       ===      ===         ===            ===        ===
07/07/26 04:25:57        40        0           0              0          0
07/07/26 04:35:57 36636 seconds since last log event
07/07/26 04:35:57 Pending DAG nodes:
07/07/26 04:35:57   Node COLLECT, HTCondor ID 170270, status STATUS_SUBMITTED
07/07/26 04:40:57 Total jobs placed to AP: 40
07/07/26 04:40:57      Idle     Held     Running     Successful     Failed
07/07/26 04:40:57       ===      ===         ===            ===        ===
07/07/26 04:40:57        40        0           0              0          0
07/07/26 04:45:58 37237 seconds since last log event
07/07/26 04:45:58 Pending DAG nodes:
07/07/26 04:45:58   Node COLLECT, HTCondor ID 170270, status STATUS_SUBMITTED
07/07/26 04:55:58 37837 seconds since last log event
07/07/26 04:55:58 Pending DAG nodes:
07/07/26 04:55:58   Node COLLECT, HTCondor ID 170270, status STATUS_SUBMITTED
07/07/26 04:55:58 Total jobs placed to AP: 40
07/07/26 04:55:58      Idle     Held     Running     Successful     Failed
07/07/26 04:55:58       ===      ===         ===            ===        ===
07/07/26 04:55:58        40        0           0              0          0
07/07/26 05:05:59 38438 seconds since last log event
07/07/26 05:05:59 Pending DAG nodes:
07/07/26 05:05:59   Node COLLECT, HTCondor ID 170270, status STATUS_SUBMITTED
07/07/26 05:10:59 Total jobs placed to AP: 40
07/07/26 05:10:59      Idle     Held     Running     Successful     Failed
07/07/26 05:10:59       ===      ===         ===            ===        ===
07/07/26 05:10:59        40        0           0              0          0
07/07/26 05:15:59 39038 seconds since last log event
07/07/26 05:15:59 Pending DAG nodes:
07/07/26 05:15:59   Node COLLECT, HTCondor ID 170270, status STATUS_SUBMITTED
07/07/26 05:25:59 39638 seconds since last log event
07/07/26 05:25:59 Pending DAG nodes:
07/07/26 05:25:59   Node COLLECT, HTCondor ID 170270, status STATUS_SUBMITTED
07/07/26 05:25:59 Total jobs placed to AP: 40
07/07/26 05:25:59      Idle     Held     Running     Successful     Failed
07/07/26 05:25:59       ===      ===         ===            ===        ===
07/07/26 05:25:59        40        0           0              0          0
07/07/26 05:35:59 40238 seconds since last log event
07/07/26 05:35:59 Pending DAG nodes:
07/07/26 05:35:59   Node COLLECT, HTCondor ID 170270, status STATUS_SUBMITTED
07/07/26 05:41:00 Total jobs placed to AP: 40
07/07/26 05:41:00      Idle     Held     Running     Successful     Failed
07/07/26 05:41:00       ===      ===         ===            ===        ===
07/07/26 05:41:00        40        0           0              0          0
07/07/26 05:46:00 40839 seconds since last log event
07/07/26 05:46:00 Pending DAG nodes:
07/07/26 05:46:00   Node COLLECT, HTCondor ID 170270, status STATUS_SUBMITTED
07/07/26 05:56:01 41440 seconds since last log event
07/07/26 05:56:01 Pending DAG nodes:
07/07/26 05:56:01   Node COLLECT, HTCondor ID 170270, status STATUS_SUBMITTED
07/07/26 05:56:01 Total jobs placed to AP: 40
07/07/26 05:56:01      Idle     Held     Running     Successful     Failed
07/07/26 05:56:01       ===      ===         ===            ===        ===
07/07/26 05:56:01        40        0           0              0          0
07/07/26 06:06:01 42040 seconds since last log event
07/07/26 06:06:01 Pending DAG nodes:
07/07/26 06:06:01   Node COLLECT, HTCondor ID 170270, status STATUS_SUBMITTED
07/07/26 06:11:01 Total jobs placed to AP: 40
07/07/26 06:11:01      Idle     Held     Running     Successful     Failed
07/07/26 06:11:01       ===      ===         ===            ===        ===
07/07/26 06:11:01        40        0           0              0          0
07/07/26 06:16:02 42641 seconds since last log event
07/07/26 06:16:02 Pending DAG nodes:
07/07/26 06:16:02   Node COLLECT, HTCondor ID 170270, status STATUS_SUBMITTED
07/07/26 06:26:02 43241 seconds since last log event
07/07/26 06:26:02 Pending DAG nodes:
07/07/26 06:26:02   Node COLLECT, HTCondor ID 170270, status STATUS_SUBMITTED
07/07/26 06:26:02 Total jobs placed to AP: 40
07/07/26 06:26:02      Idle     Held     Running     Successful     Failed
07/07/26 06:26:02       ===      ===         ===            ===        ===
07/07/26 06:26:02        40        0           0              0          0
07/07/26 06:36:04 43843 seconds since last log event
07/07/26 06:36:04 Pending DAG nodes:
07/07/26 06:36:04   Node COLLECT, HTCondor ID 170270, status STATUS_SUBMITTED
07/07/26 06:41:02 Total jobs placed to AP: 40
07/07/26 06:41:02      Idle     Held     Running     Successful     Failed
07/07/26 06:41:02       ===      ===         ===            ===        ===
07/07/26 06:41:02        40        0           0              0          0
07/07/26 06:46:05 44444 seconds since last log event
07/07/26 06:46:05 Pending DAG nodes:
07/07/26 06:46:05   Node COLLECT, HTCondor ID 170270, status STATUS_SUBMITTED
07/07/26 06:56:06 45045 seconds since last log event
07/07/26 06:56:06 Pending DAG nodes:
07/07/26 06:56:06   Node COLLECT, HTCondor ID 170270, status STATUS_SUBMITTED
07/07/26 06:56:06 Total jobs placed to AP: 40
07/07/26 06:56:06      Idle     Held     Running     Successful     Failed
07/07/26 06:56:06       ===      ===         ===            ===        ===
07/07/26 06:56:06        40        0           0              0          0
07/07/26 07:06:06 45645 seconds since last log event
07/07/26 07:06:06 Pending DAG nodes:
07/07/26 07:06:06   Node COLLECT, HTCondor ID 170270, status STATUS_SUBMITTED
07/07/26 07:11:07 Total jobs placed to AP: 40
07/07/26 07:11:07      Idle     Held     Running     Successful     Failed
07/07/26 07:11:07       ===      ===         ===            ===        ===
07/07/26 07:11:07        40        0           0              0          0
07/07/26 07:16:07 46246 seconds since last log event
07/07/26 07:16:07 Pending DAG nodes:
07/07/26 07:16:07   Node COLLECT, HTCondor ID 170270, status STATUS_SUBMITTED
07/07/26 07:26:07 46846 seconds since last log event
07/07/26 07:26:07 Pending DAG nodes:
07/07/26 07:26:07   Node COLLECT, HTCondor ID 170270, status STATUS_SUBMITTED
07/07/26 07:26:07 Total jobs placed to AP: 40
07/07/26 07:26:07      Idle     Held     Running     Successful     Failed
07/07/26 07:26:07       ===      ===         ===            ===        ===
07/07/26 07:26:07        40        0           0              0          0
07/07/26 07:36:08 47447 seconds since last log event
07/07/26 07:36:08 Pending DAG nodes:
07/07/26 07:36:08   Node COLLECT, HTCondor ID 170270, status STATUS_SUBMITTED
07/07/26 07:41:08 Total jobs placed to AP: 40
07/07/26 07:41:08      Idle     Held     Running     Successful     Failed
07/07/26 07:41:08       ===      ===         ===            ===        ===
07/07/26 07:41:08        40        0           0              0          0
07/07/26 07:46:08 48047 seconds since last log event
07/07/26 07:46:08 Pending DAG nodes:
07/07/26 07:46:08   Node COLLECT, HTCondor ID 170270, status STATUS_SUBMITTED
07/07/26 07:56:09 48648 seconds since last log event
07/07/26 07:56:09 Pending DAG nodes:
07/07/26 07:56:09   Node COLLECT, HTCondor ID 170270, status STATUS_SUBMITTED
07/07/26 07:56:09 Total jobs placed to AP: 40
07/07/26 07:56:09      Idle     Held     Running     Successful     Failed
07/07/26 07:56:09       ===      ===         ===            ===        ===
07/07/26 07:56:09        40        0           0              0          0
07/07/26 08:06:10 49249 seconds since last log event
07/07/26 08:06:10 Pending DAG nodes:
07/07/26 08:06:10   Node COLLECT, HTCondor ID 170270, status STATUS_SUBMITTED
07/07/26 08:11:10 Total jobs placed to AP: 40
07/07/26 08:11:10      Idle     Held     Running     Successful     Failed
07/07/26 08:11:10       ===      ===         ===            ===        ===
07/07/26 08:11:10        40        0           0              0          0
07/07/26 08:13:05 Currently monitoring 1 HTCondor log file(s)
07/07/26 08:13:05 Event: ULOG_EXECUTE for HTCondor Node COLLECT (170270.1.0) {07/07/26 08:13:04}
07/07/26 08:13:05 Number of idle job procs: 39
07/07/26 08:16:05 Currently monitoring 1 HTCondor log file(s)
07/07/26 08:16:05 Event: ULOG_EXECUTE for HTCondor Node COLLECT (170270.0.0) {07/07/26 08:16:03}
07/07/26 08:16:05 Number of idle job procs: 38
07/07/26 08:17:05 Currently monitoring 1 HTCondor log file(s)
07/07/26 08:17:05 Event: ULOG_EXECUTE for HTCondor Node COLLECT (170270.3.0) {07/07/26 08:17:04}
07/07/26 08:17:05 Number of idle job procs: 37
07/07/26 08:18:05 Currently monitoring 1 HTCondor log file(s)
07/07/26 08:18:05 Event: ULOG_EXECUTE for HTCondor Node COLLECT (170270.2.0) {07/07/26 08:18:03}
07/07/26 08:18:05 Number of idle job procs: 36
07/07/26 08:20:05 Currently monitoring 1 HTCondor log file(s)
07/07/26 08:20:05 Event: ULOG_EXECUTE for HTCondor Node COLLECT (170270.4.0) {07/07/26 08:20:04}
07/07/26 08:20:05 Number of idle job procs: 35
07/07/26 08:21:05 Currently monitoring 1 HTCondor log file(s)
07/07/26 08:21:05 Event: ULOG_EXECUTE for HTCondor Node COLLECT (170270.6.0) {07/07/26 08:21:05}
07/07/26 08:21:05 Number of idle job procs: 34
07/07/26 08:21:05 Event: ULOG_EXECUTE for HTCondor Node COLLECT (170270.5.0) {07/07/26 08:21:05}
07/07/26 08:21:05 Number of idle job procs: 33
07/07/26 08:24:05 Currently monitoring 1 HTCondor log file(s)
07/07/26 08:24:05 Event: ULOG_EXECUTE for HTCondor Node COLLECT (170270.7.0) {07/07/26 08:24:03}
07/07/26 08:24:05 Number of idle job procs: 32
07/07/26 08:24:05 Event: ULOG_EXECUTE for HTCondor Node COLLECT (170270.8.0) {07/07/26 08:24:03}
07/07/26 08:24:05 Number of idle job procs: 31
07/07/26 08:26:10 Total jobs placed to AP: 40
07/07/26 08:26:10      Idle     Held     Running     Successful     Failed
07/07/26 08:26:10       ===      ===         ===            ===        ===
07/07/26 08:26:10        31        0           9              0          0
07/07/26 08:28:05 Currently monitoring 1 HTCondor log file(s)
07/07/26 08:28:05 Event: ULOG_EXECUTE for HTCondor Node COLLECT (170270.9.0) {07/07/26 08:28:03}
07/07/26 08:28:05 Number of idle job procs: 30
07/07/26 08:30:05 Currently monitoring 1 HTCondor log file(s)
07/07/26 08:30:05 Event: ULOG_EXECUTE for HTCondor Node COLLECT (170270.10.0) {07/07/26 08:30:04}
07/07/26 08:30:05 Number of idle job procs: 29
07/07/26 08:34:05 Currently monitoring 1 HTCondor log file(s)
07/07/26 08:34:05 Event: ULOG_EXECUTE for HTCondor Node COLLECT (170270.11.0) {07/07/26 08:34:04}
07/07/26 08:34:05 Number of idle job procs: 28
07/07/26 08:41:10 Total jobs placed to AP: 40
07/07/26 08:41:10      Idle     Held     Running     Successful     Failed
07/07/26 08:41:10       ===      ===         ===            ===        ===
07/07/26 08:41:10        28        0          12              0          0
07/07/26 08:44:06 601 seconds since last log event
07/07/26 08:44:06 Pending DAG nodes:
07/07/26 08:44:06   Node COLLECT, HTCondor ID 170270, status STATUS_SUBMITTED
07/07/26 08:54:06 1201 seconds since last log event
07/07/26 08:54:06 Pending DAG nodes:
07/07/26 08:54:06   Node COLLECT, HTCondor ID 170270, status STATUS_SUBMITTED
07/07/26 08:56:11 Total jobs placed to AP: 40
07/07/26 08:56:11      Idle     Held     Running     Successful     Failed
07/07/26 08:56:11       ===      ===         ===            ===        ===
07/07/26 08:56:11        28        0          12              0          0
07/07/26 08:57:26 Currently monitoring 1 HTCondor log file(s)
07/07/26 08:57:26 Event: ULOG_EXECUTE for HTCondor Node COLLECT (170270.12.0) {07/07/26 08:57:23}
07/07/26 08:57:26 Number of idle job procs: 27
07/07/26 09:07:27 601 seconds since last log event
07/07/26 09:07:27 Pending DAG nodes:
07/07/26 09:07:27   Node COLLECT, HTCondor ID 170270, status STATUS_SUBMITTED
07/07/26 09:10:12 Currently monitoring 1 HTCondor log file(s)
07/07/26 09:10:12 Event: ULOG_EXECUTE for HTCondor Node COLLECT (170270.13.0) {07/07/26 09:10:09}
07/07/26 09:10:12 Number of idle job procs: 26
07/07/26 09:11:12 Total jobs placed to AP: 40
07/07/26 09:11:12      Idle     Held     Running     Successful     Failed
07/07/26 09:11:12       ===      ===         ===            ===        ===
07/07/26 09:11:12        26        0          14              0          0
07/07/26 09:20:12 600 seconds since last log event
07/07/26 09:20:12 Pending DAG nodes:
07/07/26 09:20:12   Node COLLECT, HTCondor ID 170270, status STATUS_SUBMITTED
07/07/26 09:21:33 Currently monitoring 1 HTCondor log file(s)
07/07/26 09:21:33 Event: ULOG_EXECUTE for HTCondor Node COLLECT (170270.14.0) {07/07/26 09:21:31}
07/07/26 09:21:33 Number of idle job procs: 25
07/07/26 09:22:08 Currently monitoring 1 HTCondor log file(s)
07/07/26 09:22:08 Event: ULOG_JOB_EVICTED for HTCondor Node COLLECT (170270.2.0) {07/07/26 09:22:06}
07/07/26 09:22:08 Number of idle job procs: 26
07/07/26 09:22:08 Event: ULOG_JOB_HELD for HTCondor Node COLLECT (170270.2.0) {07/07/26 09:22:06}
07/07/26 09:22:08   Hold reason: Error from teaching8@lofn.hpc.uni-saarland.de: Docker job has gone over memory limit of 64480 Mb
07/07/26 09:22:08 Number of idle job procs: 26
07/07/26 09:22:08 DAG status: 0 (DAG_STATUS_OK)
07/07/26 09:22:08 Of 5 nodes total:
07/07/26 09:22:08  Done     Pre   Queued    Post   Ready   Un-Ready   Failed   Futile
07/07/26 09:22:08   ===     ===      ===     ===     ===        ===      ===      ===
07/07/26 09:22:08     0       0        1       0       0          4        0        0
07/07/26 09:22:08 1 job proc(s) currently held
07/07/26 09:22:08 DAGMan Runtime Statistics: [EventCycleTimeAvg=0.017; EventCycleTimeMax=46.529; EventCycleTimeMin=0.000; EventCycleTimeStd=0.632; EventCycleTimeSum=186.859; SleepCycleTimeAvg=5.013; SleepCycleTimeMax=18.462; SleepCycleTimeMin=4.004; SleepCycleTimeStd=0.285; SleepCycleTimeSum=53625.733; SubmitCycleTimeAvg=0.000; SubmitCycleTimeMax=0.707; SubmitCycleTimeMin=0.000; SubmitCycleTimeStd=0.007; SubmitCycleTimeSum=0.714; EventCycleTimeCount=10698.000; SleepCycleTimeCount=10698.000; SubmitCycleTimeCount=10699.000; LogProcessCycleTimeAvg=0.011; LogProcessCycleTimeMax=0.121; LogProcessCycleTimeMin=0.002; LogProcessCycleTimeStd=0.031; LogProcessCycleTimeSum=0.166; LogProcessCycleTimeCount=15.000; ]
07/07/26 09:24:08 Currently monitoring 1 HTCondor log file(s)
07/07/26 09:24:08 Event: ULOG_JOB_EVICTED for HTCondor Node COLLECT (170270.0.0) {07/07/26 09:24:05}
07/07/26 09:24:08 Number of idle job procs: 27
07/07/26 09:24:08 Event: ULOG_JOB_HELD for HTCondor Node COLLECT (170270.0.0) {07/07/26 09:24:05}
07/07/26 09:24:08   Hold reason: Error from teaching1@lofn.hpc.uni-saarland.de: Docker job has gone over memory limit of 64480 Mb
07/07/26 09:24:08 Number of idle job procs: 27
07/07/26 09:24:08 DAG status: 0 (DAG_STATUS_OK)
07/07/26 09:24:08 Of 5 nodes total:
07/07/26 09:24:08  Done     Pre   Queued    Post   Ready   Un-Ready   Failed   Futile
07/07/26 09:24:08   ===     ===      ===     ===     ===        ===      ===      ===
07/07/26 09:24:08     0       0        1       0       0          4        0        0
07/07/26 09:24:08 2 job proc(s) currently held
07/07/26 09:24:08 DAGMan Runtime Statistics: [EventCycleTimeAvg=0.017; EventCycleTimeMax=46.529; EventCycleTimeMin=0.000; EventCycleTimeStd=0.631; EventCycleTimeSum=186.878; SleepCycleTimeAvg=5.013; SleepCycleTimeMax=18.462; SleepCycleTimeMin=4.004; SleepCycleTimeStd=0.285; SleepCycleTimeSum=53745.826; SubmitCycleTimeAvg=0.000; SubmitCycleTimeMax=0.707; SubmitCycleTimeMin=0.000; SubmitCycleTimeStd=0.007; SubmitCycleTimeSum=0.714; EventCycleTimeCount=10722.000; SleepCycleTimeCount=10722.000; SubmitCycleTimeCount=10723.000; LogProcessCycleTimeAvg=0.011; LogProcessCycleTimeMax=0.121; LogProcessCycleTimeMin=0.002; LogProcessCycleTimeStd=0.029; LogProcessCycleTimeSum=0.174; LogProcessCycleTimeCount=16.000; ]
07/07/26 09:25:53 Currently monitoring 1 HTCondor log file(s)
07/07/26 09:25:53 Event: ULOG_EXECUTE for HTCondor Node COLLECT (170270.15.0) {07/07/26 09:25:51}
07/07/26 09:25:53 Number of idle job procs: 26
07/07/26 09:26:13 Total jobs placed to AP: 40
07/07/26 09:26:13      Idle     Held     Running     Successful     Failed
07/07/26 09:26:13       ===      ===         ===            ===        ===
07/07/26 09:26:13        24        2          14              0          0
07/07/26 09:26:48 Currently monitoring 1 HTCondor log file(s)
07/07/26 09:26:48 Event: ULOG_JOB_EVICTED for HTCondor Node COLLECT (170270.4.0) {07/07/26 09:26:45}
07/07/26 09:26:48 Number of idle job procs: 27
07/07/26 09:26:48 Event: ULOG_JOB_HELD for HTCondor Node COLLECT (170270.4.0) {07/07/26 09:26:45}
07/07/26 09:26:48   Hold reason: Error from teaching2@idun.hpc.uni-saarland.de: Docker job has gone over memory limit of 64480 Mb
07/07/26 09:26:48 Number of idle job procs: 27
07/07/26 09:26:48 DAG status: 0 (DAG_STATUS_OK)
07/07/26 09:26:48 Of 5 nodes total:
07/07/26 09:26:48  Done     Pre   Queued    Post   Ready   Un-Ready   Failed   Futile
07/07/26 09:26:48   ===     ===      ===     ===     ===        ===      ===      ===
07/07/26 09:26:48     0       0        1       0       0          4        0        0
07/07/26 09:26:48 3 job proc(s) currently held
07/07/26 09:26:48 DAGMan Runtime Statistics: [EventCycleTimeAvg=0.017; EventCycleTimeMax=46.529; EventCycleTimeMin=0.000; EventCycleTimeStd=0.630; EventCycleTimeSum=186.902; SleepCycleTimeAvg=5.013; SleepCycleTimeMax=18.462; SleepCycleTimeMin=4.004; SleepCycleTimeStd=0.285; SleepCycleTimeSum=53905.986; SubmitCycleTimeAvg=0.000; SubmitCycleTimeMax=0.707; SubmitCycleTimeMin=0.000; SubmitCycleTimeStd=0.007; SubmitCycleTimeSum=0.714; EventCycleTimeCount=10754.000; SleepCycleTimeCount=10754.000; SubmitCycleTimeCount=10755.000; LogProcessCycleTimeAvg=0.010; LogProcessCycleTimeMax=0.121; LogProcessCycleTimeMin=0.002; LogProcessCycleTimeStd=0.028; LogProcessCycleTimeSum=0.181; LogProcessCycleTimeCount=18.000; ]
07/07/26 09:28:53 Currently monitoring 1 HTCondor log file(s)
07/07/26 09:28:53 Event: ULOG_EXECUTE for HTCondor Node COLLECT (170270.16.0) {07/07/26 09:28:52}
07/07/26 09:28:53 Number of idle job procs: 26
07/07/26 09:32:43 Currently monitoring 1 HTCondor log file(s)
07/07/26 09:32:43 Event: ULOG_JOB_EVICTED for HTCondor Node COLLECT (170270.11.0) {07/07/26 09:32:39}
07/07/26 09:32:43 Number of idle job procs: 27
07/07/26 09:32:43 Event: ULOG_JOB_HELD for HTCondor Node COLLECT (170270.11.0) {07/07/26 09:32:39}
07/07/26 09:32:43   Hold reason: Error from teaching2@lofn.hpc.uni-saarland.de: Docker job has gone over memory limit of 64480 Mb
07/07/26 09:32:43 Number of idle job procs: 27
07/07/26 09:32:43 DAG status: 0 (DAG_STATUS_OK)
07/07/26 09:32:43 Of 5 nodes total:
07/07/26 09:32:43  Done     Pre   Queued    Post   Ready   Un-Ready   Failed   Futile
07/07/26 09:32:43   ===     ===      ===     ===     ===        ===      ===      ===
07/07/26 09:32:43     0       0        1       0       0          4        0        0
07/07/26 09:32:43 4 job proc(s) currently held
07/07/26 09:32:43 DAGMan Runtime Statistics: [EventCycleTimeAvg=0.017; EventCycleTimeMax=46.529; EventCycleTimeMin=0.000; EventCycleTimeStd=0.628; EventCycleTimeSum=186.932; SleepCycleTimeAvg=5.013; SleepCycleTimeMax=18.462; SleepCycleTimeMin=4.004; SleepCycleTimeStd=0.284; SleepCycleTimeSum=54261.260; SubmitCycleTimeAvg=0.000; SubmitCycleTimeMax=0.707; SubmitCycleTimeMin=0.000; SubmitCycleTimeStd=0.007; SubmitCycleTimeSum=0.714; EventCycleTimeCount=10825.000; SleepCycleTimeCount=10825.000; SubmitCycleTimeCount=10826.000; LogProcessCycleTimeAvg=0.010; LogProcessCycleTimeMax=0.121; LogProcessCycleTimeMin=0.002; LogProcessCycleTimeStd=0.026; LogProcessCycleTimeSum=0.190; LogProcessCycleTimeCount=20.000; ]
07/07/26 09:33:48 Currently monitoring 1 HTCondor log file(s)
07/07/26 09:33:48 Event: ULOG_EXECUTE for HTCondor Node COLLECT (170270.17.0) {07/07/26 09:33:45}
07/07/26 09:33:48 Number of idle job procs: 26
07/07/26 09:33:53 Currently monitoring 1 HTCondor log file(s)
07/07/26 09:33:53 Event: ULOG_JOB_EVICTED for HTCondor Node COLLECT (170270.9.0) {07/07/26 09:33:51}
07/07/26 09:33:53 Number of idle job procs: 27
07/07/26 09:33:53 Event: ULOG_JOB_HELD for HTCondor Node COLLECT (170270.9.0) {07/07/26 09:33:51}
07/07/26 09:33:53   Hold reason: Error from teaching3@lofn.hpc.uni-saarland.de: Docker job has gone over memory limit of 64480 Mb
07/07/26 09:33:53 Number of idle job procs: 27
07/07/26 09:33:53 DAG status: 0 (DAG_STATUS_OK)
07/07/26 09:33:53 Of 5 nodes total:
07/07/26 09:33:53  Done     Pre   Queued    Post   Ready   Un-Ready   Failed   Futile
07/07/26 09:33:53   ===     ===      ===     ===     ===        ===      ===      ===
07/07/26 09:33:53     0       0        1       0       0          4        0        0
07/07/26 09:33:53 5 job proc(s) currently held
07/07/26 09:33:53 DAGMan Runtime Statistics: [EventCycleTimeAvg=0.017; EventCycleTimeMax=46.529; EventCycleTimeMin=0.000; EventCycleTimeStd=0.628; EventCycleTimeSum=186.951; SleepCycleTimeAvg=5.013; SleepCycleTimeMax=18.462; SleepCycleTimeMin=4.004; SleepCycleTimeStd=0.284; SleepCycleTimeSum=54331.317; SubmitCycleTimeAvg=0.000; SubmitCycleTimeMax=0.707; SubmitCycleTimeMin=0.000; SubmitCycleTimeStd=0.007; SubmitCycleTimeSum=0.714; EventCycleTimeCount=10839.000; SleepCycleTimeCount=10839.000; SubmitCycleTimeCount=10840.000; LogProcessCycleTimeAvg=0.009; LogProcessCycleTimeMax=0.121; LogProcessCycleTimeMin=0.002; LogProcessCycleTimeStd=0.025; LogProcessCycleTimeSum=0.197; LogProcessCycleTimeCount=22.000; ]
07/07/26 09:35:08 Currently monitoring 1 HTCondor log file(s)
07/07/26 09:35:08 Event: ULOG_EXECUTE for HTCondor Node COLLECT (170270.18.0) {07/07/26 09:35:05}
07/07/26 09:35:08 Number of idle job procs: 26
07/07/26 09:35:08 Event: ULOG_EXECUTE for HTCondor Node COLLECT (170270.19.0) {07/07/26 09:35:05}
07/07/26 09:35:08 Number of idle job procs: 25
07/07/26 09:35:18 Currently monitoring 1 HTCondor log file(s)
07/07/26 09:35:18 Event: ULOG_JOB_EVICTED for HTCondor Node COLLECT (170270.8.0) {07/07/26 09:35:16}
07/07/26 09:35:18 Number of idle job procs: 26
07/07/26 09:35:18 Event: ULOG_JOB_HELD for HTCondor Node COLLECT (170270.8.0) {07/07/26 09:35:16}
07/07/26 09:35:18   Hold reason: Error from teaching2@uller.hpc.uni-saarland.de: Docker job has gone over memory limit of 73692 Mb
07/07/26 09:35:18 Number of idle job procs: 26
07/07/26 09:35:18 DAG status: 0 (DAG_STATUS_OK)
07/07/26 09:35:18 Of 5 nodes total:
07/07/26 09:35:18  Done     Pre   Queued    Post   Ready   Un-Ready   Failed   Futile
07/07/26 09:35:18   ===     ===      ===     ===     ===        ===      ===      ===
07/07/26 09:35:18     0       0        1       0       0          4        0        0
07/07/26 09:35:18 6 job proc(s) currently held
07/07/26 09:35:18 DAGMan Runtime Statistics: [EventCycleTimeAvg=0.017; EventCycleTimeMax=46.529; EventCycleTimeMin=0.000; EventCycleTimeStd=0.627; EventCycleTimeSum=186.964; SleepCycleTimeAvg=5.013; SleepCycleTimeMax=18.462; SleepCycleTimeMin=4.004; SleepCycleTimeStd=0.283; SleepCycleTimeSum=54416.384; SubmitCycleTimeAvg=0.000; SubmitCycleTimeMax=0.707; SubmitCycleTimeMin=0.000; SubmitCycleTimeStd=0.007; SubmitCycleTimeSum=0.714; EventCycleTimeCount=10856.000; SleepCycleTimeCount=10856.000; SubmitCycleTimeCount=10857.000; LogProcessCycleTimeAvg=0.008; LogProcessCycleTimeMax=0.121; LogProcessCycleTimeMin=0.002; LogProcessCycleTimeStd=0.024; LogProcessCycleTimeSum=0.204; LogProcessCycleTimeCount=24.000; ]
07/07/26 09:36:23 Currently monitoring 1 HTCondor log file(s)
07/07/26 09:36:23 Event: ULOG_JOB_EVICTED for HTCondor Node COLLECT (170270.6.0) {07/07/26 09:36:19}
07/07/26 09:36:23 Number of idle job procs: 27
07/07/26 09:36:23 Event: ULOG_JOB_HELD for HTCondor Node COLLECT (170270.6.0) {07/07/26 09:36:19}
07/07/26 09:36:23   Hold reason: Error from teaching6@lofn.hpc.uni-saarland.de: Docker job has gone over memory limit of 64480 Mb
07/07/26 09:36:23 Number of idle job procs: 27
07/07/26 09:36:23 DAG status: 0 (DAG_STATUS_OK)
07/07/26 09:36:23 Of 5 nodes total:
07/07/26 09:36:23  Done     Pre   Queued    Post   Ready   Un-Ready   Failed   Futile
07/07/26 09:36:23   ===     ===      ===     ===     ===        ===      ===      ===
07/07/26 09:36:23     0       0        1       0       0          4        0        0
07/07/26 09:36:23 7 job proc(s) currently held
07/07/26 09:36:23 DAGMan Runtime Statistics: [EventCycleTimeAvg=0.017; EventCycleTimeMax=46.529; EventCycleTimeMin=0.000; EventCycleTimeStd=0.627; EventCycleTimeSum=186.972; SleepCycleTimeAvg=5.013; SleepCycleTimeMax=18.462; SleepCycleTimeMin=4.004; SleepCycleTimeStd=0.283; SleepCycleTimeSum=54481.436; SubmitCycleTimeAvg=0.000; SubmitCycleTimeMax=0.707; SubmitCycleTimeMin=0.000; SubmitCycleTimeStd=0.007; SubmitCycleTimeSum=0.714; EventCycleTimeCount=10869.000; SleepCycleTimeCount=10869.000; SubmitCycleTimeCount=10870.000; LogProcessCycleTimeAvg=0.008; LogProcessCycleTimeMax=0.121; LogProcessCycleTimeMin=0.002; LogProcessCycleTimeStd=0.024; LogProcessCycleTimeSum=0.211; LogProcessCycleTimeCount=25.000; ]
07/07/26 09:38:08 Currently monitoring 1 HTCondor log file(s)
07/07/26 09:38:08 Event: ULOG_EXECUTE for HTCondor Node COLLECT (170270.20.0) {07/07/26 09:38:05}
07/07/26 09:38:08 Number of idle job procs: 26
07/07/26 09:40:14 Currently monitoring 1 HTCondor log file(s)
07/07/26 09:40:14 Event: ULOG_JOB_EVICTED for HTCondor Node COLLECT (170270.10.0) {07/07/26 09:40:12}
07/07/26 09:40:14 Number of idle job procs: 27
07/07/26 09:40:14 Event: ULOG_JOB_HELD for HTCondor Node COLLECT (170270.10.0) {07/07/26 09:40:12}
07/07/26 09:40:14   Hold reason: Error from teaching3@idun.hpc.uni-saarland.de: Docker job has gone over memory limit of 64480 Mb
07/07/26 09:40:14 Number of idle job procs: 27
07/07/26 09:40:14 DAG status: 0 (DAG_STATUS_OK)
07/07/26 09:40:14 Of 5 nodes total:
07/07/26 09:40:14  Done     Pre   Queued    Post   Ready   Un-Ready   Failed   Futile
07/07/26 09:40:14   ===     ===      ===     ===     ===        ===      ===      ===
07/07/26 09:40:14     0       0        1       0       0          4        0        0
07/07/26 09:40:14 8 job proc(s) currently held
07/07/26 09:40:14 DAGMan Runtime Statistics: [EventCycleTimeAvg=0.017; EventCycleTimeMax=46.529; EventCycleTimeMin=0.000; EventCycleTimeStd=0.626; EventCycleTimeSum=186.993; SleepCycleTimeAvg=5.013; SleepCycleTimeMax=18.462; SleepCycleTimeMin=4.004; SleepCycleTimeStd=0.283; SleepCycleTimeSum=54711.619; SubmitCycleTimeAvg=0.000; SubmitCycleTimeMax=0.707; SubmitCycleTimeMin=0.000; SubmitCycleTimeStd=0.007; SubmitCycleTimeSum=0.714; EventCycleTimeCount=10915.000; SleepCycleTimeCount=10915.000; SubmitCycleTimeCount=10916.000; LogProcessCycleTimeAvg=0.008; LogProcessCycleTimeMax=0.121; LogProcessCycleTimeMin=0.002; LogProcessCycleTimeStd=0.023; LogProcessCycleTimeSum=0.217; LogProcessCycleTimeCount=27.000; ]
07/07/26 09:41:14 Total jobs placed to AP: 40
07/07/26 09:41:14      Idle     Held     Running     Successful     Failed
07/07/26 09:41:14       ===      ===         ===            ===        ===
07/07/26 09:41:14        19        8          13              0          0
07/07/26 09:41:34 Currently monitoring 1 HTCondor log file(s)
07/07/26 09:41:34 Event: ULOG_JOB_EVICTED for HTCondor Node COLLECT (170270.7.0) {07/07/26 09:41:31}
07/07/26 09:41:34 Number of idle job procs: 28
07/07/26 09:41:34 Event: ULOG_JOB_HELD for HTCondor Node COLLECT (170270.7.0) {07/07/26 09:41:31}
07/07/26 09:41:34   Hold reason: Error from teaching1@uller.hpc.uni-saarland.de: Docker job has gone over memory limit of 73692 Mb
07/07/26 09:41:34 Number of idle job procs: 28
07/07/26 09:41:34 DAG status: 0 (DAG_STATUS_OK)
07/07/26 09:41:34 Of 5 nodes total:
07/07/26 09:41:34  Done     Pre   Queued    Post   Ready   Un-Ready   Failed   Futile
07/07/26 09:41:34   ===     ===      ===     ===     ===        ===      ===      ===
07/07/26 09:41:34     0       0        1       0       0          4        0        0
07/07/26 09:41:34 9 job proc(s) currently held
07/07/26 09:41:34 DAGMan Runtime Statistics: [EventCycleTimeAvg=0.017; EventCycleTimeMax=46.529; EventCycleTimeMin=0.000; EventCycleTimeStd=0.625; EventCycleTimeSum=187.004; SleepCycleTimeAvg=5.013; SleepCycleTimeMax=18.462; SleepCycleTimeMin=4.004; SleepCycleTimeStd=0.282; SleepCycleTimeSum=54791.680; SubmitCycleTimeAvg=0.000; SubmitCycleTimeMax=0.707; SubmitCycleTimeMin=0.000; SubmitCycleTimeStd=0.007; SubmitCycleTimeSum=0.714; EventCycleTimeCount=10931.000; SleepCycleTimeCount=10931.000; SubmitCycleTimeCount=10932.000; LogProcessCycleTimeAvg=0.008; LogProcessCycleTimeMax=0.121; LogProcessCycleTimeMin=0.002; LogProcessCycleTimeStd=0.022; LogProcessCycleTimeSum=0.221; LogProcessCycleTimeCount=28.000; ]
07/07/26 09:44:09 Currently monitoring 1 HTCondor log file(s)
07/07/26 09:44:09 Event: ULOG_EXECUTE for HTCondor Node COLLECT (170270.24.0) {07/07/26 09:44:05}
07/07/26 09:44:09 Number of idle job procs: 27
07/07/26 09:44:09 Event: ULOG_EXECUTE for HTCondor Node COLLECT (170270.21.0) {07/07/26 09:44:05}
07/07/26 09:44:09 Number of idle job procs: 26
07/07/26 09:44:09 Event: ULOG_EXECUTE for HTCondor Node COLLECT (170270.22.0) {07/07/26 09:44:05}
07/07/26 09:44:09 Number of idle job procs: 25
07/07/26 09:44:09 Event: ULOG_EXECUTE for HTCondor Node COLLECT (170270.23.0) {07/07/26 09:44:05}
07/07/26 09:44:09 Number of idle job procs: 24
07/07/26 09:45:09 Currently monitoring 1 HTCondor log file(s)
07/07/26 09:45:09 Event: ULOG_EXECUTE for HTCondor Node COLLECT (170270.25.0) {07/07/26 09:45:04}
07/07/26 09:45:09 Number of idle job procs: 23
07/07/26 09:46:49 Currently monitoring 1 HTCondor log file(s)
07/07/26 09:46:49 Event: ULOG_EXECUTE for HTCondor Node COLLECT (170270.27.0) {07/07/26 09:46:48}
07/07/26 09:46:49 Number of idle job procs: 22
07/07/26 09:46:49 Event: ULOG_EXECUTE for HTCondor Node COLLECT (170270.26.0) {07/07/26 09:46:48}
07/07/26 09:46:49 Number of idle job procs: 21
07/07/26 09:47:49 Currently monitoring 1 HTCondor log file(s)
07/07/26 09:47:49 Event: ULOG_EXECUTE for HTCondor Node COLLECT (170270.28.0) {07/07/26 09:47:49}
07/07/26 09:47:49 Number of idle job procs: 20
07/07/26 09:48:44 Currently monitoring 1 HTCondor log file(s)
07/07/26 09:48:44 Event: ULOG_EXECUTE for HTCondor Node COLLECT (170270.29.0) {07/07/26 09:48:42}
07/07/26 09:48:44 Number of idle job procs: 19
07/07/26 09:51:44 Currently monitoring 1 HTCondor log file(s)
07/07/26 09:51:44 Event: ULOG_EXECUTE for HTCondor Node COLLECT (170270.30.0) {07/07/26 09:51:42}
07/07/26 09:51:44 Number of idle job procs: 18
07/07/26 09:52:44 Currently monitoring 1 HTCondor log file(s)
07/07/26 09:52:44 Event: ULOG_EXECUTE for HTCondor Node COLLECT (170270.32.0) {07/07/26 09:52:42}
07/07/26 09:52:44 Number of idle job procs: 17
07/07/26 09:56:14 Total jobs placed to AP: 40
07/07/26 09:56:14      Idle     Held     Running     Successful     Failed
07/07/26 09:56:14       ===      ===         ===            ===        ===
07/07/26 09:56:14         8        9          23              0          0
07/07/26 09:58:25 Currently monitoring 1 HTCondor log file(s)
07/07/26 09:58:25 Event: ULOG_JOB_EVICTED for HTCondor Node COLLECT (170270.5.0) {07/07/26 09:58:21}
07/07/26 09:58:25 Number of idle job procs: 18
07/07/26 09:58:25 Event: ULOG_JOB_HELD for HTCondor Node COLLECT (170270.5.0) {07/07/26 09:58:21}
07/07/26 09:58:25   Hold reason: Error from teaching8@tenos.hpc.uni-saarland.de: Docker job has gone over memory limit of 96737 Mb
07/07/26 09:58:25 Number of idle job procs: 18
07/07/26 09:58:25 DAG status: 0 (DAG_STATUS_OK)
07/07/26 09:58:25 Of 5 nodes total:
07/07/26 09:58:25  Done     Pre   Queued    Post   Ready   Un-Ready   Failed   Futile
07/07/26 09:58:25   ===     ===      ===     ===     ===        ===      ===      ===
07/07/26 09:58:25     0       0        1       0       0          4        0        0
07/07/26 09:58:25 10 job proc(s) currently held
07/07/26 09:58:25 DAGMan Runtime Statistics: [EventCycleTimeAvg=0.017; EventCycleTimeMax=46.529; EventCycleTimeMin=0.000; EventCycleTimeStd=0.619; EventCycleTimeSum=187.065; SleepCycleTimeAvg=5.012; SleepCycleTimeMax=18.462; SleepCycleTimeMin=4.004; SleepCycleTimeStd=0.280; SleepCycleTimeSum=55802.520; SubmitCycleTimeAvg=0.000; SubmitCycleTimeMax=0.707; SubmitCycleTimeMin=0.000; SubmitCycleTimeStd=0.007; SubmitCycleTimeSum=0.714; EventCycleTimeCount=11133.000; SleepCycleTimeCount=11133.000; SubmitCycleTimeCount=11134.000; LogProcessCycleTimeAvg=0.007; LogProcessCycleTimeMax=0.121; LogProcessCycleTimeMin=0.002; LogProcessCycleTimeStd=0.020; LogProcessCycleTimeSum=0.247; LogProcessCycleTimeCount=36.000; ]
07/07/26 10:00:10 Currently monitoring 1 HTCondor log file(s)
07/07/26 10:00:10 Event: ULOG_JOB_EVICTED for HTCondor Node COLLECT (170270.1.0) {07/07/26 10:00:06}
07/07/26 10:00:10 Number of idle job procs: 19
07/07/26 10:00:10 Event: ULOG_JOB_HELD for HTCondor Node COLLECT (170270.1.0) {07/07/26 10:00:06}
07/07/26 10:00:10   Hold reason: Error from teaching4@tenos.hpc.uni-saarland.de: Docker job has gone over memory limit of 96737 Mb
07/07/26 10:00:10 Number of idle job procs: 19
07/07/26 10:00:10 DAG status: 0 (DAG_STATUS_OK)
07/07/26 10:00:10 Of 5 nodes total:
07/07/26 10:00:10  Done     Pre   Queued    Post   Ready   Un-Ready   Failed   Futile
07/07/26 10:00:10   ===     ===      ===     ===     ===        ===      ===      ===
07/07/26 10:00:10     0       0        1       0       0          4        0        0
07/07/26 10:00:10 11 job proc(s) currently held
07/07/26 10:00:10 DAGMan Runtime Statistics: [EventCycleTimeAvg=0.017; EventCycleTimeMax=46.529; EventCycleTimeMin=0.000; EventCycleTimeStd=0.619; EventCycleTimeSum=187.075; SleepCycleTimeAvg=5.012; SleepCycleTimeMax=18.462; SleepCycleTimeMin=4.004; SleepCycleTimeStd=0.279; SleepCycleTimeSum=55907.601; SubmitCycleTimeAvg=0.000; SubmitCycleTimeMax=0.707; SubmitCycleTimeMin=0.000; SubmitCycleTimeStd=0.007; SubmitCycleTimeSum=0.714; EventCycleTimeCount=11154.000; SleepCycleTimeCount=11154.000; SubmitCycleTimeCount=11155.000; LogProcessCycleTimeAvg=0.007; LogProcessCycleTimeMax=0.121; LogProcessCycleTimeMin=0.002; LogProcessCycleTimeStd=0.019; LogProcessCycleTimeSum=0.252; LogProcessCycleTimeCount=37.000; ]
07/07/26 10:01:15 Currently monitoring 1 HTCondor log file(s)
07/07/26 10:01:15 Event: ULOG_JOB_EVICTED for HTCondor Node COLLECT (170270.3.0) {07/07/26 10:01:14}
07/07/26 10:01:15 Number of idle job procs: 20
07/07/26 10:01:15 Event: ULOG_JOB_HELD for HTCondor Node COLLECT (170270.3.0) {07/07/26 10:01:14}
07/07/26 10:01:15   Hold reason: Error from teaching7@thera.hpc.uni-saarland.de: Docker job has gone over memory limit of 96737 Mb
07/07/26 10:01:15 Number of idle job procs: 20
07/07/26 10:01:15 DAG status: 0 (DAG_STATUS_OK)
07/07/26 10:01:15 Of 5 nodes total:
07/07/26 10:01:15  Done     Pre   Queued    Post   Ready   Un-Ready   Failed   Futile
07/07/26 10:01:15   ===     ===      ===     ===     ===        ===      ===      ===
07/07/26 10:01:15     0       0        1       0       0          4        0        0
07/07/26 10:01:15 12 job proc(s) currently held
07/07/26 10:01:15 DAGMan Runtime Statistics: [EventCycleTimeAvg=0.017; EventCycleTimeMax=46.529; EventCycleTimeMin=0.000; EventCycleTimeStd=0.618; EventCycleTimeSum=187.085; SleepCycleTimeAvg=5.012; SleepCycleTimeMax=18.462; SleepCycleTimeMin=4.004; SleepCycleTimeStd=0.279; SleepCycleTimeSum=55972.655; SubmitCycleTimeAvg=0.000; SubmitCycleTimeMax=0.707; SubmitCycleTimeMin=0.000; SubmitCycleTimeStd=0.007; SubmitCycleTimeSum=0.714; EventCycleTimeCount=11167.000; SleepCycleTimeCount=11167.000; SubmitCycleTimeCount=11168.000; LogProcessCycleTimeAvg=0.007; LogProcessCycleTimeMax=0.121; LogProcessCycleTimeMin=0.002; LogProcessCycleTimeStd=0.019; LogProcessCycleTimeSum=0.256; LogProcessCycleTimeCount=38.000; ]
07/07/26 10:02:00 Currently monitoring 1 HTCondor log file(s)
07/07/26 10:02:00 Event: ULOG_EXECUTE for HTCondor Node COLLECT (170270.31.0) {07/07/26 10:01:59}
07/07/26 10:02:00 Number of idle job procs: 19
07/07/26 10:03:30 Currently monitoring 1 HTCondor log file(s)
07/07/26 10:03:30 Event: ULOG_EXECUTE for HTCondor Node COLLECT (170270.33.0) {07/07/26 10:03:27}
07/07/26 10:03:30 Number of idle job procs: 18
07/07/26 10:03:30 Event: ULOG_EXECUTE for HTCondor Node COLLECT (170270.34.0) {07/07/26 10:03:27}
07/07/26 10:03:30 Number of idle job procs: 17
07/07/26 10:09:20 Currently monitoring 1 HTCondor log file(s)
07/07/26 10:09:20 Event: ULOG_EXECUTE for HTCondor Node COLLECT (170270.35.0) {07/07/26 10:09:18}
07/07/26 10:09:20 Number of idle job procs: 16
07/07/26 10:11:15 Total jobs placed to AP: 40
07/07/26 10:11:15      Idle     Held     Running     Successful     Failed
07/07/26 10:11:15       ===      ===         ===            ===        ===
07/07/26 10:11:15         4       12          24              0          0
07/07/26 10:11:20 Currently monitoring 1 HTCondor log file(s)
07/07/26 10:11:20 Event: ULOG_EXECUTE for HTCondor Node COLLECT (170270.36.0) {07/07/26 10:11:19}
07/07/26 10:11:20 Number of idle job procs: 15
07/07/26 10:12:20 Currently monitoring 1 HTCondor log file(s)
07/07/26 10:12:20 Event: ULOG_EXECUTE for HTCondor Node COLLECT (170270.37.0) {07/07/26 10:12:19}
07/07/26 10:12:20 Number of idle job procs: 14
07/07/26 10:15:35 Currently monitoring 1 HTCondor log file(s)
07/07/26 10:15:35 Event: ULOG_JOB_EVICTED for HTCondor Node COLLECT (170270.12.0) {07/07/26 10:15:33}
07/07/26 10:15:35 Number of idle job procs: 15
07/07/26 10:15:35 Event: ULOG_JOB_HELD for HTCondor Node COLLECT (170270.12.0) {07/07/26 10:15:33}
07/07/26 10:15:35   Hold reason: Error from teaching4@uller.hpc.uni-saarland.de: Docker job has gone over memory limit of 73692 Mb
07/07/26 10:15:35 Number of idle job procs: 15
07/07/26 10:15:35 DAG status: 0 (DAG_STATUS_OK)
07/07/26 10:15:35 Of 5 nodes total:
07/07/26 10:15:35  Done     Pre   Queued    Post   Ready   Un-Ready   Failed   Futile
07/07/26 10:15:35   ===     ===      ===     ===     ===        ===      ===      ===
07/07/26 10:15:35     0       0        1       0       0          4        0        0
07/07/26 10:15:35 13 job proc(s) currently held
07/07/26 10:15:35 DAGMan Runtime Statistics: [EventCycleTimeAvg=0.017; EventCycleTimeMax=46.529; EventCycleTimeMin=0.000; EventCycleTimeStd=0.614; EventCycleTimeSum=187.133; SleepCycleTimeAvg=5.012; SleepCycleTimeMax=18.462; SleepCycleTimeMin=4.004; SleepCycleTimeStd=0.277; SleepCycleTimeSum=56833.363; SubmitCycleTimeAvg=0.000; SubmitCycleTimeMax=0.707; SubmitCycleTimeMin=0.000; SubmitCycleTimeStd=0.007; SubmitCycleTimeSum=0.714; EventCycleTimeCount=11339.000; SleepCycleTimeCount=11339.000; SubmitCycleTimeCount=11340.000; LogProcessCycleTimeAvg=0.006; LogProcessCycleTimeMax=0.121; LogProcessCycleTimeMin=0.002; LogProcessCycleTimeStd=0.018; LogProcessCycleTimeSum=0.273; LogProcessCycleTimeCount=44.000; ]
07/07/26 10:17:46 Currently monitoring 1 HTCondor log file(s)
07/07/26 10:17:46 Event: ULOG_JOB_EVICTED for HTCondor Node COLLECT (170270.13.0) {07/07/26 10:17:43}
07/07/26 10:17:46 Number of idle job procs: 16
07/07/26 10:17:46 Event: ULOG_JOB_HELD for HTCondor Node COLLECT (170270.13.0) {07/07/26 10:17:43}
07/07/26 10:17:46   Hold reason: Error from teaching4@lofn.hpc.uni-saarland.de: Docker job has gone over memory limit of 64480 Mb
07/07/26 10:17:46 Number of idle job procs: 16
07/07/26 10:17:46 DAG status: 0 (DAG_STATUS_OK)
07/07/26 10:17:46 Of 5 nodes total:
07/07/26 10:17:46  Done     Pre   Queued    Post   Ready   Un-Ready   Failed   Futile
07/07/26 10:17:46   ===     ===      ===     ===     ===        ===      ===      ===
07/07/26 10:17:46     0       0        1       0       0          4        0        0
07/07/26 10:17:46 14 job proc(s) currently held
07/07/26 10:17:46 DAGMan Runtime Statistics: [EventCycleTimeAvg=0.016; EventCycleTimeMax=46.529; EventCycleTimeMin=0.000; EventCycleTimeStd=0.613; EventCycleTimeSum=187.147; SleepCycleTimeAvg=5.012; SleepCycleTimeMax=18.462; SleepCycleTimeMin=4.004; SleepCycleTimeStd=0.277; SleepCycleTimeSum=56963.466; SubmitCycleTimeAvg=0.000; SubmitCycleTimeMax=0.707; SubmitCycleTimeMin=0.000; SubmitCycleTimeStd=0.007; SubmitCycleTimeSum=0.714; EventCycleTimeCount=11365.000; SleepCycleTimeCount=11365.000; SubmitCycleTimeCount=11366.000; LogProcessCycleTimeAvg=0.006; LogProcessCycleTimeMax=0.121; LogProcessCycleTimeMin=0.002; LogProcessCycleTimeStd=0.018; LogProcessCycleTimeSum=0.278; LogProcessCycleTimeCount=45.000; ]
07/07/26 10:26:16 Total jobs placed to AP: 40
07/07/26 10:26:16      Idle     Held     Running     Successful     Failed
07/07/26 10:26:16       ===      ===         ===            ===        ===
07/07/26 10:26:16         2       14          24              0          0
07/07/26 10:27:46 600 seconds since last log event
07/07/26 10:27:46 Pending DAG nodes:
07/07/26 10:27:46   Node COLLECT, HTCondor ID 170270, status STATUS_SUBMITTED
07/07/26 10:28:01 Currently monitoring 1 HTCondor log file(s)
07/07/26 10:28:01 Event: ULOG_JOB_EVICTED for HTCondor Node COLLECT (170270.15.0) {07/07/26 10:27:56}
07/07/26 10:28:01 Number of idle job procs: 17
07/07/26 10:28:01 Event: ULOG_JOB_HELD for HTCondor Node COLLECT (170270.15.0) {07/07/26 10:27:56}
07/07/26 10:28:01   Hold reason: Error from teaching4@idun.hpc.uni-saarland.de: Docker job has gone over memory limit of 64480 Mb
07/07/26 10:28:01 Number of idle job procs: 17
07/07/26 10:28:01 DAG status: 0 (DAG_STATUS_OK)
07/07/26 10:28:01 Of 5 nodes total:
07/07/26 10:28:01  Done     Pre   Queued    Post   Ready   Un-Ready   Failed   Futile
07/07/26 10:28:01   ===     ===      ===     ===     ===        ===      ===      ===
07/07/26 10:28:01     0       0        1       0       0          4        0        0
07/07/26 10:28:01 15 job proc(s) currently held
07/07/26 10:28:01 DAGMan Runtime Statistics: [EventCycleTimeAvg=0.016; EventCycleTimeMax=46.529; EventCycleTimeMin=0.000; EventCycleTimeStd=0.610; EventCycleTimeSum=187.182; SleepCycleTimeAvg=5.012; SleepCycleTimeMax=18.462; SleepCycleTimeMin=4.004; SleepCycleTimeStd=0.275; SleepCycleTimeSum=57578.951; SubmitCycleTimeAvg=0.000; SubmitCycleTimeMax=0.707; SubmitCycleTimeMin=0.000; SubmitCycleTimeStd=0.007; SubmitCycleTimeSum=0.714; EventCycleTimeCount=11488.000; SleepCycleTimeCount=11488.000; SubmitCycleTimeCount=11489.000; LogProcessCycleTimeAvg=0.006; LogProcessCycleTimeMax=0.121; LogProcessCycleTimeMin=0.002; LogProcessCycleTimeStd=0.017; LogProcessCycleTimeSum=0.282; LogProcessCycleTimeCount=46.000; ]
07/07/26 10:29:11 Currently monitoring 1 HTCondor log file(s)
07/07/26 10:29:11 Event: ULOG_EXECUTE for HTCondor Node COLLECT (170270.38.0) {07/07/26 10:29:08}
07/07/26 10:29:11 Number of idle job procs: 16
07/07/26 10:32:11 Currently monitoring 1 HTCondor log file(s)
07/07/26 10:32:11 Event: ULOG_EXECUTE for HTCondor Node COLLECT (170270.39.0) {07/07/26 10:32:09}
07/07/26 10:32:11 Number of idle job procs: 15
07/07/26 10:32:36 Currently monitoring 1 HTCondor log file(s)
07/07/26 10:32:36 Event: ULOG_JOB_EVICTED for HTCondor Node COLLECT (170270.14.0) {07/07/26 10:32:31}
07/07/26 10:32:36 Number of idle job procs: 16
07/07/26 10:32:36 Event: ULOG_JOB_HELD for HTCondor Node COLLECT (170270.14.0) {07/07/26 10:32:32}
07/07/26 10:32:36   Hold reason: Error from teaching1@idun.hpc.uni-saarland.de: Docker job has gone over memory limit of 64480 Mb
07/07/26 10:32:36 Number of idle job procs: 16
07/07/26 10:32:36 DAG status: 0 (DAG_STATUS_OK)
07/07/26 10:32:36 Of 5 nodes total:
07/07/26 10:32:36  Done     Pre   Queued    Post   Ready   Un-Ready   Failed   Futile
07/07/26 10:32:36   ===     ===      ===     ===     ===        ===      ===      ===
07/07/26 10:32:36     0       0        1       0       0          4        0        0
07/07/26 10:32:36 16 job proc(s) currently held
07/07/26 10:32:36 DAGMan Runtime Statistics: [EventCycleTimeAvg=0.016; EventCycleTimeMax=46.529; EventCycleTimeMin=0.000; EventCycleTimeStd=0.608; EventCycleTimeSum=187.203; SleepCycleTimeAvg=5.012; SleepCycleTimeMax=18.462; SleepCycleTimeMin=4.004; SleepCycleTimeStd=0.275; SleepCycleTimeSum=57854.184; SubmitCycleTimeAvg=0.000; SubmitCycleTimeMax=0.707; SubmitCycleTimeMin=0.000; SubmitCycleTimeStd=0.007; SubmitCycleTimeSum=0.714; EventCycleTimeCount=11543.000; SleepCycleTimeCount=11543.000; SubmitCycleTimeCount=11544.000; LogProcessCycleTimeAvg=0.006; LogProcessCycleTimeMax=0.121; LogProcessCycleTimeMin=0.002; LogProcessCycleTimeStd=0.017; LogProcessCycleTimeSum=0.293; LogProcessCycleTimeCount=49.000; ]
07/07/26 10:40:07 Currently monitoring 1 HTCondor log file(s)
07/07/26 10:40:07 Event: ULOG_JOB_EVICTED for HTCondor Node COLLECT (170270.18.0) {07/07/26 10:40:03}
07/07/26 10:40:07 Number of idle job procs: 17
07/07/26 10:40:07 Event: ULOG_JOB_HELD for HTCondor Node COLLECT (170270.18.0) {07/07/26 10:40:03}
07/07/26 10:40:07   Hold reason: Error from teaching1@lofn.hpc.uni-saarland.de: Docker job has gone over memory limit of 64480 Mb
07/07/26 10:40:07 Number of idle job procs: 17
07/07/26 10:40:07 DAG status: 0 (DAG_STATUS_OK)
07/07/26 10:40:07 Of 5 nodes total:
07/07/26 10:40:07  Done     Pre   Queued    Post   Ready   Un-Ready   Failed   Futile
07/07/26 10:40:07   ===     ===      ===     ===     ===        ===      ===      ===
07/07/26 10:40:07     0       0        1       0       0          4        0        0
07/07/26 10:40:07 17 job proc(s) currently held
07/07/26 10:40:07 DAGMan Runtime Statistics: [EventCycleTimeAvg=0.016; EventCycleTimeMax=46.529; EventCycleTimeMin=0.000; EventCycleTimeStd=0.606; EventCycleTimeSum=187.225; SleepCycleTimeAvg=5.012; SleepCycleTimeMax=18.462; SleepCycleTimeMin=4.004; SleepCycleTimeStd=0.274; SleepCycleTimeSum=58304.591; SubmitCycleTimeAvg=0.000; SubmitCycleTimeMax=0.707; SubmitCycleTimeMin=0.000; SubmitCycleTimeStd=0.007; SubmitCycleTimeSum=0.714; EventCycleTimeCount=11633.000; SleepCycleTimeCount=11633.000; SubmitCycleTimeCount=11634.000; LogProcessCycleTimeAvg=0.006; LogProcessCycleTimeMax=0.121; LogProcessCycleTimeMin=0.002; LogProcessCycleTimeStd=0.017; LogProcessCycleTimeSum=0.298; LogProcessCycleTimeCount=50.000; ]
07/07/26 10:41:17 Total jobs placed to AP: 40
07/07/26 10:41:17      Idle     Held     Running     Successful     Failed
07/07/26 10:41:17       ===      ===         ===            ===        ===
07/07/26 10:41:17         0       17          23              0          0
07/07/26 10:41:42 Currently monitoring 1 HTCondor log file(s)
07/07/26 10:41:42 Event: ULOG_JOB_EVICTED for HTCondor Node COLLECT (170270.17.0) {07/07/26 10:41:42}
07/07/26 10:41:42 Number of idle job procs: 18
07/07/26 10:41:42 Event: ULOG_JOB_HELD for HTCondor Node COLLECT (170270.17.0) {07/07/26 10:41:42}
07/07/26 10:41:42   Hold reason: Error from teaching8@lofn.hpc.uni-saarland.de: Docker job has gone over memory limit of 64480 Mb
07/07/26 10:41:42 Number of idle job procs: 18
07/07/26 10:41:42 DAG status: 0 (DAG_STATUS_OK)
07/07/26 10:41:42 Of 5 nodes total:
07/07/26 10:41:42  Done     Pre   Queued    Post   Ready   Un-Ready   Failed   Futile
07/07/26 10:41:42   ===     ===      ===     ===     ===        ===      ===      ===
07/07/26 10:41:42     0       0        1       0       0          4        0        0
07/07/26 10:41:42 18 job proc(s) currently held
07/07/26 10:41:42 DAGMan Runtime Statistics: [EventCycleTimeAvg=0.016; EventCycleTimeMax=46.529; EventCycleTimeMin=0.000; EventCycleTimeStd=0.605; EventCycleTimeSum=187.238; SleepCycleTimeAvg=5.012; SleepCycleTimeMax=18.462; SleepCycleTimeMin=4.004; SleepCycleTimeStd=0.273; SleepCycleTimeSum=58399.663; SubmitCycleTimeAvg=0.000; SubmitCycleTimeMax=0.707; SubmitCycleTimeMin=0.000; SubmitCycleTimeStd=0.007; SubmitCycleTimeSum=0.714; EventCycleTimeCount=11652.000; SleepCycleTimeCount=11652.000; SubmitCycleTimeCount=11653.000; LogProcessCycleTimeAvg=0.006; LogProcessCycleTimeMax=0.121; LogProcessCycleTimeMin=0.002; LogProcessCycleTimeStd=0.017; LogProcessCycleTimeSum=0.303; LogProcessCycleTimeCount=51.000; ]
07/07/26 10:45:22 Currently monitoring 1 HTCondor log file(s)
07/07/26 10:45:22 Event: ULOG_JOB_EVICTED for HTCondor Node COLLECT (170270.28.0) {07/07/26 10:45:20}
07/07/26 10:45:22 Number of idle job procs: 19
07/07/26 10:45:22 Event: ULOG_JOB_HELD for HTCondor Node COLLECT (170270.28.0) {07/07/26 10:45:20}
07/07/26 10:45:22   Hold reason: Error from teaching6@lofn.hpc.uni-saarland.de: Docker job has gone over memory limit of 64480 Mb
07/07/26 10:45:22 Number of idle job procs: 19
07/07/26 10:45:22 Event: ULOG_JOB_EVICTED for HTCondor Node COLLECT (170270.19.0) {07/07/26 10:45:21}
07/07/26 10:45:22 Number of idle job procs: 20
07/07/26 10:45:22 Event: ULOG_JOB_HELD for HTCondor Node COLLECT (170270.19.0) {07/07/26 10:45:21}
07/07/26 10:45:22   Hold reason: Error from teaching7@lofn.hpc.uni-saarland.de: Docker job has gone over memory limit of 64480 Mb
07/07/26 10:45:22 Number of idle job procs: 20
07/07/26 10:45:22 DAG status: 0 (DAG_STATUS_OK)
07/07/26 10:45:22 Of 5 nodes total:
07/07/26 10:45:22  Done     Pre   Queued    Post   Ready   Un-Ready   Failed   Futile
07/07/26 10:45:22   ===     ===      ===     ===     ===        ===      ===      ===
07/07/26 10:45:22     0       0        1       0       0          4        0        0
07/07/26 10:45:22 20 job proc(s) currently held
07/07/26 10:45:22 DAGMan Runtime Statistics: [EventCycleTimeAvg=0.016; EventCycleTimeMax=46.529; EventCycleTimeMin=0.000; EventCycleTimeStd=0.604; EventCycleTimeSum=187.256; SleepCycleTimeAvg=5.012; SleepCycleTimeMax=18.462; SleepCycleTimeMin=4.004; SleepCycleTimeStd=0.273; SleepCycleTimeSum=58619.860; SubmitCycleTimeAvg=0.000; SubmitCycleTimeMax=0.707; SubmitCycleTimeMin=0.000; SubmitCycleTimeStd=0.007; SubmitCycleTimeSum=0.714; EventCycleTimeCount=11696.000; SleepCycleTimeCount=11696.000; SubmitCycleTimeCount=11697.000; LogProcessCycleTimeAvg=0.006; LogProcessCycleTimeMax=0.121; LogProcessCycleTimeMin=0.002; LogProcessCycleTimeStd=0.016; LogProcessCycleTimeSum=0.312; LogProcessCycleTimeCount=52.000; ]
07/07/26 10:49:02 Currently monitoring 1 HTCondor log file(s)
07/07/26 10:49:02 Event: ULOG_JOB_EVICTED for HTCondor Node COLLECT (170270.20.0) {07/07/26 10:48:57}
07/07/26 10:49:02 Number of idle job procs: 21
07/07/26 10:49:02 Event: ULOG_JOB_HELD for HTCondor Node COLLECT (170270.20.0) {07/07/26 10:48:57}
07/07/26 10:49:02   Hold reason: Error from teaching2@idun.hpc.uni-saarland.de: Docker job has gone over memory limit of 64480 Mb
07/07/26 10:49:02 Number of idle job procs: 21
07/07/26 10:49:02 DAG status: 0 (DAG_STATUS_OK)
07/07/26 10:49:02 Of 5 nodes total:
07/07/26 10:49:02  Done     Pre   Queued    Post   Ready   Un-Ready   Failed   Futile
07/07/26 10:49:02   ===     ===      ===     ===     ===        ===      ===      ===
07/07/26 10:49:02     0       0        1       0       0          4        0        0
07/07/26 10:49:02 21 job proc(s) currently held
07/07/26 10:49:02 DAGMan Runtime Statistics: [EventCycleTimeAvg=0.016; EventCycleTimeMax=46.529; EventCycleTimeMin=0.000; EventCycleTimeStd=0.603; EventCycleTimeSum=187.278; SleepCycleTimeAvg=5.012; SleepCycleTimeMax=18.462; SleepCycleTimeMin=4.004; SleepCycleTimeStd=0.272; SleepCycleTimeSum=58840.050; SubmitCycleTimeAvg=0.000; SubmitCycleTimeMax=0.707; SubmitCycleTimeMin=0.000; SubmitCycleTimeStd=0.007; SubmitCycleTimeSum=0.714; EventCycleTimeCount=11740.000; SleepCycleTimeCount=11740.000; SubmitCycleTimeCount=11741.000; LogProcessCycleTimeAvg=0.006; LogProcessCycleTimeMax=0.121; LogProcessCycleTimeMin=0.002; LogProcessCycleTimeStd=0.016; LogProcessCycleTimeSum=0.316; LogProcessCycleTimeCount=53.000; ]
07/07/26 10:50:32 Currently monitoring 1 HTCondor log file(s)
07/07/26 10:50:32 Event: ULOG_JOB_EVICTED for HTCondor Node COLLECT (170270.25.0) {07/07/26 10:50:30}
07/07/26 10:50:32 Number of idle job procs: 22
07/07/26 10:50:32 Event: ULOG_JOB_HELD for HTCondor Node COLLECT (170270.25.0) {07/07/26 10:50:30}
07/07/26 10:50:32   Hold reason: Error from teaching3@lofn.hpc.uni-saarland.de: Docker job has gone over memory limit of 64480 Mb
07/07/26 10:50:32 Number of idle job procs: 22
07/07/26 10:50:32 DAG status: 0 (DAG_STATUS_OK)
07/07/26 10:50:32 Of 5 nodes total:
07/07/26 10:50:32  Done     Pre   Queued    Post   Ready   Un-Ready   Failed   Futile
07/07/26 10:50:32   ===     ===      ===     ===     ===        ===      ===      ===
07/07/26 10:50:32     0       0        1       0       0          4        0        0
07/07/26 10:50:32 22 job proc(s) currently held
07/07/26 10:50:32 DAGMan Runtime Statistics: [EventCycleTimeAvg=0.016; EventCycleTimeMax=46.529; EventCycleTimeMin=0.000; EventCycleTimeStd=0.603; EventCycleTimeSum=187.286; SleepCycleTimeAvg=5.012; SleepCycleTimeMax=18.462; SleepCycleTimeMin=4.004; SleepCycleTimeStd=0.272; SleepCycleTimeSum=58930.132; SubmitCycleTimeAvg=0.000; SubmitCycleTimeMax=0.707; SubmitCycleTimeMin=0.000; SubmitCycleTimeStd=0.007; SubmitCycleTimeSum=0.714; EventCycleTimeCount=11758.000; SleepCycleTimeCount=11758.000; SubmitCycleTimeCount=11759.000; LogProcessCycleTimeAvg=0.006; LogProcessCycleTimeMax=0.121; LogProcessCycleTimeMin=0.002; LogProcessCycleTimeStd=0.016; LogProcessCycleTimeSum=0.320; LogProcessCycleTimeCount=54.000; ]
07/07/26 10:51:17 Currently monitoring 1 HTCondor log file(s)
07/07/26 10:51:17 Event: ULOG_JOB_EVICTED for HTCondor Node COLLECT (170270.24.0) {07/07/26 10:51:15}
07/07/26 10:51:17 Number of idle job procs: 23
07/07/26 10:51:17 Event: ULOG_JOB_HELD for HTCondor Node COLLECT (170270.24.0) {07/07/26 10:51:15}
07/07/26 10:51:17   Hold reason: Error from teaching2@lofn.hpc.uni-saarland.de: Docker job has gone over memory limit of 64480 Mb
07/07/26 10:51:17 Number of idle job procs: 23
07/07/26 10:51:17 DAG status: 0 (DAG_STATUS_OK)
07/07/26 10:51:17 Of 5 nodes total:
07/07/26 10:51:17  Done     Pre   Queued    Post   Ready   Un-Ready   Failed   Futile
07/07/26 10:51:17   ===     ===      ===     ===     ===        ===      ===      ===
07/07/26 10:51:17     0       0        1       0       0          4        0        0
07/07/26 10:51:17 23 job proc(s) currently held
07/07/26 10:51:17 DAGMan Runtime Statistics: [EventCycleTimeAvg=0.016; EventCycleTimeMax=46.529; EventCycleTimeMin=0.000; EventCycleTimeStd=0.603; EventCycleTimeSum=187.294; SleepCycleTimeAvg=5.012; SleepCycleTimeMax=18.462; SleepCycleTimeMin=4.004; SleepCycleTimeStd=0.272; SleepCycleTimeSum=58975.176; SubmitCycleTimeAvg=0.000; SubmitCycleTimeMax=0.707; SubmitCycleTimeMin=0.000; SubmitCycleTimeStd=0.007; SubmitCycleTimeSum=0.714; EventCycleTimeCount=11767.000; SleepCycleTimeCount=11767.000; SubmitCycleTimeCount=11768.000; LogProcessCycleTimeAvg=0.006; LogProcessCycleTimeMax=0.121; LogProcessCycleTimeMin=0.002; LogProcessCycleTimeStd=0.016; LogProcessCycleTimeSum=0.324; LogProcessCycleTimeCount=55.000; ]
07/07/26 10:55:38 Currently monitoring 1 HTCondor log file(s)
07/07/26 10:55:38 Event: ULOG_JOB_EVICTED for HTCondor Node COLLECT (170270.16.0) {07/07/26 10:55:35}
07/07/26 10:55:38 Number of idle job procs: 24
07/07/26 10:55:38 Event: ULOG_JOB_HELD for HTCondor Node COLLECT (170270.16.0) {07/07/26 10:55:35}
07/07/26 10:55:38   Hold reason: Error from teaching5@lofn.hpc.uni-saarland.de: Docker job has gone over memory limit of 64480 Mb
07/07/26 10:55:38 Number of idle job procs: 24
07/07/26 10:55:38 DAG status: 0 (DAG_STATUS_OK)
07/07/26 10:55:38 Of 5 nodes total:
07/07/26 10:55:38  Done     Pre   Queued    Post   Ready   Un-Ready   Failed   Futile
07/07/26 10:55:38   ===     ===      ===     ===     ===        ===      ===      ===
07/07/26 10:55:38     0       0        1       0       0          4        0        0
07/07/26 10:55:38 24 job proc(s) currently held
07/07/26 10:55:38 DAGMan Runtime Statistics: [EventCycleTimeAvg=0.016; EventCycleTimeMax=46.529; EventCycleTimeMin=0.000; EventCycleTimeStd=0.601; EventCycleTimeSum=187.311; SleepCycleTimeAvg=5.012; SleepCycleTimeMax=18.462; SleepCycleTimeMin=4.004; SleepCycleTimeStd=0.272; SleepCycleTimeSum=59235.369; SubmitCycleTimeAvg=0.000; SubmitCycleTimeMax=0.707; SubmitCycleTimeMin=0.000; SubmitCycleTimeStd=0.007; SubmitCycleTimeSum=0.714; EventCycleTimeCount=11819.000; SleepCycleTimeCount=11819.000; SubmitCycleTimeCount=11820.000; LogProcessCycleTimeAvg=0.006; LogProcessCycleTimeMax=0.121; LogProcessCycleTimeMin=0.002; LogProcessCycleTimeStd=0.016; LogProcessCycleTimeSum=0.328; LogProcessCycleTimeCount=56.000; ]
07/07/26 10:56:18 Total jobs placed to AP: 40
07/07/26 10:56:18      Idle     Held     Running     Successful     Failed
07/07/26 10:56:18       ===      ===         ===            ===        ===
07/07/26 10:56:18         0       24          16              0          0
07/07/26 11:01:28 Currently monitoring 1 HTCondor log file(s)
07/07/26 11:01:28 Event: ULOG_JOB_EVICTED for HTCondor Node COLLECT (170270.32.0) {07/07/26 11:01:25}
07/07/26 11:01:28 Number of idle job procs: 25
07/07/26 11:01:28 Event: ULOG_JOB_HELD for HTCondor Node COLLECT (170270.32.0) {07/07/26 11:01:25}
07/07/26 11:01:28   Hold reason: Error from teaching1@uller.hpc.uni-saarland.de: Docker job has gone over memory limit of 73692 Mb
07/07/26 11:01:28 Number of idle job procs: 25
07/07/26 11:01:28 DAG status: 0 (DAG_STATUS_OK)
07/07/26 11:01:28 Of 5 nodes total:
07/07/26 11:01:28  Done     Pre   Queued    Post   Ready   Un-Ready   Failed   Futile
07/07/26 11:01:28   ===     ===      ===     ===     ===        ===      ===      ===
07/07/26 11:01:28     0       0        1       0       0          4        0        0
07/07/26 11:01:28 25 job proc(s) currently held
07/07/26 11:01:28 DAGMan Runtime Statistics: [EventCycleTimeAvg=0.016; EventCycleTimeMax=46.529; EventCycleTimeMin=0.000; EventCycleTimeStd=0.599; EventCycleTimeSum=187.332; SleepCycleTimeAvg=5.012; SleepCycleTimeMax=18.462; SleepCycleTimeMin=4.004; SleepCycleTimeStd=0.271; SleepCycleTimeSum=59585.688; SubmitCycleTimeAvg=0.000; SubmitCycleTimeMax=0.707; SubmitCycleTimeMin=0.000; SubmitCycleTimeStd=0.006; SubmitCycleTimeSum=0.715; EventCycleTimeCount=11889.000; SleepCycleTimeCount=11889.000; SubmitCycleTimeCount=11890.000; LogProcessCycleTimeAvg=0.006; LogProcessCycleTimeMax=0.121; LogProcessCycleTimeMin=0.002; LogProcessCycleTimeStd=0.016; LogProcessCycleTimeSum=0.332; LogProcessCycleTimeCount=57.000; ]
07/07/26 11:03:28 Currently monitoring 1 HTCondor log file(s)
07/07/26 11:03:28 Event: ULOG_JOB_EVICTED for HTCondor Node COLLECT (170270.30.0) {07/07/26 11:03:26}
07/07/26 11:03:28 Number of idle job procs: 26
07/07/26 11:03:28 Event: ULOG_JOB_HELD for HTCondor Node COLLECT (170270.30.0) {07/07/26 11:03:26}
07/07/26 11:03:28   Hold reason: Error from teaching3@idun.hpc.uni-saarland.de: Docker job has gone over memory limit of 64480 Mb
07/07/26 11:03:28 Number of idle job procs: 26
07/07/26 11:03:28 DAG status: 0 (DAG_STATUS_OK)
07/07/26 11:03:28 Of 5 nodes total:
07/07/26 11:03:28  Done     Pre   Queued    Post   Ready   Un-Ready   Failed   Futile
07/07/26 11:03:28   ===     ===      ===     ===     ===        ===      ===      ===
07/07/26 11:03:28     0       0        1       0       0          4        0        0
07/07/26 11:03:28 26 job proc(s) currently held
07/07/26 11:03:28 DAGMan Runtime Statistics: [EventCycleTimeAvg=0.016; EventCycleTimeMax=46.529; EventCycleTimeMin=0.000; EventCycleTimeStd=0.599; EventCycleTimeSum=187.346; SleepCycleTimeAvg=5.012; SleepCycleTimeMax=18.462; SleepCycleTimeMin=4.004; SleepCycleTimeStd=0.270; SleepCycleTimeSum=59705.802; SubmitCycleTimeAvg=0.000; SubmitCycleTimeMax=0.707; SubmitCycleTimeMin=0.000; SubmitCycleTimeStd=0.006; SubmitCycleTimeSum=0.715; EventCycleTimeCount=11913.000; SleepCycleTimeCount=11913.000; SubmitCycleTimeCount=11914.000; LogProcessCycleTimeAvg=0.006; LogProcessCycleTimeMax=0.121; LogProcessCycleTimeMin=0.002; LogProcessCycleTimeStd=0.016; LogProcessCycleTimeSum=0.335; LogProcessCycleTimeCount=58.000; ]
07/07/26 11:05:08 Currently monitoring 1 HTCondor log file(s)
07/07/26 11:05:08 Event: ULOG_JOB_EVICTED for HTCondor Node COLLECT (170270.27.0) {07/07/26 11:05:05}
07/07/26 11:05:08 Number of idle job procs: 27
07/07/26 11:05:08 Event: ULOG_JOB_HELD for HTCondor Node COLLECT (170270.27.0) {07/07/26 11:05:05}
07/07/26 11:05:08   Hold reason: Error from teaching2@uller.hpc.uni-saarland.de: Docker job has gone over memory limit of 73692 Mb
07/07/26 11:05:08 Number of idle job procs: 27
07/07/26 11:05:08 DAG status: 0 (DAG_STATUS_OK)
07/07/26 11:05:08 Of 5 nodes total:
07/07/26 11:05:08  Done     Pre   Queued    Post   Ready   Un-Ready   Failed   Futile
07/07/26 11:05:08   ===     ===      ===     ===     ===        ===      ===      ===
07/07/26 11:05:08     0       0        1       0       0          4        0        0
07/07/26 11:05:08 27 job proc(s) currently held
07/07/26 11:05:08 DAGMan Runtime Statistics: [EventCycleTimeAvg=0.016; EventCycleTimeMax=46.529; EventCycleTimeMin=0.000; EventCycleTimeStd=0.598; EventCycleTimeSum=187.354; SleepCycleTimeAvg=5.012; SleepCycleTimeMax=18.462; SleepCycleTimeMin=4.004; SleepCycleTimeStd=0.270; SleepCycleTimeSum=59805.882; SubmitCycleTimeAvg=0.000; SubmitCycleTimeMax=0.707; SubmitCycleTimeMin=0.000; SubmitCycleTimeStd=0.006; SubmitCycleTimeSum=0.715; EventCycleTimeCount=11933.000; SleepCycleTimeCount=11933.000; SubmitCycleTimeCount=11934.000; LogProcessCycleTimeAvg=0.006; LogProcessCycleTimeMax=0.121; LogProcessCycleTimeMin=0.002; LogProcessCycleTimeStd=0.015; LogProcessCycleTimeSum=0.339; LogProcessCycleTimeCount=59.000; ]
07/07/26 11:11:19 Total jobs placed to AP: 40
07/07/26 11:11:19      Idle     Held     Running     Successful     Failed
07/07/26 11:11:19       ===      ===         ===            ===        ===
07/07/26 11:11:19         0       27          13              0          0
07/07/26 11:15:09 601 seconds since last log event
07/07/26 11:15:09 Pending DAG nodes:
07/07/26 11:15:09   Node COLLECT, HTCondor ID 170270, status STATUS_SUBMITTED
07/07/26 11:25:09 1201 seconds since last log event
07/07/26 11:25:09 Pending DAG nodes:
07/07/26 11:25:09   Node COLLECT, HTCondor ID 170270, status STATUS_SUBMITTED
07/07/26 11:25:19 Currently monitoring 1 HTCondor log file(s)
07/07/26 11:25:19 Event: ULOG_JOB_EVICTED for HTCondor Node COLLECT (170270.26.0) {07/07/26 11:25:16}
07/07/26 11:25:19 Number of idle job procs: 28
07/07/26 11:25:19 Event: ULOG_JOB_HELD for HTCondor Node COLLECT (170270.26.0) {07/07/26 11:25:16}
07/07/26 11:25:19   Hold reason: Error from teaching5@thera.hpc.uni-saarland.de: Docker job has gone over memory limit of 96737 Mb
07/07/26 11:25:19 Number of idle job procs: 28
07/07/26 11:25:19 DAG status: 0 (DAG_STATUS_OK)
07/07/26 11:25:19 Of 5 nodes total:
07/07/26 11:25:19  Done     Pre   Queued    Post   Ready   Un-Ready   Failed   Futile
07/07/26 11:25:19   ===     ===      ===     ===     ===        ===      ===      ===
07/07/26 11:25:19     0       0        1       0       0          4        0        0
07/07/26 11:25:19 28 job proc(s) currently held
07/07/26 11:25:19 DAGMan Runtime Statistics: [EventCycleTimeAvg=0.015; EventCycleTimeMax=46.529; EventCycleTimeMin=0.000; EventCycleTimeStd=0.592; EventCycleTimeSum=187.405; SleepCycleTimeAvg=5.012; SleepCycleTimeMax=18.462; SleepCycleTimeMin=4.004; SleepCycleTimeStd=0.268; SleepCycleTimeSum=61016.956; SubmitCycleTimeAvg=0.000; SubmitCycleTimeMax=0.707; SubmitCycleTimeMin=0.000; SubmitCycleTimeStd=0.006; SubmitCycleTimeSum=0.715; EventCycleTimeCount=12175.000; SleepCycleTimeCount=12175.000; SubmitCycleTimeCount=12176.000; LogProcessCycleTimeAvg=0.006; LogProcessCycleTimeMax=0.121; LogProcessCycleTimeMin=0.002; LogProcessCycleTimeStd=0.015; LogProcessCycleTimeSum=0.342; LogProcessCycleTimeCount=60.000; ]
07/07/26 11:25:49 Currently monitoring 1 HTCondor log file(s)
07/07/26 11:25:49 Event: ULOG_JOB_EVICTED for HTCondor Node COLLECT (170270.22.0) {07/07/26 11:25:47}
07/07/26 11:25:49 Number of idle job procs: 29
07/07/26 11:25:49 Event: ULOG_JOB_HELD for HTCondor Node COLLECT (170270.22.0) {07/07/26 11:25:47}
07/07/26 11:25:49   Hold reason: Error from teaching1@tenos.hpc.uni-saarland.de: Docker job has gone over memory limit of 96737 Mb
07/07/26 11:25:49 Number of idle job procs: 29
07/07/26 11:25:49 DAG status: 0 (DAG_STATUS_OK)
07/07/26 11:25:49 Of 5 nodes total:
07/07/26 11:25:49  Done     Pre   Queued    Post   Ready   Un-Ready   Failed   Futile
07/07/26 11:25:49   ===     ===      ===     ===     ===        ===      ===      ===
07/07/26 11:25:49     0       0        1       0       0          4        0        0
07/07/26 11:25:49 29 job proc(s) currently held
07/07/26 11:25:49 DAGMan Runtime Statistics: [EventCycleTimeAvg=0.015; EventCycleTimeMax=46.529; EventCycleTimeMin=0.000; EventCycleTimeStd=0.592; EventCycleTimeSum=187.412; SleepCycleTimeAvg=5.012; SleepCycleTimeMax=18.462; SleepCycleTimeMin=4.004; SleepCycleTimeStd=0.267; SleepCycleTimeSum=61046.981; SubmitCycleTimeAvg=0.000; SubmitCycleTimeMax=0.707; SubmitCycleTimeMin=0.000; SubmitCycleTimeStd=0.006; SubmitCycleTimeSum=0.715; EventCycleTimeCount=12181.000; SleepCycleTimeCount=12181.000; SubmitCycleTimeCount=12182.000; LogProcessCycleTimeAvg=0.006; LogProcessCycleTimeMax=0.121; LogProcessCycleTimeMin=0.002; LogProcessCycleTimeStd=0.015; LogProcessCycleTimeSum=0.345; LogProcessCycleTimeCount=61.000; ]
07/07/26 11:26:19 Total jobs placed to AP: 40
07/07/26 11:26:19      Idle     Held     Running     Successful     Failed
07/07/26 11:26:19       ===      ===         ===            ===        ===
07/07/26 11:26:19         0       29          11              0          0
07/07/26 11:28:39 Currently monitoring 1 HTCondor log file(s)
07/07/26 11:28:39 Event: ULOG_JOB_EVICTED for HTCondor Node COLLECT (170270.23.0) {07/07/26 11:28:37}
07/07/26 11:28:39 Number of idle job procs: 30
07/07/26 11:28:39 Event: ULOG_JOB_HELD for HTCondor Node COLLECT (170270.23.0) {07/07/26 11:28:37}
07/07/26 11:28:39   Hold reason: Error from teaching2@tenos.hpc.uni-saarland.de: Docker job has gone over memory limit of 96737 Mb
07/07/26 11:28:39 Number of idle job procs: 30
07/07/26 11:28:39 DAG status: 0 (DAG_STATUS_OK)
07/07/26 11:28:39 Of 5 nodes total:
07/07/26 11:28:39  Done     Pre   Queued    Post   Ready   Un-Ready   Failed   Futile
07/07/26 11:28:39   ===     ===      ===     ===     ===        ===      ===      ===
07/07/26 11:28:39     0       0        1       0       0          4        0        0
07/07/26 11:28:39 30 job proc(s) currently held
07/07/26 11:28:39 DAGMan Runtime Statistics: [EventCycleTimeAvg=0.015; EventCycleTimeMax=46.529; EventCycleTimeMin=0.000; EventCycleTimeStd=0.591; EventCycleTimeSum=187.428; SleepCycleTimeAvg=5.012; SleepCycleTimeMax=18.462; SleepCycleTimeMin=4.004; SleepCycleTimeStd=0.267; SleepCycleTimeSum=61216.140; SubmitCycleTimeAvg=0.000; SubmitCycleTimeMax=0.707; SubmitCycleTimeMin=0.000; SubmitCycleTimeStd=0.006; SubmitCycleTimeSum=0.715; EventCycleTimeCount=12215.000; SleepCycleTimeCount=12215.000; SubmitCycleTimeCount=12216.000; LogProcessCycleTimeAvg=0.006; LogProcessCycleTimeMax=0.121; LogProcessCycleTimeMin=0.002; LogProcessCycleTimeStd=0.015; LogProcessCycleTimeSum=0.350; LogProcessCycleTimeCount=62.000; ]
07/07/26 11:29:19 Currently monitoring 1 HTCondor log file(s)
07/07/26 11:29:19 Event: ULOG_JOB_EVICTED for HTCondor Node COLLECT (170270.21.0) {07/07/26 11:29:14}
07/07/26 11:29:19 Number of idle job procs: 31
07/07/26 11:29:19 Event: ULOG_JOB_HELD for HTCondor Node COLLECT (170270.21.0) {07/07/26 11:29:14}
07/07/26 11:29:19   Hold reason: Error from teaching6@thera.hpc.uni-saarland.de: Docker job has gone over memory limit of 96737 Mb
07/07/26 11:29:19 Number of idle job procs: 31
07/07/26 11:29:19 DAG status: 0 (DAG_STATUS_OK)
07/07/26 11:29:19 Of 5 nodes total:
07/07/26 11:29:19  Done     Pre   Queued    Post   Ready   Un-Ready   Failed   Futile
07/07/26 11:29:19   ===     ===      ===     ===     ===        ===      ===      ===
07/07/26 11:29:19     0       0        1       0       0          4        0        0
07/07/26 11:29:19 31 job proc(s) currently held
07/07/26 11:29:19 DAGMan Runtime Statistics: [EventCycleTimeAvg=0.015; EventCycleTimeMax=46.529; EventCycleTimeMin=0.000; EventCycleTimeStd=0.591; EventCycleTimeSum=187.438; SleepCycleTimeAvg=5.012; SleepCycleTimeMax=18.462; SleepCycleTimeMin=4.004; SleepCycleTimeStd=0.267; SleepCycleTimeSum=61256.171; SubmitCycleTimeAvg=0.000; SubmitCycleTimeMax=0.707; SubmitCycleTimeMin=0.000; SubmitCycleTimeStd=0.006; SubmitCycleTimeSum=0.715; EventCycleTimeCount=12223.000; SleepCycleTimeCount=12223.000; SubmitCycleTimeCount=12224.000; LogProcessCycleTimeAvg=0.006; LogProcessCycleTimeMax=0.121; LogProcessCycleTimeMin=0.002; LogProcessCycleTimeStd=0.015; LogProcessCycleTimeSum=0.354; LogProcessCycleTimeCount=63.000; ]
07/07/26 11:36:34 Currently monitoring 1 HTCondor log file(s)
07/07/26 11:36:34 Event: ULOG_JOB_EVICTED for HTCondor Node COLLECT (170270.29.0) {07/07/26 11:36:32}
07/07/26 11:36:34 Number of idle job procs: 32
07/07/26 11:36:34 Event: ULOG_JOB_HELD for HTCondor Node COLLECT (170270.29.0) {07/07/26 11:36:32}
07/07/26 11:36:34   Hold reason: Error from teaching5@tenos.hpc.uni-saarland.de: Docker job has gone over memory limit of 96737 Mb
07/07/26 11:36:34 Number of idle job procs: 32
07/07/26 11:36:34 DAG status: 0 (DAG_STATUS_OK)
07/07/26 11:36:34 Of 5 nodes total:
07/07/26 11:36:34  Done     Pre   Queued    Post   Ready   Un-Ready   Failed   Futile
07/07/26 11:36:34   ===     ===      ===     ===     ===        ===      ===      ===
07/07/26 11:36:34     0       0        1       0       0          4        0        0
07/07/26 11:36:34 32 job proc(s) currently held
07/07/26 11:36:34 DAGMan Runtime Statistics: [EventCycleTimeAvg=0.015; EventCycleTimeMax=46.529; EventCycleTimeMin=0.000; EventCycleTimeStd=0.589; EventCycleTimeSum=187.456; SleepCycleTimeAvg=5.011; SleepCycleTimeMax=18.462; SleepCycleTimeMin=4.004; SleepCycleTimeStd=0.266; SleepCycleTimeSum=61691.513; SubmitCycleTimeAvg=0.000; SubmitCycleTimeMax=0.707; SubmitCycleTimeMin=0.000; SubmitCycleTimeStd=0.006; SubmitCycleTimeSum=0.715; EventCycleTimeCount=12310.000; SleepCycleTimeCount=12310.000; SubmitCycleTimeCount=12311.000; LogProcessCycleTimeAvg=0.006; LogProcessCycleTimeMax=0.121; LogProcessCycleTimeMin=0.002; LogProcessCycleTimeStd=0.015; LogProcessCycleTimeSum=0.358; LogProcessCycleTimeCount=64.000; ]
07/07/26 11:41:19 Total jobs placed to AP: 40
07/07/26 11:41:19      Idle     Held     Running     Successful     Failed
07/07/26 11:41:19       ===      ===         ===            ===        ===
07/07/26 11:41:19         0       32           8              0          0
07/07/26 11:43:54 Currently monitoring 1 HTCondor log file(s)
07/07/26 11:43:54 Event: ULOG_JOB_EVICTED for HTCondor Node COLLECT (170270.38.0) {07/07/26 11:43:51}
07/07/26 11:43:54 Number of idle job procs: 33
07/07/26 11:43:54 Event: ULOG_JOB_HELD for HTCondor Node COLLECT (170270.38.0) {07/07/26 11:43:51}
07/07/26 11:43:54   Hold reason: Error from teaching4@lofn.hpc.uni-saarland.de: Docker job has gone over memory limit of 64480 Mb
07/07/26 11:43:54 Number of idle job procs: 33
07/07/26 11:43:54 DAG status: 0 (DAG_STATUS_OK)
07/07/26 11:43:54 Of 5 nodes total:
07/07/26 11:43:54  Done     Pre   Queued    Post   Ready   Un-Ready   Failed   Futile
07/07/26 11:43:54   ===     ===      ===     ===     ===        ===      ===      ===
07/07/26 11:43:54     0       0        1       0       0          4        0        0
07/07/26 11:43:54 33 job proc(s) currently held
07/07/26 11:43:54 DAGMan Runtime Statistics: [EventCycleTimeAvg=0.015; EventCycleTimeMax=46.529; EventCycleTimeMin=0.000; EventCycleTimeStd=0.587; EventCycleTimeSum=187.481; SleepCycleTimeAvg=5.011; SleepCycleTimeMax=18.462; SleepCycleTimeMin=4.004; SleepCycleTimeStd=0.265; SleepCycleTimeSum=62131.895; SubmitCycleTimeAvg=0.000; SubmitCycleTimeMax=0.707; SubmitCycleTimeMin=0.000; SubmitCycleTimeStd=0.006; SubmitCycleTimeSum=0.715; EventCycleTimeCount=12398.000; SleepCycleTimeCount=12398.000; SubmitCycleTimeCount=12399.000; LogProcessCycleTimeAvg=0.006; LogProcessCycleTimeMax=0.121; LogProcessCycleTimeMin=0.002; LogProcessCycleTimeStd=0.015; LogProcessCycleTimeSum=0.362; LogProcessCycleTimeCount=65.000; ]
07/07/26 11:45:49 Currently monitoring 1 HTCondor log file(s)
07/07/26 11:45:49 Event: ULOG_JOB_EVICTED for HTCondor Node COLLECT (170270.34.0) {07/07/26 11:45:46}
07/07/26 11:45:49 Number of idle job procs: 34
07/07/26 11:45:49 Event: ULOG_JOB_HELD for HTCondor Node COLLECT (170270.34.0) {07/07/26 11:45:46}
07/07/26 11:45:49   Hold reason: Error from teaching7@tenos.hpc.uni-saarland.de: Docker job has gone over memory limit of 96737 Mb
07/07/26 11:45:49 Number of idle job procs: 34
07/07/26 11:45:49 DAG status: 0 (DAG_STATUS_OK)
07/07/26 11:45:49 Of 5 nodes total:
07/07/26 11:45:49  Done     Pre   Queued    Post   Ready   Un-Ready   Failed   Futile
07/07/26 11:45:49   ===     ===      ===     ===     ===        ===      ===      ===
07/07/26 11:45:49     0       0        1       0       0          4        0        0
07/07/26 11:45:49 34 job proc(s) currently held
07/07/26 11:45:49 DAGMan Runtime Statistics: [EventCycleTimeAvg=0.015; EventCycleTimeMax=46.529; EventCycleTimeMin=0.000; EventCycleTimeStd=0.586; EventCycleTimeSum=187.490; SleepCycleTimeAvg=5.011; SleepCycleTimeMax=18.462; SleepCycleTimeMin=4.004; SleepCycleTimeStd=0.265; SleepCycleTimeSum=62247.018; SubmitCycleTimeAvg=0.000; SubmitCycleTimeMax=0.707; SubmitCycleTimeMin=0.000; SubmitCycleTimeStd=0.006; SubmitCycleTimeSum=0.715; EventCycleTimeCount=12421.000; SleepCycleTimeCount=12421.000; SubmitCycleTimeCount=12422.000; LogProcessCycleTimeAvg=0.006; LogProcessCycleTimeMax=0.121; LogProcessCycleTimeMin=0.002; LogProcessCycleTimeStd=0.015; LogProcessCycleTimeSum=0.367; LogProcessCycleTimeCount=66.000; ]
07/07/26 11:46:15 Currently monitoring 1 HTCondor log file(s)
07/07/26 11:46:15 Event: ULOG_JOB_EVICTED for HTCondor Node COLLECT (170270.33.0) {07/07/26 11:46:14}
07/07/26 11:46:15 Number of idle job procs: 35
07/07/26 11:46:15 Event: ULOG_JOB_HELD for HTCondor Node COLLECT (170270.33.0) {07/07/26 11:46:14}
07/07/26 11:46:15   Hold reason: Error from teaching8@thera.hpc.uni-saarland.de: Docker job has gone over memory limit of 96737 Mb
07/07/26 11:46:15 Number of idle job procs: 35
07/07/26 11:46:15 DAG status: 0 (DAG_STATUS_OK)
07/07/26 11:46:15 Of 5 nodes total:
07/07/26 11:46:15  Done     Pre   Queued    Post   Ready   Un-Ready   Failed   Futile
07/07/26 11:46:15   ===     ===      ===     ===     ===        ===      ===      ===
07/07/26 11:46:15     0       0        1       0       0          4        0        0
07/07/26 11:46:15 35 job proc(s) currently held
07/07/26 11:46:15 DAGMan Runtime Statistics: [EventCycleTimeAvg=0.015; EventCycleTimeMax=46.529; EventCycleTimeMin=0.000; EventCycleTimeStd=0.586; EventCycleTimeSum=187.500; SleepCycleTimeAvg=5.011; SleepCycleTimeMax=18.462; SleepCycleTimeMin=4.004; SleepCycleTimeStd=0.265; SleepCycleTimeSum=62272.038; SubmitCycleTimeAvg=0.000; SubmitCycleTimeMax=0.707; SubmitCycleTimeMin=0.000; SubmitCycleTimeStd=0.006; SubmitCycleTimeSum=0.715; EventCycleTimeCount=12426.000; SleepCycleTimeCount=12426.000; SubmitCycleTimeCount=12427.000; LogProcessCycleTimeAvg=0.006; LogProcessCycleTimeMax=0.121; LogProcessCycleTimeMin=0.002; LogProcessCycleTimeStd=0.014; LogProcessCycleTimeSum=0.370; LogProcessCycleTimeCount=67.000; ]
07/07/26 11:48:50 Currently monitoring 1 HTCondor log file(s)
07/07/26 11:48:50 Event: ULOG_JOB_EVICTED for HTCondor Node COLLECT (170270.35.0) {07/07/26 11:48:49}
07/07/26 11:48:50 Number of idle job procs: 36
07/07/26 11:48:50 Event: ULOG_JOB_HELD for HTCondor Node COLLECT (170270.35.0) {07/07/26 11:48:49}
07/07/26 11:48:50   Hold reason: Error from teaching8@tenos.hpc.uni-saarland.de: Docker job has gone over memory limit of 96737 Mb
07/07/26 11:48:50 Number of idle job procs: 36
07/07/26 11:48:50 DAG status: 0 (DAG_STATUS_OK)
07/07/26 11:48:50 Of 5 nodes total:
07/07/26 11:48:50  Done     Pre   Queued    Post   Ready   Un-Ready   Failed   Futile
07/07/26 11:48:50   ===     ===      ===     ===     ===        ===      ===      ===
07/07/26 11:48:50     0       0        1       0       0          4        0        0
07/07/26 11:48:50 36 job proc(s) currently held
07/07/26 11:48:50 DAGMan Runtime Statistics: [EventCycleTimeAvg=0.015; EventCycleTimeMax=46.529; EventCycleTimeMin=0.000; EventCycleTimeStd=0.586; EventCycleTimeSum=187.514; SleepCycleTimeAvg=5.011; SleepCycleTimeMax=18.462; SleepCycleTimeMin=4.004; SleepCycleTimeStd=0.265; SleepCycleTimeSum=62427.186; SubmitCycleTimeAvg=0.000; SubmitCycleTimeMax=0.707; SubmitCycleTimeMin=0.000; SubmitCycleTimeStd=0.006; SubmitCycleTimeSum=0.715; EventCycleTimeCount=12457.000; SleepCycleTimeCount=12457.000; SubmitCycleTimeCount=12458.000; LogProcessCycleTimeAvg=0.006; LogProcessCycleTimeMax=0.121; LogProcessCycleTimeMin=0.002; LogProcessCycleTimeStd=0.014; LogProcessCycleTimeSum=0.374; LogProcessCycleTimeCount=68.000; ]
07/07/26 11:49:50 Currently monitoring 1 HTCondor log file(s)
07/07/26 11:49:50 Event: ULOG_JOB_EVICTED for HTCondor Node COLLECT (170270.36.0) {07/07/26 11:49:46}
07/07/26 11:49:50 Number of idle job procs: 37
07/07/26 11:49:50 Event: ULOG_JOB_HELD for HTCondor Node COLLECT (170270.36.0) {07/07/26 11:49:46}
07/07/26 11:49:50   Hold reason: Error from teaching4@tenos.hpc.uni-saarland.de: Docker job has gone over memory limit of 96737 Mb
07/07/26 11:49:50 Number of idle job procs: 37
07/07/26 11:49:50 DAG status: 0 (DAG_STATUS_OK)
07/07/26 11:49:50 Of 5 nodes total:
07/07/26 11:49:50  Done     Pre   Queued    Post   Ready   Un-Ready   Failed   Futile
07/07/26 11:49:50   ===     ===      ===     ===     ===        ===      ===      ===
07/07/26 11:49:50     0       0        1       0       0          4        0        0
07/07/26 11:49:50 37 job proc(s) currently held
07/07/26 11:49:50 DAGMan Runtime Statistics: [EventCycleTimeAvg=0.015; EventCycleTimeMax=46.529; EventCycleTimeMin=0.000; EventCycleTimeStd=0.585; EventCycleTimeSum=187.522; SleepCycleTimeAvg=5.011; SleepCycleTimeMax=18.462; SleepCycleTimeMin=4.004; SleepCycleTimeStd=0.265; SleepCycleTimeSum=62487.235; SubmitCycleTimeAvg=0.000; SubmitCycleTimeMax=0.707; SubmitCycleTimeMin=0.000; SubmitCycleTimeStd=0.006; SubmitCycleTimeSum=0.715; EventCycleTimeCount=12469.000; SleepCycleTimeCount=12469.000; SubmitCycleTimeCount=12470.000; LogProcessCycleTimeAvg=0.005; LogProcessCycleTimeMax=0.121; LogProcessCycleTimeMin=0.002; LogProcessCycleTimeStd=0.014; LogProcessCycleTimeSum=0.378; LogProcessCycleTimeCount=69.000; ]
07/07/26 11:50:25 Currently monitoring 1 HTCondor log file(s)
07/07/26 11:50:25 Event: ULOG_JOB_EVICTED for HTCondor Node COLLECT (170270.39.0) {07/07/26 11:50:24}
07/07/26 11:50:25 Number of idle job procs: 38
07/07/26 11:50:25 Event: ULOG_JOB_HELD for HTCondor Node COLLECT (170270.39.0) {07/07/26 11:50:24}
07/07/26 11:50:25   Hold reason: Error from teaching4@uller.hpc.uni-saarland.de: Docker job has gone over memory limit of 73692 Mb
07/07/26 11:50:25 Number of idle job procs: 38
07/07/26 11:50:25 DAG status: 0 (DAG_STATUS_OK)
07/07/26 11:50:25 Of 5 nodes total:
07/07/26 11:50:25  Done     Pre   Queued    Post   Ready   Un-Ready   Failed   Futile
07/07/26 11:50:25   ===     ===      ===     ===     ===        ===      ===      ===
07/07/26 11:50:25     0       0        1       0       0          4        0        0
07/07/26 11:50:25 38 job proc(s) currently held
07/07/26 11:50:25 DAGMan Runtime Statistics: [EventCycleTimeAvg=0.015; EventCycleTimeMax=46.529; EventCycleTimeMin=0.000; EventCycleTimeStd=0.585; EventCycleTimeSum=187.530; SleepCycleTimeAvg=5.011; SleepCycleTimeMax=18.462; SleepCycleTimeMin=4.004; SleepCycleTimeStd=0.264; SleepCycleTimeSum=62522.264; SubmitCycleTimeAvg=0.000; SubmitCycleTimeMax=0.707; SubmitCycleTimeMin=0.000; SubmitCycleTimeStd=0.006; SubmitCycleTimeSum=0.715; EventCycleTimeCount=12476.000; SleepCycleTimeCount=12476.000; SubmitCycleTimeCount=12477.000; LogProcessCycleTimeAvg=0.005; LogProcessCycleTimeMax=0.121; LogProcessCycleTimeMin=0.002; LogProcessCycleTimeStd=0.014; LogProcessCycleTimeSum=0.382; LogProcessCycleTimeCount=70.000; ]
07/07/26 11:50:55 Currently monitoring 1 HTCondor log file(s)
07/07/26 11:50:55 Event: ULOG_JOB_EVICTED for HTCondor Node COLLECT (170270.31.0) {07/07/26 11:50:54}
07/07/26 11:50:55 Number of idle job procs: 39
07/07/26 11:50:55 Event: ULOG_JOB_HELD for HTCondor Node COLLECT (170270.31.0) {07/07/26 11:50:54}
07/07/26 11:50:55   Hold reason: Error from teaching6@tenos.hpc.uni-saarland.de: Docker job has gone over memory limit of 96737 Mb
07/07/26 11:50:55 Number of idle job procs: 39
07/07/26 11:50:55 DAG status: 0 (DAG_STATUS_OK)
07/07/26 11:50:55 Of 5 nodes total:
07/07/26 11:50:55  Done     Pre   Queued    Post   Ready   Un-Ready   Failed   Futile
07/07/26 11:50:55   ===     ===      ===     ===     ===        ===      ===      ===
07/07/26 11:50:55     0       0        1       0       0          4        0        0
07/07/26 11:50:55 39 job proc(s) currently held
07/07/26 11:50:55 DAGMan Runtime Statistics: [EventCycleTimeAvg=0.015; EventCycleTimeMax=46.529; EventCycleTimeMin=0.000; EventCycleTimeStd=0.585; EventCycleTimeSum=187.537; SleepCycleTimeAvg=5.011; SleepCycleTimeMax=18.462; SleepCycleTimeMin=4.004; SleepCycleTimeStd=0.264; SleepCycleTimeSum=62552.289; SubmitCycleTimeAvg=0.000; SubmitCycleTimeMax=0.707; SubmitCycleTimeMin=0.000; SubmitCycleTimeStd=0.006; SubmitCycleTimeSum=0.715; EventCycleTimeCount=12482.000; SleepCycleTimeCount=12482.000; SubmitCycleTimeCount=12483.000; LogProcessCycleTimeAvg=0.005; LogProcessCycleTimeMax=0.121; LogProcessCycleTimeMin=0.002; LogProcessCycleTimeStd=0.014; LogProcessCycleTimeSum=0.386; LogProcessCycleTimeCount=71.000; ]
07/07/26 11:56:20 Total jobs placed to AP: 40
07/07/26 11:56:20      Idle     Held     Running     Successful     Failed
07/07/26 11:56:20       ===      ===         ===            ===        ===
07/07/26 11:56:20         0       39           1              0          0
07/07/26 11:56:45 Currently monitoring 1 HTCondor log file(s)
07/07/26 11:56:45 Event: ULOG_JOB_EVICTED for HTCondor Node COLLECT (170270.37.0) {07/07/26 11:56:42}
07/07/26 11:56:45 Number of idle job procs: 40
07/07/26 11:56:45 Event: ULOG_JOB_HELD for HTCondor Node COLLECT (170270.37.0) {07/07/26 11:56:42}
07/07/26 11:56:45   Hold reason: Error from teaching7@thera.hpc.uni-saarland.de: Docker job has gone over memory limit of 96737 Mb
07/07/26 11:56:45 Number of idle job procs: 40
07/07/26 11:56:45 DAG status: 0 (DAG_STATUS_OK)
07/07/26 11:56:45 Of 5 nodes total:
07/07/26 11:56:45  Done     Pre   Queued    Post   Ready   Un-Ready   Failed   Futile
07/07/26 11:56:45   ===     ===      ===     ===     ===        ===      ===      ===
07/07/26 11:56:45     0       0        1       0       0          4        0        0
07/07/26 11:56:45 40 job proc(s) currently held
07/07/26 11:56:45 DAGMan Runtime Statistics: [EventCycleTimeAvg=0.015; EventCycleTimeMax=46.529; EventCycleTimeMin=0.000; EventCycleTimeStd=0.583; EventCycleTimeSum=187.557; SleepCycleTimeAvg=5.011; SleepCycleTimeMax=18.462; SleepCycleTimeMin=4.004; SleepCycleTimeStd=0.264; SleepCycleTimeSum=62902.612; SubmitCycleTimeAvg=0.000; SubmitCycleTimeMax=0.707; SubmitCycleTimeMin=0.000; SubmitCycleTimeStd=0.006; SubmitCycleTimeSum=0.715; EventCycleTimeCount=12552.000; SleepCycleTimeCount=12552.000; SubmitCycleTimeCount=12553.000; LogProcessCycleTimeAvg=0.005; LogProcessCycleTimeMax=0.121; LogProcessCycleTimeMin=0.002; LogProcessCycleTimeStd=0.014; LogProcessCycleTimeSum=0.390; LogProcessCycleTimeCount=72.000; ]
07/07/26 12:06:46 601 seconds since last log event
07/07/26 12:06:46 Pending DAG nodes:
07/07/26 12:06:46   Node COLLECT, HTCondor ID 170270, status STATUS_SUBMITTED
07/07/26 12:11:21 Total jobs placed to AP: 40
07/07/26 12:11:21      Idle     Held     Running     Successful     Failed
07/07/26 12:11:21       ===      ===         ===            ===        ===
07/07/26 12:11:21         0       40           0              0          0
07/07/26 12:16:46 1201 seconds since last log event
07/07/26 12:16:46 Pending DAG nodes:
07/07/26 12:16:46   Node COLLECT, HTCondor ID 170270, status STATUS_SUBMITTED
07/07/26 12:26:22 Total jobs placed to AP: 40
07/07/26 12:26:22      Idle     Held     Running     Successful     Failed
07/07/26 12:26:22       ===      ===         ===            ===        ===
07/07/26 12:26:22         0       40           0              0          0
07/07/26 12:26:47 1802 seconds since last log event
07/07/26 12:26:47 Pending DAG nodes:
07/07/26 12:26:47   Node COLLECT, HTCondor ID 170270, status STATUS_SUBMITTED
07/07/26 12:36:47 2402 seconds since last log event
07/07/26 12:36:47 Pending DAG nodes:
07/07/26 12:36:47   Node COLLECT, HTCondor ID 170270, status STATUS_SUBMITTED
07/07/26 12:41:23 Total jobs placed to AP: 40
07/07/26 12:41:23      Idle     Held     Running     Successful     Failed
07/07/26 12:41:23       ===      ===         ===            ===        ===
07/07/26 12:41:23         0       40           0              0          0
07/07/26 12:46:48 3003 seconds since last log event
07/07/26 12:46:48 Pending DAG nodes:
07/07/26 12:46:48   Node COLLECT, HTCondor ID 170270, status STATUS_SUBMITTED
07/07/26 12:56:23 Total jobs placed to AP: 40
07/07/26 12:56:23      Idle     Held     Running     Successful     Failed
07/07/26 12:56:23       ===      ===         ===            ===        ===
07/07/26 12:56:23         0       40           0              0          0
07/07/26 12:56:48 3603 seconds since last log event
07/07/26 12:56:48 Pending DAG nodes:
07/07/26 12:56:48   Node COLLECT, HTCondor ID 170270, status STATUS_SUBMITTED
07/07/26 13:06:49 4204 seconds since last log event
07/07/26 13:06:49 Pending DAG nodes:
07/07/26 13:06:49   Node COLLECT, HTCondor ID 170270, status STATUS_SUBMITTED
07/07/26 13:11:24 Total jobs placed to AP: 40
07/07/26 13:11:24      Idle     Held     Running     Successful     Failed
07/07/26 13:11:24       ===      ===         ===            ===        ===
07/07/26 13:11:24         0       40           0              0          0
07/07/26 13:16:50 4805 seconds since last log event
07/07/26 13:16:50 Pending DAG nodes:
07/07/26 13:16:50   Node COLLECT, HTCondor ID 170270, status STATUS_SUBMITTED
07/07/26 13:26:25 Total jobs placed to AP: 40
07/07/26 13:26:25      Idle     Held     Running     Successful     Failed
07/07/26 13:26:25       ===      ===         ===            ===        ===
07/07/26 13:26:25         0       40           0              0          0
07/07/26 13:26:50 5405 seconds since last log event
07/07/26 13:26:50 Pending DAG nodes:
07/07/26 13:26:50   Node COLLECT, HTCondor ID 170270, status STATUS_SUBMITTED
07/07/26 13:36:51 6006 seconds since last log event
07/07/26 13:36:51 Pending DAG nodes:
07/07/26 13:36:51   Node COLLECT, HTCondor ID 170270, status STATUS_SUBMITTED
07/07/26 13:41:26 Total jobs placed to AP: 40
07/07/26 13:41:26      Idle     Held     Running     Successful     Failed
07/07/26 13:41:26       ===      ===         ===            ===        ===
07/07/26 13:41:26         0       40           0              0          0
07/07/26 13:46:51 6606 seconds since last log event
07/07/26 13:46:51 Pending DAG nodes:
07/07/26 13:46:51   Node COLLECT, HTCondor ID 170270, status STATUS_SUBMITTED
07/07/26 13:56:27 Total jobs placed to AP: 40
07/07/26 13:56:27      Idle     Held     Running     Successful     Failed
07/07/26 13:56:27       ===      ===         ===            ===        ===
07/07/26 13:56:27         0       40           0              0          0
07/07/26 13:56:52 7207 seconds since last log event
07/07/26 13:56:52 Pending DAG nodes:
07/07/26 13:56:52   Node COLLECT, HTCondor ID 170270, status STATUS_SUBMITTED
07/07/26 14:06:52 7807 seconds since last log event
07/07/26 14:06:52 Pending DAG nodes:
07/07/26 14:06:52   Node COLLECT, HTCondor ID 170270, status STATUS_SUBMITTED
07/07/26 14:11:28 Total jobs placed to AP: 40
07/07/26 14:11:28      Idle     Held     Running     Successful     Failed
07/07/26 14:11:28       ===      ===         ===            ===        ===
07/07/26 14:11:28         0       40           0              0          0
07/07/26 14:16:53 8408 seconds since last log event
07/07/26 14:16:53 Pending DAG nodes:
07/07/26 14:16:53   Node COLLECT, HTCondor ID 170270, status STATUS_SUBMITTED
07/07/26 14:26:28 Total jobs placed to AP: 40
07/07/26 14:26:28      Idle     Held     Running     Successful     Failed
07/07/26 14:26:28       ===      ===         ===            ===        ===
07/07/26 14:26:28         0       40           0              0          0
07/07/26 14:26:53 9008 seconds since last log event
07/07/26 14:26:53 Pending DAG nodes:
07/07/26 14:26:53   Node COLLECT, HTCondor ID 170270, status STATUS_SUBMITTED
07/07/26 14:36:54 9609 seconds since last log event
07/07/26 14:36:54 Pending DAG nodes:
07/07/26 14:36:54   Node COLLECT, HTCondor ID 170270, status STATUS_SUBMITTED
07/07/26 14:41:29 Total jobs placed to AP: 40
07/07/26 14:41:29      Idle     Held     Running     Successful     Failed
07/07/26 14:41:29       ===      ===         ===            ===        ===
07/07/26 14:41:29         0       40           0              0          0
07/07/26 14:46:54 10209 seconds since last log event
07/07/26 14:46:54 Pending DAG nodes:
07/07/26 14:46:54   Node COLLECT, HTCondor ID 170270, status STATUS_SUBMITTED
07/07/26 14:56:30 Total jobs placed to AP: 40
07/07/26 14:56:30      Idle     Held     Running     Successful     Failed
07/07/26 14:56:30       ===      ===         ===            ===        ===
07/07/26 14:56:30         0       40           0              0          0
07/07/26 14:56:55 10810 seconds since last log event
07/07/26 14:56:55 Pending DAG nodes:
07/07/26 14:56:55   Node COLLECT, HTCondor ID 170270, status STATUS_SUBMITTED
07/07/26 15:06:56 11411 seconds since last log event
07/07/26 15:06:56 Pending DAG nodes:
07/07/26 15:06:56   Node COLLECT, HTCondor ID 170270, status STATUS_SUBMITTED
07/07/26 15:11:31 Total jobs placed to AP: 40
07/07/26 15:11:31      Idle     Held     Running     Successful     Failed
07/07/26 15:11:31       ===      ===         ===            ===        ===
07/07/26 15:11:31         0       40           0              0          0
07/07/26 15:16:56 12011 seconds since last log event
07/07/26 15:16:56 Pending DAG nodes:
07/07/26 15:16:56   Node COLLECT, HTCondor ID 170270, status STATUS_SUBMITTED
07/07/26 15:26:32 Total jobs placed to AP: 40
07/07/26 15:26:32      Idle     Held     Running     Successful     Failed
07/07/26 15:26:32       ===      ===         ===            ===        ===
07/07/26 15:26:32         0       40           0              0          0
07/07/26 15:26:57 12612 seconds since last log event
07/07/26 15:26:57 Pending DAG nodes:
07/07/26 15:26:57   Node COLLECT, HTCondor ID 170270, status STATUS_SUBMITTED
07/07/26 15:36:57 13212 seconds since last log event
07/07/26 15:36:57 Pending DAG nodes:
07/07/26 15:36:57   Node COLLECT, HTCondor ID 170270, status STATUS_SUBMITTED
07/07/26 15:41:32 Total jobs placed to AP: 40
07/07/26 15:41:32      Idle     Held     Running     Successful     Failed
07/07/26 15:41:32       ===      ===         ===            ===        ===
07/07/26 15:41:32         0       40           0              0          0
07/07/26 15:46:58 13813 seconds since last log event
07/07/26 15:46:58 Pending DAG nodes:
07/07/26 15:46:58   Node COLLECT, HTCondor ID 170270, status STATUS_SUBMITTED
07/07/26 15:56:33 Total jobs placed to AP: 40
07/07/26 15:56:33      Idle     Held     Running     Successful     Failed
07/07/26 15:56:33       ===      ===         ===            ===        ===
07/07/26 15:56:33         0       40           0              0          0
07/07/26 15:56:58 14413 seconds since last log event
07/07/26 15:56:58 Pending DAG nodes:
07/07/26 15:56:58   Node COLLECT, HTCondor ID 170270, status STATUS_SUBMITTED
07/07/26 16:06:59 15014 seconds since last log event
07/07/26 16:06:59 Pending DAG nodes:
07/07/26 16:06:59   Node COLLECT, HTCondor ID 170270, status STATUS_SUBMITTED
07/07/26 16:11:34 Total jobs placed to AP: 40
07/07/26 16:11:34      Idle     Held     Running     Successful     Failed
07/07/26 16:11:34       ===      ===         ===            ===        ===
07/07/26 16:11:34         0       40           0              0          0
07/07/26 16:16:59 15614 seconds since last log event
07/07/26 16:16:59 Pending DAG nodes:
07/07/26 16:16:59   Node COLLECT, HTCondor ID 170270, status STATUS_SUBMITTED
07/07/26 16:26:35 Total jobs placed to AP: 40
07/07/26 16:26:35      Idle     Held     Running     Successful     Failed
07/07/26 16:26:35       ===      ===         ===            ===        ===
07/07/26 16:26:35         0       40           0              0          0
07/07/26 16:27:00 16215 seconds since last log event
07/07/26 16:27:00 Pending DAG nodes:
07/07/26 16:27:00   Node COLLECT, HTCondor ID 170270, status STATUS_SUBMITTED
07/07/26 16:37:00 16815 seconds since last log event
07/07/26 16:37:00 Pending DAG nodes:
07/07/26 16:37:00   Node COLLECT, HTCondor ID 170270, status STATUS_SUBMITTED
07/07/26 16:41:36 Total jobs placed to AP: 40
07/07/26 16:41:36      Idle     Held     Running     Successful     Failed
07/07/26 16:41:36       ===      ===         ===            ===        ===
07/07/26 16:41:36         0       40           0              0          0
07/07/26 16:47:01 17416 seconds since last log event
07/07/26 16:47:01 Pending DAG nodes:
07/07/26 16:47:01   Node COLLECT, HTCondor ID 170270, status STATUS_SUBMITTED
07/07/26 16:56:36 Total jobs placed to AP: 40
07/07/26 16:56:36      Idle     Held     Running     Successful     Failed
07/07/26 16:56:36       ===      ===         ===            ===        ===
07/07/26 16:56:36         0       40           0              0          0
07/07/26 16:57:01 18016 seconds since last log event
07/07/26 16:57:01 Pending DAG nodes:
07/07/26 16:57:01   Node COLLECT, HTCondor ID 170270, status STATUS_SUBMITTED
07/07/26 17:07:01 18616 seconds since last log event
07/07/26 17:07:01 Pending DAG nodes:
07/07/26 17:07:01   Node COLLECT, HTCondor ID 170270, status STATUS_SUBMITTED
07/07/26 17:11:36 Total jobs placed to AP: 40
07/07/26 17:11:36      Idle     Held     Running     Successful     Failed
07/07/26 17:11:36       ===      ===         ===            ===        ===
07/07/26 17:11:36         0       40           0              0          0
07/07/26 17:17:01 19216 seconds since last log event
07/07/26 17:17:01 Pending DAG nodes:
07/07/26 17:17:01   Node COLLECT, HTCondor ID 170270, status STATUS_SUBMITTED
07/07/26 17:26:36 Total jobs placed to AP: 40
07/07/26 17:26:36      Idle     Held     Running     Successful     Failed
07/07/26 17:26:36       ===      ===         ===            ===        ===
07/07/26 17:26:36         0       40           0              0          0
07/07/26 17:27:01 19816 seconds since last log event
07/07/26 17:27:01 Pending DAG nodes:
07/07/26 17:27:01   Node COLLECT, HTCondor ID 170270, status STATUS_SUBMITTED
07/07/26 17:37:01 20416 seconds since last log event
07/07/26 17:37:01 Pending DAG nodes:
07/07/26 17:37:01   Node COLLECT, HTCondor ID 170270, status STATUS_SUBMITTED
07/07/26 17:41:37 Total jobs placed to AP: 40
07/07/26 17:41:37      Idle     Held     Running     Successful     Failed
07/07/26 17:41:37       ===      ===         ===            ===        ===
07/07/26 17:41:37         0       40           0              0          0
07/07/26 17:47:02 21017 seconds since last log event
07/07/26 17:47:02 Pending DAG nodes:
07/07/26 17:47:02   Node COLLECT, HTCondor ID 170270, status STATUS_SUBMITTED
07/07/26 17:56:37 Total jobs placed to AP: 40
07/07/26 17:56:37      Idle     Held     Running     Successful     Failed
07/07/26 17:56:37       ===      ===         ===            ===        ===
07/07/26 17:56:37         0       40           0              0          0
07/07/26 17:57:02 21617 seconds since last log event
07/07/26 17:57:02 Pending DAG nodes:
07/07/26 17:57:02   Node COLLECT, HTCondor ID 170270, status STATUS_SUBMITTED
07/07/26 18:01:02 ******************************************************
07/07/26 18:01:02 ** condor_scheduniv_exec.170261.0 (CONDOR_DAGMAN) STARTING UP
07/07/26 18:01:02 ** /usr/bin/condor_dagman
07/07/26 18:01:02 ** SubsystemInfo: name=DAGMAN type=DAGMAN(9) class=CLIENT(2)
07/07/26 18:01:02 ** Configuration: subsystem:DAGMAN local:<NONE> class:CLIENT
07/07/26 18:01:02 ** $CondorVersion: 24.12.19 2026-04-15 BuildID: 896241 PackageID: 24.12.19-1+deb12 GitSHA: c68f3e0e $
07/07/26 18:01:02 ** $CondorPlatform: X86_64-Debian_12 $
07/07/26 18:01:02 ** PID = 589477 RealUID = 1620002036
07/07/26 18:01:02 ** Log last touched 7/7 17:59:26
07/07/26 18:01:02 ******************************************************
07/07/26 18:01:02 Using config source: /etc/condor/condor_config
07/07/26 18:01:02 Using local config sources: 
07/07/26 18:01:02    /etc/condor/config.d/01-submit.conf
07/07/26 18:01:02    /etc/condor/config.d/10-stash-plugin.conf
07/07/26 18:01:02    /etc/condor/config.d/23-network.config
07/07/26 18:01:02    /etc/condor/config.d/31-mail.conf
07/07/26 18:01:02    /etc/condor/config.d/35-cc-sync.conf
07/07/26 18:01:02    /etc/condor/config.d/41-periodic-remove.conf
07/07/26 18:01:02    /etc/condor/config.d/49-common.conf
07/07/26 18:01:02    /etc/condor/config.d/52-group-mapping.conf
07/07/26 18:01:02    /etc/condor/config.d/54-container.conf
07/07/26 18:01:02    /etc/condor/config.d/67-submit-transforms.conf
07/07/26 18:01:02    /etc/condor/config.d/71-submit-requirements.conf
07/07/26 18:01:02    /etc/condor/condor_config.local
07/07/26 18:01:02 config Macros = 110, Sorted = 110, StringBytes = 6396, TablesBytes = 4088
07/07/26 18:01:02 CLASSAD_CACHING is ENABLED
07/07/26 18:01:02 Daemon Log is logging: D_ALWAYS D_ERROR D_STATUS
07/07/26 18:01:02 Daemoncore: Listening at <0.0.0.0:15689> on TCP (ReliSock) and UDP (SafeSock).
07/07/26 18:01:02 DaemonCore: command socket at <10.143.248.60:15689?addrs=10.143.248.60-15689&alias=conduit.hpc.uni-saarland.de>
07/07/26 18:01:02 DaemonCore: private command socket at <10.143.248.60:15689?addrs=10.143.248.60-15689&alias=conduit.hpc.uni-saarland.de>
07/07/26 18:01:02 DAGMAN_USE_STRICT setting: 1
07/07/26 18:01:02 DAGMAN_VERBOSITY setting: 3
07/07/26 18:01:02 DAGMAN_DEBUG_CACHE_SIZE setting: 5242880
07/07/26 18:01:02 DAGMAN_DEBUG_CACHE_ENABLE setting: False
07/07/26 18:01:02 DAGMAN_SUBMIT_DELAY setting: 0
07/07/26 18:01:02 DAGMAN_MAX_SUBMIT_ATTEMPTS setting: 6
07/07/26 18:01:02 DAGMAN_STARTUP_CYCLE_DETECT setting: False
07/07/26 18:01:02 DAGMAN_USE_JOIN_NODES setting: True
07/07/26 18:01:02 DAGMAN_REPORT_GRAPH_METRICS setting: False
07/07/26 18:01:02 DAGMAN_MAX_SUBMITS_PER_INTERVAL setting: 100
07/07/26 18:01:02 DAGMAN_AGGRESSIVE_SUBMIT setting: False
07/07/26 18:01:02 DAGMAN_USER_LOG_SCAN_INTERVAL setting: 5
07/07/26 18:01:02 DAGMAN_QUEUE_UPDATE_INTERVAL setting: 300.000000
07/07/26 18:01:02 DAGMAN_DEFAULT_PRIORITY setting: 0
07/07/26 18:01:02 DAGMAN_SUPPRESS_NOTIFICATION setting: False
07/07/26 18:01:02 allow_events (DAGMAN_ALLOW_EVENTS) setting: 114
07/07/26 18:01:02 DAGMAN_RETRY_SUBMIT_FIRST setting: True
07/07/26 18:01:02 DAGMAN_RETRY_NODE_FIRST setting: False
07/07/26 18:01:02 DAGMAN_MAX_JOBS_IDLE setting: 1000
07/07/26 18:01:02 DAGMAN_MAX_JOBS_SUBMITTED setting: 0
07/07/26 18:01:02 DAGMAN_MAX_PRE_SCRIPTS setting: 20
07/07/26 18:01:02 DAGMAN_MAX_POST_SCRIPTS setting: 20
07/07/26 18:01:02 DAGMAN_MAX_HOLD_SCRIPTS setting: 20
07/07/26 18:01:02 DAGMAN_MUNGE_NODE_NAMES setting: True
07/07/26 18:01:02 DAGMAN_ALLOW_ANY_NODE_NAME_CHARACTERS setting: False
07/07/26 18:01:02 DAGMAN_PROHIBIT_MULTI_JOBS setting: False
07/07/26 18:01:02 DAGMAN_SUBMIT_DEPTH_FIRST setting: False
07/07/26 18:01:02 DAGMAN_ALWAYS_RUN_POST setting: False
07/07/26 18:01:02 DAGMAN_CONDOR_SUBMIT_EXE setting: /usr/bin/condor_submit
07/07/26 18:01:02 DAGMAN_CONDOR_RM_EXE setting: /usr/bin/condor_rm
07/07/26 18:01:02 DAGMAN_USE_DIRECT_SUBMIT setting: True
07/07/26 18:01:02 DAGMAN_PRODUCE_JOB_CREDENTIALS setting: True
07/07/26 18:01:02 DAGMAN_DEFAULT_APPEND_VARS setting: False
07/07/26 18:01:02 DAGMAN_INHERIT_ATTRS_PREFIX setting: 
07/07/26 18:01:02 DAGMAN_INHERIT_ATTRS setting: 
07/07/26 18:01:02 DAGMAN_ABORT_DUPLICATES setting: True
07/07/26 18:01:02 DAGMAN_ABORT_ON_SCARY_SUBMIT setting: True
07/07/26 18:01:02 DAGMAN_PENDING_REPORT_INTERVAL setting: 600
07/07/26 18:01:02 DAGMAN_CHECK_QUEUE_INTERVAL setting: 28800
07/07/26 18:01:02 DAGMAN_PRINT_JOB_TABLE_INTERVAL setting: 900
07/07/26 18:01:02 DAGMAN_AUTO_RESCUE setting: True
07/07/26 18:01:02 DAGMAN_MAX_RESCUE_NUM setting: 100
07/07/26 18:01:02 DAGMAN_WRITE_PARTIAL_RESCUE setting: True
07/07/26 18:01:02 DAGMAN_RESET_RETRIES_UPON_RESCUE setting: True
07/07/26 18:01:02 DAGMAN_METRICS_FILE_VERSION setting: 2
07/07/26 18:01:02 DAGMAN_DEFAULT_NODE_LOG setting: @(DAG_DIR)/@(DAG_FILE).nodes.log
07/07/26 18:01:02 DAGMAN_LOG_ON_NFS_IS_ERROR setting: False
07/07/26 18:01:02 DAGMAN_GENERATE_SUBDAG_SUBMITS setting: True
07/07/26 18:01:02 DAGMAN_MAX_JOB_HOLDS setting: 100
07/07/26 18:01:02 DAGMAN_NODE_JOB_FAILURE_TOLERANCE setting: 0
07/07/26 18:01:02 DAGMAN_HOLD_CLAIM_TIME setting: 20
07/07/26 18:01:02 DAGMAN_SUPPRESS_JOB_LOGS setting: False
07/07/26 18:01:02 DAGMAN_REMOVE_NODE_JOBS setting: True
07/07/26 18:01:02 DAGMAN_PUT_FAILED_JOBS_ON_HOLD setting: False
07/07/26 18:01:02 DAGMAN_REMOVE_JOBS_AFTER_LIMIT_CHANGE setting: False
07/07/26 18:01:02 DAGMAN will adjust edges after parsing
07/07/26 18:01:02 argv[0] == "condor_scheduniv_exec.170261.0"
07/07/26 18:01:02 argv[1] == "-Lockfile"
07/07/26 18:01:02 argv[2] == "one_way_line_det_one_way_line_50_25_action_shield.dag.lock"
07/07/26 18:01:02 argv[3] == "-Dag"
07/07/26 18:01:02 argv[4] == "one_way_line_det_one_way_line_50_25_action_shield.dag"
07/07/26 18:01:02 argv[5] == "-CsdVersion"
07/07/26 18:01:02 argv[6] == "$CondorVersion: 24.12.19 2026-04-15 BuildID: 896241 PackageID: 24.12.19-1+deb12 GitSHA: c68f3e0e $"
07/07/26 18:01:02 argv[7] == "-dagman"
07/07/26 18:01:02 argv[8] == "/usr/bin/condor_dagman"
07/07/26 18:01:02 argv[9] == "-AutoRescue"
07/07/26 18:01:02 argv[10] == "1"
07/07/26 18:01:02 argv[11] == "-DoRescueFrom"
07/07/26 18:01:02 argv[12] == "0"
07/07/26 18:01:02 Can't open directory "/etc/condor/passwords.d" as PRIV_ROOT, errno: 13 (Permission denied)
07/07/26 18:01:02 Can't open directory "/etc/condor/passwords.d" as PRIV_ROOT, errno: 13 (Permission denied)
07/07/26 18:01:05 Workflow batch-id: <170261.0>
07/07/26 18:01:05 Workflow batch-name: <one_way_line_det_one_way_line_50_25_action_shield.dag+170261>
07/07/26 18:01:05 Workflow accounting_group: <teaching>
07/07/26 18:01:05 Workflow accounting_group_user: <atml_team041>
07/07/26 18:01:05 Warning: failed to get attribute DAGNodeName
07/07/26 18:01:05 Default node log file is: </home/atml_team041/condor_tutorial/jani_env/experiments/repair_wo_domain/submissions/action_shield/one_way_line_det/./one_way_line_det_one_way_line_50_25_action_shield.dag.nodes.log>
07/07/26 18:01:05 DAG Lockfile will be written to one_way_line_det_one_way_line_50_25_action_shield.dag.lock
07/07/26 18:01:05 DAG Input file is one_way_line_det_one_way_line_50_25_action_shield.dag
07/07/26 18:01:05 Parsing 1 dagfiles
07/07/26 18:01:05 Parsing one_way_line_det_one_way_line_50_25_action_shield.dag ...
07/07/26 18:01:05 Adjusting edges
07/07/26 18:01:05 Dag contains 5 total nodes
07/07/26 18:01:05 Lock file one_way_line_det_one_way_line_50_25_action_shield.dag.lock detected,
07/07/26 18:01:05 Duplicate DAGMan PID 42715 is no longer alive; this DAGMan should continue.
07/07/26 18:01:05 Bootstrapping...
07/07/26 18:01:05 Number of pre-completed nodes: 0
07/07/26 18:01:05 Running in RECOVERY mode... >>>>>>>>>>>>>>>>>>>>>>>>>>>>>>
07/07/26 18:01:05 Currently monitoring 1 HTCondor log file(s)
07/07/26 18:01:05 Event: ULOG_SUBMIT for HTCondor Node COLLECT (170270.0.0) {07/06/26 18:25:15} [recovery mode]
07/07/26 18:01:05 Number of idle job procs: 1
07/07/26 18:01:05 Reassigning the id of job COLLECT from (170270.0.0) to (170270.1.0)
07/07/26 18:01:05 Event: ULOG_SUBMIT for HTCondor Node COLLECT (170270.1.0) {07/06/26 18:25:15} [recovery mode]
07/07/26 18:01:05 Number of idle job procs: 2
07/07/26 18:01:05 Reassigning the id of job COLLECT from (170270.1.0) to (170270.10.0)
07/07/26 18:01:05 Event: ULOG_SUBMIT for HTCondor Node COLLECT (170270.10.0) {07/06/26 18:25:15} [recovery mode]
07/07/26 18:01:05 Number of idle job procs: 3
07/07/26 18:01:05 Reassigning the id of job COLLECT from (170270.10.0) to (170270.11.0)
07/07/26 18:01:05 Event: ULOG_SUBMIT for HTCondor Node COLLECT (170270.11.0) {07/06/26 18:25:15} [recovery mode]
07/07/26 18:01:05 Number of idle job procs: 4
07/07/26 18:01:05 Reassigning the id of job COLLECT from (170270.11.0) to (170270.12.0)
07/07/26 18:01:05 Event: ULOG_SUBMIT for HTCondor Node COLLECT (170270.12.0) {07/06/26 18:25:15} [recovery mode]
07/07/26 18:01:05 Number of idle job procs: 5
07/07/26 18:01:05 Reassigning the id of job COLLECT from (170270.12.0) to (170270.13.0)
07/07/26 18:01:05 Event: ULOG_SUBMIT for HTCondor Node COLLECT (170270.13.0) {07/06/26 18:25:15} [recovery mode]
07/07/26 18:01:05 Number of idle job procs: 6
07/07/26 18:01:05 Reassigning the id of job COLLECT from (170270.13.0) to (170270.14.0)
07/07/26 18:01:05 Event: ULOG_SUBMIT for HTCondor Node COLLECT (170270.14.0) {07/06/26 18:25:15} [recovery mode]
07/07/26 18:01:05 Number of idle job procs: 7
07/07/26 18:01:05 Reassigning the id of job COLLECT from (170270.14.0) to (170270.15.0)
07/07/26 18:01:05 Event: ULOG_SUBMIT for HTCondor Node COLLECT (170270.15.0) {07/06/26 18:25:15} [recovery mode]
07/07/26 18:01:05 Number of idle job procs: 8
07/07/26 18:01:05 Reassigning the id of job COLLECT from (170270.15.0) to (170270.16.0)
07/07/26 18:01:05 Event: ULOG_SUBMIT for HTCondor Node COLLECT (170270.16.0) {07/06/26 18:25:15} [recovery mode]
07/07/26 18:01:05 Number of idle job procs: 9
07/07/26 18:01:05 Reassigning the id of job COLLECT from (170270.16.0) to (170270.17.0)
07/07/26 18:01:05 Event: ULOG_SUBMIT for HTCondor Node COLLECT (170270.17.0) {07/06/26 18:25:15} [recovery mode]
07/07/26 18:01:05 Number of idle job procs: 10
07/07/26 18:01:05 Reassigning the id of job COLLECT from (170270.17.0) to (170270.18.0)
07/07/26 18:01:05 Event: ULOG_SUBMIT for HTCondor Node COLLECT (170270.18.0) {07/06/26 18:25:15} [recovery mode]
07/07/26 18:01:05 Number of idle job procs: 11
07/07/26 18:01:05 Reassigning the id of job COLLECT from (170270.18.0) to (170270.19.0)
07/07/26 18:01:05 Event: ULOG_SUBMIT for HTCondor Node COLLECT (170270.19.0) {07/06/26 18:25:15} [recovery mode]
07/07/26 18:01:05 Number of idle job procs: 12
07/07/26 18:01:05 Reassigning the id of job COLLECT from (170270.19.0) to (170270.2.0)
07/07/26 18:01:05 Event: ULOG_SUBMIT for HTCondor Node COLLECT (170270.2.0) {07/06/26 18:25:15} [recovery mode]
07/07/26 18:01:05 Number of idle job procs: 13
07/07/26 18:01:05 Reassigning the id of job COLLECT from (170270.2.0) to (170270.20.0)
07/07/26 18:01:05 Event: ULOG_SUBMIT for HTCondor Node COLLECT (170270.20.0) {07/06/26 18:25:15} [recovery mode]
07/07/26 18:01:05 Number of idle job procs: 14
07/07/26 18:01:05 Reassigning the id of job COLLECT from (170270.20.0) to (170270.21.0)
07/07/26 18:01:05 Event: ULOG_SUBMIT for HTCondor Node COLLECT (170270.21.0) {07/06/26 18:25:15} [recovery mode]
07/07/26 18:01:05 Number of idle job procs: 15
07/07/26 18:01:05 Reassigning the id of job COLLECT from (170270.21.0) to (170270.22.0)
07/07/26 18:01:05 Event: ULOG_SUBMIT for HTCondor Node COLLECT (170270.22.0) {07/06/26 18:25:15} [recovery mode]
07/07/26 18:01:05 Number of idle job procs: 16
07/07/26 18:01:05 Reassigning the id of job COLLECT from (170270.22.0) to (170270.23.0)
07/07/26 18:01:05 Event: ULOG_SUBMIT for HTCondor Node COLLECT (170270.23.0) {07/06/26 18:25:15} [recovery mode]
07/07/26 18:01:05 Number of idle job procs: 17
07/07/26 18:01:05 Reassigning the id of job COLLECT from (170270.23.0) to (170270.24.0)
07/07/26 18:01:05 Event: ULOG_SUBMIT for HTCondor Node COLLECT (170270.24.0) {07/06/26 18:25:15} [recovery mode]
07/07/26 18:01:05 Number of idle job procs: 18
07/07/26 18:01:05 Reassigning the id of job COLLECT from (170270.24.0) to (170270.25.0)
07/07/26 18:01:05 Event: ULOG_SUBMIT for HTCondor Node COLLECT (170270.25.0) {07/06/26 18:25:15} [recovery mode]
07/07/26 18:01:05 Number of idle job procs: 19
07/07/26 18:01:05 Reassigning the id of job COLLECT from (170270.25.0) to (170270.26.0)
07/07/26 18:01:05 Event: ULOG_SUBMIT for HTCondor Node COLLECT (170270.26.0) {07/06/26 18:25:15} [recovery mode]
07/07/26 18:01:05 Number of idle job procs: 20
07/07/26 18:01:05 Reassigning the id of job COLLECT from (170270.26.0) to (170270.27.0)
07/07/26 18:01:05 Event: ULOG_SUBMIT for HTCondor Node COLLECT (170270.27.0) {07/06/26 18:25:15} [recovery mode]
07/07/26 18:01:05 Number of idle job procs: 21
07/07/26 18:01:05 Reassigning the id of job COLLECT from (170270.27.0) to (170270.28.0)
07/07/26 18:01:05 Event: ULOG_SUBMIT for HTCondor Node COLLECT (170270.28.0) {07/06/26 18:25:15} [recovery mode]
07/07/26 18:01:05 Number of idle job procs: 22
07/07/26 18:01:05 Reassigning the id of job COLLECT from (170270.28.0) to (170270.29.0)
07/07/26 18:01:05 Event: ULOG_SUBMIT for HTCondor Node COLLECT (170270.29.0) {07/06/26 18:25:15} [recovery mode]
07/07/26 18:01:05 Number of idle job procs: 23
07/07/26 18:01:05 Reassigning the id of job COLLECT from (170270.29.0) to (170270.3.0)
07/07/26 18:01:05 Event: ULOG_SUBMIT for HTCondor Node COLLECT (170270.3.0) {07/06/26 18:25:15} [recovery mode]
07/07/26 18:01:05 Number of idle job procs: 24
07/07/26 18:01:05 Reassigning the id of job COLLECT from (170270.3.0) to (170270.30.0)
07/07/26 18:01:05 Event: ULOG_SUBMIT for HTCondor Node COLLECT (170270.30.0) {07/06/26 18:25:15} [recovery mode]
07/07/26 18:01:05 Number of idle job procs: 25
07/07/26 18:01:05 Reassigning the id of job COLLECT from (170270.30.0) to (170270.31.0)
07/07/26 18:01:05 Event: ULOG_SUBMIT for HTCondor Node COLLECT (170270.31.0) {07/06/26 18:25:15} [recovery mode]
07/07/26 18:01:05 Number of idle job procs: 26
07/07/26 18:01:05 Reassigning the id of job COLLECT from (170270.31.0) to (170270.32.0)
07/07/26 18:01:05 Event: ULOG_SUBMIT for HTCondor Node COLLECT (170270.32.0) {07/06/26 18:25:15} [recovery mode]
07/07/26 18:01:05 Number of idle job procs: 27
07/07/26 18:01:05 Reassigning the id of job COLLECT from (170270.32.0) to (170270.33.0)
07/07/26 18:01:05 Event: ULOG_SUBMIT for HTCondor Node COLLECT (170270.33.0) {07/06/26 18:25:15} [recovery mode]
07/07/26 18:01:05 Number of idle job procs: 28
07/07/26 18:01:05 Reassigning the id of job COLLECT from (170270.33.0) to (170270.34.0)
07/07/26 18:01:05 Event: ULOG_SUBMIT for HTCondor Node COLLECT (170270.34.0) {07/06/26 18:25:15} [recovery mode]
07/07/26 18:01:05 Number of idle job procs: 29
07/07/26 18:01:05 Reassigning the id of job COLLECT from (170270.34.0) to (170270.35.0)
07/07/26 18:01:05 Event: ULOG_SUBMIT for HTCondor Node COLLECT (170270.35.0) {07/06/26 18:25:15} [recovery mode]
07/07/26 18:01:05 Number of idle job procs: 30
07/07/26 18:01:05 Reassigning the id of job COLLECT from (170270.35.0) to (170270.36.0)
07/07/26 18:01:05 Event: ULOG_SUBMIT for HTCondor Node COLLECT (170270.36.0) {07/06/26 18:25:15} [recovery mode]
07/07/26 18:01:05 Number of idle job procs: 31
07/07/26 18:01:05 Reassigning the id of job COLLECT from (170270.36.0) to (170270.37.0)
07/07/26 18:01:05 Event: ULOG_SUBMIT for HTCondor Node COLLECT (170270.37.0) {07/06/26 18:25:15} [recovery mode]
07/07/26 18:01:05 Number of idle job procs: 32
07/07/26 18:01:05 Reassigning the id of job COLLECT from (170270.37.0) to (170270.38.0)
07/07/26 18:01:05 Event: ULOG_SUBMIT for HTCondor Node COLLECT (170270.38.0) {07/06/26 18:25:15} [recovery mode]
07/07/26 18:01:05 Number of idle job procs: 33
07/07/26 18:01:05 Reassigning the id of job COLLECT from (170270.38.0) to (170270.39.0)
07/07/26 18:01:05 Event: ULOG_SUBMIT for HTCondor Node COLLECT (170270.39.0) {07/06/26 18:25:15} [recovery mode]
07/07/26 18:01:05 Number of idle job procs: 34
07/07/26 18:01:05 Reassigning the id of job COLLECT from (170270.39.0) to (170270.4.0)
07/07/26 18:01:05 Event: ULOG_SUBMIT for HTCondor Node COLLECT (170270.4.0) {07/06/26 18:25:15} [recovery mode]
07/07/26 18:01:05 Number of idle job procs: 35
07/07/26 18:01:05 Reassigning the id of job COLLECT from (170270.4.0) to (170270.5.0)
07/07/26 18:01:05 Event: ULOG_SUBMIT for HTCondor Node COLLECT (170270.5.0) {07/06/26 18:25:15} [recovery mode]
07/07/26 18:01:05 Number of idle job procs: 36
07/07/26 18:01:05 Reassigning the id of job COLLECT from (170270.5.0) to (170270.6.0)
07/07/26 18:01:05 Event: ULOG_SUBMIT for HTCondor Node COLLECT (170270.6.0) {07/06/26 18:25:15} [recovery mode]
07/07/26 18:01:05 Number of idle job procs: 37
07/07/26 18:01:05 Reassigning the id of job COLLECT from (170270.6.0) to (170270.7.0)
07/07/26 18:01:05 Event: ULOG_SUBMIT for HTCondor Node COLLECT (170270.7.0) {07/06/26 18:25:15} [recovery mode]
07/07/26 18:01:05 Number of idle job procs: 38
07/07/26 18:01:05 Reassigning the id of job COLLECT from (170270.7.0) to (170270.8.0)
07/07/26 18:01:05 Event: ULOG_SUBMIT for HTCondor Node COLLECT (170270.8.0) {07/06/26 18:25:15} [recovery mode]
07/07/26 18:01:05 Number of idle job procs: 39
07/07/26 18:01:05 Reassigning the id of job COLLECT from (170270.8.0) to (170270.9.0)
07/07/26 18:01:05 Event: ULOG_SUBMIT for HTCondor Node COLLECT (170270.9.0) {07/06/26 18:25:15} [recovery mode]
07/07/26 18:01:05 Number of idle job procs: 40
07/07/26 18:01:05 Event: ULOG_EXECUTE for HTCondor Node COLLECT (170270.1.0) {07/07/26 08:13:04} [recovery mode]
07/07/26 18:01:05 Number of idle job procs: 39
07/07/26 18:01:05 Event: ULOG_EXECUTE for HTCondor Node COLLECT (170270.0.0) {07/07/26 08:16:03} [recovery mode]
07/07/26 18:01:05 Number of idle job procs: 38
07/07/26 18:01:05 Event: ULOG_EXECUTE for HTCondor Node COLLECT (170270.3.0) {07/07/26 08:17:04} [recovery mode]
07/07/26 18:01:05 Number of idle job procs: 37
07/07/26 18:01:05 Event: ULOG_EXECUTE for HTCondor Node COLLECT (170270.2.0) {07/07/26 08:18:03} [recovery mode]
07/07/26 18:01:05 Number of idle job procs: 36
07/07/26 18:01:05 Event: ULOG_EXECUTE for HTCondor Node COLLECT (170270.4.0) {07/07/26 08:20:04} [recovery mode]
07/07/26 18:01:05 Number of idle job procs: 35
07/07/26 18:01:05 Event: ULOG_EXECUTE for HTCondor Node COLLECT (170270.6.0) {07/07/26 08:21:05} [recovery mode]
07/07/26 18:01:05 Number of idle job procs: 34
07/07/26 18:01:05 Event: ULOG_EXECUTE for HTCondor Node COLLECT (170270.5.0) {07/07/26 08:21:05} [recovery mode]
07/07/26 18:01:05 Number of idle job procs: 33
07/07/26 18:01:05 Event: ULOG_EXECUTE for HTCondor Node COLLECT (170270.7.0) {07/07/26 08:24:03} [recovery mode]
07/07/26 18:01:05 Number of idle job procs: 32
07/07/26 18:01:05 Event: ULOG_EXECUTE for HTCondor Node COLLECT (170270.8.0) {07/07/26 08:24:03} [recovery mode]
07/07/26 18:01:05 Number of idle job procs: 31
07/07/26 18:01:05 Event: ULOG_EXECUTE for HTCondor Node COLLECT (170270.9.0) {07/07/26 08:28:03} [recovery mode]
07/07/26 18:01:05 Number of idle job procs: 30
07/07/26 18:01:05 Event: ULOG_EXECUTE for HTCondor Node COLLECT (170270.10.0) {07/07/26 08:30:04} [recovery mode]
07/07/26 18:01:05 Number of idle job procs: 29
07/07/26 18:01:05 Event: ULOG_EXECUTE for HTCondor Node COLLECT (170270.11.0) {07/07/26 08:34:04} [recovery mode]
07/07/26 18:01:05 Number of idle job procs: 28
07/07/26 18:01:05 Event: ULOG_EXECUTE for HTCondor Node COLLECT (170270.12.0) {07/07/26 08:57:23} [recovery mode]
07/07/26 18:01:05 Number of idle job procs: 27
07/07/26 18:01:05 Event: ULOG_EXECUTE for HTCondor Node COLLECT (170270.13.0) {07/07/26 09:10:09} [recovery mode]
07/07/26 18:01:05 Number of idle job procs: 26
07/07/26 18:01:05 Event: ULOG_EXECUTE for HTCondor Node COLLECT (170270.14.0) {07/07/26 09:21:31} [recovery mode]
07/07/26 18:01:05 Number of idle job procs: 25
07/07/26 18:01:05 Event: ULOG_JOB_EVICTED for HTCondor Node COLLECT (170270.2.0) {07/07/26 09:22:06} [recovery mode]
07/07/26 18:01:05 Number of idle job procs: 26
07/07/26 18:01:05 Event: ULOG_JOB_HELD for HTCondor Node COLLECT (170270.2.0) {07/07/26 09:22:06} [recovery mode]
07/07/26 18:01:05   Hold reason: Error from teaching8@lofn.hpc.uni-saarland.de: Docker job has gone over memory limit of 64480 Mb
07/07/26 18:01:05 Number of idle job procs: 26
07/07/26 18:01:05 Event: ULOG_JOB_EVICTED for HTCondor Node COLLECT (170270.0.0) {07/07/26 09:24:05} [recovery mode]
07/07/26 18:01:05 Number of idle job procs: 27
07/07/26 18:01:05 Event: ULOG_JOB_HELD for HTCondor Node COLLECT (170270.0.0) {07/07/26 09:24:05} [recovery mode]
07/07/26 18:01:05   Hold reason: Error from teaching1@lofn.hpc.uni-saarland.de: Docker job has gone over memory limit of 64480 Mb
07/07/26 18:01:05 Number of idle job procs: 27
07/07/26 18:01:05 Event: ULOG_EXECUTE for HTCondor Node COLLECT (170270.15.0) {07/07/26 09:25:51} [recovery mode]
07/07/26 18:01:05 Number of idle job procs: 26
07/07/26 18:01:05 Event: ULOG_JOB_EVICTED for HTCondor Node COLLECT (170270.4.0) {07/07/26 09:26:45} [recovery mode]
07/07/26 18:01:05 Number of idle job procs: 27
07/07/26 18:01:05 Event: ULOG_JOB_HELD for HTCondor Node COLLECT (170270.4.0) {07/07/26 09:26:45} [recovery mode]
07/07/26 18:01:05   Hold reason: Error from teaching2@idun.hpc.uni-saarland.de: Docker job has gone over memory limit of 64480 Mb
07/07/26 18:01:05 Number of idle job procs: 27
07/07/26 18:01:05 Event: ULOG_EXECUTE for HTCondor Node COLLECT (170270.16.0) {07/07/26 09:28:52} [recovery mode]
07/07/26 18:01:05 Number of idle job procs: 26
07/07/26 18:01:05 Event: ULOG_JOB_EVICTED for HTCondor Node COLLECT (170270.11.0) {07/07/26 09:32:39} [recovery mode]
07/07/26 18:01:05 Number of idle job procs: 27
07/07/26 18:01:05 Event: ULOG_JOB_HELD for HTCondor Node COLLECT (170270.11.0) {07/07/26 09:32:39} [recovery mode]
07/07/26 18:01:05   Hold reason: Error from teaching2@lofn.hpc.uni-saarland.de: Docker job has gone over memory limit of 64480 Mb
07/07/26 18:01:05 Number of idle job procs: 27
07/07/26 18:01:05 Event: ULOG_EXECUTE for HTCondor Node COLLECT (170270.17.0) {07/07/26 09:33:45} [recovery mode]
07/07/26 18:01:05 Number of idle job procs: 26
07/07/26 18:01:05 Event: ULOG_JOB_EVICTED for HTCondor Node COLLECT (170270.9.0) {07/07/26 09:33:51} [recovery mode]
07/07/26 18:01:05 Number of idle job procs: 27
07/07/26 18:01:05 Event: ULOG_JOB_HELD for HTCondor Node COLLECT (170270.9.0) {07/07/26 09:33:51} [recovery mode]
07/07/26 18:01:05   Hold reason: Error from teaching3@lofn.hpc.uni-saarland.de: Docker job has gone over memory limit of 64480 Mb
07/07/26 18:01:05 Number of idle job procs: 27
07/07/26 18:01:05 Event: ULOG_EXECUTE for HTCondor Node COLLECT (170270.18.0) {07/07/26 09:35:05} [recovery mode]
07/07/26 18:01:05 Number of idle job procs: 26
07/07/26 18:01:05 Event: ULOG_EXECUTE for HTCondor Node COLLECT (170270.19.0) {07/07/26 09:35:05} [recovery mode]
07/07/26 18:01:05 Number of idle job procs: 25
07/07/26 18:01:05 Event: ULOG_JOB_EVICTED for HTCondor Node COLLECT (170270.8.0) {07/07/26 09:35:16} [recovery mode]
07/07/26 18:01:05 Number of idle job procs: 26
07/07/26 18:01:05 Event: ULOG_JOB_HELD for HTCondor Node COLLECT (170270.8.0) {07/07/26 09:35:16} [recovery mode]
07/07/26 18:01:05   Hold reason: Error from teaching2@uller.hpc.uni-saarland.de: Docker job has gone over memory limit of 73692 Mb
07/07/26 18:01:05 Number of idle job procs: 26
07/07/26 18:01:05 Event: ULOG_JOB_EVICTED for HTCondor Node COLLECT (170270.6.0) {07/07/26 09:36:19} [recovery mode]
07/07/26 18:01:05 Number of idle job procs: 27
07/07/26 18:01:05 Event: ULOG_JOB_HELD for HTCondor Node COLLECT (170270.6.0) {07/07/26 09:36:19} [recovery mode]
07/07/26 18:01:05   Hold reason: Error from teaching6@lofn.hpc.uni-saarland.de: Docker job has gone over memory limit of 64480 Mb
07/07/26 18:01:05 Number of idle job procs: 27
07/07/26 18:01:05 Event: ULOG_EXECUTE for HTCondor Node COLLECT (170270.20.0) {07/07/26 09:38:05} [recovery mode]
07/07/26 18:01:05 Number of idle job procs: 26
07/07/26 18:01:05 Event: ULOG_JOB_EVICTED for HTCondor Node COLLECT (170270.10.0) {07/07/26 09:40:12} [recovery mode]
07/07/26 18:01:05 Number of idle job procs: 27
07/07/26 18:01:05 Event: ULOG_JOB_HELD for HTCondor Node COLLECT (170270.10.0) {07/07/26 09:40:12} [recovery mode]
07/07/26 18:01:05   Hold reason: Error from teaching3@idun.hpc.uni-saarland.de: Docker job has gone over memory limit of 64480 Mb
07/07/26 18:01:05 Number of idle job procs: 27
07/07/26 18:01:05 Event: ULOG_JOB_EVICTED for HTCondor Node COLLECT (170270.7.0) {07/07/26 09:41:31} [recovery mode]
07/07/26 18:01:05 Number of idle job procs: 28
07/07/26 18:01:05 Event: ULOG_JOB_HELD for HTCondor Node COLLECT (170270.7.0) {07/07/26 09:41:31} [recovery mode]
07/07/26 18:01:05   Hold reason: Error from teaching1@uller.hpc.uni-saarland.de: Docker job has gone over memory limit of 73692 Mb
07/07/26 18:01:05 Number of idle job procs: 28
07/07/26 18:01:05 Event: ULOG_EXECUTE for HTCondor Node COLLECT (170270.24.0) {07/07/26 09:44:05} [recovery mode]
07/07/26 18:01:05 Number of idle job procs: 27
07/07/26 18:01:05 Event: ULOG_EXECUTE for HTCondor Node COLLECT (170270.21.0) {07/07/26 09:44:05} [recovery mode]
07/07/26 18:01:05 Number of idle job procs: 26
07/07/26 18:01:05 Event: ULOG_EXECUTE for HTCondor Node COLLECT (170270.22.0) {07/07/26 09:44:05} [recovery mode]
07/07/26 18:01:05 Number of idle job procs: 25
07/07/26 18:01:05 Event: ULOG_EXECUTE for HTCondor Node COLLECT (170270.23.0) {07/07/26 09:44:05} [recovery mode]
07/07/26 18:01:05 Number of idle job procs: 24
07/07/26 18:01:05 Event: ULOG_EXECUTE for HTCondor Node COLLECT (170270.25.0) {07/07/26 09:45:04} [recovery mode]
07/07/26 18:01:05 Number of idle job procs: 23
07/07/26 18:01:05 Event: ULOG_EXECUTE for HTCondor Node COLLECT (170270.27.0) {07/07/26 09:46:48} [recovery mode]
07/07/26 18:01:05 Number of idle job procs: 22
07/07/26 18:01:05 Event: ULOG_EXECUTE for HTCondor Node COLLECT (170270.26.0) {07/07/26 09:46:48} [recovery mode]
07/07/26 18:01:05 Number of idle job procs: 21
07/07/26 18:01:05 Event: ULOG_EXECUTE for HTCondor Node COLLECT (170270.28.0) {07/07/26 09:47:49} [recovery mode]
07/07/26 18:01:05 Number of idle job procs: 20
07/07/26 18:01:05 Event: ULOG_EXECUTE for HTCondor Node COLLECT (170270.29.0) {07/07/26 09:48:42} [recovery mode]
07/07/26 18:01:05 Number of idle job procs: 19
07/07/26 18:01:05 Event: ULOG_EXECUTE for HTCondor Node COLLECT (170270.30.0) {07/07/26 09:51:42} [recovery mode]
07/07/26 18:01:05 Number of idle job procs: 18
07/07/26 18:01:05 Event: ULOG_EXECUTE for HTCondor Node COLLECT (170270.32.0) {07/07/26 09:52:42} [recovery mode]
07/07/26 18:01:05 Number of idle job procs: 17
07/07/26 18:01:06 Event: ULOG_JOB_EVICTED for HTCondor Node COLLECT (170270.5.0) {07/07/26 09:58:21} [recovery mode]
07/07/26 18:01:06 Number of idle job procs: 18
07/07/26 18:01:06 Event: ULOG_JOB_HELD for HTCondor Node COLLECT (170270.5.0) {07/07/26 09:58:21} [recovery mode]
07/07/26 18:01:06   Hold reason: Error from teaching8@tenos.hpc.uni-saarland.de: Docker job has gone over memory limit of 96737 Mb
07/07/26 18:01:06 Number of idle job procs: 18
07/07/26 18:01:06 Event: ULOG_JOB_EVICTED for HTCondor Node COLLECT (170270.1.0) {07/07/26 10:00:06} [recovery mode]
07/07/26 18:01:06 Number of idle job procs: 19
07/07/26 18:01:06 Event: ULOG_JOB_HELD for HTCondor Node COLLECT (170270.1.0) {07/07/26 10:00:06} [recovery mode]
07/07/26 18:01:06   Hold reason: Error from teaching4@tenos.hpc.uni-saarland.de: Docker job has gone over memory limit of 96737 Mb
07/07/26 18:01:06 Number of idle job procs: 19
07/07/26 18:01:06 Event: ULOG_JOB_EVICTED for HTCondor Node COLLECT (170270.3.0) {07/07/26 10:01:14} [recovery mode]
07/07/26 18:01:06 Number of idle job procs: 20
07/07/26 18:01:06 Event: ULOG_JOB_HELD for HTCondor Node COLLECT (170270.3.0) {07/07/26 10:01:14} [recovery mode]
07/07/26 18:01:06   Hold reason: Error from teaching7@thera.hpc.uni-saarland.de: Docker job has gone over memory limit of 96737 Mb
07/07/26 18:01:06 Number of idle job procs: 20
07/07/26 18:01:06 Event: ULOG_EXECUTE for HTCondor Node COLLECT (170270.31.0) {07/07/26 10:01:59} [recovery mode]
07/07/26 18:01:06 Number of idle job procs: 19
07/07/26 18:01:06 Event: ULOG_EXECUTE for HTCondor Node COLLECT (170270.33.0) {07/07/26 10:03:27} [recovery mode]
07/07/26 18:01:06 Number of idle job procs: 18
07/07/26 18:01:06 Event: ULOG_EXECUTE for HTCondor Node COLLECT (170270.34.0) {07/07/26 10:03:27} [recovery mode]
07/07/26 18:01:06 Number of idle job procs: 17
07/07/26 18:01:06 Event: ULOG_EXECUTE for HTCondor Node COLLECT (170270.35.0) {07/07/26 10:09:18} [recovery mode]
07/07/26 18:01:06 Number of idle job procs: 16
07/07/26 18:01:06 Event: ULOG_EXECUTE for HTCondor Node COLLECT (170270.36.0) {07/07/26 10:11:19} [recovery mode]
07/07/26 18:01:06 Number of idle job procs: 15
07/07/26 18:01:06 Event: ULOG_EXECUTE for HTCondor Node COLLECT (170270.37.0) {07/07/26 10:12:19} [recovery mode]
07/07/26 18:01:06 Number of idle job procs: 14
07/07/26 18:01:06 Event: ULOG_JOB_EVICTED for HTCondor Node COLLECT (170270.12.0) {07/07/26 10:15:33} [recovery mode]
07/07/26 18:01:06 Number of idle job procs: 15
07/07/26 18:01:06 Event: ULOG_JOB_HELD for HTCondor Node COLLECT (170270.12.0) {07/07/26 10:15:33} [recovery mode]
07/07/26 18:01:06   Hold reason: Error from teaching4@uller.hpc.uni-saarland.de: Docker job has gone over memory limit of 73692 Mb
07/07/26 18:01:06 Number of idle job procs: 15
07/07/26 18:01:06 Event: ULOG_JOB_EVICTED for HTCondor Node COLLECT (170270.13.0) {07/07/26 10:17:43} [recovery mode]
07/07/26 18:01:06 Number of idle job procs: 16
07/07/26 18:01:06 Event: ULOG_JOB_HELD for HTCondor Node COLLECT (170270.13.0) {07/07/26 10:17:43} [recovery mode]
07/07/26 18:01:06   Hold reason: Error from teaching4@lofn.hpc.uni-saarland.de: Docker job has gone over memory limit of 64480 Mb
07/07/26 18:01:06 Number of idle job procs: 16
07/07/26 18:01:06 Event: ULOG_JOB_EVICTED for HTCondor Node COLLECT (170270.15.0) {07/07/26 10:27:56} [recovery mode]
07/07/26 18:01:06 Number of idle job procs: 17
07/07/26 18:01:06 Event: ULOG_JOB_HELD for HTCondor Node COLLECT (170270.15.0) {07/07/26 10:27:56} [recovery mode]
07/07/26 18:01:06   Hold reason: Error from teaching4@idun.hpc.uni-saarland.de: Docker job has gone over memory limit of 64480 Mb
07/07/26 18:01:06 Number of idle job procs: 17
07/07/26 18:01:06 Event: ULOG_EXECUTE for HTCondor Node COLLECT (170270.38.0) {07/07/26 10:29:08} [recovery mode]
07/07/26 18:01:06 Number of idle job procs: 16
07/07/26 18:01:06 Event: ULOG_EXECUTE for HTCondor Node COLLECT (170270.39.0) {07/07/26 10:32:09} [recovery mode]
07/07/26 18:01:06 Number of idle job procs: 15
07/07/26 18:01:06 Event: ULOG_JOB_EVICTED for HTCondor Node COLLECT (170270.14.0) {07/07/26 10:32:31} [recovery mode]
07/07/26 18:01:06 Number of idle job procs: 16
07/07/26 18:01:06 Event: ULOG_JOB_HELD for HTCondor Node COLLECT (170270.14.0) {07/07/26 10:32:32} [recovery mode]
07/07/26 18:01:06   Hold reason: Error from teaching1@idun.hpc.uni-saarland.de: Docker job has gone over memory limit of 64480 Mb
07/07/26 18:01:06 Number of idle job procs: 16
07/07/26 18:01:06 Event: ULOG_JOB_EVICTED for HTCondor Node COLLECT (170270.18.0) {07/07/26 10:40:03} [recovery mode]
07/07/26 18:01:06 Number of idle job procs: 17
07/07/26 18:01:06 Event: ULOG_JOB_HELD for HTCondor Node COLLECT (170270.18.0) {07/07/26 10:40:03} [recovery mode]
07/07/26 18:01:06   Hold reason: Error from teaching1@lofn.hpc.uni-saarland.de: Docker job has gone over memory limit of 64480 Mb
07/07/26 18:01:06 Number of idle job procs: 17
07/07/26 18:01:06 Event: ULOG_JOB_EVICTED for HTCondor Node COLLECT (170270.17.0) {07/07/26 10:41:42} [recovery mode]
07/07/26 18:01:06 Number of idle job procs: 18
07/07/26 18:01:06 Event: ULOG_JOB_HELD for HTCondor Node COLLECT (170270.17.0) {07/07/26 10:41:42} [recovery mode]
07/07/26 18:01:06   Hold reason: Error from teaching8@lofn.hpc.uni-saarland.de: Docker job has gone over memory limit of 64480 Mb
07/07/26 18:01:06 Number of idle job procs: 18
07/07/26 18:01:06 Event: ULOG_JOB_EVICTED for HTCondor Node COLLECT (170270.28.0) {07/07/26 10:45:20} [recovery mode]
07/07/26 18:01:06 Number of idle job procs: 19
07/07/26 18:01:06 Event: ULOG_JOB_HELD for HTCondor Node COLLECT (170270.28.0) {07/07/26 10:45:20} [recovery mode]
07/07/26 18:01:06   Hold reason: Error from teaching6@lofn.hpc.uni-saarland.de: Docker job has gone over memory limit of 64480 Mb
07/07/26 18:01:06 Number of idle job procs: 19
07/07/26 18:01:06 Event: ULOG_JOB_EVICTED for HTCondor Node COLLECT (170270.19.0) {07/07/26 10:45:21} [recovery mode]
07/07/26 18:01:06 Number of idle job procs: 20
07/07/26 18:01:06 Event: ULOG_JOB_HELD for HTCondor Node COLLECT (170270.19.0) {07/07/26 10:45:21} [recovery mode]
07/07/26 18:01:06   Hold reason: Error from teaching7@lofn.hpc.uni-saarland.de: Docker job has gone over memory limit of 64480 Mb
07/07/26 18:01:06 Number of idle job procs: 20
07/07/26 18:01:06 Event: ULOG_JOB_EVICTED for HTCondor Node COLLECT (170270.20.0) {07/07/26 10:48:57} [recovery mode]
07/07/26 18:01:06 Number of idle job procs: 21
07/07/26 18:01:06 Event: ULOG_JOB_HELD for HTCondor Node COLLECT (170270.20.0) {07/07/26 10:48:57} [recovery mode]
07/07/26 18:01:06   Hold reason: Error from teaching2@idun.hpc.uni-saarland.de: Docker job has gone over memory limit of 64480 Mb
07/07/26 18:01:06 Number of idle job procs: 21
07/07/26 18:01:06 Event: ULOG_JOB_EVICTED for HTCondor Node COLLECT (170270.25.0) {07/07/26 10:50:30} [recovery mode]
07/07/26 18:01:06 Number of idle job procs: 22
07/07/26 18:01:06 Event: ULOG_JOB_HELD for HTCondor Node COLLECT (170270.25.0) {07/07/26 10:50:30} [recovery mode]
07/07/26 18:01:06   Hold reason: Error from teaching3@lofn.hpc.uni-saarland.de: Docker job has gone over memory limit of 64480 Mb
07/07/26 18:01:06 Number of idle job procs: 22
07/07/26 18:01:06 Event: ULOG_JOB_EVICTED for HTCondor Node COLLECT (170270.24.0) {07/07/26 10:51:15} [recovery mode]
07/07/26 18:01:06 Number of idle job procs: 23
07/07/26 18:01:06 Event: ULOG_JOB_HELD for HTCondor Node COLLECT (170270.24.0) {07/07/26 10:51:15} [recovery mode]
07/07/26 18:01:06   Hold reason: Error from teaching2@lofn.hpc.uni-saarland.de: Docker job has gone over memory limit of 64480 Mb
07/07/26 18:01:06 Number of idle job procs: 23
07/07/26 18:01:06 Event: ULOG_JOB_EVICTED for HTCondor Node COLLECT (170270.16.0) {07/07/26 10:55:35} [recovery mode]
07/07/26 18:01:06 Number of idle job procs: 24
07/07/26 18:01:06 Event: ULOG_JOB_HELD for HTCondor Node COLLECT (170270.16.0) {07/07/26 10:55:35} [recovery mode]
07/07/26 18:01:06   Hold reason: Error from teaching5@lofn.hpc.uni-saarland.de: Docker job has gone over memory limit of 64480 Mb
07/07/26 18:01:06 Number of idle job procs: 24
07/07/26 18:01:06 Event: ULOG_JOB_EVICTED for HTCondor Node COLLECT (170270.32.0) {07/07/26 11:01:25} [recovery mode]
07/07/26 18:01:06 Number of idle job procs: 25
07/07/26 18:01:06 Event: ULOG_JOB_HELD for HTCondor Node COLLECT (170270.32.0) {07/07/26 11:01:25} [recovery mode]
07/07/26 18:01:06   Hold reason: Error from teaching1@uller.hpc.uni-saarland.de: Docker job has gone over memory limit of 73692 Mb
07/07/26 18:01:06 Number of idle job procs: 25
07/07/26 18:01:06 Event: ULOG_JOB_EVICTED for HTCondor Node COLLECT (170270.30.0) {07/07/26 11:03:26} [recovery mode]
07/07/26 18:01:06 Number of idle job procs: 26
07/07/26 18:01:06 Event: ULOG_JOB_HELD for HTCondor Node COLLECT (170270.30.0) {07/07/26 11:03:26} [recovery mode]
07/07/26 18:01:06   Hold reason: Error from teaching3@idun.hpc.uni-saarland.de: Docker job has gone over memory limit of 64480 Mb
07/07/26 18:01:06 Number of idle job procs: 26
07/07/26 18:01:06 Event: ULOG_JOB_EVICTED for HTCondor Node COLLECT (170270.27.0) {07/07/26 11:05:05} [recovery mode]
07/07/26 18:01:06 Number of idle job procs: 27
07/07/26 18:01:06 Event: ULOG_JOB_HELD for HTCondor Node COLLECT (170270.27.0) {07/07/26 11:05:05} [recovery mode]
07/07/26 18:01:06   Hold reason: Error from teaching2@uller.hpc.uni-saarland.de: Docker job has gone over memory limit of 73692 Mb
07/07/26 18:01:06 Number of idle job procs: 27
07/07/26 18:01:06 Event: ULOG_JOB_EVICTED for HTCondor Node COLLECT (170270.26.0) {07/07/26 11:25:16} [recovery mode]
07/07/26 18:01:06 Number of idle job procs: 28
07/07/26 18:01:06 Event: ULOG_JOB_HELD for HTCondor Node COLLECT (170270.26.0) {07/07/26 11:25:16} [recovery mode]
07/07/26 18:01:06   Hold reason: Error from teaching5@thera.hpc.uni-saarland.de: Docker job has gone over memory limit of 96737 Mb
07/07/26 18:01:06 Number of idle job procs: 28
07/07/26 18:01:06 Event: ULOG_JOB_EVICTED for HTCondor Node COLLECT (170270.22.0) {07/07/26 11:25:47} [recovery mode]
07/07/26 18:01:06 Number of idle job procs: 29
07/07/26 18:01:06 Event: ULOG_JOB_HELD for HTCondor Node COLLECT (170270.22.0) {07/07/26 11:25:47} [recovery mode]
07/07/26 18:01:06   Hold reason: Error from teaching1@tenos.hpc.uni-saarland.de: Docker job has gone over memory limit of 96737 Mb
07/07/26 18:01:06 Number of idle job procs: 29
07/07/26 18:01:06 Event: ULOG_JOB_EVICTED for HTCondor Node COLLECT (170270.23.0) {07/07/26 11:28:37} [recovery mode]
07/07/26 18:01:06 Number of idle job procs: 30
07/07/26 18:01:06 Event: ULOG_JOB_HELD for HTCondor Node COLLECT (170270.23.0) {07/07/26 11:28:37} [recovery mode]
07/07/26 18:01:06   Hold reason: Error from teaching2@tenos.hpc.uni-saarland.de: Docker job has gone over memory limit of 96737 Mb
07/07/26 18:01:06 Number of idle job procs: 30
07/07/26 18:01:06 Event: ULOG_JOB_EVICTED for HTCondor Node COLLECT (170270.21.0) {07/07/26 11:29:14} [recovery mode]
07/07/26 18:01:06 Number of idle job procs: 31
07/07/26 18:01:06 Event: ULOG_JOB_HELD for HTCondor Node COLLECT (170270.21.0) {07/07/26 11:29:14} [recovery mode]
07/07/26 18:01:06   Hold reason: Error from teaching6@thera.hpc.uni-saarland.de: Docker job has gone over memory limit of 96737 Mb
07/07/26 18:01:06 Number of idle job procs: 31
07/07/26 18:01:06 Event: ULOG_JOB_EVICTED for HTCondor Node COLLECT (170270.29.0) {07/07/26 11:36:32} [recovery mode]
07/07/26 18:01:06 Number of idle job procs: 32
07/07/26 18:01:06 Event: ULOG_JOB_HELD for HTCondor Node COLLECT (170270.29.0) {07/07/26 11:36:32} [recovery mode]
07/07/26 18:01:06   Hold reason: Error from teaching5@tenos.hpc.uni-saarland.de: Docker job has gone over memory limit of 96737 Mb
07/07/26 18:01:06 Number of idle job procs: 32
07/07/26 18:01:06 Event: ULOG_JOB_EVICTED for HTCondor Node COLLECT (170270.38.0) {07/07/26 11:43:51} [recovery mode]
07/07/26 18:01:06 Number of idle job procs: 33
07/07/26 18:01:06 Event: ULOG_JOB_HELD for HTCondor Node COLLECT (170270.38.0) {07/07/26 11:43:51} [recovery mode]
07/07/26 18:01:06   Hold reason: Error from teaching4@lofn.hpc.uni-saarland.de: Docker job has gone over memory limit of 64480 Mb
07/07/26 18:01:06 Number of idle job procs: 33
07/07/26 18:01:06 Event: ULOG_JOB_EVICTED for HTCondor Node COLLECT (170270.34.0) {07/07/26 11:45:46} [recovery mode]
07/07/26 18:01:06 Number of idle job procs: 34
07/07/26 18:01:06 Event: ULOG_JOB_HELD for HTCondor Node COLLECT (170270.34.0) {07/07/26 11:45:46} [recovery mode]
07/07/26 18:01:06   Hold reason: Error from teaching7@tenos.hpc.uni-saarland.de: Docker job has gone over memory limit of 96737 Mb
07/07/26 18:01:06 Number of idle job procs: 34
07/07/26 18:01:06 Event: ULOG_JOB_EVICTED for HTCondor Node COLLECT (170270.33.0) {07/07/26 11:46:14} [recovery mode]
07/07/26 18:01:06 Number of idle job procs: 35
07/07/26 18:01:06 Event: ULOG_JOB_HELD for HTCondor Node COLLECT (170270.33.0) {07/07/26 11:46:14} [recovery mode]
07/07/26 18:01:06   Hold reason: Error from teaching8@thera.hpc.uni-saarland.de: Docker job has gone over memory limit of 96737 Mb
07/07/26 18:01:06 Number of idle job procs: 35
07/07/26 18:01:06 Event: ULOG_JOB_EVICTED for HTCondor Node COLLECT (170270.35.0) {07/07/26 11:48:49} [recovery mode]
07/07/26 18:01:06 Number of idle job procs: 36
07/07/26 18:01:06 Event: ULOG_JOB_HELD for HTCondor Node COLLECT (170270.35.0) {07/07/26 11:48:49} [recovery mode]
07/07/26 18:01:06   Hold reason: Error from teaching8@tenos.hpc.uni-saarland.de: Docker job has gone over memory limit of 96737 Mb
07/07/26 18:01:06 Number of idle job procs: 36
07/07/26 18:01:06 Event: ULOG_JOB_EVICTED for HTCondor Node COLLECT (170270.36.0) {07/07/26 11:49:46} [recovery mode]
07/07/26 18:01:06 Number of idle job procs: 37
07/07/26 18:01:06 Event: ULOG_JOB_HELD for HTCondor Node COLLECT (170270.36.0) {07/07/26 11:49:46} [recovery mode]
07/07/26 18:01:06   Hold reason: Error from teaching4@tenos.hpc.uni-saarland.de: Docker job has gone over memory limit of 96737 Mb
07/07/26 18:01:06 Number of idle job procs: 37
07/07/26 18:01:06 Event: ULOG_JOB_EVICTED for HTCondor Node COLLECT (170270.39.0) {07/07/26 11:50:24} [recovery mode]
07/07/26 18:01:06 Number of idle job procs: 38
07/07/26 18:01:06 Event: ULOG_JOB_HELD for HTCondor Node COLLECT (170270.39.0) {07/07/26 11:50:24} [recovery mode]
07/07/26 18:01:06   Hold reason: Error from teaching4@uller.hpc.uni-saarland.de: Docker job has gone over memory limit of 73692 Mb
07/07/26 18:01:06 Number of idle job procs: 38
07/07/26 18:01:06 Event: ULOG_JOB_EVICTED for HTCondor Node COLLECT (170270.31.0) {07/07/26 11:50:54} [recovery mode]
07/07/26 18:01:06 Number of idle job procs: 39
07/07/26 18:01:06 Event: ULOG_JOB_HELD for HTCondor Node COLLECT (170270.31.0) {07/07/26 11:50:54} [recovery mode]
07/07/26 18:01:06   Hold reason: Error from teaching6@tenos.hpc.uni-saarland.de: Docker job has gone over memory limit of 96737 Mb
07/07/26 18:01:06 Number of idle job procs: 39
07/07/26 18:01:06 Event: ULOG_JOB_EVICTED for HTCondor Node COLLECT (170270.37.0) {07/07/26 11:56:42} [recovery mode]
07/07/26 18:01:06 Number of idle job procs: 40
07/07/26 18:01:06 Event: ULOG_JOB_HELD for HTCondor Node COLLECT (170270.37.0) {07/07/26 11:56:42} [recovery mode]
07/07/26 18:01:06   Hold reason: Error from teaching7@thera.hpc.uni-saarland.de: Docker job has gone over memory limit of 96737 Mb
07/07/26 18:01:06 Number of idle job procs: 40
07/07/26 18:01:06     ------------------------------
07/07/26 18:01:06        HTCondor Recovery Complete
07/07/26 18:01:06     ------------------------------
07/07/26 18:01:06 ...done with RECOVERY mode <<<<<<<<<<<<<<<<<<<<<<<<<<<<<<
07/07/26 18:01:06 1 nodes claim to have jobs submitted to queue. Verifying...
07/07/26 18:01:06 Querying local schedd for associated jobs in queue
07/07/26 18:01:06 All pending job states validated
07/07/26 18:01:06 DAG status: 0 (DAG_STATUS_OK)
07/07/26 18:01:06 Of 5 nodes total:
07/07/26 18:01:06  Done     Pre   Queued    Post   Ready   Un-Ready   Failed   Futile
07/07/26 18:01:06   ===     ===      ===     ===     ===        ===      ===      ===
07/07/26 18:01:06     0       0        1       0       0          4        0        0
07/07/26 18:01:06 40 job proc(s) currently held
07/07/26 18:01:06 DAGMan Runtime Statistics: [EventCycleTimeSum=0.000; SleepCycleTimeSum=0.000; SubmitCycleTimeSum=0.000; EventCycleTimeCount=0.000; SleepCycleTimeCount=0.000; SubmitCycleTimeCount=0.000; LogProcessCycleTimeSum=0.000; LogProcessCycleTimeCount=0.000; ]
07/07/26 18:01:06 DAG status: 0 (DAG_STATUS_OK)
07/07/26 18:01:06 Of 5 nodes total:
07/07/26 18:01:06  Done     Pre   Queued    Post   Ready   Un-Ready   Failed   Futile
07/07/26 18:01:06   ===     ===      ===     ===     ===        ===      ===      ===
07/07/26 18:01:06     0       0        1       0       0          4        0        0
07/07/26 18:01:06 40 job proc(s) currently held
07/07/26 18:01:06 DAGMan Runtime Statistics: [EventCycleTimeSum=0.000; SleepCycleTimeSum=0.000; SubmitCycleTimeSum=0.000; EventCycleTimeCount=0.000; SleepCycleTimeCount=0.000; SubmitCycleTimeCount=0.000; LogProcessCycleTimeSum=0.000; LogProcessCycleTimeCount=0.000; ]
07/07/26 18:01:06 Registering condor_event_timer...
07/07/26 18:01:07 Currently monitoring 1 HTCondor log file(s)
07/07/26 18:01:07 DAG status: 0 (DAG_STATUS_OK)
07/07/26 18:01:07 Of 5 nodes total:
07/07/26 18:01:07  Done     Pre   Queued    Post   Ready   Un-Ready   Failed   Futile
07/07/26 18:01:07   ===     ===      ===     ===     ===        ===      ===      ===
07/07/26 18:01:07     0       0        1       0       0          4        0        0
07/07/26 18:01:07 40 job proc(s) currently held
07/07/26 18:01:07 DAGMan Runtime Statistics: [EventCycleTimeSum=0.000; SleepCycleTimeSum=0.000; SubmitCycleTimeAvg=0.000; SubmitCycleTimeMax=0.000; SubmitCycleTimeMin=0.000; SubmitCycleTimeStd=0.000; SubmitCycleTimeSum=0.000; EventCycleTimeCount=0.000; SleepCycleTimeCount=0.000; SubmitCycleTimeCount=1.000; LogProcessCycleTimeAvg=0.001; LogProcessCycleTimeMax=0.001; LogProcessCycleTimeMin=0.001; LogProcessCycleTimeStd=0.001; LogProcessCycleTimeSum=0.001; LogProcessCycleTimeCount=1.000; ]
07/07/26 18:11:07 600 seconds since last log event
07/07/26 18:11:07 Pending DAG nodes:
07/07/26 18:11:07   Node COLLECT, HTCondor ID 170270, status STATUS_SUBMITTED
07/07/26 18:16:08 Total jobs placed to AP: 40
07/07/26 18:16:08      Idle     Held     Running     Successful     Failed
07/07/26 18:16:08       ===      ===         ===            ===        ===
07/07/26 18:16:08         0       40           0              0          0
07/07/26 18:21:08 1201 seconds since last log event
07/07/26 18:21:08 Pending DAG nodes:
07/07/26 18:21:08   Node COLLECT, HTCondor ID 170270, status STATUS_SUBMITTED
07/07/26 18:31:08 1801 seconds since last log event
07/07/26 18:31:08 Pending DAG nodes:
07/07/26 18:31:08   Node COLLECT, HTCondor ID 170270, status STATUS_SUBMITTED
07/07/26 18:31:08 Total jobs placed to AP: 40
07/07/26 18:31:08      Idle     Held     Running     Successful     Failed
07/07/26 18:31:08       ===      ===         ===            ===        ===
07/07/26 18:31:08         0       40           0              0          0
07/07/26 18:41:08 2401 seconds since last log event
07/07/26 18:41:08 Pending DAG nodes:
07/07/26 18:41:08   Node COLLECT, HTCondor ID 170270, status STATUS_SUBMITTED
07/07/26 18:46:08 Total jobs placed to AP: 40
07/07/26 18:46:08      Idle     Held     Running     Successful     Failed
07/07/26 18:46:08       ===      ===         ===            ===        ===
07/07/26 18:46:08         0       40           0              0          0
07/07/26 18:51:08 3001 seconds since last log event
07/07/26 18:51:08 Pending DAG nodes:
07/07/26 18:51:08   Node COLLECT, HTCondor ID 170270, status STATUS_SUBMITTED
07/07/26 19:01:09 3602 seconds since last log event
07/07/26 19:01:09 Pending DAG nodes:
07/07/26 19:01:09   Node COLLECT, HTCondor ID 170270, status STATUS_SUBMITTED
07/07/26 19:01:09 Total jobs placed to AP: 40
07/07/26 19:01:09      Idle     Held     Running     Successful     Failed
07/07/26 19:01:09       ===      ===         ===            ===        ===
07/07/26 19:01:09         0       40           0              0          0
07/07/26 19:11:10 4203 seconds since last log event
07/07/26 19:11:10 Pending DAG nodes:
07/07/26 19:11:10   Node COLLECT, HTCondor ID 170270, status STATUS_SUBMITTED
07/07/26 19:16:10 Total jobs placed to AP: 40
07/07/26 19:16:10      Idle     Held     Running     Successful     Failed
07/07/26 19:16:10       ===      ===         ===            ===        ===
07/07/26 19:16:10         0       40           0              0          0
07/07/26 19:21:10 4803 seconds since last log event
07/07/26 19:21:10 Pending DAG nodes:
07/07/26 19:21:10   Node COLLECT, HTCondor ID 170270, status STATUS_SUBMITTED
07/07/26 19:31:11 5404 seconds since last log event
07/07/26 19:31:11 Pending DAG nodes:
07/07/26 19:31:11   Node COLLECT, HTCondor ID 170270, status STATUS_SUBMITTED
07/07/26 19:31:11 Total jobs placed to AP: 40
07/07/26 19:31:11      Idle     Held     Running     Successful     Failed
07/07/26 19:31:11       ===      ===         ===            ===        ===
07/07/26 19:31:11         0       40           0              0          0
07/07/26 19:41:11 6004 seconds since last log event
07/07/26 19:41:11 Pending DAG nodes:
07/07/26 19:41:11   Node COLLECT, HTCondor ID 170270, status STATUS_SUBMITTED
07/07/26 19:46:12 Total jobs placed to AP: 40
07/07/26 19:46:12      Idle     Held     Running     Successful     Failed
07/07/26 19:46:12       ===      ===         ===            ===        ===
07/07/26 19:46:12         0       40           0              0          0
07/07/26 19:51:12 6605 seconds since last log event
07/07/26 19:51:12 Pending DAG nodes:
07/07/26 19:51:12   Node COLLECT, HTCondor ID 170270, status STATUS_SUBMITTED
07/07/26 20:01:12 7205 seconds since last log event
07/07/26 20:01:12 Pending DAG nodes:
07/07/26 20:01:12   Node COLLECT, HTCondor ID 170270, status STATUS_SUBMITTED
07/07/26 20:01:12 Total jobs placed to AP: 40
07/07/26 20:01:12      Idle     Held     Running     Successful     Failed
07/07/26 20:01:12       ===      ===         ===            ===        ===
07/07/26 20:01:12         0       40           0              0          0
07/07/26 20:11:12 7805 seconds since last log event
07/07/26 20:11:12 Pending DAG nodes:
07/07/26 20:11:12   Node COLLECT, HTCondor ID 170270, status STATUS_SUBMITTED
07/07/26 20:12:57 Currently monitoring 1 HTCondor log file(s)
07/07/26 20:12:57 Event: ULOG_JOB_ABORTED for HTCondor Node COLLECT (170270.0.0) {07/07/26 20:12:52}
07/07/26 20:12:57 Number of idle job procs: 39
07/07/26 20:12:57 Running: /usr/bin/condor_rm 170270 -const DAGManJobId==170261 -reason Node' 'Error:' 'DAG' 'node' 'COLLECT' '(170270.0.0)' 'got' 'ULOG_JOB_ABORTED' 'event.
07/07/26 20:12:57 Event: ULOG_JOB_ABORTED for HTCondor Node COLLECT (170270.1.0) {07/07/26 20:12:57}
07/07/26 20:12:57 Number of idle job procs: 38
07/07/26 20:12:57 DAG status: 0 (DAG_STATUS_OK)
07/07/26 20:12:57 Of 5 nodes total:
07/07/26 20:12:57  Done     Pre   Queued    Post   Ready   Un-Ready   Failed   Futile
07/07/26 20:12:57   ===     ===      ===     ===     ===        ===      ===      ===
07/07/26 20:12:57     0       0        1       0       0          4        0        0
07/07/26 20:12:57 38 job proc(s) currently held
07/07/26 20:12:57 DAGMan Runtime Statistics: [EventCycleTimeAvg=0.000; EventCycleTimeMax=0.032; EventCycleTimeMin=0.000; EventCycleTimeStd=0.002; EventCycleTimeSum=0.495; SleepCycleTimeAvg=5.003; SleepCycleTimeMax=5.037; SleepCycleTimeMin=4.004; SleepCycleTimeStd=0.036; SleepCycleTimeSum=7909.927; SubmitCycleTimeAvg=0.000; SubmitCycleTimeMax=0.000; SubmitCycleTimeMin=0.000; SubmitCycleTimeStd=0.000; SubmitCycleTimeSum=0.001; EventCycleTimeCount=1581.000; SleepCycleTimeCount=1581.000; SubmitCycleTimeCount=1582.000; LogProcessCycleTimeAvg=0.023; LogProcessCycleTimeMax=0.044; LogProcessCycleTimeMin=0.001; LogProcessCycleTimeStd=0.031; LogProcessCycleTimeSum=0.045; LogProcessCycleTimeCount=2.000; ]
07/07/26 20:13:02 Currently monitoring 1 HTCondor log file(s)
07/07/26 20:13:02 Event: ULOG_JOB_ABORTED for HTCondor Node COLLECT (170270.2.0) {07/07/26 20:12:57}
07/07/26 20:13:02 Number of idle job procs: 37
07/07/26 20:13:02 Event: ULOG_JOB_ABORTED for HTCondor Node COLLECT (170270.3.0) {07/07/26 20:12:57}
07/07/26 20:13:02 Number of idle job procs: 36
07/07/26 20:13:02 Event: ULOG_JOB_ABORTED for HTCondor Node COLLECT (170270.4.0) {07/07/26 20:12:57}
07/07/26 20:13:02 Number of idle job procs: 35
07/07/26 20:13:02 Event: ULOG_JOB_ABORTED for HTCondor Node COLLECT (170270.5.0) {07/07/26 20:12:57}
07/07/26 20:13:02 Number of idle job procs: 34
07/07/26 20:13:02 Event: ULOG_JOB_ABORTED for HTCondor Node COLLECT (170270.6.0) {07/07/26 20:12:57}
07/07/26 20:13:02 Number of idle job procs: 33
07/07/26 20:13:02 Event: ULOG_JOB_ABORTED for HTCondor Node COLLECT (170270.7.0) {07/07/26 20:12:57}
07/07/26 20:13:02 Number of idle job procs: 32
07/07/26 20:13:02 Event: ULOG_JOB_ABORTED for HTCondor Node COLLECT (170270.8.0) {07/07/26 20:12:57}
07/07/26 20:13:02 Number of idle job procs: 31
07/07/26 20:13:02 Event: ULOG_JOB_ABORTED for HTCondor Node COLLECT (170270.9.0) {07/07/26 20:12:57}
07/07/26 20:13:02 Number of idle job procs: 30
07/07/26 20:13:02 Event: ULOG_JOB_ABORTED for HTCondor Node COLLECT (170270.10.0) {07/07/26 20:12:57}
07/07/26 20:13:02 Number of idle job procs: 29
07/07/26 20:13:02 Event: ULOG_JOB_ABORTED for HTCondor Node COLLECT (170270.11.0) {07/07/26 20:12:57}
07/07/26 20:13:02 Number of idle job procs: 28
07/07/26 20:13:02 Event: ULOG_JOB_ABORTED for HTCondor Node COLLECT (170270.12.0) {07/07/26 20:12:57}
07/07/26 20:13:02 Number of idle job procs: 27
07/07/26 20:13:02 Event: ULOG_JOB_ABORTED for HTCondor Node COLLECT (170270.13.0) {07/07/26 20:12:57}
07/07/26 20:13:02 Number of idle job procs: 26
07/07/26 20:13:02 Event: ULOG_JOB_ABORTED for HTCondor Node COLLECT (170270.14.0) {07/07/26 20:12:57}
07/07/26 20:13:02 Number of idle job procs: 25
07/07/26 20:13:02 Event: ULOG_JOB_ABORTED for HTCondor Node COLLECT (170270.15.0) {07/07/26 20:12:57}
07/07/26 20:13:02 Number of idle job procs: 24
07/07/26 20:13:02 Event: ULOG_JOB_ABORTED for HTCondor Node COLLECT (170270.16.0) {07/07/26 20:12:57}
07/07/26 20:13:02 Number of idle job procs: 23
07/07/26 20:13:02 Event: ULOG_JOB_ABORTED for HTCondor Node COLLECT (170270.17.0) {07/07/26 20:12:57}
07/07/26 20:13:02 Number of idle job procs: 22
07/07/26 20:13:02 Event: ULOG_JOB_ABORTED for HTCondor Node COLLECT (170270.18.0) {07/07/26 20:12:57}
07/07/26 20:13:02 Number of idle job procs: 21
07/07/26 20:13:02 Event: ULOG_JOB_ABORTED for HTCondor Node COLLECT (170270.19.0) {07/07/26 20:12:57}
07/07/26 20:13:02 Number of idle job procs: 20
07/07/26 20:13:02 Event: ULOG_JOB_ABORTED for HTCondor Node COLLECT (170270.20.0) {07/07/26 20:12:57}
07/07/26 20:13:02 Number of idle job procs: 19
07/07/26 20:13:02 Event: ULOG_JOB_ABORTED for HTCondor Node COLLECT (170270.21.0) {07/07/26 20:12:57}
07/07/26 20:13:02 Number of idle job procs: 18
07/07/26 20:13:02 Event: ULOG_JOB_ABORTED for HTCondor Node COLLECT (170270.22.0) {07/07/26 20:12:57}
07/07/26 20:13:02 Number of idle job procs: 17
07/07/26 20:13:02 Event: ULOG_JOB_ABORTED for HTCondor Node COLLECT (170270.23.0) {07/07/26 20:12:58}
07/07/26 20:13:02 Number of idle job procs: 16
07/07/26 20:13:02 Event: ULOG_JOB_ABORTED for HTCondor Node COLLECT (170270.24.0) {07/07/26 20:12:58}
07/07/26 20:13:02 Number of idle job procs: 15
07/07/26 20:13:02 Event: ULOG_JOB_ABORTED for HTCondor Node COLLECT (170270.25.0) {07/07/26 20:12:58}
07/07/26 20:13:02 Number of idle job procs: 14
07/07/26 20:13:02 Event: ULOG_JOB_ABORTED for HTCondor Node COLLECT (170270.26.0) {07/07/26 20:12:58}
07/07/26 20:13:02 Number of idle job procs: 13
07/07/26 20:13:02 Event: ULOG_JOB_ABORTED for HTCondor Node COLLECT (170270.27.0) {07/07/26 20:12:58}
07/07/26 20:13:02 Number of idle job procs: 12
07/07/26 20:13:02 Event: ULOG_JOB_ABORTED for HTCondor Node COLLECT (170270.28.0) {07/07/26 20:12:58}
07/07/26 20:13:02 Number of idle job procs: 11
07/07/26 20:13:02 Event: ULOG_JOB_ABORTED for HTCondor Node COLLECT (170270.29.0) {07/07/26 20:12:58}
07/07/26 20:13:02 Number of idle job procs: 10
07/07/26 20:13:02 Event: ULOG_JOB_ABORTED for HTCondor Node COLLECT (170270.30.0) {07/07/26 20:12:58}
07/07/26 20:13:02 Number of idle job procs: 9
07/07/26 20:13:02 Event: ULOG_JOB_ABORTED for HTCondor Node COLLECT (170270.31.0) {07/07/26 20:12:58}
07/07/26 20:13:02 Number of idle job procs: 8
07/07/26 20:13:02 Event: ULOG_JOB_ABORTED for HTCondor Node COLLECT (170270.32.0) {07/07/26 20:12:58}
07/07/26 20:13:02 Number of idle job procs: 7
07/07/26 20:13:02 Event: ULOG_JOB_ABORTED for HTCondor Node COLLECT (170270.33.0) {07/07/26 20:12:58}
07/07/26 20:13:02 Number of idle job procs: 6
07/07/26 20:13:02 Event: ULOG_JOB_ABORTED for HTCondor Node COLLECT (170270.34.0) {07/07/26 20:12:58}
07/07/26 20:13:02 Number of idle job procs: 5
07/07/26 20:13:02 Event: ULOG_JOB_ABORTED for HTCondor Node COLLECT (170270.35.0) {07/07/26 20:12:58}
07/07/26 20:13:02 Number of idle job procs: 4
07/07/26 20:13:02 Event: ULOG_JOB_ABORTED for HTCondor Node COLLECT (170270.36.0) {07/07/26 20:12:58}
07/07/26 20:13:02 Number of idle job procs: 3
07/07/26 20:13:02 Event: ULOG_JOB_ABORTED for HTCondor Node COLLECT (170270.37.0) {07/07/26 20:12:58}
07/07/26 20:13:02 Number of idle job procs: 2
07/07/26 20:13:02 Event: ULOG_JOB_ABORTED for HTCondor Node COLLECT (170270.38.0) {07/07/26 20:12:58}
07/07/26 20:13:02 Number of idle job procs: 1
07/07/26 20:13:02 Event: ULOG_JOB_ABORTED for HTCondor Node COLLECT (170270.39.0) {07/07/26 20:12:58}
07/07/26 20:13:02 Number of idle job procs: 0
07/07/26 20:13:02 Node COLLECT job(s) have exited the queue
07/07/26 20:13:02 DAG status: 2 (DAG_STATUS_NODE_FAILED)
07/07/26 20:13:02 Of 5 nodes total:
07/07/26 20:13:02  Done     Pre   Queued    Post   Ready   Un-Ready   Failed   Futile
07/07/26 20:13:02   ===     ===      ===     ===     ===        ===      ===      ===
07/07/26 20:13:02     0       0        0       0       0          0        1        4
07/07/26 20:13:02 0 job proc(s) currently held
07/07/26 20:13:02 DAGMan Runtime Statistics: [EventCycleTimeAvg=0.000; EventCycleTimeMax=0.049; EventCycleTimeMin=0.000; EventCycleTimeStd=0.002; EventCycleTimeSum=0.544; SleepCycleTimeAvg=5.003; SleepCycleTimeMax=5.037; SleepCycleTimeMin=4.004; SleepCycleTimeStd=0.036; SleepCycleTimeSum=7914.930; SubmitCycleTimeAvg=0.000; SubmitCycleTimeMax=0.000; SubmitCycleTimeMin=0.000; SubmitCycleTimeStd=0.000; SubmitCycleTimeSum=0.001; EventCycleTimeCount=1582.000; SleepCycleTimeCount=1582.000; SubmitCycleTimeCount=1583.000; LogProcessCycleTimeAvg=0.031; LogProcessCycleTimeMax=0.048; LogProcessCycleTimeMin=0.001; LogProcessCycleTimeStd=0.026; LogProcessCycleTimeSum=0.094; LogProcessCycleTimeCount=3.000; ]
07/07/26 20:13:02 ERROR: the following job(s) failed:
07/07/26 20:13:02 ---------------------- Node ----------------------
07/07/26 20:13:02       Node Name: COLLECT
07/07/26 20:13:02            Noop: false
07/07/26 20:13:02          NodeID: 0
07/07/26 20:13:02     Node Status: STATUS_ERROR    
07/07/26 20:13:02 Node return val: -1002
07/07/26 20:13:02           Error: HTCondor reported ULOG_JOB_ABORTED event for job proc (170270.0.0)
07/07/26 20:13:02 Job Submit File: one_way_line_det_one_way_line_50_25_action_shield_collect.sub
07/07/26 20:13:02  HTCondor Job ID: (170270.9.0)
07/07/26 20:13:02 PARENTS:  WAITING: 0 CHILDREN: MERGE_COLLECTION
07/07/26 20:13:02 ---------------------------------------	<END>
07/07/26 20:13:02 Aborting DAG...
07/07/26 20:13:02 Writing Rescue DAG to one_way_line_det_one_way_line_50_25_action_shield.dag.rescue001...
07/07/26 20:13:02 Removing submitted jobs...
07/07/26 20:13:02 Removing any/all submitted HTCondor jobs...
07/07/26 20:13:02 Running: /usr/bin/condor_rm -const DAGManJobId==170261 -reason DAG' 'Abort:' 'DAG' 'is' 'exiting' 'and' 'writing' 'rescue' 'file.
07/07/26 20:13:02 Note: 0 total node deferrals because of -MaxJobs limit (0)
07/07/26 20:13:02 Note: 0 total node deferrals because of -MaxIdle limit (1000)
07/07/26 20:13:02 Note: 0 total node deferrals because of node category throttles
07/07/26 20:13:02 Note: 0 total PRE script deferrals because of -MaxPre limit (20) or DEFER
07/07/26 20:13:02 Note: 0 total POST script deferrals because of -MaxPost limit (20) or DEFER
07/07/26 20:13:02 Note: 0 total HOLD script deferrals because of -MaxHold limit (20) or DEFER
07/07/26 20:13:02 DAG status: 2 (DAG_STATUS_NODE_FAILED)
07/07/26 20:13:02 Of 5 nodes total:
07/07/26 20:13:02  Done     Pre   Queued    Post   Ready   Un-Ready   Failed   Futile
07/07/26 20:13:02   ===     ===      ===     ===     ===        ===      ===      ===
07/07/26 20:13:02     0       0        0       0       0          0        1        4
07/07/26 20:13:02 0 job proc(s) currently held
07/07/26 20:13:02 DAGMan Runtime Statistics: [EventCycleTimeAvg=0.000; EventCycleTimeMax=0.049; EventCycleTimeMin=0.000; EventCycleTimeStd=0.002; EventCycleTimeSum=0.544; SleepCycleTimeAvg=5.003; SleepCycleTimeMax=5.037; SleepCycleTimeMin=4.004; SleepCycleTimeStd=0.036; SleepCycleTimeSum=7914.930; SubmitCycleTimeAvg=0.000; SubmitCycleTimeMax=0.000; SubmitCycleTimeMin=0.000; SubmitCycleTimeStd=0.000; SubmitCycleTimeSum=0.001; EventCycleTimeCount=1582.000; SleepCycleTimeCount=1582.000; SubmitCycleTimeCount=1583.000; LogProcessCycleTimeAvg=0.031; LogProcessCycleTimeMax=0.048; LogProcessCycleTimeMin=0.001; LogProcessCycleTimeStd=0.026; LogProcessCycleTimeSum=0.094; LogProcessCycleTimeCount=3.000; ]
07/07/26 20:13:02 Wrote metrics file one_way_line_det_one_way_line_50_25_action_shield.dag.metrics.
07/07/26 20:13:02 DAGMan Runtime Statistics: [EventCycleTimeAvg=0.000; EventCycleTimeMax=0.049; EventCycleTimeMin=0.000; EventCycleTimeStd=0.002; EventCycleTimeSum=0.544; SleepCycleTimeAvg=5.003; SleepCycleTimeMax=5.037; SleepCycleTimeMin=4.004; SleepCycleTimeStd=0.036; SleepCycleTimeSum=7914.930; SubmitCycleTimeAvg=0.000; SubmitCycleTimeMax=0.000; SubmitCycleTimeMin=0.000; SubmitCycleTimeStd=0.000; SubmitCycleTimeSum=0.001; EventCycleTimeCount=1582.000; SleepCycleTimeCount=1582.000; SubmitCycleTimeCount=1583.000; LogProcessCycleTimeAvg=0.031; LogProcessCycleTimeMax=0.048; LogProcessCycleTimeMin=0.001; LogProcessCycleTimeStd=0.026; LogProcessCycleTimeSum=0.094; LogProcessCycleTimeCount=3.000; ]
07/07/26 20:13:02 **** condor_scheduniv_exec.170261.0 (condor_DAGMAN) pid 589477 EXITING WITH STATUS 1
07/07/26 23:21:30 ******************************************************
07/07/26 23:21:30 ** condor_scheduniv_exec.170503.0 (CONDOR_DAGMAN) STARTING UP
07/07/26 23:21:30 ** /usr/bin/condor_dagman
07/07/26 23:21:30 ** SubsystemInfo: name=DAGMAN type=DAGMAN(9) class=CLIENT(2)
07/07/26 23:21:30 ** Configuration: subsystem:DAGMAN local:<NONE> class:CLIENT
07/07/26 23:21:30 ** $CondorVersion: 24.12.19 2026-04-15 BuildID: 896241 PackageID: 24.12.19-1+deb12 GitSHA: c68f3e0e $
07/07/26 23:21:30 ** $CondorPlatform: X86_64-Debian_12 $
07/07/26 23:21:30 ** PID = 707692 RealUID = 1620002036
07/07/26 23:21:30 ** Log last touched 7/7 20:13:02
07/07/26 23:21:30 ******************************************************
07/07/26 23:21:30 Using config source: /etc/condor/condor_config
07/07/26 23:21:30 Using local config sources: 
07/07/26 23:21:30    /etc/condor/config.d/01-submit.conf
07/07/26 23:21:30    /etc/condor/config.d/10-stash-plugin.conf
07/07/26 23:21:30    /etc/condor/config.d/23-network.config
07/07/26 23:21:30    /etc/condor/config.d/31-mail.conf
07/07/26 23:21:30    /etc/condor/config.d/35-cc-sync.conf
07/07/26 23:21:30    /etc/condor/config.d/41-periodic-remove.conf
07/07/26 23:21:30    /etc/condor/config.d/49-common.conf
07/07/26 23:21:30    /etc/condor/config.d/52-group-mapping.conf
07/07/26 23:21:30    /etc/condor/config.d/54-container.conf
07/07/26 23:21:30    /etc/condor/config.d/67-submit-transforms.conf
07/07/26 23:21:30    /etc/condor/config.d/71-submit-requirements.conf
07/07/26 23:21:30    /etc/condor/condor_config.local
07/07/26 23:21:30 config Macros = 110, Sorted = 110, StringBytes = 6396, TablesBytes = 4088
07/07/26 23:21:30 CLASSAD_CACHING is ENABLED
07/07/26 23:21:30 Daemon Log is logging: D_ALWAYS D_ERROR D_STATUS
07/07/26 23:21:30 Daemoncore: Listening at <0.0.0.0:16741> on TCP (ReliSock) and UDP (SafeSock).
07/07/26 23:21:30 DaemonCore: command socket at <10.143.248.60:16741?addrs=10.143.248.60-16741&alias=conduit.hpc.uni-saarland.de>
07/07/26 23:21:30 DaemonCore: private command socket at <10.143.248.60:16741?addrs=10.143.248.60-16741&alias=conduit.hpc.uni-saarland.de>
07/07/26 23:21:30 DAGMAN_USE_STRICT setting: 1
07/07/26 23:21:30 DAGMAN_VERBOSITY setting: 3
07/07/26 23:21:30 DAGMAN_DEBUG_CACHE_SIZE setting: 5242880
07/07/26 23:21:30 DAGMAN_DEBUG_CACHE_ENABLE setting: False
07/07/26 23:21:30 DAGMAN_SUBMIT_DELAY setting: 0
07/07/26 23:21:30 DAGMAN_MAX_SUBMIT_ATTEMPTS setting: 6
07/07/26 23:21:30 DAGMAN_STARTUP_CYCLE_DETECT setting: False
07/07/26 23:21:30 DAGMAN_USE_JOIN_NODES setting: True
07/07/26 23:21:30 DAGMAN_REPORT_GRAPH_METRICS setting: False
07/07/26 23:21:30 DAGMAN_MAX_SUBMITS_PER_INTERVAL setting: 100
07/07/26 23:21:30 DAGMAN_AGGRESSIVE_SUBMIT setting: False
07/07/26 23:21:30 DAGMAN_USER_LOG_SCAN_INTERVAL setting: 5
07/07/26 23:21:30 DAGMAN_QUEUE_UPDATE_INTERVAL setting: 300.000000
07/07/26 23:21:30 DAGMAN_DEFAULT_PRIORITY setting: 0
07/07/26 23:21:30 DAGMAN_SUPPRESS_NOTIFICATION setting: False
07/07/26 23:21:30 allow_events (DAGMAN_ALLOW_EVENTS) setting: 114
07/07/26 23:21:30 DAGMAN_RETRY_SUBMIT_FIRST setting: True
07/07/26 23:21:30 DAGMAN_RETRY_NODE_FIRST setting: False
07/07/26 23:21:30 DAGMAN_MAX_JOBS_IDLE setting: 1000
07/07/26 23:21:30 DAGMAN_MAX_JOBS_SUBMITTED setting: 0
07/07/26 23:21:30 DAGMAN_MAX_PRE_SCRIPTS setting: 20
07/07/26 23:21:30 DAGMAN_MAX_POST_SCRIPTS setting: 20
07/07/26 23:21:30 DAGMAN_MAX_HOLD_SCRIPTS setting: 20
07/07/26 23:21:30 DAGMAN_MUNGE_NODE_NAMES setting: True
07/07/26 23:21:30 DAGMAN_ALLOW_ANY_NODE_NAME_CHARACTERS setting: False
07/07/26 23:21:30 DAGMAN_PROHIBIT_MULTI_JOBS setting: False
07/07/26 23:21:30 DAGMAN_SUBMIT_DEPTH_FIRST setting: False
07/07/26 23:21:30 DAGMAN_ALWAYS_RUN_POST setting: False
07/07/26 23:21:30 DAGMAN_CONDOR_SUBMIT_EXE setting: /usr/bin/condor_submit
07/07/26 23:21:30 DAGMAN_CONDOR_RM_EXE setting: /usr/bin/condor_rm
07/07/26 23:21:30 DAGMAN_USE_DIRECT_SUBMIT setting: True
07/07/26 23:21:30 DAGMAN_PRODUCE_JOB_CREDENTIALS setting: True
07/07/26 23:21:30 DAGMAN_DEFAULT_APPEND_VARS setting: False
07/07/26 23:21:30 DAGMAN_INHERIT_ATTRS_PREFIX setting: 
07/07/26 23:21:30 DAGMAN_INHERIT_ATTRS setting: 
07/07/26 23:21:30 DAGMAN_ABORT_DUPLICATES setting: True
07/07/26 23:21:30 DAGMAN_ABORT_ON_SCARY_SUBMIT setting: True
07/07/26 23:21:30 DAGMAN_PENDING_REPORT_INTERVAL setting: 600
07/07/26 23:21:30 DAGMAN_CHECK_QUEUE_INTERVAL setting: 28800
07/07/26 23:21:30 DAGMAN_PRINT_JOB_TABLE_INTERVAL setting: 900
07/07/26 23:21:30 DAGMAN_AUTO_RESCUE setting: True
07/07/26 23:21:30 DAGMAN_MAX_RESCUE_NUM setting: 100
07/07/26 23:21:30 DAGMAN_WRITE_PARTIAL_RESCUE setting: True
07/07/26 23:21:30 DAGMAN_RESET_RETRIES_UPON_RESCUE setting: True
07/07/26 23:21:30 DAGMAN_METRICS_FILE_VERSION setting: 2
07/07/26 23:21:30 DAGMAN_DEFAULT_NODE_LOG setting: @(DAG_DIR)/@(DAG_FILE).nodes.log
07/07/26 23:21:30 DAGMAN_LOG_ON_NFS_IS_ERROR setting: False
07/07/26 23:21:30 DAGMAN_GENERATE_SUBDAG_SUBMITS setting: True
07/07/26 23:21:30 DAGMAN_MAX_JOB_HOLDS setting: 100
07/07/26 23:21:30 DAGMAN_NODE_JOB_FAILURE_TOLERANCE setting: 0
07/07/26 23:21:30 DAGMAN_HOLD_CLAIM_TIME setting: 20
07/07/26 23:21:30 DAGMAN_SUPPRESS_JOB_LOGS setting: False
07/07/26 23:21:30 DAGMAN_REMOVE_NODE_JOBS setting: True
07/07/26 23:21:30 DAGMAN_PUT_FAILED_JOBS_ON_HOLD setting: False
07/07/26 23:21:30 DAGMAN_REMOVE_JOBS_AFTER_LIMIT_CHANGE setting: False
07/07/26 23:21:30 DAGMAN will adjust edges after parsing
07/07/26 23:21:30 argv[0] == "condor_scheduniv_exec.170503.0"
07/07/26 23:21:30 argv[1] == "-Lockfile"
07/07/26 23:21:30 argv[2] == "one_way_line_det_one_way_line_50_25_action_shield.dag.lock"
07/07/26 23:21:30 argv[3] == "-Dag"
07/07/26 23:21:30 argv[4] == "one_way_line_det_one_way_line_50_25_action_shield.dag"
07/07/26 23:21:30 argv[5] == "-CsdVersion"
07/07/26 23:21:30 argv[6] == "$CondorVersion: 24.12.19 2026-04-15 BuildID: 896241 PackageID: 24.12.19-1+deb12 GitSHA: c68f3e0e $"
07/07/26 23:21:30 argv[7] == "-dagman"
07/07/26 23:21:30 argv[8] == "/usr/bin/condor_dagman"
07/07/26 23:21:30 argv[9] == "-AutoRescue"
07/07/26 23:21:30 argv[10] == "1"
07/07/26 23:21:30 argv[11] == "-DoRescueFrom"
07/07/26 23:21:30 argv[12] == "0"
07/07/26 23:21:30 Can't open directory "/etc/condor/passwords.d" as PRIV_ROOT, errno: 13 (Permission denied)
07/07/26 23:21:30 Can't open directory "/etc/condor/passwords.d" as PRIV_ROOT, errno: 13 (Permission denied)
07/07/26 23:21:30 Workflow batch-id: <170503.0>
07/07/26 23:21:30 Workflow batch-name: <one_way_line_det_one_way_line_50_25_action_shield.dag+170503>
07/07/26 23:21:30 Workflow accounting_group: <teaching>
07/07/26 23:21:30 Workflow accounting_group_user: <atml_team041>
07/07/26 23:21:30 Warning: failed to get attribute DAGNodeName
07/07/26 23:21:30 Default node log file is: </home/atml_team041/condor_tutorial/jani_env/experiments/repair_wo_domain/submissions/action_shield/one_way_line_det/./one_way_line_det_one_way_line_50_25_action_shield.dag.nodes.log>
07/07/26 23:21:30 DAG Lockfile will be written to one_way_line_det_one_way_line_50_25_action_shield.dag.lock
07/07/26 23:21:30 DAG Input file is one_way_line_det_one_way_line_50_25_action_shield.dag
07/07/26 23:21:30 Parsing 1 dagfiles
07/07/26 23:21:30 Parsing one_way_line_det_one_way_line_50_25_action_shield.dag ...
07/07/26 23:21:30 Adjusting edges
07/07/26 23:21:30 Found rescue DAG number 1; running one_way_line_det_one_way_line_50_25_action_shield.dag.rescue001 in combination with normal DAG file
07/07/26 23:21:30 ~~~~~~~~~~~~~~~~~~~~~~~~~~~~~~~~~~~~~~~~~~~~~~~~~~~~~~
07/07/26 23:21:30 USING RESCUE DAG one_way_line_det_one_way_line_50_25_action_shield.dag.rescue001
07/07/26 23:21:30 Dag contains 5 total nodes
07/07/26 23:21:30 Bootstrapping...
07/07/26 23:21:30 Number of pre-completed nodes: 0
07/07/26 23:21:30 MultiLogFiles: truncating log file /home/atml_team041/condor_tutorial/jani_env/experiments/repair_wo_domain/submissions/action_shield/one_way_line_det/./one_way_line_det_one_way_line_50_25_action_shield.dag.nodes.log
07/07/26 23:21:30 DAG status: 0 (DAG_STATUS_OK)
07/07/26 23:21:30 Of 5 nodes total:
07/07/26 23:21:30  Done     Pre   Queued    Post   Ready   Un-Ready   Failed   Futile
07/07/26 23:21:30   ===     ===      ===     ===     ===        ===      ===      ===
07/07/26 23:21:30     0       0        0       0       1          4        0        0
07/07/26 23:21:30 0 job proc(s) currently held
07/07/26 23:21:30 DAGMan Runtime Statistics: [EventCycleTimeSum=0.000; SleepCycleTimeSum=0.000; SubmitCycleTimeSum=0.000; EventCycleTimeCount=0.000; SleepCycleTimeCount=0.000; SubmitCycleTimeCount=0.000; LogProcessCycleTimeSum=0.000; LogProcessCycleTimeCount=0.000; ]
07/07/26 23:21:30 Registering condor_event_timer...
07/07/26 23:21:31 Submitting HTCondor Node COLLECT job(s)...
07/07/26 23:21:31 Submitting node COLLECT from file one_way_line_det_one_way_line_50_25_action_shield_collect.sub using direct job submission
07/07/26 23:21:32 	assigned HTCondor ID (170509.0.0)
07/07/26 23:21:32 Just submitted 1 job this cycle...
07/07/26 23:21:32 DAG status: 0 (DAG_STATUS_OK)
07/07/26 23:21:32 Of 5 nodes total:
07/07/26 23:21:32  Done     Pre   Queued    Post   Ready   Un-Ready   Failed   Futile
07/07/26 23:21:32   ===     ===      ===     ===     ===        ===      ===      ===
07/07/26 23:21:32     0       0        1       0       0          4        0        0
07/07/26 23:21:32 0 job proc(s) currently held
07/07/26 23:21:32 DAGMan Runtime Statistics: [EventCycleTimeSum=0.000; SleepCycleTimeSum=0.000; SubmitCycleTimeAvg=0.330; SubmitCycleTimeMax=0.330; SubmitCycleTimeMin=0.330; SubmitCycleTimeStd=0.330; SubmitCycleTimeSum=0.330; EventCycleTimeCount=0.000; SleepCycleTimeCount=0.000; SubmitCycleTimeCount=1.000; LogProcessCycleTimeSum=0.000; LogProcessCycleTimeCount=0.000; ]
07/07/26 23:21:37 Currently monitoring 1 HTCondor log file(s)
07/07/26 23:21:37 Reassigning the id of job COLLECT from (170509.0.0) to (170509.0.0)
07/07/26 23:21:37 Event: ULOG_SUBMIT for HTCondor Node COLLECT (170509.0.0) {07/07/26 23:21:31}
07/07/26 23:21:37 Number of idle job procs: 1
07/07/26 23:21:37 Reassigning the id of job COLLECT from (170509.0.0) to (170509.1.0)
07/07/26 23:21:37 Event: ULOG_SUBMIT for HTCondor Node COLLECT (170509.1.0) {07/07/26 23:21:31}
07/07/26 23:21:37 Number of idle job procs: 2
07/07/26 23:21:37 Reassigning the id of job COLLECT from (170509.1.0) to (170509.10.0)
07/07/26 23:21:37 Event: ULOG_SUBMIT for HTCondor Node COLLECT (170509.10.0) {07/07/26 23:21:31}
07/07/26 23:21:37 Number of idle job procs: 3
07/07/26 23:21:37 Reassigning the id of job COLLECT from (170509.10.0) to (170509.11.0)
07/07/26 23:21:37 Event: ULOG_SUBMIT for HTCondor Node COLLECT (170509.11.0) {07/07/26 23:21:31}
07/07/26 23:21:37 Number of idle job procs: 4
07/07/26 23:21:37 Reassigning the id of job COLLECT from (170509.11.0) to (170509.12.0)
07/07/26 23:21:37 Event: ULOG_SUBMIT for HTCondor Node COLLECT (170509.12.0) {07/07/26 23:21:31}
07/07/26 23:21:37 Number of idle job procs: 5
07/07/26 23:21:37 Reassigning the id of job COLLECT from (170509.12.0) to (170509.13.0)
07/07/26 23:21:37 Event: ULOG_SUBMIT for HTCondor Node COLLECT (170509.13.0) {07/07/26 23:21:31}
07/07/26 23:21:37 Number of idle job procs: 6
07/07/26 23:21:37 Reassigning the id of job COLLECT from (170509.13.0) to (170509.14.0)
07/07/26 23:21:37 Event: ULOG_SUBMIT for HTCondor Node COLLECT (170509.14.0) {07/07/26 23:21:31}
07/07/26 23:21:37 Number of idle job procs: 7
07/07/26 23:21:37 Reassigning the id of job COLLECT from (170509.14.0) to (170509.15.0)
07/07/26 23:21:37 Event: ULOG_SUBMIT for HTCondor Node COLLECT (170509.15.0) {07/07/26 23:21:31}
07/07/26 23:21:37 Number of idle job procs: 8
07/07/26 23:21:37 Reassigning the id of job COLLECT from (170509.15.0) to (170509.16.0)
07/07/26 23:21:37 Event: ULOG_SUBMIT for HTCondor Node COLLECT (170509.16.0) {07/07/26 23:21:31}
07/07/26 23:21:37 Number of idle job procs: 9
07/07/26 23:21:37 Reassigning the id of job COLLECT from (170509.16.0) to (170509.17.0)
07/07/26 23:21:37 Event: ULOG_SUBMIT for HTCondor Node COLLECT (170509.17.0) {07/07/26 23:21:31}
07/07/26 23:21:37 Number of idle job procs: 10
07/07/26 23:21:37 Reassigning the id of job COLLECT from (170509.17.0) to (170509.18.0)
07/07/26 23:21:37 Event: ULOG_SUBMIT for HTCondor Node COLLECT (170509.18.0) {07/07/26 23:21:31}
07/07/26 23:21:37 Number of idle job procs: 11
07/07/26 23:21:37 Reassigning the id of job COLLECT from (170509.18.0) to (170509.19.0)
07/07/26 23:21:37 Event: ULOG_SUBMIT for HTCondor Node COLLECT (170509.19.0) {07/07/26 23:21:31}
07/07/26 23:21:37 Number of idle job procs: 12
07/07/26 23:21:37 Reassigning the id of job COLLECT from (170509.19.0) to (170509.2.0)
07/07/26 23:21:37 Event: ULOG_SUBMIT for HTCondor Node COLLECT (170509.2.0) {07/07/26 23:21:31}
07/07/26 23:21:37 Number of idle job procs: 13
07/07/26 23:21:37 Reassigning the id of job COLLECT from (170509.2.0) to (170509.20.0)
07/07/26 23:21:37 Event: ULOG_SUBMIT for HTCondor Node COLLECT (170509.20.0) {07/07/26 23:21:31}
07/07/26 23:21:37 Number of idle job procs: 14
07/07/26 23:21:37 Reassigning the id of job COLLECT from (170509.20.0) to (170509.21.0)
07/07/26 23:21:37 Event: ULOG_SUBMIT for HTCondor Node COLLECT (170509.21.0) {07/07/26 23:21:31}
07/07/26 23:21:37 Number of idle job procs: 15
07/07/26 23:21:37 Reassigning the id of job COLLECT from (170509.21.0) to (170509.22.0)
07/07/26 23:21:37 Event: ULOG_SUBMIT for HTCondor Node COLLECT (170509.22.0) {07/07/26 23:21:31}
07/07/26 23:21:37 Number of idle job procs: 16
07/07/26 23:21:37 Reassigning the id of job COLLECT from (170509.22.0) to (170509.23.0)
07/07/26 23:21:37 Event: ULOG_SUBMIT for HTCondor Node COLLECT (170509.23.0) {07/07/26 23:21:31}
07/07/26 23:21:37 Number of idle job procs: 17
07/07/26 23:21:37 Reassigning the id of job COLLECT from (170509.23.0) to (170509.24.0)
07/07/26 23:21:37 Event: ULOG_SUBMIT for HTCondor Node COLLECT (170509.24.0) {07/07/26 23:21:31}
07/07/26 23:21:37 Number of idle job procs: 18
07/07/26 23:21:37 Reassigning the id of job COLLECT from (170509.24.0) to (170509.25.0)
07/07/26 23:21:37 Event: ULOG_SUBMIT for HTCondor Node COLLECT (170509.25.0) {07/07/26 23:21:31}
07/07/26 23:21:37 Number of idle job procs: 19
07/07/26 23:21:37 Reassigning the id of job COLLECT from (170509.25.0) to (170509.26.0)
07/07/26 23:21:37 Event: ULOG_SUBMIT for HTCondor Node COLLECT (170509.26.0) {07/07/26 23:21:31}
07/07/26 23:21:37 Number of idle job procs: 20
07/07/26 23:21:37 Reassigning the id of job COLLECT from (170509.26.0) to (170509.27.0)
07/07/26 23:21:37 Event: ULOG_SUBMIT for HTCondor Node COLLECT (170509.27.0) {07/07/26 23:21:31}
07/07/26 23:21:37 Number of idle job procs: 21
07/07/26 23:21:37 Reassigning the id of job COLLECT from (170509.27.0) to (170509.28.0)
07/07/26 23:21:37 Event: ULOG_SUBMIT for HTCondor Node COLLECT (170509.28.0) {07/07/26 23:21:32}
07/07/26 23:21:37 Number of idle job procs: 22
07/07/26 23:21:37 Reassigning the id of job COLLECT from (170509.28.0) to (170509.29.0)
07/07/26 23:21:37 Event: ULOG_SUBMIT for HTCondor Node COLLECT (170509.29.0) {07/07/26 23:21:32}
07/07/26 23:21:37 Number of idle job procs: 23
07/07/26 23:21:37 Reassigning the id of job COLLECT from (170509.29.0) to (170509.3.0)
07/07/26 23:21:37 Event: ULOG_SUBMIT for HTCondor Node COLLECT (170509.3.0) {07/07/26 23:21:32}
07/07/26 23:21:37 Number of idle job procs: 24
07/07/26 23:21:37 Reassigning the id of job COLLECT from (170509.3.0) to (170509.30.0)
07/07/26 23:21:37 Event: ULOG_SUBMIT for HTCondor Node COLLECT (170509.30.0) {07/07/26 23:21:32}
07/07/26 23:21:37 Number of idle job procs: 25
07/07/26 23:21:37 Reassigning the id of job COLLECT from (170509.30.0) to (170509.31.0)
07/07/26 23:21:37 Event: ULOG_SUBMIT for HTCondor Node COLLECT (170509.31.0) {07/07/26 23:21:32}
07/07/26 23:21:37 Number of idle job procs: 26
07/07/26 23:21:37 Reassigning the id of job COLLECT from (170509.31.0) to (170509.32.0)
07/07/26 23:21:37 Event: ULOG_SUBMIT for HTCondor Node COLLECT (170509.32.0) {07/07/26 23:21:32}
07/07/26 23:21:37 Number of idle job procs: 27
07/07/26 23:21:37 Reassigning the id of job COLLECT from (170509.32.0) to (170509.33.0)
07/07/26 23:21:37 Event: ULOG_SUBMIT for HTCondor Node COLLECT (170509.33.0) {07/07/26 23:21:32}
07/07/26 23:21:37 Number of idle job procs: 28
07/07/26 23:21:37 Reassigning the id of job COLLECT from (170509.33.0) to (170509.34.0)
07/07/26 23:21:37 Event: ULOG_SUBMIT for HTCondor Node COLLECT (170509.34.0) {07/07/26 23:21:32}
07/07/26 23:21:37 Number of idle job procs: 29
07/07/26 23:21:37 Reassigning the id of job COLLECT from (170509.34.0) to (170509.35.0)
07/07/26 23:21:37 Event: ULOG_SUBMIT for HTCondor Node COLLECT (170509.35.0) {07/07/26 23:21:32}
07/07/26 23:21:37 Number of idle job procs: 30
07/07/26 23:21:37 Reassigning the id of job COLLECT from (170509.35.0) to (170509.36.0)
07/07/26 23:21:37 Event: ULOG_SUBMIT for HTCondor Node COLLECT (170509.36.0) {07/07/26 23:21:32}
07/07/26 23:21:37 Number of idle job procs: 31
07/07/26 23:21:37 Reassigning the id of job COLLECT from (170509.36.0) to (170509.37.0)
07/07/26 23:21:37 Event: ULOG_SUBMIT for HTCondor Node COLLECT (170509.37.0) {07/07/26 23:21:32}
07/07/26 23:21:37 Number of idle job procs: 32
07/07/26 23:21:37 Reassigning the id of job COLLECT from (170509.37.0) to (170509.38.0)
07/07/26 23:21:37 Event: ULOG_SUBMIT for HTCondor Node COLLECT (170509.38.0) {07/07/26 23:21:32}
07/07/26 23:21:37 Number of idle job procs: 33
07/07/26 23:21:37 Reassigning the id of job COLLECT from (170509.38.0) to (170509.39.0)
07/07/26 23:21:37 Event: ULOG_SUBMIT for HTCondor Node COLLECT (170509.39.0) {07/07/26 23:21:32}
07/07/26 23:21:37 Number of idle job procs: 34
07/07/26 23:21:37 Reassigning the id of job COLLECT from (170509.39.0) to (170509.4.0)
07/07/26 23:21:37 Event: ULOG_SUBMIT for HTCondor Node COLLECT (170509.4.0) {07/07/26 23:21:32}
07/07/26 23:21:37 Number of idle job procs: 35
07/07/26 23:21:37 Reassigning the id of job COLLECT from (170509.4.0) to (170509.5.0)
07/07/26 23:21:37 Event: ULOG_SUBMIT for HTCondor Node COLLECT (170509.5.0) {07/07/26 23:21:32}
07/07/26 23:21:37 Number of idle job procs: 36
07/07/26 23:21:37 Reassigning the id of job COLLECT from (170509.5.0) to (170509.6.0)
07/07/26 23:21:37 Event: ULOG_SUBMIT for HTCondor Node COLLECT (170509.6.0) {07/07/26 23:21:32}
07/07/26 23:21:37 Number of idle job procs: 37
07/07/26 23:21:37 Reassigning the id of job COLLECT from (170509.6.0) to (170509.7.0)
07/07/26 23:21:37 Event: ULOG_SUBMIT for HTCondor Node COLLECT (170509.7.0) {07/07/26 23:21:32}
07/07/26 23:21:37 Number of idle job procs: 38
07/07/26 23:21:37 Reassigning the id of job COLLECT from (170509.7.0) to (170509.8.0)
07/07/26 23:21:37 Event: ULOG_SUBMIT for HTCondor Node COLLECT (170509.8.0) {07/07/26 23:21:32}
07/07/26 23:21:37 Number of idle job procs: 39
07/07/26 23:21:37 Reassigning the id of job COLLECT from (170509.8.0) to (170509.9.0)
07/07/26 23:21:37 Event: ULOG_SUBMIT for HTCondor Node COLLECT (170509.9.0) {07/07/26 23:21:32}
07/07/26 23:21:37 Number of idle job procs: 40
07/07/26 23:31:37 600 seconds since last log event
07/07/26 23:31:37 Pending DAG nodes:
07/07/26 23:31:37   Node COLLECT, HTCondor ID 170509, status STATUS_SUBMITTED
07/07/26 23:36:33 Total jobs placed to AP: 40
07/07/26 23:36:33      Idle     Held     Running     Successful     Failed
07/07/26 23:36:33       ===      ===         ===            ===        ===
07/07/26 23:36:33        40        0           0              0          0
07/07/26 23:37:12 Received SIGUSR1
07/07/26 23:37:12 Aborting DAG...
07/07/26 23:37:12 Writing Rescue DAG to one_way_line_det_one_way_line_50_25_action_shield.dag.rescue002...
07/07/26 23:37:12 Removing submitted jobs...
07/07/26 23:37:12 Removing any/all submitted HTCondor jobs...
07/07/26 23:37:12 Running: /usr/bin/condor_rm -const DAGManJobId==170503 -reason DAG' 'Removed:' 'User' 'removed' 'scheduler' 'job' 'from' 'queue.
07/07/26 23:37:12 Note: 0 total node deferrals because of -MaxJobs limit (0)
07/07/26 23:37:12 Note: 0 total node deferrals because of -MaxIdle limit (1000)
07/07/26 23:37:12 Note: 0 total node deferrals because of node category throttles
07/07/26 23:37:12 Note: 0 total PRE script deferrals because of -MaxPre limit (20) or DEFER
07/07/26 23:37:12 Note: 0 total POST script deferrals because of -MaxPost limit (20) or DEFER
07/07/26 23:37:12 Note: 0 total HOLD script deferrals because of -MaxHold limit (20) or DEFER
07/07/26 23:37:12 DAG status: 4 (DAG_STATUS_RM)
07/07/26 23:37:12 Of 5 nodes total:
07/07/26 23:37:12  Done     Pre   Queued    Post   Ready   Un-Ready   Failed   Futile
07/07/26 23:37:12   ===     ===      ===     ===     ===        ===      ===      ===
07/07/26 23:37:12     0       0        1       0       0          4        0        0
07/07/26 23:37:12 0 job proc(s) currently held
07/07/26 23:37:12 DAGMan Runtime Statistics: [EventCycleTimeAvg=0.002; EventCycleTimeMax=0.334; EventCycleTimeMin=0.000; EventCycleTimeStd=0.025; EventCycleTimeSum=0.449; SleepCycleTimeAvg=5.004; SleepCycleTimeMax=5.012; SleepCycleTimeMin=5.001; SleepCycleTimeStd=0.001; SleepCycleTimeSum=935.743; SubmitCycleTimeAvg=0.002; SubmitCycleTimeMax=0.330; SubmitCycleTimeMin=0.000; SubmitCycleTimeStd=0.024; SubmitCycleTimeSum=0.330; EventCycleTimeCount=188.000; SleepCycleTimeCount=187.000; SubmitCycleTimeCount=188.000; LogProcessCycleTimeAvg=0.063; LogProcessCycleTimeMax=0.063; LogProcessCycleTimeMin=0.063; LogProcessCycleTimeStd=0.063; LogProcessCycleTimeSum=0.063; LogProcessCycleTimeCount=1.000; ]
07/07/26 23:37:12 Wrote metrics file one_way_line_det_one_way_line_50_25_action_shield.dag.metrics.
07/07/26 23:37:12 DAGMan Runtime Statistics: [EventCycleTimeAvg=0.002; EventCycleTimeMax=0.334; EventCycleTimeMin=0.000; EventCycleTimeStd=0.025; EventCycleTimeSum=0.449; SleepCycleTimeAvg=5.004; SleepCycleTimeMax=5.012; SleepCycleTimeMin=5.001; SleepCycleTimeStd=0.001; SleepCycleTimeSum=935.743; SubmitCycleTimeAvg=0.002; SubmitCycleTimeMax=0.330; SubmitCycleTimeMin=0.000; SubmitCycleTimeStd=0.024; SubmitCycleTimeSum=0.330; EventCycleTimeCount=188.000; SleepCycleTimeCount=187.000; SubmitCycleTimeCount=188.000; LogProcessCycleTimeAvg=0.063; LogProcessCycleTimeMax=0.063; LogProcessCycleTimeMin=0.063; LogProcessCycleTimeStd=0.063; LogProcessCycleTimeSum=0.063; LogProcessCycleTimeCount=1.000; ]
07/07/26 23:37:12 **** condor_scheduniv_exec.170503.0 (condor_DAGMAN) pid 707692 EXITING WITH STATUS 2
