07/06/26 18:25:14 ******************************************************
07/06/26 18:25:14 ** condor_scheduniv_exec.170262.0 (CONDOR_DAGMAN) STARTING UP
07/06/26 18:25:14 ** /usr/bin/condor_dagman
07/06/26 18:25:14 ** SubsystemInfo: name=DAGMAN type=DAGMAN(9) class=CLIENT(2)
07/06/26 18:25:14 ** Configuration: subsystem:DAGMAN local:<NONE> class:CLIENT
07/06/26 18:25:14 ** $CondorVersion: 24.12.19 2026-04-15 BuildID: 896241 PackageID: 24.12.19-1+deb12 GitSHA: c68f3e0e $
07/06/26 18:25:14 ** $CondorPlatform: X86_64-Debian_12 $
07/06/26 18:25:14 ** PID = 42716 RealUID = 1620002036
07/06/26 18:25:14 ** Log last touched time unavailable (No such file or directory)
07/06/26 18:25:14 ******************************************************
07/06/26 18:25:14 Using config source: /etc/condor/condor_config
07/06/26 18:25:14 Using local config sources: 
07/06/26 18:25:14    /etc/condor/config.d/01-submit.conf
07/06/26 18:25:14    /etc/condor/config.d/10-stash-plugin.conf
07/06/26 18:25:14    /etc/condor/config.d/23-network.config
07/06/26 18:25:14    /etc/condor/config.d/31-mail.conf
07/06/26 18:25:14    /etc/condor/config.d/35-cc-sync.conf
07/06/26 18:25:14    /etc/condor/config.d/41-periodic-remove.conf
07/06/26 18:25:14    /etc/condor/config.d/49-common.conf
07/06/26 18:25:14    /etc/condor/config.d/52-group-mapping.conf
07/06/26 18:25:14    /etc/condor/config.d/54-container.conf
07/06/26 18:25:14    /etc/condor/config.d/67-submit-transforms.conf
07/06/26 18:25:14    /etc/condor/config.d/71-submit-requirements.conf
07/06/26 18:25:14    /etc/condor/condor_config.local
07/06/26 18:25:14 config Macros = 110, Sorted = 110, StringBytes = 6399, TablesBytes = 4088
07/06/26 18:25:14 CLASSAD_CACHING is ENABLED
07/06/26 18:25:14 Daemon Log is logging: D_ALWAYS D_ERROR D_STATUS
07/06/26 18:25:14 Daemoncore: Listening at <0.0.0.0:14483> on TCP (ReliSock) and UDP (SafeSock).
07/06/26 18:25:14 DaemonCore: command socket at <10.143.248.60:14483?addrs=10.143.248.60-14483&alias=conduit.hpc.uni-saarland.de>
07/06/26 18:25:14 DaemonCore: private command socket at <10.143.248.60:14483?addrs=10.143.248.60-14483&alias=conduit.hpc.uni-saarland.de>
07/06/26 18:25:14 DAGMAN_USE_STRICT setting: 1
07/06/26 18:25:14 DAGMAN_VERBOSITY setting: 3
07/06/26 18:25:14 DAGMAN_DEBUG_CACHE_SIZE setting: 5242880
07/06/26 18:25:14 DAGMAN_DEBUG_CACHE_ENABLE setting: False
07/06/26 18:25:14 DAGMAN_SUBMIT_DELAY setting: 0
07/06/26 18:25:14 DAGMAN_MAX_SUBMIT_ATTEMPTS setting: 6
07/06/26 18:25:14 DAGMAN_STARTUP_CYCLE_DETECT setting: False
07/06/26 18:25:14 DAGMAN_USE_JOIN_NODES setting: True
07/06/26 18:25:14 DAGMAN_REPORT_GRAPH_METRICS setting: False
07/06/26 18:25:14 DAGMAN_MAX_SUBMITS_PER_INTERVAL setting: 100
07/06/26 18:25:14 DAGMAN_AGGRESSIVE_SUBMIT setting: False
07/06/26 18:25:14 DAGMAN_USER_LOG_SCAN_INTERVAL setting: 5
07/06/26 18:25:14 DAGMAN_QUEUE_UPDATE_INTERVAL setting: 300.000000
07/06/26 18:25:14 DAGMAN_DEFAULT_PRIORITY setting: 0
07/06/26 18:25:14 DAGMAN_SUPPRESS_NOTIFICATION setting: False
07/06/26 18:25:14 allow_events (DAGMAN_ALLOW_EVENTS) setting: 114
07/06/26 18:25:14 DAGMAN_RETRY_SUBMIT_FIRST setting: True
07/06/26 18:25:14 DAGMAN_RETRY_NODE_FIRST setting: False
07/06/26 18:25:14 DAGMAN_MAX_JOBS_IDLE setting: 1000
07/06/26 18:25:14 DAGMAN_MAX_JOBS_SUBMITTED setting: 0
07/06/26 18:25:14 DAGMAN_MAX_PRE_SCRIPTS setting: 20
07/06/26 18:25:14 DAGMAN_MAX_POST_SCRIPTS setting: 20
07/06/26 18:25:14 DAGMAN_MAX_HOLD_SCRIPTS setting: 20
07/06/26 18:25:14 DAGMAN_MUNGE_NODE_NAMES setting: True
07/06/26 18:25:14 DAGMAN_ALLOW_ANY_NODE_NAME_CHARACTERS setting: False
07/06/26 18:25:14 DAGMAN_PROHIBIT_MULTI_JOBS setting: False
07/06/26 18:25:14 DAGMAN_SUBMIT_DEPTH_FIRST setting: False
07/06/26 18:25:14 DAGMAN_ALWAYS_RUN_POST setting: False
07/06/26 18:25:14 DAGMAN_CONDOR_SUBMIT_EXE setting: /usr/bin/condor_submit
07/06/26 18:25:14 DAGMAN_CONDOR_RM_EXE setting: /usr/bin/condor_rm
07/06/26 18:25:14 DAGMAN_USE_DIRECT_SUBMIT setting: True
07/06/26 18:25:14 DAGMAN_PRODUCE_JOB_CREDENTIALS setting: True
07/06/26 18:25:14 DAGMAN_DEFAULT_APPEND_VARS setting: False
07/06/26 18:25:14 DAGMAN_INHERIT_ATTRS_PREFIX setting: 
07/06/26 18:25:14 DAGMAN_INHERIT_ATTRS setting: 
07/06/26 18:25:14 DAGMAN_ABORT_DUPLICATES setting: True
07/06/26 18:25:14 DAGMAN_ABORT_ON_SCARY_SUBMIT setting: True
07/06/26 18:25:14 DAGMAN_PENDING_REPORT_INTERVAL setting: 600
07/06/26 18:25:14 DAGMAN_CHECK_QUEUE_INTERVAL setting: 28800
07/06/26 18:25:14 DAGMAN_PRINT_JOB_TABLE_INTERVAL setting: 900
07/06/26 18:25:14 DAGMAN_AUTO_RESCUE setting: True
07/06/26 18:25:14 DAGMAN_MAX_RESCUE_NUM setting: 100
07/06/26 18:25:14 DAGMAN_WRITE_PARTIAL_RESCUE setting: True
07/06/26 18:25:14 DAGMAN_RESET_RETRIES_UPON_RESCUE setting: True
07/06/26 18:25:14 DAGMAN_METRICS_FILE_VERSION setting: 2
07/06/26 18:25:14 DAGMAN_DEFAULT_NODE_LOG setting: @(DAG_DIR)/@(DAG_FILE).nodes.log
07/06/26 18:25:14 DAGMAN_LOG_ON_NFS_IS_ERROR setting: False
07/06/26 18:25:14 DAGMAN_GENERATE_SUBDAG_SUBMITS setting: True
07/06/26 18:25:14 DAGMAN_MAX_JOB_HOLDS setting: 100
07/06/26 18:25:14 DAGMAN_NODE_JOB_FAILURE_TOLERANCE setting: 0
07/06/26 18:25:14 DAGMAN_HOLD_CLAIM_TIME setting: 20
07/06/26 18:25:14 DAGMAN_SUPPRESS_JOB_LOGS setting: False
07/06/26 18:25:14 DAGMAN_REMOVE_NODE_JOBS setting: True
07/06/26 18:25:14 DAGMAN_PUT_FAILED_JOBS_ON_HOLD setting: False
07/06/26 18:25:14 DAGMAN_REMOVE_JOBS_AFTER_LIMIT_CHANGE setting: False
07/06/26 18:25:14 DAGMAN will adjust edges after parsing
07/06/26 18:25:14 argv[0] == "condor_scheduniv_exec.170262.0"
07/06/26 18:25:14 argv[1] == "-Lockfile"
07/06/26 18:25:14 argv[2] == "one_way_line_det_one_way_line_60_30_action_shield.dag.lock"
07/06/26 18:25:14 argv[3] == "-Dag"
07/06/26 18:25:14 argv[4] == "one_way_line_det_one_way_line_60_30_action_shield.dag"
07/06/26 18:25:14 argv[5] == "-CsdVersion"
07/06/26 18:25:14 argv[6] == "$CondorVersion: 24.12.19 2026-04-15 BuildID: 896241 PackageID: 24.12.19-1+deb12 GitSHA: c68f3e0e $"
07/06/26 18:25:14 argv[7] == "-dagman"
07/06/26 18:25:14 argv[8] == "/usr/bin/condor_dagman"
07/06/26 18:25:14 argv[9] == "-AutoRescue"
07/06/26 18:25:14 argv[10] == "1"
07/06/26 18:25:14 argv[11] == "-DoRescueFrom"
07/06/26 18:25:14 argv[12] == "0"
07/06/26 18:25:14 Can't open directory "/etc/condor/passwords.d" as PRIV_ROOT, errno: 13 (Permission denied)
07/06/26 18:25:14 Can't open directory "/etc/condor/passwords.d" as PRIV_ROOT, errno: 13 (Permission denied)
07/06/26 18:25:14 Workflow batch-id: <170262.0>
07/06/26 18:25:14 Workflow batch-name: <one_way_line_det_one_way_line_60_30_action_shield.dag+170262>
07/06/26 18:25:14 Workflow accounting_group: <teaching>
07/06/26 18:25:14 Workflow accounting_group_user: <atml_team041>
07/06/26 18:25:14 Warning: failed to get attribute DAGNodeName
07/06/26 18:25:14 Default node log file is: </home/atml_team041/condor_tutorial/jani_env/experiments/repair_wo_domain/submissions/action_shield/one_way_line_det/./one_way_line_det_one_way_line_60_30_action_shield.dag.nodes.log>
07/06/26 18:25:14 DAG Lockfile will be written to one_way_line_det_one_way_line_60_30_action_shield.dag.lock
07/06/26 18:25:14 DAG Input file is one_way_line_det_one_way_line_60_30_action_shield.dag
07/06/26 18:25:14 Parsing 1 dagfiles
07/06/26 18:25:14 Parsing one_way_line_det_one_way_line_60_30_action_shield.dag ...
07/06/26 18:25:14 Adjusting edges
07/06/26 18:25:14 Dag contains 5 total nodes
07/06/26 18:25:14 Bootstrapping...
07/06/26 18:25:14 Number of pre-completed nodes: 0
07/06/26 18:25:14 MultiLogFiles: truncating log file /home/atml_team041/condor_tutorial/jani_env/experiments/repair_wo_domain/submissions/action_shield/one_way_line_det/./one_way_line_det_one_way_line_60_30_action_shield.dag.nodes.log
07/06/26 18:25:14 DAG status: 0 (DAG_STATUS_OK)
07/06/26 18:25:14 Of 5 nodes total:
07/06/26 18:25:14  Done     Pre   Queued    Post   Ready   Un-Ready   Failed   Futile
07/06/26 18:25:14   ===     ===      ===     ===     ===        ===      ===      ===
07/06/26 18:25:14     0       0        0       0       1          4        0        0
07/06/26 18:25:14 0 job proc(s) currently held
07/06/26 18:25:14 DAGMan Runtime Statistics: [EventCycleTimeSum=0.000; SleepCycleTimeSum=0.000; SubmitCycleTimeSum=0.000; EventCycleTimeCount=0.000; SleepCycleTimeCount=0.000; SubmitCycleTimeCount=0.000; LogProcessCycleTimeSum=0.000; LogProcessCycleTimeCount=0.000; ]
07/06/26 18:25:14 Registering condor_event_timer...
07/06/26 18:25:15 Submitting HTCondor Node COLLECT job(s)...
07/06/26 18:25:15 Submitting node COLLECT from file one_way_line_det_one_way_line_60_30_action_shield_collect.sub using direct job submission
07/06/26 18:25:16 	assigned HTCondor ID (170271.0.0)
07/06/26 18:25:16 Just submitted 1 job this cycle...
07/06/26 18:25:16 DAG status: 0 (DAG_STATUS_OK)
07/06/26 18:25:16 Of 5 nodes total:
07/06/26 18:25:16  Done     Pre   Queued    Post   Ready   Un-Ready   Failed   Futile
07/06/26 18:25:16   ===     ===      ===     ===     ===        ===      ===      ===
07/06/26 18:25:16     0       0        1       0       0          4        0        0
07/06/26 18:25:16 0 job proc(s) currently held
07/06/26 18:25:16 DAGMan Runtime Statistics: [EventCycleTimeSum=0.000; SleepCycleTimeSum=0.000; SubmitCycleTimeAvg=0.701; SubmitCycleTimeMax=0.701; SubmitCycleTimeMin=0.701; SubmitCycleTimeStd=0.701; SubmitCycleTimeSum=0.701; EventCycleTimeCount=0.000; SleepCycleTimeCount=0.000; SubmitCycleTimeCount=1.000; LogProcessCycleTimeSum=0.000; LogProcessCycleTimeCount=0.000; ]
07/06/26 18:25:21 Currently monitoring 1 HTCondor log file(s)
07/06/26 18:25:21 Reassigning the id of job COLLECT from (170271.0.0) to (170271.0.0)
07/06/26 18:25:21 Event: ULOG_SUBMIT for HTCondor Node COLLECT (170271.0.0) {07/06/26 18:25:15}
07/06/26 18:25:21 Number of idle job procs: 1
07/06/26 18:25:21 Reassigning the id of job COLLECT from (170271.0.0) to (170271.1.0)
07/06/26 18:25:21 Event: ULOG_SUBMIT for HTCondor Node COLLECT (170271.1.0) {07/06/26 18:25:15}
07/06/26 18:25:21 Number of idle job procs: 2
07/06/26 18:25:21 Reassigning the id of job COLLECT from (170271.1.0) to (170271.10.0)
07/06/26 18:25:21 Event: ULOG_SUBMIT for HTCondor Node COLLECT (170271.10.0) {07/06/26 18:25:15}
07/06/26 18:25:21 Number of idle job procs: 3
07/06/26 18:25:21 Reassigning the id of job COLLECT from (170271.10.0) to (170271.11.0)
07/06/26 18:25:21 Event: ULOG_SUBMIT for HTCondor Node COLLECT (170271.11.0) {07/06/26 18:25:15}
07/06/26 18:25:21 Number of idle job procs: 4
07/06/26 18:25:21 Reassigning the id of job COLLECT from (170271.11.0) to (170271.12.0)
07/06/26 18:25:21 Event: ULOG_SUBMIT for HTCondor Node COLLECT (170271.12.0) {07/06/26 18:25:16}
07/06/26 18:25:21 Number of idle job procs: 5
07/06/26 18:25:21 Reassigning the id of job COLLECT from (170271.12.0) to (170271.13.0)
07/06/26 18:25:21 Event: ULOG_SUBMIT for HTCondor Node COLLECT (170271.13.0) {07/06/26 18:25:16}
07/06/26 18:25:21 Number of idle job procs: 6
07/06/26 18:25:21 Reassigning the id of job COLLECT from (170271.13.0) to (170271.14.0)
07/06/26 18:25:21 Event: ULOG_SUBMIT for HTCondor Node COLLECT (170271.14.0) {07/06/26 18:25:16}
07/06/26 18:25:21 Number of idle job procs: 7
07/06/26 18:25:21 Reassigning the id of job COLLECT from (170271.14.0) to (170271.15.0)
07/06/26 18:25:21 Event: ULOG_SUBMIT for HTCondor Node COLLECT (170271.15.0) {07/06/26 18:25:16}
07/06/26 18:25:21 Number of idle job procs: 8
07/06/26 18:25:21 Reassigning the id of job COLLECT from (170271.15.0) to (170271.16.0)
07/06/26 18:25:21 Event: ULOG_SUBMIT for HTCondor Node COLLECT (170271.16.0) {07/06/26 18:25:16}
07/06/26 18:25:21 Number of idle job procs: 9
07/06/26 18:25:21 Reassigning the id of job COLLECT from (170271.16.0) to (170271.17.0)
07/06/26 18:25:21 Event: ULOG_SUBMIT for HTCondor Node COLLECT (170271.17.0) {07/06/26 18:25:16}
07/06/26 18:25:21 Number of idle job procs: 10
07/06/26 18:25:21 Reassigning the id of job COLLECT from (170271.17.0) to (170271.18.0)
07/06/26 18:25:21 Event: ULOG_SUBMIT for HTCondor Node COLLECT (170271.18.0) {07/06/26 18:25:16}
07/06/26 18:25:21 Number of idle job procs: 11
07/06/26 18:25:21 Reassigning the id of job COLLECT from (170271.18.0) to (170271.19.0)
07/06/26 18:25:21 Event: ULOG_SUBMIT for HTCondor Node COLLECT (170271.19.0) {07/06/26 18:25:16}
07/06/26 18:25:21 Number of idle job procs: 12
07/06/26 18:25:21 Reassigning the id of job COLLECT from (170271.19.0) to (170271.2.0)
07/06/26 18:25:21 Event: ULOG_SUBMIT for HTCondor Node COLLECT (170271.2.0) {07/06/26 18:25:16}
07/06/26 18:25:21 Number of idle job procs: 13
07/06/26 18:25:21 Reassigning the id of job COLLECT from (170271.2.0) to (170271.20.0)
07/06/26 18:25:21 Event: ULOG_SUBMIT for HTCondor Node COLLECT (170271.20.0) {07/06/26 18:25:16}
07/06/26 18:25:21 Number of idle job procs: 14
07/06/26 18:25:21 Reassigning the id of job COLLECT from (170271.20.0) to (170271.21.0)
07/06/26 18:25:21 Event: ULOG_SUBMIT for HTCondor Node COLLECT (170271.21.0) {07/06/26 18:25:16}
07/06/26 18:25:21 Number of idle job procs: 15
07/06/26 18:25:21 Reassigning the id of job COLLECT from (170271.21.0) to (170271.22.0)
07/06/26 18:25:21 Event: ULOG_SUBMIT for HTCondor Node COLLECT (170271.22.0) {07/06/26 18:25:16}
07/06/26 18:25:21 Number of idle job procs: 16
07/06/26 18:25:21 Reassigning the id of job COLLECT from (170271.22.0) to (170271.23.0)
07/06/26 18:25:21 Event: ULOG_SUBMIT for HTCondor Node COLLECT (170271.23.0) {07/06/26 18:25:16}
07/06/26 18:25:21 Number of idle job procs: 17
07/06/26 18:25:21 Reassigning the id of job COLLECT from (170271.23.0) to (170271.24.0)
07/06/26 18:25:21 Event: ULOG_SUBMIT for HTCondor Node COLLECT (170271.24.0) {07/06/26 18:25:16}
07/06/26 18:25:21 Number of idle job procs: 18
07/06/26 18:25:21 Reassigning the id of job COLLECT from (170271.24.0) to (170271.25.0)
07/06/26 18:25:21 Event: ULOG_SUBMIT for HTCondor Node COLLECT (170271.25.0) {07/06/26 18:25:16}
07/06/26 18:25:21 Number of idle job procs: 19
07/06/26 18:25:21 Reassigning the id of job COLLECT from (170271.25.0) to (170271.26.0)
07/06/26 18:25:21 Event: ULOG_SUBMIT for HTCondor Node COLLECT (170271.26.0) {07/06/26 18:25:16}
07/06/26 18:25:21 Number of idle job procs: 20
07/06/26 18:25:21 Reassigning the id of job COLLECT from (170271.26.0) to (170271.27.0)
07/06/26 18:25:21 Event: ULOG_SUBMIT for HTCondor Node COLLECT (170271.27.0) {07/06/26 18:25:16}
07/06/26 18:25:21 Number of idle job procs: 21
07/06/26 18:25:21 Reassigning the id of job COLLECT from (170271.27.0) to (170271.28.0)
07/06/26 18:25:21 Event: ULOG_SUBMIT for HTCondor Node COLLECT (170271.28.0) {07/06/26 18:25:16}
07/06/26 18:25:21 Number of idle job procs: 22
07/06/26 18:25:21 Reassigning the id of job COLLECT from (170271.28.0) to (170271.29.0)
07/06/26 18:25:21 Event: ULOG_SUBMIT for HTCondor Node COLLECT (170271.29.0) {07/06/26 18:25:16}
07/06/26 18:25:21 Number of idle job procs: 23
07/06/26 18:25:21 Reassigning the id of job COLLECT from (170271.29.0) to (170271.3.0)
07/06/26 18:25:21 Event: ULOG_SUBMIT for HTCondor Node COLLECT (170271.3.0) {07/06/26 18:25:16}
07/06/26 18:25:21 Number of idle job procs: 24
07/06/26 18:25:21 Reassigning the id of job COLLECT from (170271.3.0) to (170271.30.0)
07/06/26 18:25:21 Event: ULOG_SUBMIT for HTCondor Node COLLECT (170271.30.0) {07/06/26 18:25:16}
07/06/26 18:25:21 Number of idle job procs: 25
07/06/26 18:25:21 Reassigning the id of job COLLECT from (170271.30.0) to (170271.31.0)
07/06/26 18:25:21 Event: ULOG_SUBMIT for HTCondor Node COLLECT (170271.31.0) {07/06/26 18:25:16}
07/06/26 18:25:21 Number of idle job procs: 26
07/06/26 18:25:21 Reassigning the id of job COLLECT from (170271.31.0) to (170271.32.0)
07/06/26 18:25:21 Event: ULOG_SUBMIT for HTCondor Node COLLECT (170271.32.0) {07/06/26 18:25:16}
07/06/26 18:25:21 Number of idle job procs: 27
07/06/26 18:25:21 Reassigning the id of job COLLECT from (170271.32.0) to (170271.33.0)
07/06/26 18:25:21 Event: ULOG_SUBMIT for HTCondor Node COLLECT (170271.33.0) {07/06/26 18:25:16}
07/06/26 18:25:21 Number of idle job procs: 28
07/06/26 18:25:21 Reassigning the id of job COLLECT from (170271.33.0) to (170271.34.0)
07/06/26 18:25:21 Event: ULOG_SUBMIT for HTCondor Node COLLECT (170271.34.0) {07/06/26 18:25:16}
07/06/26 18:25:21 Number of idle job procs: 29
07/06/26 18:25:21 Reassigning the id of job COLLECT from (170271.34.0) to (170271.35.0)
07/06/26 18:25:21 Event: ULOG_SUBMIT for HTCondor Node COLLECT (170271.35.0) {07/06/26 18:25:16}
07/06/26 18:25:21 Number of idle job procs: 30
07/06/26 18:25:21 Reassigning the id of job COLLECT from (170271.35.0) to (170271.36.0)
07/06/26 18:25:21 Event: ULOG_SUBMIT for HTCondor Node COLLECT (170271.36.0) {07/06/26 18:25:16}
07/06/26 18:25:21 Number of idle job procs: 31
07/06/26 18:25:21 Reassigning the id of job COLLECT from (170271.36.0) to (170271.37.0)
07/06/26 18:25:21 Event: ULOG_SUBMIT for HTCondor Node COLLECT (170271.37.0) {07/06/26 18:25:16}
07/06/26 18:25:21 Number of idle job procs: 32
07/06/26 18:25:21 Reassigning the id of job COLLECT from (170271.37.0) to (170271.38.0)
07/06/26 18:25:21 Event: ULOG_SUBMIT for HTCondor Node COLLECT (170271.38.0) {07/06/26 18:25:16}
07/06/26 18:25:21 Number of idle job procs: 33
07/06/26 18:25:21 Reassigning the id of job COLLECT from (170271.38.0) to (170271.39.0)
07/06/26 18:25:21 Event: ULOG_SUBMIT for HTCondor Node COLLECT (170271.39.0) {07/06/26 18:25:16}
07/06/26 18:25:21 Number of idle job procs: 34
07/06/26 18:25:21 Reassigning the id of job COLLECT from (170271.39.0) to (170271.4.0)
07/06/26 18:25:21 Event: ULOG_SUBMIT for HTCondor Node COLLECT (170271.4.0) {07/06/26 18:25:16}
07/06/26 18:25:21 Number of idle job procs: 35
07/06/26 18:25:21 Reassigning the id of job COLLECT from (170271.4.0) to (170271.5.0)
07/06/26 18:25:21 Event: ULOG_SUBMIT for HTCondor Node COLLECT (170271.5.0) {07/06/26 18:25:16}
07/06/26 18:25:21 Number of idle job procs: 36
07/06/26 18:25:21 Reassigning the id of job COLLECT from (170271.5.0) to (170271.6.0)
07/06/26 18:25:21 Event: ULOG_SUBMIT for HTCondor Node COLLECT (170271.6.0) {07/06/26 18:25:16}
07/06/26 18:25:21 Number of idle job procs: 37
07/06/26 18:25:21 Reassigning the id of job COLLECT from (170271.6.0) to (170271.7.0)
07/06/26 18:25:21 Event: ULOG_SUBMIT for HTCondor Node COLLECT (170271.7.0) {07/06/26 18:25:16}
07/06/26 18:25:21 Number of idle job procs: 38
07/06/26 18:25:21 Reassigning the id of job COLLECT from (170271.7.0) to (170271.8.0)
07/06/26 18:25:21 Event: ULOG_SUBMIT for HTCondor Node COLLECT (170271.8.0) {07/06/26 18:25:16}
07/06/26 18:25:21 Number of idle job procs: 39
07/06/26 18:25:21 Reassigning the id of job COLLECT from (170271.8.0) to (170271.9.0)
07/06/26 18:25:21 Event: ULOG_SUBMIT for HTCondor Node COLLECT (170271.9.0) {07/06/26 18:25:16}
07/06/26 18:25:21 Number of idle job procs: 40
07/06/26 18:35:21 600 seconds since last log event
07/06/26 18:35:21 Pending DAG nodes:
07/06/26 18:35:21   Node COLLECT, HTCondor ID 170271, status STATUS_SUBMITTED
07/06/26 18:40:17 Total jobs placed to AP: 40
07/06/26 18:40:17      Idle     Held     Running     Successful     Failed
07/06/26 18:40:17       ===      ===         ===            ===        ===
07/06/26 18:40:17        40        0           0              0          0
07/06/26 18:45:22 1201 seconds since last log event
07/06/26 18:45:22 Pending DAG nodes:
07/06/26 18:45:22   Node COLLECT, HTCondor ID 170271, status STATUS_SUBMITTED
07/06/26 18:55:17 Total jobs placed to AP: 40
07/06/26 18:55:17      Idle     Held     Running     Successful     Failed
07/06/26 18:55:17       ===      ===         ===            ===        ===
07/06/26 18:55:17        40        0           0              0          0
07/06/26 18:55:22 1801 seconds since last log event
07/06/26 18:55:22 Pending DAG nodes:
07/06/26 18:55:22   Node COLLECT, HTCondor ID 170271, status STATUS_SUBMITTED
07/06/26 19:05:23 2402 seconds since last log event
07/06/26 19:05:23 Pending DAG nodes:
07/06/26 19:05:23   Node COLLECT, HTCondor ID 170271, status STATUS_SUBMITTED
07/06/26 19:10:18 Total jobs placed to AP: 40
07/06/26 19:10:18      Idle     Held     Running     Successful     Failed
07/06/26 19:10:18       ===      ===         ===            ===        ===
07/06/26 19:10:18        40        0           0              0          0
07/06/26 19:15:23 3002 seconds since last log event
07/06/26 19:15:23 Pending DAG nodes:
07/06/26 19:15:23   Node COLLECT, HTCondor ID 170271, status STATUS_SUBMITTED
07/06/26 19:25:19 Total jobs placed to AP: 40
07/06/26 19:25:19      Idle     Held     Running     Successful     Failed
07/06/26 19:25:19       ===      ===         ===            ===        ===
07/06/26 19:25:19        40        0           0              0          0
07/06/26 19:25:24 3603 seconds since last log event
07/06/26 19:25:24 Pending DAG nodes:
07/06/26 19:25:24   Node COLLECT, HTCondor ID 170271, status STATUS_SUBMITTED
07/06/26 19:35:24 4203 seconds since last log event
07/06/26 19:35:24 Pending DAG nodes:
07/06/26 19:35:24   Node COLLECT, HTCondor ID 170271, status STATUS_SUBMITTED
07/06/26 19:40:20 Total jobs placed to AP: 40
07/06/26 19:40:20      Idle     Held     Running     Successful     Failed
07/06/26 19:40:20       ===      ===         ===            ===        ===
07/06/26 19:40:20        40        0           0              0          0
07/06/26 19:45:25 4804 seconds since last log event
07/06/26 19:45:25 Pending DAG nodes:
07/06/26 19:45:25   Node COLLECT, HTCondor ID 170271, status STATUS_SUBMITTED
07/06/26 19:55:21 Total jobs placed to AP: 40
07/06/26 19:55:21      Idle     Held     Running     Successful     Failed
07/06/26 19:55:21       ===      ===         ===            ===        ===
07/06/26 19:55:21        40        0           0              0          0
07/06/26 19:55:26 5405 seconds since last log event
07/06/26 19:55:26 Pending DAG nodes:
07/06/26 19:55:26   Node COLLECT, HTCondor ID 170271, status STATUS_SUBMITTED
07/06/26 20:05:26 6005 seconds since last log event
07/06/26 20:05:26 Pending DAG nodes:
07/06/26 20:05:26   Node COLLECT, HTCondor ID 170271, status STATUS_SUBMITTED
07/06/26 20:10:21 Total jobs placed to AP: 40
07/06/26 20:10:21      Idle     Held     Running     Successful     Failed
07/06/26 20:10:21       ===      ===         ===            ===        ===
07/06/26 20:10:21        40        0           0              0          0
07/06/26 20:15:27 6606 seconds since last log event
07/06/26 20:15:27 Pending DAG nodes:
07/06/26 20:15:27   Node COLLECT, HTCondor ID 170271, status STATUS_SUBMITTED
07/06/26 20:25:22 Total jobs placed to AP: 40
07/06/26 20:25:22      Idle     Held     Running     Successful     Failed
07/06/26 20:25:22       ===      ===         ===            ===        ===
07/06/26 20:25:22        40        0           0              0          0
07/06/26 20:25:27 7206 seconds since last log event
07/06/26 20:25:27 Pending DAG nodes:
07/06/26 20:25:27   Node COLLECT, HTCondor ID 170271, status STATUS_SUBMITTED
07/06/26 20:35:28 7807 seconds since last log event
07/06/26 20:35:28 Pending DAG nodes:
07/06/26 20:35:28   Node COLLECT, HTCondor ID 170271, status STATUS_SUBMITTED
07/06/26 20:40:23 Total jobs placed to AP: 40
07/06/26 20:40:23      Idle     Held     Running     Successful     Failed
07/06/26 20:40:23       ===      ===         ===            ===        ===
07/06/26 20:40:23        40        0           0              0          0
07/06/26 20:45:28 8407 seconds since last log event
07/06/26 20:45:28 Pending DAG nodes:
07/06/26 20:45:28   Node COLLECT, HTCondor ID 170271, status STATUS_SUBMITTED
07/06/26 20:55:24 Total jobs placed to AP: 40
07/06/26 20:55:24      Idle     Held     Running     Successful     Failed
07/06/26 20:55:24       ===      ===         ===            ===        ===
07/06/26 20:55:24        40        0           0              0          0
07/06/26 20:55:29 9008 seconds since last log event
07/06/26 20:55:29 Pending DAG nodes:
07/06/26 20:55:29   Node COLLECT, HTCondor ID 170271, status STATUS_SUBMITTED
07/06/26 21:05:29 9608 seconds since last log event
07/06/26 21:05:29 Pending DAG nodes:
07/06/26 21:05:29   Node COLLECT, HTCondor ID 170271, status STATUS_SUBMITTED
07/06/26 21:10:25 Total jobs placed to AP: 40
07/06/26 21:10:25      Idle     Held     Running     Successful     Failed
07/06/26 21:10:25       ===      ===         ===            ===        ===
07/06/26 21:10:25        40        0           0              0          0
07/06/26 21:15:30 10209 seconds since last log event
07/06/26 21:15:30 Pending DAG nodes:
07/06/26 21:15:30   Node COLLECT, HTCondor ID 170271, status STATUS_SUBMITTED
07/06/26 21:25:25 Total jobs placed to AP: 40
07/06/26 21:25:25      Idle     Held     Running     Successful     Failed
07/06/26 21:25:25       ===      ===         ===            ===        ===
07/06/26 21:25:25        40        0           0              0          0
07/06/26 21:25:30 10809 seconds since last log event
07/06/26 21:25:30 Pending DAG nodes:
07/06/26 21:25:30   Node COLLECT, HTCondor ID 170271, status STATUS_SUBMITTED
07/06/26 21:35:31 11410 seconds since last log event
07/06/26 21:35:31 Pending DAG nodes:
07/06/26 21:35:31   Node COLLECT, HTCondor ID 170271, status STATUS_SUBMITTED
07/06/26 21:40:26 Total jobs placed to AP: 40
07/06/26 21:40:26      Idle     Held     Running     Successful     Failed
07/06/26 21:40:26       ===      ===         ===            ===        ===
07/06/26 21:40:26        40        0           0              0          0
07/06/26 21:45:31 12010 seconds since last log event
07/06/26 21:45:31 Pending DAG nodes:
07/06/26 21:45:31   Node COLLECT, HTCondor ID 170271, status STATUS_SUBMITTED
07/06/26 21:55:27 Total jobs placed to AP: 40
07/06/26 21:55:27      Idle     Held     Running     Successful     Failed
07/06/26 21:55:27       ===      ===         ===            ===        ===
07/06/26 21:55:27        40        0           0              0          0
07/06/26 21:55:32 12611 seconds since last log event
07/06/26 21:55:32 Pending DAG nodes:
07/06/26 21:55:32   Node COLLECT, HTCondor ID 170271, status STATUS_SUBMITTED
07/06/26 22:05:33 13212 seconds since last log event
07/06/26 22:05:33 Pending DAG nodes:
07/06/26 22:05:33   Node COLLECT, HTCondor ID 170271, status STATUS_SUBMITTED
07/06/26 22:10:28 Total jobs placed to AP: 40
07/06/26 22:10:28      Idle     Held     Running     Successful     Failed
07/06/26 22:10:28       ===      ===         ===            ===        ===
07/06/26 22:10:28        40        0           0              0          0
07/06/26 22:15:33 13812 seconds since last log event
07/06/26 22:15:33 Pending DAG nodes:
07/06/26 22:15:33   Node COLLECT, HTCondor ID 170271, status STATUS_SUBMITTED
07/06/26 22:25:29 Total jobs placed to AP: 40
07/06/26 22:25:29      Idle     Held     Running     Successful     Failed
07/06/26 22:25:29       ===      ===         ===            ===        ===
07/06/26 22:25:29        40        0           0              0          0
07/06/26 22:25:34 14413 seconds since last log event
07/06/26 22:25:34 Pending DAG nodes:
07/06/26 22:25:34   Node COLLECT, HTCondor ID 170271, status STATUS_SUBMITTED
07/06/26 22:35:35 15014 seconds since last log event
07/06/26 22:35:41 Pending DAG nodes:
07/06/26 22:35:41   Node COLLECT, HTCondor ID 170271, status STATUS_SUBMITTED
07/06/26 22:40:33 Total jobs placed to AP: 40
07/06/26 22:40:39      Idle     Held     Running     Successful     Failed
07/06/26 22:40:39       ===      ===         ===            ===        ===
07/06/26 22:40:39        40        0           0              0          0
07/06/26 22:45:35 15614 seconds since last log event
07/06/26 22:45:35 Pending DAG nodes:
07/06/26 22:45:35   Node COLLECT, HTCondor ID 170271, status STATUS_SUBMITTED
07/06/26 22:55:35 16214 seconds since last log event
07/06/26 22:55:35 Pending DAG nodes:
07/06/26 22:55:35   Node COLLECT, HTCondor ID 170271, status STATUS_SUBMITTED
07/06/26 22:55:40 Total jobs placed to AP: 40
07/06/26 22:55:40      Idle     Held     Running     Successful     Failed
07/06/26 22:55:40       ===      ===         ===            ===        ===
07/06/26 22:55:40        40        0           0              0          0
07/06/26 23:05:36 16815 seconds since last log event
07/06/26 23:05:36 Pending DAG nodes:
07/06/26 23:05:36   Node COLLECT, HTCondor ID 170271, status STATUS_SUBMITTED
07/06/26 23:10:41 Total jobs placed to AP: 40
07/06/26 23:10:41      Idle     Held     Running     Successful     Failed
07/06/26 23:10:41       ===      ===         ===            ===        ===
07/06/26 23:10:41        40        0           0              0          0
07/06/26 23:15:36 17415 seconds since last log event
07/06/26 23:15:36 Pending DAG nodes:
07/06/26 23:15:36   Node COLLECT, HTCondor ID 170271, status STATUS_SUBMITTED
07/06/26 23:25:37 18016 seconds since last log event
07/06/26 23:25:37 Pending DAG nodes:
07/06/26 23:25:37   Node COLLECT, HTCondor ID 170271, status STATUS_SUBMITTED
07/06/26 23:25:42 Total jobs placed to AP: 40
07/06/26 23:25:42      Idle     Held     Running     Successful     Failed
07/06/26 23:25:42       ===      ===         ===            ===        ===
07/06/26 23:25:42        40        0           0              0          0
07/06/26 23:35:37 18616 seconds since last log event
07/06/26 23:35:37 Pending DAG nodes:
07/06/26 23:35:37   Node COLLECT, HTCondor ID 170271, status STATUS_SUBMITTED
07/06/26 23:40:42 Total jobs placed to AP: 40
07/06/26 23:40:42      Idle     Held     Running     Successful     Failed
07/06/26 23:40:42       ===      ===         ===            ===        ===
07/06/26 23:40:42        40        0           0              0          0
07/06/26 23:45:38 19217 seconds since last log event
07/06/26 23:45:38 Pending DAG nodes:
07/06/26 23:45:38   Node COLLECT, HTCondor ID 170271, status STATUS_SUBMITTED
07/06/26 23:55:38 19817 seconds since last log event
07/06/26 23:55:38 Pending DAG nodes:
07/06/26 23:55:38   Node COLLECT, HTCondor ID 170271, status STATUS_SUBMITTED
07/06/26 23:55:43 Total jobs placed to AP: 40
07/06/26 23:55:43      Idle     Held     Running     Successful     Failed
07/06/26 23:55:43       ===      ===         ===            ===        ===
07/06/26 23:55:43        40        0           0              0          0
07/07/26 00:05:39 20418 seconds since last log event
07/07/26 00:05:39 Pending DAG nodes:
07/07/26 00:05:39   Node COLLECT, HTCondor ID 170271, status STATUS_SUBMITTED
07/07/26 00:10:44 Total jobs placed to AP: 40
07/07/26 00:10:44      Idle     Held     Running     Successful     Failed
07/07/26 00:10:44       ===      ===         ===            ===        ===
07/07/26 00:10:44        40        0           0              0          0
07/07/26 00:15:39 21018 seconds since last log event
07/07/26 00:15:39 Pending DAG nodes:
07/07/26 00:15:39   Node COLLECT, HTCondor ID 170271, status STATUS_SUBMITTED
07/07/26 00:25:40 21619 seconds since last log event
07/07/26 00:25:40 Pending DAG nodes:
07/07/26 00:25:40   Node COLLECT, HTCondor ID 170271, status STATUS_SUBMITTED
07/07/26 00:25:45 Total jobs placed to AP: 40
07/07/26 00:25:45      Idle     Held     Running     Successful     Failed
07/07/26 00:25:45       ===      ===         ===            ===        ===
07/07/26 00:25:45        40        0           0              0          0
07/07/26 00:35:40 22219 seconds since last log event
07/07/26 00:35:40 Pending DAG nodes:
07/07/26 00:35:40   Node COLLECT, HTCondor ID 170271, status STATUS_SUBMITTED
07/07/26 00:40:46 Total jobs placed to AP: 40
07/07/26 00:40:46      Idle     Held     Running     Successful     Failed
07/07/26 00:40:46       ===      ===         ===            ===        ===
07/07/26 00:40:46        40        0           0              0          0
07/07/26 00:45:41 22820 seconds since last log event
07/07/26 00:45:41 Pending DAG nodes:
07/07/26 00:45:41   Node COLLECT, HTCondor ID 170271, status STATUS_SUBMITTED
07/07/26 00:55:41 23420 seconds since last log event
07/07/26 00:55:41 Pending DAG nodes:
07/07/26 00:55:41   Node COLLECT, HTCondor ID 170271, status STATUS_SUBMITTED
07/07/26 00:55:46 Total jobs placed to AP: 40
07/07/26 00:55:46      Idle     Held     Running     Successful     Failed
07/07/26 00:55:46       ===      ===         ===            ===        ===
07/07/26 00:55:46        40        0           0              0          0
07/07/26 01:05:42 24021 seconds since last log event
07/07/26 01:05:42 Pending DAG nodes:
07/07/26 01:05:42   Node COLLECT, HTCondor ID 170271, status STATUS_SUBMITTED
07/07/26 01:10:47 Total jobs placed to AP: 40
07/07/26 01:10:47      Idle     Held     Running     Successful     Failed
07/07/26 01:10:47       ===      ===         ===            ===        ===
07/07/26 01:10:47        40        0           0              0          0
07/07/26 01:15:42 24621 seconds since last log event
07/07/26 01:15:42 Pending DAG nodes:
07/07/26 01:15:42   Node COLLECT, HTCondor ID 170271, status STATUS_SUBMITTED
07/07/26 01:25:43 25222 seconds since last log event
07/07/26 01:25:43 Pending DAG nodes:
07/07/26 01:25:43   Node COLLECT, HTCondor ID 170271, status STATUS_SUBMITTED
07/07/26 01:25:48 Total jobs placed to AP: 40
07/07/26 01:25:48      Idle     Held     Running     Successful     Failed
07/07/26 01:25:48       ===      ===         ===            ===        ===
07/07/26 01:25:48        40        0           0              0          0
07/07/26 01:35:43 25822 seconds since last log event
07/07/26 01:35:43 Pending DAG nodes:
07/07/26 01:35:43   Node COLLECT, HTCondor ID 170271, status STATUS_SUBMITTED
07/07/26 01:40:49 Total jobs placed to AP: 40
07/07/26 01:40:49      Idle     Held     Running     Successful     Failed
07/07/26 01:40:49       ===      ===         ===            ===        ===
07/07/26 01:40:49        40        0           0              0          0
07/07/26 01:45:44 26423 seconds since last log event
07/07/26 01:45:44 Pending DAG nodes:
07/07/26 01:45:44   Node COLLECT, HTCondor ID 170271, status STATUS_SUBMITTED
07/07/26 01:55:45 27024 seconds since last log event
07/07/26 01:55:45 Pending DAG nodes:
07/07/26 01:55:45   Node COLLECT, HTCondor ID 170271, status STATUS_SUBMITTED
07/07/26 01:55:50 Total jobs placed to AP: 40
07/07/26 01:55:50      Idle     Held     Running     Successful     Failed
07/07/26 01:55:50       ===      ===         ===            ===        ===
07/07/26 01:55:50        40        0           0              0          0
07/07/26 02:05:45 27624 seconds since last log event
07/07/26 02:05:45 Pending DAG nodes:
07/07/26 02:05:45   Node COLLECT, HTCondor ID 170271, status STATUS_SUBMITTED
07/07/26 02:10:50 Total jobs placed to AP: 40
07/07/26 02:10:50      Idle     Held     Running     Successful     Failed
07/07/26 02:10:50       ===      ===         ===            ===        ===
07/07/26 02:10:50        40        0           0              0          0
07/07/26 02:15:46 28225 seconds since last log event
07/07/26 02:15:46 Pending DAG nodes:
07/07/26 02:15:46   Node COLLECT, HTCondor ID 170271, status STATUS_SUBMITTED
07/07/26 02:25:46 28825 seconds since last log event
07/07/26 02:25:46 Pending DAG nodes:
07/07/26 02:25:46   Node COLLECT, HTCondor ID 170271, status STATUS_SUBMITTED
07/07/26 02:25:46 Querying local schedd for associated jobs in queue
07/07/26 02:25:46 All pending job states validated
07/07/26 02:25:51 Total jobs placed to AP: 40
07/07/26 02:25:51      Idle     Held     Running     Successful     Failed
07/07/26 02:25:51       ===      ===         ===            ===        ===
07/07/26 02:25:51        40        0           0              0          0
07/07/26 02:35:47 29426 seconds since last log event
07/07/26 02:35:47 Pending DAG nodes:
07/07/26 02:35:47   Node COLLECT, HTCondor ID 170271, status STATUS_SUBMITTED
07/07/26 02:40:52 Total jobs placed to AP: 40
07/07/26 02:40:52      Idle     Held     Running     Successful     Failed
07/07/26 02:40:52       ===      ===         ===            ===        ===
07/07/26 02:40:52        40        0           0              0          0
07/07/26 02:45:47 30026 seconds since last log event
07/07/26 02:45:47 Pending DAG nodes:
07/07/26 02:45:47   Node COLLECT, HTCondor ID 170271, status STATUS_SUBMITTED
07/07/26 02:55:48 30627 seconds since last log event
07/07/26 02:55:48 Pending DAG nodes:
07/07/26 02:55:48   Node COLLECT, HTCondor ID 170271, status STATUS_SUBMITTED
07/07/26 02:55:53 Total jobs placed to AP: 40
07/07/26 02:55:53      Idle     Held     Running     Successful     Failed
07/07/26 02:55:53       ===      ===         ===            ===        ===
07/07/26 02:55:53        40        0           0              0          0
07/07/26 03:05:48 31227 seconds since last log event
07/07/26 03:05:48 Pending DAG nodes:
07/07/26 03:05:48   Node COLLECT, HTCondor ID 170271, status STATUS_SUBMITTED
07/07/26 03:10:54 Total jobs placed to AP: 40
07/07/26 03:10:54      Idle     Held     Running     Successful     Failed
07/07/26 03:10:54       ===      ===         ===            ===        ===
07/07/26 03:10:54        40        0           0              0          0
07/07/26 03:15:49 31828 seconds since last log event
07/07/26 03:15:49 Pending DAG nodes:
07/07/26 03:15:49   Node COLLECT, HTCondor ID 170271, status STATUS_SUBMITTED
07/07/26 03:25:49 32428 seconds since last log event
07/07/26 03:25:49 Pending DAG nodes:
07/07/26 03:25:49   Node COLLECT, HTCondor ID 170271, status STATUS_SUBMITTED
07/07/26 03:25:54 Total jobs placed to AP: 40
07/07/26 03:25:54      Idle     Held     Running     Successful     Failed
07/07/26 03:25:54       ===      ===         ===            ===        ===
07/07/26 03:25:54        40        0           0              0          0
07/07/26 03:35:50 33029 seconds since last log event
07/07/26 03:35:50 Pending DAG nodes:
07/07/26 03:35:50   Node COLLECT, HTCondor ID 170271, status STATUS_SUBMITTED
07/07/26 03:40:55 Total jobs placed to AP: 40
07/07/26 03:40:55      Idle     Held     Running     Successful     Failed
07/07/26 03:40:55       ===      ===         ===            ===        ===
07/07/26 03:40:55        40        0           0              0          0
07/07/26 03:45:51 33630 seconds since last log event
07/07/26 03:45:51 Pending DAG nodes:
07/07/26 03:45:51   Node COLLECT, HTCondor ID 170271, status STATUS_SUBMITTED
07/07/26 03:55:51 34230 seconds since last log event
07/07/26 03:55:51 Pending DAG nodes:
07/07/26 03:55:51   Node COLLECT, HTCondor ID 170271, status STATUS_SUBMITTED
07/07/26 03:55:56 Total jobs placed to AP: 40
07/07/26 03:55:56      Idle     Held     Running     Successful     Failed
07/07/26 03:55:56       ===      ===         ===            ===        ===
07/07/26 03:55:56        40        0           0              0          0
07/07/26 04:05:52 34831 seconds since last log event
07/07/26 04:05:52 Pending DAG nodes:
07/07/26 04:05:52   Node COLLECT, HTCondor ID 170271, status STATUS_SUBMITTED
07/07/26 04:10:57 Total jobs placed to AP: 40
07/07/26 04:10:57      Idle     Held     Running     Successful     Failed
07/07/26 04:10:57       ===      ===         ===            ===        ===
07/07/26 04:10:57        40        0           0              0          0
07/07/26 04:15:52 35431 seconds since last log event
07/07/26 04:15:52 Pending DAG nodes:
07/07/26 04:15:52   Node COLLECT, HTCondor ID 170271, status STATUS_SUBMITTED
07/07/26 04:25:53 36032 seconds since last log event
07/07/26 04:25:53 Pending DAG nodes:
07/07/26 04:25:53   Node COLLECT, HTCondor ID 170271, status STATUS_SUBMITTED
07/07/26 04:25:58 Total jobs placed to AP: 40
07/07/26 04:25:58      Idle     Held     Running     Successful     Failed
07/07/26 04:25:58       ===      ===         ===            ===        ===
07/07/26 04:25:58        40        0           0              0          0
07/07/26 04:35:53 36632 seconds since last log event
07/07/26 04:35:53 Pending DAG nodes:
07/07/26 04:35:53   Node COLLECT, HTCondor ID 170271, status STATUS_SUBMITTED
07/07/26 04:40:59 Total jobs placed to AP: 40
07/07/26 04:40:59      Idle     Held     Running     Successful     Failed
07/07/26 04:40:59       ===      ===         ===            ===        ===
07/07/26 04:40:59        40        0           0              0          0
07/07/26 04:45:54 37233 seconds since last log event
07/07/26 04:45:54 Pending DAG nodes:
07/07/26 04:45:54   Node COLLECT, HTCondor ID 170271, status STATUS_SUBMITTED
07/07/26 04:55:54 37833 seconds since last log event
07/07/26 04:55:54 Pending DAG nodes:
07/07/26 04:55:54   Node COLLECT, HTCondor ID 170271, status STATUS_SUBMITTED
07/07/26 04:55:59 Total jobs placed to AP: 40
07/07/26 04:55:59      Idle     Held     Running     Successful     Failed
07/07/26 04:55:59       ===      ===         ===            ===        ===
07/07/26 04:55:59        40        0           0              0          0
07/07/26 05:05:55 38434 seconds since last log event
07/07/26 05:05:55 Pending DAG nodes:
07/07/26 05:05:55   Node COLLECT, HTCondor ID 170271, status STATUS_SUBMITTED
07/07/26 05:11:00 Total jobs placed to AP: 40
07/07/26 05:11:00      Idle     Held     Running     Successful     Failed
07/07/26 05:11:00       ===      ===         ===            ===        ===
07/07/26 05:11:00        40        0           0              0          0
07/07/26 05:15:56 39035 seconds since last log event
07/07/26 05:15:56 Pending DAG nodes:
07/07/26 05:15:56   Node COLLECT, HTCondor ID 170271, status STATUS_SUBMITTED
07/07/26 05:25:56 39635 seconds since last log event
07/07/26 05:25:56 Pending DAG nodes:
07/07/26 05:25:56   Node COLLECT, HTCondor ID 170271, status STATUS_SUBMITTED
07/07/26 05:26:01 Total jobs placed to AP: 40
07/07/26 05:26:01      Idle     Held     Running     Successful     Failed
07/07/26 05:26:01       ===      ===         ===            ===        ===
07/07/26 05:26:01        40        0           0              0          0
07/07/26 05:35:57 40236 seconds since last log event
07/07/26 05:35:57 Pending DAG nodes:
07/07/26 05:35:57   Node COLLECT, HTCondor ID 170271, status STATUS_SUBMITTED
07/07/26 05:41:02 Total jobs placed to AP: 40
07/07/26 05:41:02      Idle     Held     Running     Successful     Failed
07/07/26 05:41:02       ===      ===         ===            ===        ===
07/07/26 05:41:02        40        0           0              0          0
07/07/26 05:45:57 40836 seconds since last log event
07/07/26 05:45:57 Pending DAG nodes:
07/07/26 05:45:57   Node COLLECT, HTCondor ID 170271, status STATUS_SUBMITTED
07/07/26 05:55:58 41437 seconds since last log event
07/07/26 05:55:58 Pending DAG nodes:
07/07/26 05:55:58   Node COLLECT, HTCondor ID 170271, status STATUS_SUBMITTED
07/07/26 05:56:03 Total jobs placed to AP: 40
07/07/26 05:56:03      Idle     Held     Running     Successful     Failed
07/07/26 05:56:03       ===      ===         ===            ===        ===
07/07/26 05:56:03        40        0           0              0          0
07/07/26 06:05:58 42037 seconds since last log event
07/07/26 06:05:58 Pending DAG nodes:
07/07/26 06:05:58   Node COLLECT, HTCondor ID 170271, status STATUS_SUBMITTED
07/07/26 06:11:04 Total jobs placed to AP: 40
07/07/26 06:11:04      Idle     Held     Running     Successful     Failed
07/07/26 06:11:04       ===      ===         ===            ===        ===
07/07/26 06:11:04        40        0           0              0          0
07/07/26 06:15:59 42638 seconds since last log event
07/07/26 06:15:59 Pending DAG nodes:
07/07/26 06:15:59   Node COLLECT, HTCondor ID 170271, status STATUS_SUBMITTED
07/07/26 06:25:59 43238 seconds since last log event
07/07/26 06:25:59 Pending DAG nodes:
07/07/26 06:25:59   Node COLLECT, HTCondor ID 170271, status STATUS_SUBMITTED
07/07/26 06:26:04 Total jobs placed to AP: 40
07/07/26 06:26:04      Idle     Held     Running     Successful     Failed
07/07/26 06:26:04       ===      ===         ===            ===        ===
07/07/26 06:26:04        40        0           0              0          0
07/07/26 06:35:59 43838 seconds since last log event
07/07/26 06:35:59 Pending DAG nodes:
07/07/26 06:35:59   Node COLLECT, HTCondor ID 170271, status STATUS_SUBMITTED
07/07/26 06:41:21 Total jobs placed to AP: 40
07/07/26 06:41:21      Idle     Held     Running     Successful     Failed
07/07/26 06:41:21       ===      ===         ===            ===        ===
07/07/26 06:41:21        40        0           0              0          0
07/07/26 06:46:00 44439 seconds since last log event
07/07/26 06:46:00 Pending DAG nodes:
07/07/26 06:46:00   Node COLLECT, HTCondor ID 170271, status STATUS_SUBMITTED
07/07/26 06:56:01 45040 seconds since last log event
07/07/26 06:56:01 Pending DAG nodes:
07/07/26 06:56:01   Node COLLECT, HTCondor ID 170271, status STATUS_SUBMITTED
07/07/26 06:56:21 Total jobs placed to AP: 40
07/07/26 06:56:21      Idle     Held     Running     Successful     Failed
07/07/26 06:56:21       ===      ===         ===            ===        ===
07/07/26 06:56:21        40        0           0              0          0
07/07/26 07:06:01 45640 seconds since last log event
07/07/26 07:06:01 Pending DAG nodes:
07/07/26 07:06:01   Node COLLECT, HTCondor ID 170271, status STATUS_SUBMITTED
07/07/26 07:11:22 Total jobs placed to AP: 40
07/07/26 07:11:22      Idle     Held     Running     Successful     Failed
07/07/26 07:11:22       ===      ===         ===            ===        ===
07/07/26 07:11:22        40        0           0              0          0
07/07/26 07:16:02 46241 seconds since last log event
07/07/26 07:16:02 Pending DAG nodes:
07/07/26 07:16:02   Node COLLECT, HTCondor ID 170271, status STATUS_SUBMITTED
07/07/26 07:26:02 46841 seconds since last log event
07/07/26 07:26:02 Pending DAG nodes:
07/07/26 07:26:02   Node COLLECT, HTCondor ID 170271, status STATUS_SUBMITTED
07/07/26 07:26:22 Total jobs placed to AP: 40
07/07/26 07:26:22      Idle     Held     Running     Successful     Failed
07/07/26 07:26:22       ===      ===         ===            ===        ===
07/07/26 07:26:22        40        0           0              0          0
07/07/26 07:36:03 47442 seconds since last log event
07/07/26 07:36:03 Pending DAG nodes:
07/07/26 07:36:03   Node COLLECT, HTCondor ID 170271, status STATUS_SUBMITTED
07/07/26 07:41:23 Total jobs placed to AP: 40
07/07/26 07:41:23      Idle     Held     Running     Successful     Failed
07/07/26 07:41:23       ===      ===         ===            ===        ===
07/07/26 07:41:23        40        0           0              0          0
07/07/26 07:46:03 48042 seconds since last log event
07/07/26 07:46:03 Pending DAG nodes:
07/07/26 07:46:03   Node COLLECT, HTCondor ID 170271, status STATUS_SUBMITTED
07/07/26 07:56:04 48643 seconds since last log event
07/07/26 07:56:04 Pending DAG nodes:
07/07/26 07:56:04   Node COLLECT, HTCondor ID 170271, status STATUS_SUBMITTED
07/07/26 07:56:24 Total jobs placed to AP: 40
07/07/26 07:56:24      Idle     Held     Running     Successful     Failed
07/07/26 07:56:24       ===      ===         ===            ===        ===
07/07/26 07:56:24        40        0           0              0          0
07/07/26 08:06:05 49244 seconds since last log event
07/07/26 08:06:05 Pending DAG nodes:
07/07/26 08:06:05   Node COLLECT, HTCondor ID 170271, status STATUS_SUBMITTED
07/07/26 08:11:25 Total jobs placed to AP: 40
07/07/26 08:11:25      Idle     Held     Running     Successful     Failed
07/07/26 08:11:25       ===      ===         ===            ===        ===
07/07/26 08:11:25        40        0           0              0          0
07/07/26 08:16:05 49844 seconds since last log event
07/07/26 08:16:05 Pending DAG nodes:
07/07/26 08:16:05   Node COLLECT, HTCondor ID 170271, status STATUS_SUBMITTED
07/07/26 08:26:05 50444 seconds since last log event
07/07/26 08:26:05 Pending DAG nodes:
07/07/26 08:26:05   Node COLLECT, HTCondor ID 170271, status STATUS_SUBMITTED
07/07/26 08:26:25 Total jobs placed to AP: 40
07/07/26 08:26:25      Idle     Held     Running     Successful     Failed
07/07/26 08:26:25       ===      ===         ===            ===        ===
07/07/26 08:26:25        40        0           0              0          0
07/07/26 08:36:05 51044 seconds since last log event
07/07/26 08:36:05 Pending DAG nodes:
07/07/26 08:36:05   Node COLLECT, HTCondor ID 170271, status STATUS_SUBMITTED
07/07/26 08:41:25 Total jobs placed to AP: 40
07/07/26 08:41:25      Idle     Held     Running     Successful     Failed
07/07/26 08:41:25       ===      ===         ===            ===        ===
07/07/26 08:41:25        40        0           0              0          0
07/07/26 08:46:06 51645 seconds since last log event
07/07/26 08:46:06 Pending DAG nodes:
07/07/26 08:46:06   Node COLLECT, HTCondor ID 170271, status STATUS_SUBMITTED
07/07/26 08:56:06 52245 seconds since last log event
07/07/26 08:56:06 Pending DAG nodes:
07/07/26 08:56:06   Node COLLECT, HTCondor ID 170271, status STATUS_SUBMITTED
07/07/26 08:56:26 Total jobs placed to AP: 40
07/07/26 08:56:26      Idle     Held     Running     Successful     Failed
07/07/26 08:56:26       ===      ===         ===            ===        ===
07/07/26 08:56:26        40        0           0              0          0
07/07/26 09:06:07 52846 seconds since last log event
07/07/26 09:06:07 Pending DAG nodes:
07/07/26 09:06:07   Node COLLECT, HTCondor ID 170271, status STATUS_SUBMITTED
07/07/26 09:11:27 Total jobs placed to AP: 40
07/07/26 09:11:27      Idle     Held     Running     Successful     Failed
07/07/26 09:11:27       ===      ===         ===            ===        ===
07/07/26 09:11:27        40        0           0              0          0
07/07/26 09:16:07 53446 seconds since last log event
07/07/26 09:16:07 Pending DAG nodes:
07/07/26 09:16:07   Node COLLECT, HTCondor ID 170271, status STATUS_SUBMITTED
07/07/26 09:26:08 54047 seconds since last log event
07/07/26 09:26:08 Pending DAG nodes:
07/07/26 09:26:08   Node COLLECT, HTCondor ID 170271, status STATUS_SUBMITTED
07/07/26 09:26:28 Total jobs placed to AP: 40
07/07/26 09:26:28      Idle     Held     Running     Successful     Failed
07/07/26 09:26:28       ===      ===         ===            ===        ===
07/07/26 09:26:28        40        0           0              0          0
07/07/26 09:36:08 54647 seconds since last log event
07/07/26 09:36:08 Pending DAG nodes:
07/07/26 09:36:08   Node COLLECT, HTCondor ID 170271, status STATUS_SUBMITTED
07/07/26 09:41:29 Total jobs placed to AP: 40
07/07/26 09:41:29      Idle     Held     Running     Successful     Failed
07/07/26 09:41:29       ===      ===         ===            ===        ===
07/07/26 09:41:29        40        0           0              0          0
07/07/26 09:46:09 55248 seconds since last log event
07/07/26 09:46:09 Pending DAG nodes:
07/07/26 09:46:09   Node COLLECT, HTCondor ID 170271, status STATUS_SUBMITTED
07/07/26 09:56:09 55848 seconds since last log event
07/07/26 09:56:09 Pending DAG nodes:
07/07/26 09:56:09   Node COLLECT, HTCondor ID 170271, status STATUS_SUBMITTED
07/07/26 09:56:29 Total jobs placed to AP: 40
07/07/26 09:56:29      Idle     Held     Running     Successful     Failed
07/07/26 09:56:29       ===      ===         ===            ===        ===
07/07/26 09:56:29        40        0           0              0          0
07/07/26 10:06:10 56449 seconds since last log event
07/07/26 10:06:10 Pending DAG nodes:
07/07/26 10:06:10   Node COLLECT, HTCondor ID 170271, status STATUS_SUBMITTED
07/07/26 10:11:30 Total jobs placed to AP: 40
07/07/26 10:11:30      Idle     Held     Running     Successful     Failed
07/07/26 10:11:30       ===      ===         ===            ===        ===
07/07/26 10:11:30        40        0           0              0          0
07/07/26 10:16:10 57049 seconds since last log event
07/07/26 10:16:10 Pending DAG nodes:
07/07/26 10:16:10   Node COLLECT, HTCondor ID 170271, status STATUS_SUBMITTED
07/07/26 10:26:11 57650 seconds since last log event
07/07/26 10:26:11 Pending DAG nodes:
07/07/26 10:26:11   Node COLLECT, HTCondor ID 170271, status STATUS_SUBMITTED
07/07/26 10:26:31 Total jobs placed to AP: 40
07/07/26 10:26:31      Idle     Held     Running     Successful     Failed
07/07/26 10:26:31       ===      ===         ===            ===        ===
07/07/26 10:26:31        40        0           0              0          0
07/07/26 10:36:11 58250 seconds since last log event
07/07/26 10:36:11 Pending DAG nodes:
07/07/26 10:36:11   Node COLLECT, HTCondor ID 170271, status STATUS_SUBMITTED
07/07/26 10:39:31 Currently monitoring 1 HTCondor log file(s)
07/07/26 10:39:31 Event: ULOG_EXECUTE for HTCondor Node COLLECT (170271.0.0) {07/07/26 10:39:30}
07/07/26 10:39:31 Number of idle job procs: 39
07/07/26 10:41:31 Total jobs placed to AP: 40
07/07/26 10:41:31      Idle     Held     Running     Successful     Failed
07/07/26 10:41:31       ===      ===         ===            ===        ===
07/07/26 10:41:31        39        0           1              0          0
07/07/26 10:48:51 Currently monitoring 1 HTCondor log file(s)
07/07/26 10:48:51 Event: ULOG_EXECUTE for HTCondor Node COLLECT (170271.1.0) {07/07/26 10:48:50}
07/07/26 10:48:51 Number of idle job procs: 38
07/07/26 10:53:57 Currently monitoring 1 HTCondor log file(s)
07/07/26 10:53:57 Event: ULOG_EXECUTE for HTCondor Node COLLECT (170271.2.0) {07/07/26 10:53:53}
07/07/26 10:53:57 Number of idle job procs: 37
07/07/26 10:56:17 Currently monitoring 1 HTCondor log file(s)
07/07/26 10:56:17 Event: ULOG_EXECUTE for HTCondor Node COLLECT (170271.3.0) {07/07/26 10:56:14}
07/07/26 10:56:17 Number of idle job procs: 36
07/07/26 10:56:17 Event: ULOG_EXECUTE for HTCondor Node COLLECT (170271.4.0) {07/07/26 10:56:14}
07/07/26 10:56:17 Number of idle job procs: 35
07/07/26 10:56:32 Total jobs placed to AP: 40
07/07/26 10:56:32      Idle     Held     Running     Successful     Failed
07/07/26 10:56:32       ===      ===         ===            ===        ===
07/07/26 10:56:32        35        0           5              0          0
07/07/26 11:00:32 Currently monitoring 1 HTCondor log file(s)
07/07/26 11:00:32 Event: ULOG_EXECUTE for HTCondor Node COLLECT (170271.5.0) {07/07/26 11:00:30}
07/07/26 11:00:32 Number of idle job procs: 34
07/07/26 11:01:32 Currently monitoring 1 HTCondor log file(s)
07/07/26 11:01:32 Event: ULOG_EXECUTE for HTCondor Node COLLECT (170271.7.0) {07/07/26 11:01:31}
07/07/26 11:01:32 Number of idle job procs: 33
07/07/26 11:02:32 Currently monitoring 1 HTCondor log file(s)
07/07/26 11:02:32 Event: ULOG_EXECUTE for HTCondor Node COLLECT (170271.6.0) {07/07/26 11:02:31}
07/07/26 11:02:32 Number of idle job procs: 32
07/07/26 11:04:32 Currently monitoring 1 HTCondor log file(s)
07/07/26 11:04:32 Event: ULOG_EXECUTE for HTCondor Node COLLECT (170271.8.0) {07/07/26 11:04:30}
07/07/26 11:04:32 Number of idle job procs: 31
07/07/26 11:04:32 Event: ULOG_EXECUTE for HTCondor Node COLLECT (170271.9.0) {07/07/26 11:04:30}
07/07/26 11:04:32 Number of idle job procs: 30
07/07/26 11:06:32 Currently monitoring 1 HTCondor log file(s)
07/07/26 11:06:32 Event: ULOG_EXECUTE for HTCondor Node COLLECT (170271.10.0) {07/07/26 11:06:31}
07/07/26 11:06:32 Number of idle job procs: 29
07/07/26 11:11:33 Total jobs placed to AP: 40
07/07/26 11:11:33      Idle     Held     Running     Successful     Failed
07/07/26 11:11:33       ===      ===         ===            ===        ===
07/07/26 11:11:33        29        0          11              0          0
07/07/26 11:13:18 Currently monitoring 1 HTCondor log file(s)
07/07/26 11:13:18 Event: ULOG_EXECUTE for HTCondor Node COLLECT (170271.11.0) {07/07/26 11:13:16}
07/07/26 11:13:18 Number of idle job procs: 28
07/07/26 11:15:18 Currently monitoring 1 HTCondor log file(s)
07/07/26 11:15:18 Event: ULOG_EXECUTE for HTCondor Node COLLECT (170271.12.0) {07/07/26 11:15:17}
07/07/26 11:15:18 Number of idle job procs: 27
07/07/26 11:18:03 Currently monitoring 1 HTCondor log file(s)
07/07/26 11:18:03 Event: ULOG_EXECUTE for HTCondor Node COLLECT (170271.13.0) {07/07/26 11:17:58}
07/07/26 11:18:03 Number of idle job procs: 26
07/07/26 11:26:33 Total jobs placed to AP: 40
07/07/26 11:26:33      Idle     Held     Running     Successful     Failed
07/07/26 11:26:33       ===      ===         ===            ===        ===
07/07/26 11:26:33        26        0          14              0          0
07/07/26 11:28:03 600 seconds since last log event
07/07/26 11:28:03 Pending DAG nodes:
07/07/26 11:28:03   Node COLLECT, HTCondor ID 170271, status STATUS_SUBMITTED
07/07/26 11:36:59 Currently monitoring 1 HTCondor log file(s)
07/07/26 11:36:59 Event: ULOG_EXECUTE for HTCondor Node COLLECT (170271.14.0) {07/07/26 11:36:57}
07/07/26 11:36:59 Number of idle job procs: 25
07/07/26 11:39:49 Currently monitoring 1 HTCondor log file(s)
07/07/26 11:39:49 Event: ULOG_EXECUTE for HTCondor Node COLLECT (170271.15.0) {07/07/26 11:39:45}
07/07/26 11:39:49 Number of idle job procs: 24
07/07/26 11:40:49 Currently monitoring 1 HTCondor log file(s)
07/07/26 11:40:49 Event: ULOG_EXECUTE for HTCondor Node COLLECT (170271.16.0) {07/07/26 11:40:44}
07/07/26 11:40:49 Number of idle job procs: 23
07/07/26 11:41:34 Total jobs placed to AP: 40
07/07/26 11:41:34      Idle     Held     Running     Successful     Failed
07/07/26 11:41:34       ===      ===         ===            ===        ===
07/07/26 11:41:34        23        0          17              0          0
07/07/26 11:49:10 Currently monitoring 1 HTCondor log file(s)
07/07/26 11:49:10 Event: ULOG_EXECUTE for HTCondor Node COLLECT (170271.18.0) {07/07/26 11:49:08}
07/07/26 11:49:10 Number of idle job procs: 22
07/07/26 11:52:15 Currently monitoring 1 HTCondor log file(s)
07/07/26 11:52:15 Event: ULOG_JOB_EVICTED for HTCondor Node COLLECT (170271.1.0) {07/07/26 11:52:13}
07/07/26 11:52:15 Number of idle job procs: 23
07/07/26 11:52:15 Event: ULOG_JOB_HELD for HTCondor Node COLLECT (170271.1.0) {07/07/26 11:52:13}
07/07/26 11:52:15   Hold reason: Error from teaching1@idun.hpc.uni-saarland.de: Docker job has gone over memory limit of 64480 Mb
07/07/26 11:52:15 Number of idle job procs: 23
07/07/26 11:52:15 DAG status: 0 (DAG_STATUS_OK)
07/07/26 11:52:15 Of 5 nodes total:
07/07/26 11:52:15  Done     Pre   Queued    Post   Ready   Un-Ready   Failed   Futile
07/07/26 11:52:15   ===     ===      ===     ===     ===        ===      ===      ===
07/07/26 11:52:15     0       0        1       0       0          4        0        0
07/07/26 11:52:15 1 job proc(s) currently held
07/07/26 11:52:15 DAGMan Runtime Statistics: [EventCycleTimeAvg=0.015; EventCycleTimeMax=51.534; EventCycleTimeMin=0.000; EventCycleTimeStd=0.616; EventCycleTimeSum=184.897; SleepCycleTimeAvg=5.013; SleepCycleTimeMax=19.618; SleepCycleTimeMin=4.003; SleepCycleTimeStd=0.288; SleepCycleTimeSum=62634.836; SubmitCycleTimeAvg=0.000; SubmitCycleTimeMax=0.701; SubmitCycleTimeMin=0.000; SubmitCycleTimeStd=0.006; SubmitCycleTimeSum=0.709; EventCycleTimeCount=12495.000; SleepCycleTimeCount=12495.000; SubmitCycleTimeCount=12496.000; LogProcessCycleTimeAvg=0.009; LogProcessCycleTimeMax=0.120; LogProcessCycleTimeMin=0.002; LogProcessCycleTimeStd=0.028; LogProcessCycleTimeSum=0.162; LogProcessCycleTimeCount=18.000; ]
07/07/26 11:55:45 Currently monitoring 1 HTCondor log file(s)
07/07/26 11:55:45 Event: ULOG_JOB_EVICTED for HTCondor Node COLLECT (170271.0.0) {07/07/26 11:55:43}
07/07/26 11:55:45 Number of idle job procs: 24
07/07/26 11:55:45 Event: ULOG_JOB_HELD for HTCondor Node COLLECT (170271.0.0) {07/07/26 11:55:43}
07/07/26 11:55:45   Hold reason: Error from teaching4@idun.hpc.uni-saarland.de: Docker job has gone over memory limit of 64480 Mb
07/07/26 11:55:45 Number of idle job procs: 24
07/07/26 11:55:45 DAG status: 0 (DAG_STATUS_OK)
07/07/26 11:55:45 Of 5 nodes total:
07/07/26 11:55:45  Done     Pre   Queued    Post   Ready   Un-Ready   Failed   Futile
07/07/26 11:55:45   ===     ===      ===     ===     ===        ===      ===      ===
07/07/26 11:55:45     0       0        1       0       0          4        0        0
07/07/26 11:55:45 2 job proc(s) currently held
07/07/26 11:55:45 DAGMan Runtime Statistics: [EventCycleTimeAvg=0.015; EventCycleTimeMax=51.534; EventCycleTimeMin=0.000; EventCycleTimeStd=0.615; EventCycleTimeSum=184.909; SleepCycleTimeAvg=5.013; SleepCycleTimeMax=19.618; SleepCycleTimeMin=4.003; SleepCycleTimeStd=0.288; SleepCycleTimeSum=62845.012; SubmitCycleTimeAvg=0.000; SubmitCycleTimeMax=0.701; SubmitCycleTimeMin=0.000; SubmitCycleTimeStd=0.006; SubmitCycleTimeSum=0.709; EventCycleTimeCount=12537.000; SleepCycleTimeCount=12537.000; SubmitCycleTimeCount=12538.000; LogProcessCycleTimeAvg=0.009; LogProcessCycleTimeMax=0.120; LogProcessCycleTimeMin=0.002; LogProcessCycleTimeStd=0.027; LogProcessCycleTimeSum=0.165; LogProcessCycleTimeCount=19.000; ]
07/07/26 11:56:35 Total jobs placed to AP: 40
07/07/26 11:56:35      Idle     Held     Running     Successful     Failed
07/07/26 11:56:35       ===      ===         ===            ===        ===
07/07/26 11:56:35        22        2          16              0          0
07/07/26 11:56:50 Currently monitoring 1 HTCondor log file(s)
07/07/26 11:56:50 Event: ULOG_EXECUTE for HTCondor Node COLLECT (170271.20.0) {07/07/26 11:56:46}
07/07/26 11:56:50 Number of idle job procs: 23
07/07/26 11:56:50 Event: ULOG_EXECUTE for HTCondor Node COLLECT (170271.19.0) {07/07/26 11:56:46}
07/07/26 11:56:50 Number of idle job procs: 22
07/07/26 11:57:50 Currently monitoring 1 HTCondor log file(s)
07/07/26 11:57:50 Event: ULOG_EXECUTE for HTCondor Node COLLECT (170271.17.0) {07/07/26 11:57:45}
07/07/26 11:57:50 Number of idle job procs: 21
07/07/26 12:00:45 Currently monitoring 1 HTCondor log file(s)
07/07/26 12:00:45 Event: ULOG_EXECUTE for HTCondor Node COLLECT (170271.21.0) {07/07/26 12:00:43}
07/07/26 12:00:45 Number of idle job procs: 20
07/07/26 12:01:45 Currently monitoring 1 HTCondor log file(s)
07/07/26 12:01:45 Event: ULOG_EXECUTE for HTCondor Node COLLECT (170271.22.0) {07/07/26 12:01:43}
07/07/26 12:01:45 Number of idle job procs: 19
07/07/26 12:02:05 Currently monitoring 1 HTCondor log file(s)
07/07/26 12:02:05 Event: ULOG_EXECUTE for HTCondor Node COLLECT (170271.23.0) {07/07/26 12:02:03}
07/07/26 12:02:05 Number of idle job procs: 18
07/07/26 12:04:05 Currently monitoring 1 HTCondor log file(s)
07/07/26 12:04:05 Event: ULOG_EXECUTE for HTCondor Node COLLECT (170271.24.0) {07/07/26 12:04:03}
07/07/26 12:04:05 Number of idle job procs: 17
07/07/26 12:08:31 Currently monitoring 1 HTCondor log file(s)
07/07/26 12:08:31 Event: ULOG_EXECUTE for HTCondor Node COLLECT (170271.25.0) {07/07/26 12:08:27}
07/07/26 12:08:31 Number of idle job procs: 16
07/07/26 12:10:11 Currently monitoring 1 HTCondor log file(s)
07/07/26 12:10:11 Event: ULOG_JOB_EVICTED for HTCondor Node COLLECT (170271.5.0) {07/07/26 12:10:08}
07/07/26 12:10:11 Number of idle job procs: 17
07/07/26 12:10:11 Event: ULOG_JOB_HELD for HTCondor Node COLLECT (170271.5.0) {07/07/26 12:10:08}
07/07/26 12:10:11   Hold reason: Error from teaching2@idun.hpc.uni-saarland.de: Docker job has gone over memory limit of 64480 Mb
07/07/26 12:10:11 Number of idle job procs: 17
07/07/26 12:10:11 DAG status: 0 (DAG_STATUS_OK)
07/07/26 12:10:11 Of 5 nodes total:
07/07/26 12:10:11  Done     Pre   Queued    Post   Ready   Un-Ready   Failed   Futile
07/07/26 12:10:11   ===     ===      ===     ===     ===        ===      ===      ===
07/07/26 12:10:11     0       0        1       0       0          4        0        0
07/07/26 12:10:11 3 job proc(s) currently held
07/07/26 12:10:11 DAGMan Runtime Statistics: [EventCycleTimeAvg=0.015; EventCycleTimeMax=51.534; EventCycleTimeMin=0.000; EventCycleTimeStd=0.611; EventCycleTimeSum=184.961; SleepCycleTimeAvg=5.013; SleepCycleTimeMax=19.618; SleepCycleTimeMin=4.003; SleepCycleTimeStd=0.286; SleepCycleTimeSum=63710.765; SubmitCycleTimeAvg=0.000; SubmitCycleTimeMax=0.701; SubmitCycleTimeMin=0.000; SubmitCycleTimeStd=0.006; SubmitCycleTimeSum=0.709; EventCycleTimeCount=12710.000; SleepCycleTimeCount=12710.000; SubmitCycleTimeCount=12711.000; LogProcessCycleTimeAvg=0.007; LogProcessCycleTimeMax=0.120; LogProcessCycleTimeMin=0.002; LogProcessCycleTimeStd=0.023; LogProcessCycleTimeSum=0.188; LogProcessCycleTimeCount=27.000; ]
07/07/26 12:11:36 Currently monitoring 1 HTCondor log file(s)
07/07/26 12:11:36 Event: ULOG_JOB_EVICTED for HTCondor Node COLLECT (170271.7.0) {07/07/26 12:11:31}
07/07/26 12:11:36 Number of idle job procs: 18
07/07/26 12:11:36 Event: ULOG_JOB_HELD for HTCondor Node COLLECT (170271.7.0) {07/07/26 12:11:31}
07/07/26 12:11:36   Hold reason: Error from teaching3@lofn.hpc.uni-saarland.de: Docker job has gone over memory limit of 64480 Mb
07/07/26 12:11:36 Number of idle job procs: 18
07/07/26 12:11:36 DAG status: 0 (DAG_STATUS_OK)
07/07/26 12:11:36 Of 5 nodes total:
07/07/26 12:11:36  Done     Pre   Queued    Post   Ready   Un-Ready   Failed   Futile
07/07/26 12:11:36   ===     ===      ===     ===     ===        ===      ===      ===
07/07/26 12:11:36     0       0        1       0       0          4        0        0
07/07/26 12:11:36 4 job proc(s) currently held
07/07/26 12:11:36 DAGMan Runtime Statistics: [EventCycleTimeAvg=0.015; EventCycleTimeMax=51.534; EventCycleTimeMin=0.000; EventCycleTimeStd=0.611; EventCycleTimeSum=184.969; SleepCycleTimeAvg=5.013; SleepCycleTimeMax=19.618; SleepCycleTimeMin=4.003; SleepCycleTimeStd=0.286; SleepCycleTimeSum=63795.829; SubmitCycleTimeAvg=0.000; SubmitCycleTimeMax=0.701; SubmitCycleTimeMin=0.000; SubmitCycleTimeStd=0.006; SubmitCycleTimeSum=0.709; EventCycleTimeCount=12727.000; SleepCycleTimeCount=12727.000; SubmitCycleTimeCount=12728.000; LogProcessCycleTimeAvg=0.007; LogProcessCycleTimeMax=0.120; LogProcessCycleTimeMin=0.002; LogProcessCycleTimeStd=0.022; LogProcessCycleTimeSum=0.192; LogProcessCycleTimeCount=28.000; ]
07/07/26 12:11:36 Total jobs placed to AP: 40
07/07/26 12:11:36      Idle     Held     Running     Successful     Failed
07/07/26 12:11:36       ===      ===         ===            ===        ===
07/07/26 12:11:36        14        4          22              0          0
07/07/26 12:12:46 Currently monitoring 1 HTCondor log file(s)
07/07/26 12:12:46 Event: ULOG_JOB_EVICTED for HTCondor Node COLLECT (170271.12.0) {07/07/26 12:12:44}
07/07/26 12:12:46 Number of idle job procs: 19
07/07/26 12:12:46 Event: ULOG_JOB_HELD for HTCondor Node COLLECT (170271.12.0) {07/07/26 12:12:44}
07/07/26 12:12:46   Hold reason: Error from teaching3@idun.hpc.uni-saarland.de: Docker job has gone over memory limit of 64480 Mb
07/07/26 12:12:46 Number of idle job procs: 19
07/07/26 12:12:46 Event: ULOG_JOB_EVICTED for HTCondor Node COLLECT (170271.9.0) {07/07/26 12:12:45}
07/07/26 12:12:46 Number of idle job procs: 20
07/07/26 12:12:46 Event: ULOG_JOB_HELD for HTCondor Node COLLECT (170271.9.0) {07/07/26 12:12:45}
07/07/26 12:12:46   Hold reason: Error from teaching6@idun.hpc.uni-saarland.de: Docker job has gone over memory limit of 64480 Mb
07/07/26 12:12:46 Number of idle job procs: 20
07/07/26 12:12:46 DAG status: 0 (DAG_STATUS_OK)
07/07/26 12:12:46 Of 5 nodes total:
07/07/26 12:12:46  Done     Pre   Queued    Post   Ready   Un-Ready   Failed   Futile
07/07/26 12:12:46   ===     ===      ===     ===     ===        ===      ===      ===
07/07/26 12:12:46     0       0        1       0       0          4        0        0
07/07/26 12:12:46 6 job proc(s) currently held
07/07/26 12:12:46 DAGMan Runtime Statistics: [EventCycleTimeAvg=0.015; EventCycleTimeMax=51.534; EventCycleTimeMin=0.000; EventCycleTimeStd=0.610; EventCycleTimeSum=184.986; SleepCycleTimeAvg=5.013; SleepCycleTimeMax=19.618; SleepCycleTimeMin=4.003; SleepCycleTimeStd=0.285; SleepCycleTimeSum=63865.880; SubmitCycleTimeAvg=0.000; SubmitCycleTimeMax=0.701; SubmitCycleTimeMin=0.000; SubmitCycleTimeStd=0.006; SubmitCycleTimeSum=0.709; EventCycleTimeCount=12741.000; SleepCycleTimeCount=12741.000; SubmitCycleTimeCount=12742.000; LogProcessCycleTimeAvg=0.007; LogProcessCycleTimeMax=0.120; LogProcessCycleTimeMin=0.002; LogProcessCycleTimeStd=0.022; LogProcessCycleTimeSum=0.198; LogProcessCycleTimeCount=29.000; ]
07/07/26 12:13:51 Currently monitoring 1 HTCondor log file(s)
07/07/26 12:13:51 Event: ULOG_JOB_EVICTED for HTCondor Node COLLECT (170271.4.0) {07/07/26 12:13:51}
07/07/26 12:13:51 Number of idle job procs: 21
07/07/26 12:13:51 Event: ULOG_JOB_HELD for HTCondor Node COLLECT (170271.4.0) {07/07/26 12:13:51}
07/07/26 12:13:51   Hold reason: Error from teaching7@lofn.hpc.uni-saarland.de: Docker job has gone over memory limit of 64480 Mb
07/07/26 12:13:51 Number of idle job procs: 21
07/07/26 12:13:51 DAG status: 0 (DAG_STATUS_OK)
07/07/26 12:13:51 Of 5 nodes total:
07/07/26 12:13:51  Done     Pre   Queued    Post   Ready   Un-Ready   Failed   Futile
07/07/26 12:13:51   ===     ===      ===     ===     ===        ===      ===      ===
07/07/26 12:13:51     0       0        1       0       0          4        0        0
07/07/26 12:13:51 7 job proc(s) currently held
07/07/26 12:13:51 DAGMan Runtime Statistics: [EventCycleTimeAvg=0.015; EventCycleTimeMax=51.534; EventCycleTimeMin=0.000; EventCycleTimeStd=0.610; EventCycleTimeSum=184.996; SleepCycleTimeAvg=5.013; SleepCycleTimeMax=19.618; SleepCycleTimeMin=4.003; SleepCycleTimeStd=0.285; SleepCycleTimeSum=63930.929; SubmitCycleTimeAvg=0.000; SubmitCycleTimeMax=0.701; SubmitCycleTimeMin=0.000; SubmitCycleTimeStd=0.006; SubmitCycleTimeSum=0.709; EventCycleTimeCount=12754.000; SleepCycleTimeCount=12754.000; SubmitCycleTimeCount=12755.000; LogProcessCycleTimeAvg=0.007; LogProcessCycleTimeMax=0.120; LogProcessCycleTimeMin=0.002; LogProcessCycleTimeStd=0.021; LogProcessCycleTimeSum=0.202; LogProcessCycleTimeCount=30.000; ]
07/07/26 12:17:11 Currently monitoring 1 HTCondor log file(s)
07/07/26 12:17:11 Event: ULOG_EXECUTE for HTCondor Node COLLECT (170271.26.0) {07/07/26 12:17:07}
07/07/26 12:17:11 Number of idle job procs: 20
07/07/26 12:17:26 Currently monitoring 1 HTCondor log file(s)
07/07/26 12:17:26 Event: ULOG_JOB_EVICTED for HTCondor Node COLLECT (170271.2.0) {07/07/26 12:17:22}
07/07/26 12:17:26 Number of idle job procs: 21
07/07/26 12:17:26 Event: ULOG_JOB_HELD for HTCondor Node COLLECT (170271.2.0) {07/07/26 12:17:22}
07/07/26 12:17:26   Hold reason: Error from teaching8@lofn.hpc.uni-saarland.de: Docker job has gone over memory limit of 64480 Mb
07/07/26 12:17:26 Number of idle job procs: 21
07/07/26 12:17:26 DAG status: 0 (DAG_STATUS_OK)
07/07/26 12:17:26 Of 5 nodes total:
07/07/26 12:17:26  Done     Pre   Queued    Post   Ready   Un-Ready   Failed   Futile
07/07/26 12:17:26   ===     ===      ===     ===     ===        ===      ===      ===
07/07/26 12:17:26     0       0        1       0       0          4        0        0
07/07/26 12:17:26 8 job proc(s) currently held
07/07/26 12:17:26 DAGMan Runtime Statistics: [EventCycleTimeAvg=0.014; EventCycleTimeMax=51.534; EventCycleTimeMin=0.000; EventCycleTimeStd=0.609; EventCycleTimeSum=185.017; SleepCycleTimeAvg=5.013; SleepCycleTimeMax=19.618; SleepCycleTimeMin=4.003; SleepCycleTimeStd=0.285; SleepCycleTimeSum=64146.121; SubmitCycleTimeAvg=0.000; SubmitCycleTimeMax=0.701; SubmitCycleTimeMin=0.000; SubmitCycleTimeStd=0.006; SubmitCycleTimeSum=0.709; EventCycleTimeCount=12797.000; SleepCycleTimeCount=12797.000; SubmitCycleTimeCount=12798.000; LogProcessCycleTimeAvg=0.007; LogProcessCycleTimeMax=0.120; LogProcessCycleTimeMin=0.002; LogProcessCycleTimeStd=0.021; LogProcessCycleTimeSum=0.209; LogProcessCycleTimeCount=32.000; ]
07/07/26 12:18:56 Currently monitoring 1 HTCondor log file(s)
07/07/26 12:18:56 Event: ULOG_EXECUTE for HTCondor Node COLLECT (170271.27.0) {07/07/26 12:18:56}
07/07/26 12:18:56 Number of idle job procs: 20
07/07/26 12:19:41 Currently monitoring 1 HTCondor log file(s)
07/07/26 12:19:41 Event: ULOG_JOB_EVICTED for HTCondor Node COLLECT (170271.6.0) {07/07/26 12:19:39}
07/07/26 12:19:41 Number of idle job procs: 21
07/07/26 12:19:41 Event: ULOG_JOB_HELD for HTCondor Node COLLECT (170271.6.0) {07/07/26 12:19:39}
07/07/26 12:19:41   Hold reason: Error from teaching2@lofn.hpc.uni-saarland.de: Docker job has gone over memory limit of 64480 Mb
07/07/26 12:19:41 Number of idle job procs: 21
07/07/26 12:19:41 DAG status: 0 (DAG_STATUS_OK)
07/07/26 12:19:41 Of 5 nodes total:
07/07/26 12:19:41  Done     Pre   Queued    Post   Ready   Un-Ready   Failed   Futile
07/07/26 12:19:41   ===     ===      ===     ===     ===        ===      ===      ===
07/07/26 12:19:41     0       0        1       0       0          4        0        0
07/07/26 12:19:41 9 job proc(s) currently held
07/07/26 12:19:41 DAGMan Runtime Statistics: [EventCycleTimeAvg=0.014; EventCycleTimeMax=51.534; EventCycleTimeMin=0.000; EventCycleTimeStd=0.608; EventCycleTimeSum=185.028; SleepCycleTimeAvg=5.013; SleepCycleTimeMax=19.618; SleepCycleTimeMin=4.003; SleepCycleTimeStd=0.284; SleepCycleTimeSum=64281.242; SubmitCycleTimeAvg=0.000; SubmitCycleTimeMax=0.701; SubmitCycleTimeMin=0.000; SubmitCycleTimeStd=0.006; SubmitCycleTimeSum=0.709; EventCycleTimeCount=12824.000; SleepCycleTimeCount=12824.000; SubmitCycleTimeCount=12825.000; LogProcessCycleTimeAvg=0.006; LogProcessCycleTimeMax=0.120; LogProcessCycleTimeMin=0.002; LogProcessCycleTimeStd=0.020; LogProcessCycleTimeSum=0.216; LogProcessCycleTimeCount=34.000; ]
07/07/26 12:21:11 Currently monitoring 1 HTCondor log file(s)
07/07/26 12:21:11 Event: ULOG_JOB_EVICTED for HTCondor Node COLLECT (170271.8.0) {07/07/26 12:21:07}
07/07/26 12:21:11 Number of idle job procs: 22
07/07/26 12:21:11 Event: ULOG_JOB_HELD for HTCondor Node COLLECT (170271.8.0) {07/07/26 12:21:07}
07/07/26 12:21:11   Hold reason: Error from teaching5@idun.hpc.uni-saarland.de: Docker job has gone over memory limit of 64480 Mb
07/07/26 12:21:11 Number of idle job procs: 22
07/07/26 12:21:11 DAG status: 0 (DAG_STATUS_OK)
07/07/26 12:21:11 Of 5 nodes total:
07/07/26 12:21:11  Done     Pre   Queued    Post   Ready   Un-Ready   Failed   Futile
07/07/26 12:21:11   ===     ===      ===     ===     ===        ===      ===      ===
07/07/26 12:21:11     0       0        1       0       0          4        0        0
07/07/26 12:21:11 10 job proc(s) currently held
07/07/26 12:21:11 DAGMan Runtime Statistics: [EventCycleTimeAvg=0.014; EventCycleTimeMax=51.534; EventCycleTimeMin=0.000; EventCycleTimeStd=0.608; EventCycleTimeSum=185.036; SleepCycleTimeAvg=5.013; SleepCycleTimeMax=19.618; SleepCycleTimeMin=4.003; SleepCycleTimeStd=0.284; SleepCycleTimeSum=64371.313; SubmitCycleTimeAvg=0.000; SubmitCycleTimeMax=0.701; SubmitCycleTimeMin=0.000; SubmitCycleTimeStd=0.006; SubmitCycleTimeSum=0.709; EventCycleTimeCount=12842.000; SleepCycleTimeCount=12842.000; SubmitCycleTimeCount=12843.000; LogProcessCycleTimeAvg=0.006; LogProcessCycleTimeMax=0.120; LogProcessCycleTimeMin=0.002; LogProcessCycleTimeStd=0.020; LogProcessCycleTimeSum=0.219; LogProcessCycleTimeCount=35.000; ]
07/07/26 12:22:56 Currently monitoring 1 HTCondor log file(s)
07/07/26 12:22:56 Event: ULOG_EXECUTE for HTCondor Node COLLECT (170271.28.0) {07/07/26 12:22:54}
07/07/26 12:22:56 Number of idle job procs: 21
07/07/26 12:23:26 Currently monitoring 1 HTCondor log file(s)
07/07/26 12:23:26 Event: ULOG_JOB_EVICTED for HTCondor Node COLLECT (170271.3.0) {07/07/26 12:23:22}
07/07/26 12:23:26 Number of idle job procs: 22
07/07/26 12:23:26 Event: ULOG_JOB_HELD for HTCondor Node COLLECT (170271.3.0) {07/07/26 12:23:22}
07/07/26 12:23:26   Hold reason: Error from teaching6@lofn.hpc.uni-saarland.de: Docker job has gone over memory limit of 64480 Mb
07/07/26 12:23:26 Number of idle job procs: 22
07/07/26 12:23:26 DAG status: 0 (DAG_STATUS_OK)
07/07/26 12:23:26 Of 5 nodes total:
07/07/26 12:23:26  Done     Pre   Queued    Post   Ready   Un-Ready   Failed   Futile
07/07/26 12:23:26   ===     ===      ===     ===     ===        ===      ===      ===
07/07/26 12:23:26     0       0        1       0       0          4        0        0
07/07/26 12:23:26 11 job proc(s) currently held
07/07/26 12:23:26 DAGMan Runtime Statistics: [EventCycleTimeAvg=0.014; EventCycleTimeMax=51.534; EventCycleTimeMin=0.000; EventCycleTimeStd=0.607; EventCycleTimeSum=185.055; SleepCycleTimeAvg=5.013; SleepCycleTimeMax=19.618; SleepCycleTimeMin=4.003; SleepCycleTimeStd=0.284; SleepCycleTimeSum=64506.420; SubmitCycleTimeAvg=0.000; SubmitCycleTimeMax=0.701; SubmitCycleTimeMin=0.000; SubmitCycleTimeStd=0.006; SubmitCycleTimeSum=0.709; EventCycleTimeCount=12869.000; SleepCycleTimeCount=12869.000; SubmitCycleTimeCount=12870.000; LogProcessCycleTimeAvg=0.006; LogProcessCycleTimeMax=0.120; LogProcessCycleTimeMin=0.002; LogProcessCycleTimeStd=0.019; LogProcessCycleTimeSum=0.226; LogProcessCycleTimeCount=37.000; ]
07/07/26 12:23:46 Currently monitoring 1 HTCondor log file(s)
07/07/26 12:23:46 Event: ULOG_EXECUTE for HTCondor Node COLLECT (170271.29.0) {07/07/26 12:23:44}
07/07/26 12:23:46 Number of idle job procs: 21
07/07/26 12:23:46 Event: ULOG_EXECUTE for HTCondor Node COLLECT (170271.30.0) {07/07/26 12:23:44}
07/07/26 12:23:46 Number of idle job procs: 20
07/07/26 12:24:47 Currently monitoring 1 HTCondor log file(s)
07/07/26 12:24:47 Event: ULOG_EXECUTE for HTCondor Node COLLECT (170271.31.0) {07/07/26 12:24:45}
07/07/26 12:24:47 Number of idle job procs: 19
07/07/26 12:24:47 Event: ULOG_EXECUTE for HTCondor Node COLLECT (170271.32.0) {07/07/26 12:24:45}
07/07/26 12:24:47 Number of idle job procs: 18
07/07/26 12:26:37 Total jobs placed to AP: 40
07/07/26 12:26:37      Idle     Held     Running     Successful     Failed
07/07/26 12:26:37       ===      ===         ===            ===        ===
07/07/26 12:26:37         7       11          22              0          0
07/07/26 12:28:02 Currently monitoring 1 HTCondor log file(s)
07/07/26 12:28:02 Event: ULOG_JOB_EVICTED for HTCondor Node COLLECT (170271.13.0) {07/07/26 12:27:59}
07/07/26 12:28:02 Number of idle job procs: 19
07/07/26 12:28:02 Event: ULOG_JOB_HELD for HTCondor Node COLLECT (170271.13.0) {07/07/26 12:27:59}
07/07/26 12:28:02   Hold reason: Error from teaching2@uller.hpc.uni-saarland.de: Docker job has gone over memory limit of 73692 Mb
07/07/26 12:28:02 Number of idle job procs: 19
07/07/26 12:28:02 DAG status: 0 (DAG_STATUS_OK)
07/07/26 12:28:02 Of 5 nodes total:
07/07/26 12:28:02  Done     Pre   Queued    Post   Ready   Un-Ready   Failed   Futile
07/07/26 12:28:02   ===     ===      ===     ===     ===        ===      ===      ===
07/07/26 12:28:02     0       0        1       0       0          4        0        0
07/07/26 12:28:02 12 job proc(s) currently held
07/07/26 12:28:02 DAGMan Runtime Statistics: [EventCycleTimeAvg=0.014; EventCycleTimeMax=51.534; EventCycleTimeMin=0.000; EventCycleTimeStd=0.606; EventCycleTimeSum=185.084; SleepCycleTimeAvg=5.013; SleepCycleTimeMax=19.618; SleepCycleTimeMin=4.003; SleepCycleTimeStd=0.283; SleepCycleTimeSum=64781.666; SubmitCycleTimeAvg=0.000; SubmitCycleTimeMax=0.701; SubmitCycleTimeMin=0.000; SubmitCycleTimeStd=0.006; SubmitCycleTimeSum=0.709; EventCycleTimeCount=12924.000; SleepCycleTimeCount=12924.000; SubmitCycleTimeCount=12925.000; LogProcessCycleTimeAvg=0.006; LogProcessCycleTimeMax=0.120; LogProcessCycleTimeMin=0.002; LogProcessCycleTimeStd=0.018; LogProcessCycleTimeSum=0.239; LogProcessCycleTimeCount=40.000; ]
07/07/26 12:31:17 Currently monitoring 1 HTCondor log file(s)
07/07/26 12:31:17 Event: ULOG_EXECUTE for HTCondor Node COLLECT (170271.33.0) {07/07/26 12:31:13}
07/07/26 12:31:17 Number of idle job procs: 18
07/07/26 12:31:32 Currently monitoring 1 HTCondor log file(s)
07/07/26 12:31:32 Event: ULOG_JOB_EVICTED for HTCondor Node COLLECT (170271.11.0) {07/07/26 12:31:28}
07/07/26 12:31:32 Number of idle job procs: 19
07/07/26 12:31:32 Event: ULOG_JOB_HELD for HTCondor Node COLLECT (170271.11.0) {07/07/26 12:31:28}
07/07/26 12:31:32   Hold reason: Error from teaching1@uller.hpc.uni-saarland.de: Docker job has gone over memory limit of 73692 Mb
07/07/26 12:31:32 Number of idle job procs: 19
07/07/26 12:31:32 DAG status: 0 (DAG_STATUS_OK)
07/07/26 12:31:32 Of 5 nodes total:
07/07/26 12:31:32  Done     Pre   Queued    Post   Ready   Un-Ready   Failed   Futile
07/07/26 12:31:32   ===     ===      ===     ===     ===        ===      ===      ===
07/07/26 12:31:32     0       0        1       0       0          4        0        0
07/07/26 12:31:32 13 job proc(s) currently held
07/07/26 12:31:32 DAGMan Runtime Statistics: [EventCycleTimeAvg=0.014; EventCycleTimeMax=51.534; EventCycleTimeMin=0.000; EventCycleTimeStd=0.605; EventCycleTimeSum=185.097; SleepCycleTimeAvg=5.012; SleepCycleTimeMax=19.618; SleepCycleTimeMin=4.003; SleepCycleTimeStd=0.283; SleepCycleTimeSum=64991.833; SubmitCycleTimeAvg=0.000; SubmitCycleTimeMax=0.701; SubmitCycleTimeMin=0.000; SubmitCycleTimeStd=0.006; SubmitCycleTimeSum=0.709; EventCycleTimeCount=12966.000; SleepCycleTimeCount=12966.000; SubmitCycleTimeCount=12967.000; LogProcessCycleTimeAvg=0.006; LogProcessCycleTimeMax=0.120; LogProcessCycleTimeMin=0.002; LogProcessCycleTimeStd=0.018; LogProcessCycleTimeSum=0.245; LogProcessCycleTimeCount=42.000; ]
07/07/26 12:32:17 Currently monitoring 1 HTCondor log file(s)
07/07/26 12:32:17 Event: ULOG_EXECUTE for HTCondor Node COLLECT (170271.35.0) {07/07/26 12:32:14}
07/07/26 12:32:17 Number of idle job procs: 18
07/07/26 12:32:17 Event: ULOG_EXECUTE for HTCondor Node COLLECT (170271.34.0) {07/07/26 12:32:14}
07/07/26 12:32:17 Number of idle job procs: 17
07/07/26 12:32:52 Currently monitoring 1 HTCondor log file(s)
07/07/26 12:32:52 Event: ULOG_JOB_EVICTED for HTCondor Node COLLECT (170271.10.0) {07/07/26 12:32:50}
07/07/26 12:32:52 Number of idle job procs: 18
07/07/26 12:32:52 Event: ULOG_JOB_HELD for HTCondor Node COLLECT (170271.10.0) {07/07/26 12:32:50}
07/07/26 12:32:52   Hold reason: Error from teaching5@lofn.hpc.uni-saarland.de: Docker job has gone over memory limit of 64480 Mb
07/07/26 12:32:52 Number of idle job procs: 18
07/07/26 12:32:52 DAG status: 0 (DAG_STATUS_OK)
07/07/26 12:32:52 Of 5 nodes total:
07/07/26 12:32:52  Done     Pre   Queued    Post   Ready   Un-Ready   Failed   Futile
07/07/26 12:32:52   ===     ===      ===     ===     ===        ===      ===      ===
07/07/26 12:32:52     0       0        1       0       0          4        0        0
07/07/26 12:32:52 14 job proc(s) currently held
07/07/26 12:32:52 DAGMan Runtime Statistics: [EventCycleTimeAvg=0.014; EventCycleTimeMax=51.534; EventCycleTimeMin=0.000; EventCycleTimeStd=0.605; EventCycleTimeSum=185.114; SleepCycleTimeAvg=5.012; SleepCycleTimeMax=19.618; SleepCycleTimeMin=4.003; SleepCycleTimeStd=0.283; SleepCycleTimeSum=65071.892; SubmitCycleTimeAvg=0.000; SubmitCycleTimeMax=0.701; SubmitCycleTimeMin=0.000; SubmitCycleTimeStd=0.006; SubmitCycleTimeSum=0.709; EventCycleTimeCount=12982.000; SleepCycleTimeCount=12982.000; SubmitCycleTimeCount=12983.000; LogProcessCycleTimeAvg=0.006; LogProcessCycleTimeMax=0.120; LogProcessCycleTimeMin=0.002; LogProcessCycleTimeStd=0.018; LogProcessCycleTimeSum=0.256; LogProcessCycleTimeCount=44.000; ]
07/07/26 12:34:52 Currently monitoring 1 HTCondor log file(s)
07/07/26 12:34:52 Event: ULOG_EXECUTE for HTCondor Node COLLECT (170271.37.0) {07/07/26 12:34:51}
07/07/26 12:34:52 Number of idle job procs: 17
07/07/26 12:34:52 Event: ULOG_EXECUTE for HTCondor Node COLLECT (170271.36.0) {07/07/26 12:34:51}
07/07/26 12:34:52 Number of idle job procs: 16
07/07/26 12:39:52 Currently monitoring 1 HTCondor log file(s)
07/07/26 12:39:52 Event: ULOG_EXECUTE for HTCondor Node COLLECT (170271.38.0) {07/07/26 12:39:51}
07/07/26 12:39:52 Number of idle job procs: 15
07/07/26 12:41:37 Total jobs placed to AP: 40
07/07/26 12:41:37      Idle     Held     Running     Successful     Failed
07/07/26 12:41:37       ===      ===         ===            ===        ===
07/07/26 12:41:37         1       14          25              0          0
07/07/26 12:42:53 Currently monitoring 1 HTCondor log file(s)
07/07/26 12:42:53 Event: ULOG_EXECUTE for HTCondor Node COLLECT (170271.39.0) {07/07/26 12:42:50}
07/07/26 12:42:53 Number of idle job procs: 14
07/07/26 12:52:53 600 seconds since last log event
07/07/26 12:52:53 Pending DAG nodes:
07/07/26 12:52:53   Node COLLECT, HTCondor ID 170271, status STATUS_SUBMITTED
07/07/26 12:56:38 Total jobs placed to AP: 40
07/07/26 12:56:38      Idle     Held     Running     Successful     Failed
07/07/26 12:56:38       ===      ===         ===            ===        ===
07/07/26 12:56:38         0       14          26              0          0
07/07/26 13:02:54 1201 seconds since last log event
07/07/26 13:02:54 Pending DAG nodes:
07/07/26 13:02:54   Node COLLECT, HTCondor ID 170271, status STATUS_SUBMITTED
07/07/26 13:11:39 Currently monitoring 1 HTCondor log file(s)
07/07/26 13:11:39 Event: ULOG_JOB_EVICTED for HTCondor Node COLLECT (170271.24.0) {07/07/26 13:11:39}
07/07/26 13:11:39 Number of idle job procs: 15
07/07/26 13:11:39 Event: ULOG_JOB_HELD for HTCondor Node COLLECT (170271.24.0) {07/07/26 13:11:39}
07/07/26 13:11:39   Hold reason: Error from teaching1@idun.hpc.uni-saarland.de: Docker job has gone over memory limit of 64480 Mb
07/07/26 13:11:39 Number of idle job procs: 15
07/07/26 13:11:39 DAG status: 0 (DAG_STATUS_OK)
07/07/26 13:11:39 Of 5 nodes total:
07/07/26 13:11:39  Done     Pre   Queued    Post   Ready   Un-Ready   Failed   Futile
07/07/26 13:11:39   ===     ===      ===     ===     ===        ===      ===      ===
07/07/26 13:11:39     0       0        1       0       0          4        0        0
07/07/26 13:11:39 15 job proc(s) currently held
07/07/26 13:11:39 DAGMan Runtime Statistics: [EventCycleTimeAvg=0.014; EventCycleTimeMax=51.534; EventCycleTimeMin=0.000; EventCycleTimeStd=0.594; EventCycleTimeSum=185.227; SleepCycleTimeAvg=5.012; SleepCycleTimeMax=19.618; SleepCycleTimeMin=4.003; SleepCycleTimeStd=0.278; SleepCycleTimeSum=67398.934; SubmitCycleTimeAvg=0.000; SubmitCycleTimeMax=0.701; SubmitCycleTimeMin=0.000; SubmitCycleTimeStd=0.006; SubmitCycleTimeSum=0.710; EventCycleTimeCount=13447.000; SleepCycleTimeCount=13447.000; SubmitCycleTimeCount=13448.000; LogProcessCycleTimeAvg=0.006; LogProcessCycleTimeMax=0.120; LogProcessCycleTimeMin=0.002; LogProcessCycleTimeStd=0.017; LogProcessCycleTimeSum=0.270; LogProcessCycleTimeCount=48.000; ]
07/07/26 13:11:39 Total jobs placed to AP: 40
07/07/26 13:11:39      Idle     Held     Running     Successful     Failed
07/07/26 13:11:39       ===      ===         ===            ===        ===
07/07/26 13:11:39         0       15          25              0          0
07/07/26 13:20:00 Currently monitoring 1 HTCondor log file(s)
07/07/26 13:20:00 Event: ULOG_JOB_EVICTED for HTCondor Node COLLECT (170271.25.0) {07/07/26 13:19:59}
07/07/26 13:20:00 Number of idle job procs: 16
07/07/26 13:20:00 Event: ULOG_JOB_HELD for HTCondor Node COLLECT (170271.25.0) {07/07/26 13:19:59}
07/07/26 13:20:00   Hold reason: Error from teaching4@idun.hpc.uni-saarland.de: Docker job has gone over memory limit of 64480 Mb
07/07/26 13:20:00 Number of idle job procs: 16
07/07/26 13:20:00 DAG status: 0 (DAG_STATUS_OK)
07/07/26 13:20:00 Of 5 nodes total:
07/07/26 13:20:00  Done     Pre   Queued    Post   Ready   Un-Ready   Failed   Futile
07/07/26 13:20:00   ===     ===      ===     ===     ===        ===      ===      ===
07/07/26 13:20:00     0       0        1       0       0          4        0        0
07/07/26 13:20:00 16 job proc(s) currently held
07/07/26 13:20:00 DAGMan Runtime Statistics: [EventCycleTimeAvg=0.014; EventCycleTimeMax=51.534; EventCycleTimeMin=0.000; EventCycleTimeStd=0.592; EventCycleTimeSum=185.257; SleepCycleTimeAvg=5.012; SleepCycleTimeMax=19.618; SleepCycleTimeMin=4.003; SleepCycleTimeStd=0.277; SleepCycleTimeSum=67899.352; SubmitCycleTimeAvg=0.000; SubmitCycleTimeMax=0.701; SubmitCycleTimeMin=0.000; SubmitCycleTimeStd=0.006; SubmitCycleTimeSum=0.710; EventCycleTimeCount=13547.000; SleepCycleTimeCount=13547.000; SubmitCycleTimeCount=13548.000; LogProcessCycleTimeAvg=0.006; LogProcessCycleTimeMax=0.120; LogProcessCycleTimeMin=0.002; LogProcessCycleTimeStd=0.017; LogProcessCycleTimeSum=0.276; LogProcessCycleTimeCount=49.000; ]
07/07/26 13:21:05 Currently monitoring 1 HTCondor log file(s)
07/07/26 13:21:05 Event: ULOG_JOB_EVICTED for HTCondor Node COLLECT (170271.22.0) {07/07/26 13:21:01}
07/07/26 13:21:05 Number of idle job procs: 17
07/07/26 13:21:05 Event: ULOG_JOB_HELD for HTCondor Node COLLECT (170271.22.0) {07/07/26 13:21:01}
07/07/26 13:21:05   Hold reason: Error from teaching4@uller.hpc.uni-saarland.de: Docker job has gone over memory limit of 73692 Mb
07/07/26 13:21:05 Number of idle job procs: 17
07/07/26 13:21:05 DAG status: 0 (DAG_STATUS_OK)
07/07/26 13:21:05 Of 5 nodes total:
07/07/26 13:21:05  Done     Pre   Queued    Post   Ready   Un-Ready   Failed   Futile
07/07/26 13:21:05   ===     ===      ===     ===     ===        ===      ===      ===
07/07/26 13:21:05     0       0        1       0       0          4        0        0
07/07/26 13:21:05 17 job proc(s) currently held
07/07/26 13:21:05 DAGMan Runtime Statistics: [EventCycleTimeAvg=0.014; EventCycleTimeMax=51.534; EventCycleTimeMin=0.000; EventCycleTimeStd=0.591; EventCycleTimeSum=185.272; SleepCycleTimeAvg=5.012; SleepCycleTimeMax=19.618; SleepCycleTimeMin=4.003; SleepCycleTimeStd=0.277; SleepCycleTimeSum=67964.402; SubmitCycleTimeAvg=0.000; SubmitCycleTimeMax=0.701; SubmitCycleTimeMin=0.000; SubmitCycleTimeStd=0.006; SubmitCycleTimeSum=0.710; EventCycleTimeCount=13560.000; SleepCycleTimeCount=13560.000; SubmitCycleTimeCount=13561.000; LogProcessCycleTimeAvg=0.006; LogProcessCycleTimeMax=0.120; LogProcessCycleTimeMin=0.002; LogProcessCycleTimeStd=0.017; LogProcessCycleTimeSum=0.280; LogProcessCycleTimeCount=50.000; ]
07/07/26 13:22:55 Currently monitoring 1 HTCondor log file(s)
07/07/26 13:22:55 Event: ULOG_JOB_EVICTED for HTCondor Node COLLECT (170271.20.0) {07/07/26 13:22:53}
07/07/26 13:22:55 Number of idle job procs: 18
07/07/26 13:22:55 Event: ULOG_JOB_HELD for HTCondor Node COLLECT (170271.20.0) {07/07/26 13:22:53}
07/07/26 13:22:55   Hold reason: Error from teaching4@lofn.hpc.uni-saarland.de: Docker job has gone over memory limit of 64480 Mb
07/07/26 13:22:55 Number of idle job procs: 18
07/07/26 13:22:55 DAG status: 0 (DAG_STATUS_OK)
07/07/26 13:22:55 Of 5 nodes total:
07/07/26 13:22:55  Done     Pre   Queued    Post   Ready   Un-Ready   Failed   Futile
07/07/26 13:22:55   ===     ===      ===     ===     ===        ===      ===      ===
07/07/26 13:22:55     0       0        1       0       0          4        0        0
07/07/26 13:22:55 18 job proc(s) currently held
07/07/26 13:22:55 DAGMan Runtime Statistics: [EventCycleTimeAvg=0.014; EventCycleTimeMax=51.534; EventCycleTimeMin=0.000; EventCycleTimeStd=0.591; EventCycleTimeSum=185.292; SleepCycleTimeAvg=5.012; SleepCycleTimeMax=19.618; SleepCycleTimeMin=4.003; SleepCycleTimeStd=0.276; SleepCycleTimeSum=68074.490; SubmitCycleTimeAvg=0.000; SubmitCycleTimeMax=0.701; SubmitCycleTimeMin=0.000; SubmitCycleTimeStd=0.006; SubmitCycleTimeSum=0.710; EventCycleTimeCount=13582.000; SleepCycleTimeCount=13582.000; SubmitCycleTimeCount=13583.000; LogProcessCycleTimeAvg=0.006; LogProcessCycleTimeMax=0.120; LogProcessCycleTimeMin=0.002; LogProcessCycleTimeStd=0.016; LogProcessCycleTimeSum=0.285; LogProcessCycleTimeCount=51.000; ]
07/07/26 13:23:25 Currently monitoring 1 HTCondor log file(s)
07/07/26 13:23:25 Event: ULOG_JOB_EVICTED for HTCondor Node COLLECT (170271.15.0) {07/07/26 13:23:20}
07/07/26 13:23:25 Number of idle job procs: 19
07/07/26 13:23:25 Event: ULOG_JOB_HELD for HTCondor Node COLLECT (170271.15.0) {07/07/26 13:23:20}
07/07/26 13:23:25   Hold reason: Error from teaching2@tenos.hpc.uni-saarland.de: Docker job has gone over memory limit of 96737 Mb
07/07/26 13:23:25 Number of idle job procs: 19
07/07/26 13:23:25 DAG status: 0 (DAG_STATUS_OK)
07/07/26 13:23:25 Of 5 nodes total:
07/07/26 13:23:25  Done     Pre   Queued    Post   Ready   Un-Ready   Failed   Futile
07/07/26 13:23:25   ===     ===      ===     ===     ===        ===      ===      ===
07/07/26 13:23:25     0       0        1       0       0          4        0        0
07/07/26 13:23:25 19 job proc(s) currently held
07/07/26 13:23:25 DAGMan Runtime Statistics: [EventCycleTimeAvg=0.014; EventCycleTimeMax=51.534; EventCycleTimeMin=0.000; EventCycleTimeStd=0.591; EventCycleTimeSum=185.302; SleepCycleTimeAvg=5.012; SleepCycleTimeMax=19.618; SleepCycleTimeMin=4.003; SleepCycleTimeStd=0.276; SleepCycleTimeSum=68104.512; SubmitCycleTimeAvg=0.000; SubmitCycleTimeMax=0.701; SubmitCycleTimeMin=0.000; SubmitCycleTimeStd=0.006; SubmitCycleTimeSum=0.710; EventCycleTimeCount=13588.000; SleepCycleTimeCount=13588.000; SubmitCycleTimeCount=13589.000; LogProcessCycleTimeAvg=0.006; LogProcessCycleTimeMax=0.120; LogProcessCycleTimeMin=0.002; LogProcessCycleTimeStd=0.016; LogProcessCycleTimeSum=0.290; LogProcessCycleTimeCount=52.000; ]
07/07/26 13:26:40 Total jobs placed to AP: 40
07/07/26 13:26:40      Idle     Held     Running     Successful     Failed
07/07/26 13:26:40       ===      ===         ===            ===        ===
07/07/26 13:26:40         0       19          21              0          0
07/07/26 13:27:25 Currently monitoring 1 HTCondor log file(s)
07/07/26 13:27:25 Event: ULOG_JOB_EVICTED for HTCondor Node COLLECT (170271.16.0) {07/07/26 13:27:24}
07/07/26 13:27:25 Number of idle job procs: 20
07/07/26 13:27:25 Event: ULOG_JOB_HELD for HTCondor Node COLLECT (170271.16.0) {07/07/26 13:27:24}
07/07/26 13:27:25   Hold reason: Error from teaching6@thera.hpc.uni-saarland.de: Docker job has gone over memory limit of 96737 Mb
07/07/26 13:27:25 Number of idle job procs: 20
07/07/26 13:27:25 DAG status: 0 (DAG_STATUS_OK)
07/07/26 13:27:25 Of 5 nodes total:
07/07/26 13:27:25  Done     Pre   Queued    Post   Ready   Un-Ready   Failed   Futile
07/07/26 13:27:25   ===     ===      ===     ===     ===        ===      ===      ===
07/07/26 13:27:25     0       0        1       0       0          4        0        0
07/07/26 13:27:25 20 job proc(s) currently held
07/07/26 13:27:25 DAGMan Runtime Statistics: [EventCycleTimeAvg=0.014; EventCycleTimeMax=51.534; EventCycleTimeMin=0.000; EventCycleTimeStd=0.590; EventCycleTimeSum=185.326; SleepCycleTimeAvg=5.012; SleepCycleTimeMax=19.618; SleepCycleTimeMin=4.003; SleepCycleTimeStd=0.276; SleepCycleTimeSum=68344.705; SubmitCycleTimeAvg=0.000; SubmitCycleTimeMax=0.701; SubmitCycleTimeMin=0.000; SubmitCycleTimeStd=0.006; SubmitCycleTimeSum=0.710; EventCycleTimeCount=13636.000; SleepCycleTimeCount=13636.000; SubmitCycleTimeCount=13637.000; LogProcessCycleTimeAvg=0.006; LogProcessCycleTimeMax=0.120; LogProcessCycleTimeMin=0.002; LogProcessCycleTimeStd=0.016; LogProcessCycleTimeSum=0.293; LogProcessCycleTimeCount=53.000; ]
07/07/26 13:27:35 Currently monitoring 1 HTCondor log file(s)
07/07/26 13:27:35 Event: ULOG_JOB_EVICTED for HTCondor Node COLLECT (170271.14.0) {07/07/26 13:27:32}
07/07/26 13:27:35 Number of idle job procs: 21
07/07/26 13:27:35 Event: ULOG_JOB_HELD for HTCondor Node COLLECT (170271.14.0) {07/07/26 13:27:32}
07/07/26 13:27:35   Hold reason: Error from teaching1@tenos.hpc.uni-saarland.de: Docker job has gone over memory limit of 96737 Mb
07/07/26 13:27:35 Number of idle job procs: 21
07/07/26 13:27:35 DAG status: 0 (DAG_STATUS_OK)
07/07/26 13:27:35 Of 5 nodes total:
07/07/26 13:27:35  Done     Pre   Queued    Post   Ready   Un-Ready   Failed   Futile
07/07/26 13:27:35   ===     ===      ===     ===     ===        ===      ===      ===
07/07/26 13:27:35     0       0        1       0       0          4        0        0
07/07/26 13:27:35 21 job proc(s) currently held
07/07/26 13:27:35 DAGMan Runtime Statistics: [EventCycleTimeAvg=0.014; EventCycleTimeMax=51.534; EventCycleTimeMin=0.000; EventCycleTimeStd=0.590; EventCycleTimeSum=185.332; SleepCycleTimeAvg=5.012; SleepCycleTimeMax=19.618; SleepCycleTimeMin=4.003; SleepCycleTimeStd=0.276; SleepCycleTimeSum=68354.710; SubmitCycleTimeAvg=0.000; SubmitCycleTimeMax=0.701; SubmitCycleTimeMin=0.000; SubmitCycleTimeStd=0.006; SubmitCycleTimeSum=0.710; EventCycleTimeCount=13638.000; SleepCycleTimeCount=13638.000; SubmitCycleTimeCount=13639.000; LogProcessCycleTimeAvg=0.005; LogProcessCycleTimeMax=0.120; LogProcessCycleTimeMin=0.002; LogProcessCycleTimeStd=0.016; LogProcessCycleTimeSum=0.297; LogProcessCycleTimeCount=54.000; ]
07/07/26 13:31:45 Currently monitoring 1 HTCondor log file(s)
07/07/26 13:31:45 Event: ULOG_JOB_EVICTED for HTCondor Node COLLECT (170271.29.0) {07/07/26 13:31:41}
07/07/26 13:31:45 Number of idle job procs: 22
07/07/26 13:31:45 Event: ULOG_JOB_HELD for HTCondor Node COLLECT (170271.29.0) {07/07/26 13:31:41}
07/07/26 13:31:45   Hold reason: Error from teaching3@idun.hpc.uni-saarland.de: Docker job has gone over memory limit of 64480 Mb
07/07/26 13:31:45 Number of idle job procs: 22
07/07/26 13:31:45 Event: ULOG_JOB_EVICTED for HTCondor Node COLLECT (170271.28.0) {07/07/26 13:31:42}
07/07/26 13:31:45 Number of idle job procs: 23
07/07/26 13:31:45 Event: ULOG_JOB_HELD for HTCondor Node COLLECT (170271.28.0) {07/07/26 13:31:42}
07/07/26 13:31:45   Hold reason: Error from teaching2@idun.hpc.uni-saarland.de: Docker job has gone over memory limit of 64480 Mb
07/07/26 13:31:45 Number of idle job procs: 23
07/07/26 13:31:45 Event: ULOG_JOB_EVICTED for HTCondor Node COLLECT (170271.30.0) {07/07/26 13:31:42}
07/07/26 13:31:45 Number of idle job procs: 24
07/07/26 13:31:45 Event: ULOG_JOB_HELD for HTCondor Node COLLECT (170271.30.0) {07/07/26 13:31:42}
07/07/26 13:31:45   Hold reason: Error from teaching6@idun.hpc.uni-saarland.de: Docker job has gone over memory limit of 64480 Mb
07/07/26 13:31:45 Number of idle job procs: 24
07/07/26 13:31:45 DAG status: 0 (DAG_STATUS_OK)
07/07/26 13:31:45 Of 5 nodes total:
07/07/26 13:31:45  Done     Pre   Queued    Post   Ready   Un-Ready   Failed   Futile
07/07/26 13:31:45   ===     ===      ===     ===     ===        ===      ===      ===
07/07/26 13:31:45     0       0        1       0       0          4        0        0
07/07/26 13:31:45 24 job proc(s) currently held
07/07/26 13:31:45 DAGMan Runtime Statistics: [EventCycleTimeAvg=0.014; EventCycleTimeMax=51.534; EventCycleTimeMin=0.000; EventCycleTimeStd=0.589; EventCycleTimeSum=185.342; SleepCycleTimeAvg=5.012; SleepCycleTimeMax=19.618; SleepCycleTimeMin=4.003; SleepCycleTimeStd=0.275; SleepCycleTimeSum=68604.921; SubmitCycleTimeAvg=0.000; SubmitCycleTimeMax=0.701; SubmitCycleTimeMin=0.000; SubmitCycleTimeStd=0.006; SubmitCycleTimeSum=0.710; EventCycleTimeCount=13688.000; SleepCycleTimeCount=13688.000; SubmitCycleTimeCount=13689.000; LogProcessCycleTimeAvg=0.006; LogProcessCycleTimeMax=0.120; LogProcessCycleTimeMin=0.002; LogProcessCycleTimeStd=0.016; LogProcessCycleTimeSum=0.306; LogProcessCycleTimeCount=55.000; ]
07/07/26 13:33:45 Currently monitoring 1 HTCondor log file(s)
07/07/26 13:33:45 Event: ULOG_JOB_EVICTED for HTCondor Node COLLECT (170271.31.0) {07/07/26 13:33:45}
07/07/26 13:33:45 Number of idle job procs: 25
07/07/26 13:33:45 Event: ULOG_JOB_HELD for HTCondor Node COLLECT (170271.31.0) {07/07/26 13:33:45}
07/07/26 13:33:45   Hold reason: Error from teaching3@lofn.hpc.uni-saarland.de: Docker job has gone over memory limit of 64480 Mb
07/07/26 13:33:45 Number of idle job procs: 25
07/07/26 13:33:45 DAG status: 0 (DAG_STATUS_OK)
07/07/26 13:33:45 Of 5 nodes total:
07/07/26 13:33:45  Done     Pre   Queued    Post   Ready   Un-Ready   Failed   Futile
07/07/26 13:33:45   ===     ===      ===     ===     ===        ===      ===      ===
07/07/26 13:33:45     0       0        1       0       0          4        0        0
07/07/26 13:33:45 25 job proc(s) currently held
07/07/26 13:33:45 DAGMan Runtime Statistics: [EventCycleTimeAvg=0.014; EventCycleTimeMax=51.534; EventCycleTimeMin=0.000; EventCycleTimeStd=0.588; EventCycleTimeSum=185.365; SleepCycleTimeAvg=5.012; SleepCycleTimeMax=19.618; SleepCycleTimeMin=4.003; SleepCycleTimeStd=0.275; SleepCycleTimeSum=68725.017; SubmitCycleTimeAvg=0.000; SubmitCycleTimeMax=0.701; SubmitCycleTimeMin=0.000; SubmitCycleTimeStd=0.006; SubmitCycleTimeSum=0.710; EventCycleTimeCount=13712.000; SleepCycleTimeCount=13712.000; SubmitCycleTimeCount=13713.000; LogProcessCycleTimeAvg=0.006; LogProcessCycleTimeMax=0.120; LogProcessCycleTimeMin=0.002; LogProcessCycleTimeStd=0.016; LogProcessCycleTimeSum=0.311; LogProcessCycleTimeCount=56.000; ]
07/07/26 13:36:05 Currently monitoring 1 HTCondor log file(s)
07/07/26 13:36:05 Event: ULOG_JOB_EVICTED for HTCondor Node COLLECT (170271.32.0) {07/07/26 13:36:02}
07/07/26 13:36:05 Number of idle job procs: 26
07/07/26 13:36:05 Event: ULOG_JOB_HELD for HTCondor Node COLLECT (170271.32.0) {07/07/26 13:36:02}
07/07/26 13:36:05   Hold reason: Error from teaching7@lofn.hpc.uni-saarland.de: Docker job has gone over memory limit of 64480 Mb
07/07/26 13:36:05 Number of idle job procs: 26
07/07/26 13:36:05 DAG status: 0 (DAG_STATUS_OK)
07/07/26 13:36:05 Of 5 nodes total:
07/07/26 13:36:05  Done     Pre   Queued    Post   Ready   Un-Ready   Failed   Futile
07/07/26 13:36:05   ===     ===      ===     ===     ===        ===      ===      ===
07/07/26 13:36:05     0       0        1       0       0          4        0        0
07/07/26 13:36:05 26 job proc(s) currently held
07/07/26 13:36:05 DAGMan Runtime Statistics: [EventCycleTimeAvg=0.013; EventCycleTimeMax=51.534; EventCycleTimeMin=0.000; EventCycleTimeStd=0.588; EventCycleTimeSum=185.375; SleepCycleTimeAvg=5.012; SleepCycleTimeMax=19.618; SleepCycleTimeMin=4.003; SleepCycleTimeStd=0.275; SleepCycleTimeSum=68865.127; SubmitCycleTimeAvg=0.000; SubmitCycleTimeMax=0.701; SubmitCycleTimeMin=0.000; SubmitCycleTimeStd=0.006; SubmitCycleTimeSum=0.710; EventCycleTimeCount=13740.000; SleepCycleTimeCount=13740.000; SubmitCycleTimeCount=13741.000; LogProcessCycleTimeAvg=0.006; LogProcessCycleTimeMax=0.120; LogProcessCycleTimeMin=0.002; LogProcessCycleTimeStd=0.015; LogProcessCycleTimeSum=0.317; LogProcessCycleTimeCount=57.000; ]
07/07/26 13:38:56 Currently monitoring 1 HTCondor log file(s)
07/07/26 13:38:56 Event: ULOG_JOB_EVICTED for HTCondor Node COLLECT (170271.18.0) {07/07/26 13:38:54}
07/07/26 13:38:56 Number of idle job procs: 27
07/07/26 13:38:56 Event: ULOG_JOB_HELD for HTCondor Node COLLECT (170271.18.0) {07/07/26 13:38:54}
07/07/26 13:38:56   Hold reason: Error from teaching5@tenos.hpc.uni-saarland.de: Docker job has gone over memory limit of 96737 Mb
07/07/26 13:38:56 Number of idle job procs: 27
07/07/26 13:38:56 DAG status: 0 (DAG_STATUS_OK)
07/07/26 13:38:56 Of 5 nodes total:
07/07/26 13:38:56  Done     Pre   Queued    Post   Ready   Un-Ready   Failed   Futile
07/07/26 13:38:56   ===     ===      ===     ===     ===        ===      ===      ===
07/07/26 13:38:56     0       0        1       0       0          4        0        0
07/07/26 13:38:56 27 job proc(s) currently held
07/07/26 13:38:56 DAGMan Runtime Statistics: [EventCycleTimeAvg=0.013; EventCycleTimeMax=51.534; EventCycleTimeMin=0.000; EventCycleTimeStd=0.587; EventCycleTimeSum=185.396; SleepCycleTimeAvg=5.012; SleepCycleTimeMax=19.618; SleepCycleTimeMin=4.003; SleepCycleTimeStd=0.275; SleepCycleTimeSum=69035.290; SubmitCycleTimeAvg=0.000; SubmitCycleTimeMax=0.701; SubmitCycleTimeMin=0.000; SubmitCycleTimeStd=0.006; SubmitCycleTimeSum=0.710; EventCycleTimeCount=13774.000; SleepCycleTimeCount=13774.000; SubmitCycleTimeCount=13775.000; LogProcessCycleTimeAvg=0.006; LogProcessCycleTimeMax=0.120; LogProcessCycleTimeMin=0.002; LogProcessCycleTimeStd=0.015; LogProcessCycleTimeSum=0.323; LogProcessCycleTimeCount=58.000; ]
07/07/26 13:41:06 Currently monitoring 1 HTCondor log file(s)
07/07/26 13:41:06 Event: ULOG_JOB_EVICTED for HTCondor Node COLLECT (170271.33.0) {07/07/26 13:41:03}
07/07/26 13:41:06 Number of idle job procs: 28
07/07/26 13:41:06 Event: ULOG_JOB_HELD for HTCondor Node COLLECT (170271.33.0) {07/07/26 13:41:03}
07/07/26 13:41:06   Hold reason: Error from teaching2@lofn.hpc.uni-saarland.de: Docker job has gone over memory limit of 64480 Mb
07/07/26 13:41:06 Number of idle job procs: 28
07/07/26 13:41:06 Event: ULOG_JOB_EVICTED for HTCondor Node COLLECT (170271.34.0) {07/07/26 13:41:04}
07/07/26 13:41:06 Number of idle job procs: 29
07/07/26 13:41:06 Event: ULOG_JOB_HELD for HTCondor Node COLLECT (170271.34.0) {07/07/26 13:41:04}
07/07/26 13:41:06   Hold reason: Error from teaching8@lofn.hpc.uni-saarland.de: Docker job has gone over memory limit of 64480 Mb
07/07/26 13:41:06 Number of idle job procs: 29
07/07/26 13:41:06 DAG status: 0 (DAG_STATUS_OK)
07/07/26 13:41:06 Of 5 nodes total:
07/07/26 13:41:06  Done     Pre   Queued    Post   Ready   Un-Ready   Failed   Futile
07/07/26 13:41:06   ===     ===      ===     ===     ===        ===      ===      ===
07/07/26 13:41:06     0       0        1       0       0          4        0        0
07/07/26 13:41:06 29 job proc(s) currently held
07/07/26 13:41:06 DAGMan Runtime Statistics: [EventCycleTimeAvg=0.013; EventCycleTimeMax=51.534; EventCycleTimeMin=0.000; EventCycleTimeStd=0.586; EventCycleTimeSum=185.411; SleepCycleTimeAvg=5.012; SleepCycleTimeMax=19.618; SleepCycleTimeMin=4.003; SleepCycleTimeStd=0.274; SleepCycleTimeSum=69165.391; SubmitCycleTimeAvg=0.000; SubmitCycleTimeMax=0.701; SubmitCycleTimeMin=0.000; SubmitCycleTimeStd=0.006; SubmitCycleTimeSum=0.710; EventCycleTimeCount=13800.000; SleepCycleTimeCount=13800.000; SubmitCycleTimeCount=13801.000; LogProcessCycleTimeAvg=0.006; LogProcessCycleTimeMax=0.120; LogProcessCycleTimeMin=0.002; LogProcessCycleTimeStd=0.015; LogProcessCycleTimeSum=0.330; LogProcessCycleTimeCount=59.000; ]
07/07/26 13:41:11 Currently monitoring 1 HTCondor log file(s)
07/07/26 13:41:11 Event: ULOG_JOB_EVICTED for HTCondor Node COLLECT (170271.17.0) {07/07/26 13:41:09}
07/07/26 13:41:11 Number of idle job procs: 30
07/07/26 13:41:11 Event: ULOG_JOB_HELD for HTCondor Node COLLECT (170271.17.0) {07/07/26 13:41:09}
07/07/26 13:41:11   Hold reason: Error from teaching8@thera.hpc.uni-saarland.de: Docker job has gone over memory limit of 96737 Mb
07/07/26 13:41:11 Number of idle job procs: 30
07/07/26 13:41:11 DAG status: 0 (DAG_STATUS_OK)
07/07/26 13:41:11 Of 5 nodes total:
07/07/26 13:41:11  Done     Pre   Queued    Post   Ready   Un-Ready   Failed   Futile
07/07/26 13:41:11   ===     ===      ===     ===     ===        ===      ===      ===
07/07/26 13:41:11     0       0        1       0       0          4        0        0
07/07/26 13:41:11 30 job proc(s) currently held
07/07/26 13:41:11 DAGMan Runtime Statistics: [EventCycleTimeAvg=0.013; EventCycleTimeMax=51.534; EventCycleTimeMin=0.000; EventCycleTimeStd=0.586; EventCycleTimeSum=185.421; SleepCycleTimeAvg=5.012; SleepCycleTimeMax=19.618; SleepCycleTimeMin=4.003; SleepCycleTimeStd=0.274; SleepCycleTimeSum=69170.394; SubmitCycleTimeAvg=0.000; SubmitCycleTimeMax=0.701; SubmitCycleTimeMin=0.000; SubmitCycleTimeStd=0.006; SubmitCycleTimeSum=0.710; EventCycleTimeCount=13801.000; SleepCycleTimeCount=13801.000; SubmitCycleTimeCount=13802.000; LogProcessCycleTimeAvg=0.006; LogProcessCycleTimeMax=0.120; LogProcessCycleTimeMin=0.002; LogProcessCycleTimeStd=0.015; LogProcessCycleTimeSum=0.334; LogProcessCycleTimeCount=60.000; ]
07/07/26 13:41:41 Total jobs placed to AP: 40
07/07/26 13:41:41      Idle     Held     Running     Successful     Failed
07/07/26 13:41:41       ===      ===         ===            ===        ===
07/07/26 13:41:41         0       30          10              0          0
07/07/26 13:42:46 Currently monitoring 1 HTCondor log file(s)
07/07/26 13:42:46 Event: ULOG_JOB_EVICTED for HTCondor Node COLLECT (170271.35.0) {07/07/26 13:42:42}
07/07/26 13:42:46 Number of idle job procs: 31
07/07/26 13:42:46 Event: ULOG_JOB_HELD for HTCondor Node COLLECT (170271.35.0) {07/07/26 13:42:42}
07/07/26 13:42:46   Hold reason: Error from teaching5@idun.hpc.uni-saarland.de: Docker job has gone over memory limit of 64480 Mb
07/07/26 13:42:46 Number of idle job procs: 31
07/07/26 13:42:46 DAG status: 0 (DAG_STATUS_OK)
07/07/26 13:42:46 Of 5 nodes total:
07/07/26 13:42:46  Done     Pre   Queued    Post   Ready   Un-Ready   Failed   Futile
07/07/26 13:42:46   ===     ===      ===     ===     ===        ===      ===      ===
07/07/26 13:42:46     0       0        1       0       0          4        0        0
07/07/26 13:42:46 31 job proc(s) currently held
07/07/26 13:42:46 DAGMan Runtime Statistics: [EventCycleTimeAvg=0.013; EventCycleTimeMax=51.534; EventCycleTimeMin=0.000; EventCycleTimeStd=0.586; EventCycleTimeSum=185.440; SleepCycleTimeAvg=5.012; SleepCycleTimeMax=19.618; SleepCycleTimeMin=4.003; SleepCycleTimeStd=0.274; SleepCycleTimeSum=69265.470; SubmitCycleTimeAvg=0.000; SubmitCycleTimeMax=0.701; SubmitCycleTimeMin=0.000; SubmitCycleTimeStd=0.006; SubmitCycleTimeSum=0.710; EventCycleTimeCount=13820.000; SleepCycleTimeCount=13820.000; SubmitCycleTimeCount=13821.000; LogProcessCycleTimeAvg=0.006; LogProcessCycleTimeMax=0.120; LogProcessCycleTimeMin=0.002; LogProcessCycleTimeStd=0.015; LogProcessCycleTimeSum=0.340; LogProcessCycleTimeCount=61.000; ]
07/07/26 13:45:51 Currently monitoring 1 HTCondor log file(s)
07/07/26 13:45:51 Event: ULOG_JOB_EVICTED for HTCondor Node COLLECT (170271.23.0) {07/07/26 13:45:47}
07/07/26 13:45:51 Number of idle job procs: 32
07/07/26 13:45:51 Event: ULOG_JOB_HELD for HTCondor Node COLLECT (170271.23.0) {07/07/26 13:45:47}
07/07/26 13:45:51   Hold reason: Error from teaching6@tenos.hpc.uni-saarland.de: Docker job has gone over memory limit of 96737 Mb
07/07/26 13:45:51 Number of idle job procs: 32
07/07/26 13:45:51 Event: ULOG_JOB_EVICTED for HTCondor Node COLLECT (170271.19.0) {07/07/26 13:45:50}
07/07/26 13:45:51 Number of idle job procs: 33
07/07/26 13:45:51 Event: ULOG_JOB_HELD for HTCondor Node COLLECT (170271.19.0) {07/07/26 13:45:50}
07/07/26 13:45:51   Hold reason: Error from teaching7@tenos.hpc.uni-saarland.de: Docker job has gone over memory limit of 96737 Mb
07/07/26 13:45:51 Number of idle job procs: 33
07/07/26 13:45:51 DAG status: 0 (DAG_STATUS_OK)
07/07/26 13:45:51 Of 5 nodes total:
07/07/26 13:45:51  Done     Pre   Queued    Post   Ready   Un-Ready   Failed   Futile
07/07/26 13:45:51   ===     ===      ===     ===     ===        ===      ===      ===
07/07/26 13:45:51     0       0        1       0       0          4        0        0
07/07/26 13:45:51 33 job proc(s) currently held
07/07/26 13:45:51 DAGMan Runtime Statistics: [EventCycleTimeAvg=0.013; EventCycleTimeMax=51.534; EventCycleTimeMin=0.000; EventCycleTimeStd=0.585; EventCycleTimeSum=185.455; SleepCycleTimeAvg=5.012; SleepCycleTimeMax=19.618; SleepCycleTimeMin=4.003; SleepCycleTimeStd=0.274; SleepCycleTimeSum=69450.615; SubmitCycleTimeAvg=0.000; SubmitCycleTimeMax=0.701; SubmitCycleTimeMin=0.000; SubmitCycleTimeStd=0.006; SubmitCycleTimeSum=0.710; EventCycleTimeCount=13857.000; SleepCycleTimeCount=13857.000; SubmitCycleTimeCount=13858.000; LogProcessCycleTimeAvg=0.006; LogProcessCycleTimeMax=0.120; LogProcessCycleTimeMin=0.002; LogProcessCycleTimeStd=0.015; LogProcessCycleTimeSum=0.347; LogProcessCycleTimeCount=62.000; ]
07/07/26 13:49:46 Currently monitoring 1 HTCondor log file(s)
07/07/26 13:49:46 Event: ULOG_JOB_EVICTED for HTCondor Node COLLECT (170271.37.0) {07/07/26 13:49:42}
07/07/26 13:49:46 Number of idle job procs: 34
07/07/26 13:49:46 Event: ULOG_JOB_HELD for HTCondor Node COLLECT (170271.37.0) {07/07/26 13:49:42}
07/07/26 13:49:46   Hold reason: Error from teaching6@lofn.hpc.uni-saarland.de: Docker job has gone over memory limit of 64480 Mb
07/07/26 13:49:46 Number of idle job procs: 34
07/07/26 13:49:46 DAG status: 0 (DAG_STATUS_OK)
07/07/26 13:49:46 Of 5 nodes total:
07/07/26 13:49:46  Done     Pre   Queued    Post   Ready   Un-Ready   Failed   Futile
07/07/26 13:49:46   ===     ===      ===     ===     ===        ===      ===      ===
07/07/26 13:49:46     0       0        1       0       0          4        0        0
07/07/26 13:49:46 34 job proc(s) currently held
07/07/26 13:49:46 DAGMan Runtime Statistics: [EventCycleTimeAvg=0.013; EventCycleTimeMax=51.534; EventCycleTimeMin=0.000; EventCycleTimeStd=0.584; EventCycleTimeSum=185.477; SleepCycleTimeAvg=5.012; SleepCycleTimeMax=19.618; SleepCycleTimeMin=4.003; SleepCycleTimeStd=0.273; SleepCycleTimeSum=69685.797; SubmitCycleTimeAvg=0.000; SubmitCycleTimeMax=0.701; SubmitCycleTimeMin=0.000; SubmitCycleTimeStd=0.006; SubmitCycleTimeSum=0.710; EventCycleTimeCount=13904.000; SleepCycleTimeCount=13904.000; SubmitCycleTimeCount=13905.000; LogProcessCycleTimeAvg=0.006; LogProcessCycleTimeMax=0.120; LogProcessCycleTimeMin=0.002; LogProcessCycleTimeStd=0.015; LogProcessCycleTimeSum=0.351; LogProcessCycleTimeCount=63.000; ]
07/07/26 13:52:06 Currently monitoring 1 HTCondor log file(s)
07/07/26 13:52:06 Event: ULOG_JOB_EVICTED for HTCondor Node COLLECT (170271.21.0) {07/07/26 13:52:02}
07/07/26 13:52:06 Number of idle job procs: 35
07/07/26 13:52:06 Event: ULOG_JOB_HELD for HTCondor Node COLLECT (170271.21.0) {07/07/26 13:52:02}
07/07/26 13:52:06   Hold reason: Error from teaching4@tenos.hpc.uni-saarland.de: Docker job has gone over memory limit of 96737 Mb
07/07/26 13:52:06 Number of idle job procs: 35
07/07/26 13:52:06 DAG status: 0 (DAG_STATUS_OK)
07/07/26 13:52:06 Of 5 nodes total:
07/07/26 13:52:06  Done     Pre   Queued    Post   Ready   Un-Ready   Failed   Futile
07/07/26 13:52:06   ===     ===      ===     ===     ===        ===      ===      ===
07/07/26 13:52:06     0       0        1       0       0          4        0        0
07/07/26 13:52:06 35 job proc(s) currently held
07/07/26 13:52:06 DAGMan Runtime Statistics: [EventCycleTimeAvg=0.013; EventCycleTimeMax=51.534; EventCycleTimeMin=0.000; EventCycleTimeStd=0.584; EventCycleTimeSum=185.496; SleepCycleTimeAvg=5.012; SleepCycleTimeMax=19.618; SleepCycleTimeMin=4.003; SleepCycleTimeStd=0.273; SleepCycleTimeSum=69825.902; SubmitCycleTimeAvg=0.000; SubmitCycleTimeMax=0.701; SubmitCycleTimeMin=0.000; SubmitCycleTimeStd=0.006; SubmitCycleTimeSum=0.710; EventCycleTimeCount=13932.000; SleepCycleTimeCount=13932.000; SubmitCycleTimeCount=13933.000; LogProcessCycleTimeAvg=0.006; LogProcessCycleTimeMax=0.120; LogProcessCycleTimeMin=0.002; LogProcessCycleTimeStd=0.015; LogProcessCycleTimeSum=0.355; LogProcessCycleTimeCount=64.000; ]
07/07/26 13:54:06 Currently monitoring 1 HTCondor log file(s)
07/07/26 13:54:06 Event: ULOG_JOB_EVICTED for HTCondor Node COLLECT (170271.39.0) {07/07/26 13:54:04}
07/07/26 13:54:06 Number of idle job procs: 36
07/07/26 13:54:06 Event: ULOG_JOB_HELD for HTCondor Node COLLECT (170271.39.0) {07/07/26 13:54:05}
07/07/26 13:54:06   Hold reason: Error from teaching1@uller.hpc.uni-saarland.de: Docker job has gone over memory limit of 73692 Mb
07/07/26 13:54:06 Number of idle job procs: 36
07/07/26 13:54:06 DAG status: 0 (DAG_STATUS_OK)
07/07/26 13:54:06 Of 5 nodes total:
07/07/26 13:54:06  Done     Pre   Queued    Post   Ready   Un-Ready   Failed   Futile
07/07/26 13:54:06   ===     ===      ===     ===     ===        ===      ===      ===
07/07/26 13:54:06     0       0        1       0       0          4        0        0
07/07/26 13:54:06 36 job proc(s) currently held
07/07/26 13:54:06 DAGMan Runtime Statistics: [EventCycleTimeAvg=0.013; EventCycleTimeMax=51.534; EventCycleTimeMin=0.000; EventCycleTimeStd=0.583; EventCycleTimeSum=185.505; SleepCycleTimeAvg=5.012; SleepCycleTimeMax=19.618; SleepCycleTimeMin=4.003; SleepCycleTimeStd=0.273; SleepCycleTimeSum=69945.997; SubmitCycleTimeAvg=0.000; SubmitCycleTimeMax=0.701; SubmitCycleTimeMin=0.000; SubmitCycleTimeStd=0.006; SubmitCycleTimeSum=0.710; EventCycleTimeCount=13956.000; SleepCycleTimeCount=13956.000; SubmitCycleTimeCount=13957.000; LogProcessCycleTimeAvg=0.006; LogProcessCycleTimeMax=0.120; LogProcessCycleTimeMin=0.002; LogProcessCycleTimeStd=0.014; LogProcessCycleTimeSum=0.359; LogProcessCycleTimeCount=65.000; ]
07/07/26 13:56:41 Total jobs placed to AP: 40
07/07/26 13:56:41      Idle     Held     Running     Successful     Failed
07/07/26 13:56:41       ===      ===         ===            ===        ===
07/07/26 13:56:41         0       36           4              0          0
07/07/26 14:00:06 Currently monitoring 1 HTCondor log file(s)
07/07/26 14:00:06 Event: ULOG_JOB_EVICTED for HTCondor Node COLLECT (170271.38.0) {07/07/26 14:00:01}
07/07/26 14:00:06 Number of idle job procs: 37
07/07/26 14:00:06 Event: ULOG_JOB_HELD for HTCondor Node COLLECT (170271.38.0) {07/07/26 14:00:01}
07/07/26 14:00:06   Hold reason: Error from teaching2@uller.hpc.uni-saarland.de: Docker job has gone over memory limit of 73692 Mb
07/07/26 14:00:06 Number of idle job procs: 37
07/07/26 14:00:06 DAG status: 0 (DAG_STATUS_OK)
07/07/26 14:00:06 Of 5 nodes total:
07/07/26 14:00:06  Done     Pre   Queued    Post   Ready   Un-Ready   Failed   Futile
07/07/26 14:00:06   ===     ===      ===     ===     ===        ===      ===      ===
07/07/26 14:00:06     0       0        1       0       0          4        0        0
07/07/26 14:00:06 37 job proc(s) currently held
07/07/26 14:00:06 DAGMan Runtime Statistics: [EventCycleTimeAvg=0.013; EventCycleTimeMax=51.534; EventCycleTimeMin=0.000; EventCycleTimeStd=0.582; EventCycleTimeSum=185.527; SleepCycleTimeAvg=5.012; SleepCycleTimeMax=19.618; SleepCycleTimeMin=4.003; SleepCycleTimeStd=0.272; SleepCycleTimeSum=70305.295; SubmitCycleTimeAvg=0.000; SubmitCycleTimeMax=0.701; SubmitCycleTimeMin=0.000; SubmitCycleTimeStd=0.006; SubmitCycleTimeSum=0.710; EventCycleTimeCount=14028.000; SleepCycleTimeCount=14028.000; SubmitCycleTimeCount=14029.000; LogProcessCycleTimeAvg=0.006; LogProcessCycleTimeMax=0.120; LogProcessCycleTimeMin=0.002; LogProcessCycleTimeStd=0.014; LogProcessCycleTimeSum=0.364; LogProcessCycleTimeCount=66.000; ]
07/07/26 14:04:16 Currently monitoring 1 HTCondor log file(s)
07/07/26 14:04:16 Event: ULOG_JOB_EVICTED for HTCondor Node COLLECT (170271.26.0) {07/07/26 14:04:15}
07/07/26 14:04:16 Number of idle job procs: 38
07/07/26 14:04:16 Event: ULOG_JOB_HELD for HTCondor Node COLLECT (170271.26.0) {07/07/26 14:04:15}
07/07/26 14:04:16   Hold reason: Error from teaching7@thera.hpc.uni-saarland.de: Docker job has gone over memory limit of 96737 Mb
07/07/26 14:04:16 Number of idle job procs: 38
07/07/26 14:04:16 DAG status: 0 (DAG_STATUS_OK)
07/07/26 14:04:16 Of 5 nodes total:
07/07/26 14:04:16  Done     Pre   Queued    Post   Ready   Un-Ready   Failed   Futile
07/07/26 14:04:16   ===     ===      ===     ===     ===        ===      ===      ===
07/07/26 14:04:16     0       0        1       0       0          4        0        0
07/07/26 14:04:16 38 job proc(s) currently held
07/07/26 14:04:16 DAGMan Runtime Statistics: [EventCycleTimeAvg=0.013; EventCycleTimeMax=51.534; EventCycleTimeMin=0.000; EventCycleTimeStd=0.581; EventCycleTimeSum=185.547; SleepCycleTimeAvg=5.012; SleepCycleTimeMax=19.618; SleepCycleTimeMin=4.003; SleepCycleTimeStd=0.272; SleepCycleTimeSum=70555.494; SubmitCycleTimeAvg=0.000; SubmitCycleTimeMax=0.701; SubmitCycleTimeMin=0.000; SubmitCycleTimeStd=0.006; SubmitCycleTimeSum=0.710; EventCycleTimeCount=14078.000; SleepCycleTimeCount=14078.000; SubmitCycleTimeCount=14079.000; LogProcessCycleTimeAvg=0.006; LogProcessCycleTimeMax=0.120; LogProcessCycleTimeMin=0.002; LogProcessCycleTimeStd=0.014; LogProcessCycleTimeSum=0.369; LogProcessCycleTimeCount=67.000; ]
07/07/26 14:11:41 Currently monitoring 1 HTCondor log file(s)
07/07/26 14:11:41 Event: ULOG_JOB_EVICTED for HTCondor Node COLLECT (170271.27.0) {07/07/26 14:11:41}
07/07/26 14:11:41 Number of idle job procs: 39
07/07/26 14:11:41 Event: ULOG_JOB_HELD for HTCondor Node COLLECT (170271.27.0) {07/07/26 14:11:41}
07/07/26 14:11:41   Hold reason: Error from teaching8@tenos.hpc.uni-saarland.de: Docker job has gone over memory limit of 96737 Mb
07/07/26 14:11:41 Number of idle job procs: 39
07/07/26 14:11:41 DAG status: 0 (DAG_STATUS_OK)
07/07/26 14:11:41 Of 5 nodes total:
07/07/26 14:11:41  Done     Pre   Queued    Post   Ready   Un-Ready   Failed   Futile
07/07/26 14:11:41   ===     ===      ===     ===     ===        ===      ===      ===
07/07/26 14:11:41     0       0        1       0       0          4        0        0
07/07/26 14:11:41 39 job proc(s) currently held
07/07/26 14:11:41 DAGMan Runtime Statistics: [EventCycleTimeAvg=0.013; EventCycleTimeMax=51.534; EventCycleTimeMin=0.000; EventCycleTimeStd=0.579; EventCycleTimeSum=185.571; SleepCycleTimeAvg=5.012; SleepCycleTimeMax=19.618; SleepCycleTimeMin=4.003; SleepCycleTimeStd=0.271; SleepCycleTimeSum=71000.843; SubmitCycleTimeAvg=0.000; SubmitCycleTimeMax=0.701; SubmitCycleTimeMin=0.000; SubmitCycleTimeStd=0.006; SubmitCycleTimeSum=0.710; EventCycleTimeCount=14167.000; SleepCycleTimeCount=14167.000; SubmitCycleTimeCount=14168.000; LogProcessCycleTimeAvg=0.005; LogProcessCycleTimeMax=0.120; LogProcessCycleTimeMin=0.002; LogProcessCycleTimeStd=0.014; LogProcessCycleTimeSum=0.373; LogProcessCycleTimeCount=68.000; ]
07/07/26 14:11:41 Total jobs placed to AP: 40
07/07/26 14:11:41      Idle     Held     Running     Successful     Failed
07/07/26 14:11:41       ===      ===         ===            ===        ===
07/07/26 14:11:41         0       39           1              0          0
07/07/26 14:21:42 Currently monitoring 1 HTCondor log file(s)
07/07/26 14:21:42 Event: ULOG_JOB_EVICTED for HTCondor Node COLLECT (170271.36.0) {07/07/26 14:21:41}
07/07/26 14:21:42 Number of idle job procs: 40
07/07/26 14:21:42 Event: ULOG_JOB_HELD for HTCondor Node COLLECT (170271.36.0) {07/07/26 14:21:41}
07/07/26 14:21:42   Hold reason: Error from teaching5@thera.hpc.uni-saarland.de: Docker job has gone over memory limit of 96737 Mb
07/07/26 14:21:42 Number of idle job procs: 40
07/07/26 14:21:42 DAG status: 0 (DAG_STATUS_OK)
07/07/26 14:21:42 Of 5 nodes total:
07/07/26 14:21:42  Done     Pre   Queued    Post   Ready   Un-Ready   Failed   Futile
07/07/26 14:21:42   ===     ===      ===     ===     ===        ===      ===      ===
07/07/26 14:21:42     0       0        1       0       0          4        0        0
07/07/26 14:21:42 40 job proc(s) currently held
07/07/26 14:21:42 DAGMan Runtime Statistics: [EventCycleTimeAvg=0.013; EventCycleTimeMax=51.534; EventCycleTimeMin=0.000; EventCycleTimeStd=0.576; EventCycleTimeSum=185.602; SleepCycleTimeAvg=5.012; SleepCycleTimeMax=19.618; SleepCycleTimeMin=4.003; SleepCycleTimeStd=0.270; SleepCycleTimeSum=71601.331; SubmitCycleTimeAvg=0.000; SubmitCycleTimeMax=0.701; SubmitCycleTimeMin=0.000; SubmitCycleTimeStd=0.006; SubmitCycleTimeSum=0.710; EventCycleTimeCount=14287.000; SleepCycleTimeCount=14287.000; SubmitCycleTimeCount=14288.000; LogProcessCycleTimeAvg=0.005; LogProcessCycleTimeMax=0.120; LogProcessCycleTimeMin=0.002; LogProcessCycleTimeStd=0.014; LogProcessCycleTimeSum=0.378; LogProcessCycleTimeCount=69.000; ]
07/07/26 14:26:42 Total jobs placed to AP: 40
07/07/26 14:26:42      Idle     Held     Running     Successful     Failed
07/07/26 14:26:42       ===      ===         ===            ===        ===
07/07/26 14:26:42         0       40           0              0          0
07/07/26 14:31:42 600 seconds since last log event
07/07/26 14:31:42 Pending DAG nodes:
07/07/26 14:31:42   Node COLLECT, HTCondor ID 170271, status STATUS_SUBMITTED
07/07/26 14:41:43 1201 seconds since last log event
07/07/26 14:41:43 Pending DAG nodes:
07/07/26 14:41:43   Node COLLECT, HTCondor ID 170271, status STATUS_SUBMITTED
07/07/26 14:41:43 Total jobs placed to AP: 40
07/07/26 14:41:43      Idle     Held     Running     Successful     Failed
07/07/26 14:41:43       ===      ===         ===            ===        ===
07/07/26 14:41:43         0       40           0              0          0
07/07/26 14:51:44 1802 seconds since last log event
07/07/26 14:51:44 Pending DAG nodes:
07/07/26 14:51:44   Node COLLECT, HTCondor ID 170271, status STATUS_SUBMITTED
07/07/26 14:56:44 Total jobs placed to AP: 40
07/07/26 14:56:44      Idle     Held     Running     Successful     Failed
07/07/26 14:56:44       ===      ===         ===            ===        ===
07/07/26 14:56:44         0       40           0              0          0
07/07/26 15:01:44 2402 seconds since last log event
07/07/26 15:01:44 Pending DAG nodes:
07/07/26 15:01:44   Node COLLECT, HTCondor ID 170271, status STATUS_SUBMITTED
07/07/26 15:11:45 3003 seconds since last log event
07/07/26 15:11:45 Pending DAG nodes:
07/07/26 15:11:45   Node COLLECT, HTCondor ID 170271, status STATUS_SUBMITTED
07/07/26 15:11:45 Total jobs placed to AP: 40
07/07/26 15:11:45      Idle     Held     Running     Successful     Failed
07/07/26 15:11:45       ===      ===         ===            ===        ===
07/07/26 15:11:45         0       40           0              0          0
07/07/26 15:21:45 3603 seconds since last log event
07/07/26 15:21:45 Pending DAG nodes:
07/07/26 15:21:45   Node COLLECT, HTCondor ID 170271, status STATUS_SUBMITTED
07/07/26 15:26:46 Total jobs placed to AP: 40
07/07/26 15:26:46      Idle     Held     Running     Successful     Failed
07/07/26 15:26:46       ===      ===         ===            ===        ===
07/07/26 15:26:46         0       40           0              0          0
07/07/26 15:31:46 4204 seconds since last log event
07/07/26 15:31:46 Pending DAG nodes:
07/07/26 15:31:46   Node COLLECT, HTCondor ID 170271, status STATUS_SUBMITTED
07/07/26 15:41:46 4804 seconds since last log event
07/07/26 15:41:46 Pending DAG nodes:
07/07/26 15:41:46   Node COLLECT, HTCondor ID 170271, status STATUS_SUBMITTED
07/07/26 15:41:46 Total jobs placed to AP: 40
07/07/26 15:41:46      Idle     Held     Running     Successful     Failed
07/07/26 15:41:46       ===      ===         ===            ===        ===
07/07/26 15:41:46         0       40           0              0          0
07/07/26 15:51:46 5404 seconds since last log event
07/07/26 15:51:46 Pending DAG nodes:
07/07/26 15:51:46   Node COLLECT, HTCondor ID 170271, status STATUS_SUBMITTED
07/07/26 15:56:46 Total jobs placed to AP: 40
07/07/26 15:56:46      Idle     Held     Running     Successful     Failed
07/07/26 15:56:46       ===      ===         ===            ===        ===
07/07/26 15:56:46         0       40           0              0          0
07/07/26 16:01:46 6004 seconds since last log event
07/07/26 16:01:46 Pending DAG nodes:
07/07/26 16:01:46   Node COLLECT, HTCondor ID 170271, status STATUS_SUBMITTED
07/07/26 16:11:47 6605 seconds since last log event
07/07/26 16:11:47 Pending DAG nodes:
07/07/26 16:11:47   Node COLLECT, HTCondor ID 170271, status STATUS_SUBMITTED
07/07/26 16:11:47 Total jobs placed to AP: 40
07/07/26 16:11:47      Idle     Held     Running     Successful     Failed
07/07/26 16:11:47       ===      ===         ===            ===        ===
07/07/26 16:11:47         0       40           0              0          0
07/07/26 16:21:48 7206 seconds since last log event
07/07/26 16:21:48 Pending DAG nodes:
07/07/26 16:21:48   Node COLLECT, HTCondor ID 170271, status STATUS_SUBMITTED
07/07/26 16:26:48 Total jobs placed to AP: 40
07/07/26 16:26:48      Idle     Held     Running     Successful     Failed
07/07/26 16:26:48       ===      ===         ===            ===        ===
07/07/26 16:26:48         0       40           0              0          0
07/07/26 16:31:48 7806 seconds since last log event
07/07/26 16:31:48 Pending DAG nodes:
07/07/26 16:31:48   Node COLLECT, HTCondor ID 170271, status STATUS_SUBMITTED
07/07/26 16:41:49 8407 seconds since last log event
07/07/26 16:41:49 Pending DAG nodes:
07/07/26 16:41:49   Node COLLECT, HTCondor ID 170271, status STATUS_SUBMITTED
07/07/26 16:41:49 Total jobs placed to AP: 40
07/07/26 16:41:49      Idle     Held     Running     Successful     Failed
07/07/26 16:41:49       ===      ===         ===            ===        ===
07/07/26 16:41:49         0       40           0              0          0
07/07/26 16:51:49 9007 seconds since last log event
07/07/26 16:51:49 Pending DAG nodes:
07/07/26 16:51:49   Node COLLECT, HTCondor ID 170271, status STATUS_SUBMITTED
07/07/26 16:56:49 Total jobs placed to AP: 40
07/07/26 16:56:49      Idle     Held     Running     Successful     Failed
07/07/26 16:56:49       ===      ===         ===            ===        ===
07/07/26 16:56:49         0       40           0              0          0
07/07/26 17:01:50 9608 seconds since last log event
07/07/26 17:01:50 Pending DAG nodes:
07/07/26 17:01:50   Node COLLECT, HTCondor ID 170271, status STATUS_SUBMITTED
07/07/26 17:11:50 10208 seconds since last log event
07/07/26 17:11:50 Pending DAG nodes:
07/07/26 17:11:50   Node COLLECT, HTCondor ID 170271, status STATUS_SUBMITTED
07/07/26 17:11:50 Total jobs placed to AP: 40
07/07/26 17:11:50      Idle     Held     Running     Successful     Failed
07/07/26 17:11:50       ===      ===         ===            ===        ===
07/07/26 17:11:50         0       40           0              0          0
07/07/26 17:21:51 10809 seconds since last log event
07/07/26 17:21:51 Pending DAG nodes:
07/07/26 17:21:51   Node COLLECT, HTCondor ID 170271, status STATUS_SUBMITTED
07/07/26 17:26:51 Total jobs placed to AP: 40
07/07/26 17:26:51      Idle     Held     Running     Successful     Failed
07/07/26 17:26:51       ===      ===         ===            ===        ===
07/07/26 17:26:51         0       40           0              0          0
07/07/26 17:31:51 11409 seconds since last log event
07/07/26 17:31:51 Pending DAG nodes:
07/07/26 17:31:51   Node COLLECT, HTCondor ID 170271, status STATUS_SUBMITTED
07/07/26 17:41:52 12010 seconds since last log event
07/07/26 17:41:52 Pending DAG nodes:
07/07/26 17:41:52   Node COLLECT, HTCondor ID 170271, status STATUS_SUBMITTED
07/07/26 17:41:52 Total jobs placed to AP: 40
07/07/26 17:41:52      Idle     Held     Running     Successful     Failed
07/07/26 17:41:52       ===      ===         ===            ===        ===
07/07/26 17:41:52         0       40           0              0          0
07/07/26 17:51:52 12610 seconds since last log event
07/07/26 17:51:52 Pending DAG nodes:
07/07/26 17:51:52   Node COLLECT, HTCondor ID 170271, status STATUS_SUBMITTED
07/07/26 17:56:52 Total jobs placed to AP: 40
07/07/26 17:56:52      Idle     Held     Running     Successful     Failed
07/07/26 17:56:52       ===      ===         ===            ===        ===
07/07/26 17:56:52         0       40           0              0          0
07/07/26 18:01:02 ******************************************************
07/07/26 18:01:02 ** condor_scheduniv_exec.170262.0 (CONDOR_DAGMAN) STARTING UP
07/07/26 18:01:02 ** /usr/bin/condor_dagman
07/07/26 18:01:02 ** SubsystemInfo: name=DAGMAN type=DAGMAN(9) class=CLIENT(2)
07/07/26 18:01:02 ** Configuration: subsystem:DAGMAN local:<NONE> class:CLIENT
07/07/26 18:01:02 ** $CondorVersion: 24.12.19 2026-04-15 BuildID: 896241 PackageID: 24.12.19-1+deb12 GitSHA: c68f3e0e $
07/07/26 18:01:02 ** $CondorPlatform: X86_64-Debian_12 $
07/07/26 18:01:02 ** PID = 589478 RealUID = 1620002036
07/07/26 18:01:02 ** Log last touched 7/7 17:59:26
07/07/26 18:01:02 ******************************************************
07/07/26 18:01:02 Using config source: /etc/condor/condor_config
07/07/26 18:01:02 Using local config sources: 
07/07/26 18:01:02    /etc/condor/config.d/01-submit.conf
07/07/26 18:01:02    /etc/condor/config.d/10-stash-plugin.conf
07/07/26 18:01:02    /etc/condor/config.d/23-network.config
07/07/26 18:01:02    /etc/condor/config.d/31-mail.conf
07/07/26 18:01:02    /etc/condor/config.d/35-cc-sync.conf
07/07/26 18:01:02    /etc/condor/config.d/41-periodic-remove.conf
07/07/26 18:01:02    /etc/condor/config.d/49-common.conf
07/07/26 18:01:02    /etc/condor/config.d/52-group-mapping.conf
07/07/26 18:01:02    /etc/condor/config.d/54-container.conf
07/07/26 18:01:02    /etc/condor/config.d/67-submit-transforms.conf
07/07/26 18:01:02    /etc/condor/config.d/71-submit-requirements.conf
07/07/26 18:01:02    /etc/condor/condor_config.local
07/07/26 18:01:02 config Macros = 110, Sorted = 110, StringBytes = 6396, TablesBytes = 4088
07/07/26 18:01:02 CLASSAD_CACHING is ENABLED
07/07/26 18:01:02 Daemon Log is logging: D_ALWAYS D_ERROR D_STATUS
07/07/26 18:01:02 Daemoncore: Listening at <0.0.0.0:20109> on TCP (ReliSock) and UDP (SafeSock).
07/07/26 18:01:02 DaemonCore: command socket at <10.143.248.60:20109?addrs=10.143.248.60-20109&alias=conduit.hpc.uni-saarland.de>
07/07/26 18:01:02 DaemonCore: private command socket at <10.143.248.60:20109?addrs=10.143.248.60-20109&alias=conduit.hpc.uni-saarland.de>
07/07/26 18:01:02 DAGMAN_USE_STRICT setting: 1
07/07/26 18:01:02 DAGMAN_VERBOSITY setting: 3
07/07/26 18:01:02 DAGMAN_DEBUG_CACHE_SIZE setting: 5242880
07/07/26 18:01:02 DAGMAN_DEBUG_CACHE_ENABLE setting: False
07/07/26 18:01:02 DAGMAN_SUBMIT_DELAY setting: 0
07/07/26 18:01:02 DAGMAN_MAX_SUBMIT_ATTEMPTS setting: 6
07/07/26 18:01:02 DAGMAN_STARTUP_CYCLE_DETECT setting: False
07/07/26 18:01:02 DAGMAN_USE_JOIN_NODES setting: True
07/07/26 18:01:02 DAGMAN_REPORT_GRAPH_METRICS setting: False
07/07/26 18:01:02 DAGMAN_MAX_SUBMITS_PER_INTERVAL setting: 100
07/07/26 18:01:02 DAGMAN_AGGRESSIVE_SUBMIT setting: False
07/07/26 18:01:02 DAGMAN_USER_LOG_SCAN_INTERVAL setting: 5
07/07/26 18:01:02 DAGMAN_QUEUE_UPDATE_INTERVAL setting: 300.000000
07/07/26 18:01:02 DAGMAN_DEFAULT_PRIORITY setting: 0
07/07/26 18:01:02 DAGMAN_SUPPRESS_NOTIFICATION setting: False
07/07/26 18:01:02 allow_events (DAGMAN_ALLOW_EVENTS) setting: 114
07/07/26 18:01:02 DAGMAN_RETRY_SUBMIT_FIRST setting: True
07/07/26 18:01:02 DAGMAN_RETRY_NODE_FIRST setting: False
07/07/26 18:01:02 DAGMAN_MAX_JOBS_IDLE setting: 1000
07/07/26 18:01:02 DAGMAN_MAX_JOBS_SUBMITTED setting: 0
07/07/26 18:01:02 DAGMAN_MAX_PRE_SCRIPTS setting: 20
07/07/26 18:01:02 DAGMAN_MAX_POST_SCRIPTS setting: 20
07/07/26 18:01:02 DAGMAN_MAX_HOLD_SCRIPTS setting: 20
07/07/26 18:01:02 DAGMAN_MUNGE_NODE_NAMES setting: True
07/07/26 18:01:02 DAGMAN_ALLOW_ANY_NODE_NAME_CHARACTERS setting: False
07/07/26 18:01:02 DAGMAN_PROHIBIT_MULTI_JOBS setting: False
07/07/26 18:01:02 DAGMAN_SUBMIT_DEPTH_FIRST setting: False
07/07/26 18:01:02 DAGMAN_ALWAYS_RUN_POST setting: False
07/07/26 18:01:02 DAGMAN_CONDOR_SUBMIT_EXE setting: /usr/bin/condor_submit
07/07/26 18:01:02 DAGMAN_CONDOR_RM_EXE setting: /usr/bin/condor_rm
07/07/26 18:01:02 DAGMAN_USE_DIRECT_SUBMIT setting: True
07/07/26 18:01:02 DAGMAN_PRODUCE_JOB_CREDENTIALS setting: True
07/07/26 18:01:02 DAGMAN_DEFAULT_APPEND_VARS setting: False
07/07/26 18:01:02 DAGMAN_INHERIT_ATTRS_PREFIX setting: 
07/07/26 18:01:02 DAGMAN_INHERIT_ATTRS setting: 
07/07/26 18:01:02 DAGMAN_ABORT_DUPLICATES setting: True
07/07/26 18:01:02 DAGMAN_ABORT_ON_SCARY_SUBMIT setting: True
07/07/26 18:01:02 DAGMAN_PENDING_REPORT_INTERVAL setting: 600
07/07/26 18:01:02 DAGMAN_CHECK_QUEUE_INTERVAL setting: 28800
07/07/26 18:01:02 DAGMAN_PRINT_JOB_TABLE_INTERVAL setting: 900
07/07/26 18:01:02 DAGMAN_AUTO_RESCUE setting: True
07/07/26 18:01:02 DAGMAN_MAX_RESCUE_NUM setting: 100
07/07/26 18:01:02 DAGMAN_WRITE_PARTIAL_RESCUE setting: True
07/07/26 18:01:02 DAGMAN_RESET_RETRIES_UPON_RESCUE setting: True
07/07/26 18:01:02 DAGMAN_METRICS_FILE_VERSION setting: 2
07/07/26 18:01:02 DAGMAN_DEFAULT_NODE_LOG setting: @(DAG_DIR)/@(DAG_FILE).nodes.log
07/07/26 18:01:02 DAGMAN_LOG_ON_NFS_IS_ERROR setting: False
07/07/26 18:01:02 DAGMAN_GENERATE_SUBDAG_SUBMITS setting: True
07/07/26 18:01:02 DAGMAN_MAX_JOB_HOLDS setting: 100
07/07/26 18:01:02 DAGMAN_NODE_JOB_FAILURE_TOLERANCE setting: 0
07/07/26 18:01:02 DAGMAN_HOLD_CLAIM_TIME setting: 20
07/07/26 18:01:02 DAGMAN_SUPPRESS_JOB_LOGS setting: False
07/07/26 18:01:02 DAGMAN_REMOVE_NODE_JOBS setting: True
07/07/26 18:01:02 DAGMAN_PUT_FAILED_JOBS_ON_HOLD setting: False
07/07/26 18:01:02 DAGMAN_REMOVE_JOBS_AFTER_LIMIT_CHANGE setting: False
07/07/26 18:01:02 DAGMAN will adjust edges after parsing
07/07/26 18:01:02 argv[0] == "condor_scheduniv_exec.170262.0"
07/07/26 18:01:02 argv[1] == "-Lockfile"
07/07/26 18:01:02 argv[2] == "one_way_line_det_one_way_line_60_30_action_shield.dag.lock"
07/07/26 18:01:02 argv[3] == "-Dag"
07/07/26 18:01:02 argv[4] == "one_way_line_det_one_way_line_60_30_action_shield.dag"
07/07/26 18:01:02 argv[5] == "-CsdVersion"
07/07/26 18:01:02 argv[6] == "$CondorVersion: 24.12.19 2026-04-15 BuildID: 896241 PackageID: 24.12.19-1+deb12 GitSHA: c68f3e0e $"
07/07/26 18:01:02 argv[7] == "-dagman"
07/07/26 18:01:02 argv[8] == "/usr/bin/condor_dagman"
07/07/26 18:01:02 argv[9] == "-AutoRescue"
07/07/26 18:01:02 argv[10] == "1"
07/07/26 18:01:02 argv[11] == "-DoRescueFrom"
07/07/26 18:01:02 argv[12] == "0"
07/07/26 18:01:02 Can't open directory "/etc/condor/passwords.d" as PRIV_ROOT, errno: 13 (Permission denied)
07/07/26 18:01:02 Can't open directory "/etc/condor/passwords.d" as PRIV_ROOT, errno: 13 (Permission denied)
07/07/26 18:01:05 Workflow batch-id: <170262.0>
07/07/26 18:01:05 Workflow batch-name: <one_way_line_det_one_way_line_60_30_action_shield.dag+170262>
07/07/26 18:01:05 Workflow accounting_group: <teaching>
07/07/26 18:01:05 Workflow accounting_group_user: <atml_team041>
07/07/26 18:01:05 Warning: failed to get attribute DAGNodeName
07/07/26 18:01:05 Default node log file is: </home/atml_team041/condor_tutorial/jani_env/experiments/repair_wo_domain/submissions/action_shield/one_way_line_det/./one_way_line_det_one_way_line_60_30_action_shield.dag.nodes.log>
07/07/26 18:01:05 DAG Lockfile will be written to one_way_line_det_one_way_line_60_30_action_shield.dag.lock
07/07/26 18:01:05 DAG Input file is one_way_line_det_one_way_line_60_30_action_shield.dag
07/07/26 18:01:05 Parsing 1 dagfiles
07/07/26 18:01:05 Parsing one_way_line_det_one_way_line_60_30_action_shield.dag ...
07/07/26 18:01:05 Adjusting edges
07/07/26 18:01:05 Dag contains 5 total nodes
07/07/26 18:01:05 Lock file one_way_line_det_one_way_line_60_30_action_shield.dag.lock detected,
07/07/26 18:01:05 Duplicate DAGMan PID 42716 is no longer alive; this DAGMan should continue.
07/07/26 18:01:05 Bootstrapping...
07/07/26 18:01:05 Number of pre-completed nodes: 0
07/07/26 18:01:05 Running in RECOVERY mode... >>>>>>>>>>>>>>>>>>>>>>>>>>>>>>
07/07/26 18:01:05 Currently monitoring 1 HTCondor log file(s)
07/07/26 18:01:05 Event: ULOG_SUBMIT for HTCondor Node COLLECT (170271.0.0) {07/06/26 18:25:15} [recovery mode]
07/07/26 18:01:05 Number of idle job procs: 1
07/07/26 18:01:05 Reassigning the id of job COLLECT from (170271.0.0) to (170271.1.0)
07/07/26 18:01:05 Event: ULOG_SUBMIT for HTCondor Node COLLECT (170271.1.0) {07/06/26 18:25:15} [recovery mode]
07/07/26 18:01:05 Number of idle job procs: 2
07/07/26 18:01:05 Reassigning the id of job COLLECT from (170271.1.0) to (170271.10.0)
07/07/26 18:01:05 Event: ULOG_SUBMIT for HTCondor Node COLLECT (170271.10.0) {07/06/26 18:25:15} [recovery mode]
07/07/26 18:01:05 Number of idle job procs: 3
07/07/26 18:01:05 Reassigning the id of job COLLECT from (170271.10.0) to (170271.11.0)
07/07/26 18:01:05 Event: ULOG_SUBMIT for HTCondor Node COLLECT (170271.11.0) {07/06/26 18:25:15} [recovery mode]
07/07/26 18:01:05 Number of idle job procs: 4
07/07/26 18:01:05 Reassigning the id of job COLLECT from (170271.11.0) to (170271.12.0)
07/07/26 18:01:05 Event: ULOG_SUBMIT for HTCondor Node COLLECT (170271.12.0) {07/06/26 18:25:16} [recovery mode]
07/07/26 18:01:05 Number of idle job procs: 5
07/07/26 18:01:05 Reassigning the id of job COLLECT from (170271.12.0) to (170271.13.0)
07/07/26 18:01:05 Event: ULOG_SUBMIT for HTCondor Node COLLECT (170271.13.0) {07/06/26 18:25:16} [recovery mode]
07/07/26 18:01:05 Number of idle job procs: 6
07/07/26 18:01:05 Reassigning the id of job COLLECT from (170271.13.0) to (170271.14.0)
07/07/26 18:01:05 Event: ULOG_SUBMIT for HTCondor Node COLLECT (170271.14.0) {07/06/26 18:25:16} [recovery mode]
07/07/26 18:01:05 Number of idle job procs: 7
07/07/26 18:01:05 Reassigning the id of job COLLECT from (170271.14.0) to (170271.15.0)
07/07/26 18:01:05 Event: ULOG_SUBMIT for HTCondor Node COLLECT (170271.15.0) {07/06/26 18:25:16} [recovery mode]
07/07/26 18:01:05 Number of idle job procs: 8
07/07/26 18:01:05 Reassigning the id of job COLLECT from (170271.15.0) to (170271.16.0)
07/07/26 18:01:05 Event: ULOG_SUBMIT for HTCondor Node COLLECT (170271.16.0) {07/06/26 18:25:16} [recovery mode]
07/07/26 18:01:05 Number of idle job procs: 9
07/07/26 18:01:05 Reassigning the id of job COLLECT from (170271.16.0) to (170271.17.0)
07/07/26 18:01:05 Event: ULOG_SUBMIT for HTCondor Node COLLECT (170271.17.0) {07/06/26 18:25:16} [recovery mode]
07/07/26 18:01:05 Number of idle job procs: 10
07/07/26 18:01:05 Reassigning the id of job COLLECT from (170271.17.0) to (170271.18.0)
07/07/26 18:01:05 Event: ULOG_SUBMIT for HTCondor Node COLLECT (170271.18.0) {07/06/26 18:25:16} [recovery mode]
07/07/26 18:01:05 Number of idle job procs: 11
07/07/26 18:01:05 Reassigning the id of job COLLECT from (170271.18.0) to (170271.19.0)
07/07/26 18:01:05 Event: ULOG_SUBMIT for HTCondor Node COLLECT (170271.19.0) {07/06/26 18:25:16} [recovery mode]
07/07/26 18:01:05 Number of idle job procs: 12
07/07/26 18:01:05 Reassigning the id of job COLLECT from (170271.19.0) to (170271.2.0)
07/07/26 18:01:05 Event: ULOG_SUBMIT for HTCondor Node COLLECT (170271.2.0) {07/06/26 18:25:16} [recovery mode]
07/07/26 18:01:05 Number of idle job procs: 13
07/07/26 18:01:05 Reassigning the id of job COLLECT from (170271.2.0) to (170271.20.0)
07/07/26 18:01:05 Event: ULOG_SUBMIT for HTCondor Node COLLECT (170271.20.0) {07/06/26 18:25:16} [recovery mode]
07/07/26 18:01:05 Number of idle job procs: 14
07/07/26 18:01:05 Reassigning the id of job COLLECT from (170271.20.0) to (170271.21.0)
07/07/26 18:01:05 Event: ULOG_SUBMIT for HTCondor Node COLLECT (170271.21.0) {07/06/26 18:25:16} [recovery mode]
07/07/26 18:01:05 Number of idle job procs: 15
07/07/26 18:01:05 Reassigning the id of job COLLECT from (170271.21.0) to (170271.22.0)
07/07/26 18:01:05 Event: ULOG_SUBMIT for HTCondor Node COLLECT (170271.22.0) {07/06/26 18:25:16} [recovery mode]
07/07/26 18:01:05 Number of idle job procs: 16
07/07/26 18:01:05 Reassigning the id of job COLLECT from (170271.22.0) to (170271.23.0)
07/07/26 18:01:05 Event: ULOG_SUBMIT for HTCondor Node COLLECT (170271.23.0) {07/06/26 18:25:16} [recovery mode]
07/07/26 18:01:05 Number of idle job procs: 17
07/07/26 18:01:05 Reassigning the id of job COLLECT from (170271.23.0) to (170271.24.0)
07/07/26 18:01:05 Event: ULOG_SUBMIT for HTCondor Node COLLECT (170271.24.0) {07/06/26 18:25:16} [recovery mode]
07/07/26 18:01:05 Number of idle job procs: 18
07/07/26 18:01:05 Reassigning the id of job COLLECT from (170271.24.0) to (170271.25.0)
07/07/26 18:01:05 Event: ULOG_SUBMIT for HTCondor Node COLLECT (170271.25.0) {07/06/26 18:25:16} [recovery mode]
07/07/26 18:01:05 Number of idle job procs: 19
07/07/26 18:01:05 Reassigning the id of job COLLECT from (170271.25.0) to (170271.26.0)
07/07/26 18:01:05 Event: ULOG_SUBMIT for HTCondor Node COLLECT (170271.26.0) {07/06/26 18:25:16} [recovery mode]
07/07/26 18:01:05 Number of idle job procs: 20
07/07/26 18:01:05 Reassigning the id of job COLLECT from (170271.26.0) to (170271.27.0)
07/07/26 18:01:05 Event: ULOG_SUBMIT for HTCondor Node COLLECT (170271.27.0) {07/06/26 18:25:16} [recovery mode]
07/07/26 18:01:05 Number of idle job procs: 21
07/07/26 18:01:05 Reassigning the id of job COLLECT from (170271.27.0) to (170271.28.0)
07/07/26 18:01:05 Event: ULOG_SUBMIT for HTCondor Node COLLECT (170271.28.0) {07/06/26 18:25:16} [recovery mode]
07/07/26 18:01:05 Number of idle job procs: 22
07/07/26 18:01:05 Reassigning the id of job COLLECT from (170271.28.0) to (170271.29.0)
07/07/26 18:01:05 Event: ULOG_SUBMIT for HTCondor Node COLLECT (170271.29.0) {07/06/26 18:25:16} [recovery mode]
07/07/26 18:01:05 Number of idle job procs: 23
07/07/26 18:01:05 Reassigning the id of job COLLECT from (170271.29.0) to (170271.3.0)
07/07/26 18:01:05 Event: ULOG_SUBMIT for HTCondor Node COLLECT (170271.3.0) {07/06/26 18:25:16} [recovery mode]
07/07/26 18:01:05 Number of idle job procs: 24
07/07/26 18:01:05 Reassigning the id of job COLLECT from (170271.3.0) to (170271.30.0)
07/07/26 18:01:05 Event: ULOG_SUBMIT for HTCondor Node COLLECT (170271.30.0) {07/06/26 18:25:16} [recovery mode]
07/07/26 18:01:05 Number of idle job procs: 25
07/07/26 18:01:05 Reassigning the id of job COLLECT from (170271.30.0) to (170271.31.0)
07/07/26 18:01:05 Event: ULOG_SUBMIT for HTCondor Node COLLECT (170271.31.0) {07/06/26 18:25:16} [recovery mode]
07/07/26 18:01:05 Number of idle job procs: 26
07/07/26 18:01:05 Reassigning the id of job COLLECT from (170271.31.0) to (170271.32.0)
07/07/26 18:01:05 Event: ULOG_SUBMIT for HTCondor Node COLLECT (170271.32.0) {07/06/26 18:25:16} [recovery mode]
07/07/26 18:01:05 Number of idle job procs: 27
07/07/26 18:01:05 Reassigning the id of job COLLECT from (170271.32.0) to (170271.33.0)
07/07/26 18:01:05 Event: ULOG_SUBMIT for HTCondor Node COLLECT (170271.33.0) {07/06/26 18:25:16} [recovery mode]
07/07/26 18:01:05 Number of idle job procs: 28
07/07/26 18:01:05 Reassigning the id of job COLLECT from (170271.33.0) to (170271.34.0)
07/07/26 18:01:05 Event: ULOG_SUBMIT for HTCondor Node COLLECT (170271.34.0) {07/06/26 18:25:16} [recovery mode]
07/07/26 18:01:05 Number of idle job procs: 29
07/07/26 18:01:05 Reassigning the id of job COLLECT from (170271.34.0) to (170271.35.0)
07/07/26 18:01:05 Event: ULOG_SUBMIT for HTCondor Node COLLECT (170271.35.0) {07/06/26 18:25:16} [recovery mode]
07/07/26 18:01:05 Number of idle job procs: 30
07/07/26 18:01:05 Reassigning the id of job COLLECT from (170271.35.0) to (170271.36.0)
07/07/26 18:01:05 Event: ULOG_SUBMIT for HTCondor Node COLLECT (170271.36.0) {07/06/26 18:25:16} [recovery mode]
07/07/26 18:01:05 Number of idle job procs: 31
07/07/26 18:01:05 Reassigning the id of job COLLECT from (170271.36.0) to (170271.37.0)
07/07/26 18:01:05 Event: ULOG_SUBMIT for HTCondor Node COLLECT (170271.37.0) {07/06/26 18:25:16} [recovery mode]
07/07/26 18:01:05 Number of idle job procs: 32
07/07/26 18:01:05 Reassigning the id of job COLLECT from (170271.37.0) to (170271.38.0)
07/07/26 18:01:05 Event: ULOG_SUBMIT for HTCondor Node COLLECT (170271.38.0) {07/06/26 18:25:16} [recovery mode]
07/07/26 18:01:05 Number of idle job procs: 33
07/07/26 18:01:05 Reassigning the id of job COLLECT from (170271.38.0) to (170271.39.0)
07/07/26 18:01:05 Event: ULOG_SUBMIT for HTCondor Node COLLECT (170271.39.0) {07/06/26 18:25:16} [recovery mode]
07/07/26 18:01:05 Number of idle job procs: 34
07/07/26 18:01:05 Reassigning the id of job COLLECT from (170271.39.0) to (170271.4.0)
07/07/26 18:01:05 Event: ULOG_SUBMIT for HTCondor Node COLLECT (170271.4.0) {07/06/26 18:25:16} [recovery mode]
07/07/26 18:01:05 Number of idle job procs: 35
07/07/26 18:01:05 Reassigning the id of job COLLECT from (170271.4.0) to (170271.5.0)
07/07/26 18:01:05 Event: ULOG_SUBMIT for HTCondor Node COLLECT (170271.5.0) {07/06/26 18:25:16} [recovery mode]
07/07/26 18:01:05 Number of idle job procs: 36
07/07/26 18:01:05 Reassigning the id of job COLLECT from (170271.5.0) to (170271.6.0)
07/07/26 18:01:05 Event: ULOG_SUBMIT for HTCondor Node COLLECT (170271.6.0) {07/06/26 18:25:16} [recovery mode]
07/07/26 18:01:05 Number of idle job procs: 37
07/07/26 18:01:05 Reassigning the id of job COLLECT from (170271.6.0) to (170271.7.0)
07/07/26 18:01:05 Event: ULOG_SUBMIT for HTCondor Node COLLECT (170271.7.0) {07/06/26 18:25:16} [recovery mode]
07/07/26 18:01:05 Number of idle job procs: 38
07/07/26 18:01:05 Reassigning the id of job COLLECT from (170271.7.0) to (170271.8.0)
07/07/26 18:01:05 Event: ULOG_SUBMIT for HTCondor Node COLLECT (170271.8.0) {07/06/26 18:25:16} [recovery mode]
07/07/26 18:01:05 Number of idle job procs: 39
07/07/26 18:01:05 Reassigning the id of job COLLECT from (170271.8.0) to (170271.9.0)
07/07/26 18:01:05 Event: ULOG_SUBMIT for HTCondor Node COLLECT (170271.9.0) {07/06/26 18:25:16} [recovery mode]
07/07/26 18:01:05 Number of idle job procs: 40
07/07/26 18:01:05 Event: ULOG_EXECUTE for HTCondor Node COLLECT (170271.0.0) {07/07/26 10:39:30} [recovery mode]
07/07/26 18:01:05 Number of idle job procs: 39
07/07/26 18:01:05 Event: ULOG_EXECUTE for HTCondor Node COLLECT (170271.1.0) {07/07/26 10:48:50} [recovery mode]
07/07/26 18:01:05 Number of idle job procs: 38
07/07/26 18:01:05 Event: ULOG_EXECUTE for HTCondor Node COLLECT (170271.2.0) {07/07/26 10:53:53} [recovery mode]
07/07/26 18:01:05 Number of idle job procs: 37
07/07/26 18:01:05 Event: ULOG_EXECUTE for HTCondor Node COLLECT (170271.3.0) {07/07/26 10:56:14} [recovery mode]
07/07/26 18:01:05 Number of idle job procs: 36
07/07/26 18:01:05 Event: ULOG_EXECUTE for HTCondor Node COLLECT (170271.4.0) {07/07/26 10:56:14} [recovery mode]
07/07/26 18:01:05 Number of idle job procs: 35
07/07/26 18:01:05 Event: ULOG_EXECUTE for HTCondor Node COLLECT (170271.5.0) {07/07/26 11:00:30} [recovery mode]
07/07/26 18:01:05 Number of idle job procs: 34
07/07/26 18:01:05 Event: ULOG_EXECUTE for HTCondor Node COLLECT (170271.7.0) {07/07/26 11:01:31} [recovery mode]
07/07/26 18:01:05 Number of idle job procs: 33
07/07/26 18:01:05 Event: ULOG_EXECUTE for HTCondor Node COLLECT (170271.6.0) {07/07/26 11:02:31} [recovery mode]
07/07/26 18:01:05 Number of idle job procs: 32
07/07/26 18:01:05 Event: ULOG_EXECUTE for HTCondor Node COLLECT (170271.8.0) {07/07/26 11:04:30} [recovery mode]
07/07/26 18:01:05 Number of idle job procs: 31
07/07/26 18:01:05 Event: ULOG_EXECUTE for HTCondor Node COLLECT (170271.9.0) {07/07/26 11:04:30} [recovery mode]
07/07/26 18:01:05 Number of idle job procs: 30
07/07/26 18:01:05 Event: ULOG_EXECUTE for HTCondor Node COLLECT (170271.10.0) {07/07/26 11:06:31} [recovery mode]
07/07/26 18:01:05 Number of idle job procs: 29
07/07/26 18:01:05 Event: ULOG_EXECUTE for HTCondor Node COLLECT (170271.11.0) {07/07/26 11:13:16} [recovery mode]
07/07/26 18:01:05 Number of idle job procs: 28
07/07/26 18:01:05 Event: ULOG_EXECUTE for HTCondor Node COLLECT (170271.12.0) {07/07/26 11:15:17} [recovery mode]
07/07/26 18:01:05 Number of idle job procs: 27
07/07/26 18:01:05 Event: ULOG_EXECUTE for HTCondor Node COLLECT (170271.13.0) {07/07/26 11:17:58} [recovery mode]
07/07/26 18:01:05 Number of idle job procs: 26
07/07/26 18:01:05 Event: ULOG_EXECUTE for HTCondor Node COLLECT (170271.14.0) {07/07/26 11:36:57} [recovery mode]
07/07/26 18:01:05 Number of idle job procs: 25
07/07/26 18:01:05 Event: ULOG_EXECUTE for HTCondor Node COLLECT (170271.15.0) {07/07/26 11:39:45} [recovery mode]
07/07/26 18:01:05 Number of idle job procs: 24
07/07/26 18:01:05 Event: ULOG_EXECUTE for HTCondor Node COLLECT (170271.16.0) {07/07/26 11:40:44} [recovery mode]
07/07/26 18:01:05 Number of idle job procs: 23
07/07/26 18:01:05 Event: ULOG_EXECUTE for HTCondor Node COLLECT (170271.18.0) {07/07/26 11:49:08} [recovery mode]
07/07/26 18:01:05 Number of idle job procs: 22
07/07/26 18:01:05 Event: ULOG_JOB_EVICTED for HTCondor Node COLLECT (170271.1.0) {07/07/26 11:52:13} [recovery mode]
07/07/26 18:01:05 Number of idle job procs: 23
07/07/26 18:01:05 Event: ULOG_JOB_HELD for HTCondor Node COLLECT (170271.1.0) {07/07/26 11:52:13} [recovery mode]
07/07/26 18:01:05   Hold reason: Error from teaching1@idun.hpc.uni-saarland.de: Docker job has gone over memory limit of 64480 Mb
07/07/26 18:01:05 Number of idle job procs: 23
07/07/26 18:01:05 Event: ULOG_JOB_EVICTED for HTCondor Node COLLECT (170271.0.0) {07/07/26 11:55:43} [recovery mode]
07/07/26 18:01:05 Number of idle job procs: 24
07/07/26 18:01:05 Event: ULOG_JOB_HELD for HTCondor Node COLLECT (170271.0.0) {07/07/26 11:55:43} [recovery mode]
07/07/26 18:01:05   Hold reason: Error from teaching4@idun.hpc.uni-saarland.de: Docker job has gone over memory limit of 64480 Mb
07/07/26 18:01:05 Number of idle job procs: 24
07/07/26 18:01:05 Event: ULOG_EXECUTE for HTCondor Node COLLECT (170271.20.0) {07/07/26 11:56:46} [recovery mode]
07/07/26 18:01:05 Number of idle job procs: 23
07/07/26 18:01:05 Event: ULOG_EXECUTE for HTCondor Node COLLECT (170271.19.0) {07/07/26 11:56:46} [recovery mode]
07/07/26 18:01:05 Number of idle job procs: 22
07/07/26 18:01:05 Event: ULOG_EXECUTE for HTCondor Node COLLECT (170271.17.0) {07/07/26 11:57:45} [recovery mode]
07/07/26 18:01:05 Number of idle job procs: 21
07/07/26 18:01:05 Event: ULOG_EXECUTE for HTCondor Node COLLECT (170271.21.0) {07/07/26 12:00:43} [recovery mode]
07/07/26 18:01:05 Number of idle job procs: 20
07/07/26 18:01:05 Event: ULOG_EXECUTE for HTCondor Node COLLECT (170271.22.0) {07/07/26 12:01:43} [recovery mode]
07/07/26 18:01:05 Number of idle job procs: 19
07/07/26 18:01:05 Event: ULOG_EXECUTE for HTCondor Node COLLECT (170271.23.0) {07/07/26 12:02:03} [recovery mode]
07/07/26 18:01:05 Number of idle job procs: 18
07/07/26 18:01:05 Event: ULOG_EXECUTE for HTCondor Node COLLECT (170271.24.0) {07/07/26 12:04:03} [recovery mode]
07/07/26 18:01:05 Number of idle job procs: 17
07/07/26 18:01:05 Event: ULOG_EXECUTE for HTCondor Node COLLECT (170271.25.0) {07/07/26 12:08:27} [recovery mode]
07/07/26 18:01:05 Number of idle job procs: 16
07/07/26 18:01:05 Event: ULOG_JOB_EVICTED for HTCondor Node COLLECT (170271.5.0) {07/07/26 12:10:08} [recovery mode]
07/07/26 18:01:05 Number of idle job procs: 17
07/07/26 18:01:05 Event: ULOG_JOB_HELD for HTCondor Node COLLECT (170271.5.0) {07/07/26 12:10:08} [recovery mode]
07/07/26 18:01:05   Hold reason: Error from teaching2@idun.hpc.uni-saarland.de: Docker job has gone over memory limit of 64480 Mb
07/07/26 18:01:05 Number of idle job procs: 17
07/07/26 18:01:05 Event: ULOG_JOB_EVICTED for HTCondor Node COLLECT (170271.7.0) {07/07/26 12:11:31} [recovery mode]
07/07/26 18:01:05 Number of idle job procs: 18
07/07/26 18:01:05 Event: ULOG_JOB_HELD for HTCondor Node COLLECT (170271.7.0) {07/07/26 12:11:31} [recovery mode]
07/07/26 18:01:05   Hold reason: Error from teaching3@lofn.hpc.uni-saarland.de: Docker job has gone over memory limit of 64480 Mb
07/07/26 18:01:05 Number of idle job procs: 18
07/07/26 18:01:05 Event: ULOG_JOB_EVICTED for HTCondor Node COLLECT (170271.12.0) {07/07/26 12:12:44} [recovery mode]
07/07/26 18:01:05 Number of idle job procs: 19
07/07/26 18:01:05 Event: ULOG_JOB_HELD for HTCondor Node COLLECT (170271.12.0) {07/07/26 12:12:44} [recovery mode]
07/07/26 18:01:05   Hold reason: Error from teaching3@idun.hpc.uni-saarland.de: Docker job has gone over memory limit of 64480 Mb
07/07/26 18:01:05 Number of idle job procs: 19
07/07/26 18:01:05 Event: ULOG_JOB_EVICTED for HTCondor Node COLLECT (170271.9.0) {07/07/26 12:12:45} [recovery mode]
07/07/26 18:01:05 Number of idle job procs: 20
07/07/26 18:01:05 Event: ULOG_JOB_HELD for HTCondor Node COLLECT (170271.9.0) {07/07/26 12:12:45} [recovery mode]
07/07/26 18:01:05   Hold reason: Error from teaching6@idun.hpc.uni-saarland.de: Docker job has gone over memory limit of 64480 Mb
07/07/26 18:01:05 Number of idle job procs: 20
07/07/26 18:01:05 Event: ULOG_JOB_EVICTED for HTCondor Node COLLECT (170271.4.0) {07/07/26 12:13:51} [recovery mode]
07/07/26 18:01:05 Number of idle job procs: 21
07/07/26 18:01:05 Event: ULOG_JOB_HELD for HTCondor Node COLLECT (170271.4.0) {07/07/26 12:13:51} [recovery mode]
07/07/26 18:01:05   Hold reason: Error from teaching7@lofn.hpc.uni-saarland.de: Docker job has gone over memory limit of 64480 Mb
07/07/26 18:01:05 Number of idle job procs: 21
07/07/26 18:01:05 Event: ULOG_EXECUTE for HTCondor Node COLLECT (170271.26.0) {07/07/26 12:17:07} [recovery mode]
07/07/26 18:01:05 Number of idle job procs: 20
07/07/26 18:01:05 Event: ULOG_JOB_EVICTED for HTCondor Node COLLECT (170271.2.0) {07/07/26 12:17:22} [recovery mode]
07/07/26 18:01:05 Number of idle job procs: 21
07/07/26 18:01:05 Event: ULOG_JOB_HELD for HTCondor Node COLLECT (170271.2.0) {07/07/26 12:17:22} [recovery mode]
07/07/26 18:01:05   Hold reason: Error from teaching8@lofn.hpc.uni-saarland.de: Docker job has gone over memory limit of 64480 Mb
07/07/26 18:01:05 Number of idle job procs: 21
07/07/26 18:01:05 Event: ULOG_EXECUTE for HTCondor Node COLLECT (170271.27.0) {07/07/26 12:18:56} [recovery mode]
07/07/26 18:01:05 Number of idle job procs: 20
07/07/26 18:01:05 Event: ULOG_JOB_EVICTED for HTCondor Node COLLECT (170271.6.0) {07/07/26 12:19:39} [recovery mode]
07/07/26 18:01:05 Number of idle job procs: 21
07/07/26 18:01:05 Event: ULOG_JOB_HELD for HTCondor Node COLLECT (170271.6.0) {07/07/26 12:19:39} [recovery mode]
07/07/26 18:01:05   Hold reason: Error from teaching2@lofn.hpc.uni-saarland.de: Docker job has gone over memory limit of 64480 Mb
07/07/26 18:01:05 Number of idle job procs: 21
07/07/26 18:01:05 Event: ULOG_JOB_EVICTED for HTCondor Node COLLECT (170271.8.0) {07/07/26 12:21:07} [recovery mode]
07/07/26 18:01:05 Number of idle job procs: 22
07/07/26 18:01:05 Event: ULOG_JOB_HELD for HTCondor Node COLLECT (170271.8.0) {07/07/26 12:21:07} [recovery mode]
07/07/26 18:01:05   Hold reason: Error from teaching5@idun.hpc.uni-saarland.de: Docker job has gone over memory limit of 64480 Mb
07/07/26 18:01:05 Number of idle job procs: 22
07/07/26 18:01:05 Event: ULOG_EXECUTE for HTCondor Node COLLECT (170271.28.0) {07/07/26 12:22:54} [recovery mode]
07/07/26 18:01:05 Number of idle job procs: 21
07/07/26 18:01:05 Event: ULOG_JOB_EVICTED for HTCondor Node COLLECT (170271.3.0) {07/07/26 12:23:22} [recovery mode]
07/07/26 18:01:05 Number of idle job procs: 22
07/07/26 18:01:05 Event: ULOG_JOB_HELD for HTCondor Node COLLECT (170271.3.0) {07/07/26 12:23:22} [recovery mode]
07/07/26 18:01:05   Hold reason: Error from teaching6@lofn.hpc.uni-saarland.de: Docker job has gone over memory limit of 64480 Mb
07/07/26 18:01:05 Number of idle job procs: 22
07/07/26 18:01:05 Event: ULOG_EXECUTE for HTCondor Node COLLECT (170271.29.0) {07/07/26 12:23:44} [recovery mode]
07/07/26 18:01:05 Number of idle job procs: 21
07/07/26 18:01:05 Event: ULOG_EXECUTE for HTCondor Node COLLECT (170271.30.0) {07/07/26 12:23:44} [recovery mode]
07/07/26 18:01:05 Number of idle job procs: 20
07/07/26 18:01:05 Event: ULOG_EXECUTE for HTCondor Node COLLECT (170271.31.0) {07/07/26 12:24:45} [recovery mode]
07/07/26 18:01:05 Number of idle job procs: 19
07/07/26 18:01:05 Event: ULOG_EXECUTE for HTCondor Node COLLECT (170271.32.0) {07/07/26 12:24:45} [recovery mode]
07/07/26 18:01:05 Number of idle job procs: 18
07/07/26 18:01:05 Event: ULOG_JOB_EVICTED for HTCondor Node COLLECT (170271.13.0) {07/07/26 12:27:59} [recovery mode]
07/07/26 18:01:05 Number of idle job procs: 19
07/07/26 18:01:05 Event: ULOG_JOB_HELD for HTCondor Node COLLECT (170271.13.0) {07/07/26 12:27:59} [recovery mode]
07/07/26 18:01:05   Hold reason: Error from teaching2@uller.hpc.uni-saarland.de: Docker job has gone over memory limit of 73692 Mb
07/07/26 18:01:05 Number of idle job procs: 19
07/07/26 18:01:05 Event: ULOG_EXECUTE for HTCondor Node COLLECT (170271.33.0) {07/07/26 12:31:13} [recovery mode]
07/07/26 18:01:05 Number of idle job procs: 18
07/07/26 18:01:05 Event: ULOG_JOB_EVICTED for HTCondor Node COLLECT (170271.11.0) {07/07/26 12:31:28} [recovery mode]
07/07/26 18:01:05 Number of idle job procs: 19
07/07/26 18:01:05 Event: ULOG_JOB_HELD for HTCondor Node COLLECT (170271.11.0) {07/07/26 12:31:28} [recovery mode]
07/07/26 18:01:05   Hold reason: Error from teaching1@uller.hpc.uni-saarland.de: Docker job has gone over memory limit of 73692 Mb
07/07/26 18:01:05 Number of idle job procs: 19
07/07/26 18:01:05 Event: ULOG_EXECUTE for HTCondor Node COLLECT (170271.35.0) {07/07/26 12:32:14} [recovery mode]
07/07/26 18:01:05 Number of idle job procs: 18
07/07/26 18:01:05 Event: ULOG_EXECUTE for HTCondor Node COLLECT (170271.34.0) {07/07/26 12:32:14} [recovery mode]
07/07/26 18:01:05 Number of idle job procs: 17
07/07/26 18:01:05 Event: ULOG_JOB_EVICTED for HTCondor Node COLLECT (170271.10.0) {07/07/26 12:32:50} [recovery mode]
07/07/26 18:01:05 Number of idle job procs: 18
07/07/26 18:01:05 Event: ULOG_JOB_HELD for HTCondor Node COLLECT (170271.10.0) {07/07/26 12:32:50} [recovery mode]
07/07/26 18:01:05   Hold reason: Error from teaching5@lofn.hpc.uni-saarland.de: Docker job has gone over memory limit of 64480 Mb
07/07/26 18:01:05 Number of idle job procs: 18
07/07/26 18:01:05 Event: ULOG_EXECUTE for HTCondor Node COLLECT (170271.37.0) {07/07/26 12:34:51} [recovery mode]
07/07/26 18:01:05 Number of idle job procs: 17
07/07/26 18:01:05 Event: ULOG_EXECUTE for HTCondor Node COLLECT (170271.36.0) {07/07/26 12:34:51} [recovery mode]
07/07/26 18:01:06 Number of idle job procs: 16
07/07/26 18:01:06 Event: ULOG_EXECUTE for HTCondor Node COLLECT (170271.38.0) {07/07/26 12:39:51} [recovery mode]
07/07/26 18:01:06 Number of idle job procs: 15
07/07/26 18:01:06 Event: ULOG_EXECUTE for HTCondor Node COLLECT (170271.39.0) {07/07/26 12:42:50} [recovery mode]
07/07/26 18:01:06 Number of idle job procs: 14
07/07/26 18:01:06 Event: ULOG_JOB_EVICTED for HTCondor Node COLLECT (170271.24.0) {07/07/26 13:11:39} [recovery mode]
07/07/26 18:01:06 Number of idle job procs: 15
07/07/26 18:01:06 Event: ULOG_JOB_HELD for HTCondor Node COLLECT (170271.24.0) {07/07/26 13:11:39} [recovery mode]
07/07/26 18:01:06   Hold reason: Error from teaching1@idun.hpc.uni-saarland.de: Docker job has gone over memory limit of 64480 Mb
07/07/26 18:01:06 Number of idle job procs: 15
07/07/26 18:01:06 Event: ULOG_JOB_EVICTED for HTCondor Node COLLECT (170271.25.0) {07/07/26 13:19:59} [recovery mode]
07/07/26 18:01:06 Number of idle job procs: 16
07/07/26 18:01:06 Event: ULOG_JOB_HELD for HTCondor Node COLLECT (170271.25.0) {07/07/26 13:19:59} [recovery mode]
07/07/26 18:01:06   Hold reason: Error from teaching4@idun.hpc.uni-saarland.de: Docker job has gone over memory limit of 64480 Mb
07/07/26 18:01:06 Number of idle job procs: 16
07/07/26 18:01:06 Event: ULOG_JOB_EVICTED for HTCondor Node COLLECT (170271.22.0) {07/07/26 13:21:01} [recovery mode]
07/07/26 18:01:06 Number of idle job procs: 17
07/07/26 18:01:06 Event: ULOG_JOB_HELD for HTCondor Node COLLECT (170271.22.0) {07/07/26 13:21:01} [recovery mode]
07/07/26 18:01:06   Hold reason: Error from teaching4@uller.hpc.uni-saarland.de: Docker job has gone over memory limit of 73692 Mb
07/07/26 18:01:06 Number of idle job procs: 17
07/07/26 18:01:06 Event: ULOG_JOB_EVICTED for HTCondor Node COLLECT (170271.20.0) {07/07/26 13:22:53} [recovery mode]
07/07/26 18:01:06 Number of idle job procs: 18
07/07/26 18:01:06 Event: ULOG_JOB_HELD for HTCondor Node COLLECT (170271.20.0) {07/07/26 13:22:53} [recovery mode]
07/07/26 18:01:06   Hold reason: Error from teaching4@lofn.hpc.uni-saarland.de: Docker job has gone over memory limit of 64480 Mb
07/07/26 18:01:06 Number of idle job procs: 18
07/07/26 18:01:06 Event: ULOG_JOB_EVICTED for HTCondor Node COLLECT (170271.15.0) {07/07/26 13:23:20} [recovery mode]
07/07/26 18:01:06 Number of idle job procs: 19
07/07/26 18:01:06 Event: ULOG_JOB_HELD for HTCondor Node COLLECT (170271.15.0) {07/07/26 13:23:20} [recovery mode]
07/07/26 18:01:06   Hold reason: Error from teaching2@tenos.hpc.uni-saarland.de: Docker job has gone over memory limit of 96737 Mb
07/07/26 18:01:06 Number of idle job procs: 19
07/07/26 18:01:06 Event: ULOG_JOB_EVICTED for HTCondor Node COLLECT (170271.16.0) {07/07/26 13:27:24} [recovery mode]
07/07/26 18:01:06 Number of idle job procs: 20
07/07/26 18:01:06 Event: ULOG_JOB_HELD for HTCondor Node COLLECT (170271.16.0) {07/07/26 13:27:24} [recovery mode]
07/07/26 18:01:06   Hold reason: Error from teaching6@thera.hpc.uni-saarland.de: Docker job has gone over memory limit of 96737 Mb
07/07/26 18:01:06 Number of idle job procs: 20
07/07/26 18:01:06 Event: ULOG_JOB_EVICTED for HTCondor Node COLLECT (170271.14.0) {07/07/26 13:27:32} [recovery mode]
07/07/26 18:01:06 Number of idle job procs: 21
07/07/26 18:01:06 Event: ULOG_JOB_HELD for HTCondor Node COLLECT (170271.14.0) {07/07/26 13:27:32} [recovery mode]
07/07/26 18:01:06   Hold reason: Error from teaching1@tenos.hpc.uni-saarland.de: Docker job has gone over memory limit of 96737 Mb
07/07/26 18:01:06 Number of idle job procs: 21
07/07/26 18:01:06 Event: ULOG_JOB_EVICTED for HTCondor Node COLLECT (170271.29.0) {07/07/26 13:31:41} [recovery mode]
07/07/26 18:01:06 Number of idle job procs: 22
07/07/26 18:01:06 Event: ULOG_JOB_HELD for HTCondor Node COLLECT (170271.29.0) {07/07/26 13:31:41} [recovery mode]
07/07/26 18:01:06   Hold reason: Error from teaching3@idun.hpc.uni-saarland.de: Docker job has gone over memory limit of 64480 Mb
07/07/26 18:01:06 Number of idle job procs: 22
07/07/26 18:01:06 Event: ULOG_JOB_EVICTED for HTCondor Node COLLECT (170271.28.0) {07/07/26 13:31:42} [recovery mode]
07/07/26 18:01:06 Number of idle job procs: 23
07/07/26 18:01:06 Event: ULOG_JOB_HELD for HTCondor Node COLLECT (170271.28.0) {07/07/26 13:31:42} [recovery mode]
07/07/26 18:01:06   Hold reason: Error from teaching2@idun.hpc.uni-saarland.de: Docker job has gone over memory limit of 64480 Mb
07/07/26 18:01:06 Number of idle job procs: 23
07/07/26 18:01:06 Event: ULOG_JOB_EVICTED for HTCondor Node COLLECT (170271.30.0) {07/07/26 13:31:42} [recovery mode]
07/07/26 18:01:06 Number of idle job procs: 24
07/07/26 18:01:06 Event: ULOG_JOB_HELD for HTCondor Node COLLECT (170271.30.0) {07/07/26 13:31:42} [recovery mode]
07/07/26 18:01:06   Hold reason: Error from teaching6@idun.hpc.uni-saarland.de: Docker job has gone over memory limit of 64480 Mb
07/07/26 18:01:06 Number of idle job procs: 24
07/07/26 18:01:06 Event: ULOG_JOB_EVICTED for HTCondor Node COLLECT (170271.31.0) {07/07/26 13:33:45} [recovery mode]
07/07/26 18:01:06 Number of idle job procs: 25
07/07/26 18:01:06 Event: ULOG_JOB_HELD for HTCondor Node COLLECT (170271.31.0) {07/07/26 13:33:45} [recovery mode]
07/07/26 18:01:06   Hold reason: Error from teaching3@lofn.hpc.uni-saarland.de: Docker job has gone over memory limit of 64480 Mb
07/07/26 18:01:06 Number of idle job procs: 25
07/07/26 18:01:06 Event: ULOG_JOB_EVICTED for HTCondor Node COLLECT (170271.32.0) {07/07/26 13:36:02} [recovery mode]
07/07/26 18:01:06 Number of idle job procs: 26
07/07/26 18:01:06 Event: ULOG_JOB_HELD for HTCondor Node COLLECT (170271.32.0) {07/07/26 13:36:02} [recovery mode]
07/07/26 18:01:06   Hold reason: Error from teaching7@lofn.hpc.uni-saarland.de: Docker job has gone over memory limit of 64480 Mb
07/07/26 18:01:06 Number of idle job procs: 26
07/07/26 18:01:06 Event: ULOG_JOB_EVICTED for HTCondor Node COLLECT (170271.18.0) {07/07/26 13:38:54} [recovery mode]
07/07/26 18:01:06 Number of idle job procs: 27
07/07/26 18:01:06 Event: ULOG_JOB_HELD for HTCondor Node COLLECT (170271.18.0) {07/07/26 13:38:54} [recovery mode]
07/07/26 18:01:06   Hold reason: Error from teaching5@tenos.hpc.uni-saarland.de: Docker job has gone over memory limit of 96737 Mb
07/07/26 18:01:06 Number of idle job procs: 27
07/07/26 18:01:06 Event: ULOG_JOB_EVICTED for HTCondor Node COLLECT (170271.33.0) {07/07/26 13:41:03} [recovery mode]
07/07/26 18:01:06 Number of idle job procs: 28
07/07/26 18:01:06 Event: ULOG_JOB_HELD for HTCondor Node COLLECT (170271.33.0) {07/07/26 13:41:03} [recovery mode]
07/07/26 18:01:06   Hold reason: Error from teaching2@lofn.hpc.uni-saarland.de: Docker job has gone over memory limit of 64480 Mb
07/07/26 18:01:06 Number of idle job procs: 28
07/07/26 18:01:06 Event: ULOG_JOB_EVICTED for HTCondor Node COLLECT (170271.34.0) {07/07/26 13:41:04} [recovery mode]
07/07/26 18:01:06 Number of idle job procs: 29
07/07/26 18:01:06 Event: ULOG_JOB_HELD for HTCondor Node COLLECT (170271.34.0) {07/07/26 13:41:04} [recovery mode]
07/07/26 18:01:06   Hold reason: Error from teaching8@lofn.hpc.uni-saarland.de: Docker job has gone over memory limit of 64480 Mb
07/07/26 18:01:06 Number of idle job procs: 29
07/07/26 18:01:06 Event: ULOG_JOB_EVICTED for HTCondor Node COLLECT (170271.17.0) {07/07/26 13:41:09} [recovery mode]
07/07/26 18:01:06 Number of idle job procs: 30
07/07/26 18:01:06 Event: ULOG_JOB_HELD for HTCondor Node COLLECT (170271.17.0) {07/07/26 13:41:09} [recovery mode]
07/07/26 18:01:06   Hold reason: Error from teaching8@thera.hpc.uni-saarland.de: Docker job has gone over memory limit of 96737 Mb
07/07/26 18:01:06 Number of idle job procs: 30
07/07/26 18:01:06 Event: ULOG_JOB_EVICTED for HTCondor Node COLLECT (170271.35.0) {07/07/26 13:42:42} [recovery mode]
07/07/26 18:01:06 Number of idle job procs: 31
07/07/26 18:01:06 Event: ULOG_JOB_HELD for HTCondor Node COLLECT (170271.35.0) {07/07/26 13:42:42} [recovery mode]
07/07/26 18:01:06   Hold reason: Error from teaching5@idun.hpc.uni-saarland.de: Docker job has gone over memory limit of 64480 Mb
07/07/26 18:01:06 Number of idle job procs: 31
07/07/26 18:01:06 Event: ULOG_JOB_EVICTED for HTCondor Node COLLECT (170271.23.0) {07/07/26 13:45:47} [recovery mode]
07/07/26 18:01:06 Number of idle job procs: 32
07/07/26 18:01:06 Event: ULOG_JOB_HELD for HTCondor Node COLLECT (170271.23.0) {07/07/26 13:45:47} [recovery mode]
07/07/26 18:01:06   Hold reason: Error from teaching6@tenos.hpc.uni-saarland.de: Docker job has gone over memory limit of 96737 Mb
07/07/26 18:01:06 Number of idle job procs: 32
07/07/26 18:01:06 Event: ULOG_JOB_EVICTED for HTCondor Node COLLECT (170271.19.0) {07/07/26 13:45:50} [recovery mode]
07/07/26 18:01:06 Number of idle job procs: 33
07/07/26 18:01:06 Event: ULOG_JOB_HELD for HTCondor Node COLLECT (170271.19.0) {07/07/26 13:45:50} [recovery mode]
07/07/26 18:01:06   Hold reason: Error from teaching7@tenos.hpc.uni-saarland.de: Docker job has gone over memory limit of 96737 Mb
07/07/26 18:01:06 Number of idle job procs: 33
07/07/26 18:01:06 Event: ULOG_JOB_EVICTED for HTCondor Node COLLECT (170271.37.0) {07/07/26 13:49:42} [recovery mode]
07/07/26 18:01:06 Number of idle job procs: 34
07/07/26 18:01:06 Event: ULOG_JOB_HELD for HTCondor Node COLLECT (170271.37.0) {07/07/26 13:49:42} [recovery mode]
07/07/26 18:01:06   Hold reason: Error from teaching6@lofn.hpc.uni-saarland.de: Docker job has gone over memory limit of 64480 Mb
07/07/26 18:01:06 Number of idle job procs: 34
07/07/26 18:01:06 Event: ULOG_JOB_EVICTED for HTCondor Node COLLECT (170271.21.0) {07/07/26 13:52:02} [recovery mode]
07/07/26 18:01:06 Number of idle job procs: 35
07/07/26 18:01:06 Event: ULOG_JOB_HELD for HTCondor Node COLLECT (170271.21.0) {07/07/26 13:52:02} [recovery mode]
07/07/26 18:01:06   Hold reason: Error from teaching4@tenos.hpc.uni-saarland.de: Docker job has gone over memory limit of 96737 Mb
07/07/26 18:01:06 Number of idle job procs: 35
07/07/26 18:01:06 Event: ULOG_JOB_EVICTED for HTCondor Node COLLECT (170271.39.0) {07/07/26 13:54:04} [recovery mode]
07/07/26 18:01:06 Number of idle job procs: 36
07/07/26 18:01:06 Event: ULOG_JOB_HELD for HTCondor Node COLLECT (170271.39.0) {07/07/26 13:54:05} [recovery mode]
07/07/26 18:01:06   Hold reason: Error from teaching1@uller.hpc.uni-saarland.de: Docker job has gone over memory limit of 73692 Mb
07/07/26 18:01:06 Number of idle job procs: 36
07/07/26 18:01:06 Event: ULOG_JOB_EVICTED for HTCondor Node COLLECT (170271.38.0) {07/07/26 14:00:01} [recovery mode]
07/07/26 18:01:06 Number of idle job procs: 37
07/07/26 18:01:06 Event: ULOG_JOB_HELD for HTCondor Node COLLECT (170271.38.0) {07/07/26 14:00:01} [recovery mode]
07/07/26 18:01:06   Hold reason: Error from teaching2@uller.hpc.uni-saarland.de: Docker job has gone over memory limit of 73692 Mb
07/07/26 18:01:06 Number of idle job procs: 37
07/07/26 18:01:06 Event: ULOG_JOB_EVICTED for HTCondor Node COLLECT (170271.26.0) {07/07/26 14:04:15} [recovery mode]
07/07/26 18:01:06 Number of idle job procs: 38
07/07/26 18:01:06 Event: ULOG_JOB_HELD for HTCondor Node COLLECT (170271.26.0) {07/07/26 14:04:15} [recovery mode]
07/07/26 18:01:06   Hold reason: Error from teaching7@thera.hpc.uni-saarland.de: Docker job has gone over memory limit of 96737 Mb
07/07/26 18:01:06 Number of idle job procs: 38
07/07/26 18:01:06 Event: ULOG_JOB_EVICTED for HTCondor Node COLLECT (170271.27.0) {07/07/26 14:11:41} [recovery mode]
07/07/26 18:01:06 Number of idle job procs: 39
07/07/26 18:01:06 Event: ULOG_JOB_HELD for HTCondor Node COLLECT (170271.27.0) {07/07/26 14:11:41} [recovery mode]
07/07/26 18:01:06   Hold reason: Error from teaching8@tenos.hpc.uni-saarland.de: Docker job has gone over memory limit of 96737 Mb
07/07/26 18:01:06 Number of idle job procs: 39
07/07/26 18:01:06 Event: ULOG_JOB_EVICTED for HTCondor Node COLLECT (170271.36.0) {07/07/26 14:21:41} [recovery mode]
07/07/26 18:01:06 Number of idle job procs: 40
07/07/26 18:01:06 Event: ULOG_JOB_HELD for HTCondor Node COLLECT (170271.36.0) {07/07/26 14:21:41} [recovery mode]
07/07/26 18:01:06   Hold reason: Error from teaching5@thera.hpc.uni-saarland.de: Docker job has gone over memory limit of 96737 Mb
07/07/26 18:01:06 Number of idle job procs: 40
07/07/26 18:01:06     ------------------------------
07/07/26 18:01:06        HTCondor Recovery Complete
07/07/26 18:01:06     ------------------------------
07/07/26 18:01:06 ...done with RECOVERY mode <<<<<<<<<<<<<<<<<<<<<<<<<<<<<<
07/07/26 18:01:06 1 nodes claim to have jobs submitted to queue. Verifying...
07/07/26 18:01:06 Querying local schedd for associated jobs in queue
07/07/26 18:01:06 All pending job states validated
07/07/26 18:01:06 DAG status: 0 (DAG_STATUS_OK)
07/07/26 18:01:06 Of 5 nodes total:
07/07/26 18:01:06  Done     Pre   Queued    Post   Ready   Un-Ready   Failed   Futile
07/07/26 18:01:06   ===     ===      ===     ===     ===        ===      ===      ===
07/07/26 18:01:06     0       0        1       0       0          4        0        0
07/07/26 18:01:06 40 job proc(s) currently held
07/07/26 18:01:06 DAGMan Runtime Statistics: [EventCycleTimeSum=0.000; SleepCycleTimeSum=0.000; SubmitCycleTimeSum=0.000; EventCycleTimeCount=0.000; SleepCycleTimeCount=0.000; SubmitCycleTimeCount=0.000; LogProcessCycleTimeSum=0.000; LogProcessCycleTimeCount=0.000; ]
07/07/26 18:01:06 DAG status: 0 (DAG_STATUS_OK)
07/07/26 18:01:06 Of 5 nodes total:
07/07/26 18:01:06  Done     Pre   Queued    Post   Ready   Un-Ready   Failed   Futile
07/07/26 18:01:06   ===     ===      ===     ===     ===        ===      ===      ===
07/07/26 18:01:06     0       0        1       0       0          4        0        0
07/07/26 18:01:06 40 job proc(s) currently held
07/07/26 18:01:06 DAGMan Runtime Statistics: [EventCycleTimeSum=0.000; SleepCycleTimeSum=0.000; SubmitCycleTimeSum=0.000; EventCycleTimeCount=0.000; SleepCycleTimeCount=0.000; SubmitCycleTimeCount=0.000; LogProcessCycleTimeSum=0.000; LogProcessCycleTimeCount=0.000; ]
07/07/26 18:01:06 Registering condor_event_timer...
07/07/26 18:01:07 Currently monitoring 1 HTCondor log file(s)
07/07/26 18:01:07 DAG status: 0 (DAG_STATUS_OK)
07/07/26 18:01:07 Of 5 nodes total:
07/07/26 18:01:07  Done     Pre   Queued    Post   Ready   Un-Ready   Failed   Futile
07/07/26 18:01:07   ===     ===      ===     ===     ===        ===      ===      ===
07/07/26 18:01:07     0       0        1       0       0          4        0        0
07/07/26 18:01:07 40 job proc(s) currently held
07/07/26 18:01:07 DAGMan Runtime Statistics: [EventCycleTimeSum=0.000; SleepCycleTimeSum=0.000; SubmitCycleTimeAvg=0.000; SubmitCycleTimeMax=0.000; SubmitCycleTimeMin=0.000; SubmitCycleTimeStd=0.000; SubmitCycleTimeSum=0.000; EventCycleTimeCount=0.000; SleepCycleTimeCount=0.000; SubmitCycleTimeCount=1.000; LogProcessCycleTimeAvg=0.001; LogProcessCycleTimeMax=0.001; LogProcessCycleTimeMin=0.001; LogProcessCycleTimeStd=0.001; LogProcessCycleTimeSum=0.001; LogProcessCycleTimeCount=1.000; ]
07/07/26 18:11:07 600 seconds since last log event
07/07/26 18:11:07 Pending DAG nodes:
07/07/26 18:11:07   Node COLLECT, HTCondor ID 170271, status STATUS_SUBMITTED
07/07/26 18:16:08 Total jobs placed to AP: 40
07/07/26 18:16:08      Idle     Held     Running     Successful     Failed
07/07/26 18:16:08       ===      ===         ===            ===        ===
07/07/26 18:16:08         0       40           0              0          0
07/07/26 18:21:08 1201 seconds since last log event
07/07/26 18:21:08 Pending DAG nodes:
07/07/26 18:21:08   Node COLLECT, HTCondor ID 170271, status STATUS_SUBMITTED
07/07/26 18:31:08 1801 seconds since last log event
07/07/26 18:31:08 Pending DAG nodes:
07/07/26 18:31:08   Node COLLECT, HTCondor ID 170271, status STATUS_SUBMITTED
07/07/26 18:31:08 Total jobs placed to AP: 40
07/07/26 18:31:08      Idle     Held     Running     Successful     Failed
07/07/26 18:31:08       ===      ===         ===            ===        ===
07/07/26 18:31:08         0       40           0              0          0
07/07/26 18:41:08 2401 seconds since last log event
07/07/26 18:41:08 Pending DAG nodes:
07/07/26 18:41:08   Node COLLECT, HTCondor ID 170271, status STATUS_SUBMITTED
07/07/26 18:46:08 Total jobs placed to AP: 40
07/07/26 18:46:08      Idle     Held     Running     Successful     Failed
07/07/26 18:46:08       ===      ===         ===            ===        ===
07/07/26 18:46:08         0       40           0              0          0
07/07/26 18:51:08 3001 seconds since last log event
07/07/26 18:51:08 Pending DAG nodes:
07/07/26 18:51:08   Node COLLECT, HTCondor ID 170271, status STATUS_SUBMITTED
07/07/26 19:01:09 3602 seconds since last log event
07/07/26 19:01:09 Pending DAG nodes:
07/07/26 19:01:09   Node COLLECT, HTCondor ID 170271, status STATUS_SUBMITTED
07/07/26 19:01:09 Total jobs placed to AP: 40
07/07/26 19:01:09      Idle     Held     Running     Successful     Failed
07/07/26 19:01:09       ===      ===         ===            ===        ===
07/07/26 19:01:09         0       40           0              0          0
07/07/26 19:11:10 4203 seconds since last log event
07/07/26 19:11:10 Pending DAG nodes:
07/07/26 19:11:10   Node COLLECT, HTCondor ID 170271, status STATUS_SUBMITTED
07/07/26 19:16:10 Total jobs placed to AP: 40
07/07/26 19:16:10      Idle     Held     Running     Successful     Failed
07/07/26 19:16:10       ===      ===         ===            ===        ===
07/07/26 19:16:10         0       40           0              0          0
07/07/26 19:21:10 4803 seconds since last log event
07/07/26 19:21:10 Pending DAG nodes:
07/07/26 19:21:10   Node COLLECT, HTCondor ID 170271, status STATUS_SUBMITTED
07/07/26 19:31:11 5404 seconds since last log event
07/07/26 19:31:11 Pending DAG nodes:
07/07/26 19:31:11   Node COLLECT, HTCondor ID 170271, status STATUS_SUBMITTED
07/07/26 19:31:11 Total jobs placed to AP: 40
07/07/26 19:31:11      Idle     Held     Running     Successful     Failed
07/07/26 19:31:11       ===      ===         ===            ===        ===
07/07/26 19:31:11         0       40           0              0          0
07/07/26 19:41:11 6004 seconds since last log event
07/07/26 19:41:11 Pending DAG nodes:
07/07/26 19:41:11   Node COLLECT, HTCondor ID 170271, status STATUS_SUBMITTED
07/07/26 19:46:12 Total jobs placed to AP: 40
07/07/26 19:46:12      Idle     Held     Running     Successful     Failed
07/07/26 19:46:12       ===      ===         ===            ===        ===
07/07/26 19:46:12         0       40           0              0          0
07/07/26 19:51:12 6605 seconds since last log event
07/07/26 19:51:12 Pending DAG nodes:
07/07/26 19:51:12   Node COLLECT, HTCondor ID 170271, status STATUS_SUBMITTED
07/07/26 20:01:13 7206 seconds since last log event
07/07/26 20:01:13 Pending DAG nodes:
07/07/26 20:01:13   Node COLLECT, HTCondor ID 170271, status STATUS_SUBMITTED
07/07/26 20:01:13 Total jobs placed to AP: 40
07/07/26 20:01:13      Idle     Held     Running     Successful     Failed
07/07/26 20:01:13       ===      ===         ===            ===        ===
07/07/26 20:01:13         0       40           0              0          0
07/07/26 20:11:13 7806 seconds since last log event
07/07/26 20:11:13 Pending DAG nodes:
07/07/26 20:11:13   Node COLLECT, HTCondor ID 170271, status STATUS_SUBMITTED
07/07/26 20:16:13 Total jobs placed to AP: 40
07/07/26 20:16:13      Idle     Held     Running     Successful     Failed
07/07/26 20:16:13       ===      ===         ===            ===        ===
07/07/26 20:16:13         0       40           0              0          0
07/07/26 20:21:14 8407 seconds since last log event
07/07/26 20:21:14 Pending DAG nodes:
07/07/26 20:21:14   Node COLLECT, HTCondor ID 170271, status STATUS_SUBMITTED
07/07/26 20:31:14 9007 seconds since last log event
07/07/26 20:31:14 Pending DAG nodes:
07/07/26 20:31:14   Node COLLECT, HTCondor ID 170271, status STATUS_SUBMITTED
07/07/26 20:31:14 Total jobs placed to AP: 40
07/07/26 20:31:14      Idle     Held     Running     Successful     Failed
07/07/26 20:31:14       ===      ===         ===            ===        ===
07/07/26 20:31:14         0       40           0              0          0
07/07/26 20:41:15 9608 seconds since last log event
07/07/26 20:41:15 Pending DAG nodes:
07/07/26 20:41:15   Node COLLECT, HTCondor ID 170271, status STATUS_SUBMITTED
07/07/26 20:46:15 Total jobs placed to AP: 40
07/07/26 20:46:15      Idle     Held     Running     Successful     Failed
07/07/26 20:46:15       ===      ===         ===            ===        ===
07/07/26 20:46:15         0       40           0              0          0
07/07/26 20:51:15 10208 seconds since last log event
07/07/26 20:51:15 Pending DAG nodes:
07/07/26 20:51:15   Node COLLECT, HTCondor ID 170271, status STATUS_SUBMITTED
07/07/26 21:01:16 10809 seconds since last log event
07/07/26 21:01:16 Pending DAG nodes:
07/07/26 21:01:16   Node COLLECT, HTCondor ID 170271, status STATUS_SUBMITTED
07/07/26 21:01:16 Total jobs placed to AP: 40
07/07/26 21:01:16      Idle     Held     Running     Successful     Failed
07/07/26 21:01:16       ===      ===         ===            ===        ===
07/07/26 21:01:16         0       40           0              0          0
07/07/26 21:11:16 11409 seconds since last log event
07/07/26 21:11:16 Pending DAG nodes:
07/07/26 21:11:16   Node COLLECT, HTCondor ID 170271, status STATUS_SUBMITTED
07/07/26 21:16:17 Total jobs placed to AP: 40
07/07/26 21:16:17      Idle     Held     Running     Successful     Failed
07/07/26 21:16:17       ===      ===         ===            ===        ===
07/07/26 21:16:17         0       40           0              0          0
07/07/26 21:21:17 12010 seconds since last log event
07/07/26 21:21:17 Pending DAG nodes:
07/07/26 21:21:17   Node COLLECT, HTCondor ID 170271, status STATUS_SUBMITTED
07/07/26 21:31:18 12611 seconds since last log event
07/07/26 21:31:18 Pending DAG nodes:
07/07/26 21:31:18   Node COLLECT, HTCondor ID 170271, status STATUS_SUBMITTED
07/07/26 21:31:18 Total jobs placed to AP: 40
07/07/26 21:31:18      Idle     Held     Running     Successful     Failed
07/07/26 21:31:18       ===      ===         ===            ===        ===
07/07/26 21:31:18         0       40           0              0          0
07/07/26 21:41:18 13211 seconds since last log event
07/07/26 21:41:18 Pending DAG nodes:
07/07/26 21:41:18   Node COLLECT, HTCondor ID 170271, status STATUS_SUBMITTED
07/07/26 21:46:18 Total jobs placed to AP: 40
07/07/26 21:46:18      Idle     Held     Running     Successful     Failed
07/07/26 21:46:18       ===      ===         ===            ===        ===
07/07/26 21:46:18         0       40           0              0          0
07/07/26 21:51:19 13812 seconds since last log event
07/07/26 21:51:19 Pending DAG nodes:
07/07/26 21:51:19   Node COLLECT, HTCondor ID 170271, status STATUS_SUBMITTED
07/07/26 22:01:19 14412 seconds since last log event
07/07/26 22:01:19 Pending DAG nodes:
07/07/26 22:01:19   Node COLLECT, HTCondor ID 170271, status STATUS_SUBMITTED
07/07/26 22:01:19 Total jobs placed to AP: 40
07/07/26 22:01:19      Idle     Held     Running     Successful     Failed
07/07/26 22:01:19       ===      ===         ===            ===        ===
07/07/26 22:01:19         0       40           0              0          0
07/07/26 22:11:20 15013 seconds since last log event
07/07/26 22:11:20 Pending DAG nodes:
07/07/26 22:11:20   Node COLLECT, HTCondor ID 170271, status STATUS_SUBMITTED
07/07/26 22:16:20 Total jobs placed to AP: 40
07/07/26 22:16:20      Idle     Held     Running     Successful     Failed
07/07/26 22:16:20       ===      ===         ===            ===        ===
07/07/26 22:16:20         0       40           0              0          0
07/07/26 22:21:20 15613 seconds since last log event
07/07/26 22:21:20 Pending DAG nodes:
07/07/26 22:21:20   Node COLLECT, HTCondor ID 170271, status STATUS_SUBMITTED
07/07/26 22:31:30 Total jobs placed to AP: 40
07/07/26 22:31:30      Idle     Held     Running     Successful     Failed
07/07/26 22:31:30       ===      ===         ===            ===        ===
07/07/26 22:31:30         0       40           0              0          0
07/07/26 22:31:35 16228 seconds since last log event
07/07/26 22:31:35 Pending DAG nodes:
07/07/26 22:31:36   Node COLLECT, HTCondor ID 170271, status STATUS_SUBMITTED
07/07/26 22:33:05 Currently monitoring 1 HTCondor log file(s)
07/07/26 22:33:05 Event: ULOG_JOB_ABORTED for HTCondor Node COLLECT (170271.0.0) {07/07/26 22:33:04}
07/07/26 22:33:05 Number of idle job procs: 39
07/07/26 22:33:05 Running: /usr/bin/condor_rm 170271 -const DAGManJobId==170262 -reason Node' 'Error:' 'DAG' 'node' 'COLLECT' '(170271.0.0)' 'got' 'ULOG_JOB_ABORTED' 'event.
07/07/26 22:33:05 Event: ULOG_JOB_ABORTED for HTCondor Node COLLECT (170271.1.0) {07/07/26 22:33:05}
07/07/26 22:33:05 Number of idle job procs: 38
07/07/26 22:33:05 DAG status: 0 (DAG_STATUS_OK)
07/07/26 22:33:05 Of 5 nodes total:
07/07/26 22:33:05  Done     Pre   Queued    Post   Ready   Un-Ready   Failed   Futile
07/07/26 22:33:05   ===     ===      ===     ===     ===        ===      ===      ===
07/07/26 22:33:05     0       0        1       0       0          4        0        0
07/07/26 22:33:05 38 job proc(s) currently held
07/07/26 22:33:05 DAGMan Runtime Statistics: [EventCycleTimeAvg=0.012; EventCycleTimeMax=15.961; EventCycleTimeMin=0.000; EventCycleTimeStd=0.382; EventCycleTimeSum=39.134; SleepCycleTimeAvg=5.006; SleepCycleTimeMax=10.181; SleepCycleTimeMin=4.004; SleepCycleTimeStd=0.095; SleepCycleTimeSum=16279.367; SubmitCycleTimeAvg=0.000; SubmitCycleTimeMax=0.000; SubmitCycleTimeMin=0.000; SubmitCycleTimeStd=0.000; SubmitCycleTimeSum=0.002; EventCycleTimeCount=3252.000; SleepCycleTimeCount=3252.000; SubmitCycleTimeCount=3253.000; LogProcessCycleTimeAvg=0.022; LogProcessCycleTimeMax=0.044; LogProcessCycleTimeMin=0.001; LogProcessCycleTimeStd=0.030; LogProcessCycleTimeSum=0.044; LogProcessCycleTimeCount=2.000; ]
07/07/26 22:33:13 Currently monitoring 1 HTCondor log file(s)
07/07/26 22:33:13 Event: ULOG_JOB_ABORTED for HTCondor Node COLLECT (170271.2.0) {07/07/26 22:33:05}
07/07/26 22:33:13 Number of idle job procs: 37
07/07/26 22:33:13 Event: ULOG_JOB_ABORTED for HTCondor Node COLLECT (170271.3.0) {07/07/26 22:33:05}
07/07/26 22:33:13 Number of idle job procs: 36
07/07/26 22:33:13 Event: ULOG_JOB_ABORTED for HTCondor Node COLLECT (170271.4.0) {07/07/26 22:33:05}
07/07/26 22:33:13 Number of idle job procs: 35
07/07/26 22:33:13 Event: ULOG_JOB_ABORTED for HTCondor Node COLLECT (170271.5.0) {07/07/26 22:33:05}
07/07/26 22:33:13 Number of idle job procs: 34
07/07/26 22:33:13 Event: ULOG_JOB_ABORTED for HTCondor Node COLLECT (170271.6.0) {07/07/26 22:33:05}
07/07/26 22:33:13 Number of idle job procs: 33
07/07/26 22:33:13 Event: ULOG_JOB_ABORTED for HTCondor Node COLLECT (170271.7.0) {07/07/26 22:33:05}
07/07/26 22:33:13 Number of idle job procs: 32
07/07/26 22:33:13 Event: ULOG_JOB_ABORTED for HTCondor Node COLLECT (170271.8.0) {07/07/26 22:33:05}
07/07/26 22:33:13 Number of idle job procs: 31
07/07/26 22:33:13 Event: ULOG_JOB_ABORTED for HTCondor Node COLLECT (170271.9.0) {07/07/26 22:33:05}
07/07/26 22:33:13 Number of idle job procs: 30
07/07/26 22:33:13 Event: ULOG_JOB_ABORTED for HTCondor Node COLLECT (170271.10.0) {07/07/26 22:33:05}
07/07/26 22:33:13 Number of idle job procs: 29
07/07/26 22:33:13 DAG status: 0 (DAG_STATUS_OK)
07/07/26 22:33:13 Of 5 nodes total:
07/07/26 22:33:13  Done     Pre   Queued    Post   Ready   Un-Ready   Failed   Futile
07/07/26 22:33:13   ===     ===      ===     ===     ===        ===      ===      ===
07/07/26 22:33:27     0       0        1       0       0          4        0        0
07/07/26 22:33:27 29 job proc(s) currently held
07/07/26 22:33:27 DAGMan Runtime Statistics: [EventCycleTimeAvg=0.012; EventCycleTimeMax=15.961; EventCycleTimeMin=0.000; EventCycleTimeStd=0.382; EventCycleTimeSum=39.183; SleepCycleTimeAvg=5.007; SleepCycleTimeMax=10.181; SleepCycleTimeMin=4.004; SleepCycleTimeStd=0.104; SleepCycleTimeSum=16286.786; SubmitCycleTimeAvg=0.000; SubmitCycleTimeMax=0.000; SubmitCycleTimeMin=0.000; SubmitCycleTimeStd=0.000; SubmitCycleTimeSum=0.002; EventCycleTimeCount=3253.000; SleepCycleTimeCount=3253.000; SubmitCycleTimeCount=3254.000; LogProcessCycleTimeAvg=0.021; LogProcessCycleTimeMax=0.044; LogProcessCycleTimeMin=0.001; LogProcessCycleTimeStd=0.022; LogProcessCycleTimeSum=0.063; LogProcessCycleTimeCount=3.000; ]
07/07/26 22:33:32 Currently monitoring 1 HTCondor log file(s)
07/07/26 22:33:33 Event: ULOG_JOB_ABORTED for HTCondor Node COLLECT (170271.11.0) {07/07/26 22:33:27}
07/07/26 22:33:34 Number of idle job procs: 28
07/07/26 22:33:34 Event: ULOG_JOB_ABORTED for HTCondor Node COLLECT (170271.12.0) {07/07/26 22:33:27}
07/07/26 22:33:34 Number of idle job procs: 27
07/07/26 22:33:34 Event: ULOG_JOB_ABORTED for HTCondor Node COLLECT (170271.13.0) {07/07/26 22:33:27}
07/07/26 22:33:34 Number of idle job procs: 26
07/07/26 22:33:34 Event: ULOG_JOB_ABORTED for HTCondor Node COLLECT (170271.14.0) {07/07/26 22:33:27}
07/07/26 22:33:34 Number of idle job procs: 25
07/07/26 22:33:34 Event: ULOG_JOB_ABORTED for HTCondor Node COLLECT (170271.15.0) {07/07/26 22:33:27}
07/07/26 22:33:34 Number of idle job procs: 24
07/07/26 22:33:34 Event: ULOG_JOB_ABORTED for HTCondor Node COLLECT (170271.16.0) {07/07/26 22:33:27}
07/07/26 22:33:34 Number of idle job procs: 23
07/07/26 22:33:34 Event: ULOG_JOB_ABORTED for HTCondor Node COLLECT (170271.17.0) {07/07/26 22:33:27}
07/07/26 22:33:34 Number of idle job procs: 22
07/07/26 22:33:34 Event: ULOG_JOB_ABORTED for HTCondor Node COLLECT (170271.18.0) {07/07/26 22:33:27}
07/07/26 22:33:34 Number of idle job procs: 21
07/07/26 22:33:34 Event: ULOG_JOB_ABORTED for HTCondor Node COLLECT (170271.19.0) {07/07/26 22:33:27}
07/07/26 22:33:34 Number of idle job procs: 20
07/07/26 22:33:34 Event: ULOG_JOB_ABORTED for HTCondor Node COLLECT (170271.20.0) {07/07/26 22:33:27}
07/07/26 22:33:35 Number of idle job procs: 19
07/07/26 22:33:48 Event: ULOG_JOB_ABORTED for HTCondor Node COLLECT (170271.21.0) {07/07/26 22:33:27}
07/07/26 22:33:48 Number of idle job procs: 18
07/07/26 22:33:48 Event: ULOG_JOB_ABORTED for HTCondor Node COLLECT (170271.22.0) {07/07/26 22:33:27}
07/07/26 22:33:48 Number of idle job procs: 17
07/07/26 22:33:48 Event: ULOG_JOB_ABORTED for HTCondor Node COLLECT (170271.23.0) {07/07/26 22:33:27}
07/07/26 22:33:48 Number of idle job procs: 16
07/07/26 22:33:48 Event: ULOG_JOB_ABORTED for HTCondor Node COLLECT (170271.24.0) {07/07/26 22:33:27}
07/07/26 22:33:48 Number of idle job procs: 15
07/07/26 22:33:48 Event: ULOG_JOB_ABORTED for HTCondor Node COLLECT (170271.25.0) {07/07/26 22:33:27}
07/07/26 22:33:48 Number of idle job procs: 14
07/07/26 22:33:48 Event: ULOG_JOB_ABORTED for HTCondor Node COLLECT (170271.26.0) {07/07/26 22:33:27}
07/07/26 22:33:48 Number of idle job procs: 13
07/07/26 22:33:48 Event: ULOG_JOB_ABORTED for HTCondor Node COLLECT (170271.27.0) {07/07/26 22:33:27}
07/07/26 22:33:48 Number of idle job procs: 12
07/07/26 22:33:48 Event: ULOG_JOB_ABORTED for HTCondor Node COLLECT (170271.28.0) {07/07/26 22:33:27}
07/07/26 22:33:48 Number of idle job procs: 11
07/07/26 22:33:48 Event: ULOG_JOB_ABORTED for HTCondor Node COLLECT (170271.29.0) {07/07/26 22:33:27}
07/07/26 22:33:48 Number of idle job procs: 10
07/07/26 22:33:48 Event: ULOG_JOB_ABORTED for HTCondor Node COLLECT (170271.30.0) {07/07/26 22:33:27}
07/07/26 22:33:48 Number of idle job procs: 9
07/07/26 22:33:48 Event: ULOG_JOB_ABORTED for HTCondor Node COLLECT (170271.31.0) {07/07/26 22:33:27}
07/07/26 22:33:48 Number of idle job procs: 8
07/07/26 22:33:48 Event: ULOG_JOB_ABORTED for HTCondor Node COLLECT (170271.32.0) {07/07/26 22:33:27}
07/07/26 22:33:48 Number of idle job procs: 7
07/07/26 22:33:48 Event: ULOG_JOB_ABORTED for HTCondor Node COLLECT (170271.33.0) {07/07/26 22:33:27}
07/07/26 22:33:48 Number of idle job procs: 6
07/07/26 22:33:48 Event: ULOG_JOB_ABORTED for HTCondor Node COLLECT (170271.34.0) {07/07/26 22:33:27}
07/07/26 22:33:48 Number of idle job procs: 5
07/07/26 22:33:48 Event: ULOG_JOB_ABORTED for HTCondor Node COLLECT (170271.35.0) {07/07/26 22:33:27}
07/07/26 22:33:48 Number of idle job procs: 4
07/07/26 22:33:48 Event: ULOG_JOB_ABORTED for HTCondor Node COLLECT (170271.36.0) {07/07/26 22:33:27}
07/07/26 22:33:48 Number of idle job procs: 3
07/07/26 22:33:48 Event: ULOG_JOB_ABORTED for HTCondor Node COLLECT (170271.37.0) {07/07/26 22:33:27}
07/07/26 22:33:48 Number of idle job procs: 2
07/07/26 22:33:48 Event: ULOG_JOB_ABORTED for HTCondor Node COLLECT (170271.38.0) {07/07/26 22:33:27}
07/07/26 22:33:48 Number of idle job procs: 1
07/07/26 22:33:48 Event: ULOG_JOB_ABORTED for HTCondor Node COLLECT (170271.39.0) {07/07/26 22:33:27}
07/07/26 22:33:48 Number of idle job procs: 0
07/07/26 22:33:48 Node COLLECT job(s) have exited the queue
07/07/26 22:33:48 DAG status: 2 (DAG_STATUS_NODE_FAILED)
07/07/26 22:33:48 Of 5 nodes total:
07/07/26 22:33:48  Done     Pre   Queued    Post   Ready   Un-Ready   Failed   Futile
07/07/26 22:33:48   ===     ===      ===     ===     ===        ===      ===      ===
07/07/26 22:33:48     0       0        0       0       0          0        1        4
07/07/26 22:33:48 0 job proc(s) currently held
07/07/26 22:33:48 DAGMan Runtime Statistics: [EventCycleTimeAvg=0.016; EventCycleTimeMax=15.961; EventCycleTimeMin=0.000; EventCycleTimeStd=0.455; EventCycleTimeSum=53.322; SleepCycleTimeAvg=5.007; SleepCycleTimeMax=10.181; SleepCycleTimeMin=4.004; SleepCycleTimeStd=0.104; SleepCycleTimeSum=16291.790; SubmitCycleTimeAvg=0.000; SubmitCycleTimeMax=0.000; SubmitCycleTimeMin=0.000; SubmitCycleTimeStd=0.000; SubmitCycleTimeSum=0.002; EventCycleTimeCount=3254.000; SleepCycleTimeCount=3254.000; SubmitCycleTimeCount=3255.000; LogProcessCycleTimeAvg=4.130; LogProcessCycleTimeMax=16.459; LogProcessCycleTimeMin=0.001; LogProcessCycleTimeStd=8.219; LogProcessCycleTimeSum=16.522; LogProcessCycleTimeCount=4.000; ]
07/07/26 22:33:48 ERROR: the following job(s) failed:
07/07/26 22:33:48 ---------------------- Node ----------------------
07/07/26 22:33:48       Node Name: COLLECT
07/07/26 22:33:48            Noop: false
07/07/26 22:33:48          NodeID: 0
07/07/26 22:33:48     Node Status: STATUS_ERROR    
07/07/26 22:33:48 Node return val: -1002
07/07/26 22:33:48           Error: HTCondor reported ULOG_JOB_ABORTED event for job proc (170271.0.0)
07/07/26 22:33:48 Job Submit File: one_way_line_det_one_way_line_60_30_action_shield_collect.sub
07/07/26 22:33:48  HTCondor Job ID: (170271.9.0)
07/07/26 22:33:48 PARENTS:  WAITING: 0 CHILDREN: MERGE_COLLECTION
07/07/26 22:33:48 ---------------------------------------	<END>
07/07/26 22:33:48 Aborting DAG...
07/07/26 22:33:48 Writing Rescue DAG to one_way_line_det_one_way_line_60_30_action_shield.dag.rescue001...
07/07/26 22:33:48 Removing submitted jobs...
07/07/26 22:33:48 Removing any/all submitted HTCondor jobs...
07/07/26 22:33:48 Running: /usr/bin/condor_rm -const DAGManJobId==170262 -reason DAG' 'Abort:' 'DAG' 'is' 'exiting' 'and' 'writing' 'rescue' 'file.
07/07/26 22:33:48 Note: 0 total node deferrals because of -MaxJobs limit (0)
07/07/26 22:33:48 Note: 0 total node deferrals because of -MaxIdle limit (1000)
07/07/26 22:33:48 Note: 0 total node deferrals because of node category throttles
07/07/26 22:33:48 Note: 0 total PRE script deferrals because of -MaxPre limit (20) or DEFER
07/07/26 22:33:48 Note: 0 total POST script deferrals because of -MaxPost limit (20) or DEFER
07/07/26 22:33:48 Note: 0 total HOLD script deferrals because of -MaxHold limit (20) or DEFER
07/07/26 22:33:48 DAG status: 2 (DAG_STATUS_NODE_FAILED)
07/07/26 22:33:48 Of 5 nodes total:
07/07/26 22:33:48  Done     Pre   Queued    Post   Ready   Un-Ready   Failed   Futile
07/07/26 22:33:48   ===     ===      ===     ===     ===        ===      ===      ===
07/07/26 22:33:48     0       0        0       0       0          0        1        4
07/07/26 22:33:48 0 job proc(s) currently held
07/07/26 22:33:48 DAGMan Runtime Statistics: [EventCycleTimeAvg=0.016; EventCycleTimeMax=15.961; EventCycleTimeMin=0.000; EventCycleTimeStd=0.455; EventCycleTimeSum=53.322; SleepCycleTimeAvg=5.007; SleepCycleTimeMax=10.181; SleepCycleTimeMin=4.004; SleepCycleTimeStd=0.104; SleepCycleTimeSum=16291.790; SubmitCycleTimeAvg=0.000; SubmitCycleTimeMax=0.000; SubmitCycleTimeMin=0.000; SubmitCycleTimeStd=0.000; SubmitCycleTimeSum=0.002; EventCycleTimeCount=3254.000; SleepCycleTimeCount=3254.000; SubmitCycleTimeCount=3255.000; LogProcessCycleTimeAvg=4.130; LogProcessCycleTimeMax=16.459; LogProcessCycleTimeMin=0.001; LogProcessCycleTimeStd=8.219; LogProcessCycleTimeSum=16.522; LogProcessCycleTimeCount=4.000; ]
07/07/26 22:33:48 Wrote metrics file one_way_line_det_one_way_line_60_30_action_shield.dag.metrics.
07/07/26 22:33:48 DAGMan Runtime Statistics: [EventCycleTimeAvg=0.016; EventCycleTimeMax=15.961; EventCycleTimeMin=0.000; EventCycleTimeStd=0.455; EventCycleTimeSum=53.322; SleepCycleTimeAvg=5.007; SleepCycleTimeMax=10.181; SleepCycleTimeMin=4.004; SleepCycleTimeStd=0.104; SleepCycleTimeSum=16291.790; SubmitCycleTimeAvg=0.000; SubmitCycleTimeMax=0.000; SubmitCycleTimeMin=0.000; SubmitCycleTimeStd=0.000; SubmitCycleTimeSum=0.002; EventCycleTimeCount=3254.000; SleepCycleTimeCount=3254.000; SubmitCycleTimeCount=3255.000; LogProcessCycleTimeAvg=4.130; LogProcessCycleTimeMax=16.459; LogProcessCycleTimeMin=0.001; LogProcessCycleTimeStd=8.219; LogProcessCycleTimeSum=16.522; LogProcessCycleTimeCount=4.000; ]
07/07/26 22:33:48 **** condor_scheduniv_exec.170262.0 (condor_DAGMAN) pid 589478 EXITING WITH STATUS 1
07/07/26 23:21:30 ******************************************************
07/07/26 23:21:30 ** condor_scheduniv_exec.170504.0 (CONDOR_DAGMAN) STARTING UP
07/07/26 23:21:30 ** /usr/bin/condor_dagman
07/07/26 23:21:30 ** SubsystemInfo: name=DAGMAN type=DAGMAN(9) class=CLIENT(2)
07/07/26 23:21:30 ** Configuration: subsystem:DAGMAN local:<NONE> class:CLIENT
07/07/26 23:21:30 ** $CondorVersion: 24.12.19 2026-04-15 BuildID: 896241 PackageID: 24.12.19-1+deb12 GitSHA: c68f3e0e $
07/07/26 23:21:30 ** $CondorPlatform: X86_64-Debian_12 $
07/07/26 23:21:30 ** PID = 707693 RealUID = 1620002036
07/07/26 23:21:30 ** Log last touched 7/7 22:33:48
07/07/26 23:21:30 ******************************************************
07/07/26 23:21:30 Using config source: /etc/condor/condor_config
07/07/26 23:21:30 Using local config sources: 
07/07/26 23:21:30    /etc/condor/config.d/01-submit.conf
07/07/26 23:21:30    /etc/condor/config.d/10-stash-plugin.conf
07/07/26 23:21:30    /etc/condor/config.d/23-network.config
07/07/26 23:21:30    /etc/condor/config.d/31-mail.conf
07/07/26 23:21:30    /etc/condor/config.d/35-cc-sync.conf
07/07/26 23:21:30    /etc/condor/config.d/41-periodic-remove.conf
07/07/26 23:21:30    /etc/condor/config.d/49-common.conf
07/07/26 23:21:30    /etc/condor/config.d/52-group-mapping.conf
07/07/26 23:21:30    /etc/condor/config.d/54-container.conf
07/07/26 23:21:30    /etc/condor/config.d/67-submit-transforms.conf
07/07/26 23:21:30    /etc/condor/config.d/71-submit-requirements.conf
07/07/26 23:21:30    /etc/condor/condor_config.local
07/07/26 23:21:30 config Macros = 110, Sorted = 110, StringBytes = 6396, TablesBytes = 4088
07/07/26 23:21:30 CLASSAD_CACHING is ENABLED
07/07/26 23:21:30 Daemon Log is logging: D_ALWAYS D_ERROR D_STATUS
07/07/26 23:21:30 Daemoncore: Listening at <0.0.0.0:32155> on TCP (ReliSock) and UDP (SafeSock).
07/07/26 23:21:30 DaemonCore: command socket at <10.143.248.60:32155?addrs=10.143.248.60-32155&alias=conduit.hpc.uni-saarland.de>
07/07/26 23:21:30 DaemonCore: private command socket at <10.143.248.60:32155?addrs=10.143.248.60-32155&alias=conduit.hpc.uni-saarland.de>
07/07/26 23:21:30 DAGMAN_USE_STRICT setting: 1
07/07/26 23:21:30 DAGMAN_VERBOSITY setting: 3
07/07/26 23:21:30 DAGMAN_DEBUG_CACHE_SIZE setting: 5242880
07/07/26 23:21:30 DAGMAN_DEBUG_CACHE_ENABLE setting: False
07/07/26 23:21:30 DAGMAN_SUBMIT_DELAY setting: 0
07/07/26 23:21:30 DAGMAN_MAX_SUBMIT_ATTEMPTS setting: 6
07/07/26 23:21:30 DAGMAN_STARTUP_CYCLE_DETECT setting: False
07/07/26 23:21:30 DAGMAN_USE_JOIN_NODES setting: True
07/07/26 23:21:30 DAGMAN_REPORT_GRAPH_METRICS setting: False
07/07/26 23:21:30 DAGMAN_MAX_SUBMITS_PER_INTERVAL setting: 100
07/07/26 23:21:30 DAGMAN_AGGRESSIVE_SUBMIT setting: False
07/07/26 23:21:30 DAGMAN_USER_LOG_SCAN_INTERVAL setting: 5
07/07/26 23:21:30 DAGMAN_QUEUE_UPDATE_INTERVAL setting: 300.000000
07/07/26 23:21:30 DAGMAN_DEFAULT_PRIORITY setting: 0
07/07/26 23:21:30 DAGMAN_SUPPRESS_NOTIFICATION setting: False
07/07/26 23:21:30 allow_events (DAGMAN_ALLOW_EVENTS) setting: 114
07/07/26 23:21:30 DAGMAN_RETRY_SUBMIT_FIRST setting: True
07/07/26 23:21:30 DAGMAN_RETRY_NODE_FIRST setting: False
07/07/26 23:21:30 DAGMAN_MAX_JOBS_IDLE setting: 1000
07/07/26 23:21:30 DAGMAN_MAX_JOBS_SUBMITTED setting: 0
07/07/26 23:21:30 DAGMAN_MAX_PRE_SCRIPTS setting: 20
07/07/26 23:21:30 DAGMAN_MAX_POST_SCRIPTS setting: 20
07/07/26 23:21:30 DAGMAN_MAX_HOLD_SCRIPTS setting: 20
07/07/26 23:21:30 DAGMAN_MUNGE_NODE_NAMES setting: True
07/07/26 23:21:30 DAGMAN_ALLOW_ANY_NODE_NAME_CHARACTERS setting: False
07/07/26 23:21:30 DAGMAN_PROHIBIT_MULTI_JOBS setting: False
07/07/26 23:21:30 DAGMAN_SUBMIT_DEPTH_FIRST setting: False
07/07/26 23:21:30 DAGMAN_ALWAYS_RUN_POST setting: False
07/07/26 23:21:30 DAGMAN_CONDOR_SUBMIT_EXE setting: /usr/bin/condor_submit
07/07/26 23:21:30 DAGMAN_CONDOR_RM_EXE setting: /usr/bin/condor_rm
07/07/26 23:21:30 DAGMAN_USE_DIRECT_SUBMIT setting: True
07/07/26 23:21:30 DAGMAN_PRODUCE_JOB_CREDENTIALS setting: True
07/07/26 23:21:30 DAGMAN_DEFAULT_APPEND_VARS setting: False
07/07/26 23:21:30 DAGMAN_INHERIT_ATTRS_PREFIX setting: 
07/07/26 23:21:30 DAGMAN_INHERIT_ATTRS setting: 
07/07/26 23:21:30 DAGMAN_ABORT_DUPLICATES setting: True
07/07/26 23:21:30 DAGMAN_ABORT_ON_SCARY_SUBMIT setting: True
07/07/26 23:21:30 DAGMAN_PENDING_REPORT_INTERVAL setting: 600
07/07/26 23:21:30 DAGMAN_CHECK_QUEUE_INTERVAL setting: 28800
07/07/26 23:21:30 DAGMAN_PRINT_JOB_TABLE_INTERVAL setting: 900
07/07/26 23:21:30 DAGMAN_AUTO_RESCUE setting: True
07/07/26 23:21:30 DAGMAN_MAX_RESCUE_NUM setting: 100
07/07/26 23:21:30 DAGMAN_WRITE_PARTIAL_RESCUE setting: True
07/07/26 23:21:30 DAGMAN_RESET_RETRIES_UPON_RESCUE setting: True
07/07/26 23:21:30 DAGMAN_METRICS_FILE_VERSION setting: 2
07/07/26 23:21:30 DAGMAN_DEFAULT_NODE_LOG setting: @(DAG_DIR)/@(DAG_FILE).nodes.log
07/07/26 23:21:30 DAGMAN_LOG_ON_NFS_IS_ERROR setting: False
07/07/26 23:21:30 DAGMAN_GENERATE_SUBDAG_SUBMITS setting: True
07/07/26 23:21:30 DAGMAN_MAX_JOB_HOLDS setting: 100
07/07/26 23:21:30 DAGMAN_NODE_JOB_FAILURE_TOLERANCE setting: 0
07/07/26 23:21:30 DAGMAN_HOLD_CLAIM_TIME setting: 20
07/07/26 23:21:30 DAGMAN_SUPPRESS_JOB_LOGS setting: False
07/07/26 23:21:30 DAGMAN_REMOVE_NODE_JOBS setting: True
07/07/26 23:21:30 DAGMAN_PUT_FAILED_JOBS_ON_HOLD setting: False
07/07/26 23:21:30 DAGMAN_REMOVE_JOBS_AFTER_LIMIT_CHANGE setting: False
07/07/26 23:21:30 DAGMAN will adjust edges after parsing
07/07/26 23:21:30 argv[0] == "condor_scheduniv_exec.170504.0"
07/07/26 23:21:30 argv[1] == "-Lockfile"
07/07/26 23:21:30 argv[2] == "one_way_line_det_one_way_line_60_30_action_shield.dag.lock"
07/07/26 23:21:30 argv[3] == "-Dag"
07/07/26 23:21:30 argv[4] == "one_way_line_det_one_way_line_60_30_action_shield.dag"
07/07/26 23:21:30 argv[5] == "-CsdVersion"
07/07/26 23:21:30 argv[6] == "$CondorVersion: 24.12.19 2026-04-15 BuildID: 896241 PackageID: 24.12.19-1+deb12 GitSHA: c68f3e0e $"
07/07/26 23:21:30 argv[7] == "-dagman"
07/07/26 23:21:30 argv[8] == "/usr/bin/condor_dagman"
07/07/26 23:21:30 argv[9] == "-AutoRescue"
07/07/26 23:21:30 argv[10] == "1"
07/07/26 23:21:30 argv[11] == "-DoRescueFrom"
07/07/26 23:21:30 argv[12] == "0"
07/07/26 23:21:30 Can't open directory "/etc/condor/passwords.d" as PRIV_ROOT, errno: 13 (Permission denied)
07/07/26 23:21:30 Can't open directory "/etc/condor/passwords.d" as PRIV_ROOT, errno: 13 (Permission denied)
07/07/26 23:21:30 Workflow batch-id: <170504.0>
07/07/26 23:21:30 Workflow batch-name: <one_way_line_det_one_way_line_60_30_action_shield.dag+170504>
07/07/26 23:21:30 Workflow accounting_group: <teaching>
07/07/26 23:21:30 Workflow accounting_group_user: <atml_team041>
07/07/26 23:21:30 Warning: failed to get attribute DAGNodeName
07/07/26 23:21:30 Default node log file is: </home/atml_team041/condor_tutorial/jani_env/experiments/repair_wo_domain/submissions/action_shield/one_way_line_det/./one_way_line_det_one_way_line_60_30_action_shield.dag.nodes.log>
07/07/26 23:21:30 DAG Lockfile will be written to one_way_line_det_one_way_line_60_30_action_shield.dag.lock
07/07/26 23:21:30 DAG Input file is one_way_line_det_one_way_line_60_30_action_shield.dag
07/07/26 23:21:30 Parsing 1 dagfiles
07/07/26 23:21:30 Parsing one_way_line_det_one_way_line_60_30_action_shield.dag ...
07/07/26 23:21:30 Adjusting edges
07/07/26 23:21:30 Found rescue DAG number 1; running one_way_line_det_one_way_line_60_30_action_shield.dag.rescue001 in combination with normal DAG file
07/07/26 23:21:30 ~~~~~~~~~~~~~~~~~~~~~~~~~~~~~~~~~~~~~~~~~~~~~~~~~~~~~~
07/07/26 23:21:30 USING RESCUE DAG one_way_line_det_one_way_line_60_30_action_shield.dag.rescue001
07/07/26 23:21:30 Dag contains 5 total nodes
07/07/26 23:21:30 Bootstrapping...
07/07/26 23:21:30 Number of pre-completed nodes: 0
07/07/26 23:21:30 MultiLogFiles: truncating log file /home/atml_team041/condor_tutorial/jani_env/experiments/repair_wo_domain/submissions/action_shield/one_way_line_det/./one_way_line_det_one_way_line_60_30_action_shield.dag.nodes.log
07/07/26 23:21:30 DAG status: 0 (DAG_STATUS_OK)
07/07/26 23:21:30 Of 5 nodes total:
07/07/26 23:21:30  Done     Pre   Queued    Post   Ready   Un-Ready   Failed   Futile
07/07/26 23:21:30   ===     ===      ===     ===     ===        ===      ===      ===
07/07/26 23:21:30     0       0        0       0       1          4        0        0
07/07/26 23:21:30 0 job proc(s) currently held
07/07/26 23:21:30 DAGMan Runtime Statistics: [EventCycleTimeSum=0.000; SleepCycleTimeSum=0.000; SubmitCycleTimeSum=0.000; EventCycleTimeCount=0.000; SleepCycleTimeCount=0.000; SubmitCycleTimeCount=0.000; LogProcessCycleTimeSum=0.000; LogProcessCycleTimeCount=0.000; ]
07/07/26 23:21:30 Registering condor_event_timer...
07/07/26 23:21:31 Submitting HTCondor Node COLLECT job(s)...
07/07/26 23:21:31 Submitting node COLLECT from file one_way_line_det_one_way_line_60_30_action_shield_collect.sub using direct job submission
07/07/26 23:21:32 	assigned HTCondor ID (170510.0.0)
07/07/26 23:21:32 Just submitted 1 job this cycle...
07/07/26 23:21:32 DAG status: 0 (DAG_STATUS_OK)
07/07/26 23:21:32 Of 5 nodes total:
07/07/26 23:21:32  Done     Pre   Queued    Post   Ready   Un-Ready   Failed   Futile
07/07/26 23:21:32   ===     ===      ===     ===     ===        ===      ===      ===
07/07/26 23:21:32     0       0        1       0       0          4        0        0
07/07/26 23:21:32 0 job proc(s) currently held
07/07/26 23:21:32 DAGMan Runtime Statistics: [EventCycleTimeSum=0.000; SleepCycleTimeSum=0.000; SubmitCycleTimeAvg=0.320; SubmitCycleTimeMax=0.320; SubmitCycleTimeMin=0.320; SubmitCycleTimeStd=0.320; SubmitCycleTimeSum=0.320; EventCycleTimeCount=0.000; SleepCycleTimeCount=0.000; SubmitCycleTimeCount=1.000; LogProcessCycleTimeSum=0.000; LogProcessCycleTimeCount=0.000; ]
07/07/26 23:21:37 Currently monitoring 1 HTCondor log file(s)
07/07/26 23:21:37 Reassigning the id of job COLLECT from (170510.0.0) to (170510.0.0)
07/07/26 23:21:37 Event: ULOG_SUBMIT for HTCondor Node COLLECT (170510.0.0) {07/07/26 23:21:32}
07/07/26 23:21:37 Number of idle job procs: 1
07/07/26 23:21:37 Reassigning the id of job COLLECT from (170510.0.0) to (170510.1.0)
07/07/26 23:21:37 Event: ULOG_SUBMIT for HTCondor Node COLLECT (170510.1.0) {07/07/26 23:21:32}
07/07/26 23:21:37 Number of idle job procs: 2
07/07/26 23:21:37 Reassigning the id of job COLLECT from (170510.1.0) to (170510.10.0)
07/07/26 23:21:37 Event: ULOG_SUBMIT for HTCondor Node COLLECT (170510.10.0) {07/07/26 23:21:32}
07/07/26 23:21:37 Number of idle job procs: 3
07/07/26 23:21:37 Reassigning the id of job COLLECT from (170510.10.0) to (170510.11.0)
07/07/26 23:21:37 Event: ULOG_SUBMIT for HTCondor Node COLLECT (170510.11.0) {07/07/26 23:21:32}
07/07/26 23:21:37 Number of idle job procs: 4
07/07/26 23:21:37 Reassigning the id of job COLLECT from (170510.11.0) to (170510.12.0)
07/07/26 23:21:37 Event: ULOG_SUBMIT for HTCondor Node COLLECT (170510.12.0) {07/07/26 23:21:32}
07/07/26 23:21:37 Number of idle job procs: 5
07/07/26 23:21:37 Reassigning the id of job COLLECT from (170510.12.0) to (170510.13.0)
07/07/26 23:21:37 Event: ULOG_SUBMIT for HTCondor Node COLLECT (170510.13.0) {07/07/26 23:21:32}
07/07/26 23:21:37 Number of idle job procs: 6
07/07/26 23:21:37 Reassigning the id of job COLLECT from (170510.13.0) to (170510.14.0)
07/07/26 23:21:37 Event: ULOG_SUBMIT for HTCondor Node COLLECT (170510.14.0) {07/07/26 23:21:32}
07/07/26 23:21:37 Number of idle job procs: 7
07/07/26 23:21:37 Reassigning the id of job COLLECT from (170510.14.0) to (170510.15.0)
07/07/26 23:21:37 Event: ULOG_SUBMIT for HTCondor Node COLLECT (170510.15.0) {07/07/26 23:21:32}
07/07/26 23:21:37 Number of idle job procs: 8
07/07/26 23:21:37 Reassigning the id of job COLLECT from (170510.15.0) to (170510.16.0)
07/07/26 23:21:37 Event: ULOG_SUBMIT for HTCondor Node COLLECT (170510.16.0) {07/07/26 23:21:32}
07/07/26 23:21:37 Number of idle job procs: 9
07/07/26 23:21:37 Reassigning the id of job COLLECT from (170510.16.0) to (170510.17.0)
07/07/26 23:21:37 Event: ULOG_SUBMIT for HTCondor Node COLLECT (170510.17.0) {07/07/26 23:21:32}
07/07/26 23:21:37 Number of idle job procs: 10
07/07/26 23:21:37 Reassigning the id of job COLLECT from (170510.17.0) to (170510.18.0)
07/07/26 23:21:37 Event: ULOG_SUBMIT for HTCondor Node COLLECT (170510.18.0) {07/07/26 23:21:32}
07/07/26 23:21:37 Number of idle job procs: 11
07/07/26 23:21:37 Reassigning the id of job COLLECT from (170510.18.0) to (170510.19.0)
07/07/26 23:21:37 Event: ULOG_SUBMIT for HTCondor Node COLLECT (170510.19.0) {07/07/26 23:21:32}
07/07/26 23:21:37 Number of idle job procs: 12
07/07/26 23:21:37 Reassigning the id of job COLLECT from (170510.19.0) to (170510.2.0)
07/07/26 23:21:37 Event: ULOG_SUBMIT for HTCondor Node COLLECT (170510.2.0) {07/07/26 23:21:32}
07/07/26 23:21:37 Number of idle job procs: 13
07/07/26 23:21:37 Reassigning the id of job COLLECT from (170510.2.0) to (170510.20.0)
07/07/26 23:21:37 Event: ULOG_SUBMIT for HTCondor Node COLLECT (170510.20.0) {07/07/26 23:21:32}
07/07/26 23:21:37 Number of idle job procs: 14
07/07/26 23:21:37 Reassigning the id of job COLLECT from (170510.20.0) to (170510.21.0)
07/07/26 23:21:37 Event: ULOG_SUBMIT for HTCondor Node COLLECT (170510.21.0) {07/07/26 23:21:32}
07/07/26 23:21:37 Number of idle job procs: 15
07/07/26 23:21:37 Reassigning the id of job COLLECT from (170510.21.0) to (170510.22.0)
07/07/26 23:21:37 Event: ULOG_SUBMIT for HTCondor Node COLLECT (170510.22.0) {07/07/26 23:21:32}
07/07/26 23:21:37 Number of idle job procs: 16
07/07/26 23:21:37 Reassigning the id of job COLLECT from (170510.22.0) to (170510.23.0)
07/07/26 23:21:37 Event: ULOG_SUBMIT for HTCondor Node COLLECT (170510.23.0) {07/07/26 23:21:32}
07/07/26 23:21:37 Number of idle job procs: 17
07/07/26 23:21:37 Reassigning the id of job COLLECT from (170510.23.0) to (170510.24.0)
07/07/26 23:21:37 Event: ULOG_SUBMIT for HTCondor Node COLLECT (170510.24.0) {07/07/26 23:21:32}
07/07/26 23:21:37 Number of idle job procs: 18
07/07/26 23:21:37 Reassigning the id of job COLLECT from (170510.24.0) to (170510.25.0)
07/07/26 23:21:37 Event: ULOG_SUBMIT for HTCondor Node COLLECT (170510.25.0) {07/07/26 23:21:32}
07/07/26 23:21:37 Number of idle job procs: 19
07/07/26 23:21:37 Reassigning the id of job COLLECT from (170510.25.0) to (170510.26.0)
07/07/26 23:21:37 Event: ULOG_SUBMIT for HTCondor Node COLLECT (170510.26.0) {07/07/26 23:21:32}
07/07/26 23:21:37 Number of idle job procs: 20
07/07/26 23:21:37 Reassigning the id of job COLLECT from (170510.26.0) to (170510.27.0)
07/07/26 23:21:37 Event: ULOG_SUBMIT for HTCondor Node COLLECT (170510.27.0) {07/07/26 23:21:32}
07/07/26 23:21:37 Number of idle job procs: 21
07/07/26 23:21:37 Reassigning the id of job COLLECT from (170510.27.0) to (170510.28.0)
07/07/26 23:21:37 Event: ULOG_SUBMIT for HTCondor Node COLLECT (170510.28.0) {07/07/26 23:21:32}
07/07/26 23:21:37 Number of idle job procs: 22
07/07/26 23:21:37 Reassigning the id of job COLLECT from (170510.28.0) to (170510.29.0)
07/07/26 23:21:37 Event: ULOG_SUBMIT for HTCondor Node COLLECT (170510.29.0) {07/07/26 23:21:32}
07/07/26 23:21:37 Number of idle job procs: 23
07/07/26 23:21:37 Reassigning the id of job COLLECT from (170510.29.0) to (170510.3.0)
07/07/26 23:21:37 Event: ULOG_SUBMIT for HTCondor Node COLLECT (170510.3.0) {07/07/26 23:21:32}
07/07/26 23:21:37 Number of idle job procs: 24
07/07/26 23:21:37 Reassigning the id of job COLLECT from (170510.3.0) to (170510.30.0)
07/07/26 23:21:37 Event: ULOG_SUBMIT for HTCondor Node COLLECT (170510.30.0) {07/07/26 23:21:32}
07/07/26 23:21:37 Number of idle job procs: 25
07/07/26 23:21:37 Reassigning the id of job COLLECT from (170510.30.0) to (170510.31.0)
07/07/26 23:21:37 Event: ULOG_SUBMIT for HTCondor Node COLLECT (170510.31.0) {07/07/26 23:21:32}
07/07/26 23:21:37 Number of idle job procs: 26
07/07/26 23:21:37 Reassigning the id of job COLLECT from (170510.31.0) to (170510.32.0)
07/07/26 23:21:37 Event: ULOG_SUBMIT for HTCondor Node COLLECT (170510.32.0) {07/07/26 23:21:32}
07/07/26 23:21:37 Number of idle job procs: 27
07/07/26 23:21:37 Reassigning the id of job COLLECT from (170510.32.0) to (170510.33.0)
07/07/26 23:21:37 Event: ULOG_SUBMIT for HTCondor Node COLLECT (170510.33.0) {07/07/26 23:21:32}
07/07/26 23:21:37 Number of idle job procs: 28
07/07/26 23:21:37 Reassigning the id of job COLLECT from (170510.33.0) to (170510.34.0)
07/07/26 23:21:37 Event: ULOG_SUBMIT for HTCondor Node COLLECT (170510.34.0) {07/07/26 23:21:32}
07/07/26 23:21:37 Number of idle job procs: 29
07/07/26 23:21:37 Reassigning the id of job COLLECT from (170510.34.0) to (170510.35.0)
07/07/26 23:21:37 Event: ULOG_SUBMIT for HTCondor Node COLLECT (170510.35.0) {07/07/26 23:21:32}
07/07/26 23:21:37 Number of idle job procs: 30
07/07/26 23:21:37 Reassigning the id of job COLLECT from (170510.35.0) to (170510.36.0)
07/07/26 23:21:37 Event: ULOG_SUBMIT for HTCondor Node COLLECT (170510.36.0) {07/07/26 23:21:32}
07/07/26 23:21:37 Number of idle job procs: 31
07/07/26 23:21:37 Reassigning the id of job COLLECT from (170510.36.0) to (170510.37.0)
07/07/26 23:21:37 Event: ULOG_SUBMIT for HTCondor Node COLLECT (170510.37.0) {07/07/26 23:21:32}
07/07/26 23:21:37 Number of idle job procs: 32
07/07/26 23:21:37 Reassigning the id of job COLLECT from (170510.37.0) to (170510.38.0)
07/07/26 23:21:37 Event: ULOG_SUBMIT for HTCondor Node COLLECT (170510.38.0) {07/07/26 23:21:32}
07/07/26 23:21:37 Number of idle job procs: 33
07/07/26 23:21:37 Reassigning the id of job COLLECT from (170510.38.0) to (170510.39.0)
07/07/26 23:21:37 Event: ULOG_SUBMIT for HTCondor Node COLLECT (170510.39.0) {07/07/26 23:21:32}
07/07/26 23:21:37 Number of idle job procs: 34
07/07/26 23:21:37 Reassigning the id of job COLLECT from (170510.39.0) to (170510.4.0)
07/07/26 23:21:37 Event: ULOG_SUBMIT for HTCondor Node COLLECT (170510.4.0) {07/07/26 23:21:32}
07/07/26 23:21:37 Number of idle job procs: 35
07/07/26 23:21:37 Reassigning the id of job COLLECT from (170510.4.0) to (170510.5.0)
07/07/26 23:21:37 Event: ULOG_SUBMIT for HTCondor Node COLLECT (170510.5.0) {07/07/26 23:21:32}
07/07/26 23:21:37 Number of idle job procs: 36
07/07/26 23:21:37 Reassigning the id of job COLLECT from (170510.5.0) to (170510.6.0)
07/07/26 23:21:37 Event: ULOG_SUBMIT for HTCondor Node COLLECT (170510.6.0) {07/07/26 23:21:32}
07/07/26 23:21:37 Number of idle job procs: 37
07/07/26 23:21:37 Reassigning the id of job COLLECT from (170510.6.0) to (170510.7.0)
07/07/26 23:21:37 Event: ULOG_SUBMIT for HTCondor Node COLLECT (170510.7.0) {07/07/26 23:21:32}
07/07/26 23:21:37 Number of idle job procs: 38
07/07/26 23:21:37 Reassigning the id of job COLLECT from (170510.7.0) to (170510.8.0)
07/07/26 23:21:37 Event: ULOG_SUBMIT for HTCondor Node COLLECT (170510.8.0) {07/07/26 23:21:32}
07/07/26 23:21:37 Number of idle job procs: 39
07/07/26 23:21:37 Reassigning the id of job COLLECT from (170510.8.0) to (170510.9.0)
07/07/26 23:21:37 Event: ULOG_SUBMIT for HTCondor Node COLLECT (170510.9.0) {07/07/26 23:21:32}
07/07/26 23:21:37 Number of idle job procs: 40
07/07/26 23:31:37 600 seconds since last log event
07/07/26 23:31:37 Pending DAG nodes:
07/07/26 23:31:37   Node COLLECT, HTCondor ID 170510, status STATUS_SUBMITTED
07/07/26 23:36:33 Total jobs placed to AP: 40
07/07/26 23:36:33      Idle     Held     Running     Successful     Failed
07/07/26 23:36:33       ===      ===         ===            ===        ===
07/07/26 23:36:33        40        0           0              0          0
07/07/26 23:37:12 Received SIGUSR1
07/07/26 23:37:12 Aborting DAG...
07/07/26 23:37:12 Writing Rescue DAG to one_way_line_det_one_way_line_60_30_action_shield.dag.rescue002...
07/07/26 23:37:12 Removing submitted jobs...
07/07/26 23:37:12 Removing any/all submitted HTCondor jobs...
07/07/26 23:37:12 Running: /usr/bin/condor_rm -const DAGManJobId==170504 -reason DAG' 'Removed:' 'User' 'removed' 'scheduler' 'job' 'from' 'queue.
07/07/26 23:37:12 Note: 0 total node deferrals because of -MaxJobs limit (0)
07/07/26 23:37:12 Note: 0 total node deferrals because of -MaxIdle limit (1000)
07/07/26 23:37:12 Note: 0 total node deferrals because of node category throttles
07/07/26 23:37:12 Note: 0 total PRE script deferrals because of -MaxPre limit (20) or DEFER
07/07/26 23:37:12 Note: 0 total POST script deferrals because of -MaxPost limit (20) or DEFER
07/07/26 23:37:12 Note: 0 total HOLD script deferrals because of -MaxHold limit (20) or DEFER
07/07/26 23:37:12 DAG status: 4 (DAG_STATUS_RM)
07/07/26 23:37:12 Of 5 nodes total:
07/07/26 23:37:12  Done     Pre   Queued    Post   Ready   Un-Ready   Failed   Futile
07/07/26 23:37:12   ===     ===      ===     ===     ===        ===      ===      ===
07/07/26 23:37:12     0       0        1       0       0          4        0        0
07/07/26 23:37:12 0 job proc(s) currently held
07/07/26 23:37:12 DAGMan Runtime Statistics: [EventCycleTimeAvg=0.002; EventCycleTimeMax=0.324; EventCycleTimeMin=0.000; EventCycleTimeStd=0.024; EventCycleTimeSum=0.440; SleepCycleTimeAvg=5.004; SleepCycleTimeMax=5.008; SleepCycleTimeMin=5.001; SleepCycleTimeStd=0.001; SleepCycleTimeSum=935.730; SubmitCycleTimeAvg=0.002; SubmitCycleTimeMax=0.320; SubmitCycleTimeMin=0.000; SubmitCycleTimeStd=0.023; SubmitCycleTimeSum=0.320; EventCycleTimeCount=188.000; SleepCycleTimeCount=187.000; SubmitCycleTimeCount=188.000; LogProcessCycleTimeAvg=0.063; LogProcessCycleTimeMax=0.063; LogProcessCycleTimeMin=0.063; LogProcessCycleTimeStd=0.063; LogProcessCycleTimeSum=0.063; LogProcessCycleTimeCount=1.000; ]
07/07/26 23:37:12 Wrote metrics file one_way_line_det_one_way_line_60_30_action_shield.dag.metrics.
07/07/26 23:37:12 DAGMan Runtime Statistics: [EventCycleTimeAvg=0.002; EventCycleTimeMax=0.324; EventCycleTimeMin=0.000; EventCycleTimeStd=0.024; EventCycleTimeSum=0.440; SleepCycleTimeAvg=5.004; SleepCycleTimeMax=5.008; SleepCycleTimeMin=5.001; SleepCycleTimeStd=0.001; SleepCycleTimeSum=935.730; SubmitCycleTimeAvg=0.002; SubmitCycleTimeMax=0.320; SubmitCycleTimeMin=0.000; SubmitCycleTimeStd=0.023; SubmitCycleTimeSum=0.320; EventCycleTimeCount=188.000; SleepCycleTimeCount=187.000; SubmitCycleTimeCount=188.000; LogProcessCycleTimeAvg=0.063; LogProcessCycleTimeMax=0.063; LogProcessCycleTimeMin=0.063; LogProcessCycleTimeStd=0.063; LogProcessCycleTimeSum=0.063; LogProcessCycleTimeCount=1.000; ]
07/07/26 23:37:12 **** condor_scheduniv_exec.170504.0 (condor_DAGMAN) pid 707693 EXITING WITH STATUS 2
07/09/26 01:24:32 ******************************************************
07/09/26 01:24:32 ** condor_scheduniv_exec.170831.0 (CONDOR_DAGMAN) STARTING UP
07/09/26 01:24:32 ** /usr/bin/condor_dagman
07/09/26 01:24:32 ** SubsystemInfo: name=DAGMAN type=DAGMAN(9) class=CLIENT(2)
07/09/26 01:24:32 ** Configuration: subsystem:DAGMAN local:<NONE> class:CLIENT
07/09/26 01:24:32 ** $CondorVersion: 24.12.19 2026-04-15 BuildID: 896241 PackageID: 24.12.19-1+deb12 GitSHA: c68f3e0e $
07/09/26 01:24:32 ** $CondorPlatform: X86_64-Debian_12 $
07/09/26 01:24:32 ** PID = 1405016 RealUID = 1620002036
07/09/26 01:24:32 ** Log last touched 7/8 14:10:21
07/09/26 01:24:32 ******************************************************
07/09/26 01:24:32 Using config source: /etc/condor/condor_config
07/09/26 01:24:32 Using local config sources: 
07/09/26 01:24:32    /etc/condor/config.d/01-submit.conf
07/09/26 01:24:32    /etc/condor/config.d/10-stash-plugin.conf
07/09/26 01:24:32    /etc/condor/config.d/23-network.config
07/09/26 01:24:32    /etc/condor/config.d/31-mail.conf
07/09/26 01:24:32    /etc/condor/config.d/35-cc-sync.conf
07/09/26 01:24:32    /etc/condor/config.d/41-periodic-remove.conf
07/09/26 01:24:32    /etc/condor/config.d/49-common.conf
07/09/26 01:24:32    /etc/condor/config.d/52-group-mapping.conf
07/09/26 01:24:32    /etc/condor/config.d/54-container.conf
07/09/26 01:24:32    /etc/condor/config.d/67-submit-transforms.conf
07/09/26 01:24:32    /etc/condor/config.d/71-submit-requirements.conf
07/09/26 01:24:32    /etc/condor/condor_config.local
07/09/26 01:24:32 config Macros = 110, Sorted = 110, StringBytes = 6398, TablesBytes = 4088
07/09/26 01:24:32 CLASSAD_CACHING is ENABLED
07/09/26 01:24:32 Daemon Log is logging: D_ALWAYS D_ERROR D_STATUS
07/09/26 01:24:32 Daemoncore: Listening at <0.0.0.0:21681> on TCP (ReliSock) and UDP (SafeSock).
07/09/26 01:24:32 DaemonCore: command socket at <10.143.248.60:21681?addrs=10.143.248.60-21681&alias=conduit.hpc.uni-saarland.de>
07/09/26 01:24:32 DaemonCore: private command socket at <10.143.248.60:21681?addrs=10.143.248.60-21681&alias=conduit.hpc.uni-saarland.de>
07/09/26 01:24:32 DAGMAN_USE_STRICT setting: 1
07/09/26 01:24:32 DAGMAN_VERBOSITY setting: 3
07/09/26 01:24:32 DAGMAN_DEBUG_CACHE_SIZE setting: 5242880
07/09/26 01:24:32 DAGMAN_DEBUG_CACHE_ENABLE setting: False
07/09/26 01:24:32 DAGMAN_SUBMIT_DELAY setting: 0
07/09/26 01:24:32 DAGMAN_MAX_SUBMIT_ATTEMPTS setting: 6
07/09/26 01:24:32 DAGMAN_STARTUP_CYCLE_DETECT setting: False
07/09/26 01:24:32 DAGMAN_USE_JOIN_NODES setting: True
07/09/26 01:24:32 DAGMAN_REPORT_GRAPH_METRICS setting: False
07/09/26 01:24:32 DAGMAN_MAX_SUBMITS_PER_INTERVAL setting: 100
07/09/26 01:24:32 DAGMAN_AGGRESSIVE_SUBMIT setting: False
07/09/26 01:24:32 DAGMAN_USER_LOG_SCAN_INTERVAL setting: 5
07/09/26 01:24:32 DAGMAN_QUEUE_UPDATE_INTERVAL setting: 300.000000
07/09/26 01:24:32 DAGMAN_DEFAULT_PRIORITY setting: 0
07/09/26 01:24:32 DAGMAN_SUPPRESS_NOTIFICATION setting: False
07/09/26 01:24:32 allow_events (DAGMAN_ALLOW_EVENTS) setting: 114
07/09/26 01:24:32 DAGMAN_RETRY_SUBMIT_FIRST setting: True
07/09/26 01:24:32 DAGMAN_RETRY_NODE_FIRST setting: False
07/09/26 01:24:32 DAGMAN_MAX_JOBS_IDLE setting: 1000
07/09/26 01:24:32 DAGMAN_MAX_JOBS_SUBMITTED setting: 0
07/09/26 01:24:32 DAGMAN_MAX_PRE_SCRIPTS setting: 20
07/09/26 01:24:32 DAGMAN_MAX_POST_SCRIPTS setting: 20
07/09/26 01:24:32 DAGMAN_MAX_HOLD_SCRIPTS setting: 20
07/09/26 01:24:32 DAGMAN_MUNGE_NODE_NAMES setting: True
07/09/26 01:24:32 DAGMAN_ALLOW_ANY_NODE_NAME_CHARACTERS setting: False
07/09/26 01:24:32 DAGMAN_PROHIBIT_MULTI_JOBS setting: False
07/09/26 01:24:32 DAGMAN_SUBMIT_DEPTH_FIRST setting: False
07/09/26 01:24:32 DAGMAN_ALWAYS_RUN_POST setting: False
07/09/26 01:24:32 DAGMAN_CONDOR_SUBMIT_EXE setting: /usr/bin/condor_submit
07/09/26 01:24:32 DAGMAN_CONDOR_RM_EXE setting: /usr/bin/condor_rm
07/09/26 01:24:32 DAGMAN_USE_DIRECT_SUBMIT setting: True
07/09/26 01:24:32 DAGMAN_PRODUCE_JOB_CREDENTIALS setting: True
07/09/26 01:24:32 DAGMAN_DEFAULT_APPEND_VARS setting: False
07/09/26 01:24:32 DAGMAN_INHERIT_ATTRS_PREFIX setting: 
07/09/26 01:24:32 DAGMAN_INHERIT_ATTRS setting: 
07/09/26 01:24:32 DAGMAN_ABORT_DUPLICATES setting: True
07/09/26 01:24:32 DAGMAN_ABORT_ON_SCARY_SUBMIT setting: True
07/09/26 01:24:32 DAGMAN_PENDING_REPORT_INTERVAL setting: 600
07/09/26 01:24:32 DAGMAN_CHECK_QUEUE_INTERVAL setting: 28800
07/09/26 01:24:32 DAGMAN_PRINT_JOB_TABLE_INTERVAL setting: 900
07/09/26 01:24:32 DAGMAN_AUTO_RESCUE setting: True
07/09/26 01:24:32 DAGMAN_MAX_RESCUE_NUM setting: 100
07/09/26 01:24:32 DAGMAN_WRITE_PARTIAL_RESCUE setting: True
07/09/26 01:24:32 DAGMAN_RESET_RETRIES_UPON_RESCUE setting: True
07/09/26 01:24:32 DAGMAN_METRICS_FILE_VERSION setting: 2
07/09/26 01:24:32 DAGMAN_DEFAULT_NODE_LOG setting: @(DAG_DIR)/@(DAG_FILE).nodes.log
07/09/26 01:24:32 DAGMAN_LOG_ON_NFS_IS_ERROR setting: False
07/09/26 01:24:32 DAGMAN_GENERATE_SUBDAG_SUBMITS setting: True
07/09/26 01:24:32 DAGMAN_MAX_JOB_HOLDS setting: 100
07/09/26 01:24:32 DAGMAN_NODE_JOB_FAILURE_TOLERANCE setting: 0
07/09/26 01:24:32 DAGMAN_HOLD_CLAIM_TIME setting: 20
07/09/26 01:24:32 DAGMAN_SUPPRESS_JOB_LOGS setting: False
07/09/26 01:24:32 DAGMAN_REMOVE_NODE_JOBS setting: True
07/09/26 01:24:32 DAGMAN_PUT_FAILED_JOBS_ON_HOLD setting: False
07/09/26 01:24:32 DAGMAN_REMOVE_JOBS_AFTER_LIMIT_CHANGE setting: False
07/09/26 01:24:32 DAGMAN will adjust edges after parsing
07/09/26 01:24:32 argv[0] == "condor_scheduniv_exec.170831.0"
07/09/26 01:24:32 argv[1] == "-Lockfile"
07/09/26 01:24:32 argv[2] == "one_way_line_det_one_way_line_60_30_action_shield.dag.lock"
07/09/26 01:24:32 argv[3] == "-Dag"
07/09/26 01:24:32 argv[4] == "one_way_line_det_one_way_line_60_30_action_shield.dag"
07/09/26 01:24:32 argv[5] == "-CsdVersion"
07/09/26 01:24:32 argv[6] == "$CondorVersion: 24.12.19 2026-04-15 BuildID: 896241 PackageID: 24.12.19-1+deb12 GitSHA: c68f3e0e $"
07/09/26 01:24:32 argv[7] == "-dagman"
07/09/26 01:24:32 argv[8] == "/usr/bin/condor_dagman"
07/09/26 01:24:32 argv[9] == "-AutoRescue"
07/09/26 01:24:32 argv[10] == "1"
07/09/26 01:24:32 argv[11] == "-DoRescueFrom"
07/09/26 01:24:32 argv[12] == "0"
07/09/26 01:24:32 Can't open directory "/etc/condor/passwords.d" as PRIV_ROOT, errno: 13 (Permission denied)
07/09/26 01:24:32 Can't open directory "/etc/condor/passwords.d" as PRIV_ROOT, errno: 13 (Permission denied)
07/09/26 01:24:32 Workflow batch-id: <170831.0>
07/09/26 01:24:32 Workflow batch-name: <one_way_line_det_one_way_line_60_30_action_shield.dag+170831>
07/09/26 01:24:32 Workflow accounting_group: <teaching>
07/09/26 01:24:32 Workflow accounting_group_user: <atml_team041>
07/09/26 01:24:32 Warning: failed to get attribute DAGNodeName
07/09/26 01:24:32 Default node log file is: </home/atml_team041/condor_tutorial/jani_env/experiments/repair_wo_domain/submissions/action_shield/one_way_line_det/./one_way_line_det_one_way_line_60_30_action_shield.dag.nodes.log>
07/09/26 01:24:32 DAG Lockfile will be written to one_way_line_det_one_way_line_60_30_action_shield.dag.lock
07/09/26 01:24:32 DAG Input file is one_way_line_det_one_way_line_60_30_action_shield.dag
07/09/26 01:24:32 Parsing 1 dagfiles
07/09/26 01:24:32 Parsing one_way_line_det_one_way_line_60_30_action_shield.dag ...
07/09/26 01:24:32 Adjusting edges
07/09/26 01:24:32 Found rescue DAG number 2; running one_way_line_det_one_way_line_60_30_action_shield.dag.rescue002 in combination with normal DAG file
07/09/26 01:24:32 ~~~~~~~~~~~~~~~~~~~~~~~~~~~~~~~~~~~~~~~~~~~~~~~~~~~~~~
07/09/26 01:24:32 USING RESCUE DAG one_way_line_det_one_way_line_60_30_action_shield.dag.rescue002
07/09/26 01:24:32 Dag contains 5 total nodes
07/09/26 01:24:32 Bootstrapping...
07/09/26 01:24:32 Number of pre-completed nodes: 0
07/09/26 01:24:32 MultiLogFiles: truncating log file /home/atml_team041/condor_tutorial/jani_env/experiments/repair_wo_domain/submissions/action_shield/one_way_line_det/./one_way_line_det_one_way_line_60_30_action_shield.dag.nodes.log
07/09/26 01:24:32 DAG status: 0 (DAG_STATUS_OK)
07/09/26 01:24:32 Of 5 nodes total:
07/09/26 01:24:32  Done     Pre   Queued    Post   Ready   Un-Ready   Failed   Futile
07/09/26 01:24:32   ===     ===      ===     ===     ===        ===      ===      ===
07/09/26 01:24:32     0       0        0       0       1          4        0        0
07/09/26 01:24:32 0 job proc(s) currently held
07/09/26 01:24:32 DAGMan Runtime Statistics: [EventCycleTimeSum=0.000; SleepCycleTimeSum=0.000; SubmitCycleTimeSum=0.000; EventCycleTimeCount=0.000; SleepCycleTimeCount=0.000; SubmitCycleTimeCount=0.000; LogProcessCycleTimeSum=0.000; LogProcessCycleTimeCount=0.000; ]
07/09/26 01:24:32 Registering condor_event_timer...
07/09/26 01:24:33 Submitting HTCondor Node COLLECT job(s)...
07/09/26 01:24:33 Submitting node COLLECT from file one_way_line_det_one_way_line_60_30_action_shield_collect.sub using direct job submission
07/09/26 01:24:34 	assigned HTCondor ID (170832.0.0)
07/09/26 01:24:34 Just submitted 1 job this cycle...
07/09/26 01:24:34 DAG status: 0 (DAG_STATUS_OK)
07/09/26 01:24:34 Of 5 nodes total:
07/09/26 01:24:34  Done     Pre   Queued    Post   Ready   Un-Ready   Failed   Futile
07/09/26 01:24:34   ===     ===      ===     ===     ===        ===      ===      ===
07/09/26 01:24:34     0       0        1       0       0          4        0        0
07/09/26 01:24:34 0 job proc(s) currently held
07/09/26 01:24:34 DAGMan Runtime Statistics: [EventCycleTimeSum=0.000; SleepCycleTimeSum=0.000; SubmitCycleTimeAvg=0.423; SubmitCycleTimeMax=0.423; SubmitCycleTimeMin=0.423; SubmitCycleTimeStd=0.423; SubmitCycleTimeSum=0.423; EventCycleTimeCount=0.000; SleepCycleTimeCount=0.000; SubmitCycleTimeCount=1.000; LogProcessCycleTimeSum=0.000; LogProcessCycleTimeCount=0.000; ]
07/09/26 01:24:39 Currently monitoring 1 HTCondor log file(s)
07/09/26 01:24:39 Reassigning the id of job COLLECT from (170832.0.0) to (170832.0.0)
07/09/26 01:24:39 Event: ULOG_SUBMIT for HTCondor Node COLLECT (170832.0.0) {07/09/26 01:24:33}
07/09/26 01:24:39 Number of idle job procs: 1
07/09/26 01:24:39 Reassigning the id of job COLLECT from (170832.0.0) to (170832.1.0)
07/09/26 01:24:39 Event: ULOG_SUBMIT for HTCondor Node COLLECT (170832.1.0) {07/09/26 01:24:33}
07/09/26 01:24:39 Number of idle job procs: 2
07/09/26 01:24:39 Reassigning the id of job COLLECT from (170832.1.0) to (170832.10.0)
07/09/26 01:24:39 Event: ULOG_SUBMIT for HTCondor Node COLLECT (170832.10.0) {07/09/26 01:24:34}
07/09/26 01:24:39 Number of idle job procs: 3
07/09/26 01:24:39 Reassigning the id of job COLLECT from (170832.10.0) to (170832.11.0)
07/09/26 01:24:39 Event: ULOG_SUBMIT for HTCondor Node COLLECT (170832.11.0) {07/09/26 01:24:34}
07/09/26 01:24:39 Number of idle job procs: 4
07/09/26 01:24:39 Reassigning the id of job COLLECT from (170832.11.0) to (170832.12.0)
07/09/26 01:24:39 Event: ULOG_SUBMIT for HTCondor Node COLLECT (170832.12.0) {07/09/26 01:24:34}
07/09/26 01:24:39 Number of idle job procs: 5
07/09/26 01:24:39 Reassigning the id of job COLLECT from (170832.12.0) to (170832.13.0)
07/09/26 01:24:39 Event: ULOG_SUBMIT for HTCondor Node COLLECT (170832.13.0) {07/09/26 01:24:34}
07/09/26 01:24:39 Number of idle job procs: 6
07/09/26 01:24:39 Reassigning the id of job COLLECT from (170832.13.0) to (170832.14.0)
07/09/26 01:24:39 Event: ULOG_SUBMIT for HTCondor Node COLLECT (170832.14.0) {07/09/26 01:24:34}
07/09/26 01:24:39 Number of idle job procs: 7
07/09/26 01:24:39 Reassigning the id of job COLLECT from (170832.14.0) to (170832.15.0)
07/09/26 01:24:39 Event: ULOG_SUBMIT for HTCondor Node COLLECT (170832.15.0) {07/09/26 01:24:34}
07/09/26 01:24:39 Number of idle job procs: 8
07/09/26 01:24:39 Reassigning the id of job COLLECT from (170832.15.0) to (170832.16.0)
07/09/26 01:24:39 Event: ULOG_SUBMIT for HTCondor Node COLLECT (170832.16.0) {07/09/26 01:24:34}
07/09/26 01:24:39 Number of idle job procs: 9
07/09/26 01:24:39 Reassigning the id of job COLLECT from (170832.16.0) to (170832.17.0)
07/09/26 01:24:39 Event: ULOG_SUBMIT for HTCondor Node COLLECT (170832.17.0) {07/09/26 01:24:34}
07/09/26 01:24:39 Number of idle job procs: 10
07/09/26 01:24:39 Reassigning the id of job COLLECT from (170832.17.0) to (170832.18.0)
07/09/26 01:24:39 Event: ULOG_SUBMIT for HTCondor Node COLLECT (170832.18.0) {07/09/26 01:24:34}
07/09/26 01:24:39 Number of idle job procs: 11
07/09/26 01:24:39 Reassigning the id of job COLLECT from (170832.18.0) to (170832.19.0)
07/09/26 01:24:39 Event: ULOG_SUBMIT for HTCondor Node COLLECT (170832.19.0) {07/09/26 01:24:34}
07/09/26 01:24:39 Number of idle job procs: 12
07/09/26 01:24:39 Reassigning the id of job COLLECT from (170832.19.0) to (170832.2.0)
07/09/26 01:24:39 Event: ULOG_SUBMIT for HTCondor Node COLLECT (170832.2.0) {07/09/26 01:24:34}
07/09/26 01:24:39 Number of idle job procs: 13
07/09/26 01:24:39 Reassigning the id of job COLLECT from (170832.2.0) to (170832.20.0)
07/09/26 01:24:39 Event: ULOG_SUBMIT for HTCondor Node COLLECT (170832.20.0) {07/09/26 01:24:34}
07/09/26 01:24:39 Number of idle job procs: 14
07/09/26 01:24:39 Reassigning the id of job COLLECT from (170832.20.0) to (170832.21.0)
07/09/26 01:24:39 Event: ULOG_SUBMIT for HTCondor Node COLLECT (170832.21.0) {07/09/26 01:24:34}
07/09/26 01:24:39 Number of idle job procs: 15
07/09/26 01:24:39 Reassigning the id of job COLLECT from (170832.21.0) to (170832.22.0)
07/09/26 01:24:39 Event: ULOG_SUBMIT for HTCondor Node COLLECT (170832.22.0) {07/09/26 01:24:34}
07/09/26 01:24:39 Number of idle job procs: 16
07/09/26 01:24:39 Reassigning the id of job COLLECT from (170832.22.0) to (170832.23.0)
07/09/26 01:24:39 Event: ULOG_SUBMIT for HTCondor Node COLLECT (170832.23.0) {07/09/26 01:24:34}
07/09/26 01:24:39 Number of idle job procs: 17
07/09/26 01:24:39 Reassigning the id of job COLLECT from (170832.23.0) to (170832.24.0)
07/09/26 01:24:39 Event: ULOG_SUBMIT for HTCondor Node COLLECT (170832.24.0) {07/09/26 01:24:34}
07/09/26 01:24:39 Number of idle job procs: 18
07/09/26 01:24:39 Reassigning the id of job COLLECT from (170832.24.0) to (170832.25.0)
07/09/26 01:24:39 Event: ULOG_SUBMIT for HTCondor Node COLLECT (170832.25.0) {07/09/26 01:24:34}
07/09/26 01:24:39 Number of idle job procs: 19
07/09/26 01:24:39 Reassigning the id of job COLLECT from (170832.25.0) to (170832.26.0)
07/09/26 01:24:39 Event: ULOG_SUBMIT for HTCondor Node COLLECT (170832.26.0) {07/09/26 01:24:34}
07/09/26 01:24:39 Number of idle job procs: 20
07/09/26 01:24:39 Reassigning the id of job COLLECT from (170832.26.0) to (170832.27.0)
07/09/26 01:24:39 Event: ULOG_SUBMIT for HTCondor Node COLLECT (170832.27.0) {07/09/26 01:24:34}
07/09/26 01:24:39 Number of idle job procs: 21
07/09/26 01:24:39 Reassigning the id of job COLLECT from (170832.27.0) to (170832.28.0)
07/09/26 01:24:39 Event: ULOG_SUBMIT for HTCondor Node COLLECT (170832.28.0) {07/09/26 01:24:34}
07/09/26 01:24:39 Number of idle job procs: 22
07/09/26 01:24:39 Reassigning the id of job COLLECT from (170832.28.0) to (170832.29.0)
07/09/26 01:24:39 Event: ULOG_SUBMIT for HTCondor Node COLLECT (170832.29.0) {07/09/26 01:24:34}
07/09/26 01:24:39 Number of idle job procs: 23
07/09/26 01:24:39 Reassigning the id of job COLLECT from (170832.29.0) to (170832.3.0)
07/09/26 01:24:39 Event: ULOG_SUBMIT for HTCondor Node COLLECT (170832.3.0) {07/09/26 01:24:34}
07/09/26 01:24:39 Number of idle job procs: 24
07/09/26 01:24:39 Reassigning the id of job COLLECT from (170832.3.0) to (170832.30.0)
07/09/26 01:24:39 Event: ULOG_SUBMIT for HTCondor Node COLLECT (170832.30.0) {07/09/26 01:24:34}
07/09/26 01:24:39 Number of idle job procs: 25
07/09/26 01:24:39 Reassigning the id of job COLLECT from (170832.30.0) to (170832.31.0)
07/09/26 01:24:39 Event: ULOG_SUBMIT for HTCondor Node COLLECT (170832.31.0) {07/09/26 01:24:34}
07/09/26 01:24:39 Number of idle job procs: 26
07/09/26 01:24:39 Reassigning the id of job COLLECT from (170832.31.0) to (170832.32.0)
07/09/26 01:24:39 Event: ULOG_SUBMIT for HTCondor Node COLLECT (170832.32.0) {07/09/26 01:24:34}
07/09/26 01:24:39 Number of idle job procs: 27
07/09/26 01:24:39 Reassigning the id of job COLLECT from (170832.32.0) to (170832.33.0)
07/09/26 01:24:39 Event: ULOG_SUBMIT for HTCondor Node COLLECT (170832.33.0) {07/09/26 01:24:34}
07/09/26 01:24:39 Number of idle job procs: 28
07/09/26 01:24:39 Reassigning the id of job COLLECT from (170832.33.0) to (170832.34.0)
07/09/26 01:24:39 Event: ULOG_SUBMIT for HTCondor Node COLLECT (170832.34.0) {07/09/26 01:24:34}
07/09/26 01:24:39 Number of idle job procs: 29
07/09/26 01:24:39 Reassigning the id of job COLLECT from (170832.34.0) to (170832.35.0)
07/09/26 01:24:39 Event: ULOG_SUBMIT for HTCondor Node COLLECT (170832.35.0) {07/09/26 01:24:34}
07/09/26 01:24:39 Number of idle job procs: 30
07/09/26 01:24:39 Reassigning the id of job COLLECT from (170832.35.0) to (170832.36.0)
07/09/26 01:24:39 Event: ULOG_SUBMIT for HTCondor Node COLLECT (170832.36.0) {07/09/26 01:24:34}
07/09/26 01:24:39 Number of idle job procs: 31
07/09/26 01:24:39 Reassigning the id of job COLLECT from (170832.36.0) to (170832.37.0)
07/09/26 01:24:39 Event: ULOG_SUBMIT for HTCondor Node COLLECT (170832.37.0) {07/09/26 01:24:34}
07/09/26 01:24:39 Number of idle job procs: 32
07/09/26 01:24:39 Reassigning the id of job COLLECT from (170832.37.0) to (170832.38.0)
07/09/26 01:24:39 Event: ULOG_SUBMIT for HTCondor Node COLLECT (170832.38.0) {07/09/26 01:24:34}
07/09/26 01:24:39 Number of idle job procs: 33
07/09/26 01:24:39 Reassigning the id of job COLLECT from (170832.38.0) to (170832.39.0)
07/09/26 01:24:39 Event: ULOG_SUBMIT for HTCondor Node COLLECT (170832.39.0) {07/09/26 01:24:34}
07/09/26 01:24:39 Number of idle job procs: 34
07/09/26 01:24:39 Reassigning the id of job COLLECT from (170832.39.0) to (170832.4.0)
07/09/26 01:24:39 Event: ULOG_SUBMIT for HTCondor Node COLLECT (170832.4.0) {07/09/26 01:24:34}
07/09/26 01:24:39 Number of idle job procs: 35
07/09/26 01:24:39 Reassigning the id of job COLLECT from (170832.4.0) to (170832.5.0)
07/09/26 01:24:39 Event: ULOG_SUBMIT for HTCondor Node COLLECT (170832.5.0) {07/09/26 01:24:34}
07/09/26 01:24:39 Number of idle job procs: 36
07/09/26 01:24:39 Reassigning the id of job COLLECT from (170832.5.0) to (170832.6.0)
07/09/26 01:24:39 Event: ULOG_SUBMIT for HTCondor Node COLLECT (170832.6.0) {07/09/26 01:24:34}
07/09/26 01:24:39 Number of idle job procs: 37
07/09/26 01:24:39 Reassigning the id of job COLLECT from (170832.6.0) to (170832.7.0)
07/09/26 01:24:39 Event: ULOG_SUBMIT for HTCondor Node COLLECT (170832.7.0) {07/09/26 01:24:34}
07/09/26 01:24:39 Number of idle job procs: 38
07/09/26 01:24:39 Reassigning the id of job COLLECT from (170832.7.0) to (170832.8.0)
07/09/26 01:24:39 Event: ULOG_SUBMIT for HTCondor Node COLLECT (170832.8.0) {07/09/26 01:24:34}
07/09/26 01:24:39 Number of idle job procs: 39
07/09/26 01:24:39 Reassigning the id of job COLLECT from (170832.8.0) to (170832.9.0)
07/09/26 01:24:39 Event: ULOG_SUBMIT for HTCondor Node COLLECT (170832.9.0) {07/09/26 01:24:34}
07/09/26 01:24:39 Number of idle job procs: 40
07/09/26 01:24:49 Currently monitoring 1 HTCondor log file(s)
07/09/26 01:24:49 Event: ULOG_EXECUTE for HTCondor Node COLLECT (170832.7.0) {07/09/26 01:24:46}
07/09/26 01:24:49 Number of idle job procs: 39
07/09/26 01:24:49 Event: ULOG_EXECUTE for HTCondor Node COLLECT (170832.6.0) {07/09/26 01:24:46}
07/09/26 01:24:49 Number of idle job procs: 38
07/09/26 01:24:49 Event: ULOG_EXECUTE for HTCondor Node COLLECT (170832.1.0) {07/09/26 01:24:47}
07/09/26 01:24:49 Number of idle job procs: 37
07/09/26 01:24:49 Event: ULOG_EXECUTE for HTCondor Node COLLECT (170832.4.0) {07/09/26 01:24:47}
07/09/26 01:24:49 Number of idle job procs: 36
07/09/26 01:24:49 Event: ULOG_EXECUTE for HTCondor Node COLLECT (170832.5.0) {07/09/26 01:24:47}
07/09/26 01:24:49 Number of idle job procs: 35
07/09/26 01:24:49 Event: ULOG_EXECUTE for HTCondor Node COLLECT (170832.8.0) {07/09/26 01:24:47}
07/09/26 01:24:49 Number of idle job procs: 34
07/09/26 01:24:49 Event: ULOG_EXECUTE for HTCondor Node COLLECT (170832.0.0) {07/09/26 01:24:47}
07/09/26 01:24:49 Number of idle job procs: 33
07/09/26 01:24:49 Event: ULOG_EXECUTE for HTCondor Node COLLECT (170832.9.0) {07/09/26 01:24:47}
07/09/26 01:24:49 Number of idle job procs: 32
07/09/26 01:24:49 Event: ULOG_EXECUTE for HTCondor Node COLLECT (170832.3.0) {07/09/26 01:24:47}
07/09/26 01:24:49 Number of idle job procs: 31
07/09/26 01:24:49 Event: ULOG_EXECUTE for HTCondor Node COLLECT (170832.11.0) {07/09/26 01:24:47}
07/09/26 01:24:49 Number of idle job procs: 30
07/09/26 01:24:49 Event: ULOG_EXECUTE for HTCondor Node COLLECT (170832.2.0) {07/09/26 01:24:47}
07/09/26 01:24:49 Number of idle job procs: 29
07/09/26 01:24:49 Event: ULOG_EXECUTE for HTCondor Node COLLECT (170832.13.0) {07/09/26 01:24:47}
07/09/26 01:24:49 Number of idle job procs: 28
07/09/26 01:24:49 Event: ULOG_EXECUTE for HTCondor Node COLLECT (170832.12.0) {07/09/26 01:24:47}
07/09/26 01:24:49 Number of idle job procs: 27
07/09/26 01:24:49 Event: ULOG_EXECUTE for HTCondor Node COLLECT (170832.10.0) {07/09/26 01:24:47}
07/09/26 01:24:49 Number of idle job procs: 26
07/09/26 01:24:49 Event: ULOG_EXECUTE for HTCondor Node COLLECT (170832.15.0) {07/09/26 01:24:47}
07/09/26 01:24:49 Number of idle job procs: 25
07/09/26 01:24:49 Event: ULOG_EXECUTE for HTCondor Node COLLECT (170832.14.0) {07/09/26 01:24:47}
07/09/26 01:24:49 Number of idle job procs: 24
07/09/26 01:24:49 Event: ULOG_EXECUTE for HTCondor Node COLLECT (170832.17.0) {07/09/26 01:24:47}
07/09/26 01:24:49 Number of idle job procs: 23
07/09/26 01:24:49 Event: ULOG_EXECUTE for HTCondor Node COLLECT (170832.22.0) {07/09/26 01:24:47}
07/09/26 01:24:49 Number of idle job procs: 22
07/09/26 01:24:49 Event: ULOG_EXECUTE for HTCondor Node COLLECT (170832.19.0) {07/09/26 01:24:47}
07/09/26 01:24:49 Number of idle job procs: 21
07/09/26 01:24:49 Event: ULOG_EXECUTE for HTCondor Node COLLECT (170832.18.0) {07/09/26 01:24:47}
07/09/26 01:24:49 Number of idle job procs: 20
07/09/26 01:24:49 Event: ULOG_EXECUTE for HTCondor Node COLLECT (170832.20.0) {07/09/26 01:24:47}
07/09/26 01:24:49 Number of idle job procs: 19
07/09/26 01:24:49 Event: ULOG_EXECUTE for HTCondor Node COLLECT (170832.21.0) {07/09/26 01:24:47}
07/09/26 01:24:49 Number of idle job procs: 18
07/09/26 01:24:49 Event: ULOG_EXECUTE for HTCondor Node COLLECT (170832.16.0) {07/09/26 01:24:47}
07/09/26 01:24:49 Number of idle job procs: 17
07/09/26 01:25:29 Currently monitoring 1 HTCondor log file(s)
07/09/26 01:25:29 Event: ULOG_EXECUTE for HTCondor Node COLLECT (170832.23.0) {07/09/26 01:25:26}
07/09/26 01:25:29 Number of idle job procs: 16
07/09/26 01:35:30 601 seconds since last log event
07/09/26 01:35:30 Pending DAG nodes:
07/09/26 01:35:30   Node COLLECT, HTCondor ID 170832, status STATUS_SUBMITTED
07/09/26 01:37:00 Currently monitoring 1 HTCondor log file(s)
07/09/26 01:37:00 Event: ULOG_EXECUTE for HTCondor Node COLLECT (170832.24.0) {07/09/26 01:36:56}
07/09/26 01:37:00 Number of idle job procs: 15
07/09/26 01:39:35 Total jobs placed to AP: 40
07/09/26 01:39:35      Idle     Held     Running     Successful     Failed
07/09/26 01:39:35       ===      ===         ===            ===        ===
07/09/26 01:39:35        15        0          25              0          0
07/09/26 01:47:00 600 seconds since last log event
07/09/26 01:47:00 Pending DAG nodes:
07/09/26 01:47:00   Node COLLECT, HTCondor ID 170832, status STATUS_SUBMITTED
07/09/26 01:54:36 Total jobs placed to AP: 40
07/09/26 01:54:36      Idle     Held     Running     Successful     Failed
07/09/26 01:54:36       ===      ===         ===            ===        ===
07/09/26 01:54:36        15        0          25              0          0
07/09/26 01:57:01 1201 seconds since last log event
07/09/26 01:57:01 Pending DAG nodes:
07/09/26 01:57:01   Node COLLECT, HTCondor ID 170832, status STATUS_SUBMITTED
07/09/26 02:07:01 1801 seconds since last log event
07/09/26 02:07:01 Pending DAG nodes:
07/09/26 02:07:01   Node COLLECT, HTCondor ID 170832, status STATUS_SUBMITTED
07/09/26 02:09:36 Total jobs placed to AP: 40
07/09/26 02:09:36      Idle     Held     Running     Successful     Failed
07/09/26 02:09:36       ===      ===         ===            ===        ===
07/09/26 02:09:36        15        0          25              0          0
07/09/26 02:17:02 2402 seconds since last log event
07/09/26 02:17:02 Pending DAG nodes:
07/09/26 02:17:02   Node COLLECT, HTCondor ID 170832, status STATUS_SUBMITTED
07/09/26 02:22:32 Currently monitoring 1 HTCondor log file(s)
07/09/26 02:22:32 Event: ULOG_JOB_EVICTED for HTCondor Node COLLECT (170832.9.0) {07/09/26 02:22:28}
07/09/26 02:22:32 Number of idle job procs: 16
07/09/26 02:22:32 Event: ULOG_JOB_HELD for HTCondor Node COLLECT (170832.9.0) {07/09/26 02:22:28}
07/09/26 02:22:32   Hold reason: Error from teaching2@lofn.hpc.uni-saarland.de: Docker job has gone over memory limit of 64480 Mb
07/09/26 02:22:32 Number of idle job procs: 16
07/09/26 02:22:32 DAG status: 0 (DAG_STATUS_OK)
07/09/26 02:22:32 Of 5 nodes total:
07/09/26 02:22:32  Done     Pre   Queued    Post   Ready   Un-Ready   Failed   Futile
07/09/26 02:22:32   ===     ===      ===     ===     ===        ===      ===      ===
07/09/26 02:22:32     0       0        1       0       0          4        0        0
07/09/26 02:22:32 1 job proc(s) currently held
07/09/26 02:22:32 DAGMan Runtime Statistics: [EventCycleTimeAvg=0.001; EventCycleTimeMax=0.427; EventCycleTimeMin=0.000; EventCycleTimeStd=0.017; EventCycleTimeSum=0.841; SleepCycleTimeAvg=5.004; SleepCycleTimeMax=5.026; SleepCycleTimeMin=5.001; SleepCycleTimeStd=0.003; SleepCycleTimeSum=3477.948; SubmitCycleTimeAvg=0.001; SubmitCycleTimeMax=0.423; SubmitCycleTimeMin=0.000; SubmitCycleTimeStd=0.016; SubmitCycleTimeSum=0.424; EventCycleTimeCount=695.000; SleepCycleTimeCount=695.000; SubmitCycleTimeCount=696.000; LogProcessCycleTimeAvg=0.028; LogProcessCycleTimeMax=0.085; LogProcessCycleTimeMin=0.002; LogProcessCycleTimeStd=0.037; LogProcessCycleTimeSum=0.140; LogProcessCycleTimeCount=5.000; ]
07/09/26 02:23:02 Currently monitoring 1 HTCondor log file(s)
07/09/26 02:23:02 Event: ULOG_JOB_EVICTED for HTCondor Node COLLECT (170832.11.0) {07/09/26 02:22:59}
07/09/26 02:23:02 Number of idle job procs: 17
07/09/26 02:23:02 Event: ULOG_JOB_HELD for HTCondor Node COLLECT (170832.11.0) {07/09/26 02:22:59}
07/09/26 02:23:02   Hold reason: Error from teaching4@lofn.hpc.uni-saarland.de: Docker job has gone over memory limit of 64480 Mb
07/09/26 02:23:02 Number of idle job procs: 17
07/09/26 02:23:02 DAG status: 0 (DAG_STATUS_OK)
07/09/26 02:23:02 Of 5 nodes total:
07/09/26 02:23:02  Done     Pre   Queued    Post   Ready   Un-Ready   Failed   Futile
07/09/26 02:23:02   ===     ===      ===     ===     ===        ===      ===      ===
07/09/26 02:23:02     0       0        1       0       0          4        0        0
07/09/26 02:23:02 2 job proc(s) currently held
07/09/26 02:23:02 DAGMan Runtime Statistics: [EventCycleTimeAvg=0.001; EventCycleTimeMax=0.427; EventCycleTimeMin=0.000; EventCycleTimeStd=0.017; EventCycleTimeSum=0.850; SleepCycleTimeAvg=5.004; SleepCycleTimeMax=5.026; SleepCycleTimeMin=5.001; SleepCycleTimeStd=0.002; SleepCycleTimeSum=3507.970; SubmitCycleTimeAvg=0.001; SubmitCycleTimeMax=0.423; SubmitCycleTimeMin=0.000; SubmitCycleTimeStd=0.016; SubmitCycleTimeSum=0.424; EventCycleTimeCount=701.000; SleepCycleTimeCount=701.000; SubmitCycleTimeCount=702.000; LogProcessCycleTimeAvg=0.024; LogProcessCycleTimeMax=0.085; LogProcessCycleTimeMin=0.002; LogProcessCycleTimeStd=0.035; LogProcessCycleTimeSum=0.144; LogProcessCycleTimeCount=6.000; ]
07/09/26 02:23:17 Currently monitoring 1 HTCondor log file(s)
07/09/26 02:23:17 Event: ULOG_JOB_EVICTED for HTCondor Node COLLECT (170832.16.0) {07/09/26 02:23:14}
07/09/26 02:23:17 Number of idle job procs: 18
07/09/26 02:23:17 Event: ULOG_JOB_HELD for HTCondor Node COLLECT (170832.16.0) {07/09/26 02:23:14}
07/09/26 02:23:17   Hold reason: Error from teaching1@idun.hpc.uni-saarland.de: Docker job has gone over memory limit of 64480 Mb
07/09/26 02:23:17 Number of idle job procs: 18
07/09/26 02:23:17 DAG status: 0 (DAG_STATUS_OK)
07/09/26 02:23:17 Of 5 nodes total:
07/09/26 02:23:17  Done     Pre   Queued    Post   Ready   Un-Ready   Failed   Futile
07/09/26 02:23:17   ===     ===      ===     ===     ===        ===      ===      ===
07/09/26 02:23:17     0       0        1       0       0          4        0        0
07/09/26 02:23:17 3 job proc(s) currently held
07/09/26 02:23:17 DAGMan Runtime Statistics: [EventCycleTimeAvg=0.001; EventCycleTimeMax=0.427; EventCycleTimeMin=0.000; EventCycleTimeStd=0.017; EventCycleTimeSum=0.858; SleepCycleTimeAvg=5.004; SleepCycleTimeMax=5.026; SleepCycleTimeMin=5.001; SleepCycleTimeStd=0.002; SleepCycleTimeSum=3522.983; SubmitCycleTimeAvg=0.001; SubmitCycleTimeMax=0.423; SubmitCycleTimeMin=0.000; SubmitCycleTimeStd=0.016; SubmitCycleTimeSum=0.424; EventCycleTimeCount=704.000; SleepCycleTimeCount=704.000; SubmitCycleTimeCount=705.000; LogProcessCycleTimeAvg=0.021; LogProcessCycleTimeMax=0.085; LogProcessCycleTimeMin=0.002; LogProcessCycleTimeStd=0.032; LogProcessCycleTimeSum=0.150; LogProcessCycleTimeCount=7.000; ]
07/09/26 02:24:37 Total jobs placed to AP: 40
07/09/26 02:24:37      Idle     Held     Running     Successful     Failed
07/09/26 02:24:37       ===      ===         ===            ===        ===
07/09/26 02:24:37        15        3          22              0          0
07/09/26 02:31:43 Currently monitoring 1 HTCondor log file(s)
07/09/26 02:31:43 Event: ULOG_JOB_EVICTED for HTCondor Node COLLECT (170832.13.0) {07/09/26 02:31:40}
07/09/26 02:31:43 Number of idle job procs: 19
07/09/26 02:31:43 Event: ULOG_JOB_HELD for HTCondor Node COLLECT (170832.13.0) {07/09/26 02:31:40}
07/09/26 02:31:43   Hold reason: Error from teaching6@lofn.hpc.uni-saarland.de: Docker job has gone over memory limit of 64480 Mb
07/09/26 02:31:43 Number of idle job procs: 19
07/09/26 02:31:43 DAG status: 0 (DAG_STATUS_OK)
07/09/26 02:31:43 Of 5 nodes total:
07/09/26 02:31:43  Done     Pre   Queued    Post   Ready   Un-Ready   Failed   Futile
07/09/26 02:31:43   ===     ===      ===     ===     ===        ===      ===      ===
07/09/26 02:31:43     0       0        1       0       0          4        0        0
07/09/26 02:31:43 4 job proc(s) currently held
07/09/26 02:31:43 DAGMan Runtime Statistics: [EventCycleTimeAvg=0.001; EventCycleTimeMax=0.427; EventCycleTimeMin=0.000; EventCycleTimeStd=0.015; EventCycleTimeSum=0.911; SleepCycleTimeAvg=5.004; SleepCycleTimeMax=5.026; SleepCycleTimeMin=5.001; SleepCycleTimeStd=0.002; SleepCycleTimeSum=4028.393; SubmitCycleTimeAvg=0.001; SubmitCycleTimeMax=0.423; SubmitCycleTimeMin=0.000; SubmitCycleTimeStd=0.015; SubmitCycleTimeSum=0.424; EventCycleTimeCount=805.000; SleepCycleTimeCount=805.000; SubmitCycleTimeCount=806.000; LogProcessCycleTimeAvg=0.019; LogProcessCycleTimeMax=0.085; LogProcessCycleTimeMin=0.002; LogProcessCycleTimeStd=0.031; LogProcessCycleTimeSum=0.154; LogProcessCycleTimeCount=8.000; ]
07/09/26 02:32:18 Currently monitoring 1 HTCondor log file(s)
07/09/26 02:32:18 Event: ULOG_JOB_EVICTED for HTCondor Node COLLECT (170832.12.0) {07/09/26 02:32:18}
07/09/26 02:32:18 Number of idle job procs: 20
07/09/26 02:32:18 Event: ULOG_JOB_HELD for HTCondor Node COLLECT (170832.12.0) {07/09/26 02:32:18}
07/09/26 02:32:18   Hold reason: Error from teaching5@lofn.hpc.uni-saarland.de: Docker job has gone over memory limit of 64480 Mb
07/09/26 02:32:18 Number of idle job procs: 20
07/09/26 02:32:18 DAG status: 0 (DAG_STATUS_OK)
07/09/26 02:32:18 Of 5 nodes total:
07/09/26 02:32:18  Done     Pre   Queued    Post   Ready   Un-Ready   Failed   Futile
07/09/26 02:32:18   ===     ===      ===     ===     ===        ===      ===      ===
07/09/26 02:32:18     0       0        1       0       0          4        0        0
07/09/26 02:32:18 5 job proc(s) currently held
07/09/26 02:32:18 DAGMan Runtime Statistics: [EventCycleTimeAvg=0.001; EventCycleTimeMax=0.427; EventCycleTimeMin=0.000; EventCycleTimeStd=0.015; EventCycleTimeSum=0.922; SleepCycleTimeAvg=5.004; SleepCycleTimeMax=5.026; SleepCycleTimeMin=5.001; SleepCycleTimeStd=0.002; SleepCycleTimeSum=4063.420; SubmitCycleTimeAvg=0.001; SubmitCycleTimeMax=0.423; SubmitCycleTimeMin=0.000; SubmitCycleTimeStd=0.015; SubmitCycleTimeSum=0.424; EventCycleTimeCount=812.000; SleepCycleTimeCount=812.000; SubmitCycleTimeCount=813.000; LogProcessCycleTimeAvg=0.018; LogProcessCycleTimeMax=0.085; LogProcessCycleTimeMin=0.002; LogProcessCycleTimeStd=0.029; LogProcessCycleTimeSum=0.162; LogProcessCycleTimeCount=9.000; ]
07/09/26 02:32:23 Currently monitoring 1 HTCondor log file(s)
07/09/26 02:32:23 Event: ULOG_JOB_EVICTED for HTCondor Node COLLECT (170832.19.0) {07/09/26 02:32:18}
07/09/26 02:32:23 Number of idle job procs: 21
07/09/26 02:32:23 Event: ULOG_JOB_HELD for HTCondor Node COLLECT (170832.19.0) {07/09/26 02:32:18}
07/09/26 02:32:23   Hold reason: Error from teaching4@idun.hpc.uni-saarland.de: Docker job has gone over memory limit of 64480 Mb
07/09/26 02:32:23 Number of idle job procs: 21
07/09/26 02:32:23 DAG status: 0 (DAG_STATUS_OK)
07/09/26 02:32:23 Of 5 nodes total:
07/09/26 02:32:23  Done     Pre   Queued    Post   Ready   Un-Ready   Failed   Futile
07/09/26 02:32:23   ===     ===      ===     ===     ===        ===      ===      ===
07/09/26 02:32:23     0       0        1       0       0          4        0        0
07/09/26 02:32:23 6 job proc(s) currently held
07/09/26 02:32:23 DAGMan Runtime Statistics: [EventCycleTimeAvg=0.001; EventCycleTimeMax=0.427; EventCycleTimeMin=0.000; EventCycleTimeStd=0.015; EventCycleTimeSum=0.942; SleepCycleTimeAvg=5.004; SleepCycleTimeMax=5.026; SleepCycleTimeMin=5.001; SleepCycleTimeStd=0.002; SleepCycleTimeSum=4068.422; SubmitCycleTimeAvg=0.001; SubmitCycleTimeMax=0.423; SubmitCycleTimeMin=0.000; SubmitCycleTimeStd=0.015; SubmitCycleTimeSum=0.424; EventCycleTimeCount=813.000; SleepCycleTimeCount=813.000; SubmitCycleTimeCount=814.000; LogProcessCycleTimeAvg=0.017; LogProcessCycleTimeMax=0.085; LogProcessCycleTimeMin=0.002; LogProcessCycleTimeStd=0.027; LogProcessCycleTimeSum=0.170; LogProcessCycleTimeCount=10.000; ]
07/09/26 02:32:48 Currently monitoring 1 HTCondor log file(s)
07/09/26 02:32:48 Event: ULOG_JOB_EVICTED for HTCondor Node COLLECT (170832.15.0) {07/09/26 02:32:46}
07/09/26 02:32:48 Number of idle job procs: 22
07/09/26 02:32:48 Event: ULOG_JOB_HELD for HTCondor Node COLLECT (170832.15.0) {07/09/26 02:32:46}
07/09/26 02:32:48   Hold reason: Error from teaching8@lofn.hpc.uni-saarland.de: Docker job has gone over memory limit of 64480 Mb
07/09/26 02:32:48 Number of idle job procs: 22
07/09/26 02:32:48 DAG status: 0 (DAG_STATUS_OK)
07/09/26 02:32:48 Of 5 nodes total:
07/09/26 02:32:48  Done     Pre   Queued    Post   Ready   Un-Ready   Failed   Futile
07/09/26 02:32:48   ===     ===      ===     ===     ===        ===      ===      ===
07/09/26 02:32:48     0       0        1       0       0          4        0        0
07/09/26 02:32:48 7 job proc(s) currently held
07/09/26 02:32:48 DAGMan Runtime Statistics: [EventCycleTimeAvg=0.001; EventCycleTimeMax=0.427; EventCycleTimeMin=0.000; EventCycleTimeStd=0.015; EventCycleTimeSum=0.955; SleepCycleTimeAvg=5.004; SleepCycleTimeMax=5.026; SleepCycleTimeMin=5.001; SleepCycleTimeStd=0.002; SleepCycleTimeSum=4093.442; SubmitCycleTimeAvg=0.001; SubmitCycleTimeMax=0.423; SubmitCycleTimeMin=0.000; SubmitCycleTimeStd=0.015; SubmitCycleTimeSum=0.424; EventCycleTimeCount=818.000; SleepCycleTimeCount=818.000; SubmitCycleTimeCount=819.000; LogProcessCycleTimeAvg=0.016; LogProcessCycleTimeMax=0.085; LogProcessCycleTimeMin=0.002; LogProcessCycleTimeStd=0.026; LogProcessCycleTimeSum=0.174; LogProcessCycleTimeCount=11.000; ]
07/09/26 02:33:13 Currently monitoring 1 HTCondor log file(s)
07/09/26 02:33:13 Event: ULOG_JOB_EVICTED for HTCondor Node COLLECT (170832.21.0) {07/09/26 02:33:10}
07/09/26 02:33:13 Number of idle job procs: 23
07/09/26 02:33:13 Event: ULOG_JOB_HELD for HTCondor Node COLLECT (170832.21.0) {07/09/26 02:33:10}
07/09/26 02:33:13   Hold reason: Error from teaching6@idun.hpc.uni-saarland.de: Docker job has gone over memory limit of 64480 Mb
07/09/26 02:33:13 Number of idle job procs: 23
07/09/26 02:33:13 DAG status: 0 (DAG_STATUS_OK)
07/09/26 02:33:13 Of 5 nodes total:
07/09/26 02:33:13  Done     Pre   Queued    Post   Ready   Un-Ready   Failed   Futile
07/09/26 02:33:13   ===     ===      ===     ===     ===        ===      ===      ===
07/09/26 02:33:13     0       0        1       0       0          4        0        0
07/09/26 02:33:13 8 job proc(s) currently held
07/09/26 02:33:13 DAGMan Runtime Statistics: [EventCycleTimeAvg=0.001; EventCycleTimeMax=0.427; EventCycleTimeMin=0.000; EventCycleTimeStd=0.015; EventCycleTimeSum=0.964; SleepCycleTimeAvg=5.004; SleepCycleTimeMax=5.026; SleepCycleTimeMin=5.001; SleepCycleTimeStd=0.002; SleepCycleTimeSum=4118.480; SubmitCycleTimeAvg=0.001; SubmitCycleTimeMax=0.423; SubmitCycleTimeMin=0.000; SubmitCycleTimeStd=0.015; SubmitCycleTimeSum=0.424; EventCycleTimeCount=823.000; SleepCycleTimeCount=823.000; SubmitCycleTimeCount=824.000; LogProcessCycleTimeAvg=0.015; LogProcessCycleTimeMax=0.085; LogProcessCycleTimeMin=0.002; LogProcessCycleTimeStd=0.025; LogProcessCycleTimeSum=0.184; LogProcessCycleTimeCount=12.000; ]
07/09/26 02:34:18 Currently monitoring 1 HTCondor log file(s)
07/09/26 02:34:18 Event: ULOG_JOB_EVICTED for HTCondor Node COLLECT (170832.10.0) {07/09/26 02:34:17}
07/09/26 02:34:18 Number of idle job procs: 24
07/09/26 02:34:18 Event: ULOG_JOB_HELD for HTCondor Node COLLECT (170832.10.0) {07/09/26 02:34:17}
07/09/26 02:34:18   Hold reason: Error from teaching3@lofn.hpc.uni-saarland.de: Docker job has gone over memory limit of 64480 Mb
07/09/26 02:34:18 Number of idle job procs: 24
07/09/26 02:34:18 DAG status: 0 (DAG_STATUS_OK)
07/09/26 02:34:18 Of 5 nodes total:
07/09/26 02:34:18  Done     Pre   Queued    Post   Ready   Un-Ready   Failed   Futile
07/09/26 02:34:18   ===     ===      ===     ===     ===        ===      ===      ===
07/09/26 02:34:18     0       0        1       0       0          4        0        0
07/09/26 02:34:18 9 job proc(s) currently held
07/09/26 02:34:18 DAGMan Runtime Statistics: [EventCycleTimeAvg=0.001; EventCycleTimeMax=0.427; EventCycleTimeMin=0.000; EventCycleTimeStd=0.015; EventCycleTimeSum=0.987; SleepCycleTimeAvg=5.004; SleepCycleTimeMax=5.026; SleepCycleTimeMin=5.001; SleepCycleTimeStd=0.002; SleepCycleTimeSum=4183.529; SubmitCycleTimeAvg=0.001; SubmitCycleTimeMax=0.423; SubmitCycleTimeMin=0.000; SubmitCycleTimeStd=0.015; SubmitCycleTimeSum=0.424; EventCycleTimeCount=836.000; SleepCycleTimeCount=836.000; SubmitCycleTimeCount=837.000; LogProcessCycleTimeAvg=0.014; LogProcessCycleTimeMax=0.085; LogProcessCycleTimeMin=0.002; LogProcessCycleTimeStd=0.024; LogProcessCycleTimeSum=0.187; LogProcessCycleTimeCount=13.000; ]
07/09/26 02:35:08 Currently monitoring 1 HTCondor log file(s)
07/09/26 02:35:08 Event: ULOG_JOB_EVICTED for HTCondor Node COLLECT (170832.22.0) {07/09/26 02:35:08}
07/09/26 02:35:08 Number of idle job procs: 25
07/09/26 02:35:08 Event: ULOG_JOB_HELD for HTCondor Node COLLECT (170832.22.0) {07/09/26 02:35:08}
07/09/26 02:35:08   Hold reason: Error from teaching7@idun.hpc.uni-saarland.de: Docker job has gone over memory limit of 64480 Mb
07/09/26 02:35:08 Number of idle job procs: 25
07/09/26 02:35:08 Event: ULOG_JOB_EVICTED for HTCondor Node COLLECT (170832.17.0) {07/09/26 02:35:08}
07/09/26 02:35:08 Number of idle job procs: 26
07/09/26 02:35:08 Event: ULOG_JOB_HELD for HTCondor Node COLLECT (170832.17.0) {07/09/26 02:35:08}
07/09/26 02:35:08   Hold reason: Error from teaching2@idun.hpc.uni-saarland.de: Docker job has gone over memory limit of 64480 Mb
07/09/26 02:35:08 Number of idle job procs: 26
07/09/26 02:35:08 Event: ULOG_EXECUTE for HTCondor Node COLLECT (170832.26.0) {07/09/26 02:35:08}
07/09/26 02:35:08 Number of idle job procs: 25
07/09/26 02:35:08 Event: ULOG_EXECUTE for HTCondor Node COLLECT (170832.25.0) {07/09/26 02:35:08}
07/09/26 02:35:08 Number of idle job procs: 24
07/09/26 02:35:08 DAG status: 0 (DAG_STATUS_OK)
07/09/26 02:35:08 Of 5 nodes total:
07/09/26 02:35:08  Done     Pre   Queued    Post   Ready   Un-Ready   Failed   Futile
07/09/26 02:35:08   ===     ===      ===     ===     ===        ===      ===      ===
07/09/26 02:35:08     0       0        1       0       0          4        0        0
07/09/26 02:35:08 11 job proc(s) currently held
07/09/26 02:35:08 DAGMan Runtime Statistics: [EventCycleTimeAvg=0.001; EventCycleTimeMax=0.427; EventCycleTimeMin=0.000; EventCycleTimeStd=0.015; EventCycleTimeSum=1.007; SleepCycleTimeAvg=5.004; SleepCycleTimeMax=5.026; SleepCycleTimeMin=5.001; SleepCycleTimeStd=0.002; SleepCycleTimeSum=4233.569; SubmitCycleTimeAvg=0.001; SubmitCycleTimeMax=0.423; SubmitCycleTimeMin=0.000; SubmitCycleTimeStd=0.015; SubmitCycleTimeSum=0.424; EventCycleTimeCount=846.000; SleepCycleTimeCount=846.000; SubmitCycleTimeCount=847.000; LogProcessCycleTimeAvg=0.014; LogProcessCycleTimeMax=0.085; LogProcessCycleTimeMin=0.002; LogProcessCycleTimeStd=0.023; LogProcessCycleTimeSum=0.200; LogProcessCycleTimeCount=14.000; ]
07/09/26 02:36:28 Currently monitoring 1 HTCondor log file(s)
07/09/26 02:36:28 Event: ULOG_EXECUTE for HTCondor Node COLLECT (170832.27.0) {07/09/26 02:36:27}
07/09/26 02:36:28 Number of idle job procs: 23
07/09/26 02:37:58 Currently monitoring 1 HTCondor log file(s)
07/09/26 02:37:58 Event: ULOG_JOB_EVICTED for HTCondor Node COLLECT (170832.18.0) {07/09/26 02:37:53}
07/09/26 02:37:58 Number of idle job procs: 24
07/09/26 02:37:58 Event: ULOG_JOB_HELD for HTCondor Node COLLECT (170832.18.0) {07/09/26 02:37:53}
07/09/26 02:37:58   Hold reason: Error from teaching3@idun.hpc.uni-saarland.de: Docker job has gone over memory limit of 64480 Mb
07/09/26 02:37:58 Number of idle job procs: 24
07/09/26 02:37:58 DAG status: 0 (DAG_STATUS_OK)
07/09/26 02:37:58 Of 5 nodes total:
07/09/26 02:37:58  Done     Pre   Queued    Post   Ready   Un-Ready   Failed   Futile
07/09/26 02:37:58   ===     ===      ===     ===     ===        ===      ===      ===
07/09/26 02:37:58     0       0        1       0       0          4        0        0
07/09/26 02:37:58 12 job proc(s) currently held
07/09/26 02:37:58 DAGMan Runtime Statistics: [EventCycleTimeAvg=0.001; EventCycleTimeMax=0.427; EventCycleTimeMin=0.000; EventCycleTimeStd=0.015; EventCycleTimeSum=1.042; SleepCycleTimeAvg=5.004; SleepCycleTimeMax=5.026; SleepCycleTimeMin=5.001; SleepCycleTimeStd=0.002; SleepCycleTimeSum=4403.718; SubmitCycleTimeAvg=0.000; SubmitCycleTimeMax=0.423; SubmitCycleTimeMin=0.000; SubmitCycleTimeStd=0.014; SubmitCycleTimeSum=0.424; EventCycleTimeCount=880.000; SleepCycleTimeCount=880.000; SubmitCycleTimeCount=881.000; LogProcessCycleTimeAvg=0.014; LogProcessCycleTimeMax=0.085; LogProcessCycleTimeMin=0.002; LogProcessCycleTimeStd=0.022; LogProcessCycleTimeSum=0.219; LogProcessCycleTimeCount=16.000; ]
07/09/26 02:38:13 Currently monitoring 1 HTCondor log file(s)
07/09/26 02:38:13 Event: ULOG_JOB_EVICTED for HTCondor Node COLLECT (170832.14.0) {07/09/26 02:38:11}
07/09/26 02:38:13 Number of idle job procs: 25
07/09/26 02:38:13 Event: ULOG_JOB_HELD for HTCondor Node COLLECT (170832.14.0) {07/09/26 02:38:11}
07/09/26 02:38:13   Hold reason: Error from teaching7@lofn.hpc.uni-saarland.de: Docker job has gone over memory limit of 64480 Mb
07/09/26 02:38:13 Number of idle job procs: 25
07/09/26 02:38:13 DAG status: 0 (DAG_STATUS_OK)
07/09/26 02:38:13 Of 5 nodes total:
07/09/26 02:38:13  Done     Pre   Queued    Post   Ready   Un-Ready   Failed   Futile
07/09/26 02:38:13   ===     ===      ===     ===     ===        ===      ===      ===
07/09/26 02:38:13     0       0        1       0       0          4        0        0
07/09/26 02:38:13 13 job proc(s) currently held
07/09/26 02:38:13 DAGMan Runtime Statistics: [EventCycleTimeAvg=0.001; EventCycleTimeMax=0.427; EventCycleTimeMin=0.000; EventCycleTimeStd=0.015; EventCycleTimeSum=1.064; SleepCycleTimeAvg=5.004; SleepCycleTimeMax=5.026; SleepCycleTimeMin=5.001; SleepCycleTimeStd=0.002; SleepCycleTimeSum=4418.728; SubmitCycleTimeAvg=0.000; SubmitCycleTimeMax=0.423; SubmitCycleTimeMin=0.000; SubmitCycleTimeStd=0.014; SubmitCycleTimeSum=0.424; EventCycleTimeCount=883.000; SleepCycleTimeCount=883.000; SubmitCycleTimeCount=884.000; LogProcessCycleTimeAvg=0.013; LogProcessCycleTimeMax=0.085; LogProcessCycleTimeMin=0.002; LogProcessCycleTimeStd=0.021; LogProcessCycleTimeSum=0.222; LogProcessCycleTimeCount=17.000; ]
07/09/26 02:39:18 Currently monitoring 1 HTCondor log file(s)
07/09/26 02:39:18 Event: ULOG_JOB_EVICTED for HTCondor Node COLLECT (170832.6.0) {07/09/26 02:39:17}
07/09/26 02:39:18 Number of idle job procs: 26
07/09/26 02:39:18 Event: ULOG_JOB_HELD for HTCondor Node COLLECT (170832.6.0) {07/09/26 02:39:18}
07/09/26 02:39:18   Hold reason: Error from teaching1@uller.hpc.uni-saarland.de: Docker job has gone over memory limit of 73692 Mb
07/09/26 02:39:18 Number of idle job procs: 26
07/09/26 02:39:18 DAG status: 0 (DAG_STATUS_OK)
07/09/26 02:39:18 Of 5 nodes total:
07/09/26 02:39:18  Done     Pre   Queued    Post   Ready   Un-Ready   Failed   Futile
07/09/26 02:39:18   ===     ===      ===     ===     ===        ===      ===      ===
07/09/26 02:39:18     0       0        1       0       0          4        0        0
07/09/26 02:39:18 14 job proc(s) currently held
07/09/26 02:39:18 DAGMan Runtime Statistics: [EventCycleTimeAvg=0.001; EventCycleTimeMax=0.427; EventCycleTimeMin=0.000; EventCycleTimeStd=0.015; EventCycleTimeSum=1.075; SleepCycleTimeAvg=5.004; SleepCycleTimeMax=5.026; SleepCycleTimeMin=5.001; SleepCycleTimeStd=0.002; SleepCycleTimeSum=4483.781; SubmitCycleTimeAvg=0.000; SubmitCycleTimeMax=0.423; SubmitCycleTimeMin=0.000; SubmitCycleTimeStd=0.014; SubmitCycleTimeSum=0.424; EventCycleTimeCount=896.000; SleepCycleTimeCount=896.000; SubmitCycleTimeCount=897.000; LogProcessCycleTimeAvg=0.013; LogProcessCycleTimeMax=0.085; LogProcessCycleTimeMin=0.002; LogProcessCycleTimeStd=0.021; LogProcessCycleTimeSum=0.228; LogProcessCycleTimeCount=18.000; ]
07/09/26 02:39:38 Total jobs placed to AP: 40
07/09/26 02:39:38      Idle     Held     Running     Successful     Failed
07/09/26 02:39:38       ===      ===         ===            ===        ===
07/09/26 02:39:38        12       14          14              0          0
07/09/26 02:42:58 Currently monitoring 1 HTCondor log file(s)
07/09/26 02:42:58 Event: ULOG_JOB_EVICTED for HTCondor Node COLLECT (170832.20.0) {07/09/26 02:42:58}
07/09/26 02:42:58 Number of idle job procs: 27
07/09/26 02:42:58 Event: ULOG_JOB_HELD for HTCondor Node COLLECT (170832.20.0) {07/09/26 02:42:58}
07/09/26 02:42:58   Hold reason: Error from teaching5@idun.hpc.uni-saarland.de: Docker job has gone over memory limit of 64480 Mb
07/09/26 02:42:58 Number of idle job procs: 27
07/09/26 02:42:58 DAG status: 0 (DAG_STATUS_OK)
07/09/26 02:42:58 Of 5 nodes total:
07/09/26 02:42:58  Done     Pre   Queued    Post   Ready   Un-Ready   Failed   Futile
07/09/26 02:42:58   ===     ===      ===     ===     ===        ===      ===      ===
07/09/26 02:42:58     0       0        1       0       0          4        0        0
07/09/26 02:42:58 15 job proc(s) currently held
07/09/26 02:42:58 DAGMan Runtime Statistics: [EventCycleTimeAvg=0.001; EventCycleTimeMax=0.427; EventCycleTimeMin=0.000; EventCycleTimeStd=0.014; EventCycleTimeSum=1.111; SleepCycleTimeAvg=5.004; SleepCycleTimeMax=5.026; SleepCycleTimeMin=5.001; SleepCycleTimeStd=0.002; SleepCycleTimeSum=4703.948; SubmitCycleTimeAvg=0.000; SubmitCycleTimeMax=0.423; SubmitCycleTimeMin=0.000; SubmitCycleTimeStd=0.014; SubmitCycleTimeSum=0.424; EventCycleTimeCount=940.000; SleepCycleTimeCount=940.000; SubmitCycleTimeCount=941.000; LogProcessCycleTimeAvg=0.012; LogProcessCycleTimeMax=0.085; LogProcessCycleTimeMin=0.002; LogProcessCycleTimeStd=0.020; LogProcessCycleTimeSum=0.235; LogProcessCycleTimeCount=19.000; ]
07/09/26 02:43:29 Currently monitoring 1 HTCondor log file(s)
07/09/26 02:43:29 Event: ULOG_EXECUTE for HTCondor Node COLLECT (170832.30.0) {07/09/26 02:43:27}
07/09/26 02:43:29 Number of idle job procs: 26
07/09/26 02:43:29 Event: ULOG_EXECUTE for HTCondor Node COLLECT (170832.28.0) {07/09/26 02:43:27}
07/09/26 02:43:29 Number of idle job procs: 25
07/09/26 02:43:29 Event: ULOG_EXECUTE for HTCondor Node COLLECT (170832.29.0) {07/09/26 02:43:27}
07/09/26 02:43:29 Number of idle job procs: 24
07/09/26 02:43:49 Currently monitoring 1 HTCondor log file(s)
07/09/26 02:43:49 Event: ULOG_EXECUTE for HTCondor Node COLLECT (170832.31.0) {07/09/26 02:43:48}
07/09/26 02:43:49 Number of idle job procs: 23
07/09/26 02:44:49 Currently monitoring 1 HTCondor log file(s)
07/09/26 02:44:49 Event: ULOG_EXECUTE for HTCondor Node COLLECT (170832.32.0) {07/09/26 02:44:47}
07/09/26 02:44:49 Number of idle job procs: 22
07/09/26 02:45:34 Currently monitoring 1 HTCondor log file(s)
07/09/26 02:45:34 Event: ULOG_JOB_EVICTED for HTCondor Node COLLECT (170832.7.0) {07/09/26 02:45:32}
07/09/26 02:45:34 Number of idle job procs: 23
07/09/26 02:45:34 Event: ULOG_JOB_HELD for HTCondor Node COLLECT (170832.7.0) {07/09/26 02:45:32}
07/09/26 02:45:34   Hold reason: Error from teaching4@uller.hpc.uni-saarland.de: Docker job has gone over memory limit of 73692 Mb
07/09/26 02:45:34 Number of idle job procs: 23
07/09/26 02:45:34 DAG status: 0 (DAG_STATUS_OK)
07/09/26 02:45:34 Of 5 nodes total:
07/09/26 02:45:34  Done     Pre   Queued    Post   Ready   Un-Ready   Failed   Futile
07/09/26 02:45:34   ===     ===      ===     ===     ===        ===      ===      ===
07/09/26 02:45:34     0       0        1       0       0          4        0        0
07/09/26 02:45:34 16 job proc(s) currently held
07/09/26 02:45:34 DAGMan Runtime Statistics: [EventCycleTimeAvg=0.001; EventCycleTimeMax=0.427; EventCycleTimeMin=0.000; EventCycleTimeStd=0.014; EventCycleTimeSum=1.145; SleepCycleTimeAvg=5.004; SleepCycleTimeMax=5.026; SleepCycleTimeMin=5.001; SleepCycleTimeStd=0.002; SleepCycleTimeSum=4859.072; SubmitCycleTimeAvg=0.000; SubmitCycleTimeMax=0.423; SubmitCycleTimeMin=0.000; SubmitCycleTimeStd=0.014; SubmitCycleTimeSum=0.424; EventCycleTimeCount=971.000; SleepCycleTimeCount=971.000; SubmitCycleTimeCount=972.000; LogProcessCycleTimeAvg=0.011; LogProcessCycleTimeMax=0.085; LogProcessCycleTimeMin=0.002; LogProcessCycleTimeStd=0.019; LogProcessCycleTimeSum=0.248; LogProcessCycleTimeCount=23.000; ]
07/09/26 02:45:49 Currently monitoring 1 HTCondor log file(s)
07/09/26 02:45:49 Event: ULOG_EXECUTE for HTCondor Node COLLECT (170832.34.0) {07/09/26 02:45:47}
07/09/26 02:45:49 Number of idle job procs: 22
07/09/26 02:46:49 Currently monitoring 1 HTCondor log file(s)
07/09/26 02:46:49 Event: ULOG_EXECUTE for HTCondor Node COLLECT (170832.33.0) {07/09/26 02:46:48}
07/09/26 02:46:49 Number of idle job procs: 21
07/09/26 02:46:49 Event: ULOG_EXECUTE for HTCondor Node COLLECT (170832.35.0) {07/09/26 02:46:48}
07/09/26 02:46:49 Number of idle job procs: 20
07/09/26 02:48:49 Currently monitoring 1 HTCondor log file(s)
07/09/26 02:48:49 Event: ULOG_JOB_EVICTED for HTCondor Node COLLECT (170832.8.0) {07/09/26 02:48:47}
07/09/26 02:48:49 Number of idle job procs: 21
07/09/26 02:48:49 Event: ULOG_JOB_HELD for HTCondor Node COLLECT (170832.8.0) {07/09/26 02:48:47}
07/09/26 02:48:49   Hold reason: Error from teaching1@lofn.hpc.uni-saarland.de: Docker job has gone over memory limit of 64480 Mb
07/09/26 02:48:49 Number of idle job procs: 21
07/09/26 02:48:49 Event: ULOG_EXECUTE for HTCondor Node COLLECT (170832.36.0) {07/09/26 02:48:47}
07/09/26 02:48:49 Number of idle job procs: 20
07/09/26 02:48:49 DAG status: 0 (DAG_STATUS_OK)
07/09/26 02:48:49 Of 5 nodes total:
07/09/26 02:48:49  Done     Pre   Queued    Post   Ready   Un-Ready   Failed   Futile
07/09/26 02:48:49   ===     ===      ===     ===     ===        ===      ===      ===
07/09/26 02:48:49     0       0        1       0       0          4        0        0
07/09/26 02:48:49 17 job proc(s) currently held
07/09/26 02:48:49 DAGMan Runtime Statistics: [EventCycleTimeAvg=0.001; EventCycleTimeMax=0.427; EventCycleTimeMin=0.000; EventCycleTimeStd=0.014; EventCycleTimeSum=1.166; SleepCycleTimeAvg=5.004; SleepCycleTimeMax=5.026; SleepCycleTimeMin=5.001; SleepCycleTimeStd=0.002; SleepCycleTimeSum=5054.225; SubmitCycleTimeAvg=0.000; SubmitCycleTimeMax=0.423; SubmitCycleTimeMin=0.000; SubmitCycleTimeStd=0.013; SubmitCycleTimeSum=0.424; EventCycleTimeCount=1010.000; SleepCycleTimeCount=1010.000; SubmitCycleTimeCount=1011.000; LogProcessCycleTimeAvg=0.010; LogProcessCycleTimeMax=0.085; LogProcessCycleTimeMin=0.002; LogProcessCycleTimeStd=0.018; LogProcessCycleTimeSum=0.258; LogProcessCycleTimeCount=26.000; ]
07/09/26 02:49:49 Currently monitoring 1 HTCondor log file(s)
07/09/26 02:49:49 Event: ULOG_EXECUTE for HTCondor Node COLLECT (170832.37.0) {07/09/26 02:49:48}
07/09/26 02:49:49 Number of idle job procs: 19
07/09/26 02:50:49 Currently monitoring 1 HTCondor log file(s)
07/09/26 02:50:49 Event: ULOG_EXECUTE for HTCondor Node COLLECT (170832.38.0) {07/09/26 02:50:48}
07/09/26 02:50:49 Number of idle job procs: 18
07/09/26 02:54:09 Currently monitoring 1 HTCondor log file(s)
07/09/26 02:54:09 Event: ULOG_EXECUTE for HTCondor Node COLLECT (170832.39.0) {07/09/26 02:54:08}
07/09/26 02:54:09 Number of idle job procs: 17
07/09/26 02:54:39 Total jobs placed to AP: 40
07/09/26 02:54:39      Idle     Held     Running     Successful     Failed
07/09/26 02:54:39       ===      ===         ===            ===        ===
07/09/26 02:54:39         0       17          23              0          0
07/09/26 03:04:09 600 seconds since last log event
07/09/26 03:04:09 Pending DAG nodes:
07/09/26 03:04:09   Node COLLECT, HTCondor ID 170832, status STATUS_SUBMITTED
07/09/26 03:09:39 Total jobs placed to AP: 40
07/09/26 03:09:39      Idle     Held     Running     Successful     Failed
07/09/26 03:09:39       ===      ===         ===            ===        ===
07/09/26 03:09:39         0       17          23              0          0
07/09/26 03:14:09 1200 seconds since last log event
07/09/26 03:14:09 Pending DAG nodes:
07/09/26 03:14:09   Node COLLECT, HTCondor ID 170832, status STATUS_SUBMITTED
07/09/26 03:14:49 Currently monitoring 1 HTCondor log file(s)
07/09/26 03:14:49 Event: ULOG_JOB_EVICTED for HTCondor Node COLLECT (170832.3.0) {07/09/26 03:14:48}
07/09/26 03:14:49 Number of idle job procs: 18
07/09/26 03:14:49 Event: ULOG_JOB_HELD for HTCondor Node COLLECT (170832.3.0) {07/09/26 03:14:48}
07/09/26 03:14:49   Hold reason: Error from teaching6@tenos.hpc.uni-saarland.de: Docker job has gone over memory limit of 96737 Mb
07/09/26 03:14:49 Number of idle job procs: 18
07/09/26 03:14:49 Event: ULOG_JOB_EVICTED for HTCondor Node COLLECT (170832.5.0) {07/09/26 03:14:49}
07/09/26 03:14:49 Number of idle job procs: 19
07/09/26 03:14:49 Event: ULOG_JOB_HELD for HTCondor Node COLLECT (170832.5.0) {07/09/26 03:14:49}
07/09/26 03:14:49   Hold reason: Error from teaching8@tenos.hpc.uni-saarland.de: Docker job has gone over memory limit of 96737 Mb
07/09/26 03:14:49 Number of idle job procs: 19
07/09/26 03:14:49 DAG status: 0 (DAG_STATUS_OK)
07/09/26 03:14:49 Of 5 nodes total:
07/09/26 03:14:49  Done     Pre   Queued    Post   Ready   Un-Ready   Failed   Futile
07/09/26 03:14:49   ===     ===      ===     ===     ===        ===      ===      ===
07/09/26 03:14:49     0       0        1       0       0          4        0        0
07/09/26 03:14:49 19 job proc(s) currently held
07/09/26 03:14:49 DAGMan Runtime Statistics: [EventCycleTimeAvg=0.001; EventCycleTimeMax=0.427; EventCycleTimeMin=0.000; EventCycleTimeStd=0.012; EventCycleTimeSum=1.285; SleepCycleTimeAvg=5.003; SleepCycleTimeMax=5.026; SleepCycleTimeMin=4.005; SleepCycleTimeStd=0.028; SleepCycleTimeSum=6614.515; SubmitCycleTimeAvg=0.000; SubmitCycleTimeMax=0.423; SubmitCycleTimeMin=0.000; SubmitCycleTimeStd=0.012; SubmitCycleTimeSum=0.424; EventCycleTimeCount=1322.000; SleepCycleTimeCount=1322.000; SubmitCycleTimeCount=1323.000; LogProcessCycleTimeAvg=0.009; LogProcessCycleTimeMax=0.085; LogProcessCycleTimeMin=0.002; LogProcessCycleTimeStd=0.016; LogProcessCycleTimeSum=0.275; LogProcessCycleTimeCount=30.000; ]
07/09/26 03:15:14 Currently monitoring 1 HTCondor log file(s)
07/09/26 03:15:14 Event: ULOG_JOB_EVICTED for HTCondor Node COLLECT (170832.4.0) {07/09/26 03:15:10}
07/09/26 03:15:14 Number of idle job procs: 20
07/09/26 03:15:14 Event: ULOG_JOB_HELD for HTCondor Node COLLECT (170832.4.0) {07/09/26 03:15:10}
07/09/26 03:15:14   Hold reason: Error from teaching7@tenos.hpc.uni-saarland.de: Docker job has gone over memory limit of 96737 Mb
07/09/26 03:15:14 Number of idle job procs: 20
07/09/26 03:15:14 Event: ULOG_JOB_EVICTED for HTCondor Node COLLECT (170832.2.0) {07/09/26 03:15:11}
07/09/26 03:15:14 Number of idle job procs: 21
07/09/26 03:15:14 Event: ULOG_JOB_HELD for HTCondor Node COLLECT (170832.2.0) {07/09/26 03:15:11}
07/09/26 03:15:14   Hold reason: Error from teaching5@tenos.hpc.uni-saarland.de: Docker job has gone over memory limit of 96737 Mb
07/09/26 03:15:14 Number of idle job procs: 21
07/09/26 03:15:14 Event: ULOG_JOB_EVICTED for HTCondor Node COLLECT (170832.0.0) {07/09/26 03:15:12}
07/09/26 03:15:14 Number of idle job procs: 22
07/09/26 03:15:14 Event: ULOG_JOB_HELD for HTCondor Node COLLECT (170832.0.0) {07/09/26 03:15:12}
07/09/26 03:15:14   Hold reason: Error from teaching2@tenos.hpc.uni-saarland.de: Docker job has gone over memory limit of 96737 Mb
07/09/26 03:15:14 Number of idle job procs: 22
07/09/26 03:15:14 DAG status: 0 (DAG_STATUS_OK)
07/09/26 03:15:14 Of 5 nodes total:
07/09/26 03:15:14  Done     Pre   Queued    Post   Ready   Un-Ready   Failed   Futile
07/09/26 03:15:14   ===     ===      ===     ===     ===        ===      ===      ===
07/09/26 03:15:14     0       0        1       0       0          4        0        0
07/09/26 03:15:14 22 job proc(s) currently held
07/09/26 03:15:14 DAGMan Runtime Statistics: [EventCycleTimeAvg=0.001; EventCycleTimeMax=0.427; EventCycleTimeMin=0.000; EventCycleTimeStd=0.012; EventCycleTimeSum=1.302; SleepCycleTimeAvg=5.003; SleepCycleTimeMax=5.026; SleepCycleTimeMin=4.005; SleepCycleTimeStd=0.028; SleepCycleTimeSum=6639.534; SubmitCycleTimeAvg=0.000; SubmitCycleTimeMax=0.423; SubmitCycleTimeMin=0.000; SubmitCycleTimeStd=0.012; SubmitCycleTimeSum=0.424; EventCycleTimeCount=1327.000; SleepCycleTimeCount=1327.000; SubmitCycleTimeCount=1328.000; LogProcessCycleTimeAvg=0.009; LogProcessCycleTimeMax=0.085; LogProcessCycleTimeMin=0.002; LogProcessCycleTimeStd=0.016; LogProcessCycleTimeSum=0.288; LogProcessCycleTimeCount=31.000; ]
07/09/26 03:15:49 Currently monitoring 1 HTCondor log file(s)
07/09/26 03:15:49 Event: ULOG_JOB_EVICTED for HTCondor Node COLLECT (170832.23.0) {07/09/26 03:15:46}
07/09/26 03:15:49 Number of idle job procs: 23
07/09/26 03:15:49 Event: ULOG_JOB_HELD for HTCondor Node COLLECT (170832.23.0) {07/09/26 03:15:46}
07/09/26 03:15:49   Hold reason: Error from teaching3@thera.hpc.uni-saarland.de: Docker job has gone over memory limit of 96737 Mb
07/09/26 03:15:49 Number of idle job procs: 23
07/09/26 03:15:49 DAG status: 0 (DAG_STATUS_OK)
07/09/26 03:15:49 Of 5 nodes total:
07/09/26 03:15:49  Done     Pre   Queued    Post   Ready   Un-Ready   Failed   Futile
07/09/26 03:15:49   ===     ===      ===     ===     ===        ===      ===      ===
07/09/26 03:15:49     0       0        1       0       0          4        0        0
07/09/26 03:15:49 23 job proc(s) currently held
07/09/26 03:15:49 DAGMan Runtime Statistics: [EventCycleTimeAvg=0.001; EventCycleTimeMax=0.427; EventCycleTimeMin=0.000; EventCycleTimeStd=0.012; EventCycleTimeSum=1.320; SleepCycleTimeAvg=5.003; SleepCycleTimeMax=5.026; SleepCycleTimeMin=4.005; SleepCycleTimeStd=0.027; SleepCycleTimeSum=6674.572; SubmitCycleTimeAvg=0.000; SubmitCycleTimeMax=0.423; SubmitCycleTimeMin=0.000; SubmitCycleTimeStd=0.012; SubmitCycleTimeSum=0.424; EventCycleTimeCount=1334.000; SleepCycleTimeCount=1334.000; SubmitCycleTimeCount=1335.000; LogProcessCycleTimeAvg=0.009; LogProcessCycleTimeMax=0.085; LogProcessCycleTimeMin=0.002; LogProcessCycleTimeStd=0.016; LogProcessCycleTimeSum=0.291; LogProcessCycleTimeCount=32.000; ]
07/09/26 03:24:15 Currently monitoring 1 HTCondor log file(s)
07/09/26 03:24:15 Event: ULOG_JOB_EVICTED for HTCondor Node COLLECT (170832.1.0) {07/09/26 03:24:14}
07/09/26 03:24:15 Number of idle job procs: 24
07/09/26 03:24:15 Event: ULOG_JOB_HELD for HTCondor Node COLLECT (170832.1.0) {07/09/26 03:24:14}
07/09/26 03:24:15   Hold reason: Error from teaching4@tenos.hpc.uni-saarland.de: Docker job has gone over memory limit of 96737 Mb
07/09/26 03:24:15 Number of idle job procs: 24
07/09/26 03:24:15 DAG status: 0 (DAG_STATUS_OK)
07/09/26 03:24:15 Of 5 nodes total:
07/09/26 03:24:15  Done     Pre   Queued    Post   Ready   Un-Ready   Failed   Futile
07/09/26 03:24:15   ===     ===      ===     ===     ===        ===      ===      ===
07/09/26 03:24:15     0       0        1       0       0          4        0        0
07/09/26 03:24:15 24 job proc(s) currently held
07/09/26 03:24:15 DAGMan Runtime Statistics: [EventCycleTimeAvg=0.001; EventCycleTimeMax=0.427; EventCycleTimeMin=0.000; EventCycleTimeStd=0.012; EventCycleTimeSum=1.353; SleepCycleTimeAvg=5.003; SleepCycleTimeMax=5.026; SleepCycleTimeMin=4.005; SleepCycleTimeStd=0.026; SleepCycleTimeSum=7180.011; SubmitCycleTimeAvg=0.000; SubmitCycleTimeMax=0.423; SubmitCycleTimeMin=0.000; SubmitCycleTimeStd=0.011; SubmitCycleTimeSum=0.424; EventCycleTimeCount=1435.000; SleepCycleTimeCount=1435.000; SubmitCycleTimeCount=1436.000; LogProcessCycleTimeAvg=0.009; LogProcessCycleTimeMax=0.085; LogProcessCycleTimeMin=0.002; LogProcessCycleTimeStd=0.016; LogProcessCycleTimeSum=0.296; LogProcessCycleTimeCount=33.000; ]
07/09/26 03:24:40 Total jobs placed to AP: 40
07/09/26 03:24:40      Idle     Held     Running     Successful     Failed
07/09/26 03:24:40       ===      ===         ===            ===        ===
07/09/26 03:24:40         0       24          16              0          0
07/09/26 03:27:00 Currently monitoring 1 HTCondor log file(s)
07/09/26 03:27:00 Event: ULOG_JOB_EVICTED for HTCondor Node COLLECT (170832.24.0) {07/09/26 03:27:00}
07/09/26 03:27:00 Number of idle job procs: 25
07/09/26 03:27:00 Event: ULOG_JOB_HELD for HTCondor Node COLLECT (170832.24.0) {07/09/26 03:27:00}
07/09/26 03:27:00   Hold reason: Error from teaching5@thera.hpc.uni-saarland.de: Docker job has gone over memory limit of 96737 Mb
07/09/26 03:27:00 Number of idle job procs: 25
07/09/26 03:27:00 DAG status: 0 (DAG_STATUS_OK)
07/09/26 03:27:00 Of 5 nodes total:
07/09/26 03:27:00  Done     Pre   Queued    Post   Ready   Un-Ready   Failed   Futile
07/09/26 03:27:00   ===     ===      ===     ===     ===        ===      ===      ===
07/09/26 03:27:00     0       0        1       0       0          4        0        0
07/09/26 03:27:00 25 job proc(s) currently held
07/09/26 03:27:00 DAGMan Runtime Statistics: [EventCycleTimeAvg=0.001; EventCycleTimeMax=0.427; EventCycleTimeMin=0.000; EventCycleTimeStd=0.012; EventCycleTimeSum=1.377; SleepCycleTimeAvg=5.004; SleepCycleTimeMax=5.026; SleepCycleTimeMin=4.005; SleepCycleTimeStd=0.026; SleepCycleTimeSum=7345.143; SubmitCycleTimeAvg=0.000; SubmitCycleTimeMax=0.423; SubmitCycleTimeMin=0.000; SubmitCycleTimeStd=0.011; SubmitCycleTimeSum=0.424; EventCycleTimeCount=1468.000; SleepCycleTimeCount=1468.000; SubmitCycleTimeCount=1469.000; LogProcessCycleTimeAvg=0.009; LogProcessCycleTimeMax=0.085; LogProcessCycleTimeMin=0.002; LogProcessCycleTimeStd=0.016; LogProcessCycleTimeSum=0.299; LogProcessCycleTimeCount=34.000; ]
07/09/26 03:37:01 601 seconds since last log event
07/09/26 03:37:01 Pending DAG nodes:
07/09/26 03:37:01   Node COLLECT, HTCondor ID 170832, status STATUS_SUBMITTED
07/09/26 03:39:41 Total jobs placed to AP: 40
07/09/26 03:39:41      Idle     Held     Running     Successful     Failed
07/09/26 03:39:41       ===      ===         ===            ===        ===
07/09/26 03:39:41         0       25          15              0          0
07/09/26 03:42:56 Currently monitoring 1 HTCondor log file(s)
07/09/26 03:42:56 Event: ULOG_JOB_EVICTED for HTCondor Node COLLECT (170832.34.0) {07/09/26 03:42:51}
07/09/26 03:42:56 Number of idle job procs: 26
07/09/26 03:42:56 Event: ULOG_JOB_HELD for HTCondor Node COLLECT (170832.34.0) {07/09/26 03:42:51}
07/09/26 03:42:56   Hold reason: Error from teaching3@lofn.hpc.uni-saarland.de: Docker job has gone over memory limit of 64480 Mb
07/09/26 03:42:56 Number of idle job procs: 26
07/09/26 03:42:56 DAG status: 0 (DAG_STATUS_OK)
07/09/26 03:42:56 Of 5 nodes total:
07/09/26 03:42:56  Done     Pre   Queued    Post   Ready   Un-Ready   Failed   Futile
07/09/26 03:42:56   ===     ===      ===     ===     ===        ===      ===      ===
07/09/26 03:42:56     0       0        1       0       0          4        0        0
07/09/26 03:42:56 26 job proc(s) currently held
07/09/26 03:42:56 DAGMan Runtime Statistics: [EventCycleTimeAvg=0.001; EventCycleTimeMax=0.427; EventCycleTimeMin=0.000; EventCycleTimeStd=0.011; EventCycleTimeSum=1.448; SleepCycleTimeAvg=5.004; SleepCycleTimeMax=5.026; SleepCycleTimeMin=4.005; SleepCycleTimeStd=0.025; SleepCycleTimeSum=8300.974; SubmitCycleTimeAvg=0.000; SubmitCycleTimeMax=0.423; SubmitCycleTimeMin=0.000; SubmitCycleTimeStd=0.010; SubmitCycleTimeSum=0.425; EventCycleTimeCount=1659.000; SleepCycleTimeCount=1659.000; SubmitCycleTimeCount=1660.000; LogProcessCycleTimeAvg=0.009; LogProcessCycleTimeMax=0.085; LogProcessCycleTimeMin=0.002; LogProcessCycleTimeStd=0.015; LogProcessCycleTimeSum=0.303; LogProcessCycleTimeCount=35.000; ]
07/09/26 03:45:06 Currently monitoring 1 HTCondor log file(s)
07/09/26 03:45:06 Event: ULOG_JOB_EVICTED for HTCondor Node COLLECT (170832.25.0) {07/09/26 03:45:03}
07/09/26 03:45:06 Number of idle job procs: 27
07/09/26 03:45:06 Event: ULOG_JOB_HELD for HTCondor Node COLLECT (170832.25.0) {07/09/26 03:45:04}
07/09/26 03:45:06   Hold reason: Error from teaching4@lofn.hpc.uni-saarland.de: Docker job has gone over memory limit of 64480 Mb
07/09/26 03:45:06 Number of idle job procs: 27
07/09/26 03:45:06 DAG status: 0 (DAG_STATUS_OK)
07/09/26 03:45:06 Of 5 nodes total:
07/09/26 03:45:06  Done     Pre   Queued    Post   Ready   Un-Ready   Failed   Futile
07/09/26 03:45:06   ===     ===      ===     ===     ===        ===      ===      ===
07/09/26 03:45:06     0       0        1       0       0          4        0        0
07/09/26 03:45:06 27 job proc(s) currently held
07/09/26 03:45:06 DAGMan Runtime Statistics: [EventCycleTimeAvg=0.001; EventCycleTimeMax=0.427; EventCycleTimeMin=0.000; EventCycleTimeStd=0.011; EventCycleTimeSum=1.467; SleepCycleTimeAvg=5.004; SleepCycleTimeMax=5.026; SleepCycleTimeMin=4.005; SleepCycleTimeStd=0.024; SleepCycleTimeSum=8431.097; SubmitCycleTimeAvg=0.000; SubmitCycleTimeMax=0.423; SubmitCycleTimeMin=0.000; SubmitCycleTimeStd=0.010; SubmitCycleTimeSum=0.425; EventCycleTimeCount=1685.000; SleepCycleTimeCount=1685.000; SubmitCycleTimeCount=1686.000; LogProcessCycleTimeAvg=0.009; LogProcessCycleTimeMax=0.085; LogProcessCycleTimeMin=0.002; LogProcessCycleTimeStd=0.015; LogProcessCycleTimeSum=0.307; LogProcessCycleTimeCount=36.000; ]
07/09/26 03:45:41 Currently monitoring 1 HTCondor log file(s)
07/09/26 03:45:41 Event: ULOG_JOB_EVICTED for HTCondor Node COLLECT (170832.36.0) {07/09/26 03:45:39}
07/09/26 03:45:41 Number of idle job procs: 28
07/09/26 03:45:41 Event: ULOG_JOB_HELD for HTCondor Node COLLECT (170832.36.0) {07/09/26 03:45:39}
07/09/26 03:45:41   Hold reason: Error from teaching3@idun.hpc.uni-saarland.de: Docker job has gone over memory limit of 64480 Mb
07/09/26 03:45:41 Number of idle job procs: 28
07/09/26 03:45:41 DAG status: 0 (DAG_STATUS_OK)
07/09/26 03:45:41 Of 5 nodes total:
07/09/26 03:45:41  Done     Pre   Queued    Post   Ready   Un-Ready   Failed   Futile
07/09/26 03:45:41   ===     ===      ===     ===     ===        ===      ===      ===
07/09/26 03:45:41     0       0        1       0       0          4        0        0
07/09/26 03:45:41 28 job proc(s) currently held
07/09/26 03:45:41 DAGMan Runtime Statistics: [EventCycleTimeAvg=0.001; EventCycleTimeMax=0.427; EventCycleTimeMin=0.000; EventCycleTimeStd=0.011; EventCycleTimeSum=1.475; SleepCycleTimeAvg=5.004; SleepCycleTimeMax=5.026; SleepCycleTimeMin=4.005; SleepCycleTimeStd=0.024; SleepCycleTimeSum=8466.125; SubmitCycleTimeAvg=0.000; SubmitCycleTimeMax=0.423; SubmitCycleTimeMin=0.000; SubmitCycleTimeStd=0.010; SubmitCycleTimeSum=0.425; EventCycleTimeCount=1692.000; SleepCycleTimeCount=1692.000; SubmitCycleTimeCount=1693.000; LogProcessCycleTimeAvg=0.008; LogProcessCycleTimeMax=0.085; LogProcessCycleTimeMin=0.002; LogProcessCycleTimeStd=0.015; LogProcessCycleTimeSum=0.311; LogProcessCycleTimeCount=37.000; ]
07/09/26 03:46:31 Currently monitoring 1 HTCondor log file(s)
07/09/26 03:46:31 Event: ULOG_JOB_EVICTED for HTCondor Node COLLECT (170832.30.0) {07/09/26 03:46:26}
07/09/26 03:46:31 Number of idle job procs: 29
07/09/26 03:46:31 Event: ULOG_JOB_HELD for HTCondor Node COLLECT (170832.30.0) {07/09/26 03:46:26}
07/09/26 03:46:31   Hold reason: Error from teaching4@idun.hpc.uni-saarland.de: Docker job has gone over memory limit of 64480 Mb
07/09/26 03:46:31 Number of idle job procs: 29
07/09/26 03:46:31 DAG status: 0 (DAG_STATUS_OK)
07/09/26 03:46:31 Of 5 nodes total:
07/09/26 03:46:31  Done     Pre   Queued    Post   Ready   Un-Ready   Failed   Futile
07/09/26 03:46:31   ===     ===      ===     ===     ===        ===      ===      ===
07/09/26 03:46:31     0       0        1       0       0          4        0        0
07/09/26 03:46:31 29 job proc(s) currently held
07/09/26 03:46:31 DAGMan Runtime Statistics: [EventCycleTimeAvg=0.001; EventCycleTimeMax=0.427; EventCycleTimeMin=0.000; EventCycleTimeStd=0.011; EventCycleTimeSum=1.484; SleepCycleTimeAvg=5.004; SleepCycleTimeMax=5.026; SleepCycleTimeMin=4.005; SleepCycleTimeStd=0.024; SleepCycleTimeSum=8516.164; SubmitCycleTimeAvg=0.000; SubmitCycleTimeMax=0.423; SubmitCycleTimeMin=0.000; SubmitCycleTimeStd=0.010; SubmitCycleTimeSum=0.425; EventCycleTimeCount=1702.000; SleepCycleTimeCount=1702.000; SubmitCycleTimeCount=1703.000; LogProcessCycleTimeAvg=0.008; LogProcessCycleTimeMax=0.085; LogProcessCycleTimeMin=0.002; LogProcessCycleTimeStd=0.015; LogProcessCycleTimeSum=0.316; LogProcessCycleTimeCount=38.000; ]
07/09/26 03:47:26 Currently monitoring 1 HTCondor log file(s)
07/09/26 03:47:26 Event: ULOG_JOB_EVICTED for HTCondor Node COLLECT (170832.27.0) {07/09/26 03:47:25}
07/09/26 03:47:26 Number of idle job procs: 30
07/09/26 03:47:26 Event: ULOG_JOB_HELD for HTCondor Node COLLECT (170832.27.0) {07/09/26 03:47:25}
07/09/26 03:47:26   Hold reason: Error from teaching2@lofn.hpc.uni-saarland.de: Docker job has gone over memory limit of 64480 Mb
07/09/26 03:47:26 Number of idle job procs: 30
07/09/26 03:47:26 DAG status: 0 (DAG_STATUS_OK)
07/09/26 03:47:26 Of 5 nodes total:
07/09/26 03:47:26  Done     Pre   Queued    Post   Ready   Un-Ready   Failed   Futile
07/09/26 03:47:26   ===     ===      ===     ===     ===        ===      ===      ===
07/09/26 03:47:26     0       0        1       0       0          4        0        0
07/09/26 03:47:26 30 job proc(s) currently held
07/09/26 03:47:26 DAGMan Runtime Statistics: [EventCycleTimeAvg=0.001; EventCycleTimeMax=0.427; EventCycleTimeMin=0.000; EventCycleTimeStd=0.011; EventCycleTimeSum=1.495; SleepCycleTimeAvg=5.004; SleepCycleTimeMax=5.026; SleepCycleTimeMin=4.005; SleepCycleTimeStd=0.024; SleepCycleTimeSum=8571.214; SubmitCycleTimeAvg=0.000; SubmitCycleTimeMax=0.423; SubmitCycleTimeMin=0.000; SubmitCycleTimeStd=0.010; SubmitCycleTimeSum=0.425; EventCycleTimeCount=1713.000; SleepCycleTimeCount=1713.000; SubmitCycleTimeCount=1714.000; LogProcessCycleTimeAvg=0.008; LogProcessCycleTimeMax=0.085; LogProcessCycleTimeMin=0.002; LogProcessCycleTimeStd=0.015; LogProcessCycleTimeSum=0.320; LogProcessCycleTimeCount=39.000; ]
07/09/26 03:48:46 Currently monitoring 1 HTCondor log file(s)
07/09/26 03:48:46 Event: ULOG_JOB_EVICTED for HTCondor Node COLLECT (170832.32.0) {07/09/26 03:48:42}
07/09/26 03:48:46 Number of idle job procs: 31
07/09/26 03:48:46 Event: ULOG_JOB_HELD for HTCondor Node COLLECT (170832.32.0) {07/09/26 03:48:42}
07/09/26 03:48:46   Hold reason: Error from teaching6@idun.hpc.uni-saarland.de: Docker job has gone over memory limit of 64480 Mb
07/09/26 03:48:46 Number of idle job procs: 31
07/09/26 03:48:46 DAG status: 0 (DAG_STATUS_OK)
07/09/26 03:48:46 Of 5 nodes total:
07/09/26 03:48:46  Done     Pre   Queued    Post   Ready   Un-Ready   Failed   Futile
07/09/26 03:48:46   ===     ===      ===     ===     ===        ===      ===      ===
07/09/26 03:48:46     0       0        1       0       0          4        0        0
07/09/26 03:48:46 31 job proc(s) currently held
07/09/26 03:48:46 DAGMan Runtime Statistics: [EventCycleTimeAvg=0.001; EventCycleTimeMax=0.427; EventCycleTimeMin=0.000; EventCycleTimeStd=0.011; EventCycleTimeSum=1.508; SleepCycleTimeAvg=5.004; SleepCycleTimeMax=5.028; SleepCycleTimeMin=4.005; SleepCycleTimeStd=0.024; SleepCycleTimeSum=8651.300; SubmitCycleTimeAvg=0.000; SubmitCycleTimeMax=0.423; SubmitCycleTimeMin=0.000; SubmitCycleTimeStd=0.010; SubmitCycleTimeSum=0.425; EventCycleTimeCount=1729.000; SleepCycleTimeCount=1729.000; SubmitCycleTimeCount=1730.000; LogProcessCycleTimeAvg=0.008; LogProcessCycleTimeMax=0.085; LogProcessCycleTimeMin=0.002; LogProcessCycleTimeStd=0.014; LogProcessCycleTimeSum=0.324; LogProcessCycleTimeCount=40.000; ]
07/09/26 03:49:56 Currently monitoring 1 HTCondor log file(s)
07/09/26 03:49:56 Event: ULOG_JOB_EVICTED for HTCondor Node COLLECT (170832.33.0) {07/09/26 03:49:52}
07/09/26 03:49:56 Number of idle job procs: 32
07/09/26 03:49:56 Event: ULOG_JOB_HELD for HTCondor Node COLLECT (170832.33.0) {07/09/26 03:49:52}
07/09/26 03:49:56   Hold reason: Error from teaching2@idun.hpc.uni-saarland.de: Docker job has gone over memory limit of 64480 Mb
07/09/26 03:49:56 Number of idle job procs: 32
07/09/26 03:49:56 DAG status: 0 (DAG_STATUS_OK)
07/09/26 03:49:56 Of 5 nodes total:
07/09/26 03:49:56  Done     Pre   Queued    Post   Ready   Un-Ready   Failed   Futile
07/09/26 03:49:56   ===     ===      ===     ===     ===        ===      ===      ===
07/09/26 03:49:56     0       0        1       0       0          4        0        0
07/09/26 03:49:56 32 job proc(s) currently held
07/09/26 03:49:56 DAGMan Runtime Statistics: [EventCycleTimeAvg=0.001; EventCycleTimeMax=0.427; EventCycleTimeMin=0.000; EventCycleTimeStd=0.011; EventCycleTimeSum=1.526; SleepCycleTimeAvg=5.004; SleepCycleTimeMax=5.028; SleepCycleTimeMin=4.005; SleepCycleTimeStd=0.024; SleepCycleTimeSum=8721.355; SubmitCycleTimeAvg=0.000; SubmitCycleTimeMax=0.423; SubmitCycleTimeMin=0.000; SubmitCycleTimeStd=0.010; SubmitCycleTimeSum=0.425; EventCycleTimeCount=1743.000; SleepCycleTimeCount=1743.000; SubmitCycleTimeCount=1744.000; LogProcessCycleTimeAvg=0.008; LogProcessCycleTimeMax=0.085; LogProcessCycleTimeMin=0.002; LogProcessCycleTimeStd=0.014; LogProcessCycleTimeSum=0.328; LogProcessCycleTimeCount=41.000; ]
07/09/26 03:50:01 Currently monitoring 1 HTCondor log file(s)
07/09/26 03:50:01 Event: ULOG_JOB_EVICTED for HTCondor Node COLLECT (170832.26.0) {07/09/26 03:49:57}
07/09/26 03:50:01 Number of idle job procs: 33
07/09/26 03:50:01 Event: ULOG_JOB_HELD for HTCondor Node COLLECT (170832.26.0) {07/09/26 03:49:57}
07/09/26 03:50:01   Hold reason: Error from teaching1@idun.hpc.uni-saarland.de: Docker job has gone over memory limit of 64480 Mb
07/09/26 03:50:01 Number of idle job procs: 33
07/09/26 03:50:01 DAG status: 0 (DAG_STATUS_OK)
07/09/26 03:50:01 Of 5 nodes total:
07/09/26 03:50:01  Done     Pre   Queued    Post   Ready   Un-Ready   Failed   Futile
07/09/26 03:50:01   ===     ===      ===     ===     ===        ===      ===      ===
07/09/26 03:50:01     0       0        1       0       0          4        0        0
07/09/26 03:50:01 33 job proc(s) currently held
07/09/26 03:50:01 DAGMan Runtime Statistics: [EventCycleTimeAvg=0.001; EventCycleTimeMax=0.427; EventCycleTimeMin=0.000; EventCycleTimeStd=0.011; EventCycleTimeSum=1.533; SleepCycleTimeAvg=5.004; SleepCycleTimeMax=5.028; SleepCycleTimeMin=4.005; SleepCycleTimeStd=0.024; SleepCycleTimeSum=8726.359; SubmitCycleTimeAvg=0.000; SubmitCycleTimeMax=0.423; SubmitCycleTimeMin=0.000; SubmitCycleTimeStd=0.010; SubmitCycleTimeSum=0.425; EventCycleTimeCount=1744.000; SleepCycleTimeCount=1744.000; SubmitCycleTimeCount=1745.000; LogProcessCycleTimeAvg=0.008; LogProcessCycleTimeMax=0.085; LogProcessCycleTimeMin=0.002; LogProcessCycleTimeStd=0.014; LogProcessCycleTimeSum=0.331; LogProcessCycleTimeCount=42.000; ]
07/09/26 03:51:51 Currently monitoring 1 HTCondor log file(s)
07/09/26 03:51:51 Event: ULOG_JOB_EVICTED for HTCondor Node COLLECT (170832.28.0) {07/09/26 03:51:50}
07/09/26 03:51:51 Number of idle job procs: 34
07/09/26 03:51:51 Event: ULOG_JOB_HELD for HTCondor Node COLLECT (170832.28.0) {07/09/26 03:51:50}
07/09/26 03:51:51   Hold reason: Error from teaching5@lofn.hpc.uni-saarland.de: Docker job has gone over memory limit of 64480 Mb
07/09/26 03:51:51 Number of idle job procs: 34
07/09/26 03:51:51 Event: ULOG_JOB_EVICTED for HTCondor Node COLLECT (170832.31.0) {07/09/26 03:51:51}
07/09/26 03:51:51 Number of idle job procs: 35
07/09/26 03:51:51 Event: ULOG_JOB_HELD for HTCondor Node COLLECT (170832.31.0) {07/09/26 03:51:51}
07/09/26 03:51:51   Hold reason: Error from teaching8@lofn.hpc.uni-saarland.de: Docker job has gone over memory limit of 64480 Mb
07/09/26 03:51:51 Number of idle job procs: 35
07/09/26 03:51:51 DAG status: 0 (DAG_STATUS_OK)
07/09/26 03:51:51 Of 5 nodes total:
07/09/26 03:51:51  Done     Pre   Queued    Post   Ready   Un-Ready   Failed   Futile
07/09/26 03:51:51   ===     ===      ===     ===     ===        ===      ===      ===
07/09/26 03:51:51     0       0        1       0       0          4        0        0
07/09/26 03:51:51 35 job proc(s) currently held
07/09/26 03:51:51 DAGMan Runtime Statistics: [EventCycleTimeAvg=0.001; EventCycleTimeMax=0.427; EventCycleTimeMin=0.000; EventCycleTimeStd=0.011; EventCycleTimeSum=1.544; SleepCycleTimeAvg=5.004; SleepCycleTimeMax=5.028; SleepCycleTimeMin=4.005; SleepCycleTimeStd=0.024; SleepCycleTimeSum=8836.450; SubmitCycleTimeAvg=0.000; SubmitCycleTimeMax=0.423; SubmitCycleTimeMin=0.000; SubmitCycleTimeStd=0.010; SubmitCycleTimeSum=0.425; EventCycleTimeCount=1766.000; SleepCycleTimeCount=1766.000; SubmitCycleTimeCount=1767.000; LogProcessCycleTimeAvg=0.008; LogProcessCycleTimeMax=0.085; LogProcessCycleTimeMin=0.002; LogProcessCycleTimeStd=0.014; LogProcessCycleTimeSum=0.338; LogProcessCycleTimeCount=43.000; ]
07/09/26 03:54:42 Total jobs placed to AP: 40
07/09/26 03:54:42      Idle     Held     Running     Successful     Failed
07/09/26 03:54:42       ===      ===         ===            ===        ===
07/09/26 03:54:42         0       35           5              0          0
07/09/26 03:56:02 Currently monitoring 1 HTCondor log file(s)
07/09/26 03:56:02 Event: ULOG_JOB_EVICTED for HTCondor Node COLLECT (170832.35.0) {07/09/26 03:56:00}
07/09/26 03:56:02 Number of idle job procs: 36
07/09/26 03:56:02 Event: ULOG_JOB_HELD for HTCondor Node COLLECT (170832.35.0) {07/09/26 03:56:00}
07/09/26 03:56:02   Hold reason: Error from teaching7@idun.hpc.uni-saarland.de: Docker job has gone over memory limit of 64480 Mb
07/09/26 03:56:02 Number of idle job procs: 36
07/09/26 03:56:02 DAG status: 0 (DAG_STATUS_OK)
07/09/26 03:56:02 Of 5 nodes total:
07/09/26 03:56:02  Done     Pre   Queued    Post   Ready   Un-Ready   Failed   Futile
07/09/26 03:56:02   ===     ===      ===     ===     ===        ===      ===      ===
07/09/26 03:56:02     0       0        1       0       0          4        0        0
07/09/26 03:56:02 36 job proc(s) currently held
07/09/26 03:56:02 DAGMan Runtime Statistics: [EventCycleTimeAvg=0.001; EventCycleTimeMax=0.427; EventCycleTimeMin=0.000; EventCycleTimeStd=0.010; EventCycleTimeSum=1.573; SleepCycleTimeAvg=5.004; SleepCycleTimeMax=5.028; SleepCycleTimeMin=4.005; SleepCycleTimeStd=0.024; SleepCycleTimeSum=9086.643; SubmitCycleTimeAvg=0.000; SubmitCycleTimeMax=0.423; SubmitCycleTimeMin=0.000; SubmitCycleTimeStd=0.010; SubmitCycleTimeSum=0.425; EventCycleTimeCount=1816.000; SleepCycleTimeCount=1816.000; SubmitCycleTimeCount=1817.000; LogProcessCycleTimeAvg=0.008; LogProcessCycleTimeMax=0.085; LogProcessCycleTimeMin=0.002; LogProcessCycleTimeStd=0.014; LogProcessCycleTimeSum=0.342; LogProcessCycleTimeCount=44.000; ]
07/09/26 03:57:02 Currently monitoring 1 HTCondor log file(s)
07/09/26 03:57:02 Event: ULOG_JOB_EVICTED for HTCondor Node COLLECT (170832.37.0) {07/09/26 03:57:00}
07/09/26 03:57:02 Number of idle job procs: 37
07/09/26 03:57:02 Event: ULOG_JOB_HELD for HTCondor Node COLLECT (170832.37.0) {07/09/26 03:57:00}
07/09/26 03:57:02   Hold reason: Error from teaching7@lofn.hpc.uni-saarland.de: Docker job has gone over memory limit of 64480 Mb
07/09/26 03:57:02 Number of idle job procs: 37
07/09/26 03:57:02 DAG status: 0 (DAG_STATUS_OK)
07/09/26 03:57:02 Of 5 nodes total:
07/09/26 03:57:02  Done     Pre   Queued    Post   Ready   Un-Ready   Failed   Futile
07/09/26 03:57:02   ===     ===      ===     ===     ===        ===      ===      ===
07/09/26 03:57:02     0       0        1       0       0          4        0        0
07/09/26 03:57:02 37 job proc(s) currently held
07/09/26 03:57:02 DAGMan Runtime Statistics: [EventCycleTimeAvg=0.001; EventCycleTimeMax=0.427; EventCycleTimeMin=0.000; EventCycleTimeStd=0.010; EventCycleTimeSum=1.583; SleepCycleTimeAvg=5.004; SleepCycleTimeMax=5.028; SleepCycleTimeMin=4.005; SleepCycleTimeStd=0.023; SleepCycleTimeSum=9146.693; SubmitCycleTimeAvg=0.000; SubmitCycleTimeMax=0.423; SubmitCycleTimeMin=0.000; SubmitCycleTimeStd=0.010; SubmitCycleTimeSum=0.425; EventCycleTimeCount=1828.000; SleepCycleTimeCount=1828.000; SubmitCycleTimeCount=1829.000; LogProcessCycleTimeAvg=0.008; LogProcessCycleTimeMax=0.085; LogProcessCycleTimeMin=0.002; LogProcessCycleTimeStd=0.014; LogProcessCycleTimeSum=0.346; LogProcessCycleTimeCount=45.000; ]
07/09/26 04:00:32 Currently monitoring 1 HTCondor log file(s)
07/09/26 04:00:32 Event: ULOG_JOB_EVICTED for HTCondor Node COLLECT (170832.29.0) {07/09/26 04:00:28}
07/09/26 04:00:32 Number of idle job procs: 38
07/09/26 04:00:32 Event: ULOG_JOB_HELD for HTCondor Node COLLECT (170832.29.0) {07/09/26 04:00:28}
07/09/26 04:00:32   Hold reason: Error from teaching6@lofn.hpc.uni-saarland.de: Docker job has gone over memory limit of 64480 Mb
07/09/26 04:00:32 Number of idle job procs: 38
07/09/26 04:00:32 DAG status: 0 (DAG_STATUS_OK)
07/09/26 04:00:32 Of 5 nodes total:
07/09/26 04:00:32  Done     Pre   Queued    Post   Ready   Un-Ready   Failed   Futile
07/09/26 04:00:32   ===     ===      ===     ===     ===        ===      ===      ===
07/09/26 04:00:32     0       0        1       0       0          4        0        0
07/09/26 04:00:32 38 job proc(s) currently held
07/09/26 04:00:32 DAGMan Runtime Statistics: [EventCycleTimeAvg=0.001; EventCycleTimeMax=0.427; EventCycleTimeMin=0.000; EventCycleTimeStd=0.010; EventCycleTimeSum=1.604; SleepCycleTimeAvg=5.004; SleepCycleTimeMax=5.028; SleepCycleTimeMin=4.005; SleepCycleTimeStd=0.023; SleepCycleTimeSum=9356.856; SubmitCycleTimeAvg=0.000; SubmitCycleTimeMax=0.423; SubmitCycleTimeMin=0.000; SubmitCycleTimeStd=0.010; SubmitCycleTimeSum=0.425; EventCycleTimeCount=1870.000; SleepCycleTimeCount=1870.000; SubmitCycleTimeCount=1871.000; LogProcessCycleTimeAvg=0.008; LogProcessCycleTimeMax=0.085; LogProcessCycleTimeMin=0.002; LogProcessCycleTimeStd=0.013; LogProcessCycleTimeSum=0.351; LogProcessCycleTimeCount=46.000; ]
07/09/26 04:03:07 Currently monitoring 1 HTCondor log file(s)
07/09/26 04:03:07 Event: ULOG_JOB_EVICTED for HTCondor Node COLLECT (170832.39.0) {07/09/26 04:03:06}
07/09/26 04:03:07 Number of idle job procs: 39
07/09/26 04:03:07 Event: ULOG_JOB_HELD for HTCondor Node COLLECT (170832.39.0) {07/09/26 04:03:06}
07/09/26 04:03:07   Hold reason: Error from teaching5@idun.hpc.uni-saarland.de: Docker job has gone over memory limit of 64480 Mb
07/09/26 04:03:07 Number of idle job procs: 39
07/09/26 04:03:07 DAG status: 0 (DAG_STATUS_OK)
07/09/26 04:03:07 Of 5 nodes total:
07/09/26 04:03:07  Done     Pre   Queued    Post   Ready   Un-Ready   Failed   Futile
07/09/26 04:03:07   ===     ===      ===     ===     ===        ===      ===      ===
07/09/26 04:03:07     0       0        1       0       0          4        0        0
07/09/26 04:03:07 39 job proc(s) currently held
07/09/26 04:03:07 DAGMan Runtime Statistics: [EventCycleTimeAvg=0.001; EventCycleTimeMax=0.427; EventCycleTimeMin=0.000; EventCycleTimeStd=0.010; EventCycleTimeSum=1.618; SleepCycleTimeAvg=5.004; SleepCycleTimeMax=5.028; SleepCycleTimeMin=4.005; SleepCycleTimeStd=0.023; SleepCycleTimeSum=9511.990; SubmitCycleTimeAvg=0.000; SubmitCycleTimeMax=0.423; SubmitCycleTimeMin=0.000; SubmitCycleTimeStd=0.010; SubmitCycleTimeSum=0.425; EventCycleTimeCount=1901.000; SleepCycleTimeCount=1901.000; SubmitCycleTimeCount=1902.000; LogProcessCycleTimeAvg=0.008; LogProcessCycleTimeMax=0.085; LogProcessCycleTimeMin=0.002; LogProcessCycleTimeStd=0.013; LogProcessCycleTimeSum=0.355; LogProcessCycleTimeCount=47.000; ]
07/09/26 04:08:17 Currently monitoring 1 HTCondor log file(s)
07/09/26 04:08:17 Event: ULOG_JOB_EVICTED for HTCondor Node COLLECT (170832.38.0) {07/09/26 04:08:13}
07/09/26 04:08:17 Number of idle job procs: 40
07/09/26 04:08:17 Event: ULOG_JOB_HELD for HTCondor Node COLLECT (170832.38.0) {07/09/26 04:08:13}
07/09/26 04:08:17   Hold reason: Error from teaching1@uller.hpc.uni-saarland.de: Docker job has gone over memory limit of 73692 Mb
07/09/26 04:08:17 Number of idle job procs: 40
07/09/26 04:08:17 DAG status: 0 (DAG_STATUS_OK)
07/09/26 04:08:17 Of 5 nodes total:
07/09/26 04:08:17  Done     Pre   Queued    Post   Ready   Un-Ready   Failed   Futile
07/09/26 04:08:17   ===     ===      ===     ===     ===        ===      ===      ===
07/09/26 04:08:17     0       0        1       0       0          4        0        0
07/09/26 04:08:17 40 job proc(s) currently held
07/09/26 04:08:17 DAGMan Runtime Statistics: [EventCycleTimeAvg=0.001; EventCycleTimeMax=0.427; EventCycleTimeMin=0.000; EventCycleTimeStd=0.010; EventCycleTimeSum=1.644; SleepCycleTimeAvg=5.004; SleepCycleTimeMax=5.028; SleepCycleTimeMin=4.005; SleepCycleTimeStd=0.023; SleepCycleTimeSum=9822.264; SubmitCycleTimeAvg=0.000; SubmitCycleTimeMax=0.423; SubmitCycleTimeMin=0.000; SubmitCycleTimeStd=0.010; SubmitCycleTimeSum=0.425; EventCycleTimeCount=1963.000; SleepCycleTimeCount=1963.000; SubmitCycleTimeCount=1964.000; LogProcessCycleTimeAvg=0.007; LogProcessCycleTimeMax=0.085; LogProcessCycleTimeMin=0.002; LogProcessCycleTimeStd=0.013; LogProcessCycleTimeSum=0.359; LogProcessCycleTimeCount=48.000; ]
07/09/26 04:09:42 Total jobs placed to AP: 40
07/09/26 04:09:42      Idle     Held     Running     Successful     Failed
07/09/26 04:09:42       ===      ===         ===            ===        ===
07/09/26 04:09:42         0       40           0              0          0
07/09/26 04:18:18 601 seconds since last log event
07/09/26 04:18:18 Pending DAG nodes:
07/09/26 04:18:18   Node COLLECT, HTCondor ID 170832, status STATUS_SUBMITTED
07/09/26 04:24:43 Total jobs placed to AP: 40
07/09/26 04:24:43      Idle     Held     Running     Successful     Failed
07/09/26 04:24:43       ===      ===         ===            ===        ===
07/09/26 04:24:43         0       40           0              0          0
07/09/26 04:28:18 1201 seconds since last log event
07/09/26 04:28:18 Pending DAG nodes:
07/09/26 04:28:18   Node COLLECT, HTCondor ID 170832, status STATUS_SUBMITTED
07/09/26 04:38:19 1802 seconds since last log event
07/09/26 04:38:19 Pending DAG nodes:
07/09/26 04:38:19   Node COLLECT, HTCondor ID 170832, status STATUS_SUBMITTED
07/09/26 04:39:44 Total jobs placed to AP: 40
07/09/26 04:39:44      Idle     Held     Running     Successful     Failed
07/09/26 04:39:44       ===      ===         ===            ===        ===
07/09/26 04:39:44         0       40           0              0          0
07/09/26 04:48:19 2402 seconds since last log event
07/09/26 04:48:19 Pending DAG nodes:
07/09/26 04:48:19   Node COLLECT, HTCondor ID 170832, status STATUS_SUBMITTED
07/09/26 04:54:45 Total jobs placed to AP: 40
07/09/26 04:54:45      Idle     Held     Running     Successful     Failed
07/09/26 04:54:45       ===      ===         ===            ===        ===
07/09/26 04:54:45         0       40           0              0          0
07/09/26 04:58:20 3003 seconds since last log event
07/09/26 04:58:20 Pending DAG nodes:
07/09/26 04:58:20   Node COLLECT, HTCondor ID 170832, status STATUS_SUBMITTED
07/09/26 05:08:21 3604 seconds since last log event
07/09/26 05:08:21 Pending DAG nodes:
07/09/26 05:08:21   Node COLLECT, HTCondor ID 170832, status STATUS_SUBMITTED
07/09/26 05:09:46 Total jobs placed to AP: 40
07/09/26 05:09:46      Idle     Held     Running     Successful     Failed
07/09/26 05:09:46       ===      ===         ===            ===        ===
07/09/26 05:09:46         0       40           0              0          0
07/09/26 05:18:21 4204 seconds since last log event
07/09/26 05:18:21 Pending DAG nodes:
07/09/26 05:18:21   Node COLLECT, HTCondor ID 170832, status STATUS_SUBMITTED
07/09/26 05:24:46 Total jobs placed to AP: 40
07/09/26 05:24:46      Idle     Held     Running     Successful     Failed
07/09/26 05:24:46       ===      ===         ===            ===        ===
07/09/26 05:24:46         0       40           0              0          0
07/09/26 05:28:22 4805 seconds since last log event
07/09/26 05:28:22 Pending DAG nodes:
07/09/26 05:28:22   Node COLLECT, HTCondor ID 170832, status STATUS_SUBMITTED
07/09/26 05:38:22 5405 seconds since last log event
07/09/26 05:38:22 Pending DAG nodes:
07/09/26 05:38:22   Node COLLECT, HTCondor ID 170832, status STATUS_SUBMITTED
07/09/26 05:39:47 Total jobs placed to AP: 40
07/09/26 05:39:47      Idle     Held     Running     Successful     Failed
07/09/26 05:39:47       ===      ===         ===            ===        ===
07/09/26 05:39:47         0       40           0              0          0
07/09/26 05:48:23 6006 seconds since last log event
07/09/26 05:48:23 Pending DAG nodes:
07/09/26 05:48:23   Node COLLECT, HTCondor ID 170832, status STATUS_SUBMITTED
07/09/26 05:54:48 Total jobs placed to AP: 40
07/09/26 05:54:48      Idle     Held     Running     Successful     Failed
07/09/26 05:54:48       ===      ===         ===            ===        ===
07/09/26 05:54:48         0       40           0              0          0
07/09/26 05:58:23 6606 seconds since last log event
07/09/26 05:58:23 Pending DAG nodes:
07/09/26 05:58:23   Node COLLECT, HTCondor ID 170832, status STATUS_SUBMITTED
07/09/26 06:08:24 7207 seconds since last log event
07/09/26 06:08:24 Pending DAG nodes:
07/09/26 06:08:24   Node COLLECT, HTCondor ID 170832, status STATUS_SUBMITTED
07/09/26 06:09:49 Total jobs placed to AP: 40
07/09/26 06:09:49      Idle     Held     Running     Successful     Failed
07/09/26 06:09:49       ===      ===         ===            ===        ===
07/09/26 06:09:49         0       40           0              0          0
07/09/26 06:18:24 7807 seconds since last log event
07/09/26 06:18:24 Pending DAG nodes:
07/09/26 06:18:24   Node COLLECT, HTCondor ID 170832, status STATUS_SUBMITTED
07/09/26 06:24:49 Total jobs placed to AP: 40
07/09/26 06:24:49      Idle     Held     Running     Successful     Failed
07/09/26 06:24:49       ===      ===         ===            ===        ===
07/09/26 06:24:49         0       40           0              0          0
07/09/26 06:28:24 8407 seconds since last log event
07/09/26 06:28:24 Pending DAG nodes:
07/09/26 06:28:24   Node COLLECT, HTCondor ID 170832, status STATUS_SUBMITTED
07/09/26 06:38:28 9011 seconds since last log event
07/09/26 06:38:36 Pending DAG nodes:
07/09/26 06:38:36   Node COLLECT, HTCondor ID 170832, status STATUS_SUBMITTED
07/09/26 06:39:49 Total jobs placed to AP: 40
07/09/26 06:39:50      Idle     Held     Running     Successful     Failed
07/09/26 06:39:50       ===      ===         ===            ===        ===
07/09/26 06:39:50         0       40           0              0          0
07/09/26 06:48:29 9612 seconds since last log event
07/09/26 06:48:29 Pending DAG nodes:
07/09/26 06:48:29   Node COLLECT, HTCondor ID 170832, status STATUS_SUBMITTED
07/09/26 06:54:50 Total jobs placed to AP: 40
07/09/26 06:54:50      Idle     Held     Running     Successful     Failed
07/09/26 06:54:50       ===      ===         ===            ===        ===
07/09/26 06:54:50         0       40           0              0          0
07/09/26 06:58:30 10213 seconds since last log event
07/09/26 06:58:30 Pending DAG nodes:
07/09/26 06:58:30   Node COLLECT, HTCondor ID 170832, status STATUS_SUBMITTED
07/09/26 07:08:30 10813 seconds since last log event
07/09/26 07:08:30 Pending DAG nodes:
07/09/26 07:08:30   Node COLLECT, HTCondor ID 170832, status STATUS_SUBMITTED
07/09/26 07:09:50 Total jobs placed to AP: 40
07/09/26 07:09:50      Idle     Held     Running     Successful     Failed
07/09/26 07:09:50       ===      ===         ===            ===        ===
07/09/26 07:09:50         0       40           0              0          0
07/09/26 07:18:31 11414 seconds since last log event
07/09/26 07:18:31 Pending DAG nodes:
07/09/26 07:18:31   Node COLLECT, HTCondor ID 170832, status STATUS_SUBMITTED
07/09/26 07:24:51 Total jobs placed to AP: 40
07/09/26 07:24:51      Idle     Held     Running     Successful     Failed
07/09/26 07:24:51       ===      ===         ===            ===        ===
07/09/26 07:24:51         0       40           0              0          0
07/09/26 07:28:31 12014 seconds since last log event
07/09/26 07:28:31 Pending DAG nodes:
07/09/26 07:28:31   Node COLLECT, HTCondor ID 170832, status STATUS_SUBMITTED
07/09/26 07:38:32 12615 seconds since last log event
07/09/26 07:38:32 Pending DAG nodes:
07/09/26 07:38:32   Node COLLECT, HTCondor ID 170832, status STATUS_SUBMITTED
07/09/26 07:39:52 Total jobs placed to AP: 40
07/09/26 07:39:52      Idle     Held     Running     Successful     Failed
07/09/26 07:39:52       ===      ===         ===            ===        ===
07/09/26 07:39:52         0       40           0              0          0
07/09/26 07:48:33 13216 seconds since last log event
07/09/26 07:48:33 Pending DAG nodes:
07/09/26 07:48:33   Node COLLECT, HTCondor ID 170832, status STATUS_SUBMITTED
07/09/26 07:54:53 Total jobs placed to AP: 40
07/09/26 07:54:53      Idle     Held     Running     Successful     Failed
07/09/26 07:54:53       ===      ===         ===            ===        ===
07/09/26 07:54:53         0       40           0              0          0
07/09/26 07:58:33 13816 seconds since last log event
07/09/26 07:58:33 Pending DAG nodes:
07/09/26 07:58:33   Node COLLECT, HTCondor ID 170832, status STATUS_SUBMITTED
07/09/26 08:08:34 14417 seconds since last log event
07/09/26 08:08:34 Pending DAG nodes:
07/09/26 08:08:34   Node COLLECT, HTCondor ID 170832, status STATUS_SUBMITTED
07/09/26 08:09:54 Total jobs placed to AP: 40
07/09/26 08:09:54      Idle     Held     Running     Successful     Failed
07/09/26 08:09:54       ===      ===         ===            ===        ===
07/09/26 08:09:54         0       40           0              0          0
07/09/26 08:18:34 15017 seconds since last log event
07/09/26 08:18:34 Pending DAG nodes:
07/09/26 08:18:34   Node COLLECT, HTCondor ID 170832, status STATUS_SUBMITTED
07/09/26 08:24:55 Total jobs placed to AP: 40
07/09/26 08:24:55      Idle     Held     Running     Successful     Failed
07/09/26 08:24:55       ===      ===         ===            ===        ===
07/09/26 08:24:55         0       40           0              0          0
07/09/26 08:28:35 15618 seconds since last log event
07/09/26 08:28:35 Pending DAG nodes:
07/09/26 08:28:35   Node COLLECT, HTCondor ID 170832, status STATUS_SUBMITTED
07/09/26 08:38:35 16218 seconds since last log event
07/09/26 08:38:35 Pending DAG nodes:
07/09/26 08:38:35   Node COLLECT, HTCondor ID 170832, status STATUS_SUBMITTED
07/09/26 08:39:55 Total jobs placed to AP: 40
07/09/26 08:39:55      Idle     Held     Running     Successful     Failed
07/09/26 08:39:55       ===      ===         ===            ===        ===
07/09/26 08:39:55         0       40           0              0          0
07/09/26 08:48:36 16819 seconds since last log event
07/09/26 08:48:36 Pending DAG nodes:
07/09/26 08:48:36   Node COLLECT, HTCondor ID 170832, status STATUS_SUBMITTED
07/09/26 08:54:56 Total jobs placed to AP: 40
07/09/26 08:54:56      Idle     Held     Running     Successful     Failed
07/09/26 08:54:56       ===      ===         ===            ===        ===
07/09/26 08:54:56         0       40           0              0          0
07/09/26 08:58:36 17419 seconds since last log event
07/09/26 08:58:36 Pending DAG nodes:
07/09/26 08:58:36   Node COLLECT, HTCondor ID 170832, status STATUS_SUBMITTED
07/09/26 09:08:37 18020 seconds since last log event
07/09/26 09:08:37 Pending DAG nodes:
07/09/26 09:08:37   Node COLLECT, HTCondor ID 170832, status STATUS_SUBMITTED
07/09/26 09:09:57 Total jobs placed to AP: 40
07/09/26 09:09:57      Idle     Held     Running     Successful     Failed
07/09/26 09:09:57       ===      ===         ===            ===        ===
07/09/26 09:09:57         0       40           0              0          0
07/09/26 09:18:38 18621 seconds since last log event
07/09/26 09:18:38 Pending DAG nodes:
07/09/26 09:18:38   Node COLLECT, HTCondor ID 170832, status STATUS_SUBMITTED
07/09/26 09:24:58 Total jobs placed to AP: 40
07/09/26 09:24:58      Idle     Held     Running     Successful     Failed
07/09/26 09:24:58       ===      ===         ===            ===        ===
07/09/26 09:24:58         0       40           0              0          0
07/09/26 09:28:38 19221 seconds since last log event
07/09/26 09:28:38 Pending DAG nodes:
07/09/26 09:28:38   Node COLLECT, HTCondor ID 170832, status STATUS_SUBMITTED
07/09/26 09:38:39 19822 seconds since last log event
07/09/26 09:38:39 Pending DAG nodes:
07/09/26 09:38:39   Node COLLECT, HTCondor ID 170832, status STATUS_SUBMITTED
07/09/26 09:39:59 Total jobs placed to AP: 40
07/09/26 09:39:59      Idle     Held     Running     Successful     Failed
07/09/26 09:39:59       ===      ===         ===            ===        ===
07/09/26 09:39:59         0       40           0              0          0
07/09/26 09:48:39 20422 seconds since last log event
07/09/26 09:48:39 Pending DAG nodes:
07/09/26 09:48:39   Node COLLECT, HTCondor ID 170832, status STATUS_SUBMITTED
07/09/26 09:55:00 Total jobs placed to AP: 40
07/09/26 09:55:00      Idle     Held     Running     Successful     Failed
07/09/26 09:55:00       ===      ===         ===            ===        ===
07/09/26 09:55:00         0       40           0              0          0
07/09/26 09:58:40 21023 seconds since last log event
07/09/26 09:58:40 Pending DAG nodes:
07/09/26 09:58:40   Node COLLECT, HTCondor ID 170832, status STATUS_SUBMITTED
07/09/26 10:08:40 21623 seconds since last log event
07/09/26 10:08:40 Pending DAG nodes:
07/09/26 10:08:40   Node COLLECT, HTCondor ID 170832, status STATUS_SUBMITTED
07/09/26 10:10:00 Total jobs placed to AP: 40
07/09/26 10:10:00      Idle     Held     Running     Successful     Failed
07/09/26 10:10:00       ===      ===         ===            ===        ===
07/09/26 10:10:00         0       40           0              0          0
07/09/26 10:18:41 22224 seconds since last log event
07/09/26 10:18:41 Pending DAG nodes:
07/09/26 10:18:41   Node COLLECT, HTCondor ID 170832, status STATUS_SUBMITTED
07/09/26 10:25:01 Total jobs placed to AP: 40
07/09/26 10:25:01      Idle     Held     Running     Successful     Failed
07/09/26 10:25:01       ===      ===         ===            ===        ===
07/09/26 10:25:01         0       40           0              0          0
07/09/26 10:28:41 22824 seconds since last log event
07/09/26 10:28:41 Pending DAG nodes:
07/09/26 10:28:41   Node COLLECT, HTCondor ID 170832, status STATUS_SUBMITTED
07/09/26 10:38:41 23424 seconds since last log event
07/09/26 10:38:41 Pending DAG nodes:
07/09/26 10:38:41   Node COLLECT, HTCondor ID 170832, status STATUS_SUBMITTED
07/09/26 10:40:01 Total jobs placed to AP: 40
07/09/26 10:40:01      Idle     Held     Running     Successful     Failed
07/09/26 10:40:01       ===      ===         ===            ===        ===
07/09/26 10:40:01         0       40           0              0          0
07/09/26 10:48:41 24024 seconds since last log event
07/09/26 10:48:42 Pending DAG nodes:
07/09/26 10:48:42   Node COLLECT, HTCondor ID 170832, status STATUS_SUBMITTED
07/09/26 10:55:02 Total jobs placed to AP: 40
07/09/26 10:55:02      Idle     Held     Running     Successful     Failed
07/09/26 10:55:02       ===      ===         ===            ===        ===
07/09/26 10:55:02         0       40           0              0          0
07/09/26 10:58:42 24625 seconds since last log event
07/09/26 10:58:42 Pending DAG nodes:
07/09/26 10:58:42   Node COLLECT, HTCondor ID 170832, status STATUS_SUBMITTED
07/09/26 11:08:43 25226 seconds since last log event
07/09/26 11:08:43 Pending DAG nodes:
07/09/26 11:08:43   Node COLLECT, HTCondor ID 170832, status STATUS_SUBMITTED
07/09/26 11:10:03 Total jobs placed to AP: 40
07/09/26 11:10:03      Idle     Held     Running     Successful     Failed
07/09/26 11:10:03       ===      ===         ===            ===        ===
07/09/26 11:10:03         0       40           0              0          0
07/09/26 11:18:43 25826 seconds since last log event
07/09/26 11:18:43 Pending DAG nodes:
07/09/26 11:18:43   Node COLLECT, HTCondor ID 170832, status STATUS_SUBMITTED
07/09/26 11:25:03 Total jobs placed to AP: 40
07/09/26 11:25:03      Idle     Held     Running     Successful     Failed
07/09/26 11:25:03       ===      ===         ===            ===        ===
07/09/26 11:25:03         0       40           0              0          0
07/09/26 11:28:43 26426 seconds since last log event
07/09/26 11:28:43 Pending DAG nodes:
07/09/26 11:28:43   Node COLLECT, HTCondor ID 170832, status STATUS_SUBMITTED
07/09/26 11:38:43 27026 seconds since last log event
07/09/26 11:38:43 Pending DAG nodes:
07/09/26 11:38:43   Node COLLECT, HTCondor ID 170832, status STATUS_SUBMITTED
07/09/26 11:40:03 Total jobs placed to AP: 40
07/09/26 11:40:03      Idle     Held     Running     Successful     Failed
07/09/26 11:40:03       ===      ===         ===            ===        ===
07/09/26 11:40:03         0       40           0              0          0
07/09/26 11:48:44 27627 seconds since last log event
07/09/26 11:48:44 Pending DAG nodes:
07/09/26 11:48:44   Node COLLECT, HTCondor ID 170832, status STATUS_SUBMITTED
