07/06/26 18:25:09 ******************************************************
07/06/26 18:25:09 ** condor_scheduniv_exec.170256.0 (CONDOR_DAGMAN) STARTING UP
07/06/26 18:25:09 ** /usr/bin/condor_dagman
07/06/26 18:25:09 ** SubsystemInfo: name=DAGMAN type=DAGMAN(9) class=CLIENT(2)
07/06/26 18:25:09 ** Configuration: subsystem:DAGMAN local:<NONE> class:CLIENT
07/06/26 18:25:09 ** $CondorVersion: 24.12.19 2026-04-15 BuildID: 896241 PackageID: 24.12.19-1+deb12 GitSHA: c68f3e0e $
07/06/26 18:25:09 ** $CondorPlatform: X86_64-Debian_12 $
07/06/26 18:25:09 ** PID = 42553 RealUID = 1620002036
07/06/26 18:25:09 ** Log last touched time unavailable (No such file or directory)
07/06/26 18:25:09 ******************************************************
07/06/26 18:25:09 Using config source: /etc/condor/condor_config
07/06/26 18:25:09 Using local config sources: 
07/06/26 18:25:09    /etc/condor/config.d/01-submit.conf
07/06/26 18:25:09    /etc/condor/config.d/10-stash-plugin.conf
07/06/26 18:25:09    /etc/condor/config.d/23-network.config
07/06/26 18:25:09    /etc/condor/config.d/31-mail.conf
07/06/26 18:25:09    /etc/condor/config.d/35-cc-sync.conf
07/06/26 18:25:09    /etc/condor/config.d/41-periodic-remove.conf
07/06/26 18:25:09    /etc/condor/config.d/49-common.conf
07/06/26 18:25:09    /etc/condor/config.d/52-group-mapping.conf
07/06/26 18:25:09    /etc/condor/config.d/54-container.conf
07/06/26 18:25:09    /etc/condor/config.d/67-submit-transforms.conf
07/06/26 18:25:09    /etc/condor/config.d/71-submit-requirements.conf
07/06/26 18:25:09    /etc/condor/condor_config.local
07/06/26 18:25:09 config Macros = 110, Sorted = 110, StringBytes = 6399, TablesBytes = 4088
07/06/26 18:25:09 CLASSAD_CACHING is ENABLED
07/06/26 18:25:09 Daemon Log is logging: D_ALWAYS D_ERROR D_STATUS
07/06/26 18:25:09 Daemoncore: Listening at <0.0.0.0:20749> on TCP (ReliSock) and UDP (SafeSock).
07/06/26 18:25:09 DaemonCore: command socket at <10.143.248.60:20749?addrs=10.143.248.60-20749&alias=conduit.hpc.uni-saarland.de>
07/06/26 18:25:09 DaemonCore: private command socket at <10.143.248.60:20749?addrs=10.143.248.60-20749&alias=conduit.hpc.uni-saarland.de>
07/06/26 18:25:09 DAGMAN_USE_STRICT setting: 1
07/06/26 18:25:09 DAGMAN_VERBOSITY setting: 3
07/06/26 18:25:09 DAGMAN_DEBUG_CACHE_SIZE setting: 5242880
07/06/26 18:25:09 DAGMAN_DEBUG_CACHE_ENABLE setting: False
07/06/26 18:25:09 DAGMAN_SUBMIT_DELAY setting: 0
07/06/26 18:25:09 DAGMAN_MAX_SUBMIT_ATTEMPTS setting: 6
07/06/26 18:25:09 DAGMAN_STARTUP_CYCLE_DETECT setting: False
07/06/26 18:25:09 DAGMAN_USE_JOIN_NODES setting: True
07/06/26 18:25:09 DAGMAN_REPORT_GRAPH_METRICS setting: False
07/06/26 18:25:09 DAGMAN_MAX_SUBMITS_PER_INTERVAL setting: 100
07/06/26 18:25:09 DAGMAN_AGGRESSIVE_SUBMIT setting: False
07/06/26 18:25:09 DAGMAN_USER_LOG_SCAN_INTERVAL setting: 5
07/06/26 18:25:09 DAGMAN_QUEUE_UPDATE_INTERVAL setting: 300.000000
07/06/26 18:25:09 DAGMAN_DEFAULT_PRIORITY setting: 0
07/06/26 18:25:09 DAGMAN_SUPPRESS_NOTIFICATION setting: False
07/06/26 18:25:09 allow_events (DAGMAN_ALLOW_EVENTS) setting: 114
07/06/26 18:25:09 DAGMAN_RETRY_SUBMIT_FIRST setting: True
07/06/26 18:25:09 DAGMAN_RETRY_NODE_FIRST setting: False
07/06/26 18:25:09 DAGMAN_MAX_JOBS_IDLE setting: 1000
07/06/26 18:25:09 DAGMAN_MAX_JOBS_SUBMITTED setting: 0
07/06/26 18:25:09 DAGMAN_MAX_PRE_SCRIPTS setting: 20
07/06/26 18:25:09 DAGMAN_MAX_POST_SCRIPTS setting: 20
07/06/26 18:25:09 DAGMAN_MAX_HOLD_SCRIPTS setting: 20
07/06/26 18:25:09 DAGMAN_MUNGE_NODE_NAMES setting: True
07/06/26 18:25:09 DAGMAN_ALLOW_ANY_NODE_NAME_CHARACTERS setting: False
07/06/26 18:25:09 DAGMAN_PROHIBIT_MULTI_JOBS setting: False
07/06/26 18:25:09 DAGMAN_SUBMIT_DEPTH_FIRST setting: False
07/06/26 18:25:09 DAGMAN_ALWAYS_RUN_POST setting: False
07/06/26 18:25:09 DAGMAN_CONDOR_SUBMIT_EXE setting: /usr/bin/condor_submit
07/06/26 18:25:09 DAGMAN_CONDOR_RM_EXE setting: /usr/bin/condor_rm
07/06/26 18:25:09 DAGMAN_USE_DIRECT_SUBMIT setting: True
07/06/26 18:25:09 DAGMAN_PRODUCE_JOB_CREDENTIALS setting: True
07/06/26 18:25:09 DAGMAN_DEFAULT_APPEND_VARS setting: False
07/06/26 18:25:09 DAGMAN_INHERIT_ATTRS_PREFIX setting: 
07/06/26 18:25:09 DAGMAN_INHERIT_ATTRS setting: 
07/06/26 18:25:09 DAGMAN_ABORT_DUPLICATES setting: True
07/06/26 18:25:09 DAGMAN_ABORT_ON_SCARY_SUBMIT setting: True
07/06/26 18:25:09 DAGMAN_PENDING_REPORT_INTERVAL setting: 600
07/06/26 18:25:09 DAGMAN_CHECK_QUEUE_INTERVAL setting: 28800
07/06/26 18:25:09 DAGMAN_PRINT_JOB_TABLE_INTERVAL setting: 900
07/06/26 18:25:09 DAGMAN_AUTO_RESCUE setting: True
07/06/26 18:25:09 DAGMAN_MAX_RESCUE_NUM setting: 100
07/06/26 18:25:09 DAGMAN_WRITE_PARTIAL_RESCUE setting: True
07/06/26 18:25:09 DAGMAN_RESET_RETRIES_UPON_RESCUE setting: True
07/06/26 18:25:09 DAGMAN_METRICS_FILE_VERSION setting: 2
07/06/26 18:25:09 DAGMAN_DEFAULT_NODE_LOG setting: @(DAG_DIR)/@(DAG_FILE).nodes.log
07/06/26 18:25:09 DAGMAN_LOG_ON_NFS_IS_ERROR setting: False
07/06/26 18:25:09 DAGMAN_GENERATE_SUBDAG_SUBMITS setting: True
07/06/26 18:25:09 DAGMAN_MAX_JOB_HOLDS setting: 100
07/06/26 18:25:09 DAGMAN_NODE_JOB_FAILURE_TOLERANCE setting: 0
07/06/26 18:25:09 DAGMAN_HOLD_CLAIM_TIME setting: 20
07/06/26 18:25:09 DAGMAN_SUPPRESS_JOB_LOGS setting: False
07/06/26 18:25:09 DAGMAN_REMOVE_NODE_JOBS setting: True
07/06/26 18:25:09 DAGMAN_PUT_FAILED_JOBS_ON_HOLD setting: False
07/06/26 18:25:09 DAGMAN_REMOVE_JOBS_AFTER_LIMIT_CHANGE setting: False
07/06/26 18:25:09 DAGMAN will adjust edges after parsing
07/06/26 18:25:09 argv[0] == "condor_scheduniv_exec.170256.0"
07/06/26 18:25:09 argv[1] == "-Lockfile"
07/06/26 18:25:09 argv[2] == "one_way_line_det_one_way_line_15_10_action_shield.dag.lock"
07/06/26 18:25:09 argv[3] == "-Dag"
07/06/26 18:25:09 argv[4] == "one_way_line_det_one_way_line_15_10_action_shield.dag"
07/06/26 18:25:09 argv[5] == "-CsdVersion"
07/06/26 18:25:09 argv[6] == "$CondorVersion: 24.12.19 2026-04-15 BuildID: 896241 PackageID: 24.12.19-1+deb12 GitSHA: c68f3e0e $"
07/06/26 18:25:09 argv[7] == "-dagman"
07/06/26 18:25:09 argv[8] == "/usr/bin/condor_dagman"
07/06/26 18:25:09 argv[9] == "-AutoRescue"
07/06/26 18:25:09 argv[10] == "1"
07/06/26 18:25:09 argv[11] == "-DoRescueFrom"
07/06/26 18:25:09 argv[12] == "0"
07/06/26 18:25:09 Can't open directory "/etc/condor/passwords.d" as PRIV_ROOT, errno: 13 (Permission denied)
07/06/26 18:25:09 Can't open directory "/etc/condor/passwords.d" as PRIV_ROOT, errno: 13 (Permission denied)
07/06/26 18:25:09 Workflow batch-id: <170256.0>
07/06/26 18:25:09 Workflow batch-name: <one_way_line_det_one_way_line_15_10_action_shield.dag+170256>
07/06/26 18:25:09 Workflow accounting_group: <teaching>
07/06/26 18:25:09 Workflow accounting_group_user: <atml_team041>
07/06/26 18:25:09 Warning: failed to get attribute DAGNodeName
07/06/26 18:25:09 Default node log file is: </home/atml_team041/condor_tutorial/jani_env/experiments/repair_wo_domain/submissions/action_shield/one_way_line_det/./one_way_line_det_one_way_line_15_10_action_shield.dag.nodes.log>
07/06/26 18:25:09 DAG Lockfile will be written to one_way_line_det_one_way_line_15_10_action_shield.dag.lock
07/06/26 18:25:09 DAG Input file is one_way_line_det_one_way_line_15_10_action_shield.dag
07/06/26 18:25:09 Parsing 1 dagfiles
07/06/26 18:25:09 Parsing one_way_line_det_one_way_line_15_10_action_shield.dag ...
07/06/26 18:25:09 Adjusting edges
07/06/26 18:25:09 Dag contains 5 total nodes
07/06/26 18:25:09 Bootstrapping...
07/06/26 18:25:09 Number of pre-completed nodes: 0
07/06/26 18:25:09 MultiLogFiles: truncating log file /home/atml_team041/condor_tutorial/jani_env/experiments/repair_wo_domain/submissions/action_shield/one_way_line_det/./one_way_line_det_one_way_line_15_10_action_shield.dag.nodes.log
07/06/26 18:25:09 DAG status: 0 (DAG_STATUS_OK)
07/06/26 18:25:09 Of 5 nodes total:
07/06/26 18:25:09  Done     Pre   Queued    Post   Ready   Un-Ready   Failed   Futile
07/06/26 18:25:09   ===     ===      ===     ===     ===        ===      ===      ===
07/06/26 18:25:09     0       0        0       0       1          4        0        0
07/06/26 18:25:09 0 job proc(s) currently held
07/06/26 18:25:09 DAGMan Runtime Statistics: [EventCycleTimeSum=0.000; SleepCycleTimeSum=0.000; SubmitCycleTimeSum=0.000; EventCycleTimeCount=0.000; SleepCycleTimeCount=0.000; SubmitCycleTimeCount=0.000; LogProcessCycleTimeSum=0.000; LogProcessCycleTimeCount=0.000; ]
07/06/26 18:25:09 Registering condor_event_timer...
07/06/26 18:25:10 Submitting HTCondor Node COLLECT job(s)...
07/06/26 18:25:10 Submitting node COLLECT from file one_way_line_det_one_way_line_15_10_action_shield_collect.sub using direct job submission
07/06/26 18:25:10 	assigned HTCondor ID (170265.0.0)
07/06/26 18:25:10 Just submitted 1 job this cycle...
07/06/26 18:25:10 DAG status: 0 (DAG_STATUS_OK)
07/06/26 18:25:10 Of 5 nodes total:
07/06/26 18:25:10  Done     Pre   Queued    Post   Ready   Un-Ready   Failed   Futile
07/06/26 18:25:10   ===     ===      ===     ===     ===        ===      ===      ===
07/06/26 18:25:10     0       0        1       0       0          4        0        0
07/06/26 18:25:10 0 job proc(s) currently held
07/06/26 18:25:10 DAGMan Runtime Statistics: [EventCycleTimeSum=0.000; SleepCycleTimeSum=0.000; SubmitCycleTimeAvg=0.130; SubmitCycleTimeMax=0.130; SubmitCycleTimeMin=0.130; SubmitCycleTimeStd=0.130; SubmitCycleTimeSum=0.130; EventCycleTimeCount=0.000; SleepCycleTimeCount=0.000; SubmitCycleTimeCount=1.000; LogProcessCycleTimeSum=0.000; LogProcessCycleTimeCount=0.000; ]
07/06/26 18:25:15 Currently monitoring 1 HTCondor log file(s)
07/06/26 18:25:15 Reassigning the id of job COLLECT from (170265.0.0) to (170265.0.0)
07/06/26 18:25:15 Event: ULOG_SUBMIT for HTCondor Node COLLECT (170265.0.0) {07/06/26 18:25:10}
07/06/26 18:25:15 Number of idle job procs: 1
07/06/26 18:25:15 Reassigning the id of job COLLECT from (170265.0.0) to (170265.1.0)
07/06/26 18:25:15 Event: ULOG_SUBMIT for HTCondor Node COLLECT (170265.1.0) {07/06/26 18:25:10}
07/06/26 18:25:15 Number of idle job procs: 2
07/06/26 18:25:15 Reassigning the id of job COLLECT from (170265.1.0) to (170265.10.0)
07/06/26 18:25:15 Event: ULOG_SUBMIT for HTCondor Node COLLECT (170265.10.0) {07/06/26 18:25:10}
07/06/26 18:25:15 Number of idle job procs: 3
07/06/26 18:25:15 Reassigning the id of job COLLECT from (170265.10.0) to (170265.11.0)
07/06/26 18:25:15 Event: ULOG_SUBMIT for HTCondor Node COLLECT (170265.11.0) {07/06/26 18:25:10}
07/06/26 18:25:15 Number of idle job procs: 4
07/06/26 18:25:15 Reassigning the id of job COLLECT from (170265.11.0) to (170265.12.0)
07/06/26 18:25:15 Event: ULOG_SUBMIT for HTCondor Node COLLECT (170265.12.0) {07/06/26 18:25:10}
07/06/26 18:25:15 Number of idle job procs: 5
07/06/26 18:25:15 Reassigning the id of job COLLECT from (170265.12.0) to (170265.13.0)
07/06/26 18:25:15 Event: ULOG_SUBMIT for HTCondor Node COLLECT (170265.13.0) {07/06/26 18:25:10}
07/06/26 18:25:15 Number of idle job procs: 6
07/06/26 18:25:15 Reassigning the id of job COLLECT from (170265.13.0) to (170265.14.0)
07/06/26 18:25:15 Event: ULOG_SUBMIT for HTCondor Node COLLECT (170265.14.0) {07/06/26 18:25:10}
07/06/26 18:25:15 Number of idle job procs: 7
07/06/26 18:25:15 Reassigning the id of job COLLECT from (170265.14.0) to (170265.15.0)
07/06/26 18:25:15 Event: ULOG_SUBMIT for HTCondor Node COLLECT (170265.15.0) {07/06/26 18:25:10}
07/06/26 18:25:15 Number of idle job procs: 8
07/06/26 18:25:15 Reassigning the id of job COLLECT from (170265.15.0) to (170265.16.0)
07/06/26 18:25:15 Event: ULOG_SUBMIT for HTCondor Node COLLECT (170265.16.0) {07/06/26 18:25:10}
07/06/26 18:25:15 Number of idle job procs: 9
07/06/26 18:25:15 Reassigning the id of job COLLECT from (170265.16.0) to (170265.17.0)
07/06/26 18:25:15 Event: ULOG_SUBMIT for HTCondor Node COLLECT (170265.17.0) {07/06/26 18:25:10}
07/06/26 18:25:15 Number of idle job procs: 10
07/06/26 18:25:15 Reassigning the id of job COLLECT from (170265.17.0) to (170265.18.0)
07/06/26 18:25:15 Event: ULOG_SUBMIT for HTCondor Node COLLECT (170265.18.0) {07/06/26 18:25:10}
07/06/26 18:25:15 Number of idle job procs: 11
07/06/26 18:25:15 Reassigning the id of job COLLECT from (170265.18.0) to (170265.19.0)
07/06/26 18:25:15 Event: ULOG_SUBMIT for HTCondor Node COLLECT (170265.19.0) {07/06/26 18:25:10}
07/06/26 18:25:15 Number of idle job procs: 12
07/06/26 18:25:15 Reassigning the id of job COLLECT from (170265.19.0) to (170265.2.0)
07/06/26 18:25:15 Event: ULOG_SUBMIT for HTCondor Node COLLECT (170265.2.0) {07/06/26 18:25:10}
07/06/26 18:25:15 Number of idle job procs: 13
07/06/26 18:25:15 Reassigning the id of job COLLECT from (170265.2.0) to (170265.20.0)
07/06/26 18:25:15 Event: ULOG_SUBMIT for HTCondor Node COLLECT (170265.20.0) {07/06/26 18:25:10}
07/06/26 18:25:15 Number of idle job procs: 14
07/06/26 18:25:15 Reassigning the id of job COLLECT from (170265.20.0) to (170265.21.0)
07/06/26 18:25:15 Event: ULOG_SUBMIT for HTCondor Node COLLECT (170265.21.0) {07/06/26 18:25:10}
07/06/26 18:25:15 Number of idle job procs: 15
07/06/26 18:25:15 Reassigning the id of job COLLECT from (170265.21.0) to (170265.22.0)
07/06/26 18:25:15 Event: ULOG_SUBMIT for HTCondor Node COLLECT (170265.22.0) {07/06/26 18:25:10}
07/06/26 18:25:15 Number of idle job procs: 16
07/06/26 18:25:15 Reassigning the id of job COLLECT from (170265.22.0) to (170265.23.0)
07/06/26 18:25:15 Event: ULOG_SUBMIT for HTCondor Node COLLECT (170265.23.0) {07/06/26 18:25:10}
07/06/26 18:25:15 Number of idle job procs: 17
07/06/26 18:25:15 Reassigning the id of job COLLECT from (170265.23.0) to (170265.24.0)
07/06/26 18:25:15 Event: ULOG_SUBMIT for HTCondor Node COLLECT (170265.24.0) {07/06/26 18:25:10}
07/06/26 18:25:15 Number of idle job procs: 18
07/06/26 18:25:15 Reassigning the id of job COLLECT from (170265.24.0) to (170265.25.0)
07/06/26 18:25:15 Event: ULOG_SUBMIT for HTCondor Node COLLECT (170265.25.0) {07/06/26 18:25:10}
07/06/26 18:25:15 Number of idle job procs: 19
07/06/26 18:25:15 Reassigning the id of job COLLECT from (170265.25.0) to (170265.26.0)
07/06/26 18:25:15 Event: ULOG_SUBMIT for HTCondor Node COLLECT (170265.26.0) {07/06/26 18:25:10}
07/06/26 18:25:15 Number of idle job procs: 20
07/06/26 18:25:15 Reassigning the id of job COLLECT from (170265.26.0) to (170265.27.0)
07/06/26 18:25:15 Event: ULOG_SUBMIT for HTCondor Node COLLECT (170265.27.0) {07/06/26 18:25:10}
07/06/26 18:25:15 Number of idle job procs: 21
07/06/26 18:25:15 Reassigning the id of job COLLECT from (170265.27.0) to (170265.28.0)
07/06/26 18:25:15 Event: ULOG_SUBMIT for HTCondor Node COLLECT (170265.28.0) {07/06/26 18:25:10}
07/06/26 18:25:15 Number of idle job procs: 22
07/06/26 18:25:15 Reassigning the id of job COLLECT from (170265.28.0) to (170265.29.0)
07/06/26 18:25:15 Event: ULOG_SUBMIT for HTCondor Node COLLECT (170265.29.0) {07/06/26 18:25:10}
07/06/26 18:25:15 Number of idle job procs: 23
07/06/26 18:25:15 Reassigning the id of job COLLECT from (170265.29.0) to (170265.3.0)
07/06/26 18:25:15 Event: ULOG_SUBMIT for HTCondor Node COLLECT (170265.3.0) {07/06/26 18:25:10}
07/06/26 18:25:15 Number of idle job procs: 24
07/06/26 18:25:15 Reassigning the id of job COLLECT from (170265.3.0) to (170265.30.0)
07/06/26 18:25:15 Event: ULOG_SUBMIT for HTCondor Node COLLECT (170265.30.0) {07/06/26 18:25:10}
07/06/26 18:25:15 Number of idle job procs: 25
07/06/26 18:25:15 Reassigning the id of job COLLECT from (170265.30.0) to (170265.31.0)
07/06/26 18:25:15 Event: ULOG_SUBMIT for HTCondor Node COLLECT (170265.31.0) {07/06/26 18:25:10}
07/06/26 18:25:15 Number of idle job procs: 26
07/06/26 18:25:15 Reassigning the id of job COLLECT from (170265.31.0) to (170265.32.0)
07/06/26 18:25:15 Event: ULOG_SUBMIT for HTCondor Node COLLECT (170265.32.0) {07/06/26 18:25:10}
07/06/26 18:25:15 Number of idle job procs: 27
07/06/26 18:25:15 Reassigning the id of job COLLECT from (170265.32.0) to (170265.33.0)
07/06/26 18:25:15 Event: ULOG_SUBMIT for HTCondor Node COLLECT (170265.33.0) {07/06/26 18:25:10}
07/06/26 18:25:15 Number of idle job procs: 28
07/06/26 18:25:15 Reassigning the id of job COLLECT from (170265.33.0) to (170265.34.0)
07/06/26 18:25:15 Event: ULOG_SUBMIT for HTCondor Node COLLECT (170265.34.0) {07/06/26 18:25:10}
07/06/26 18:25:15 Number of idle job procs: 29
07/06/26 18:25:15 Reassigning the id of job COLLECT from (170265.34.0) to (170265.35.0)
07/06/26 18:25:15 Event: ULOG_SUBMIT for HTCondor Node COLLECT (170265.35.0) {07/06/26 18:25:10}
07/06/26 18:25:15 Number of idle job procs: 30
07/06/26 18:25:15 Reassigning the id of job COLLECT from (170265.35.0) to (170265.36.0)
07/06/26 18:25:15 Event: ULOG_SUBMIT for HTCondor Node COLLECT (170265.36.0) {07/06/26 18:25:10}
07/06/26 18:25:15 Number of idle job procs: 31
07/06/26 18:25:15 Reassigning the id of job COLLECT from (170265.36.0) to (170265.37.0)
07/06/26 18:25:15 Event: ULOG_SUBMIT for HTCondor Node COLLECT (170265.37.0) {07/06/26 18:25:10}
07/06/26 18:25:15 Number of idle job procs: 32
07/06/26 18:25:15 Reassigning the id of job COLLECT from (170265.37.0) to (170265.38.0)
07/06/26 18:25:15 Event: ULOG_SUBMIT for HTCondor Node COLLECT (170265.38.0) {07/06/26 18:25:10}
07/06/26 18:25:15 Number of idle job procs: 33
07/06/26 18:25:15 Reassigning the id of job COLLECT from (170265.38.0) to (170265.39.0)
07/06/26 18:25:15 Event: ULOG_SUBMIT for HTCondor Node COLLECT (170265.39.0) {07/06/26 18:25:10}
07/06/26 18:25:15 Number of idle job procs: 34
07/06/26 18:25:15 Reassigning the id of job COLLECT from (170265.39.0) to (170265.4.0)
07/06/26 18:25:15 Event: ULOG_SUBMIT for HTCondor Node COLLECT (170265.4.0) {07/06/26 18:25:10}
07/06/26 18:25:15 Number of idle job procs: 35
07/06/26 18:25:15 Reassigning the id of job COLLECT from (170265.4.0) to (170265.5.0)
07/06/26 18:25:15 Event: ULOG_SUBMIT for HTCondor Node COLLECT (170265.5.0) {07/06/26 18:25:10}
07/06/26 18:25:15 Number of idle job procs: 36
07/06/26 18:25:15 Reassigning the id of job COLLECT from (170265.5.0) to (170265.6.0)
07/06/26 18:25:15 Event: ULOG_SUBMIT for HTCondor Node COLLECT (170265.6.0) {07/06/26 18:25:10}
07/06/26 18:25:15 Number of idle job procs: 37
07/06/26 18:25:15 Reassigning the id of job COLLECT from (170265.6.0) to (170265.7.0)
07/06/26 18:25:15 Event: ULOG_SUBMIT for HTCondor Node COLLECT (170265.7.0) {07/06/26 18:25:10}
07/06/26 18:25:15 Number of idle job procs: 38
07/06/26 18:25:15 Reassigning the id of job COLLECT from (170265.7.0) to (170265.8.0)
07/06/26 18:25:15 Event: ULOG_SUBMIT for HTCondor Node COLLECT (170265.8.0) {07/06/26 18:25:10}
07/06/26 18:25:15 Number of idle job procs: 39
07/06/26 18:25:15 Reassigning the id of job COLLECT from (170265.8.0) to (170265.9.0)
07/06/26 18:25:15 Event: ULOG_SUBMIT for HTCondor Node COLLECT (170265.9.0) {07/06/26 18:25:10}
07/06/26 18:25:15 Number of idle job procs: 40
07/06/26 18:35:16 601 seconds since last log event
07/06/26 18:35:16 Pending DAG nodes:
07/06/26 18:35:16   Node COLLECT, HTCondor ID 170265, status STATUS_SUBMITTED
07/06/26 18:40:12 Total jobs placed to AP: 40
07/06/26 18:40:12      Idle     Held     Running     Successful     Failed
07/06/26 18:40:12       ===      ===         ===            ===        ===
07/06/26 18:40:12        40        0           0              0          0
07/06/26 18:45:17 1202 seconds since last log event
07/06/26 18:45:17 Pending DAG nodes:
07/06/26 18:45:17   Node COLLECT, HTCondor ID 170265, status STATUS_SUBMITTED
07/06/26 18:55:12 Total jobs placed to AP: 40
07/06/26 18:55:12      Idle     Held     Running     Successful     Failed
07/06/26 18:55:12       ===      ===         ===            ===        ===
07/06/26 18:55:12        40        0           0              0          0
07/06/26 18:55:17 1802 seconds since last log event
07/06/26 18:55:17 Pending DAG nodes:
07/06/26 18:55:17   Node COLLECT, HTCondor ID 170265, status STATUS_SUBMITTED
07/06/26 19:05:18 2403 seconds since last log event
07/06/26 19:05:18 Pending DAG nodes:
07/06/26 19:05:18   Node COLLECT, HTCondor ID 170265, status STATUS_SUBMITTED
07/06/26 19:10:13 Total jobs placed to AP: 40
07/06/26 19:10:13      Idle     Held     Running     Successful     Failed
07/06/26 19:10:13       ===      ===         ===            ===        ===
07/06/26 19:10:13        40        0           0              0          0
07/06/26 19:15:18 3003 seconds since last log event
07/06/26 19:15:18 Pending DAG nodes:
07/06/26 19:15:18   Node COLLECT, HTCondor ID 170265, status STATUS_SUBMITTED
07/06/26 19:25:14 Total jobs placed to AP: 40
07/06/26 19:25:14      Idle     Held     Running     Successful     Failed
07/06/26 19:25:14       ===      ===         ===            ===        ===
07/06/26 19:25:14        40        0           0              0          0
07/06/26 19:25:19 3604 seconds since last log event
07/06/26 19:25:19 Pending DAG nodes:
07/06/26 19:25:19   Node COLLECT, HTCondor ID 170265, status STATUS_SUBMITTED
07/06/26 19:35:19 4204 seconds since last log event
07/06/26 19:35:19 Pending DAG nodes:
07/06/26 19:35:19   Node COLLECT, HTCondor ID 170265, status STATUS_SUBMITTED
07/06/26 19:40:15 Total jobs placed to AP: 40
07/06/26 19:40:15      Idle     Held     Running     Successful     Failed
07/06/26 19:40:15       ===      ===         ===            ===        ===
07/06/26 19:40:15        40        0           0              0          0
07/06/26 19:45:20 4805 seconds since last log event
07/06/26 19:45:20 Pending DAG nodes:
07/06/26 19:45:20   Node COLLECT, HTCondor ID 170265, status STATUS_SUBMITTED
07/06/26 19:55:15 Total jobs placed to AP: 40
07/06/26 19:55:15      Idle     Held     Running     Successful     Failed
07/06/26 19:55:15       ===      ===         ===            ===        ===
07/06/26 19:55:15        40        0           0              0          0
07/06/26 19:55:20 5405 seconds since last log event
07/06/26 19:55:20 Pending DAG nodes:
07/06/26 19:55:20   Node COLLECT, HTCondor ID 170265, status STATUS_SUBMITTED
07/06/26 20:05:20 6005 seconds since last log event
07/06/26 20:05:20 Pending DAG nodes:
07/06/26 20:05:20   Node COLLECT, HTCondor ID 170265, status STATUS_SUBMITTED
07/06/26 20:10:15 Total jobs placed to AP: 40
07/06/26 20:10:15      Idle     Held     Running     Successful     Failed
07/06/26 20:10:15       ===      ===         ===            ===        ===
07/06/26 20:10:15        40        0           0              0          0
07/06/26 20:15:21 6606 seconds since last log event
07/06/26 20:15:21 Pending DAG nodes:
07/06/26 20:15:21   Node COLLECT, HTCondor ID 170265, status STATUS_SUBMITTED
07/06/26 20:25:16 Total jobs placed to AP: 40
07/06/26 20:25:16      Idle     Held     Running     Successful     Failed
07/06/26 20:25:16       ===      ===         ===            ===        ===
07/06/26 20:25:16        40        0           0              0          0
07/06/26 20:25:21 7206 seconds since last log event
07/06/26 20:25:21 Pending DAG nodes:
07/06/26 20:25:21   Node COLLECT, HTCondor ID 170265, status STATUS_SUBMITTED
07/06/26 20:35:22 7807 seconds since last log event
07/06/26 20:35:22 Pending DAG nodes:
07/06/26 20:35:22   Node COLLECT, HTCondor ID 170265, status STATUS_SUBMITTED
07/06/26 20:40:17 Total jobs placed to AP: 40
07/06/26 20:40:17      Idle     Held     Running     Successful     Failed
07/06/26 20:40:17       ===      ===         ===            ===        ===
07/06/26 20:40:17        40        0           0              0          0
07/06/26 20:45:22 8407 seconds since last log event
07/06/26 20:45:22 Pending DAG nodes:
07/06/26 20:45:22   Node COLLECT, HTCondor ID 170265, status STATUS_SUBMITTED
07/06/26 20:55:18 Total jobs placed to AP: 40
07/06/26 20:55:18      Idle     Held     Running     Successful     Failed
07/06/26 20:55:18       ===      ===         ===            ===        ===
07/06/26 20:55:18        40        0           0              0          0
07/06/26 20:55:23 9008 seconds since last log event
07/06/26 20:55:23 Pending DAG nodes:
07/06/26 20:55:23   Node COLLECT, HTCondor ID 170265, status STATUS_SUBMITTED
07/06/26 21:05:23 9608 seconds since last log event
07/06/26 21:05:23 Pending DAG nodes:
07/06/26 21:05:23   Node COLLECT, HTCondor ID 170265, status STATUS_SUBMITTED
07/06/26 21:10:19 Total jobs placed to AP: 40
07/06/26 21:10:19      Idle     Held     Running     Successful     Failed
07/06/26 21:10:19       ===      ===         ===            ===        ===
07/06/26 21:10:19        40        0           0              0          0
07/06/26 21:15:24 10209 seconds since last log event
07/06/26 21:15:24 Pending DAG nodes:
07/06/26 21:15:24   Node COLLECT, HTCondor ID 170265, status STATUS_SUBMITTED
07/06/26 21:25:19 Total jobs placed to AP: 40
07/06/26 21:25:19      Idle     Held     Running     Successful     Failed
07/06/26 21:25:19       ===      ===         ===            ===        ===
07/06/26 21:25:19        40        0           0              0          0
07/06/26 21:25:25 10810 seconds since last log event
07/06/26 21:25:25 Pending DAG nodes:
07/06/26 21:25:25   Node COLLECT, HTCondor ID 170265, status STATUS_SUBMITTED
07/06/26 21:35:25 11410 seconds since last log event
07/06/26 21:35:25 Pending DAG nodes:
07/06/26 21:35:25   Node COLLECT, HTCondor ID 170265, status STATUS_SUBMITTED
07/06/26 21:40:20 Total jobs placed to AP: 40
07/06/26 21:40:20      Idle     Held     Running     Successful     Failed
07/06/26 21:40:20       ===      ===         ===            ===        ===
07/06/26 21:40:20        40        0           0              0          0
07/06/26 21:45:26 12011 seconds since last log event
07/06/26 21:45:26 Pending DAG nodes:
07/06/26 21:45:26   Node COLLECT, HTCondor ID 170265, status STATUS_SUBMITTED
07/06/26 21:55:21 Total jobs placed to AP: 40
07/06/26 21:55:21      Idle     Held     Running     Successful     Failed
07/06/26 21:55:21       ===      ===         ===            ===        ===
07/06/26 21:55:21        40        0           0              0          0
07/06/26 21:55:26 12611 seconds since last log event
07/06/26 21:55:26 Pending DAG nodes:
07/06/26 21:55:26   Node COLLECT, HTCondor ID 170265, status STATUS_SUBMITTED
07/06/26 22:05:26 13211 seconds since last log event
07/06/26 22:05:26 Pending DAG nodes:
07/06/26 22:05:26   Node COLLECT, HTCondor ID 170265, status STATUS_SUBMITTED
07/06/26 22:10:21 Total jobs placed to AP: 40
07/06/26 22:10:21      Idle     Held     Running     Successful     Failed
07/06/26 22:10:21       ===      ===         ===            ===        ===
07/06/26 22:10:21        40        0           0              0          0
07/06/26 22:15:26 13811 seconds since last log event
07/06/26 22:15:26 Pending DAG nodes:
07/06/26 22:15:26   Node COLLECT, HTCondor ID 170265, status STATUS_SUBMITTED
07/06/26 22:25:22 Total jobs placed to AP: 40
07/06/26 22:25:22      Idle     Held     Running     Successful     Failed
07/06/26 22:25:22       ===      ===         ===            ===        ===
07/06/26 22:25:22        40        0           0              0          0
07/06/26 22:25:27 14412 seconds since last log event
07/06/26 22:25:27 Pending DAG nodes:
07/06/26 22:25:27   Node COLLECT, HTCondor ID 170265, status STATUS_SUBMITTED
07/06/26 22:35:30 15015 seconds since last log event
07/06/26 22:35:41 Pending DAG nodes:
07/06/26 22:35:41   Node COLLECT, HTCondor ID 170265, status STATUS_SUBMITTED
07/06/26 22:40:24 Total jobs placed to AP: 40
07/06/26 22:40:24      Idle     Held     Running     Successful     Failed
07/06/26 22:40:24       ===      ===         ===            ===        ===
07/06/26 22:40:24        40        0           0              0          0
07/06/26 22:45:30 15615 seconds since last log event
07/06/26 22:45:30 Pending DAG nodes:
07/06/26 22:45:30   Node COLLECT, HTCondor ID 170265, status STATUS_SUBMITTED
07/06/26 22:55:25 Total jobs placed to AP: 40
07/06/26 22:55:25      Idle     Held     Running     Successful     Failed
07/06/26 22:55:25       ===      ===         ===            ===        ===
07/06/26 22:55:25        40        0           0              0          0
07/06/26 22:55:30 16215 seconds since last log event
07/06/26 22:55:30 Pending DAG nodes:
07/06/26 22:55:30   Node COLLECT, HTCondor ID 170265, status STATUS_SUBMITTED
07/06/26 23:05:31 16816 seconds since last log event
07/06/26 23:05:31 Pending DAG nodes:
07/06/26 23:05:31   Node COLLECT, HTCondor ID 170265, status STATUS_SUBMITTED
07/06/26 23:10:26 Total jobs placed to AP: 40
07/06/26 23:10:26      Idle     Held     Running     Successful     Failed
07/06/26 23:10:26       ===      ===         ===            ===        ===
07/06/26 23:10:26        40        0           0              0          0
07/06/26 23:15:31 17416 seconds since last log event
07/06/26 23:15:31 Pending DAG nodes:
07/06/26 23:15:31   Node COLLECT, HTCondor ID 170265, status STATUS_SUBMITTED
07/06/26 23:25:26 Total jobs placed to AP: 40
07/06/26 23:25:26      Idle     Held     Running     Successful     Failed
07/06/26 23:25:26       ===      ===         ===            ===        ===
07/06/26 23:25:26        40        0           0              0          0
07/06/26 23:25:31 18016 seconds since last log event
07/06/26 23:25:31 Pending DAG nodes:
07/06/26 23:25:31   Node COLLECT, HTCondor ID 170265, status STATUS_SUBMITTED
07/06/26 23:35:31 18616 seconds since last log event
07/06/26 23:35:31 Pending DAG nodes:
07/06/26 23:35:31   Node COLLECT, HTCondor ID 170265, status STATUS_SUBMITTED
07/06/26 23:40:26 Total jobs placed to AP: 40
07/06/26 23:40:26      Idle     Held     Running     Successful     Failed
07/06/26 23:40:26       ===      ===         ===            ===        ===
07/06/26 23:40:26        40        0           0              0          0
07/06/26 23:45:32 19217 seconds since last log event
07/06/26 23:45:32 Pending DAG nodes:
07/06/26 23:45:32   Node COLLECT, HTCondor ID 170265, status STATUS_SUBMITTED
07/06/26 23:55:27 Total jobs placed to AP: 40
07/06/26 23:55:27      Idle     Held     Running     Successful     Failed
07/06/26 23:55:27       ===      ===         ===            ===        ===
07/06/26 23:55:27        40        0           0              0          0
07/06/26 23:55:32 19817 seconds since last log event
07/06/26 23:55:32 Pending DAG nodes:
07/06/26 23:55:32   Node COLLECT, HTCondor ID 170265, status STATUS_SUBMITTED
07/07/26 00:05:33 20418 seconds since last log event
07/07/26 00:05:33 Pending DAG nodes:
07/07/26 00:05:33   Node COLLECT, HTCondor ID 170265, status STATUS_SUBMITTED
07/07/26 00:10:28 Total jobs placed to AP: 40
07/07/26 00:10:28      Idle     Held     Running     Successful     Failed
07/07/26 00:10:28       ===      ===         ===            ===        ===
07/07/26 00:10:28        40        0           0              0          0
07/07/26 00:15:33 21018 seconds since last log event
07/07/26 00:15:33 Pending DAG nodes:
07/07/26 00:15:33   Node COLLECT, HTCondor ID 170265, status STATUS_SUBMITTED
07/07/26 00:25:29 Total jobs placed to AP: 40
07/07/26 00:25:29      Idle     Held     Running     Successful     Failed
07/07/26 00:25:29       ===      ===         ===            ===        ===
07/07/26 00:25:29        40        0           0              0          0
07/07/26 00:25:34 21619 seconds since last log event
07/07/26 00:25:34 Pending DAG nodes:
07/07/26 00:25:34   Node COLLECT, HTCondor ID 170265, status STATUS_SUBMITTED
07/07/26 00:35:34 22219 seconds since last log event
07/07/26 00:35:34 Pending DAG nodes:
07/07/26 00:35:34   Node COLLECT, HTCondor ID 170265, status STATUS_SUBMITTED
07/07/26 00:40:30 Total jobs placed to AP: 40
07/07/26 00:40:30      Idle     Held     Running     Successful     Failed
07/07/26 00:40:30       ===      ===         ===            ===        ===
07/07/26 00:40:30        40        0           0              0          0
07/07/26 00:45:35 22820 seconds since last log event
07/07/26 00:45:35 Pending DAG nodes:
07/07/26 00:45:35   Node COLLECT, HTCondor ID 170265, status STATUS_SUBMITTED
07/07/26 00:55:30 Total jobs placed to AP: 40
07/07/26 00:55:30      Idle     Held     Running     Successful     Failed
07/07/26 00:55:30       ===      ===         ===            ===        ===
07/07/26 00:55:30        40        0           0              0          0
07/07/26 00:55:35 23420 seconds since last log event
07/07/26 00:55:35 Pending DAG nodes:
07/07/26 00:55:35   Node COLLECT, HTCondor ID 170265, status STATUS_SUBMITTED
07/07/26 01:05:36 24021 seconds since last log event
07/07/26 01:05:36 Pending DAG nodes:
07/07/26 01:05:36   Node COLLECT, HTCondor ID 170265, status STATUS_SUBMITTED
07/07/26 01:10:31 Total jobs placed to AP: 40
07/07/26 01:10:31      Idle     Held     Running     Successful     Failed
07/07/26 01:10:31       ===      ===         ===            ===        ===
07/07/26 01:10:31        40        0           0              0          0
07/07/26 01:15:36 24621 seconds since last log event
07/07/26 01:15:36 Pending DAG nodes:
07/07/26 01:15:36   Node COLLECT, HTCondor ID 170265, status STATUS_SUBMITTED
07/07/26 01:25:32 Total jobs placed to AP: 40
07/07/26 01:25:32      Idle     Held     Running     Successful     Failed
07/07/26 01:25:32       ===      ===         ===            ===        ===
07/07/26 01:25:32        40        0           0              0          0
07/07/26 01:25:37 25222 seconds since last log event
07/07/26 01:25:37 Pending DAG nodes:
07/07/26 01:25:37   Node COLLECT, HTCondor ID 170265, status STATUS_SUBMITTED
07/07/26 01:35:37 25822 seconds since last log event
07/07/26 01:35:37 Pending DAG nodes:
07/07/26 01:35:37   Node COLLECT, HTCondor ID 170265, status STATUS_SUBMITTED
07/07/26 01:40:33 Total jobs placed to AP: 40
07/07/26 01:40:33      Idle     Held     Running     Successful     Failed
07/07/26 01:40:33       ===      ===         ===            ===        ===
07/07/26 01:40:33        40        0           0              0          0
07/07/26 01:45:38 26423 seconds since last log event
07/07/26 01:45:38 Pending DAG nodes:
07/07/26 01:45:38   Node COLLECT, HTCondor ID 170265, status STATUS_SUBMITTED
07/07/26 01:55:34 Total jobs placed to AP: 40
07/07/26 01:55:34      Idle     Held     Running     Successful     Failed
07/07/26 01:55:34       ===      ===         ===            ===        ===
07/07/26 01:55:34        40        0           0              0          0
07/07/26 01:55:39 27024 seconds since last log event
07/07/26 01:55:39 Pending DAG nodes:
07/07/26 01:55:39   Node COLLECT, HTCondor ID 170265, status STATUS_SUBMITTED
07/07/26 02:05:39 27624 seconds since last log event
07/07/26 02:05:39 Pending DAG nodes:
07/07/26 02:05:39   Node COLLECT, HTCondor ID 170265, status STATUS_SUBMITTED
07/07/26 02:10:34 Total jobs placed to AP: 40
07/07/26 02:10:34      Idle     Held     Running     Successful     Failed
07/07/26 02:10:34       ===      ===         ===            ===        ===
07/07/26 02:10:34        40        0           0              0          0
07/07/26 02:15:40 28225 seconds since last log event
07/07/26 02:15:40 Pending DAG nodes:
07/07/26 02:15:40   Node COLLECT, HTCondor ID 170265, status STATUS_SUBMITTED
07/07/26 02:25:35 Total jobs placed to AP: 40
07/07/26 02:25:35      Idle     Held     Running     Successful     Failed
07/07/26 02:25:35       ===      ===         ===            ===        ===
07/07/26 02:25:35        40        0           0              0          0
07/07/26 02:25:40 28825 seconds since last log event
07/07/26 02:25:40 Pending DAG nodes:
07/07/26 02:25:40   Node COLLECT, HTCondor ID 170265, status STATUS_SUBMITTED
07/07/26 02:25:40 Querying local schedd for associated jobs in queue
07/07/26 02:25:40 All pending job states validated
07/07/26 02:35:41 29426 seconds since last log event
07/07/26 02:35:41 Pending DAG nodes:
07/07/26 02:35:41   Node COLLECT, HTCondor ID 170265, status STATUS_SUBMITTED
07/07/26 02:37:26 Currently monitoring 1 HTCondor log file(s)
07/07/26 02:37:26 Event: ULOG_EXECUTE for HTCondor Node COLLECT (170265.0.0) {07/07/26 02:37:24}
07/07/26 02:37:26 Number of idle job procs: 39
07/07/26 02:38:26 Currently monitoring 1 HTCondor log file(s)
07/07/26 02:38:26 Event: ULOG_EXECUTE for HTCondor Node COLLECT (170265.1.0) {07/07/26 02:38:25}
07/07/26 02:38:26 Number of idle job procs: 38
07/07/26 02:40:36 Total jobs placed to AP: 40
07/07/26 02:40:36      Idle     Held     Running     Successful     Failed
07/07/26 02:40:36       ===      ===         ===            ===        ===
07/07/26 02:40:36        38        0           2              0          0
07/07/26 02:45:31 Currently monitoring 1 HTCondor log file(s)
07/07/26 02:45:31 Event: ULOG_JOB_TERMINATED for HTCondor Node COLLECT (170265.0.0) {07/07/26 02:45:30}
07/07/26 02:45:31 Number of idle job procs: 38
07/07/26 02:45:31 Node COLLECT job proc (170265.0.0) completed successfully.
07/07/26 02:45:31 Event: ULOG_EXECUTE for HTCondor Node COLLECT (170265.2.0) {07/07/26 02:45:31}
07/07/26 02:45:31 Number of idle job procs: 37
07/07/26 02:46:46 Currently monitoring 1 HTCondor log file(s)
07/07/26 02:46:46 Event: ULOG_EXECUTE for HTCondor Node COLLECT (170265.3.0) {07/07/26 02:46:45}
07/07/26 02:46:46 Number of idle job procs: 36
07/07/26 02:46:51 Currently monitoring 1 HTCondor log file(s)
07/07/26 02:46:51 Event: ULOG_JOB_TERMINATED for HTCondor Node COLLECT (170265.1.0) {07/07/26 02:46:48}
07/07/26 02:46:51 Number of idle job procs: 36
07/07/26 02:46:51 Node COLLECT job proc (170265.1.0) completed successfully.
07/07/26 02:46:51 Event: ULOG_EXECUTE for HTCondor Node COLLECT (170265.4.0) {07/07/26 02:46:50}
07/07/26 02:46:51 Number of idle job procs: 35
07/07/26 02:51:07 Currently monitoring 1 HTCondor log file(s)
07/07/26 02:51:07 Event: ULOG_EXECUTE for HTCondor Node COLLECT (170265.5.0) {07/07/26 02:51:04}
07/07/26 02:51:07 Number of idle job procs: 34
07/07/26 02:53:52 Currently monitoring 1 HTCondor log file(s)
07/07/26 02:53:52 Event: ULOG_JOB_TERMINATED for HTCondor Node COLLECT (170265.2.0) {07/07/26 02:53:47}
07/07/26 02:53:52 Number of idle job procs: 34
07/07/26 02:53:52 Node COLLECT job proc (170265.2.0) completed successfully.
07/07/26 02:53:52 Event: ULOG_EXECUTE for HTCondor Node COLLECT (170265.6.0) {07/07/26 02:53:48}
07/07/26 02:53:52 Number of idle job procs: 33
07/07/26 02:55:07 Currently monitoring 1 HTCondor log file(s)
07/07/26 02:55:07 Event: ULOG_EXECUTE for HTCondor Node COLLECT (170265.7.0) {07/07/26 02:55:05}
07/07/26 02:55:07 Number of idle job procs: 32
07/07/26 02:55:37 Total jobs placed to AP: 40
07/07/26 02:55:37      Idle     Held     Running     Successful     Failed
07/07/26 02:55:37       ===      ===         ===            ===        ===
07/07/26 02:55:37        32        0           5              3          0
07/07/26 02:57:07 Currently monitoring 1 HTCondor log file(s)
07/07/26 02:57:07 Event: ULOG_EXECUTE for HTCondor Node COLLECT (170265.8.0) {07/07/26 02:57:05}
07/07/26 02:57:07 Number of idle job procs: 31
07/07/26 02:57:57 Currently monitoring 1 HTCondor log file(s)
07/07/26 02:57:57 Event: ULOG_JOB_TERMINATED for HTCondor Node COLLECT (170265.4.0) {07/07/26 02:57:54}
07/07/26 02:57:57 Number of idle job procs: 31
07/07/26 02:57:57 Node COLLECT job proc (170265.4.0) completed successfully.
07/07/26 02:57:57 Event: ULOG_JOB_TERMINATED for HTCondor Node COLLECT (170265.3.0) {07/07/26 02:57:54}
07/07/26 02:57:57 Number of idle job procs: 31
07/07/26 02:57:57 Node COLLECT job proc (170265.3.0) completed successfully.
07/07/26 02:57:57 Event: ULOG_EXECUTE for HTCondor Node COLLECT (170265.9.0) {07/07/26 02:57:55}
07/07/26 02:57:57 Number of idle job procs: 30
07/07/26 02:57:57 Event: ULOG_EXECUTE for HTCondor Node COLLECT (170265.10.0) {07/07/26 02:57:56}
07/07/26 02:57:57 Number of idle job procs: 29
07/07/26 02:58:07 Currently monitoring 1 HTCondor log file(s)
07/07/26 02:58:07 Event: ULOG_EXECUTE for HTCondor Node COLLECT (170265.11.0) {07/07/26 02:58:05}
07/07/26 02:58:07 Number of idle job procs: 28
07/07/26 02:59:57 Currently monitoring 1 HTCondor log file(s)
07/07/26 02:59:57 Event: ULOG_JOB_TERMINATED for HTCondor Node COLLECT (170265.5.0) {07/07/26 02:59:56}
07/07/26 02:59:57 Number of idle job procs: 28
07/07/26 02:59:57 Node COLLECT job proc (170265.5.0) completed successfully.
07/07/26 03:00:02 Currently monitoring 1 HTCondor log file(s)
07/07/26 03:00:02 Event: ULOG_EXECUTE for HTCondor Node COLLECT (170265.12.0) {07/07/26 02:59:57}
07/07/26 03:00:02 Number of idle job procs: 27
07/07/26 03:00:07 Currently monitoring 1 HTCondor log file(s)
07/07/26 03:00:07 Event: ULOG_EXECUTE for HTCondor Node COLLECT (170265.13.0) {07/07/26 03:00:05}
07/07/26 03:00:07 Number of idle job procs: 26
07/07/26 03:01:07 Currently monitoring 1 HTCondor log file(s)
07/07/26 03:01:07 Event: ULOG_EXECUTE for HTCondor Node COLLECT (170265.14.0) {07/07/26 03:01:05}
07/07/26 03:01:07 Number of idle job procs: 25
07/07/26 03:02:07 Currently monitoring 1 HTCondor log file(s)
07/07/26 03:02:07 Event: ULOG_JOB_TERMINATED for HTCondor Node COLLECT (170265.6.0) {07/07/26 03:02:04}
07/07/26 03:02:07 Number of idle job procs: 25
07/07/26 03:02:07 Node COLLECT job proc (170265.6.0) completed successfully.
07/07/26 03:02:32 Currently monitoring 1 HTCondor log file(s)
07/07/26 03:02:32 Event: ULOG_EXECUTE for HTCondor Node COLLECT (170265.15.0) {07/07/26 03:02:31}
07/07/26 03:02:32 Number of idle job procs: 24
07/07/26 03:03:32 Currently monitoring 1 HTCondor log file(s)
07/07/26 03:03:32 Event: ULOG_EXECUTE for HTCondor Node COLLECT (170265.16.0) {07/07/26 03:03:30}
07/07/26 03:03:32 Number of idle job procs: 23
07/07/26 03:04:02 Currently monitoring 1 HTCondor log file(s)
07/07/26 03:04:02 Event: ULOG_JOB_TERMINATED for HTCondor Node COLLECT (170265.7.0) {07/07/26 03:04:00}
07/07/26 03:04:02 Number of idle job procs: 23
07/07/26 03:04:02 Node COLLECT job proc (170265.7.0) completed successfully.
07/07/26 03:04:02 Event: ULOG_EXECUTE for HTCondor Node COLLECT (170265.17.0) {07/07/26 03:04:01}
07/07/26 03:04:02 Number of idle job procs: 22
07/07/26 03:04:32 Currently monitoring 1 HTCondor log file(s)
07/07/26 03:04:32 Event: ULOG_EXECUTE for HTCondor Node COLLECT (170265.18.0) {07/07/26 03:04:30}
07/07/26 03:04:32 Number of idle job procs: 21
07/07/26 03:06:03 Currently monitoring 1 HTCondor log file(s)
07/07/26 03:06:03 Event: ULOG_JOB_TERMINATED for HTCondor Node COLLECT (170265.8.0) {07/07/26 03:05:58}
07/07/26 03:06:03 Number of idle job procs: 21
07/07/26 03:06:03 Node COLLECT job proc (170265.8.0) completed successfully.
07/07/26 03:06:03 Event: ULOG_EXECUTE for HTCondor Node COLLECT (170265.19.0) {07/07/26 03:06:00}
07/07/26 03:06:03 Number of idle job procs: 20
07/07/26 03:06:28 Currently monitoring 1 HTCondor log file(s)
07/07/26 03:06:28 Event: ULOG_JOB_TERMINATED for HTCondor Node COLLECT (170265.10.0) {07/07/26 03:06:23}
07/07/26 03:06:28 Number of idle job procs: 20
07/07/26 03:06:28 Node COLLECT job proc (170265.10.0) completed successfully.
07/07/26 03:06:28 Event: ULOG_JOB_TERMINATED for HTCondor Node COLLECT (170265.9.0) {07/07/26 03:06:24}
07/07/26 03:06:28 Number of idle job procs: 20
07/07/26 03:06:28 Node COLLECT job proc (170265.9.0) completed successfully.
07/07/26 03:06:28 Event: ULOG_EXECUTE for HTCondor Node COLLECT (170265.20.0) {07/07/26 03:06:24}
07/07/26 03:06:28 Number of idle job procs: 19
07/07/26 03:06:53 Currently monitoring 1 HTCondor log file(s)
07/07/26 03:06:53 Event: ULOG_EXECUTE for HTCondor Node COLLECT (170265.21.0) {07/07/26 03:06:50}
07/07/26 03:06:53 Number of idle job procs: 18
07/07/26 03:06:53 Event: ULOG_EXECUTE for HTCondor Node COLLECT (170265.22.0) {07/07/26 03:06:51}
07/07/26 03:06:53 Number of idle job procs: 17
07/07/26 03:06:53 Event: ULOG_JOB_TERMINATED for HTCondor Node COLLECT (170265.11.0) {07/07/26 03:06:52}
07/07/26 03:06:53 Number of idle job procs: 17
07/07/26 03:06:53 Node COLLECT job proc (170265.11.0) completed successfully.
07/07/26 03:06:58 Currently monitoring 1 HTCondor log file(s)
07/07/26 03:06:58 Event: ULOG_EXECUTE for HTCondor Node COLLECT (170265.23.0) {07/07/26 03:06:54}
07/07/26 03:06:58 Number of idle job procs: 16
07/07/26 03:08:43 Currently monitoring 1 HTCondor log file(s)
07/07/26 03:08:43 Event: ULOG_JOB_TERMINATED for HTCondor Node COLLECT (170265.13.0) {07/07/26 03:08:41}
07/07/26 03:08:43 Number of idle job procs: 16
07/07/26 03:08:43 Node COLLECT job proc (170265.13.0) completed successfully.
07/07/26 03:08:48 Currently monitoring 1 HTCondor log file(s)
07/07/26 03:08:48 Event: ULOG_EXECUTE for HTCondor Node COLLECT (170265.24.0) {07/07/26 03:08:43}
07/07/26 03:08:48 Number of idle job procs: 15
07/07/26 03:08:48 Event: ULOG_JOB_TERMINATED for HTCondor Node COLLECT (170265.12.0) {07/07/26 03:08:44}
07/07/26 03:08:48 Number of idle job procs: 15
07/07/26 03:08:48 Node COLLECT job proc (170265.12.0) completed successfully.
07/07/26 03:08:48 Event: ULOG_EXECUTE for HTCondor Node COLLECT (170265.25.0) {07/07/26 03:08:46}
07/07/26 03:08:48 Number of idle job procs: 14
07/07/26 03:09:53 Currently monitoring 1 HTCondor log file(s)
07/07/26 03:09:53 Event: ULOG_JOB_TERMINATED for HTCondor Node COLLECT (170265.14.0) {07/07/26 03:09:53}
07/07/26 03:09:53 Number of idle job procs: 14
07/07/26 03:09:53 Node COLLECT job proc (170265.14.0) completed successfully.
07/07/26 03:09:58 Currently monitoring 1 HTCondor log file(s)
07/07/26 03:09:58 Event: ULOG_EXECUTE for HTCondor Node COLLECT (170265.26.0) {07/07/26 03:09:54}
07/07/26 03:09:58 Number of idle job procs: 13
07/07/26 03:10:38 Currently monitoring 1 HTCondor log file(s)
07/07/26 03:10:38 Event: ULOG_JOB_TERMINATED for HTCondor Node COLLECT (170265.15.0) {07/07/26 03:10:35}
07/07/26 03:10:38 Number of idle job procs: 13
07/07/26 03:10:38 Node COLLECT job proc (170265.15.0) completed successfully.
07/07/26 03:10:38 Event: ULOG_EXECUTE for HTCondor Node COLLECT (170265.27.0) {07/07/26 03:10:36}
07/07/26 03:10:38 Number of idle job procs: 12
07/07/26 03:10:38 Total jobs placed to AP: 40
07/07/26 03:10:38      Idle     Held     Running     Successful     Failed
07/07/26 03:10:38       ===      ===         ===            ===        ===
07/07/26 03:10:38        12        0          12             16          0
07/07/26 03:12:28 Currently monitoring 1 HTCondor log file(s)
07/07/26 03:12:28 Event: ULOG_JOB_TERMINATED for HTCondor Node COLLECT (170265.16.0) {07/07/26 03:12:24}
07/07/26 03:12:28 Number of idle job procs: 12
07/07/26 03:12:28 Node COLLECT job proc (170265.16.0) completed successfully.
07/07/26 03:12:28 Event: ULOG_EXECUTE for HTCondor Node COLLECT (170265.28.0) {07/07/26 03:12:25}
07/07/26 03:12:28 Number of idle job procs: 11
07/07/26 03:12:53 Currently monitoring 1 HTCondor log file(s)
07/07/26 03:12:53 Event: ULOG_JOB_TERMINATED for HTCondor Node COLLECT (170265.17.0) {07/07/26 03:12:52}
07/07/26 03:12:53 Number of idle job procs: 11
07/07/26 03:12:53 Node COLLECT job proc (170265.17.0) completed successfully.
07/07/26 03:12:53 Event: ULOG_EXECUTE for HTCondor Node COLLECT (170265.29.0) {07/07/26 03:12:53}
07/07/26 03:12:53 Number of idle job procs: 10
07/07/26 03:13:13 Currently monitoring 1 HTCondor log file(s)
07/07/26 03:13:13 Event: ULOG_JOB_TERMINATED for HTCondor Node COLLECT (170265.18.0) {07/07/26 03:13:11}
07/07/26 03:13:13 Number of idle job procs: 10
07/07/26 03:13:13 Node COLLECT job proc (170265.18.0) completed successfully.
07/07/26 03:13:13 Event: ULOG_EXECUTE for HTCondor Node COLLECT (170265.30.0) {07/07/26 03:13:12}
07/07/26 03:13:13 Number of idle job procs: 9
07/07/26 03:14:33 Currently monitoring 1 HTCondor log file(s)
07/07/26 03:14:33 Event: ULOG_JOB_TERMINATED for HTCondor Node COLLECT (170265.22.0) {07/07/26 03:14:29}
07/07/26 03:14:33 Number of idle job procs: 9
07/07/26 03:14:33 Node COLLECT job proc (170265.22.0) completed successfully.
07/07/26 03:14:33 Event: ULOG_EXECUTE for HTCondor Node COLLECT (170265.31.0) {07/07/26 03:14:30}
07/07/26 03:14:33 Number of idle job procs: 8
07/07/26 03:14:43 Currently monitoring 1 HTCondor log file(s)
07/07/26 03:14:43 Event: ULOG_JOB_TERMINATED for HTCondor Node COLLECT (170265.20.0) {07/07/26 03:14:42}
07/07/26 03:14:43 Number of idle job procs: 8
07/07/26 03:14:43 Node COLLECT job proc (170265.20.0) completed successfully.
07/07/26 03:15:03 Currently monitoring 1 HTCondor log file(s)
07/07/26 03:15:03 Event: ULOG_JOB_TERMINATED for HTCondor Node COLLECT (170265.19.0) {07/07/26 03:15:00}
07/07/26 03:15:03 Number of idle job procs: 8
07/07/26 03:15:03 Node COLLECT job proc (170265.19.0) completed successfully.
07/07/26 03:15:03 Event: ULOG_EXECUTE for HTCondor Node COLLECT (170265.32.0) {07/07/26 03:15:01}
07/07/26 03:15:03 Number of idle job procs: 7
07/07/26 03:15:38 Currently monitoring 1 HTCondor log file(s)
07/07/26 03:15:38 Event: ULOG_JOB_TERMINATED for HTCondor Node COLLECT (170265.23.0) {07/07/26 03:15:37}
07/07/26 03:15:38 Number of idle job procs: 7
07/07/26 03:15:38 Node COLLECT job proc (170265.23.0) completed successfully.
07/07/26 03:15:38 Event: ULOG_EXECUTE for HTCondor Node COLLECT (170265.33.0) {07/07/26 03:15:38}
07/07/26 03:15:38 Number of idle job procs: 6
07/07/26 03:15:48 Currently monitoring 1 HTCondor log file(s)
07/07/26 03:15:48 Event: ULOG_JOB_TERMINATED for HTCondor Node COLLECT (170265.21.0) {07/07/26 03:15:48}
07/07/26 03:15:48 Number of idle job procs: 6
07/07/26 03:15:48 Node COLLECT job proc (170265.21.0) completed successfully.
07/07/26 03:15:53 Currently monitoring 1 HTCondor log file(s)
07/07/26 03:15:53 Event: ULOG_EXECUTE for HTCondor Node COLLECT (170265.34.0) {07/07/26 03:15:49}
07/07/26 03:15:53 Number of idle job procs: 5
07/07/26 03:17:28 Currently monitoring 1 HTCondor log file(s)
07/07/26 03:17:28 Event: ULOG_JOB_TERMINATED for HTCondor Node COLLECT (170265.24.0) {07/07/26 03:17:26}
07/07/26 03:17:28 Number of idle job procs: 5
07/07/26 03:17:28 Node COLLECT job proc (170265.24.0) completed successfully.
07/07/26 03:17:33 Currently monitoring 1 HTCondor log file(s)
07/07/26 03:17:33 Event: ULOG_EXECUTE for HTCondor Node COLLECT (170265.35.0) {07/07/26 03:17:28}
07/07/26 03:17:33 Number of idle job procs: 4
07/07/26 03:17:48 Currently monitoring 1 HTCondor log file(s)
07/07/26 03:17:48 Event: ULOG_JOB_TERMINATED for HTCondor Node COLLECT (170265.25.0) {07/07/26 03:17:44}
07/07/26 03:17:48 Number of idle job procs: 4
07/07/26 03:17:48 Node COLLECT job proc (170265.25.0) completed successfully.
07/07/26 03:18:18 Currently monitoring 1 HTCondor log file(s)
07/07/26 03:18:18 Event: ULOG_JOB_TERMINATED for HTCondor Node COLLECT (170265.26.0) {07/07/26 03:18:16}
07/07/26 03:18:18 Number of idle job procs: 4
07/07/26 03:18:18 Node COLLECT job proc (170265.26.0) completed successfully.
07/07/26 03:18:18 Event: ULOG_EXECUTE for HTCondor Node COLLECT (170265.36.0) {07/07/26 03:18:17}
07/07/26 03:18:18 Number of idle job procs: 3
07/07/26 03:18:43 Currently monitoring 1 HTCondor log file(s)
07/07/26 03:18:43 Event: ULOG_EXECUTE for HTCondor Node COLLECT (170265.37.0) {07/07/26 03:18:42}
07/07/26 03:18:43 Number of idle job procs: 2
07/07/26 03:19:08 Currently monitoring 1 HTCondor log file(s)
07/07/26 03:19:08 Event: ULOG_JOB_TERMINATED for HTCondor Node COLLECT (170265.27.0) {07/07/26 03:19:04}
07/07/26 03:19:08 Number of idle job procs: 2
07/07/26 03:19:08 Node COLLECT job proc (170265.27.0) completed successfully.
07/07/26 03:19:08 Event: ULOG_EXECUTE for HTCondor Node COLLECT (170265.38.0) {07/07/26 03:19:05}
07/07/26 03:19:08 Number of idle job procs: 1
07/07/26 03:20:43 Currently monitoring 1 HTCondor log file(s)
07/07/26 03:20:43 Event: ULOG_EXECUTE for HTCondor Node COLLECT (170265.39.0) {07/07/26 03:20:43}
07/07/26 03:20:43 Number of idle job procs: 0
07/07/26 03:21:28 Currently monitoring 1 HTCondor log file(s)
07/07/26 03:21:28 Event: ULOG_JOB_TERMINATED for HTCondor Node COLLECT (170265.28.0) {07/07/26 03:21:27}
07/07/26 03:21:28 Number of idle job procs: 0
07/07/26 03:21:28 Node COLLECT job proc (170265.28.0) completed successfully.
07/07/26 03:21:33 Currently monitoring 1 HTCondor log file(s)
07/07/26 03:21:33 Event: ULOG_JOB_TERMINATED for HTCondor Node COLLECT (170265.29.0) {07/07/26 03:21:32}
07/07/26 03:21:33 Number of idle job procs: 0
07/07/26 03:21:33 Node COLLECT job proc (170265.29.0) completed successfully.
07/07/26 03:21:48 Currently monitoring 1 HTCondor log file(s)
07/07/26 03:21:48 Event: ULOG_JOB_TERMINATED for HTCondor Node COLLECT (170265.30.0) {07/07/26 03:21:44}
07/07/26 03:21:48 Number of idle job procs: 0
07/07/26 03:21:48 Node COLLECT job proc (170265.30.0) completed successfully.
07/07/26 03:23:04 Currently monitoring 1 HTCondor log file(s)
07/07/26 03:23:04 Event: ULOG_JOB_TERMINATED for HTCondor Node COLLECT (170265.31.0) {07/07/26 03:23:00}
07/07/26 03:23:04 Number of idle job procs: 0
07/07/26 03:23:04 Node COLLECT job proc (170265.31.0) completed successfully.
07/07/26 03:23:49 Currently monitoring 1 HTCondor log file(s)
07/07/26 03:23:49 Event: ULOG_JOB_TERMINATED for HTCondor Node COLLECT (170265.32.0) {07/07/26 03:23:46}
07/07/26 03:23:49 Number of idle job procs: 0
07/07/26 03:23:49 Node COLLECT job proc (170265.32.0) completed successfully.
07/07/26 03:24:19 Currently monitoring 1 HTCondor log file(s)
07/07/26 03:24:19 Event: ULOG_JOB_TERMINATED for HTCondor Node COLLECT (170265.33.0) {07/07/26 03:24:18}
07/07/26 03:24:19 Number of idle job procs: 0
07/07/26 03:24:19 Node COLLECT job proc (170265.33.0) completed successfully.
07/07/26 03:24:49 Currently monitoring 1 HTCondor log file(s)
07/07/26 03:24:49 Event: ULOG_JOB_TERMINATED for HTCondor Node COLLECT (170265.34.0) {07/07/26 03:24:45}
07/07/26 03:24:49 Number of idle job procs: 0
07/07/26 03:24:49 Node COLLECT job proc (170265.34.0) completed successfully.
07/07/26 03:25:39 Total jobs placed to AP: 40
07/07/26 03:25:39      Idle     Held     Running     Successful     Failed
07/07/26 03:25:39       ===      ===         ===            ===        ===
07/07/26 03:25:39         0        0           5             35          0
07/07/26 03:26:09 Currently monitoring 1 HTCondor log file(s)
07/07/26 03:26:09 Event: ULOG_JOB_TERMINATED for HTCondor Node COLLECT (170265.35.0) {07/07/26 03:26:07}
07/07/26 03:26:09 Number of idle job procs: 0
07/07/26 03:26:09 Node COLLECT job proc (170265.35.0) completed successfully.
07/07/26 03:27:34 Currently monitoring 1 HTCondor log file(s)
07/07/26 03:27:34 Event: ULOG_JOB_TERMINATED for HTCondor Node COLLECT (170265.38.0) {07/07/26 03:27:33}
07/07/26 03:27:34 Number of idle job procs: 0
07/07/26 03:27:34 Node COLLECT job proc (170265.38.0) completed successfully.
07/07/26 03:27:39 Currently monitoring 1 HTCondor log file(s)
07/07/26 03:27:39 Event: ULOG_JOB_TERMINATED for HTCondor Node COLLECT (170265.37.0) {07/07/26 03:27:34}
07/07/26 03:27:39 Number of idle job procs: 0
07/07/26 03:27:39 Node COLLECT job proc (170265.37.0) completed successfully.
07/07/26 03:28:14 Currently monitoring 1 HTCondor log file(s)
07/07/26 03:28:14 Event: ULOG_JOB_TERMINATED for HTCondor Node COLLECT (170265.36.0) {07/07/26 03:28:12}
07/07/26 03:28:14 Number of idle job procs: 0
07/07/26 03:28:14 Node COLLECT job proc (170265.36.0) completed successfully.
07/07/26 03:29:24 Currently monitoring 1 HTCondor log file(s)
07/07/26 03:29:24 Event: ULOG_JOB_TERMINATED for HTCondor Node COLLECT (170265.39.0) {07/07/26 03:29:22}
07/07/26 03:29:24 Number of idle job procs: 0
07/07/26 03:29:24 Node COLLECT job proc (170265.39.0) completed successfully.
07/07/26 03:29:24 Node COLLECT job(s) have exited the queue
07/07/26 03:29:24 DAG status: 0 (DAG_STATUS_OK)
07/07/26 03:29:24 Of 5 nodes total:
07/07/26 03:29:24  Done     Pre   Queued    Post   Ready   Un-Ready   Failed   Futile
07/07/26 03:29:24   ===     ===      ===     ===     ===        ===      ===      ===
07/07/26 03:29:24     1       0        0       0       1          3        0        0
07/07/26 03:29:24 0 job proc(s) currently held
07/07/26 03:29:24 DAGMan Runtime Statistics: [EventCycleTimeAvg=0.009; EventCycleTimeMax=21.754; EventCycleTimeMin=0.000; EventCycleTimeStd=0.350; EventCycleTimeSum=59.030; SleepCycleTimeAvg=5.012; SleepCycleTimeMax=19.618; SleepCycleTimeMin=4.004; SleepCycleTimeStd=0.269; SleepCycleTimeSum=32595.039; SubmitCycleTimeAvg=0.000; SubmitCycleTimeMax=0.130; SubmitCycleTimeMin=0.000; SubmitCycleTimeStd=0.002; SubmitCycleTimeSum=0.134; EventCycleTimeCount=6504.000; SleepCycleTimeCount=6504.000; SubmitCycleTimeCount=6505.000; LogProcessCycleTimeAvg=0.006; LogProcessCycleTimeMax=0.086; LogProcessCycleTimeMin=0.002; LogProcessCycleTimeStd=0.011; LogProcessCycleTimeSum=0.328; LogProcessCycleTimeCount=58.000; ]
07/07/26 03:29:29 Submitting HTCondor Node MERGE_COLLECTION job(s)...
07/07/26 03:29:29 Submitting node MERGE_COLLECTION from file one_way_line_det_one_way_line_15_10_action_shield_merge_collection.sub using direct job submission
07/07/26 03:29:29 	assigned HTCondor ID (170311.0.0)
07/07/26 03:29:29 Just submitted 1 job this cycle...
07/07/26 03:29:29 DAG status: 0 (DAG_STATUS_OK)
07/07/26 03:29:29 Of 5 nodes total:
07/07/26 03:29:29  Done     Pre   Queued    Post   Ready   Un-Ready   Failed   Futile
07/07/26 03:29:29   ===     ===      ===     ===     ===        ===      ===      ===
07/07/26 03:29:29     1       0        1       0       0          3        0        0
07/07/26 03:29:29 0 job proc(s) currently held
07/07/26 03:29:29 DAGMan Runtime Statistics: [EventCycleTimeAvg=0.009; EventCycleTimeMax=21.754; EventCycleTimeMin=0.000; EventCycleTimeStd=0.350; EventCycleTimeSum=59.045; SleepCycleTimeAvg=5.012; SleepCycleTimeMax=19.618; SleepCycleTimeMin=4.004; SleepCycleTimeStd=0.268; SleepCycleTimeSum=32600.044; SubmitCycleTimeAvg=0.000; SubmitCycleTimeMax=0.130; SubmitCycleTimeMin=0.000; SubmitCycleTimeStd=0.002; SubmitCycleTimeSum=0.167; EventCycleTimeCount=6505.000; SleepCycleTimeCount=6505.000; SubmitCycleTimeCount=6506.000; LogProcessCycleTimeAvg=0.006; LogProcessCycleTimeMax=0.086; LogProcessCycleTimeMin=0.002; LogProcessCycleTimeStd=0.011; LogProcessCycleTimeSum=0.328; LogProcessCycleTimeCount=58.000; ]
07/07/26 03:29:34 Currently monitoring 1 HTCondor log file(s)
07/07/26 03:29:34 Reassigning the id of job MERGE_COLLECTION from (170311.0.0) to (170311.0.0)
07/07/26 03:29:34 Event: ULOG_SUBMIT for HTCondor Node MERGE_COLLECTION (170311.0.0) {07/07/26 03:29:29}
07/07/26 03:29:34 Number of idle job procs: 1
07/07/26 03:39:35 601 seconds since last log event
07/07/26 03:39:35 Pending DAG nodes:
07/07/26 03:39:35   Node MERGE_COLLECTION, HTCondor ID 170311, status STATUS_SUBMITTED
07/07/26 03:40:40 Total jobs placed to AP: 41
07/07/26 03:40:40      Idle     Held     Running     Successful     Failed
07/07/26 03:40:40       ===      ===         ===            ===        ===
07/07/26 03:40:40         1        0           0             40          0
07/07/26 03:49:35 1201 seconds since last log event
07/07/26 03:49:35 Pending DAG nodes:
07/07/26 03:49:35   Node MERGE_COLLECTION, HTCondor ID 170311, status STATUS_SUBMITTED
07/07/26 03:55:40 Total jobs placed to AP: 41
07/07/26 03:55:40      Idle     Held     Running     Successful     Failed
07/07/26 03:55:40       ===      ===         ===            ===        ===
07/07/26 03:55:40         1        0           0             40          0
07/07/26 03:59:36 1802 seconds since last log event
07/07/26 03:59:36 Pending DAG nodes:
07/07/26 03:59:36   Node MERGE_COLLECTION, HTCondor ID 170311, status STATUS_SUBMITTED
07/07/26 04:09:36 2402 seconds since last log event
07/07/26 04:09:36 Pending DAG nodes:
07/07/26 04:09:36   Node MERGE_COLLECTION, HTCondor ID 170311, status STATUS_SUBMITTED
07/07/26 04:10:41 Total jobs placed to AP: 41
07/07/26 04:10:41      Idle     Held     Running     Successful     Failed
07/07/26 04:10:41       ===      ===         ===            ===        ===
07/07/26 04:10:41         1        0           0             40          0
07/07/26 04:19:37 3003 seconds since last log event
07/07/26 04:19:37 Pending DAG nodes:
07/07/26 04:19:37   Node MERGE_COLLECTION, HTCondor ID 170311, status STATUS_SUBMITTED
07/07/26 04:25:42 Total jobs placed to AP: 41
07/07/26 04:25:42      Idle     Held     Running     Successful     Failed
07/07/26 04:25:42       ===      ===         ===            ===        ===
07/07/26 04:25:42         1        0           0             40          0
07/07/26 04:29:37 3603 seconds since last log event
07/07/26 04:29:37 Pending DAG nodes:
07/07/26 04:29:37   Node MERGE_COLLECTION, HTCondor ID 170311, status STATUS_SUBMITTED
07/07/26 04:39:38 4204 seconds since last log event
07/07/26 04:39:38 Pending DAG nodes:
07/07/26 04:39:38   Node MERGE_COLLECTION, HTCondor ID 170311, status STATUS_SUBMITTED
07/07/26 04:40:43 Total jobs placed to AP: 41
07/07/26 04:40:43      Idle     Held     Running     Successful     Failed
07/07/26 04:40:43       ===      ===         ===            ===        ===
07/07/26 04:40:43         1        0           0             40          0
07/07/26 04:49:38 4804 seconds since last log event
07/07/26 04:49:38 Pending DAG nodes:
07/07/26 04:49:38   Node MERGE_COLLECTION, HTCondor ID 170311, status STATUS_SUBMITTED
07/07/26 04:55:44 Total jobs placed to AP: 41
07/07/26 04:55:44      Idle     Held     Running     Successful     Failed
07/07/26 04:55:44       ===      ===         ===            ===        ===
07/07/26 04:55:44         1        0           0             40          0
07/07/26 04:59:39 5405 seconds since last log event
07/07/26 04:59:39 Pending DAG nodes:
07/07/26 04:59:39   Node MERGE_COLLECTION, HTCondor ID 170311, status STATUS_SUBMITTED
07/07/26 05:09:40 6006 seconds since last log event
07/07/26 05:09:40 Pending DAG nodes:
07/07/26 05:09:40   Node MERGE_COLLECTION, HTCondor ID 170311, status STATUS_SUBMITTED
07/07/26 05:10:45 Total jobs placed to AP: 41
07/07/26 05:10:45      Idle     Held     Running     Successful     Failed
07/07/26 05:10:45       ===      ===         ===            ===        ===
07/07/26 05:10:45         1        0           0             40          0
07/07/26 05:19:40 6606 seconds since last log event
07/07/26 05:19:40 Pending DAG nodes:
07/07/26 05:19:40   Node MERGE_COLLECTION, HTCondor ID 170311, status STATUS_SUBMITTED
07/07/26 05:25:45 Total jobs placed to AP: 41
07/07/26 05:25:45      Idle     Held     Running     Successful     Failed
07/07/26 05:25:45       ===      ===         ===            ===        ===
07/07/26 05:25:45         1        0           0             40          0
07/07/26 05:29:41 7207 seconds since last log event
07/07/26 05:29:41 Pending DAG nodes:
07/07/26 05:29:41   Node MERGE_COLLECTION, HTCondor ID 170311, status STATUS_SUBMITTED
07/07/26 05:39:41 7807 seconds since last log event
07/07/26 05:39:41 Pending DAG nodes:
07/07/26 05:39:41   Node MERGE_COLLECTION, HTCondor ID 170311, status STATUS_SUBMITTED
07/07/26 05:40:46 Total jobs placed to AP: 41
07/07/26 05:40:46      Idle     Held     Running     Successful     Failed
07/07/26 05:40:46       ===      ===         ===            ===        ===
07/07/26 05:40:46         1        0           0             40          0
07/07/26 05:49:42 8408 seconds since last log event
07/07/26 05:49:42 Pending DAG nodes:
07/07/26 05:49:42   Node MERGE_COLLECTION, HTCondor ID 170311, status STATUS_SUBMITTED
07/07/26 05:55:47 Total jobs placed to AP: 41
07/07/26 05:55:47      Idle     Held     Running     Successful     Failed
07/07/26 05:55:47       ===      ===         ===            ===        ===
07/07/26 05:55:47         1        0           0             40          0
07/07/26 05:59:42 9008 seconds since last log event
07/07/26 05:59:42 Pending DAG nodes:
07/07/26 05:59:42   Node MERGE_COLLECTION, HTCondor ID 170311, status STATUS_SUBMITTED
07/07/26 06:09:43 9609 seconds since last log event
07/07/26 06:09:43 Pending DAG nodes:
07/07/26 06:09:43   Node MERGE_COLLECTION, HTCondor ID 170311, status STATUS_SUBMITTED
07/07/26 06:10:48 Total jobs placed to AP: 41
07/07/26 06:10:48      Idle     Held     Running     Successful     Failed
07/07/26 06:10:48       ===      ===         ===            ===        ===
07/07/26 06:10:48         1        0           0             40          0
07/07/26 06:19:43 10209 seconds since last log event
07/07/26 06:19:43 Pending DAG nodes:
07/07/26 06:19:43   Node MERGE_COLLECTION, HTCondor ID 170311, status STATUS_SUBMITTED
07/07/26 06:25:49 Total jobs placed to AP: 41
07/07/26 06:25:49      Idle     Held     Running     Successful     Failed
07/07/26 06:25:49       ===      ===         ===            ===        ===
07/07/26 06:25:49         1        0           0             40          0
07/07/26 06:29:44 10810 seconds since last log event
07/07/26 06:29:44 Pending DAG nodes:
07/07/26 06:29:44   Node MERGE_COLLECTION, HTCondor ID 170311, status STATUS_SUBMITTED
07/07/26 06:39:49 11415 seconds since last log event
07/07/26 06:39:49 Pending DAG nodes:
07/07/26 06:39:49   Node MERGE_COLLECTION, HTCondor ID 170311, status STATUS_SUBMITTED
07/07/26 06:40:55 Total jobs placed to AP: 41
07/07/26 06:41:02      Idle     Held     Running     Successful     Failed
07/07/26 06:41:02       ===      ===         ===            ===        ===
07/07/26 06:41:02         1        0           0             40          0
07/07/26 06:49:50 12016 seconds since last log event
07/07/26 06:49:50 Pending DAG nodes:
07/07/26 06:49:50   Node MERGE_COLLECTION, HTCondor ID 170311, status STATUS_SUBMITTED
07/07/26 06:56:06 Total jobs placed to AP: 41
07/07/26 06:56:06      Idle     Held     Running     Successful     Failed
07/07/26 06:56:06       ===      ===         ===            ===        ===
07/07/26 06:56:06         1        0           0             40          0
07/07/26 06:59:51 12617 seconds since last log event
07/07/26 06:59:51 Pending DAG nodes:
07/07/26 06:59:51   Node MERGE_COLLECTION, HTCondor ID 170311, status STATUS_SUBMITTED
07/07/26 07:09:52 13218 seconds since last log event
07/07/26 07:09:52 Pending DAG nodes:
07/07/26 07:09:52   Node MERGE_COLLECTION, HTCondor ID 170311, status STATUS_SUBMITTED
07/07/26 07:11:07 Total jobs placed to AP: 41
07/07/26 07:11:07      Idle     Held     Running     Successful     Failed
07/07/26 07:11:07       ===      ===         ===            ===        ===
07/07/26 07:11:07         1        0           0             40          0
07/07/26 07:19:52 13818 seconds since last log event
07/07/26 07:19:52 Pending DAG nodes:
07/07/26 07:19:52   Node MERGE_COLLECTION, HTCondor ID 170311, status STATUS_SUBMITTED
07/07/26 07:26:07 Total jobs placed to AP: 41
07/07/26 07:26:07      Idle     Held     Running     Successful     Failed
07/07/26 07:26:07       ===      ===         ===            ===        ===
07/07/26 07:26:07         1        0           0             40          0
07/07/26 07:29:53 14419 seconds since last log event
07/07/26 07:29:53 Pending DAG nodes:
07/07/26 07:29:53   Node MERGE_COLLECTION, HTCondor ID 170311, status STATUS_SUBMITTED
07/07/26 07:39:53 15019 seconds since last log event
07/07/26 07:39:53 Pending DAG nodes:
07/07/26 07:39:53   Node MERGE_COLLECTION, HTCondor ID 170311, status STATUS_SUBMITTED
07/07/26 07:41:08 Total jobs placed to AP: 41
07/07/26 07:41:08      Idle     Held     Running     Successful     Failed
07/07/26 07:41:08       ===      ===         ===            ===        ===
07/07/26 07:41:08         1        0           0             40          0
07/07/26 07:49:54 15620 seconds since last log event
07/07/26 07:49:54 Pending DAG nodes:
07/07/26 07:49:54   Node MERGE_COLLECTION, HTCondor ID 170311, status STATUS_SUBMITTED
07/07/26 07:56:09 Total jobs placed to AP: 41
07/07/26 07:56:09      Idle     Held     Running     Successful     Failed
07/07/26 07:56:09       ===      ===         ===            ===        ===
07/07/26 07:56:09         1        0           0             40          0
07/07/26 07:59:54 16220 seconds since last log event
07/07/26 07:59:54 Pending DAG nodes:
07/07/26 07:59:54   Node MERGE_COLLECTION, HTCondor ID 170311, status STATUS_SUBMITTED
07/07/26 08:09:55 16821 seconds since last log event
07/07/26 08:09:55 Pending DAG nodes:
07/07/26 08:09:55   Node MERGE_COLLECTION, HTCondor ID 170311, status STATUS_SUBMITTED
07/07/26 08:11:10 Total jobs placed to AP: 41
07/07/26 08:11:10      Idle     Held     Running     Successful     Failed
07/07/26 08:11:10       ===      ===         ===            ===        ===
07/07/26 08:11:10         1        0           0             40          0
07/07/26 08:19:55 17421 seconds since last log event
07/07/26 08:19:55 Pending DAG nodes:
07/07/26 08:19:55   Node MERGE_COLLECTION, HTCondor ID 170311, status STATUS_SUBMITTED
07/07/26 08:26:10 Total jobs placed to AP: 41
07/07/26 08:26:10      Idle     Held     Running     Successful     Failed
07/07/26 08:26:10       ===      ===         ===            ===        ===
07/07/26 08:26:10         1        0           0             40          0
07/07/26 08:29:55 18021 seconds since last log event
07/07/26 08:29:55 Pending DAG nodes:
07/07/26 08:29:55   Node MERGE_COLLECTION, HTCondor ID 170311, status STATUS_SUBMITTED
07/07/26 08:39:55 18621 seconds since last log event
07/07/26 08:39:55 Pending DAG nodes:
07/07/26 08:39:55   Node MERGE_COLLECTION, HTCondor ID 170311, status STATUS_SUBMITTED
07/07/26 08:41:10 Total jobs placed to AP: 41
07/07/26 08:41:10      Idle     Held     Running     Successful     Failed
07/07/26 08:41:10       ===      ===         ===            ===        ===
07/07/26 08:41:10         1        0           0             40          0
07/07/26 08:49:56 19222 seconds since last log event
07/07/26 08:49:56 Pending DAG nodes:
07/07/26 08:49:56   Node MERGE_COLLECTION, HTCondor ID 170311, status STATUS_SUBMITTED
07/07/26 08:56:11 Total jobs placed to AP: 41
07/07/26 08:56:11      Idle     Held     Running     Successful     Failed
07/07/26 08:56:11       ===      ===         ===            ===        ===
07/07/26 08:56:11         1        0           0             40          0
07/07/26 08:59:56 19822 seconds since last log event
07/07/26 08:59:56 Pending DAG nodes:
07/07/26 08:59:56   Node MERGE_COLLECTION, HTCondor ID 170311, status STATUS_SUBMITTED
07/07/26 09:09:57 20423 seconds since last log event
07/07/26 09:09:57 Pending DAG nodes:
07/07/26 09:09:57   Node MERGE_COLLECTION, HTCondor ID 170311, status STATUS_SUBMITTED
07/07/26 09:11:12 Total jobs placed to AP: 41
07/07/26 09:11:12      Idle     Held     Running     Successful     Failed
07/07/26 09:11:12       ===      ===         ===            ===        ===
07/07/26 09:11:12         1        0           0             40          0
07/07/26 09:19:57 21023 seconds since last log event
07/07/26 09:19:57 Pending DAG nodes:
07/07/26 09:19:57   Node MERGE_COLLECTION, HTCondor ID 170311, status STATUS_SUBMITTED
07/07/26 09:26:13 Total jobs placed to AP: 41
07/07/26 09:26:13      Idle     Held     Running     Successful     Failed
07/07/26 09:26:13       ===      ===         ===            ===        ===
07/07/26 09:26:13         1        0           0             40          0
07/07/26 09:29:58 21624 seconds since last log event
07/07/26 09:29:58 Pending DAG nodes:
07/07/26 09:29:58   Node MERGE_COLLECTION, HTCondor ID 170311, status STATUS_SUBMITTED
07/07/26 09:39:59 22225 seconds since last log event
07/07/26 09:39:59 Pending DAG nodes:
07/07/26 09:39:59   Node MERGE_COLLECTION, HTCondor ID 170311, status STATUS_SUBMITTED
07/07/26 09:41:14 Total jobs placed to AP: 41
07/07/26 09:41:14      Idle     Held     Running     Successful     Failed
07/07/26 09:41:14       ===      ===         ===            ===        ===
07/07/26 09:41:14         1        0           0             40          0
07/07/26 09:49:59 22825 seconds since last log event
07/07/26 09:49:59 Pending DAG nodes:
07/07/26 09:49:59   Node MERGE_COLLECTION, HTCondor ID 170311, status STATUS_SUBMITTED
07/07/26 09:56:14 Total jobs placed to AP: 41
07/07/26 09:56:14      Idle     Held     Running     Successful     Failed
07/07/26 09:56:14       ===      ===         ===            ===        ===
07/07/26 09:56:14         1        0           0             40          0
07/07/26 10:00:00 23426 seconds since last log event
07/07/26 10:00:00 Pending DAG nodes:
07/07/26 10:00:00   Node MERGE_COLLECTION, HTCondor ID 170311, status STATUS_SUBMITTED
07/07/26 10:10:00 24026 seconds since last log event
07/07/26 10:10:00 Pending DAG nodes:
07/07/26 10:10:00   Node MERGE_COLLECTION, HTCondor ID 170311, status STATUS_SUBMITTED
07/07/26 10:11:15 Total jobs placed to AP: 41
07/07/26 10:11:15      Idle     Held     Running     Successful     Failed
07/07/26 10:11:15       ===      ===         ===            ===        ===
07/07/26 10:11:15         1        0           0             40          0
07/07/26 10:20:01 24627 seconds since last log event
07/07/26 10:20:01 Pending DAG nodes:
07/07/26 10:20:01   Node MERGE_COLLECTION, HTCondor ID 170311, status STATUS_SUBMITTED
07/07/26 10:26:16 Total jobs placed to AP: 41
07/07/26 10:26:16      Idle     Held     Running     Successful     Failed
07/07/26 10:26:16       ===      ===         ===            ===        ===
07/07/26 10:26:16         1        0           0             40          0
07/07/26 10:30:01 25227 seconds since last log event
07/07/26 10:30:01 Pending DAG nodes:
07/07/26 10:30:01   Node MERGE_COLLECTION, HTCondor ID 170311, status STATUS_SUBMITTED
07/07/26 10:40:01 25827 seconds since last log event
07/07/26 10:40:01 Pending DAG nodes:
07/07/26 10:40:01   Node MERGE_COLLECTION, HTCondor ID 170311, status STATUS_SUBMITTED
07/07/26 10:41:16 Total jobs placed to AP: 41
07/07/26 10:41:16      Idle     Held     Running     Successful     Failed
07/07/26 10:41:16       ===      ===         ===            ===        ===
07/07/26 10:41:16         1        0           0             40          0
07/07/26 10:50:01 26427 seconds since last log event
07/07/26 10:50:01 Pending DAG nodes:
07/07/26 10:50:01   Node MERGE_COLLECTION, HTCondor ID 170311, status STATUS_SUBMITTED
07/07/26 10:56:17 Total jobs placed to AP: 41
07/07/26 10:56:17      Idle     Held     Running     Successful     Failed
07/07/26 10:56:17       ===      ===         ===            ===        ===
07/07/26 10:56:17         1        0           0             40          0
07/07/26 11:00:02 27028 seconds since last log event
07/07/26 11:00:02 Pending DAG nodes:
07/07/26 11:00:02   Node MERGE_COLLECTION, HTCondor ID 170311, status STATUS_SUBMITTED
07/07/26 11:10:02 27628 seconds since last log event
07/07/26 11:10:02 Pending DAG nodes:
07/07/26 11:10:02   Node MERGE_COLLECTION, HTCondor ID 170311, status STATUS_SUBMITTED
07/07/26 11:11:18 Total jobs placed to AP: 41
07/07/26 11:11:18      Idle     Held     Running     Successful     Failed
07/07/26 11:11:18       ===      ===         ===            ===        ===
07/07/26 11:11:18         1        0           0             40          0
07/07/26 11:20:03 28229 seconds since last log event
07/07/26 11:20:03 Pending DAG nodes:
07/07/26 11:20:03   Node MERGE_COLLECTION, HTCondor ID 170311, status STATUS_SUBMITTED
07/07/26 11:26:18 Total jobs placed to AP: 41
07/07/26 11:26:18      Idle     Held     Running     Successful     Failed
07/07/26 11:26:18       ===      ===         ===            ===        ===
07/07/26 11:26:18         1        0           0             40          0
07/07/26 11:30:04 28830 seconds since last log event
07/07/26 11:30:04 Pending DAG nodes:
07/07/26 11:30:04   Node MERGE_COLLECTION, HTCondor ID 170311, status STATUS_SUBMITTED
07/07/26 11:30:04 Querying local schedd for associated jobs in queue
07/07/26 11:30:04 All pending job states validated
07/07/26 11:40:04 29430 seconds since last log event
07/07/26 11:40:04 Pending DAG nodes:
07/07/26 11:40:04   Node MERGE_COLLECTION, HTCondor ID 170311, status STATUS_SUBMITTED
07/07/26 11:41:19 Total jobs placed to AP: 41
07/07/26 11:41:19      Idle     Held     Running     Successful     Failed
07/07/26 11:41:19       ===      ===         ===            ===        ===
07/07/26 11:41:19         1        0           0             40          0
07/07/26 11:50:05 30031 seconds since last log event
07/07/26 11:50:05 Pending DAG nodes:
07/07/26 11:50:05   Node MERGE_COLLECTION, HTCondor ID 170311, status STATUS_SUBMITTED
07/07/26 11:56:20 Total jobs placed to AP: 41
07/07/26 11:56:20      Idle     Held     Running     Successful     Failed
07/07/26 11:56:20       ===      ===         ===            ===        ===
07/07/26 11:56:20         1        0           0             40          0
07/07/26 12:00:05 30631 seconds since last log event
07/07/26 12:00:05 Pending DAG nodes:
07/07/26 12:00:05   Node MERGE_COLLECTION, HTCondor ID 170311, status STATUS_SUBMITTED
07/07/26 12:10:06 31232 seconds since last log event
07/07/26 12:10:06 Pending DAG nodes:
07/07/26 12:10:06   Node MERGE_COLLECTION, HTCondor ID 170311, status STATUS_SUBMITTED
07/07/26 12:11:21 Total jobs placed to AP: 41
07/07/26 12:11:21      Idle     Held     Running     Successful     Failed
07/07/26 12:11:21       ===      ===         ===            ===        ===
07/07/26 12:11:21         1        0           0             40          0
07/07/26 12:20:06 31832 seconds since last log event
07/07/26 12:20:06 Pending DAG nodes:
07/07/26 12:20:06   Node MERGE_COLLECTION, HTCondor ID 170311, status STATUS_SUBMITTED
07/07/26 12:26:21 Total jobs placed to AP: 41
07/07/26 12:26:21      Idle     Held     Running     Successful     Failed
07/07/26 12:26:21       ===      ===         ===            ===        ===
07/07/26 12:26:21         1        0           0             40          0
07/07/26 12:30:06 32432 seconds since last log event
07/07/26 12:30:06 Pending DAG nodes:
07/07/26 12:30:06   Node MERGE_COLLECTION, HTCondor ID 170311, status STATUS_SUBMITTED
07/07/26 12:40:06 33032 seconds since last log event
07/07/26 12:40:06 Pending DAG nodes:
07/07/26 12:40:06   Node MERGE_COLLECTION, HTCondor ID 170311, status STATUS_SUBMITTED
07/07/26 12:41:21 Total jobs placed to AP: 41
07/07/26 12:41:21      Idle     Held     Running     Successful     Failed
07/07/26 12:41:21       ===      ===         ===            ===        ===
07/07/26 12:41:21         1        0           0             40          0
07/07/26 12:50:07 33633 seconds since last log event
07/07/26 12:50:07 Pending DAG nodes:
07/07/26 12:50:07   Node MERGE_COLLECTION, HTCondor ID 170311, status STATUS_SUBMITTED
07/07/26 12:56:22 Total jobs placed to AP: 41
07/07/26 12:56:22      Idle     Held     Running     Successful     Failed
07/07/26 12:56:22       ===      ===         ===            ===        ===
07/07/26 12:56:22         1        0           0             40          0
07/07/26 13:00:07 34233 seconds since last log event
07/07/26 13:00:07 Pending DAG nodes:
07/07/26 13:00:07   Node MERGE_COLLECTION, HTCondor ID 170311, status STATUS_SUBMITTED
07/07/26 13:10:08 34834 seconds since last log event
07/07/26 13:10:08 Pending DAG nodes:
07/07/26 13:10:08   Node MERGE_COLLECTION, HTCondor ID 170311, status STATUS_SUBMITTED
07/07/26 13:11:23 Total jobs placed to AP: 41
07/07/26 13:11:23      Idle     Held     Running     Successful     Failed
07/07/26 13:11:23       ===      ===         ===            ===        ===
07/07/26 13:11:23         1        0           0             40          0
07/07/26 13:20:09 35435 seconds since last log event
07/07/26 13:20:09 Pending DAG nodes:
07/07/26 13:20:09   Node MERGE_COLLECTION, HTCondor ID 170311, status STATUS_SUBMITTED
07/07/26 13:26:24 Total jobs placed to AP: 41
07/07/26 13:26:24      Idle     Held     Running     Successful     Failed
07/07/26 13:26:24       ===      ===         ===            ===        ===
07/07/26 13:26:24         1        0           0             40          0
07/07/26 13:30:09 36035 seconds since last log event
07/07/26 13:30:09 Pending DAG nodes:
07/07/26 13:30:09   Node MERGE_COLLECTION, HTCondor ID 170311, status STATUS_SUBMITTED
07/07/26 13:40:10 36636 seconds since last log event
07/07/26 13:40:10 Pending DAG nodes:
07/07/26 13:40:10   Node MERGE_COLLECTION, HTCondor ID 170311, status STATUS_SUBMITTED
07/07/26 13:41:25 Total jobs placed to AP: 41
07/07/26 13:41:25      Idle     Held     Running     Successful     Failed
07/07/26 13:41:25       ===      ===         ===            ===        ===
07/07/26 13:41:25         1        0           0             40          0
07/07/26 13:50:10 37236 seconds since last log event
07/07/26 13:50:10 Pending DAG nodes:
07/07/26 13:50:10   Node MERGE_COLLECTION, HTCondor ID 170311, status STATUS_SUBMITTED
07/07/26 13:56:25 Total jobs placed to AP: 41
07/07/26 13:56:25      Idle     Held     Running     Successful     Failed
07/07/26 13:56:25       ===      ===         ===            ===        ===
07/07/26 13:56:25         1        0           0             40          0
07/07/26 14:00:11 37837 seconds since last log event
07/07/26 14:00:11 Pending DAG nodes:
07/07/26 14:00:11   Node MERGE_COLLECTION, HTCondor ID 170311, status STATUS_SUBMITTED
07/07/26 14:10:11 38437 seconds since last log event
07/07/26 14:10:11 Pending DAG nodes:
07/07/26 14:10:11   Node MERGE_COLLECTION, HTCondor ID 170311, status STATUS_SUBMITTED
07/07/26 14:11:26 Total jobs placed to AP: 41
07/07/26 14:11:26      Idle     Held     Running     Successful     Failed
07/07/26 14:11:26       ===      ===         ===            ===        ===
07/07/26 14:11:26         1        0           0             40          0
07/07/26 14:20:12 39038 seconds since last log event
07/07/26 14:20:12 Pending DAG nodes:
07/07/26 14:20:12   Node MERGE_COLLECTION, HTCondor ID 170311, status STATUS_SUBMITTED
07/07/26 14:26:27 Total jobs placed to AP: 41
07/07/26 14:26:27      Idle     Held     Running     Successful     Failed
07/07/26 14:26:27       ===      ===         ===            ===        ===
07/07/26 14:26:27         1        0           0             40          0
07/07/26 14:30:12 39638 seconds since last log event
07/07/26 14:30:12 Pending DAG nodes:
07/07/26 14:30:12   Node MERGE_COLLECTION, HTCondor ID 170311, status STATUS_SUBMITTED
07/07/26 14:40:13 40239 seconds since last log event
07/07/26 14:40:13 Pending DAG nodes:
07/07/26 14:40:13   Node MERGE_COLLECTION, HTCondor ID 170311, status STATUS_SUBMITTED
07/07/26 14:41:28 Total jobs placed to AP: 41
07/07/26 14:41:28      Idle     Held     Running     Successful     Failed
07/07/26 14:41:28       ===      ===         ===            ===        ===
07/07/26 14:41:28         1        0           0             40          0
07/07/26 14:50:13 40839 seconds since last log event
07/07/26 14:50:13 Pending DAG nodes:
07/07/26 14:50:13   Node MERGE_COLLECTION, HTCondor ID 170311, status STATUS_SUBMITTED
07/07/26 14:56:29 Total jobs placed to AP: 41
07/07/26 14:56:29      Idle     Held     Running     Successful     Failed
07/07/26 14:56:29       ===      ===         ===            ===        ===
07/07/26 14:56:29         1        0           0             40          0
07/07/26 15:00:14 41440 seconds since last log event
07/07/26 15:00:14 Pending DAG nodes:
07/07/26 15:00:14   Node MERGE_COLLECTION, HTCondor ID 170311, status STATUS_SUBMITTED
07/07/26 15:10:14 42040 seconds since last log event
07/07/26 15:10:14 Pending DAG nodes:
07/07/26 15:10:14   Node MERGE_COLLECTION, HTCondor ID 170311, status STATUS_SUBMITTED
07/07/26 15:11:30 Total jobs placed to AP: 41
07/07/26 15:11:30      Idle     Held     Running     Successful     Failed
07/07/26 15:11:30       ===      ===         ===            ===        ===
07/07/26 15:11:30         1        0           0             40          0
07/07/26 15:20:15 42641 seconds since last log event
07/07/26 15:20:15 Pending DAG nodes:
07/07/26 15:20:15   Node MERGE_COLLECTION, HTCondor ID 170311, status STATUS_SUBMITTED
07/07/26 15:26:30 Total jobs placed to AP: 41
07/07/26 15:26:30      Idle     Held     Running     Successful     Failed
07/07/26 15:26:30       ===      ===         ===            ===        ===
07/07/26 15:26:30         1        0           0             40          0
07/07/26 15:30:16 43242 seconds since last log event
07/07/26 15:30:16 Pending DAG nodes:
07/07/26 15:30:16   Node MERGE_COLLECTION, HTCondor ID 170311, status STATUS_SUBMITTED
07/07/26 15:40:16 43842 seconds since last log event
07/07/26 15:40:16 Pending DAG nodes:
07/07/26 15:40:16   Node MERGE_COLLECTION, HTCondor ID 170311, status STATUS_SUBMITTED
07/07/26 15:41:31 Total jobs placed to AP: 41
07/07/26 15:41:31      Idle     Held     Running     Successful     Failed
07/07/26 15:41:31       ===      ===         ===            ===        ===
07/07/26 15:41:31         1        0           0             40          0
07/07/26 15:50:17 44443 seconds since last log event
07/07/26 15:50:17 Pending DAG nodes:
07/07/26 15:50:17   Node MERGE_COLLECTION, HTCondor ID 170311, status STATUS_SUBMITTED
07/07/26 15:56:32 Total jobs placed to AP: 41
07/07/26 15:56:32      Idle     Held     Running     Successful     Failed
07/07/26 15:56:32       ===      ===         ===            ===        ===
07/07/26 15:56:32         1        0           0             40          0
07/07/26 16:00:17 45043 seconds since last log event
07/07/26 16:00:17 Pending DAG nodes:
07/07/26 16:00:17   Node MERGE_COLLECTION, HTCondor ID 170311, status STATUS_SUBMITTED
07/07/26 16:10:18 45644 seconds since last log event
07/07/26 16:10:18 Pending DAG nodes:
07/07/26 16:10:18   Node MERGE_COLLECTION, HTCondor ID 170311, status STATUS_SUBMITTED
07/07/26 16:11:33 Total jobs placed to AP: 41
07/07/26 16:11:33      Idle     Held     Running     Successful     Failed
07/07/26 16:11:33       ===      ===         ===            ===        ===
07/07/26 16:11:33         1        0           0             40          0
07/07/26 16:20:18 46244 seconds since last log event
07/07/26 16:20:18 Pending DAG nodes:
07/07/26 16:20:18   Node MERGE_COLLECTION, HTCondor ID 170311, status STATUS_SUBMITTED
07/07/26 16:26:34 Total jobs placed to AP: 41
07/07/26 16:26:34      Idle     Held     Running     Successful     Failed
07/07/26 16:26:34       ===      ===         ===            ===        ===
07/07/26 16:26:34         1        0           0             40          0
07/07/26 16:30:19 46845 seconds since last log event
07/07/26 16:30:19 Pending DAG nodes:
07/07/26 16:30:19   Node MERGE_COLLECTION, HTCondor ID 170311, status STATUS_SUBMITTED
07/07/26 16:40:19 47445 seconds since last log event
07/07/26 16:40:19 Pending DAG nodes:
07/07/26 16:40:19   Node MERGE_COLLECTION, HTCondor ID 170311, status STATUS_SUBMITTED
07/07/26 16:41:34 Total jobs placed to AP: 41
07/07/26 16:41:34      Idle     Held     Running     Successful     Failed
07/07/26 16:41:34       ===      ===         ===            ===        ===
07/07/26 16:41:34         1        0           0             40          0
07/07/26 16:50:20 48046 seconds since last log event
07/07/26 16:50:20 Pending DAG nodes:
07/07/26 16:50:20   Node MERGE_COLLECTION, HTCondor ID 170311, status STATUS_SUBMITTED
07/07/26 16:56:35 Total jobs placed to AP: 41
07/07/26 16:56:35      Idle     Held     Running     Successful     Failed
07/07/26 16:56:35       ===      ===         ===            ===        ===
07/07/26 16:56:35         1        0           0             40          0
07/07/26 17:00:20 48646 seconds since last log event
07/07/26 17:00:20 Pending DAG nodes:
07/07/26 17:00:20   Node MERGE_COLLECTION, HTCondor ID 170311, status STATUS_SUBMITTED
07/07/26 17:10:21 49247 seconds since last log event
07/07/26 17:10:21 Pending DAG nodes:
07/07/26 17:10:21   Node MERGE_COLLECTION, HTCondor ID 170311, status STATUS_SUBMITTED
07/07/26 17:11:36 Total jobs placed to AP: 41
07/07/26 17:11:36      Idle     Held     Running     Successful     Failed
07/07/26 17:11:36       ===      ===         ===            ===        ===
07/07/26 17:11:36         1        0           0             40          0
07/07/26 17:20:22 49848 seconds since last log event
07/07/26 17:20:22 Pending DAG nodes:
07/07/26 17:20:22   Node MERGE_COLLECTION, HTCondor ID 170311, status STATUS_SUBMITTED
07/07/26 17:26:37 Total jobs placed to AP: 41
07/07/26 17:26:37      Idle     Held     Running     Successful     Failed
07/07/26 17:26:37       ===      ===         ===            ===        ===
07/07/26 17:26:37         1        0           0             40          0
07/07/26 17:30:22 50448 seconds since last log event
07/07/26 17:30:22 Pending DAG nodes:
07/07/26 17:30:22   Node MERGE_COLLECTION, HTCondor ID 170311, status STATUS_SUBMITTED
07/07/26 17:40:23 51049 seconds since last log event
07/07/26 17:40:23 Pending DAG nodes:
07/07/26 17:40:23   Node MERGE_COLLECTION, HTCondor ID 170311, status STATUS_SUBMITTED
07/07/26 17:41:38 Total jobs placed to AP: 41
07/07/26 17:41:38      Idle     Held     Running     Successful     Failed
07/07/26 17:41:38       ===      ===         ===            ===        ===
07/07/26 17:41:38         1        0           0             40          0
07/07/26 17:50:23 51649 seconds since last log event
07/07/26 17:50:23 Pending DAG nodes:
07/07/26 17:50:23   Node MERGE_COLLECTION, HTCondor ID 170311, status STATUS_SUBMITTED
07/07/26 17:56:39 Total jobs placed to AP: 41
07/07/26 17:56:39      Idle     Held     Running     Successful     Failed
07/07/26 17:56:39       ===      ===         ===            ===        ===
07/07/26 17:56:39         1        0           0             40          0
07/07/26 18:01:02 ******************************************************
07/07/26 18:01:02 ** condor_scheduniv_exec.170256.0 (CONDOR_DAGMAN) STARTING UP
07/07/26 18:01:02 ** /usr/bin/condor_dagman
07/07/26 18:01:02 ** SubsystemInfo: name=DAGMAN type=DAGMAN(9) class=CLIENT(2)
07/07/26 18:01:02 ** Configuration: subsystem:DAGMAN local:<NONE> class:CLIENT
07/07/26 18:01:02 ** $CondorVersion: 24.12.19 2026-04-15 BuildID: 896241 PackageID: 24.12.19-1+deb12 GitSHA: c68f3e0e $
07/07/26 18:01:02 ** $CondorPlatform: X86_64-Debian_12 $
07/07/26 18:01:02 ** PID = 589473 RealUID = 1620002036
07/07/26 18:01:02 ** Log last touched 7/7 17:59:26
07/07/26 18:01:02 ******************************************************
07/07/26 18:01:02 Using config source: /etc/condor/condor_config
07/07/26 18:01:02 Using local config sources: 
07/07/26 18:01:02    /etc/condor/config.d/01-submit.conf
07/07/26 18:01:02    /etc/condor/config.d/10-stash-plugin.conf
07/07/26 18:01:02    /etc/condor/config.d/23-network.config
07/07/26 18:01:02    /etc/condor/config.d/31-mail.conf
07/07/26 18:01:02    /etc/condor/config.d/35-cc-sync.conf
07/07/26 18:01:02    /etc/condor/config.d/41-periodic-remove.conf
07/07/26 18:01:02    /etc/condor/config.d/49-common.conf
07/07/26 18:01:02    /etc/condor/config.d/52-group-mapping.conf
07/07/26 18:01:02    /etc/condor/config.d/54-container.conf
07/07/26 18:01:02    /etc/condor/config.d/67-submit-transforms.conf
07/07/26 18:01:02    /etc/condor/config.d/71-submit-requirements.conf
07/07/26 18:01:02    /etc/condor/condor_config.local
07/07/26 18:01:02 config Macros = 110, Sorted = 110, StringBytes = 6396, TablesBytes = 4088
07/07/26 18:01:02 CLASSAD_CACHING is ENABLED
07/07/26 18:01:02 Daemon Log is logging: D_ALWAYS D_ERROR D_STATUS
07/07/26 18:01:02 Daemoncore: Listening at <0.0.0.0:32373> on TCP (ReliSock) and UDP (SafeSock).
07/07/26 18:01:02 DaemonCore: command socket at <10.143.248.60:32373?addrs=10.143.248.60-32373&alias=conduit.hpc.uni-saarland.de>
07/07/26 18:01:02 DaemonCore: private command socket at <10.143.248.60:32373?addrs=10.143.248.60-32373&alias=conduit.hpc.uni-saarland.de>
07/07/26 18:01:02 DAGMAN_USE_STRICT setting: 1
07/07/26 18:01:02 DAGMAN_VERBOSITY setting: 3
07/07/26 18:01:02 DAGMAN_DEBUG_CACHE_SIZE setting: 5242880
07/07/26 18:01:02 DAGMAN_DEBUG_CACHE_ENABLE setting: False
07/07/26 18:01:02 DAGMAN_SUBMIT_DELAY setting: 0
07/07/26 18:01:02 DAGMAN_MAX_SUBMIT_ATTEMPTS setting: 6
07/07/26 18:01:02 DAGMAN_STARTUP_CYCLE_DETECT setting: False
07/07/26 18:01:02 DAGMAN_USE_JOIN_NODES setting: True
07/07/26 18:01:02 DAGMAN_REPORT_GRAPH_METRICS setting: False
07/07/26 18:01:02 DAGMAN_MAX_SUBMITS_PER_INTERVAL setting: 100
07/07/26 18:01:02 DAGMAN_AGGRESSIVE_SUBMIT setting: False
07/07/26 18:01:02 DAGMAN_USER_LOG_SCAN_INTERVAL setting: 5
07/07/26 18:01:02 DAGMAN_QUEUE_UPDATE_INTERVAL setting: 300.000000
07/07/26 18:01:02 DAGMAN_DEFAULT_PRIORITY setting: 0
07/07/26 18:01:02 DAGMAN_SUPPRESS_NOTIFICATION setting: False
07/07/26 18:01:02 allow_events (DAGMAN_ALLOW_EVENTS) setting: 114
07/07/26 18:01:02 DAGMAN_RETRY_SUBMIT_FIRST setting: True
07/07/26 18:01:02 DAGMAN_RETRY_NODE_FIRST setting: False
07/07/26 18:01:02 DAGMAN_MAX_JOBS_IDLE setting: 1000
07/07/26 18:01:02 DAGMAN_MAX_JOBS_SUBMITTED setting: 0
07/07/26 18:01:02 DAGMAN_MAX_PRE_SCRIPTS setting: 20
07/07/26 18:01:02 DAGMAN_MAX_POST_SCRIPTS setting: 20
07/07/26 18:01:02 DAGMAN_MAX_HOLD_SCRIPTS setting: 20
07/07/26 18:01:02 DAGMAN_MUNGE_NODE_NAMES setting: True
07/07/26 18:01:02 DAGMAN_ALLOW_ANY_NODE_NAME_CHARACTERS setting: False
07/07/26 18:01:02 DAGMAN_PROHIBIT_MULTI_JOBS setting: False
07/07/26 18:01:02 DAGMAN_SUBMIT_DEPTH_FIRST setting: False
07/07/26 18:01:02 DAGMAN_ALWAYS_RUN_POST setting: False
07/07/26 18:01:02 DAGMAN_CONDOR_SUBMIT_EXE setting: /usr/bin/condor_submit
07/07/26 18:01:02 DAGMAN_CONDOR_RM_EXE setting: /usr/bin/condor_rm
07/07/26 18:01:02 DAGMAN_USE_DIRECT_SUBMIT setting: True
07/07/26 18:01:02 DAGMAN_PRODUCE_JOB_CREDENTIALS setting: True
07/07/26 18:01:02 DAGMAN_DEFAULT_APPEND_VARS setting: False
07/07/26 18:01:02 DAGMAN_INHERIT_ATTRS_PREFIX setting: 
07/07/26 18:01:02 DAGMAN_INHERIT_ATTRS setting: 
07/07/26 18:01:02 DAGMAN_ABORT_DUPLICATES setting: True
07/07/26 18:01:02 DAGMAN_ABORT_ON_SCARY_SUBMIT setting: True
07/07/26 18:01:02 DAGMAN_PENDING_REPORT_INTERVAL setting: 600
07/07/26 18:01:02 DAGMAN_CHECK_QUEUE_INTERVAL setting: 28800
07/07/26 18:01:02 DAGMAN_PRINT_JOB_TABLE_INTERVAL setting: 900
07/07/26 18:01:02 DAGMAN_AUTO_RESCUE setting: True
07/07/26 18:01:02 DAGMAN_MAX_RESCUE_NUM setting: 100
07/07/26 18:01:02 DAGMAN_WRITE_PARTIAL_RESCUE setting: True
07/07/26 18:01:02 DAGMAN_RESET_RETRIES_UPON_RESCUE setting: True
07/07/26 18:01:02 DAGMAN_METRICS_FILE_VERSION setting: 2
07/07/26 18:01:02 DAGMAN_DEFAULT_NODE_LOG setting: @(DAG_DIR)/@(DAG_FILE).nodes.log
07/07/26 18:01:02 DAGMAN_LOG_ON_NFS_IS_ERROR setting: False
07/07/26 18:01:02 DAGMAN_GENERATE_SUBDAG_SUBMITS setting: True
07/07/26 18:01:02 DAGMAN_MAX_JOB_HOLDS setting: 100
07/07/26 18:01:02 DAGMAN_NODE_JOB_FAILURE_TOLERANCE setting: 0
07/07/26 18:01:02 DAGMAN_HOLD_CLAIM_TIME setting: 20
07/07/26 18:01:02 DAGMAN_SUPPRESS_JOB_LOGS setting: False
07/07/26 18:01:02 DAGMAN_REMOVE_NODE_JOBS setting: True
07/07/26 18:01:02 DAGMAN_PUT_FAILED_JOBS_ON_HOLD setting: False
07/07/26 18:01:02 DAGMAN_REMOVE_JOBS_AFTER_LIMIT_CHANGE setting: False
07/07/26 18:01:02 DAGMAN will adjust edges after parsing
07/07/26 18:01:02 argv[0] == "condor_scheduniv_exec.170256.0"
07/07/26 18:01:02 argv[1] == "-Lockfile"
07/07/26 18:01:02 argv[2] == "one_way_line_det_one_way_line_15_10_action_shield.dag.lock"
07/07/26 18:01:02 argv[3] == "-Dag"
07/07/26 18:01:02 argv[4] == "one_way_line_det_one_way_line_15_10_action_shield.dag"
07/07/26 18:01:02 argv[5] == "-CsdVersion"
07/07/26 18:01:02 argv[6] == "$CondorVersion: 24.12.19 2026-04-15 BuildID: 896241 PackageID: 24.12.19-1+deb12 GitSHA: c68f3e0e $"
07/07/26 18:01:02 argv[7] == "-dagman"
07/07/26 18:01:02 argv[8] == "/usr/bin/condor_dagman"
07/07/26 18:01:02 argv[9] == "-AutoRescue"
07/07/26 18:01:02 argv[10] == "1"
07/07/26 18:01:02 argv[11] == "-DoRescueFrom"
07/07/26 18:01:02 argv[12] == "0"
07/07/26 18:01:02 Can't open directory "/etc/condor/passwords.d" as PRIV_ROOT, errno: 13 (Permission denied)
07/07/26 18:01:02 Can't open directory "/etc/condor/passwords.d" as PRIV_ROOT, errno: 13 (Permission denied)
07/07/26 18:01:05 Workflow batch-id: <170256.0>
07/07/26 18:01:05 Workflow batch-name: <one_way_line_det_one_way_line_15_10_action_shield.dag+170256>
07/07/26 18:01:05 Workflow accounting_group: <teaching>
07/07/26 18:01:05 Workflow accounting_group_user: <atml_team041>
07/07/26 18:01:05 Warning: failed to get attribute DAGNodeName
07/07/26 18:01:05 Default node log file is: </home/atml_team041/condor_tutorial/jani_env/experiments/repair_wo_domain/submissions/action_shield/one_way_line_det/./one_way_line_det_one_way_line_15_10_action_shield.dag.nodes.log>
07/07/26 18:01:05 DAG Lockfile will be written to one_way_line_det_one_way_line_15_10_action_shield.dag.lock
07/07/26 18:01:05 DAG Input file is one_way_line_det_one_way_line_15_10_action_shield.dag
07/07/26 18:01:05 Parsing 1 dagfiles
07/07/26 18:01:05 Parsing one_way_line_det_one_way_line_15_10_action_shield.dag ...
07/07/26 18:01:05 Adjusting edges
07/07/26 18:01:05 Dag contains 5 total nodes
07/07/26 18:01:05 Lock file one_way_line_det_one_way_line_15_10_action_shield.dag.lock detected,
07/07/26 18:01:05 Duplicate DAGMan PID 42553 is no longer alive; this DAGMan should continue.
07/07/26 18:01:05 Bootstrapping...
07/07/26 18:01:05 Number of pre-completed nodes: 0
07/07/26 18:01:05 Running in RECOVERY mode... >>>>>>>>>>>>>>>>>>>>>>>>>>>>>>
07/07/26 18:01:05 Currently monitoring 1 HTCondor log file(s)
07/07/26 18:01:05 Event: ULOG_SUBMIT for HTCondor Node COLLECT (170265.0.0) {07/06/26 18:25:10} [recovery mode]
07/07/26 18:01:05 Number of idle job procs: 1
07/07/26 18:01:05 Reassigning the id of job COLLECT from (170265.0.0) to (170265.1.0)
07/07/26 18:01:05 Event: ULOG_SUBMIT for HTCondor Node COLLECT (170265.1.0) {07/06/26 18:25:10} [recovery mode]
07/07/26 18:01:05 Number of idle job procs: 2
07/07/26 18:01:05 Reassigning the id of job COLLECT from (170265.1.0) to (170265.10.0)
07/07/26 18:01:05 Event: ULOG_SUBMIT for HTCondor Node COLLECT (170265.10.0) {07/06/26 18:25:10} [recovery mode]
07/07/26 18:01:05 Number of idle job procs: 3
07/07/26 18:01:05 Reassigning the id of job COLLECT from (170265.10.0) to (170265.11.0)
07/07/26 18:01:05 Event: ULOG_SUBMIT for HTCondor Node COLLECT (170265.11.0) {07/06/26 18:25:10} [recovery mode]
07/07/26 18:01:05 Number of idle job procs: 4
07/07/26 18:01:05 Reassigning the id of job COLLECT from (170265.11.0) to (170265.12.0)
07/07/26 18:01:05 Event: ULOG_SUBMIT for HTCondor Node COLLECT (170265.12.0) {07/06/26 18:25:10} [recovery mode]
07/07/26 18:01:05 Number of idle job procs: 5
07/07/26 18:01:05 Reassigning the id of job COLLECT from (170265.12.0) to (170265.13.0)
07/07/26 18:01:05 Event: ULOG_SUBMIT for HTCondor Node COLLECT (170265.13.0) {07/06/26 18:25:10} [recovery mode]
07/07/26 18:01:05 Number of idle job procs: 6
07/07/26 18:01:05 Reassigning the id of job COLLECT from (170265.13.0) to (170265.14.0)
07/07/26 18:01:05 Event: ULOG_SUBMIT for HTCondor Node COLLECT (170265.14.0) {07/06/26 18:25:10} [recovery mode]
07/07/26 18:01:05 Number of idle job procs: 7
07/07/26 18:01:05 Reassigning the id of job COLLECT from (170265.14.0) to (170265.15.0)
07/07/26 18:01:05 Event: ULOG_SUBMIT for HTCondor Node COLLECT (170265.15.0) {07/06/26 18:25:10} [recovery mode]
07/07/26 18:01:05 Number of idle job procs: 8
07/07/26 18:01:05 Reassigning the id of job COLLECT from (170265.15.0) to (170265.16.0)
07/07/26 18:01:05 Event: ULOG_SUBMIT for HTCondor Node COLLECT (170265.16.0) {07/06/26 18:25:10} [recovery mode]
07/07/26 18:01:05 Number of idle job procs: 9
07/07/26 18:01:05 Reassigning the id of job COLLECT from (170265.16.0) to (170265.17.0)
07/07/26 18:01:05 Event: ULOG_SUBMIT for HTCondor Node COLLECT (170265.17.0) {07/06/26 18:25:10} [recovery mode]
07/07/26 18:01:05 Number of idle job procs: 10
07/07/26 18:01:05 Reassigning the id of job COLLECT from (170265.17.0) to (170265.18.0)
07/07/26 18:01:05 Event: ULOG_SUBMIT for HTCondor Node COLLECT (170265.18.0) {07/06/26 18:25:10} [recovery mode]
07/07/26 18:01:05 Number of idle job procs: 11
07/07/26 18:01:05 Reassigning the id of job COLLECT from (170265.18.0) to (170265.19.0)
07/07/26 18:01:05 Event: ULOG_SUBMIT for HTCondor Node COLLECT (170265.19.0) {07/06/26 18:25:10} [recovery mode]
07/07/26 18:01:05 Number of idle job procs: 12
07/07/26 18:01:05 Reassigning the id of job COLLECT from (170265.19.0) to (170265.2.0)
07/07/26 18:01:05 Event: ULOG_SUBMIT for HTCondor Node COLLECT (170265.2.0) {07/06/26 18:25:10} [recovery mode]
07/07/26 18:01:05 Number of idle job procs: 13
07/07/26 18:01:05 Reassigning the id of job COLLECT from (170265.2.0) to (170265.20.0)
07/07/26 18:01:05 Event: ULOG_SUBMIT for HTCondor Node COLLECT (170265.20.0) {07/06/26 18:25:10} [recovery mode]
07/07/26 18:01:05 Number of idle job procs: 14
07/07/26 18:01:05 Reassigning the id of job COLLECT from (170265.20.0) to (170265.21.0)
07/07/26 18:01:05 Event: ULOG_SUBMIT for HTCondor Node COLLECT (170265.21.0) {07/06/26 18:25:10} [recovery mode]
07/07/26 18:01:05 Number of idle job procs: 15
07/07/26 18:01:05 Reassigning the id of job COLLECT from (170265.21.0) to (170265.22.0)
07/07/26 18:01:05 Event: ULOG_SUBMIT for HTCondor Node COLLECT (170265.22.0) {07/06/26 18:25:10} [recovery mode]
07/07/26 18:01:05 Number of idle job procs: 16
07/07/26 18:01:05 Reassigning the id of job COLLECT from (170265.22.0) to (170265.23.0)
07/07/26 18:01:05 Event: ULOG_SUBMIT for HTCondor Node COLLECT (170265.23.0) {07/06/26 18:25:10} [recovery mode]
07/07/26 18:01:05 Number of idle job procs: 17
07/07/26 18:01:05 Reassigning the id of job COLLECT from (170265.23.0) to (170265.24.0)
07/07/26 18:01:05 Event: ULOG_SUBMIT for HTCondor Node COLLECT (170265.24.0) {07/06/26 18:25:10} [recovery mode]
07/07/26 18:01:05 Number of idle job procs: 18
07/07/26 18:01:05 Reassigning the id of job COLLECT from (170265.24.0) to (170265.25.0)
07/07/26 18:01:05 Event: ULOG_SUBMIT for HTCondor Node COLLECT (170265.25.0) {07/06/26 18:25:10} [recovery mode]
07/07/26 18:01:05 Number of idle job procs: 19
07/07/26 18:01:05 Reassigning the id of job COLLECT from (170265.25.0) to (170265.26.0)
07/07/26 18:01:05 Event: ULOG_SUBMIT for HTCondor Node COLLECT (170265.26.0) {07/06/26 18:25:10} [recovery mode]
07/07/26 18:01:05 Number of idle job procs: 20
07/07/26 18:01:05 Reassigning the id of job COLLECT from (170265.26.0) to (170265.27.0)
07/07/26 18:01:05 Event: ULOG_SUBMIT for HTCondor Node COLLECT (170265.27.0) {07/06/26 18:25:10} [recovery mode]
07/07/26 18:01:05 Number of idle job procs: 21
07/07/26 18:01:05 Reassigning the id of job COLLECT from (170265.27.0) to (170265.28.0)
07/07/26 18:01:05 Event: ULOG_SUBMIT for HTCondor Node COLLECT (170265.28.0) {07/06/26 18:25:10} [recovery mode]
07/07/26 18:01:05 Number of idle job procs: 22
07/07/26 18:01:05 Reassigning the id of job COLLECT from (170265.28.0) to (170265.29.0)
07/07/26 18:01:05 Event: ULOG_SUBMIT for HTCondor Node COLLECT (170265.29.0) {07/06/26 18:25:10} [recovery mode]
07/07/26 18:01:05 Number of idle job procs: 23
07/07/26 18:01:05 Reassigning the id of job COLLECT from (170265.29.0) to (170265.3.0)
07/07/26 18:01:05 Event: ULOG_SUBMIT for HTCondor Node COLLECT (170265.3.0) {07/06/26 18:25:10} [recovery mode]
07/07/26 18:01:05 Number of idle job procs: 24
07/07/26 18:01:05 Reassigning the id of job COLLECT from (170265.3.0) to (170265.30.0)
07/07/26 18:01:05 Event: ULOG_SUBMIT for HTCondor Node COLLECT (170265.30.0) {07/06/26 18:25:10} [recovery mode]
07/07/26 18:01:05 Number of idle job procs: 25
07/07/26 18:01:05 Reassigning the id of job COLLECT from (170265.30.0) to (170265.31.0)
07/07/26 18:01:05 Event: ULOG_SUBMIT for HTCondor Node COLLECT (170265.31.0) {07/06/26 18:25:10} [recovery mode]
07/07/26 18:01:05 Number of idle job procs: 26
07/07/26 18:01:05 Reassigning the id of job COLLECT from (170265.31.0) to (170265.32.0)
07/07/26 18:01:05 Event: ULOG_SUBMIT for HTCondor Node COLLECT (170265.32.0) {07/06/26 18:25:10} [recovery mode]
07/07/26 18:01:05 Number of idle job procs: 27
07/07/26 18:01:05 Reassigning the id of job COLLECT from (170265.32.0) to (170265.33.0)
07/07/26 18:01:05 Event: ULOG_SUBMIT for HTCondor Node COLLECT (170265.33.0) {07/06/26 18:25:10} [recovery mode]
07/07/26 18:01:05 Number of idle job procs: 28
07/07/26 18:01:05 Reassigning the id of job COLLECT from (170265.33.0) to (170265.34.0)
07/07/26 18:01:05 Event: ULOG_SUBMIT for HTCondor Node COLLECT (170265.34.0) {07/06/26 18:25:10} [recovery mode]
07/07/26 18:01:05 Number of idle job procs: 29
07/07/26 18:01:05 Reassigning the id of job COLLECT from (170265.34.0) to (170265.35.0)
07/07/26 18:01:05 Event: ULOG_SUBMIT for HTCondor Node COLLECT (170265.35.0) {07/06/26 18:25:10} [recovery mode]
07/07/26 18:01:05 Number of idle job procs: 30
07/07/26 18:01:05 Reassigning the id of job COLLECT from (170265.35.0) to (170265.36.0)
07/07/26 18:01:05 Event: ULOG_SUBMIT for HTCondor Node COLLECT (170265.36.0) {07/06/26 18:25:10} [recovery mode]
07/07/26 18:01:05 Number of idle job procs: 31
07/07/26 18:01:05 Reassigning the id of job COLLECT from (170265.36.0) to (170265.37.0)
07/07/26 18:01:05 Event: ULOG_SUBMIT for HTCondor Node COLLECT (170265.37.0) {07/06/26 18:25:10} [recovery mode]
07/07/26 18:01:05 Number of idle job procs: 32
07/07/26 18:01:05 Reassigning the id of job COLLECT from (170265.37.0) to (170265.38.0)
07/07/26 18:01:05 Event: ULOG_SUBMIT for HTCondor Node COLLECT (170265.38.0) {07/06/26 18:25:10} [recovery mode]
07/07/26 18:01:05 Number of idle job procs: 33
07/07/26 18:01:05 Reassigning the id of job COLLECT from (170265.38.0) to (170265.39.0)
07/07/26 18:01:05 Event: ULOG_SUBMIT for HTCondor Node COLLECT (170265.39.0) {07/06/26 18:25:10} [recovery mode]
07/07/26 18:01:05 Number of idle job procs: 34
07/07/26 18:01:05 Reassigning the id of job COLLECT from (170265.39.0) to (170265.4.0)
07/07/26 18:01:05 Event: ULOG_SUBMIT for HTCondor Node COLLECT (170265.4.0) {07/06/26 18:25:10} [recovery mode]
07/07/26 18:01:05 Number of idle job procs: 35
07/07/26 18:01:05 Reassigning the id of job COLLECT from (170265.4.0) to (170265.5.0)
07/07/26 18:01:05 Event: ULOG_SUBMIT for HTCondor Node COLLECT (170265.5.0) {07/06/26 18:25:10} [recovery mode]
07/07/26 18:01:05 Number of idle job procs: 36
07/07/26 18:01:05 Reassigning the id of job COLLECT from (170265.5.0) to (170265.6.0)
07/07/26 18:01:05 Event: ULOG_SUBMIT for HTCondor Node COLLECT (170265.6.0) {07/06/26 18:25:10} [recovery mode]
07/07/26 18:01:05 Number of idle job procs: 37
07/07/26 18:01:05 Reassigning the id of job COLLECT from (170265.6.0) to (170265.7.0)
07/07/26 18:01:05 Event: ULOG_SUBMIT for HTCondor Node COLLECT (170265.7.0) {07/06/26 18:25:10} [recovery mode]
07/07/26 18:01:05 Number of idle job procs: 38
07/07/26 18:01:05 Reassigning the id of job COLLECT from (170265.7.0) to (170265.8.0)
07/07/26 18:01:05 Event: ULOG_SUBMIT for HTCondor Node COLLECT (170265.8.0) {07/06/26 18:25:10} [recovery mode]
07/07/26 18:01:05 Number of idle job procs: 39
07/07/26 18:01:05 Reassigning the id of job COLLECT from (170265.8.0) to (170265.9.0)
07/07/26 18:01:05 Event: ULOG_SUBMIT for HTCondor Node COLLECT (170265.9.0) {07/06/26 18:25:10} [recovery mode]
07/07/26 18:01:05 Number of idle job procs: 40
07/07/26 18:01:05 Event: ULOG_EXECUTE for HTCondor Node COLLECT (170265.0.0) {07/07/26 02:37:24} [recovery mode]
07/07/26 18:01:05 Number of idle job procs: 39
07/07/26 18:01:05 Event: ULOG_EXECUTE for HTCondor Node COLLECT (170265.1.0) {07/07/26 02:38:25} [recovery mode]
07/07/26 18:01:05 Number of idle job procs: 38
07/07/26 18:01:05 Event: ULOG_JOB_TERMINATED for HTCondor Node COLLECT (170265.0.0) {07/07/26 02:45:30} [recovery mode]
07/07/26 18:01:05 Number of idle job procs: 38
07/07/26 18:01:05 Node COLLECT job proc (170265.0.0) completed successfully.
07/07/26 18:01:05 Event: ULOG_EXECUTE for HTCondor Node COLLECT (170265.2.0) {07/07/26 02:45:31} [recovery mode]
07/07/26 18:01:05 Number of idle job procs: 37
07/07/26 18:01:05 Event: ULOG_EXECUTE for HTCondor Node COLLECT (170265.3.0) {07/07/26 02:46:45} [recovery mode]
07/07/26 18:01:05 Number of idle job procs: 36
07/07/26 18:01:05 Event: ULOG_JOB_TERMINATED for HTCondor Node COLLECT (170265.1.0) {07/07/26 02:46:48} [recovery mode]
07/07/26 18:01:05 Number of idle job procs: 36
07/07/26 18:01:05 Node COLLECT job proc (170265.1.0) completed successfully.
07/07/26 18:01:05 Event: ULOG_EXECUTE for HTCondor Node COLLECT (170265.4.0) {07/07/26 02:46:50} [recovery mode]
07/07/26 18:01:05 Number of idle job procs: 35
07/07/26 18:01:05 Event: ULOG_EXECUTE for HTCondor Node COLLECT (170265.5.0) {07/07/26 02:51:04} [recovery mode]
07/07/26 18:01:05 Number of idle job procs: 34
07/07/26 18:01:05 Event: ULOG_JOB_TERMINATED for HTCondor Node COLLECT (170265.2.0) {07/07/26 02:53:47} [recovery mode]
07/07/26 18:01:05 Number of idle job procs: 34
07/07/26 18:01:05 Node COLLECT job proc (170265.2.0) completed successfully.
07/07/26 18:01:05 Event: ULOG_EXECUTE for HTCondor Node COLLECT (170265.6.0) {07/07/26 02:53:48} [recovery mode]
07/07/26 18:01:05 Number of idle job procs: 33
07/07/26 18:01:05 Event: ULOG_EXECUTE for HTCondor Node COLLECT (170265.7.0) {07/07/26 02:55:05} [recovery mode]
07/07/26 18:01:05 Number of idle job procs: 32
07/07/26 18:01:05 Event: ULOG_EXECUTE for HTCondor Node COLLECT (170265.8.0) {07/07/26 02:57:05} [recovery mode]
07/07/26 18:01:05 Number of idle job procs: 31
07/07/26 18:01:05 Event: ULOG_JOB_TERMINATED for HTCondor Node COLLECT (170265.4.0) {07/07/26 02:57:54} [recovery mode]
07/07/26 18:01:05 Number of idle job procs: 31
07/07/26 18:01:05 Node COLLECT job proc (170265.4.0) completed successfully.
07/07/26 18:01:05 Event: ULOG_JOB_TERMINATED for HTCondor Node COLLECT (170265.3.0) {07/07/26 02:57:54} [recovery mode]
07/07/26 18:01:05 Number of idle job procs: 31
07/07/26 18:01:05 Node COLLECT job proc (170265.3.0) completed successfully.
07/07/26 18:01:05 Event: ULOG_EXECUTE for HTCondor Node COLLECT (170265.9.0) {07/07/26 02:57:55} [recovery mode]
07/07/26 18:01:05 Number of idle job procs: 30
07/07/26 18:01:05 Event: ULOG_EXECUTE for HTCondor Node COLLECT (170265.10.0) {07/07/26 02:57:56} [recovery mode]
07/07/26 18:01:05 Number of idle job procs: 29
07/07/26 18:01:05 Event: ULOG_EXECUTE for HTCondor Node COLLECT (170265.11.0) {07/07/26 02:58:05} [recovery mode]
07/07/26 18:01:05 Number of idle job procs: 28
07/07/26 18:01:05 Event: ULOG_JOB_TERMINATED for HTCondor Node COLLECT (170265.5.0) {07/07/26 02:59:56} [recovery mode]
07/07/26 18:01:05 Number of idle job procs: 28
07/07/26 18:01:05 Node COLLECT job proc (170265.5.0) completed successfully.
07/07/26 18:01:05 Event: ULOG_EXECUTE for HTCondor Node COLLECT (170265.12.0) {07/07/26 02:59:57} [recovery mode]
07/07/26 18:01:05 Number of idle job procs: 27
07/07/26 18:01:05 Event: ULOG_EXECUTE for HTCondor Node COLLECT (170265.13.0) {07/07/26 03:00:05} [recovery mode]
07/07/26 18:01:05 Number of idle job procs: 26
07/07/26 18:01:05 Event: ULOG_EXECUTE for HTCondor Node COLLECT (170265.14.0) {07/07/26 03:01:05} [recovery mode]
07/07/26 18:01:05 Number of idle job procs: 25
07/07/26 18:01:05 Event: ULOG_JOB_TERMINATED for HTCondor Node COLLECT (170265.6.0) {07/07/26 03:02:04} [recovery mode]
07/07/26 18:01:05 Number of idle job procs: 25
07/07/26 18:01:05 Node COLLECT job proc (170265.6.0) completed successfully.
07/07/26 18:01:05 Event: ULOG_EXECUTE for HTCondor Node COLLECT (170265.15.0) {07/07/26 03:02:31} [recovery mode]
07/07/26 18:01:05 Number of idle job procs: 24
07/07/26 18:01:05 Event: ULOG_EXECUTE for HTCondor Node COLLECT (170265.16.0) {07/07/26 03:03:30} [recovery mode]
07/07/26 18:01:05 Number of idle job procs: 23
07/07/26 18:01:05 Event: ULOG_JOB_TERMINATED for HTCondor Node COLLECT (170265.7.0) {07/07/26 03:04:00} [recovery mode]
07/07/26 18:01:05 Number of idle job procs: 23
07/07/26 18:01:05 Node COLLECT job proc (170265.7.0) completed successfully.
07/07/26 18:01:06 Event: ULOG_EXECUTE for HTCondor Node COLLECT (170265.17.0) {07/07/26 03:04:01} [recovery mode]
07/07/26 18:01:06 Number of idle job procs: 22
07/07/26 18:01:06 Event: ULOG_EXECUTE for HTCondor Node COLLECT (170265.18.0) {07/07/26 03:04:30} [recovery mode]
07/07/26 18:01:06 Number of idle job procs: 21
07/07/26 18:01:06 Event: ULOG_JOB_TERMINATED for HTCondor Node COLLECT (170265.8.0) {07/07/26 03:05:58} [recovery mode]
07/07/26 18:01:06 Number of idle job procs: 21
07/07/26 18:01:06 Node COLLECT job proc (170265.8.0) completed successfully.
07/07/26 18:01:06 Event: ULOG_EXECUTE for HTCondor Node COLLECT (170265.19.0) {07/07/26 03:06:00} [recovery mode]
07/07/26 18:01:06 Number of idle job procs: 20
07/07/26 18:01:06 Event: ULOG_JOB_TERMINATED for HTCondor Node COLLECT (170265.10.0) {07/07/26 03:06:23} [recovery mode]
07/07/26 18:01:06 Number of idle job procs: 20
07/07/26 18:01:06 Node COLLECT job proc (170265.10.0) completed successfully.
07/07/26 18:01:06 Event: ULOG_JOB_TERMINATED for HTCondor Node COLLECT (170265.9.0) {07/07/26 03:06:24} [recovery mode]
07/07/26 18:01:06 Number of idle job procs: 20
07/07/26 18:01:06 Node COLLECT job proc (170265.9.0) completed successfully.
07/07/26 18:01:06 Event: ULOG_EXECUTE for HTCondor Node COLLECT (170265.20.0) {07/07/26 03:06:24} [recovery mode]
07/07/26 18:01:06 Number of idle job procs: 19
07/07/26 18:01:06 Event: ULOG_EXECUTE for HTCondor Node COLLECT (170265.21.0) {07/07/26 03:06:50} [recovery mode]
07/07/26 18:01:06 Number of idle job procs: 18
07/07/26 18:01:06 Event: ULOG_EXECUTE for HTCondor Node COLLECT (170265.22.0) {07/07/26 03:06:51} [recovery mode]
07/07/26 18:01:06 Number of idle job procs: 17
07/07/26 18:01:06 Event: ULOG_JOB_TERMINATED for HTCondor Node COLLECT (170265.11.0) {07/07/26 03:06:52} [recovery mode]
07/07/26 18:01:06 Number of idle job procs: 17
07/07/26 18:01:06 Node COLLECT job proc (170265.11.0) completed successfully.
07/07/26 18:01:06 Event: ULOG_EXECUTE for HTCondor Node COLLECT (170265.23.0) {07/07/26 03:06:54} [recovery mode]
07/07/26 18:01:06 Number of idle job procs: 16
07/07/26 18:01:06 Event: ULOG_JOB_TERMINATED for HTCondor Node COLLECT (170265.13.0) {07/07/26 03:08:41} [recovery mode]
07/07/26 18:01:06 Number of idle job procs: 16
07/07/26 18:01:06 Node COLLECT job proc (170265.13.0) completed successfully.
07/07/26 18:01:06 Event: ULOG_EXECUTE for HTCondor Node COLLECT (170265.24.0) {07/07/26 03:08:43} [recovery mode]
07/07/26 18:01:06 Number of idle job procs: 15
07/07/26 18:01:06 Event: ULOG_JOB_TERMINATED for HTCondor Node COLLECT (170265.12.0) {07/07/26 03:08:44} [recovery mode]
07/07/26 18:01:06 Number of idle job procs: 15
07/07/26 18:01:06 Node COLLECT job proc (170265.12.0) completed successfully.
07/07/26 18:01:06 Event: ULOG_EXECUTE for HTCondor Node COLLECT (170265.25.0) {07/07/26 03:08:46} [recovery mode]
07/07/26 18:01:06 Number of idle job procs: 14
07/07/26 18:01:06 Event: ULOG_JOB_TERMINATED for HTCondor Node COLLECT (170265.14.0) {07/07/26 03:09:53} [recovery mode]
07/07/26 18:01:06 Number of idle job procs: 14
07/07/26 18:01:06 Node COLLECT job proc (170265.14.0) completed successfully.
07/07/26 18:01:06 Event: ULOG_EXECUTE for HTCondor Node COLLECT (170265.26.0) {07/07/26 03:09:54} [recovery mode]
07/07/26 18:01:06 Number of idle job procs: 13
07/07/26 18:01:06 Event: ULOG_JOB_TERMINATED for HTCondor Node COLLECT (170265.15.0) {07/07/26 03:10:35} [recovery mode]
07/07/26 18:01:06 Number of idle job procs: 13
07/07/26 18:01:06 Node COLLECT job proc (170265.15.0) completed successfully.
07/07/26 18:01:06 Event: ULOG_EXECUTE for HTCondor Node COLLECT (170265.27.0) {07/07/26 03:10:36} [recovery mode]
07/07/26 18:01:06 Number of idle job procs: 12
07/07/26 18:01:06 Event: ULOG_JOB_TERMINATED for HTCondor Node COLLECT (170265.16.0) {07/07/26 03:12:24} [recovery mode]
07/07/26 18:01:06 Number of idle job procs: 12
07/07/26 18:01:06 Node COLLECT job proc (170265.16.0) completed successfully.
07/07/26 18:01:06 Event: ULOG_EXECUTE for HTCondor Node COLLECT (170265.28.0) {07/07/26 03:12:25} [recovery mode]
07/07/26 18:01:06 Number of idle job procs: 11
07/07/26 18:01:06 Event: ULOG_JOB_TERMINATED for HTCondor Node COLLECT (170265.17.0) {07/07/26 03:12:52} [recovery mode]
07/07/26 18:01:06 Number of idle job procs: 11
07/07/26 18:01:06 Node COLLECT job proc (170265.17.0) completed successfully.
07/07/26 18:01:06 Event: ULOG_EXECUTE for HTCondor Node COLLECT (170265.29.0) {07/07/26 03:12:53} [recovery mode]
07/07/26 18:01:06 Number of idle job procs: 10
07/07/26 18:01:06 Event: ULOG_JOB_TERMINATED for HTCondor Node COLLECT (170265.18.0) {07/07/26 03:13:11} [recovery mode]
07/07/26 18:01:06 Number of idle job procs: 10
07/07/26 18:01:06 Node COLLECT job proc (170265.18.0) completed successfully.
07/07/26 18:01:06 Event: ULOG_EXECUTE for HTCondor Node COLLECT (170265.30.0) {07/07/26 03:13:12} [recovery mode]
07/07/26 18:01:06 Number of idle job procs: 9
07/07/26 18:01:06 Event: ULOG_JOB_TERMINATED for HTCondor Node COLLECT (170265.22.0) {07/07/26 03:14:29} [recovery mode]
07/07/26 18:01:06 Number of idle job procs: 9
07/07/26 18:01:06 Node COLLECT job proc (170265.22.0) completed successfully.
07/07/26 18:01:06 Event: ULOG_EXECUTE for HTCondor Node COLLECT (170265.31.0) {07/07/26 03:14:30} [recovery mode]
07/07/26 18:01:06 Number of idle job procs: 8
07/07/26 18:01:06 Event: ULOG_JOB_TERMINATED for HTCondor Node COLLECT (170265.20.0) {07/07/26 03:14:42} [recovery mode]
07/07/26 18:01:06 Number of idle job procs: 8
07/07/26 18:01:06 Node COLLECT job proc (170265.20.0) completed successfully.
07/07/26 18:01:06 Event: ULOG_JOB_TERMINATED for HTCondor Node COLLECT (170265.19.0) {07/07/26 03:15:00} [recovery mode]
07/07/26 18:01:06 Number of idle job procs: 8
07/07/26 18:01:06 Node COLLECT job proc (170265.19.0) completed successfully.
07/07/26 18:01:06 Event: ULOG_EXECUTE for HTCondor Node COLLECT (170265.32.0) {07/07/26 03:15:01} [recovery mode]
07/07/26 18:01:06 Number of idle job procs: 7
07/07/26 18:01:06 Event: ULOG_JOB_TERMINATED for HTCondor Node COLLECT (170265.23.0) {07/07/26 03:15:37} [recovery mode]
07/07/26 18:01:06 Number of idle job procs: 7
07/07/26 18:01:06 Node COLLECT job proc (170265.23.0) completed successfully.
07/07/26 18:01:06 Event: ULOG_EXECUTE for HTCondor Node COLLECT (170265.33.0) {07/07/26 03:15:38} [recovery mode]
07/07/26 18:01:06 Number of idle job procs: 6
07/07/26 18:01:06 Event: ULOG_JOB_TERMINATED for HTCondor Node COLLECT (170265.21.0) {07/07/26 03:15:48} [recovery mode]
07/07/26 18:01:06 Number of idle job procs: 6
07/07/26 18:01:06 Node COLLECT job proc (170265.21.0) completed successfully.
07/07/26 18:01:06 Event: ULOG_EXECUTE for HTCondor Node COLLECT (170265.34.0) {07/07/26 03:15:49} [recovery mode]
07/07/26 18:01:06 Number of idle job procs: 5
07/07/26 18:01:06 Event: ULOG_JOB_TERMINATED for HTCondor Node COLLECT (170265.24.0) {07/07/26 03:17:26} [recovery mode]
07/07/26 18:01:06 Number of idle job procs: 5
07/07/26 18:01:06 Node COLLECT job proc (170265.24.0) completed successfully.
07/07/26 18:01:06 Event: ULOG_EXECUTE for HTCondor Node COLLECT (170265.35.0) {07/07/26 03:17:28} [recovery mode]
07/07/26 18:01:06 Number of idle job procs: 4
07/07/26 18:01:06 Event: ULOG_JOB_TERMINATED for HTCondor Node COLLECT (170265.25.0) {07/07/26 03:17:44} [recovery mode]
07/07/26 18:01:06 Number of idle job procs: 4
07/07/26 18:01:06 Node COLLECT job proc (170265.25.0) completed successfully.
07/07/26 18:01:06 Event: ULOG_JOB_TERMINATED for HTCondor Node COLLECT (170265.26.0) {07/07/26 03:18:16} [recovery mode]
07/07/26 18:01:06 Number of idle job procs: 4
07/07/26 18:01:06 Node COLLECT job proc (170265.26.0) completed successfully.
07/07/26 18:01:06 Event: ULOG_EXECUTE for HTCondor Node COLLECT (170265.36.0) {07/07/26 03:18:17} [recovery mode]
07/07/26 18:01:06 Number of idle job procs: 3
07/07/26 18:01:06 Event: ULOG_EXECUTE for HTCondor Node COLLECT (170265.37.0) {07/07/26 03:18:42} [recovery mode]
07/07/26 18:01:06 Number of idle job procs: 2
07/07/26 18:01:06 Event: ULOG_JOB_TERMINATED for HTCondor Node COLLECT (170265.27.0) {07/07/26 03:19:04} [recovery mode]
07/07/26 18:01:06 Number of idle job procs: 2
07/07/26 18:01:06 Node COLLECT job proc (170265.27.0) completed successfully.
07/07/26 18:01:06 Event: ULOG_EXECUTE for HTCondor Node COLLECT (170265.38.0) {07/07/26 03:19:05} [recovery mode]
07/07/26 18:01:06 Number of idle job procs: 1
07/07/26 18:01:06 Event: ULOG_EXECUTE for HTCondor Node COLLECT (170265.39.0) {07/07/26 03:20:43} [recovery mode]
07/07/26 18:01:06 Number of idle job procs: 0
07/07/26 18:01:06 Event: ULOG_JOB_TERMINATED for HTCondor Node COLLECT (170265.28.0) {07/07/26 03:21:27} [recovery mode]
07/07/26 18:01:06 Number of idle job procs: 0
07/07/26 18:01:06 Node COLLECT job proc (170265.28.0) completed successfully.
07/07/26 18:01:06 Event: ULOG_JOB_TERMINATED for HTCondor Node COLLECT (170265.29.0) {07/07/26 03:21:32} [recovery mode]
07/07/26 18:01:06 Number of idle job procs: 0
07/07/26 18:01:06 Node COLLECT job proc (170265.29.0) completed successfully.
07/07/26 18:01:06 Event: ULOG_JOB_TERMINATED for HTCondor Node COLLECT (170265.30.0) {07/07/26 03:21:44} [recovery mode]
07/07/26 18:01:06 Number of idle job procs: 0
07/07/26 18:01:06 Node COLLECT job proc (170265.30.0) completed successfully.
07/07/26 18:01:06 Event: ULOG_JOB_TERMINATED for HTCondor Node COLLECT (170265.31.0) {07/07/26 03:23:00} [recovery mode]
07/07/26 18:01:06 Number of idle job procs: 0
07/07/26 18:01:06 Node COLLECT job proc (170265.31.0) completed successfully.
07/07/26 18:01:06 Event: ULOG_JOB_TERMINATED for HTCondor Node COLLECT (170265.32.0) {07/07/26 03:23:46} [recovery mode]
07/07/26 18:01:06 Number of idle job procs: 0
07/07/26 18:01:06 Node COLLECT job proc (170265.32.0) completed successfully.
07/07/26 18:01:06 Event: ULOG_JOB_TERMINATED for HTCondor Node COLLECT (170265.33.0) {07/07/26 03:24:18} [recovery mode]
07/07/26 18:01:06 Number of idle job procs: 0
07/07/26 18:01:06 Node COLLECT job proc (170265.33.0) completed successfully.
07/07/26 18:01:06 Event: ULOG_JOB_TERMINATED for HTCondor Node COLLECT (170265.34.0) {07/07/26 03:24:45} [recovery mode]
07/07/26 18:01:06 Number of idle job procs: 0
07/07/26 18:01:06 Node COLLECT job proc (170265.34.0) completed successfully.
07/07/26 18:01:06 Event: ULOG_JOB_TERMINATED for HTCondor Node COLLECT (170265.35.0) {07/07/26 03:26:07} [recovery mode]
07/07/26 18:01:06 Number of idle job procs: 0
07/07/26 18:01:06 Node COLLECT job proc (170265.35.0) completed successfully.
07/07/26 18:01:06 Event: ULOG_JOB_TERMINATED for HTCondor Node COLLECT (170265.38.0) {07/07/26 03:27:33} [recovery mode]
07/07/26 18:01:06 Number of idle job procs: 0
07/07/26 18:01:06 Node COLLECT job proc (170265.38.0) completed successfully.
07/07/26 18:01:06 Event: ULOG_JOB_TERMINATED for HTCondor Node COLLECT (170265.37.0) {07/07/26 03:27:34} [recovery mode]
07/07/26 18:01:06 Number of idle job procs: 0
07/07/26 18:01:06 Node COLLECT job proc (170265.37.0) completed successfully.
07/07/26 18:01:06 Event: ULOG_JOB_TERMINATED for HTCondor Node COLLECT (170265.36.0) {07/07/26 03:28:12} [recovery mode]
07/07/26 18:01:06 Number of idle job procs: 0
07/07/26 18:01:06 Node COLLECT job proc (170265.36.0) completed successfully.
07/07/26 18:01:06 Event: ULOG_JOB_TERMINATED for HTCondor Node COLLECT (170265.39.0) {07/07/26 03:29:22} [recovery mode]
07/07/26 18:01:06 Number of idle job procs: 0
07/07/26 18:01:06 Node COLLECT job proc (170265.39.0) completed successfully.
07/07/26 18:01:06 Node COLLECT job(s) have exited the queue
07/07/26 18:01:06 Event: ULOG_SUBMIT for HTCondor Node MERGE_COLLECTION (170311.0.0) {07/07/26 03:29:29} [recovery mode]
07/07/26 18:01:06 Number of idle job procs: 1
07/07/26 18:01:06     ------------------------------
07/07/26 18:01:06        HTCondor Recovery Complete
07/07/26 18:01:06     ------------------------------
07/07/26 18:01:06 ...done with RECOVERY mode <<<<<<<<<<<<<<<<<<<<<<<<<<<<<<
07/07/26 18:01:06 1 nodes claim to have jobs submitted to queue. Verifying...
07/07/26 18:01:06 Querying local schedd for associated jobs in queue
07/07/26 18:01:06 All pending job states validated
07/07/26 18:01:06 DAG status: 0 (DAG_STATUS_OK)
07/07/26 18:01:06 Of 5 nodes total:
07/07/26 18:01:06  Done     Pre   Queued    Post   Ready   Un-Ready   Failed   Futile
07/07/26 18:01:06   ===     ===      ===     ===     ===        ===      ===      ===
07/07/26 18:01:06     1       0        1       0       0          3        0        0
07/07/26 18:01:06 0 job proc(s) currently held
07/07/26 18:01:06 DAGMan Runtime Statistics: [EventCycleTimeSum=0.000; SleepCycleTimeSum=0.000; SubmitCycleTimeSum=0.000; EventCycleTimeCount=0.000; SleepCycleTimeCount=0.000; SubmitCycleTimeCount=0.000; LogProcessCycleTimeSum=0.000; LogProcessCycleTimeCount=0.000; ]
07/07/26 18:01:06 DAG status: 0 (DAG_STATUS_OK)
07/07/26 18:01:06 Of 5 nodes total:
07/07/26 18:01:06  Done     Pre   Queued    Post   Ready   Un-Ready   Failed   Futile
07/07/26 18:01:06   ===     ===      ===     ===     ===        ===      ===      ===
07/07/26 18:01:06     1       0        1       0       0          3        0        0
07/07/26 18:01:06 0 job proc(s) currently held
07/07/26 18:01:06 DAGMan Runtime Statistics: [EventCycleTimeSum=0.000; SleepCycleTimeSum=0.000; SubmitCycleTimeSum=0.000; EventCycleTimeCount=0.000; SleepCycleTimeCount=0.000; SubmitCycleTimeCount=0.000; LogProcessCycleTimeSum=0.000; LogProcessCycleTimeCount=0.000; ]
07/07/26 18:01:06 Registering condor_event_timer...
07/07/26 18:01:07 Currently monitoring 1 HTCondor log file(s)
07/07/26 18:01:07 DAG status: 0 (DAG_STATUS_OK)
07/07/26 18:01:07 Of 5 nodes total:
07/07/26 18:01:07  Done     Pre   Queued    Post   Ready   Un-Ready   Failed   Futile
07/07/26 18:01:07   ===     ===      ===     ===     ===        ===      ===      ===
07/07/26 18:01:07     1       0        1       0       0          3        0        0
07/07/26 18:01:07 0 job proc(s) currently held
07/07/26 18:01:07 DAGMan Runtime Statistics: [EventCycleTimeSum=0.000; SleepCycleTimeSum=0.000; SubmitCycleTimeAvg=0.000; SubmitCycleTimeMax=0.000; SubmitCycleTimeMin=0.000; SubmitCycleTimeStd=0.000; SubmitCycleTimeSum=0.000; EventCycleTimeCount=0.000; SleepCycleTimeCount=0.000; SubmitCycleTimeCount=1.000; LogProcessCycleTimeAvg=0.001; LogProcessCycleTimeMax=0.001; LogProcessCycleTimeMin=0.001; LogProcessCycleTimeStd=0.001; LogProcessCycleTimeSum=0.001; LogProcessCycleTimeCount=1.000; ]
07/07/26 18:11:07 600 seconds since last log event
07/07/26 18:11:07 Pending DAG nodes:
07/07/26 18:11:07   Node MERGE_COLLECTION, HTCondor ID 170311, status STATUS_SUBMITTED
07/07/26 18:16:08 Total jobs placed to AP: 41
07/07/26 18:16:08      Idle     Held     Running     Successful     Failed
07/07/26 18:16:08       ===      ===         ===            ===        ===
07/07/26 18:16:08         1        0           0             40          0
07/07/26 18:21:08 1201 seconds since last log event
07/07/26 18:21:08 Pending DAG nodes:
07/07/26 18:21:08   Node MERGE_COLLECTION, HTCondor ID 170311, status STATUS_SUBMITTED
07/07/26 18:31:08 1801 seconds since last log event
07/07/26 18:31:08 Pending DAG nodes:
07/07/26 18:31:08   Node MERGE_COLLECTION, HTCondor ID 170311, status STATUS_SUBMITTED
07/07/26 18:31:08 Total jobs placed to AP: 41
07/07/26 18:31:08      Idle     Held     Running     Successful     Failed
07/07/26 18:31:08       ===      ===         ===            ===        ===
07/07/26 18:31:08         1        0           0             40          0
07/07/26 18:41:09 2402 seconds since last log event
07/07/26 18:41:09 Pending DAG nodes:
07/07/26 18:41:09   Node MERGE_COLLECTION, HTCondor ID 170311, status STATUS_SUBMITTED
07/07/26 18:46:09 Total jobs placed to AP: 41
07/07/26 18:46:09      Idle     Held     Running     Successful     Failed
07/07/26 18:46:09       ===      ===         ===            ===        ===
07/07/26 18:46:09         1        0           0             40          0
07/07/26 18:51:10 3003 seconds since last log event
07/07/26 18:51:10 Pending DAG nodes:
07/07/26 18:51:10   Node MERGE_COLLECTION, HTCondor ID 170311, status STATUS_SUBMITTED
07/07/26 19:01:10 3603 seconds since last log event
07/07/26 19:01:10 Pending DAG nodes:
07/07/26 19:01:10   Node MERGE_COLLECTION, HTCondor ID 170311, status STATUS_SUBMITTED
07/07/26 19:01:10 Total jobs placed to AP: 41
07/07/26 19:01:10      Idle     Held     Running     Successful     Failed
07/07/26 19:01:10       ===      ===         ===            ===        ===
07/07/26 19:01:10         1        0           0             40          0
07/07/26 19:03:30 Currently monitoring 1 HTCondor log file(s)
07/07/26 19:03:30 Event: ULOG_EXECUTE for HTCondor Node MERGE_COLLECTION (170311.0.0) {07/07/26 19:03:28}
07/07/26 19:03:30 Number of idle job procs: 0
07/07/26 19:06:21 Currently monitoring 1 HTCondor log file(s)
07/07/26 19:06:21 Event: ULOG_JOB_TERMINATED for HTCondor Node MERGE_COLLECTION (170311.0.0) {07/07/26 19:06:20}
07/07/26 19:06:21 Number of idle job procs: 0
07/07/26 19:06:21 Node MERGE_COLLECTION job proc (170311.0.0) completed successfully.
07/07/26 19:06:21 Node MERGE_COLLECTION job(s) have exited the queue
07/07/26 19:06:21 DAG status: 0 (DAG_STATUS_OK)
07/07/26 19:06:21 Of 5 nodes total:
07/07/26 19:06:21  Done     Pre   Queued    Post   Ready   Un-Ready   Failed   Futile
07/07/26 19:06:21   ===     ===      ===     ===     ===        ===      ===      ===
07/07/26 19:06:21     2       0        0       0       1          2        0        0
07/07/26 19:06:21 0 job proc(s) currently held
07/07/26 19:06:21 DAGMan Runtime Statistics: [EventCycleTimeAvg=0.000; EventCycleTimeMax=0.030; EventCycleTimeMin=0.000; EventCycleTimeStd=0.002; EventCycleTimeSum=0.301; SleepCycleTimeAvg=5.005; SleepCycleTimeMax=5.025; SleepCycleTimeMin=5.000; SleepCycleTimeStd=0.002; SleepCycleTimeSum=3913.523; SubmitCycleTimeAvg=0.000; SubmitCycleTimeMax=0.000; SubmitCycleTimeMin=0.000; SubmitCycleTimeStd=0.000; SubmitCycleTimeSum=0.000; EventCycleTimeCount=782.000; SleepCycleTimeCount=782.000; SubmitCycleTimeCount=783.000; LogProcessCycleTimeAvg=0.002; LogProcessCycleTimeMax=0.004; LogProcessCycleTimeMin=0.001; LogProcessCycleTimeStd=0.002; LogProcessCycleTimeSum=0.007; LogProcessCycleTimeCount=3.000; ]
07/07/26 19:06:26 Submitting HTCondor Node TRAIN job(s)...
07/07/26 19:06:26 Submitting node TRAIN from file one_way_line_det_one_way_line_15_10_action_shield_train.sub using direct job submission
07/07/26 19:06:26 	assigned HTCondor ID (170442.0.0)
07/07/26 19:06:26 Just submitted 1 job this cycle...
07/07/26 19:06:26 DAG status: 0 (DAG_STATUS_OK)
07/07/26 19:06:26 Of 5 nodes total:
07/07/26 19:06:26  Done     Pre   Queued    Post   Ready   Un-Ready   Failed   Futile
07/07/26 19:06:26   ===     ===      ===     ===     ===        ===      ===      ===
07/07/26 19:06:26     2       0        1       0       0          2        0        0
07/07/26 19:06:26 0 job proc(s) currently held
07/07/26 19:06:26 DAGMan Runtime Statistics: [EventCycleTimeAvg=0.000; EventCycleTimeMax=0.030; EventCycleTimeMin=0.000; EventCycleTimeStd=0.002; EventCycleTimeSum=0.309; SleepCycleTimeAvg=5.005; SleepCycleTimeMax=5.025; SleepCycleTimeMin=5.000; SleepCycleTimeStd=0.002; SleepCycleTimeSum=3918.527; SubmitCycleTimeAvg=0.000; SubmitCycleTimeMax=0.029; SubmitCycleTimeMin=0.000; SubmitCycleTimeStd=0.001; SubmitCycleTimeSum=0.030; EventCycleTimeCount=783.000; SleepCycleTimeCount=783.000; SubmitCycleTimeCount=784.000; LogProcessCycleTimeAvg=0.002; LogProcessCycleTimeMax=0.004; LogProcessCycleTimeMin=0.001; LogProcessCycleTimeStd=0.002; LogProcessCycleTimeSum=0.007; LogProcessCycleTimeCount=3.000; ]
07/07/26 19:06:31 Currently monitoring 1 HTCondor log file(s)
07/07/26 19:06:31 Reassigning the id of job TRAIN from (170442.0.0) to (170442.0.0)
07/07/26 19:06:31 Event: ULOG_SUBMIT for HTCondor Node TRAIN (170442.0.0) {07/07/26 19:06:26}
07/07/26 19:06:31 Number of idle job procs: 1
07/07/26 19:06:31 Event: ULOG_EXECUTE for HTCondor Node TRAIN (170442.0.0) {07/07/26 19:06:27}
07/07/26 19:06:31 Number of idle job procs: 0
07/07/26 19:13:01 Currently monitoring 1 HTCondor log file(s)
07/07/26 19:13:01 Event: ULOG_JOB_TERMINATED for HTCondor Node TRAIN (170442.0.0) {07/07/26 19:12:58}
07/07/26 19:13:01 Number of idle job procs: 0
07/07/26 19:13:01 Node TRAIN job proc (170442.0.0) completed successfully.
07/07/26 19:13:01 Node TRAIN job(s) have exited the queue
07/07/26 19:13:01 DAG status: 0 (DAG_STATUS_OK)
07/07/26 19:13:01 Of 5 nodes total:
07/07/26 19:13:01  Done     Pre   Queued    Post   Ready   Un-Ready   Failed   Futile
07/07/26 19:13:01   ===     ===      ===     ===     ===        ===      ===      ===
07/07/26 19:13:01     3       0        0       0       1          1        0        0
07/07/26 19:13:01 0 job proc(s) currently held
07/07/26 19:13:01 DAGMan Runtime Statistics: [EventCycleTimeAvg=0.000; EventCycleTimeMax=0.035; EventCycleTimeMin=0.000; EventCycleTimeStd=0.002; EventCycleTimeSum=0.357; SleepCycleTimeAvg=5.004; SleepCycleTimeMax=5.025; SleepCycleTimeMin=5.000; SleepCycleTimeStd=0.002; SleepCycleTimeSum=4313.849; SubmitCycleTimeAvg=0.000; SubmitCycleTimeMax=0.029; SubmitCycleTimeMin=0.000; SubmitCycleTimeStd=0.001; SubmitCycleTimeSum=0.030; EventCycleTimeCount=862.000; SleepCycleTimeCount=862.000; SubmitCycleTimeCount=863.000; LogProcessCycleTimeAvg=0.003; LogProcessCycleTimeMax=0.005; LogProcessCycleTimeMin=0.001; LogProcessCycleTimeStd=0.002; LogProcessCycleTimeSum=0.015; LogProcessCycleTimeCount=5.000; ]
07/07/26 19:13:06 Submitting HTCondor Node EVALUATE job(s)...
07/07/26 19:13:06 Submitting node EVALUATE from file one_way_line_det_one_way_line_15_10_action_shield_evaluate.sub using direct job submission
07/07/26 19:13:06 	assigned HTCondor ID (170444.0.0)
07/07/26 19:13:06 Just submitted 1 job this cycle...
07/07/26 19:13:06 DAG status: 0 (DAG_STATUS_OK)
07/07/26 19:13:06 Of 5 nodes total:
07/07/26 19:13:06  Done     Pre   Queued    Post   Ready   Un-Ready   Failed   Futile
07/07/26 19:13:06   ===     ===      ===     ===     ===        ===      ===      ===
07/07/26 19:13:06     3       0        1       0       0          1        0        0
07/07/26 19:13:06 0 job proc(s) currently held
07/07/26 19:13:06 DAGMan Runtime Statistics: [EventCycleTimeAvg=0.000; EventCycleTimeMax=0.035; EventCycleTimeMin=0.000; EventCycleTimeStd=0.003; EventCycleTimeSum=0.363; SleepCycleTimeAvg=5.004; SleepCycleTimeMax=5.025; SleepCycleTimeMin=5.000; SleepCycleTimeStd=0.002; SleepCycleTimeSum=4318.854; SubmitCycleTimeAvg=0.000; SubmitCycleTimeMax=0.099; SubmitCycleTimeMin=0.000; SubmitCycleTimeStd=0.004; SubmitCycleTimeSum=0.129; EventCycleTimeCount=863.000; SleepCycleTimeCount=863.000; SubmitCycleTimeCount=864.000; LogProcessCycleTimeAvg=0.003; LogProcessCycleTimeMax=0.005; LogProcessCycleTimeMin=0.001; LogProcessCycleTimeStd=0.002; LogProcessCycleTimeSum=0.015; LogProcessCycleTimeCount=5.000; ]
07/07/26 19:13:11 Currently monitoring 1 HTCondor log file(s)
07/07/26 19:13:11 Reassigning the id of job EVALUATE from (170444.0.0) to (170444.0.0)
07/07/26 19:13:11 Event: ULOG_SUBMIT for HTCondor Node EVALUATE (170444.0.0) {07/07/26 19:13:06}
07/07/26 19:13:11 Number of idle job procs: 1
07/07/26 19:13:11 Reassigning the id of job EVALUATE from (170444.0.0) to (170444.1.0)
07/07/26 19:13:11 Event: ULOG_SUBMIT for HTCondor Node EVALUATE (170444.1.0) {07/07/26 19:13:06}
07/07/26 19:13:11 Number of idle job procs: 2
07/07/26 19:13:11 Reassigning the id of job EVALUATE from (170444.1.0) to (170444.10.0)
07/07/26 19:13:11 Event: ULOG_SUBMIT for HTCondor Node EVALUATE (170444.10.0) {07/07/26 19:13:06}
07/07/26 19:13:11 Number of idle job procs: 3
07/07/26 19:13:11 Reassigning the id of job EVALUATE from (170444.10.0) to (170444.11.0)
07/07/26 19:13:11 Event: ULOG_SUBMIT for HTCondor Node EVALUATE (170444.11.0) {07/07/26 19:13:06}
07/07/26 19:13:11 Number of idle job procs: 4
07/07/26 19:13:11 Reassigning the id of job EVALUATE from (170444.11.0) to (170444.12.0)
07/07/26 19:13:11 Event: ULOG_SUBMIT for HTCondor Node EVALUATE (170444.12.0) {07/07/26 19:13:06}
07/07/26 19:13:11 Number of idle job procs: 5
07/07/26 19:13:11 Reassigning the id of job EVALUATE from (170444.12.0) to (170444.13.0)
07/07/26 19:13:11 Event: ULOG_SUBMIT for HTCondor Node EVALUATE (170444.13.0) {07/07/26 19:13:06}
07/07/26 19:13:11 Number of idle job procs: 6
07/07/26 19:13:11 Reassigning the id of job EVALUATE from (170444.13.0) to (170444.14.0)
07/07/26 19:13:11 Event: ULOG_SUBMIT for HTCondor Node EVALUATE (170444.14.0) {07/07/26 19:13:06}
07/07/26 19:13:11 Number of idle job procs: 7
07/07/26 19:13:11 Reassigning the id of job EVALUATE from (170444.14.0) to (170444.15.0)
07/07/26 19:13:11 Event: ULOG_SUBMIT for HTCondor Node EVALUATE (170444.15.0) {07/07/26 19:13:06}
07/07/26 19:13:11 Number of idle job procs: 8
07/07/26 19:13:11 Reassigning the id of job EVALUATE from (170444.15.0) to (170444.16.0)
07/07/26 19:13:11 Event: ULOG_SUBMIT for HTCondor Node EVALUATE (170444.16.0) {07/07/26 19:13:06}
07/07/26 19:13:11 Number of idle job procs: 9
07/07/26 19:13:11 Reassigning the id of job EVALUATE from (170444.16.0) to (170444.17.0)
07/07/26 19:13:11 Event: ULOG_SUBMIT for HTCondor Node EVALUATE (170444.17.0) {07/07/26 19:13:06}
07/07/26 19:13:11 Number of idle job procs: 10
07/07/26 19:13:11 Reassigning the id of job EVALUATE from (170444.17.0) to (170444.18.0)
07/07/26 19:13:11 Event: ULOG_SUBMIT for HTCondor Node EVALUATE (170444.18.0) {07/07/26 19:13:06}
07/07/26 19:13:11 Number of idle job procs: 11
07/07/26 19:13:11 Reassigning the id of job EVALUATE from (170444.18.0) to (170444.19.0)
07/07/26 19:13:11 Event: ULOG_SUBMIT for HTCondor Node EVALUATE (170444.19.0) {07/07/26 19:13:06}
07/07/26 19:13:11 Number of idle job procs: 12
07/07/26 19:13:11 Reassigning the id of job EVALUATE from (170444.19.0) to (170444.2.0)
07/07/26 19:13:11 Event: ULOG_SUBMIT for HTCondor Node EVALUATE (170444.2.0) {07/07/26 19:13:06}
07/07/26 19:13:11 Number of idle job procs: 13
07/07/26 19:13:11 Reassigning the id of job EVALUATE from (170444.2.0) to (170444.20.0)
07/07/26 19:13:11 Event: ULOG_SUBMIT for HTCondor Node EVALUATE (170444.20.0) {07/07/26 19:13:06}
07/07/26 19:13:11 Number of idle job procs: 14
07/07/26 19:13:11 Reassigning the id of job EVALUATE from (170444.20.0) to (170444.21.0)
07/07/26 19:13:11 Event: ULOG_SUBMIT for HTCondor Node EVALUATE (170444.21.0) {07/07/26 19:13:06}
07/07/26 19:13:11 Number of idle job procs: 15
07/07/26 19:13:11 Reassigning the id of job EVALUATE from (170444.21.0) to (170444.22.0)
07/07/26 19:13:11 Event: ULOG_SUBMIT for HTCondor Node EVALUATE (170444.22.0) {07/07/26 19:13:06}
07/07/26 19:13:11 Number of idle job procs: 16
07/07/26 19:13:11 Reassigning the id of job EVALUATE from (170444.22.0) to (170444.23.0)
07/07/26 19:13:11 Event: ULOG_SUBMIT for HTCondor Node EVALUATE (170444.23.0) {07/07/26 19:13:06}
07/07/26 19:13:11 Number of idle job procs: 17
07/07/26 19:13:11 Reassigning the id of job EVALUATE from (170444.23.0) to (170444.24.0)
07/07/26 19:13:11 Event: ULOG_SUBMIT for HTCondor Node EVALUATE (170444.24.0) {07/07/26 19:13:06}
07/07/26 19:13:11 Number of idle job procs: 18
07/07/26 19:13:11 Reassigning the id of job EVALUATE from (170444.24.0) to (170444.25.0)
07/07/26 19:13:11 Event: ULOG_SUBMIT for HTCondor Node EVALUATE (170444.25.0) {07/07/26 19:13:06}
07/07/26 19:13:11 Number of idle job procs: 19
07/07/26 19:13:11 Reassigning the id of job EVALUATE from (170444.25.0) to (170444.26.0)
07/07/26 19:13:11 Event: ULOG_SUBMIT for HTCondor Node EVALUATE (170444.26.0) {07/07/26 19:13:06}
07/07/26 19:13:11 Number of idle job procs: 20
07/07/26 19:13:11 Reassigning the id of job EVALUATE from (170444.26.0) to (170444.27.0)
07/07/26 19:13:11 Event: ULOG_SUBMIT for HTCondor Node EVALUATE (170444.27.0) {07/07/26 19:13:06}
07/07/26 19:13:11 Number of idle job procs: 21
07/07/26 19:13:11 Reassigning the id of job EVALUATE from (170444.27.0) to (170444.28.0)
07/07/26 19:13:11 Event: ULOG_SUBMIT for HTCondor Node EVALUATE (170444.28.0) {07/07/26 19:13:06}
07/07/26 19:13:11 Number of idle job procs: 22
07/07/26 19:13:11 Reassigning the id of job EVALUATE from (170444.28.0) to (170444.29.0)
07/07/26 19:13:11 Event: ULOG_SUBMIT for HTCondor Node EVALUATE (170444.29.0) {07/07/26 19:13:06}
07/07/26 19:13:11 Number of idle job procs: 23
07/07/26 19:13:11 Reassigning the id of job EVALUATE from (170444.29.0) to (170444.3.0)
07/07/26 19:13:11 Event: ULOG_SUBMIT for HTCondor Node EVALUATE (170444.3.0) {07/07/26 19:13:06}
07/07/26 19:13:11 Number of idle job procs: 24
07/07/26 19:13:11 Reassigning the id of job EVALUATE from (170444.3.0) to (170444.30.0)
07/07/26 19:13:11 Event: ULOG_SUBMIT for HTCondor Node EVALUATE (170444.30.0) {07/07/26 19:13:06}
07/07/26 19:13:11 Number of idle job procs: 25
07/07/26 19:13:11 Reassigning the id of job EVALUATE from (170444.30.0) to (170444.31.0)
07/07/26 19:13:11 Event: ULOG_SUBMIT for HTCondor Node EVALUATE (170444.31.0) {07/07/26 19:13:06}
07/07/26 19:13:11 Number of idle job procs: 26
07/07/26 19:13:11 Reassigning the id of job EVALUATE from (170444.31.0) to (170444.32.0)
07/07/26 19:13:11 Event: ULOG_SUBMIT for HTCondor Node EVALUATE (170444.32.0) {07/07/26 19:13:06}
07/07/26 19:13:11 Number of idle job procs: 27
07/07/26 19:13:11 Reassigning the id of job EVALUATE from (170444.32.0) to (170444.33.0)
07/07/26 19:13:11 Event: ULOG_SUBMIT for HTCondor Node EVALUATE (170444.33.0) {07/07/26 19:13:06}
07/07/26 19:13:11 Number of idle job procs: 28
07/07/26 19:13:11 Reassigning the id of job EVALUATE from (170444.33.0) to (170444.34.0)
07/07/26 19:13:11 Event: ULOG_SUBMIT for HTCondor Node EVALUATE (170444.34.0) {07/07/26 19:13:06}
07/07/26 19:13:11 Number of idle job procs: 29
07/07/26 19:13:11 Reassigning the id of job EVALUATE from (170444.34.0) to (170444.35.0)
07/07/26 19:13:11 Event: ULOG_SUBMIT for HTCondor Node EVALUATE (170444.35.0) {07/07/26 19:13:06}
07/07/26 19:13:11 Number of idle job procs: 30
07/07/26 19:13:11 Reassigning the id of job EVALUATE from (170444.35.0) to (170444.36.0)
07/07/26 19:13:11 Event: ULOG_SUBMIT for HTCondor Node EVALUATE (170444.36.0) {07/07/26 19:13:06}
07/07/26 19:13:11 Number of idle job procs: 31
07/07/26 19:13:11 Reassigning the id of job EVALUATE from (170444.36.0) to (170444.37.0)
07/07/26 19:13:11 Event: ULOG_SUBMIT for HTCondor Node EVALUATE (170444.37.0) {07/07/26 19:13:06}
07/07/26 19:13:11 Number of idle job procs: 32
07/07/26 19:13:11 Reassigning the id of job EVALUATE from (170444.37.0) to (170444.38.0)
07/07/26 19:13:11 Event: ULOG_SUBMIT for HTCondor Node EVALUATE (170444.38.0) {07/07/26 19:13:06}
07/07/26 19:13:11 Number of idle job procs: 33
07/07/26 19:13:11 Reassigning the id of job EVALUATE from (170444.38.0) to (170444.39.0)
07/07/26 19:13:11 Event: ULOG_SUBMIT for HTCondor Node EVALUATE (170444.39.0) {07/07/26 19:13:06}
07/07/26 19:13:11 Number of idle job procs: 34
07/07/26 19:13:11 Reassigning the id of job EVALUATE from (170444.39.0) to (170444.4.0)
07/07/26 19:13:11 Event: ULOG_SUBMIT for HTCondor Node EVALUATE (170444.4.0) {07/07/26 19:13:06}
07/07/26 19:13:11 Number of idle job procs: 35
07/07/26 19:13:11 Reassigning the id of job EVALUATE from (170444.4.0) to (170444.5.0)
07/07/26 19:13:11 Event: ULOG_SUBMIT for HTCondor Node EVALUATE (170444.5.0) {07/07/26 19:13:06}
07/07/26 19:13:11 Number of idle job procs: 36
07/07/26 19:13:11 Reassigning the id of job EVALUATE from (170444.5.0) to (170444.6.0)
07/07/26 19:13:11 Event: ULOG_SUBMIT for HTCondor Node EVALUATE (170444.6.0) {07/07/26 19:13:06}
07/07/26 19:13:11 Number of idle job procs: 37
07/07/26 19:13:11 Reassigning the id of job EVALUATE from (170444.6.0) to (170444.7.0)
07/07/26 19:13:11 Event: ULOG_SUBMIT for HTCondor Node EVALUATE (170444.7.0) {07/07/26 19:13:06}
07/07/26 19:13:11 Number of idle job procs: 38
07/07/26 19:13:11 Reassigning the id of job EVALUATE from (170444.7.0) to (170444.8.0)
07/07/26 19:13:11 Event: ULOG_SUBMIT for HTCondor Node EVALUATE (170444.8.0) {07/07/26 19:13:06}
07/07/26 19:13:11 Number of idle job procs: 39
07/07/26 19:13:11 Reassigning the id of job EVALUATE from (170444.8.0) to (170444.9.0)
07/07/26 19:13:11 Event: ULOG_SUBMIT for HTCondor Node EVALUATE (170444.9.0) {07/07/26 19:13:06}
07/07/26 19:13:11 Number of idle job procs: 40
07/07/26 19:16:11 Total jobs placed to AP: 82
07/07/26 19:16:11      Idle     Held     Running     Successful     Failed
07/07/26 19:16:11       ===      ===         ===            ===        ===
07/07/26 19:16:11        40        0           0             42          0
07/07/26 19:19:46 Currently monitoring 1 HTCondor log file(s)
07/07/26 19:19:46 Event: ULOG_EXECUTE for HTCondor Node EVALUATE (170444.0.0) {07/07/26 19:19:42}
07/07/26 19:19:46 Number of idle job procs: 39
07/07/26 19:20:06 Currently monitoring 1 HTCondor log file(s)
07/07/26 19:20:06 Event: ULOG_EXECUTE for HTCondor Node EVALUATE (170444.1.0) {07/07/26 19:20:03}
07/07/26 19:20:06 Number of idle job procs: 38
07/07/26 19:20:11 Currently monitoring 1 HTCondor log file(s)
07/07/26 19:20:11 Event: ULOG_EXECUTE for HTCondor Node EVALUATE (170444.2.0) {07/07/26 19:20:09}
07/07/26 19:20:11 Number of idle job procs: 37
07/07/26 19:20:11 Event: ULOG_EXECUTE for HTCondor Node EVALUATE (170444.3.0) {07/07/26 19:20:09}
07/07/26 19:20:11 Number of idle job procs: 36
07/07/26 19:20:16 Currently monitoring 1 HTCondor log file(s)
07/07/26 19:20:16 Event: ULOG_EXECUTE for HTCondor Node EVALUATE (170444.5.0) {07/07/26 19:20:12}
07/07/26 19:20:16 Number of idle job procs: 35
07/07/26 19:20:21 Currently monitoring 1 HTCondor log file(s)
07/07/26 19:20:21 Event: ULOG_EXECUTE for HTCondor Node EVALUATE (170444.6.0) {07/07/26 19:20:17}
07/07/26 19:20:21 Number of idle job procs: 34
07/07/26 19:20:46 Currently monitoring 1 HTCondor log file(s)
07/07/26 19:20:46 Event: ULOG_EXECUTE for HTCondor Node EVALUATE (170444.4.0) {07/07/26 19:20:42}
07/07/26 19:20:46 Number of idle job procs: 33
07/07/26 19:21:02 Currently monitoring 1 HTCondor log file(s)
07/07/26 19:21:02 Event: ULOG_EXECUTE for HTCondor Node EVALUATE (170444.7.0) {07/07/26 19:20:58}
07/07/26 19:21:02 Number of idle job procs: 32
07/07/26 19:21:07 Currently monitoring 1 HTCondor log file(s)
07/07/26 19:21:07 Event: ULOG_EXECUTE for HTCondor Node EVALUATE (170444.8.0) {07/07/26 19:21:02}
07/07/26 19:21:07 Number of idle job procs: 31
07/07/26 19:21:07 Event: ULOG_EXECUTE for HTCondor Node EVALUATE (170444.9.0) {07/07/26 19:21:02}
07/07/26 19:21:07 Number of idle job procs: 30
07/07/26 19:21:07 Event: ULOG_EXECUTE for HTCondor Node EVALUATE (170444.10.0) {07/07/26 19:21:04}
07/07/26 19:21:07 Number of idle job procs: 29
07/07/26 19:21:12 Currently monitoring 1 HTCondor log file(s)
07/07/26 19:21:12 Event: ULOG_EXECUTE for HTCondor Node EVALUATE (170444.11.0) {07/07/26 19:21:11}
07/07/26 19:21:12 Number of idle job procs: 28
07/07/26 19:21:42 Currently monitoring 1 HTCondor log file(s)
07/07/26 19:21:42 Event: ULOG_JOB_TERMINATED for HTCondor Node EVALUATE (170444.1.0) {07/07/26 19:21:39}
07/07/26 19:21:42 Number of idle job procs: 28
07/07/26 19:21:42 Node EVALUATE job proc (170444.1.0) completed successfully.
07/07/26 19:21:42 Event: ULOG_JOB_TERMINATED for HTCondor Node EVALUATE (170444.3.0) {07/07/26 19:21:39}
07/07/26 19:21:42 Number of idle job procs: 28
07/07/26 19:21:42 Node EVALUATE job proc (170444.3.0) completed successfully.
07/07/26 19:21:42 Event: ULOG_EXECUTE for HTCondor Node EVALUATE (170444.12.0) {07/07/26 19:21:41}
07/07/26 19:21:42 Number of idle job procs: 27
07/07/26 19:21:42 Event: ULOG_JOB_TERMINATED for HTCondor Node EVALUATE (170444.2.0) {07/07/26 19:21:41}
07/07/26 19:21:42 Number of idle job procs: 27
07/07/26 19:21:42 Node EVALUATE job proc (170444.2.0) completed successfully.
07/07/26 19:21:42 Event: ULOG_EXECUTE for HTCondor Node EVALUATE (170444.13.0) {07/07/26 19:21:41}
07/07/26 19:21:42 Number of idle job procs: 26
07/07/26 19:21:47 Currently monitoring 1 HTCondor log file(s)
07/07/26 19:21:47 Event: ULOG_EXECUTE for HTCondor Node EVALUATE (170444.14.0) {07/07/26 19:21:42}
07/07/26 19:21:47 Number of idle job procs: 25
07/07/26 19:21:47 Event: ULOG_JOB_TERMINATED for HTCondor Node EVALUATE (170444.0.0) {07/07/26 19:21:44}
07/07/26 19:21:47 Number of idle job procs: 25
07/07/26 19:21:47 Node EVALUATE job proc (170444.0.0) completed successfully.
07/07/26 19:21:47 Event: ULOG_EXECUTE for HTCondor Node EVALUATE (170444.15.0) {07/07/26 19:21:45}
07/07/26 19:21:47 Number of idle job procs: 24
07/07/26 19:21:47 Event: ULOG_EXECUTE for HTCondor Node EVALUATE (170444.16.0) {07/07/26 19:21:46}
07/07/26 19:21:47 Number of idle job procs: 23
07/07/26 19:22:12 Currently monitoring 1 HTCondor log file(s)
07/07/26 19:22:12 Event: ULOG_EXECUTE for HTCondor Node EVALUATE (170444.17.0) {07/07/26 19:22:10}
07/07/26 19:22:12 Number of idle job procs: 22
07/07/26 19:22:27 Currently monitoring 1 HTCondor log file(s)
07/07/26 19:22:27 Event: ULOG_JOB_TERMINATED for HTCondor Node EVALUATE (170444.7.0) {07/07/26 19:22:26}
07/07/26 19:22:27 Number of idle job procs: 22
07/07/26 19:22:27 Node EVALUATE job proc (170444.7.0) completed successfully.
07/07/26 19:22:32 Currently monitoring 1 HTCondor log file(s)
07/07/26 19:22:32 Event: ULOG_EXECUTE for HTCondor Node EVALUATE (170444.18.0) {07/07/26 19:22:28}
07/07/26 19:22:32 Number of idle job procs: 21
07/07/26 19:22:37 Currently monitoring 1 HTCondor log file(s)
07/07/26 19:22:37 Event: ULOG_JOB_TERMINATED for HTCondor Node EVALUATE (170444.10.0) {07/07/26 19:22:32}
07/07/26 19:22:37 Number of idle job procs: 21
07/07/26 19:22:37 Node EVALUATE job proc (170444.10.0) completed successfully.
07/07/26 19:22:37 Event: ULOG_EXECUTE for HTCondor Node EVALUATE (170444.19.0) {07/07/26 19:22:33}
07/07/26 19:22:37 Number of idle job procs: 20
07/07/26 19:22:47 Currently monitoring 1 HTCondor log file(s)
07/07/26 19:22:47 Event: ULOG_JOB_TERMINATED for HTCondor Node EVALUATE (170444.11.0) {07/07/26 19:22:42}
07/07/26 19:22:47 Number of idle job procs: 20
07/07/26 19:22:47 Node EVALUATE job proc (170444.11.0) completed successfully.
07/07/26 19:22:47 Event: ULOG_EXECUTE for HTCondor Node EVALUATE (170444.20.0) {07/07/26 19:22:43}
07/07/26 19:22:47 Number of idle job procs: 19
07/07/26 19:22:52 Currently monitoring 1 HTCondor log file(s)
07/07/26 19:22:52 Event: ULOG_JOB_TERMINATED for HTCondor Node EVALUATE (170444.5.0) {07/07/26 19:22:50}
07/07/26 19:22:52 Number of idle job procs: 19
07/07/26 19:22:52 Node EVALUATE job proc (170444.5.0) completed successfully.
07/07/26 19:22:52 Event: ULOG_EXECUTE for HTCondor Node EVALUATE (170444.21.0) {07/07/26 19:22:52}
07/07/26 19:22:52 Number of idle job procs: 18
07/07/26 19:22:57 Currently monitoring 1 HTCondor log file(s)
07/07/26 19:22:57 Event: ULOG_JOB_TERMINATED for HTCondor Node EVALUATE (170444.6.0) {07/07/26 19:22:55}
07/07/26 19:22:57 Number of idle job procs: 18
07/07/26 19:22:57 Node EVALUATE job proc (170444.6.0) completed successfully.
07/07/26 19:22:57 Event: ULOG_EXECUTE for HTCondor Node EVALUATE (170444.22.0) {07/07/26 19:22:56}
07/07/26 19:22:57 Number of idle job procs: 17
07/07/26 19:23:07 Currently monitoring 1 HTCondor log file(s)
07/07/26 19:23:07 Event: ULOG_JOB_TERMINATED for HTCondor Node EVALUATE (170444.12.0) {07/07/26 19:23:02}
07/07/26 19:23:07 Number of idle job procs: 17
07/07/26 19:23:07 Node EVALUATE job proc (170444.12.0) completed successfully.
07/07/26 19:23:07 Event: ULOG_EXECUTE for HTCondor Node EVALUATE (170444.23.0) {07/07/26 19:23:03}
07/07/26 19:23:07 Number of idle job procs: 16
07/07/26 19:23:12 Currently monitoring 1 HTCondor log file(s)
07/07/26 19:23:12 Event: ULOG_JOB_TERMINATED for HTCondor Node EVALUATE (170444.13.0) {07/07/26 19:23:10}
07/07/26 19:23:12 Number of idle job procs: 16
07/07/26 19:23:12 Node EVALUATE job proc (170444.13.0) completed successfully.
07/07/26 19:23:12 Event: ULOG_JOB_TERMINATED for HTCondor Node EVALUATE (170444.14.0) {07/07/26 19:23:11}
07/07/26 19:23:12 Number of idle job procs: 16
07/07/26 19:23:12 Node EVALUATE job proc (170444.14.0) completed successfully.
07/07/26 19:23:12 Event: ULOG_EXECUTE for HTCondor Node EVALUATE (170444.24.0) {07/07/26 19:23:11}
07/07/26 19:23:12 Number of idle job procs: 15
07/07/26 19:23:17 Currently monitoring 1 HTCondor log file(s)
07/07/26 19:23:17 Event: ULOG_EXECUTE for HTCondor Node EVALUATE (170444.25.0) {07/07/26 19:23:12}
07/07/26 19:23:17 Number of idle job procs: 14
07/07/26 19:23:27 Currently monitoring 1 HTCondor log file(s)
07/07/26 19:23:27 Event: ULOG_EXECUTE for HTCondor Node EVALUATE (170444.26.0) {07/07/26 19:23:22}
07/07/26 19:23:27 Number of idle job procs: 13
07/07/26 19:23:42 Currently monitoring 1 HTCondor log file(s)
07/07/26 19:23:42 Event: ULOG_JOB_TERMINATED for HTCondor Node EVALUATE (170444.17.0) {07/07/26 19:23:42}
07/07/26 19:23:42 Number of idle job procs: 13
07/07/26 19:23:42 Node EVALUATE job proc (170444.17.0) completed successfully.
07/07/26 19:23:47 Currently monitoring 1 HTCondor log file(s)
07/07/26 19:23:47 Event: ULOG_EXECUTE for HTCondor Node EVALUATE (170444.27.0) {07/07/26 19:23:43}
07/07/26 19:23:47 Number of idle job procs: 12
07/07/26 19:24:02 Currently monitoring 1 HTCondor log file(s)
07/07/26 19:24:02 Event: ULOG_JOB_TERMINATED for HTCondor Node EVALUATE (170444.18.0) {07/07/26 19:23:58}
07/07/26 19:24:02 Number of idle job procs: 12
07/07/26 19:24:02 Node EVALUATE job proc (170444.18.0) completed successfully.
07/07/26 19:24:02 Event: ULOG_EXECUTE for HTCondor Node EVALUATE (170444.28.0) {07/07/26 19:23:59}
07/07/26 19:24:02 Number of idle job procs: 11
07/07/26 19:24:02 Event: ULOG_JOB_TERMINATED for HTCondor Node EVALUATE (170444.19.0) {07/07/26 19:24:01}
07/07/26 19:24:02 Number of idle job procs: 11
07/07/26 19:24:02 Node EVALUATE job proc (170444.19.0) completed successfully.
07/07/26 19:24:07 Currently monitoring 1 HTCondor log file(s)
07/07/26 19:24:07 Event: ULOG_EXECUTE for HTCondor Node EVALUATE (170444.29.0) {07/07/26 19:24:02}
07/07/26 19:24:07 Number of idle job procs: 10
07/07/26 19:24:17 Currently monitoring 1 HTCondor log file(s)
07/07/26 19:24:17 Event: ULOG_JOB_TERMINATED for HTCondor Node EVALUATE (170444.20.0) {07/07/26 19:24:13}
07/07/26 19:24:17 Number of idle job procs: 10
07/07/26 19:24:17 Node EVALUATE job proc (170444.20.0) completed successfully.
07/07/26 19:24:27 Currently monitoring 1 HTCondor log file(s)
07/07/26 19:24:27 Event: ULOG_EXECUTE for HTCondor Node EVALUATE (170444.31.0) {07/07/26 19:24:22}
07/07/26 19:24:27 Number of idle job procs: 9
07/07/26 19:24:27 Event: ULOG_EXECUTE for HTCondor Node EVALUATE (170444.32.0) {07/07/26 19:24:22}
07/07/26 19:24:27 Number of idle job procs: 8
07/07/26 19:24:27 Event: ULOG_EXECUTE for HTCondor Node EVALUATE (170444.30.0) {07/07/26 19:24:23}
07/07/26 19:24:27 Number of idle job procs: 7
07/07/26 19:24:27 Event: ULOG_JOB_TERMINATED for HTCondor Node EVALUATE (170444.23.0) {07/07/26 19:24:26}
07/07/26 19:24:27 Number of idle job procs: 7
07/07/26 19:24:27 Node EVALUATE job proc (170444.23.0) completed successfully.
07/07/26 19:24:32 Currently monitoring 1 HTCondor log file(s)
07/07/26 19:24:32 Event: ULOG_EXECUTE for HTCondor Node EVALUATE (170444.33.0) {07/07/26 19:24:28}
07/07/26 19:24:32 Number of idle job procs: 6
07/07/26 19:24:42 Currently monitoring 1 HTCondor log file(s)
07/07/26 19:24:42 Event: ULOG_JOB_TERMINATED for HTCondor Node EVALUATE (170444.25.0) {07/07/26 19:24:38}
07/07/26 19:24:42 Number of idle job procs: 6
07/07/26 19:24:42 Node EVALUATE job proc (170444.25.0) completed successfully.
07/07/26 19:24:42 Event: ULOG_JOB_TERMINATED for HTCondor Node EVALUATE (170444.24.0) {07/07/26 19:24:39}
07/07/26 19:24:42 Number of idle job procs: 6
07/07/26 19:24:42 Node EVALUATE job proc (170444.24.0) completed successfully.
07/07/26 19:24:42 Event: ULOG_EXECUTE for HTCondor Node EVALUATE (170444.34.0) {07/07/26 19:24:40}
07/07/26 19:24:42 Number of idle job procs: 5
07/07/26 19:24:42 Event: ULOG_EXECUTE for HTCondor Node EVALUATE (170444.35.0) {07/07/26 19:24:41}
07/07/26 19:24:42 Number of idle job procs: 4
07/07/26 19:25:12 Currently monitoring 1 HTCondor log file(s)
07/07/26 19:25:12 Event: ULOG_JOB_TERMINATED for HTCondor Node EVALUATE (170444.26.0) {07/07/26 19:25:09}
07/07/26 19:25:12 Number of idle job procs: 4
07/07/26 19:25:12 Node EVALUATE job proc (170444.26.0) completed successfully.
07/07/26 19:25:12 Event: ULOG_EXECUTE for HTCondor Node EVALUATE (170444.36.0) {07/07/26 19:25:10}
07/07/26 19:25:12 Number of idle job procs: 3
07/07/26 19:25:17 Currently monitoring 1 HTCondor log file(s)
07/07/26 19:25:17 Event: ULOG_JOB_TERMINATED for HTCondor Node EVALUATE (170444.27.0) {07/07/26 19:25:12}
07/07/26 19:25:17 Number of idle job procs: 3
07/07/26 19:25:17 Node EVALUATE job proc (170444.27.0) completed successfully.
07/07/26 19:25:27 Currently monitoring 1 HTCondor log file(s)
07/07/26 19:25:27 Event: ULOG_EXECUTE for HTCondor Node EVALUATE (170444.37.0) {07/07/26 19:25:23}
07/07/26 19:25:27 Number of idle job procs: 2
07/07/26 19:25:32 Currently monitoring 1 HTCondor log file(s)
07/07/26 19:25:32 Event: ULOG_JOB_TERMINATED for HTCondor Node EVALUATE (170444.28.0) {07/07/26 19:25:28}
07/07/26 19:25:32 Number of idle job procs: 2
07/07/26 19:25:32 Node EVALUATE job proc (170444.28.0) completed successfully.
07/07/26 19:25:32 Event: ULOG_EXECUTE for HTCondor Node EVALUATE (170444.38.0) {07/07/26 19:25:30}
07/07/26 19:25:32 Number of idle job procs: 1
07/07/26 19:25:32 Event: ULOG_JOB_TERMINATED for HTCondor Node EVALUATE (170444.29.0) {07/07/26 19:25:31}
07/07/26 19:25:32 Number of idle job procs: 1
07/07/26 19:25:32 Node EVALUATE job proc (170444.29.0) completed successfully.
07/07/26 19:25:37 Currently monitoring 1 HTCondor log file(s)
07/07/26 19:25:37 Event: ULOG_EXECUTE for HTCondor Node EVALUATE (170444.39.0) {07/07/26 19:25:32}
07/07/26 19:25:37 Number of idle job procs: 0
07/07/26 19:25:52 Currently monitoring 1 HTCondor log file(s)
07/07/26 19:25:52 Event: ULOG_JOB_TERMINATED for HTCondor Node EVALUATE (170444.30.0) {07/07/26 19:25:50}
07/07/26 19:25:52 Number of idle job procs: 0
07/07/26 19:25:52 Node EVALUATE job proc (170444.30.0) completed successfully.
07/07/26 19:25:52 Event: ULOG_JOB_TERMINATED for HTCondor Node EVALUATE (170444.33.0) {07/07/26 19:25:51}
07/07/26 19:25:52 Number of idle job procs: 0
07/07/26 19:25:52 Node EVALUATE job proc (170444.33.0) completed successfully.
07/07/26 19:26:12 Currently monitoring 1 HTCondor log file(s)
07/07/26 19:26:12 Event: ULOG_JOB_TERMINATED for HTCondor Node EVALUATE (170444.34.0) {07/07/26 19:26:11}
07/07/26 19:26:12 Number of idle job procs: 0
07/07/26 19:26:12 Node EVALUATE job proc (170444.34.0) completed successfully.
07/07/26 19:26:17 Currently monitoring 1 HTCondor log file(s)
07/07/26 19:26:17 Event: ULOG_JOB_TERMINATED for HTCondor Node EVALUATE (170444.35.0) {07/07/26 19:26:12}
07/07/26 19:26:17 Number of idle job procs: 0
07/07/26 19:26:17 Node EVALUATE job proc (170444.35.0) completed successfully.
07/07/26 19:26:42 Currently monitoring 1 HTCondor log file(s)
07/07/26 19:26:42 Event: ULOG_JOB_TERMINATED for HTCondor Node EVALUATE (170444.36.0) {07/07/26 19:26:41}
07/07/26 19:26:42 Number of idle job procs: 0
07/07/26 19:26:42 Node EVALUATE job proc (170444.36.0) completed successfully.
07/07/26 19:26:57 Currently monitoring 1 HTCondor log file(s)
07/07/26 19:26:57 Event: ULOG_JOB_TERMINATED for HTCondor Node EVALUATE (170444.37.0) {07/07/26 19:26:53}
07/07/26 19:26:57 Number of idle job procs: 0
07/07/26 19:26:57 Node EVALUATE job proc (170444.37.0) completed successfully.
07/07/26 19:27:02 Currently monitoring 1 HTCondor log file(s)
07/07/26 19:27:02 Event: ULOG_JOB_TERMINATED for HTCondor Node EVALUATE (170444.39.0) {07/07/26 19:26:59}
07/07/26 19:27:02 Number of idle job procs: 0
07/07/26 19:27:02 Node EVALUATE job proc (170444.39.0) completed successfully.
07/07/26 19:27:02 Event: ULOG_JOB_TERMINATED for HTCondor Node EVALUATE (170444.38.0) {07/07/26 19:27:02}
07/07/26 19:27:02 Number of idle job procs: 0
07/07/26 19:27:02 Node EVALUATE job proc (170444.38.0) completed successfully.
07/07/26 19:27:52 Currently monitoring 1 HTCondor log file(s)
07/07/26 19:27:52 Event: ULOG_JOB_TERMINATED for HTCondor Node EVALUATE (170444.16.0) {07/07/26 19:27:48}
07/07/26 19:27:52 Number of idle job procs: 0
07/07/26 19:27:52 Node EVALUATE job proc (170444.16.0) completed successfully.
07/07/26 19:27:52 Event: ULOG_JOB_TERMINATED for HTCondor Node EVALUATE (170444.15.0) {07/07/26 19:27:48}
07/07/26 19:27:52 Number of idle job procs: 0
07/07/26 19:27:52 Node EVALUATE job proc (170444.15.0) completed successfully.
07/07/26 19:27:52 Event: ULOG_JOB_TERMINATED for HTCondor Node EVALUATE (170444.9.0) {07/07/26 19:27:51}
07/07/26 19:27:52 Number of idle job procs: 0
07/07/26 19:27:52 Node EVALUATE job proc (170444.9.0) completed successfully.
07/07/26 19:27:52 Event: ULOG_JOB_TERMINATED for HTCondor Node EVALUATE (170444.8.0) {07/07/26 19:27:51}
07/07/26 19:27:52 Number of idle job procs: 0
07/07/26 19:27:52 Node EVALUATE job proc (170444.8.0) completed successfully.
07/07/26 19:28:22 Currently monitoring 1 HTCondor log file(s)
07/07/26 19:28:22 Event: ULOG_JOB_TERMINATED for HTCondor Node EVALUATE (170444.22.0) {07/07/26 19:28:18}
07/07/26 19:28:22 Number of idle job procs: 0
07/07/26 19:28:22 Node EVALUATE job proc (170444.22.0) completed successfully.
07/07/26 19:28:22 Event: ULOG_JOB_TERMINATED for HTCondor Node EVALUATE (170444.21.0) {07/07/26 19:28:18}
07/07/26 19:28:22 Number of idle job procs: 0
07/07/26 19:28:22 Node EVALUATE job proc (170444.21.0) completed successfully.
07/07/26 19:31:12 Total jobs placed to AP: 82
07/07/26 19:31:12      Idle     Held     Running     Successful     Failed
07/07/26 19:31:12       ===      ===         ===            ===        ===
07/07/26 19:31:12         0        0           3             79          0
07/07/26 19:31:47 Currently monitoring 1 HTCondor log file(s)
07/07/26 19:31:47 Event: ULOG_JOB_TERMINATED for HTCondor Node EVALUATE (170444.32.0) {07/07/26 19:31:46}
07/07/26 19:31:47 Number of idle job procs: 0
07/07/26 19:31:47 Node EVALUATE job proc (170444.32.0) completed successfully.
07/07/26 19:31:47 Event: ULOG_JOB_TERMINATED for HTCondor Node EVALUATE (170444.31.0) {07/07/26 19:31:46}
07/07/26 19:31:47 Number of idle job procs: 0
07/07/26 19:31:47 Node EVALUATE job proc (170444.31.0) completed successfully.
07/07/26 19:31:47 Event: ULOG_JOB_TERMINATED for HTCondor Node EVALUATE (170444.4.0) {07/07/26 19:31:46}
07/07/26 19:31:47 Number of idle job procs: 0
07/07/26 19:31:47 Node EVALUATE job proc (170444.4.0) completed successfully.
07/07/26 19:31:47 Node EVALUATE job(s) have exited the queue
07/07/26 19:31:47 DAG status: 0 (DAG_STATUS_OK)
07/07/26 19:31:47 Of 5 nodes total:
07/07/26 19:31:47  Done     Pre   Queued    Post   Ready   Un-Ready   Failed   Futile
07/07/26 19:31:47   ===     ===      ===     ===     ===        ===      ===      ===
07/07/26 19:31:47     4       0        0       0       1          0        0        0
07/07/26 19:31:47 0 job proc(s) currently held
07/07/26 19:31:47 DAGMan Runtime Statistics: [EventCycleTimeAvg=0.001; EventCycleTimeMax=0.102; EventCycleTimeMin=0.000; EventCycleTimeStd=0.006; EventCycleTimeSum=0.944; SleepCycleTimeAvg=5.004; SleepCycleTimeMax=5.028; SleepCycleTimeMin=5.000; SleepCycleTimeStd=0.002; SleepCycleTimeSum=5439.820; SubmitCycleTimeAvg=0.000; SubmitCycleTimeMax=0.099; SubmitCycleTimeMin=0.000; SubmitCycleTimeStd=0.003; SubmitCycleTimeSum=0.129; EventCycleTimeCount=1087.000; SleepCycleTimeCount=1087.000; SubmitCycleTimeCount=1088.000; LogProcessCycleTimeAvg=0.009; LogProcessCycleTimeMax=0.083; LogProcessCycleTimeMin=0.001; LogProcessCycleTimeStd=0.017; LogProcessCycleTimeSum=0.467; LogProcessCycleTimeCount=50.000; ]
07/07/26 19:31:52 Submitting HTCondor Node MERGE_EVALUATION job(s)...
07/07/26 19:31:52 Submitting node MERGE_EVALUATION from file one_way_line_det_one_way_line_15_10_action_shield_merge_evaluation.sub using direct job submission
07/07/26 19:31:53 	assigned HTCondor ID (170451.0.0)
07/07/26 19:31:53 Just submitted 1 job this cycle...
07/07/26 19:31:53 DAG status: 0 (DAG_STATUS_OK)
07/07/26 19:31:53 Of 5 nodes total:
07/07/26 19:31:53  Done     Pre   Queued    Post   Ready   Un-Ready   Failed   Futile
07/07/26 19:31:53   ===     ===      ===     ===     ===        ===      ===      ===
07/07/26 19:31:53     4       0        1       0       0          0        0        0
07/07/26 19:31:53 0 job proc(s) currently held
07/07/26 19:31:53 DAGMan Runtime Statistics: [EventCycleTimeAvg=0.001; EventCycleTimeMax=0.102; EventCycleTimeMin=0.000; EventCycleTimeStd=0.006; EventCycleTimeSum=0.960; SleepCycleTimeAvg=5.004; SleepCycleTimeMax=5.028; SleepCycleTimeMin=5.000; SleepCycleTimeStd=0.002; SleepCycleTimeSum=5444.824; SubmitCycleTimeAvg=0.000; SubmitCycleTimeMax=0.099; SubmitCycleTimeMin=0.000; SubmitCycleTimeStd=0.003; SubmitCycleTimeSum=0.154; EventCycleTimeCount=1088.000; SleepCycleTimeCount=1088.000; SubmitCycleTimeCount=1089.000; LogProcessCycleTimeAvg=0.009; LogProcessCycleTimeMax=0.083; LogProcessCycleTimeMin=0.001; LogProcessCycleTimeStd=0.017; LogProcessCycleTimeSum=0.467; LogProcessCycleTimeCount=50.000; ]
07/07/26 19:31:58 Currently monitoring 1 HTCondor log file(s)
07/07/26 19:31:58 Reassigning the id of job MERGE_EVALUATION from (170451.0.0) to (170451.0.0)
07/07/26 19:31:58 Event: ULOG_SUBMIT for HTCondor Node MERGE_EVALUATION (170451.0.0) {07/07/26 19:31:53}
07/07/26 19:31:58 Number of idle job procs: 1
07/07/26 19:31:58 Event: ULOG_EXECUTE for HTCondor Node MERGE_EVALUATION (170451.0.0) {07/07/26 19:31:54}
07/07/26 19:31:58 Number of idle job procs: 0
07/07/26 19:35:58 Currently monitoring 1 HTCondor log file(s)
07/07/26 19:35:58 Event: ULOG_JOB_TERMINATED for HTCondor Node MERGE_EVALUATION (170451.0.0) {07/07/26 19:35:57}
07/07/26 19:35:58 Number of idle job procs: 0
07/07/26 19:35:58 Node MERGE_EVALUATION job proc (170451.0.0) completed successfully.
07/07/26 19:35:58 Node MERGE_EVALUATION job(s) have exited the queue
07/07/26 19:35:58 DAG status: 0 (DAG_STATUS_OK)
07/07/26 19:35:58 Of 5 nodes total:
07/07/26 19:35:58  Done     Pre   Queued    Post   Ready   Un-Ready   Failed   Futile
07/07/26 19:35:58   ===     ===      ===     ===     ===        ===      ===      ===
07/07/26 19:35:58     5       0        0       0       0          0        0        0
07/07/26 19:35:58 0 job proc(s) currently held
07/07/26 19:35:58 DAGMan Runtime Statistics: [EventCycleTimeAvg=0.001; EventCycleTimeMax=0.102; EventCycleTimeMin=0.000; EventCycleTimeStd=0.006; EventCycleTimeSum=0.997; SleepCycleTimeAvg=5.004; SleepCycleTimeMax=5.028; SleepCycleTimeMin=5.000; SleepCycleTimeStd=0.002; SleepCycleTimeSum=5690.071; SubmitCycleTimeAvg=0.000; SubmitCycleTimeMax=0.099; SubmitCycleTimeMin=0.000; SubmitCycleTimeStd=0.003; SubmitCycleTimeSum=0.154; EventCycleTimeCount=1137.000; SleepCycleTimeCount=1137.000; SubmitCycleTimeCount=1138.000; LogProcessCycleTimeAvg=0.009; LogProcessCycleTimeMax=0.083; LogProcessCycleTimeMin=0.001; LogProcessCycleTimeStd=0.017; LogProcessCycleTimeSum=0.474; LogProcessCycleTimeCount=52.000; ]
07/07/26 19:35:58 All jobs Completed!
07/07/26 19:35:58 Note: 0 total node deferrals because of -MaxJobs limit (0)
07/07/26 19:35:58 Note: 0 total node deferrals because of -MaxIdle limit (1000)
07/07/26 19:35:58 Note: 0 total node deferrals because of node category throttles
07/07/26 19:35:58 Note: 0 total PRE script deferrals because of -MaxPre limit (20) or DEFER
07/07/26 19:35:58 Note: 0 total POST script deferrals because of -MaxPost limit (20) or DEFER
07/07/26 19:35:58 Note: 0 total HOLD script deferrals because of -MaxHold limit (20) or DEFER
07/07/26 19:35:58 DAG status: 0 (DAG_STATUS_OK)
07/07/26 19:35:58 Of 5 nodes total:
07/07/26 19:35:58  Done     Pre   Queued    Post   Ready   Un-Ready   Failed   Futile
07/07/26 19:35:58   ===     ===      ===     ===     ===        ===      ===      ===
07/07/26 19:35:58     5       0        0       0       0          0        0        0
07/07/26 19:35:58 0 job proc(s) currently held
07/07/26 19:35:58 DAGMan Runtime Statistics: [EventCycleTimeAvg=0.001; EventCycleTimeMax=0.102; EventCycleTimeMin=0.000; EventCycleTimeStd=0.006; EventCycleTimeSum=0.997; SleepCycleTimeAvg=5.004; SleepCycleTimeMax=5.028; SleepCycleTimeMin=5.000; SleepCycleTimeStd=0.002; SleepCycleTimeSum=5690.071; SubmitCycleTimeAvg=0.000; SubmitCycleTimeMax=0.099; SubmitCycleTimeMin=0.000; SubmitCycleTimeStd=0.003; SubmitCycleTimeSum=0.154; EventCycleTimeCount=1137.000; SleepCycleTimeCount=1137.000; SubmitCycleTimeCount=1138.000; LogProcessCycleTimeAvg=0.009; LogProcessCycleTimeMax=0.083; LogProcessCycleTimeMin=0.001; LogProcessCycleTimeStd=0.017; LogProcessCycleTimeSum=0.474; LogProcessCycleTimeCount=52.000; ]
07/07/26 19:35:58 Wrote metrics file one_way_line_det_one_way_line_15_10_action_shield.dag.metrics.
07/07/26 19:35:58 DAGMan Runtime Statistics: [EventCycleTimeAvg=0.001; EventCycleTimeMax=0.102; EventCycleTimeMin=0.000; EventCycleTimeStd=0.006; EventCycleTimeSum=0.997; SleepCycleTimeAvg=5.004; SleepCycleTimeMax=5.028; SleepCycleTimeMin=5.000; SleepCycleTimeStd=0.002; SleepCycleTimeSum=5690.071; SubmitCycleTimeAvg=0.000; SubmitCycleTimeMax=0.099; SubmitCycleTimeMin=0.000; SubmitCycleTimeStd=0.003; SubmitCycleTimeSum=0.154; EventCycleTimeCount=1137.000; SleepCycleTimeCount=1137.000; SubmitCycleTimeCount=1138.000; LogProcessCycleTimeAvg=0.009; LogProcessCycleTimeMax=0.083; LogProcessCycleTimeMin=0.001; LogProcessCycleTimeStd=0.017; LogProcessCycleTimeSum=0.474; LogProcessCycleTimeCount=52.000; ]
07/07/26 19:35:58 **** condor_scheduniv_exec.170256.0 (condor_DAGMAN) pid 589473 EXITING WITH STATUS 0
07/07/26 23:22:54 ******************************************************
07/07/26 23:22:54 ** condor_scheduniv_exec.170513.0 (CONDOR_DAGMAN) STARTING UP
07/07/26 23:22:54 ** /usr/bin/condor_dagman
07/07/26 23:22:54 ** SubsystemInfo: name=DAGMAN type=DAGMAN(9) class=CLIENT(2)
07/07/26 23:22:54 ** Configuration: subsystem:DAGMAN local:<NONE> class:CLIENT
07/07/26 23:22:54 ** $CondorVersion: 24.12.19 2026-04-15 BuildID: 896241 PackageID: 24.12.19-1+deb12 GitSHA: c68f3e0e $
07/07/26 23:22:54 ** $CondorPlatform: X86_64-Debian_12 $
07/07/26 23:22:54 ** PID = 708189 RealUID = 1620002036
07/07/26 23:22:54 ** Log last touched 7/7 19:35:58
07/07/26 23:22:54 ******************************************************
07/07/26 23:22:54 Using config source: /etc/condor/condor_config
07/07/26 23:22:54 Using local config sources: 
07/07/26 23:22:54    /etc/condor/config.d/01-submit.conf
07/07/26 23:22:54    /etc/condor/config.d/10-stash-plugin.conf
07/07/26 23:22:54    /etc/condor/config.d/23-network.config
07/07/26 23:22:54    /etc/condor/config.d/31-mail.conf
07/07/26 23:22:54    /etc/condor/config.d/35-cc-sync.conf
07/07/26 23:22:54    /etc/condor/config.d/41-periodic-remove.conf
07/07/26 23:22:54    /etc/condor/config.d/49-common.conf
07/07/26 23:22:54    /etc/condor/config.d/52-group-mapping.conf
07/07/26 23:22:54    /etc/condor/config.d/54-container.conf
07/07/26 23:22:54    /etc/condor/config.d/67-submit-transforms.conf
07/07/26 23:22:54    /etc/condor/config.d/71-submit-requirements.conf
07/07/26 23:22:54    /etc/condor/condor_config.local
07/07/26 23:22:54 config Macros = 110, Sorted = 110, StringBytes = 6396, TablesBytes = 4088
07/07/26 23:22:54 CLASSAD_CACHING is ENABLED
07/07/26 23:22:54 Daemon Log is logging: D_ALWAYS D_ERROR D_STATUS
07/07/26 23:22:54 Daemoncore: Listening at <0.0.0.0:3463> on TCP (ReliSock) and UDP (SafeSock).
07/07/26 23:22:54 DaemonCore: command socket at <10.143.248.60:3463?addrs=10.143.248.60-3463&alias=conduit.hpc.uni-saarland.de>
07/07/26 23:22:54 DaemonCore: private command socket at <10.143.248.60:3463?addrs=10.143.248.60-3463&alias=conduit.hpc.uni-saarland.de>
07/07/26 23:22:54 DAGMAN_USE_STRICT setting: 1
07/07/26 23:22:54 DAGMAN_VERBOSITY setting: 3
07/07/26 23:22:54 DAGMAN_DEBUG_CACHE_SIZE setting: 5242880
07/07/26 23:22:54 DAGMAN_DEBUG_CACHE_ENABLE setting: False
07/07/26 23:22:54 DAGMAN_SUBMIT_DELAY setting: 0
07/07/26 23:22:54 DAGMAN_MAX_SUBMIT_ATTEMPTS setting: 6
07/07/26 23:22:54 DAGMAN_STARTUP_CYCLE_DETECT setting: False
07/07/26 23:22:54 DAGMAN_USE_JOIN_NODES setting: True
07/07/26 23:22:54 DAGMAN_REPORT_GRAPH_METRICS setting: False
07/07/26 23:22:54 DAGMAN_MAX_SUBMITS_PER_INTERVAL setting: 100
07/07/26 23:22:54 DAGMAN_AGGRESSIVE_SUBMIT setting: False
07/07/26 23:22:54 DAGMAN_USER_LOG_SCAN_INTERVAL setting: 5
07/07/26 23:22:54 DAGMAN_QUEUE_UPDATE_INTERVAL setting: 300.000000
07/07/26 23:22:54 DAGMAN_DEFAULT_PRIORITY setting: 0
07/07/26 23:22:54 DAGMAN_SUPPRESS_NOTIFICATION setting: False
07/07/26 23:22:54 allow_events (DAGMAN_ALLOW_EVENTS) setting: 114
07/07/26 23:22:54 DAGMAN_RETRY_SUBMIT_FIRST setting: True
07/07/26 23:22:54 DAGMAN_RETRY_NODE_FIRST setting: False
07/07/26 23:22:54 DAGMAN_MAX_JOBS_IDLE setting: 1000
07/07/26 23:22:54 DAGMAN_MAX_JOBS_SUBMITTED setting: 0
07/07/26 23:22:54 DAGMAN_MAX_PRE_SCRIPTS setting: 20
07/07/26 23:22:54 DAGMAN_MAX_POST_SCRIPTS setting: 20
07/07/26 23:22:54 DAGMAN_MAX_HOLD_SCRIPTS setting: 20
07/07/26 23:22:54 DAGMAN_MUNGE_NODE_NAMES setting: True
07/07/26 23:22:54 DAGMAN_ALLOW_ANY_NODE_NAME_CHARACTERS setting: False
07/07/26 23:22:54 DAGMAN_PROHIBIT_MULTI_JOBS setting: False
07/07/26 23:22:54 DAGMAN_SUBMIT_DEPTH_FIRST setting: False
07/07/26 23:22:54 DAGMAN_ALWAYS_RUN_POST setting: False
07/07/26 23:22:54 DAGMAN_CONDOR_SUBMIT_EXE setting: /usr/bin/condor_submit
07/07/26 23:22:54 DAGMAN_CONDOR_RM_EXE setting: /usr/bin/condor_rm
07/07/26 23:22:54 DAGMAN_USE_DIRECT_SUBMIT setting: True
07/07/26 23:22:54 DAGMAN_PRODUCE_JOB_CREDENTIALS setting: True
07/07/26 23:22:54 DAGMAN_DEFAULT_APPEND_VARS setting: False
07/07/26 23:22:54 DAGMAN_INHERIT_ATTRS_PREFIX setting: 
07/07/26 23:22:54 DAGMAN_INHERIT_ATTRS setting: 
07/07/26 23:22:54 DAGMAN_ABORT_DUPLICATES setting: True
07/07/26 23:22:54 DAGMAN_ABORT_ON_SCARY_SUBMIT setting: True
07/07/26 23:22:54 DAGMAN_PENDING_REPORT_INTERVAL setting: 600
07/07/26 23:22:54 DAGMAN_CHECK_QUEUE_INTERVAL setting: 28800
07/07/26 23:22:54 DAGMAN_PRINT_JOB_TABLE_INTERVAL setting: 900
07/07/26 23:22:54 DAGMAN_AUTO_RESCUE setting: True
07/07/26 23:22:54 DAGMAN_MAX_RESCUE_NUM setting: 100
07/07/26 23:22:54 DAGMAN_WRITE_PARTIAL_RESCUE setting: True
07/07/26 23:22:54 DAGMAN_RESET_RETRIES_UPON_RESCUE setting: True
07/07/26 23:22:54 DAGMAN_METRICS_FILE_VERSION setting: 2
07/07/26 23:22:54 DAGMAN_DEFAULT_NODE_LOG setting: @(DAG_DIR)/@(DAG_FILE).nodes.log
07/07/26 23:22:54 DAGMAN_LOG_ON_NFS_IS_ERROR setting: False
07/07/26 23:22:54 DAGMAN_GENERATE_SUBDAG_SUBMITS setting: True
07/07/26 23:22:54 DAGMAN_MAX_JOB_HOLDS setting: 100
07/07/26 23:22:54 DAGMAN_NODE_JOB_FAILURE_TOLERANCE setting: 0
07/07/26 23:22:54 DAGMAN_HOLD_CLAIM_TIME setting: 20
07/07/26 23:22:54 DAGMAN_SUPPRESS_JOB_LOGS setting: False
07/07/26 23:22:54 DAGMAN_REMOVE_NODE_JOBS setting: True
07/07/26 23:22:54 DAGMAN_PUT_FAILED_JOBS_ON_HOLD setting: False
07/07/26 23:22:54 DAGMAN_REMOVE_JOBS_AFTER_LIMIT_CHANGE setting: False
07/07/26 23:22:54 DAGMAN will adjust edges after parsing
07/07/26 23:22:54 argv[0] == "condor_scheduniv_exec.170513.0"
07/07/26 23:22:54 argv[1] == "-Lockfile"
07/07/26 23:22:54 argv[2] == "one_way_line_det_one_way_line_15_10_action_shield.dag.lock"
07/07/26 23:22:54 argv[3] == "-Dag"
07/07/26 23:22:54 argv[4] == "one_way_line_det_one_way_line_15_10_action_shield.dag"
07/07/26 23:22:54 argv[5] == "-CsdVersion"
07/07/26 23:22:54 argv[6] == "$CondorVersion: 24.12.19 2026-04-15 BuildID: 896241 PackageID: 24.12.19-1+deb12 GitSHA: c68f3e0e $"
07/07/26 23:22:54 argv[7] == "-dagman"
07/07/26 23:22:54 argv[8] == "/usr/bin/condor_dagman"
07/07/26 23:22:54 argv[9] == "-AutoRescue"
07/07/26 23:22:54 argv[10] == "1"
07/07/26 23:22:54 argv[11] == "-DoRescueFrom"
07/07/26 23:22:54 argv[12] == "0"
07/07/26 23:22:54 argv[13] == "-force"
07/07/26 23:22:54 Can't open directory "/etc/condor/passwords.d" as PRIV_ROOT, errno: 13 (Permission denied)
07/07/26 23:22:54 Can't open directory "/etc/condor/passwords.d" as PRIV_ROOT, errno: 13 (Permission denied)
07/07/26 23:22:54 Workflow batch-id: <170513.0>
07/07/26 23:22:54 Workflow batch-name: <one_way_line_det_one_way_line_15_10_action_shield.dag+170513>
07/07/26 23:22:54 Workflow accounting_group: <teaching>
07/07/26 23:22:54 Workflow accounting_group_user: <atml_team041>
07/07/26 23:22:54 Warning: failed to get attribute DAGNodeName
07/07/26 23:22:54 Default node log file is: </home/atml_team041/condor_tutorial/jani_env/experiments/repair_wo_domain/submissions/action_shield/one_way_line_det/./one_way_line_det_one_way_line_15_10_action_shield.dag.nodes.log>
07/07/26 23:22:54 DAG Lockfile will be written to one_way_line_det_one_way_line_15_10_action_shield.dag.lock
07/07/26 23:22:54 DAG Input file is one_way_line_det_one_way_line_15_10_action_shield.dag
07/07/26 23:22:54 Parsing 1 dagfiles
07/07/26 23:22:54 Parsing one_way_line_det_one_way_line_15_10_action_shield.dag ...
07/07/26 23:22:54 Adjusting edges
07/07/26 23:22:54 Dag contains 5 total nodes
07/07/26 23:22:54 Bootstrapping...
07/07/26 23:22:54 Number of pre-completed nodes: 0
07/07/26 23:22:54 MultiLogFiles: truncating log file /home/atml_team041/condor_tutorial/jani_env/experiments/repair_wo_domain/submissions/action_shield/one_way_line_det/./one_way_line_det_one_way_line_15_10_action_shield.dag.nodes.log
07/07/26 23:22:54 DAG status: 0 (DAG_STATUS_OK)
07/07/26 23:22:54 Of 5 nodes total:
07/07/26 23:22:54  Done     Pre   Queued    Post   Ready   Un-Ready   Failed   Futile
07/07/26 23:22:54   ===     ===      ===     ===     ===        ===      ===      ===
07/07/26 23:22:54     0       0        0       0       1          4        0        0
07/07/26 23:22:54 0 job proc(s) currently held
07/07/26 23:22:54 DAGMan Runtime Statistics: [EventCycleTimeSum=0.000; SleepCycleTimeSum=0.000; SubmitCycleTimeSum=0.000; EventCycleTimeCount=0.000; SleepCycleTimeCount=0.000; SubmitCycleTimeCount=0.000; LogProcessCycleTimeSum=0.000; LogProcessCycleTimeCount=0.000; ]
07/07/26 23:22:54 Registering condor_event_timer...
07/07/26 23:22:55 Submitting HTCondor Node COLLECT job(s)...
07/07/26 23:22:55 Submitting node COLLECT from file one_way_line_det_one_way_line_15_10_action_shield_collect.sub using direct job submission
07/07/26 23:22:55 	assigned HTCondor ID (170516.0.0)
07/07/26 23:22:55 Just submitted 1 job this cycle...
07/07/26 23:22:55 DAG status: 0 (DAG_STATUS_OK)
07/07/26 23:22:55 Of 5 nodes total:
07/07/26 23:22:55  Done     Pre   Queued    Post   Ready   Un-Ready   Failed   Futile
07/07/26 23:22:55   ===     ===      ===     ===     ===        ===      ===      ===
07/07/26 23:22:55     0       0        1       0       0          4        0        0
07/07/26 23:22:55 0 job proc(s) currently held
07/07/26 23:22:55 DAGMan Runtime Statistics: [EventCycleTimeSum=0.000; SleepCycleTimeSum=0.000; SubmitCycleTimeAvg=0.113; SubmitCycleTimeMax=0.113; SubmitCycleTimeMin=0.113; SubmitCycleTimeStd=0.113; SubmitCycleTimeSum=0.113; EventCycleTimeCount=0.000; SleepCycleTimeCount=0.000; SubmitCycleTimeCount=1.000; LogProcessCycleTimeSum=0.000; LogProcessCycleTimeCount=0.000; ]
07/07/26 23:23:00 Currently monitoring 1 HTCondor log file(s)
07/07/26 23:23:00 Reassigning the id of job COLLECT from (170516.0.0) to (170516.0.0)
07/07/26 23:23:00 Event: ULOG_SUBMIT for HTCondor Node COLLECT (170516.0.0) {07/07/26 23:22:55}
07/07/26 23:23:00 Number of idle job procs: 1
07/07/26 23:23:00 Reassigning the id of job COLLECT from (170516.0.0) to (170516.1.0)
07/07/26 23:23:00 Event: ULOG_SUBMIT for HTCondor Node COLLECT (170516.1.0) {07/07/26 23:22:55}
07/07/26 23:23:00 Number of idle job procs: 2
07/07/26 23:23:00 Reassigning the id of job COLLECT from (170516.1.0) to (170516.10.0)
07/07/26 23:23:00 Event: ULOG_SUBMIT for HTCondor Node COLLECT (170516.10.0) {07/07/26 23:22:55}
07/07/26 23:23:00 Number of idle job procs: 3
07/07/26 23:23:00 Reassigning the id of job COLLECT from (170516.10.0) to (170516.11.0)
07/07/26 23:23:00 Event: ULOG_SUBMIT for HTCondor Node COLLECT (170516.11.0) {07/07/26 23:22:55}
07/07/26 23:23:00 Number of idle job procs: 4
07/07/26 23:23:00 Reassigning the id of job COLLECT from (170516.11.0) to (170516.12.0)
07/07/26 23:23:00 Event: ULOG_SUBMIT for HTCondor Node COLLECT (170516.12.0) {07/07/26 23:22:55}
07/07/26 23:23:00 Number of idle job procs: 5
07/07/26 23:23:00 Reassigning the id of job COLLECT from (170516.12.0) to (170516.13.0)
07/07/26 23:23:00 Event: ULOG_SUBMIT for HTCondor Node COLLECT (170516.13.0) {07/07/26 23:22:55}
07/07/26 23:23:00 Number of idle job procs: 6
07/07/26 23:23:00 Reassigning the id of job COLLECT from (170516.13.0) to (170516.14.0)
07/07/26 23:23:01 Event: ULOG_SUBMIT for HTCondor Node COLLECT (170516.14.0) {07/07/26 23:22:55}
07/07/26 23:23:01 Number of idle job procs: 7
07/07/26 23:23:01 Reassigning the id of job COLLECT from (170516.14.0) to (170516.15.0)
07/07/26 23:23:01 Event: ULOG_SUBMIT for HTCondor Node COLLECT (170516.15.0) {07/07/26 23:22:55}
07/07/26 23:23:01 Number of idle job procs: 8
07/07/26 23:23:01 Reassigning the id of job COLLECT from (170516.15.0) to (170516.16.0)
07/07/26 23:23:01 Event: ULOG_SUBMIT for HTCondor Node COLLECT (170516.16.0) {07/07/26 23:22:55}
07/07/26 23:23:01 Number of idle job procs: 9
07/07/26 23:23:01 Reassigning the id of job COLLECT from (170516.16.0) to (170516.17.0)
07/07/26 23:23:01 Event: ULOG_SUBMIT for HTCondor Node COLLECT (170516.17.0) {07/07/26 23:22:55}
07/07/26 23:23:01 Number of idle job procs: 10
07/07/26 23:23:01 Reassigning the id of job COLLECT from (170516.17.0) to (170516.18.0)
07/07/26 23:23:01 Event: ULOG_SUBMIT for HTCondor Node COLLECT (170516.18.0) {07/07/26 23:22:55}
07/07/26 23:23:01 Number of idle job procs: 11
07/07/26 23:23:01 Reassigning the id of job COLLECT from (170516.18.0) to (170516.19.0)
07/07/26 23:23:01 Event: ULOG_SUBMIT for HTCondor Node COLLECT (170516.19.0) {07/07/26 23:22:55}
07/07/26 23:23:01 Number of idle job procs: 12
07/07/26 23:23:01 Reassigning the id of job COLLECT from (170516.19.0) to (170516.2.0)
07/07/26 23:23:01 Event: ULOG_SUBMIT for HTCondor Node COLLECT (170516.2.0) {07/07/26 23:22:55}
07/07/26 23:23:01 Number of idle job procs: 13
07/07/26 23:23:01 Reassigning the id of job COLLECT from (170516.2.0) to (170516.20.0)
07/07/26 23:23:01 Event: ULOG_SUBMIT for HTCondor Node COLLECT (170516.20.0) {07/07/26 23:22:55}
07/07/26 23:23:01 Number of idle job procs: 14
07/07/26 23:23:01 Reassigning the id of job COLLECT from (170516.20.0) to (170516.21.0)
07/07/26 23:23:01 Event: ULOG_SUBMIT for HTCondor Node COLLECT (170516.21.0) {07/07/26 23:22:55}
07/07/26 23:23:01 Number of idle job procs: 15
07/07/26 23:23:01 Reassigning the id of job COLLECT from (170516.21.0) to (170516.22.0)
07/07/26 23:23:01 Event: ULOG_SUBMIT for HTCondor Node COLLECT (170516.22.0) {07/07/26 23:22:55}
07/07/26 23:23:01 Number of idle job procs: 16
07/07/26 23:23:01 Reassigning the id of job COLLECT from (170516.22.0) to (170516.23.0)
07/07/26 23:23:01 Event: ULOG_SUBMIT for HTCondor Node COLLECT (170516.23.0) {07/07/26 23:22:55}
07/07/26 23:23:01 Number of idle job procs: 17
07/07/26 23:23:01 Reassigning the id of job COLLECT from (170516.23.0) to (170516.24.0)
07/07/26 23:23:01 Event: ULOG_SUBMIT for HTCondor Node COLLECT (170516.24.0) {07/07/26 23:22:55}
07/07/26 23:23:01 Number of idle job procs: 18
07/07/26 23:23:01 Reassigning the id of job COLLECT from (170516.24.0) to (170516.25.0)
07/07/26 23:23:01 Event: ULOG_SUBMIT for HTCondor Node COLLECT (170516.25.0) {07/07/26 23:22:55}
07/07/26 23:23:01 Number of idle job procs: 19
07/07/26 23:23:01 Reassigning the id of job COLLECT from (170516.25.0) to (170516.26.0)
07/07/26 23:23:01 Event: ULOG_SUBMIT for HTCondor Node COLLECT (170516.26.0) {07/07/26 23:22:55}
07/07/26 23:23:01 Number of idle job procs: 20
07/07/26 23:23:01 Reassigning the id of job COLLECT from (170516.26.0) to (170516.27.0)
07/07/26 23:23:01 Event: ULOG_SUBMIT for HTCondor Node COLLECT (170516.27.0) {07/07/26 23:22:55}
07/07/26 23:23:01 Number of idle job procs: 21
07/07/26 23:23:01 Reassigning the id of job COLLECT from (170516.27.0) to (170516.28.0)
07/07/26 23:23:01 Event: ULOG_SUBMIT for HTCondor Node COLLECT (170516.28.0) {07/07/26 23:22:55}
07/07/26 23:23:01 Number of idle job procs: 22
07/07/26 23:23:01 Reassigning the id of job COLLECT from (170516.28.0) to (170516.29.0)
07/07/26 23:23:01 Event: ULOG_SUBMIT for HTCondor Node COLLECT (170516.29.0) {07/07/26 23:22:55}
07/07/26 23:23:01 Number of idle job procs: 23
07/07/26 23:23:01 Reassigning the id of job COLLECT from (170516.29.0) to (170516.3.0)
07/07/26 23:23:01 Event: ULOG_SUBMIT for HTCondor Node COLLECT (170516.3.0) {07/07/26 23:22:55}
07/07/26 23:23:01 Number of idle job procs: 24
07/07/26 23:23:01 Reassigning the id of job COLLECT from (170516.3.0) to (170516.30.0)
07/07/26 23:23:01 Event: ULOG_SUBMIT for HTCondor Node COLLECT (170516.30.0) {07/07/26 23:22:55}
07/07/26 23:23:01 Number of idle job procs: 25
07/07/26 23:23:01 Reassigning the id of job COLLECT from (170516.30.0) to (170516.31.0)
07/07/26 23:23:01 Event: ULOG_SUBMIT for HTCondor Node COLLECT (170516.31.0) {07/07/26 23:22:55}
07/07/26 23:23:01 Number of idle job procs: 26
07/07/26 23:23:01 Reassigning the id of job COLLECT from (170516.31.0) to (170516.32.0)
07/07/26 23:23:01 Event: ULOG_SUBMIT for HTCondor Node COLLECT (170516.32.0) {07/07/26 23:22:55}
07/07/26 23:23:01 Number of idle job procs: 27
07/07/26 23:23:01 Reassigning the id of job COLLECT from (170516.32.0) to (170516.33.0)
07/07/26 23:23:01 Event: ULOG_SUBMIT for HTCondor Node COLLECT (170516.33.0) {07/07/26 23:22:55}
07/07/26 23:23:01 Number of idle job procs: 28
07/07/26 23:23:01 Reassigning the id of job COLLECT from (170516.33.0) to (170516.34.0)
07/07/26 23:23:01 Event: ULOG_SUBMIT for HTCondor Node COLLECT (170516.34.0) {07/07/26 23:22:55}
07/07/26 23:23:01 Number of idle job procs: 29
07/07/26 23:23:01 Reassigning the id of job COLLECT from (170516.34.0) to (170516.35.0)
07/07/26 23:23:01 Event: ULOG_SUBMIT for HTCondor Node COLLECT (170516.35.0) {07/07/26 23:22:55}
07/07/26 23:23:01 Number of idle job procs: 30
07/07/26 23:23:01 Reassigning the id of job COLLECT from (170516.35.0) to (170516.36.0)
07/07/26 23:23:01 Event: ULOG_SUBMIT for HTCondor Node COLLECT (170516.36.0) {07/07/26 23:22:55}
07/07/26 23:23:01 Number of idle job procs: 31
07/07/26 23:23:01 Reassigning the id of job COLLECT from (170516.36.0) to (170516.37.0)
07/07/26 23:23:01 Event: ULOG_SUBMIT for HTCondor Node COLLECT (170516.37.0) {07/07/26 23:22:55}
07/07/26 23:23:01 Number of idle job procs: 32
07/07/26 23:23:01 Reassigning the id of job COLLECT from (170516.37.0) to (170516.38.0)
07/07/26 23:23:01 Event: ULOG_SUBMIT for HTCondor Node COLLECT (170516.38.0) {07/07/26 23:22:55}
07/07/26 23:23:01 Number of idle job procs: 33
07/07/26 23:23:01 Reassigning the id of job COLLECT from (170516.38.0) to (170516.39.0)
07/07/26 23:23:01 Event: ULOG_SUBMIT for HTCondor Node COLLECT (170516.39.0) {07/07/26 23:22:55}
07/07/26 23:23:01 Number of idle job procs: 34
07/07/26 23:23:01 Reassigning the id of job COLLECT from (170516.39.0) to (170516.4.0)
07/07/26 23:23:01 Event: ULOG_SUBMIT for HTCondor Node COLLECT (170516.4.0) {07/07/26 23:22:55}
07/07/26 23:23:01 Number of idle job procs: 35
07/07/26 23:23:01 Reassigning the id of job COLLECT from (170516.4.0) to (170516.5.0)
07/07/26 23:23:01 Event: ULOG_SUBMIT for HTCondor Node COLLECT (170516.5.0) {07/07/26 23:22:55}
07/07/26 23:23:01 Number of idle job procs: 36
07/07/26 23:23:01 Reassigning the id of job COLLECT from (170516.5.0) to (170516.6.0)
07/07/26 23:23:01 Event: ULOG_SUBMIT for HTCondor Node COLLECT (170516.6.0) {07/07/26 23:22:55}
07/07/26 23:23:01 Number of idle job procs: 37
07/07/26 23:23:01 Reassigning the id of job COLLECT from (170516.6.0) to (170516.7.0)
07/07/26 23:23:01 Event: ULOG_SUBMIT for HTCondor Node COLLECT (170516.7.0) {07/07/26 23:22:55}
07/07/26 23:23:01 Number of idle job procs: 38
07/07/26 23:23:01 Reassigning the id of job COLLECT from (170516.7.0) to (170516.8.0)
07/07/26 23:23:01 Event: ULOG_SUBMIT for HTCondor Node COLLECT (170516.8.0) {07/07/26 23:22:55}
07/07/26 23:23:01 Number of idle job procs: 39
07/07/26 23:23:01 Reassigning the id of job COLLECT from (170516.8.0) to (170516.9.0)
07/07/26 23:23:01 Event: ULOG_SUBMIT for HTCondor Node COLLECT (170516.9.0) {07/07/26 23:22:55}
07/07/26 23:23:01 Number of idle job procs: 40
07/07/26 23:33:01 601 seconds since last log event
07/07/26 23:33:01 Pending DAG nodes:
07/07/26 23:33:01   Node COLLECT, HTCondor ID 170516, status STATUS_SUBMITTED
07/07/26 23:37:12 Received SIGUSR1
07/07/26 23:37:12 Aborting DAG...
07/07/26 23:37:12 Writing Rescue DAG to one_way_line_det_one_way_line_15_10_action_shield.dag.rescue001...
07/07/26 23:37:12 Removing submitted jobs...
07/07/26 23:37:12 Removing any/all submitted HTCondor jobs...
07/07/26 23:37:12 Running: /usr/bin/condor_rm -const DAGManJobId==170513 -reason DAG' 'Removed:' 'User' 'removed' 'scheduler' 'job' 'from' 'queue.
07/07/26 23:37:12 Note: 0 total node deferrals because of -MaxJobs limit (0)
07/07/26 23:37:12 Note: 0 total node deferrals because of -MaxIdle limit (1000)
07/07/26 23:37:12 Note: 0 total node deferrals because of node category throttles
07/07/26 23:37:12 Note: 0 total PRE script deferrals because of -MaxPre limit (20) or DEFER
07/07/26 23:37:12 Note: 0 total POST script deferrals because of -MaxPost limit (20) or DEFER
07/07/26 23:37:12 Note: 0 total HOLD script deferrals because of -MaxHold limit (20) or DEFER
07/07/26 23:37:12 DAG status: 4 (DAG_STATUS_RM)
07/07/26 23:37:12 Of 5 nodes total:
07/07/26 23:37:12  Done     Pre   Queued    Post   Ready   Un-Ready   Failed   Futile
07/07/26 23:37:12   ===     ===      ===     ===     ===        ===      ===      ===
07/07/26 23:37:12     0       0        1       0       0          4        0        0
07/07/26 23:37:12 0 job proc(s) currently held
07/07/26 23:37:12 DAGMan Runtime Statistics: [EventCycleTimeAvg=0.001; EventCycleTimeMax=0.117; EventCycleTimeMin=0.000; EventCycleTimeStd=0.011; EventCycleTimeSum=0.220; SleepCycleTimeAvg=5.004; SleepCycleTimeMax=5.018; SleepCycleTimeMin=5.001; SleepCycleTimeStd=0.001; SleepCycleTimeSum=855.676; SubmitCycleTimeAvg=0.001; SubmitCycleTimeMax=0.113; SubmitCycleTimeMin=0.000; SubmitCycleTimeStd=0.009; SubmitCycleTimeSum=0.113; EventCycleTimeCount=172.000; SleepCycleTimeCount=171.000; SubmitCycleTimeCount=172.000; LogProcessCycleTimeAvg=0.071; LogProcessCycleTimeMax=0.071; LogProcessCycleTimeMin=0.071; LogProcessCycleTimeStd=0.071; LogProcessCycleTimeSum=0.071; LogProcessCycleTimeCount=1.000; ]
07/07/26 23:37:12 Wrote metrics file one_way_line_det_one_way_line_15_10_action_shield.dag.metrics.
07/07/26 23:37:12 DAGMan Runtime Statistics: [EventCycleTimeAvg=0.001; EventCycleTimeMax=0.117; EventCycleTimeMin=0.000; EventCycleTimeStd=0.011; EventCycleTimeSum=0.220; SleepCycleTimeAvg=5.004; SleepCycleTimeMax=5.018; SleepCycleTimeMin=5.001; SleepCycleTimeStd=0.001; SleepCycleTimeSum=855.676; SubmitCycleTimeAvg=0.001; SubmitCycleTimeMax=0.113; SubmitCycleTimeMin=0.000; SubmitCycleTimeStd=0.009; SubmitCycleTimeSum=0.113; EventCycleTimeCount=172.000; SleepCycleTimeCount=171.000; SubmitCycleTimeCount=172.000; LogProcessCycleTimeAvg=0.071; LogProcessCycleTimeMax=0.071; LogProcessCycleTimeMin=0.071; LogProcessCycleTimeStd=0.071; LogProcessCycleTimeSum=0.071; LogProcessCycleTimeCount=1.000; ]
07/07/26 23:37:12 **** condor_scheduniv_exec.170513.0 (condor_DAGMAN) pid 708189 EXITING WITH STATUS 2
