07/06/26 18:25:14 ******************************************************
07/06/26 18:25:14 ** condor_scheduniv_exec.170257.0 (CONDOR_DAGMAN) STARTING UP
07/06/26 18:25:14 ** /usr/bin/condor_dagman
07/06/26 18:25:14 ** SubsystemInfo: name=DAGMAN type=DAGMAN(9) class=CLIENT(2)
07/06/26 18:25:14 ** Configuration: subsystem:DAGMAN local:<NONE> class:CLIENT
07/06/26 18:25:14 ** $CondorVersion: 24.12.19 2026-04-15 BuildID: 896241 PackageID: 24.12.19-1+deb12 GitSHA: c68f3e0e $
07/06/26 18:25:14 ** $CondorPlatform: X86_64-Debian_12 $
07/06/26 18:25:14 ** PID = 42711 RealUID = 1620002036
07/06/26 18:25:14 ** Log last touched time unavailable (No such file or directory)
07/06/26 18:25:14 ******************************************************
07/06/26 18:25:14 Using config source: /etc/condor/condor_config
07/06/26 18:25:14 Using local config sources: 
07/06/26 18:25:14    /etc/condor/config.d/01-submit.conf
07/06/26 18:25:14    /etc/condor/config.d/10-stash-plugin.conf
07/06/26 18:25:14    /etc/condor/config.d/23-network.config
07/06/26 18:25:14    /etc/condor/config.d/31-mail.conf
07/06/26 18:25:14    /etc/condor/config.d/35-cc-sync.conf
07/06/26 18:25:14    /etc/condor/config.d/41-periodic-remove.conf
07/06/26 18:25:14    /etc/condor/config.d/49-common.conf
07/06/26 18:25:14    /etc/condor/config.d/52-group-mapping.conf
07/06/26 18:25:14    /etc/condor/config.d/54-container.conf
07/06/26 18:25:14    /etc/condor/config.d/67-submit-transforms.conf
07/06/26 18:25:14    /etc/condor/config.d/71-submit-requirements.conf
07/06/26 18:25:14    /etc/condor/condor_config.local
07/06/26 18:25:14 config Macros = 110, Sorted = 110, StringBytes = 6399, TablesBytes = 4088
07/06/26 18:25:14 CLASSAD_CACHING is ENABLED
07/06/26 18:25:14 Daemon Log is logging: D_ALWAYS D_ERROR D_STATUS
07/06/26 18:25:14 Daemoncore: Listening at <0.0.0.0:13113> on TCP (ReliSock) and UDP (SafeSock).
07/06/26 18:25:14 DaemonCore: command socket at <10.143.248.60:13113?addrs=10.143.248.60-13113&alias=conduit.hpc.uni-saarland.de>
07/06/26 18:25:14 DaemonCore: private command socket at <10.143.248.60:13113?addrs=10.143.248.60-13113&alias=conduit.hpc.uni-saarland.de>
07/06/26 18:25:14 DAGMAN_USE_STRICT setting: 1
07/06/26 18:25:14 DAGMAN_VERBOSITY setting: 3
07/06/26 18:25:14 DAGMAN_DEBUG_CACHE_SIZE setting: 5242880
07/06/26 18:25:14 DAGMAN_DEBUG_CACHE_ENABLE setting: False
07/06/26 18:25:14 DAGMAN_SUBMIT_DELAY setting: 0
07/06/26 18:25:14 DAGMAN_MAX_SUBMIT_ATTEMPTS setting: 6
07/06/26 18:25:14 DAGMAN_STARTUP_CYCLE_DETECT setting: False
07/06/26 18:25:14 DAGMAN_USE_JOIN_NODES setting: True
07/06/26 18:25:14 DAGMAN_REPORT_GRAPH_METRICS setting: False
07/06/26 18:25:14 DAGMAN_MAX_SUBMITS_PER_INTERVAL setting: 100
07/06/26 18:25:14 DAGMAN_AGGRESSIVE_SUBMIT setting: False
07/06/26 18:25:14 DAGMAN_USER_LOG_SCAN_INTERVAL setting: 5
07/06/26 18:25:14 DAGMAN_QUEUE_UPDATE_INTERVAL setting: 300.000000
07/06/26 18:25:14 DAGMAN_DEFAULT_PRIORITY setting: 0
07/06/26 18:25:14 DAGMAN_SUPPRESS_NOTIFICATION setting: False
07/06/26 18:25:14 allow_events (DAGMAN_ALLOW_EVENTS) setting: 114
07/06/26 18:25:14 DAGMAN_RETRY_SUBMIT_FIRST setting: True
07/06/26 18:25:14 DAGMAN_RETRY_NODE_FIRST setting: False
07/06/26 18:25:14 DAGMAN_MAX_JOBS_IDLE setting: 1000
07/06/26 18:25:14 DAGMAN_MAX_JOBS_SUBMITTED setting: 0
07/06/26 18:25:14 DAGMAN_MAX_PRE_SCRIPTS setting: 20
07/06/26 18:25:14 DAGMAN_MAX_POST_SCRIPTS setting: 20
07/06/26 18:25:14 DAGMAN_MAX_HOLD_SCRIPTS setting: 20
07/06/26 18:25:14 DAGMAN_MUNGE_NODE_NAMES setting: True
07/06/26 18:25:14 DAGMAN_ALLOW_ANY_NODE_NAME_CHARACTERS setting: False
07/06/26 18:25:14 DAGMAN_PROHIBIT_MULTI_JOBS setting: False
07/06/26 18:25:14 DAGMAN_SUBMIT_DEPTH_FIRST setting: False
07/06/26 18:25:14 DAGMAN_ALWAYS_RUN_POST setting: False
07/06/26 18:25:14 DAGMAN_CONDOR_SUBMIT_EXE setting: /usr/bin/condor_submit
07/06/26 18:25:14 DAGMAN_CONDOR_RM_EXE setting: /usr/bin/condor_rm
07/06/26 18:25:14 DAGMAN_USE_DIRECT_SUBMIT setting: True
07/06/26 18:25:14 DAGMAN_PRODUCE_JOB_CREDENTIALS setting: True
07/06/26 18:25:14 DAGMAN_DEFAULT_APPEND_VARS setting: False
07/06/26 18:25:14 DAGMAN_INHERIT_ATTRS_PREFIX setting: 
07/06/26 18:25:14 DAGMAN_INHERIT_ATTRS setting: 
07/06/26 18:25:14 DAGMAN_ABORT_DUPLICATES setting: True
07/06/26 18:25:14 DAGMAN_ABORT_ON_SCARY_SUBMIT setting: True
07/06/26 18:25:14 DAGMAN_PENDING_REPORT_INTERVAL setting: 600
07/06/26 18:25:14 DAGMAN_CHECK_QUEUE_INTERVAL setting: 28800
07/06/26 18:25:14 DAGMAN_PRINT_JOB_TABLE_INTERVAL setting: 900
07/06/26 18:25:14 DAGMAN_AUTO_RESCUE setting: True
07/06/26 18:25:14 DAGMAN_MAX_RESCUE_NUM setting: 100
07/06/26 18:25:14 DAGMAN_WRITE_PARTIAL_RESCUE setting: True
07/06/26 18:25:14 DAGMAN_RESET_RETRIES_UPON_RESCUE setting: True
07/06/26 18:25:14 DAGMAN_METRICS_FILE_VERSION setting: 2
07/06/26 18:25:14 DAGMAN_DEFAULT_NODE_LOG setting: @(DAG_DIR)/@(DAG_FILE).nodes.log
07/06/26 18:25:14 DAGMAN_LOG_ON_NFS_IS_ERROR setting: False
07/06/26 18:25:14 DAGMAN_GENERATE_SUBDAG_SUBMITS setting: True
07/06/26 18:25:14 DAGMAN_MAX_JOB_HOLDS setting: 100
07/06/26 18:25:14 DAGMAN_NODE_JOB_FAILURE_TOLERANCE setting: 0
07/06/26 18:25:14 DAGMAN_HOLD_CLAIM_TIME setting: 20
07/06/26 18:25:14 DAGMAN_SUPPRESS_JOB_LOGS setting: False
07/06/26 18:25:14 DAGMAN_REMOVE_NODE_JOBS setting: True
07/06/26 18:25:14 DAGMAN_PUT_FAILED_JOBS_ON_HOLD setting: False
07/06/26 18:25:14 DAGMAN_REMOVE_JOBS_AFTER_LIMIT_CHANGE setting: False
07/06/26 18:25:14 DAGMAN will adjust edges after parsing
07/06/26 18:25:14 argv[0] == "condor_scheduniv_exec.170257.0"
07/06/26 18:25:14 argv[1] == "-Lockfile"
07/06/26 18:25:14 argv[2] == "one_way_line_det_one_way_line_17_10_action_shield.dag.lock"
07/06/26 18:25:14 argv[3] == "-Dag"
07/06/26 18:25:14 argv[4] == "one_way_line_det_one_way_line_17_10_action_shield.dag"
07/06/26 18:25:14 argv[5] == "-CsdVersion"
07/06/26 18:25:14 argv[6] == "$CondorVersion: 24.12.19 2026-04-15 BuildID: 896241 PackageID: 24.12.19-1+deb12 GitSHA: c68f3e0e $"
07/06/26 18:25:14 argv[7] == "-dagman"
07/06/26 18:25:14 argv[8] == "/usr/bin/condor_dagman"
07/06/26 18:25:14 argv[9] == "-AutoRescue"
07/06/26 18:25:14 argv[10] == "1"
07/06/26 18:25:14 argv[11] == "-DoRescueFrom"
07/06/26 18:25:14 argv[12] == "0"
07/06/26 18:25:14 Can't open directory "/etc/condor/passwords.d" as PRIV_ROOT, errno: 13 (Permission denied)
07/06/26 18:25:14 Can't open directory "/etc/condor/passwords.d" as PRIV_ROOT, errno: 13 (Permission denied)
07/06/26 18:25:14 Workflow batch-id: <170257.0>
07/06/26 18:25:14 Workflow batch-name: <one_way_line_det_one_way_line_17_10_action_shield.dag+170257>
07/06/26 18:25:14 Workflow accounting_group: <teaching>
07/06/26 18:25:14 Workflow accounting_group_user: <atml_team041>
07/06/26 18:25:14 Warning: failed to get attribute DAGNodeName
07/06/26 18:25:14 Default node log file is: </home/atml_team041/condor_tutorial/jani_env/experiments/repair_wo_domain/submissions/action_shield/one_way_line_det/./one_way_line_det_one_way_line_17_10_action_shield.dag.nodes.log>
07/06/26 18:25:14 DAG Lockfile will be written to one_way_line_det_one_way_line_17_10_action_shield.dag.lock
07/06/26 18:25:14 DAG Input file is one_way_line_det_one_way_line_17_10_action_shield.dag
07/06/26 18:25:14 Parsing 1 dagfiles
07/06/26 18:25:14 Parsing one_way_line_det_one_way_line_17_10_action_shield.dag ...
07/06/26 18:25:14 Adjusting edges
07/06/26 18:25:14 Dag contains 5 total nodes
07/06/26 18:25:14 Bootstrapping...
07/06/26 18:25:14 Number of pre-completed nodes: 0
07/06/26 18:25:14 MultiLogFiles: truncating log file /home/atml_team041/condor_tutorial/jani_env/experiments/repair_wo_domain/submissions/action_shield/one_way_line_det/./one_way_line_det_one_way_line_17_10_action_shield.dag.nodes.log
07/06/26 18:25:14 DAG status: 0 (DAG_STATUS_OK)
07/06/26 18:25:14 Of 5 nodes total:
07/06/26 18:25:14  Done     Pre   Queued    Post   Ready   Un-Ready   Failed   Futile
07/06/26 18:25:14   ===     ===      ===     ===     ===        ===      ===      ===
07/06/26 18:25:14     0       0        0       0       1          4        0        0
07/06/26 18:25:14 0 job proc(s) currently held
07/06/26 18:25:14 DAGMan Runtime Statistics: [EventCycleTimeSum=0.000; SleepCycleTimeSum=0.000; SubmitCycleTimeSum=0.000; EventCycleTimeCount=0.000; SleepCycleTimeCount=0.000; SubmitCycleTimeCount=0.000; LogProcessCycleTimeSum=0.000; LogProcessCycleTimeCount=0.000; ]
07/06/26 18:25:14 Registering condor_event_timer...
07/06/26 18:25:15 Submitting HTCondor Node COLLECT job(s)...
07/06/26 18:25:15 Submitting node COLLECT from file one_way_line_det_one_way_line_17_10_action_shield_collect.sub using direct job submission
07/06/26 18:25:15 	assigned HTCondor ID (170266.0.0)
07/06/26 18:25:16 Just submitted 1 job this cycle...
07/06/26 18:25:16 DAG status: 0 (DAG_STATUS_OK)
07/06/26 18:25:16 Of 5 nodes total:
07/06/26 18:25:16  Done     Pre   Queued    Post   Ready   Un-Ready   Failed   Futile
07/06/26 18:25:16   ===     ===      ===     ===     ===        ===      ===      ===
07/06/26 18:25:16     0       0        1       0       0          4        0        0
07/06/26 18:25:16 0 job proc(s) currently held
07/06/26 18:25:16 DAGMan Runtime Statistics: [EventCycleTimeSum=0.000; SleepCycleTimeSum=0.000; SubmitCycleTimeAvg=0.756; SubmitCycleTimeMax=0.756; SubmitCycleTimeMin=0.756; SubmitCycleTimeStd=0.756; SubmitCycleTimeSum=0.756; EventCycleTimeCount=0.000; SleepCycleTimeCount=0.000; SubmitCycleTimeCount=1.000; LogProcessCycleTimeSum=0.000; LogProcessCycleTimeCount=0.000; ]
07/06/26 18:25:21 Currently monitoring 1 HTCondor log file(s)
07/06/26 18:25:21 Reassigning the id of job COLLECT from (170266.0.0) to (170266.0.0)
07/06/26 18:25:21 Event: ULOG_SUBMIT for HTCondor Node COLLECT (170266.0.0) {07/06/26 18:25:15}
07/06/26 18:25:21 Number of idle job procs: 1
07/06/26 18:25:21 Reassigning the id of job COLLECT from (170266.0.0) to (170266.1.0)
07/06/26 18:25:21 Event: ULOG_SUBMIT for HTCondor Node COLLECT (170266.1.0) {07/06/26 18:25:15}
07/06/26 18:25:21 Number of idle job procs: 2
07/06/26 18:25:21 Reassigning the id of job COLLECT from (170266.1.0) to (170266.10.0)
07/06/26 18:25:21 Event: ULOG_SUBMIT for HTCondor Node COLLECT (170266.10.0) {07/06/26 18:25:15}
07/06/26 18:25:21 Number of idle job procs: 3
07/06/26 18:25:21 Reassigning the id of job COLLECT from (170266.10.0) to (170266.11.0)
07/06/26 18:25:21 Event: ULOG_SUBMIT for HTCondor Node COLLECT (170266.11.0) {07/06/26 18:25:15}
07/06/26 18:25:21 Number of idle job procs: 4
07/06/26 18:25:21 Reassigning the id of job COLLECT from (170266.11.0) to (170266.12.0)
07/06/26 18:25:21 Event: ULOG_SUBMIT for HTCondor Node COLLECT (170266.12.0) {07/06/26 18:25:15}
07/06/26 18:25:21 Number of idle job procs: 5
07/06/26 18:25:21 Reassigning the id of job COLLECT from (170266.12.0) to (170266.13.0)
07/06/26 18:25:21 Event: ULOG_SUBMIT for HTCondor Node COLLECT (170266.13.0) {07/06/26 18:25:15}
07/06/26 18:25:21 Number of idle job procs: 6
07/06/26 18:25:21 Reassigning the id of job COLLECT from (170266.13.0) to (170266.14.0)
07/06/26 18:25:21 Event: ULOG_SUBMIT for HTCondor Node COLLECT (170266.14.0) {07/06/26 18:25:15}
07/06/26 18:25:21 Number of idle job procs: 7
07/06/26 18:25:21 Reassigning the id of job COLLECT from (170266.14.0) to (170266.15.0)
07/06/26 18:25:21 Event: ULOG_SUBMIT for HTCondor Node COLLECT (170266.15.0) {07/06/26 18:25:15}
07/06/26 18:25:21 Number of idle job procs: 8
07/06/26 18:25:21 Reassigning the id of job COLLECT from (170266.15.0) to (170266.16.0)
07/06/26 18:25:21 Event: ULOG_SUBMIT for HTCondor Node COLLECT (170266.16.0) {07/06/26 18:25:15}
07/06/26 18:25:21 Number of idle job procs: 9
07/06/26 18:25:21 Reassigning the id of job COLLECT from (170266.16.0) to (170266.17.0)
07/06/26 18:25:21 Event: ULOG_SUBMIT for HTCondor Node COLLECT (170266.17.0) {07/06/26 18:25:15}
07/06/26 18:25:21 Number of idle job procs: 10
07/06/26 18:25:21 Reassigning the id of job COLLECT from (170266.17.0) to (170266.18.0)
07/06/26 18:25:21 Event: ULOG_SUBMIT for HTCondor Node COLLECT (170266.18.0) {07/06/26 18:25:15}
07/06/26 18:25:21 Number of idle job procs: 11
07/06/26 18:25:21 Reassigning the id of job COLLECT from (170266.18.0) to (170266.19.0)
07/06/26 18:25:21 Event: ULOG_SUBMIT for HTCondor Node COLLECT (170266.19.0) {07/06/26 18:25:15}
07/06/26 18:25:21 Number of idle job procs: 12
07/06/26 18:25:21 Reassigning the id of job COLLECT from (170266.19.0) to (170266.2.0)
07/06/26 18:25:21 Event: ULOG_SUBMIT for HTCondor Node COLLECT (170266.2.0) {07/06/26 18:25:15}
07/06/26 18:25:21 Number of idle job procs: 13
07/06/26 18:25:21 Reassigning the id of job COLLECT from (170266.2.0) to (170266.20.0)
07/06/26 18:25:21 Event: ULOG_SUBMIT for HTCondor Node COLLECT (170266.20.0) {07/06/26 18:25:15}
07/06/26 18:25:21 Number of idle job procs: 14
07/06/26 18:25:21 Reassigning the id of job COLLECT from (170266.20.0) to (170266.21.0)
07/06/26 18:25:21 Event: ULOG_SUBMIT for HTCondor Node COLLECT (170266.21.0) {07/06/26 18:25:15}
07/06/26 18:25:21 Number of idle job procs: 15
07/06/26 18:25:21 Reassigning the id of job COLLECT from (170266.21.0) to (170266.22.0)
07/06/26 18:25:21 Event: ULOG_SUBMIT for HTCondor Node COLLECT (170266.22.0) {07/06/26 18:25:15}
07/06/26 18:25:21 Number of idle job procs: 16
07/06/26 18:25:21 Reassigning the id of job COLLECT from (170266.22.0) to (170266.23.0)
07/06/26 18:25:21 Event: ULOG_SUBMIT for HTCondor Node COLLECT (170266.23.0) {07/06/26 18:25:15}
07/06/26 18:25:21 Number of idle job procs: 17
07/06/26 18:25:21 Reassigning the id of job COLLECT from (170266.23.0) to (170266.24.0)
07/06/26 18:25:21 Event: ULOG_SUBMIT for HTCondor Node COLLECT (170266.24.0) {07/06/26 18:25:15}
07/06/26 18:25:21 Number of idle job procs: 18
07/06/26 18:25:21 Reassigning the id of job COLLECT from (170266.24.0) to (170266.25.0)
07/06/26 18:25:21 Event: ULOG_SUBMIT for HTCondor Node COLLECT (170266.25.0) {07/06/26 18:25:15}
07/06/26 18:25:21 Number of idle job procs: 19
07/06/26 18:25:21 Reassigning the id of job COLLECT from (170266.25.0) to (170266.26.0)
07/06/26 18:25:21 Event: ULOG_SUBMIT for HTCondor Node COLLECT (170266.26.0) {07/06/26 18:25:15}
07/06/26 18:25:21 Number of idle job procs: 20
07/06/26 18:25:21 Reassigning the id of job COLLECT from (170266.26.0) to (170266.27.0)
07/06/26 18:25:21 Event: ULOG_SUBMIT for HTCondor Node COLLECT (170266.27.0) {07/06/26 18:25:15}
07/06/26 18:25:21 Number of idle job procs: 21
07/06/26 18:25:21 Reassigning the id of job COLLECT from (170266.27.0) to (170266.28.0)
07/06/26 18:25:21 Event: ULOG_SUBMIT for HTCondor Node COLLECT (170266.28.0) {07/06/26 18:25:15}
07/06/26 18:25:21 Number of idle job procs: 22
07/06/26 18:25:21 Reassigning the id of job COLLECT from (170266.28.0) to (170266.29.0)
07/06/26 18:25:21 Event: ULOG_SUBMIT for HTCondor Node COLLECT (170266.29.0) {07/06/26 18:25:15}
07/06/26 18:25:21 Number of idle job procs: 23
07/06/26 18:25:21 Reassigning the id of job COLLECT from (170266.29.0) to (170266.3.0)
07/06/26 18:25:21 Event: ULOG_SUBMIT for HTCondor Node COLLECT (170266.3.0) {07/06/26 18:25:15}
07/06/26 18:25:21 Number of idle job procs: 24
07/06/26 18:25:21 Reassigning the id of job COLLECT from (170266.3.0) to (170266.30.0)
07/06/26 18:25:21 Event: ULOG_SUBMIT for HTCondor Node COLLECT (170266.30.0) {07/06/26 18:25:15}
07/06/26 18:25:21 Number of idle job procs: 25
07/06/26 18:25:21 Reassigning the id of job COLLECT from (170266.30.0) to (170266.31.0)
07/06/26 18:25:21 Event: ULOG_SUBMIT for HTCondor Node COLLECT (170266.31.0) {07/06/26 18:25:15}
07/06/26 18:25:21 Number of idle job procs: 26
07/06/26 18:25:21 Reassigning the id of job COLLECT from (170266.31.0) to (170266.32.0)
07/06/26 18:25:21 Event: ULOG_SUBMIT for HTCondor Node COLLECT (170266.32.0) {07/06/26 18:25:15}
07/06/26 18:25:21 Number of idle job procs: 27
07/06/26 18:25:21 Reassigning the id of job COLLECT from (170266.32.0) to (170266.33.0)
07/06/26 18:25:21 Event: ULOG_SUBMIT for HTCondor Node COLLECT (170266.33.0) {07/06/26 18:25:15}
07/06/26 18:25:21 Number of idle job procs: 28
07/06/26 18:25:21 Reassigning the id of job COLLECT from (170266.33.0) to (170266.34.0)
07/06/26 18:25:21 Event: ULOG_SUBMIT for HTCondor Node COLLECT (170266.34.0) {07/06/26 18:25:15}
07/06/26 18:25:21 Number of idle job procs: 29
07/06/26 18:25:21 Reassigning the id of job COLLECT from (170266.34.0) to (170266.35.0)
07/06/26 18:25:21 Event: ULOG_SUBMIT for HTCondor Node COLLECT (170266.35.0) {07/06/26 18:25:15}
07/06/26 18:25:21 Number of idle job procs: 30
07/06/26 18:25:21 Reassigning the id of job COLLECT from (170266.35.0) to (170266.36.0)
07/06/26 18:25:21 Event: ULOG_SUBMIT for HTCondor Node COLLECT (170266.36.0) {07/06/26 18:25:15}
07/06/26 18:25:21 Number of idle job procs: 31
07/06/26 18:25:21 Reassigning the id of job COLLECT from (170266.36.0) to (170266.37.0)
07/06/26 18:25:21 Event: ULOG_SUBMIT for HTCondor Node COLLECT (170266.37.0) {07/06/26 18:25:15}
07/06/26 18:25:21 Number of idle job procs: 32
07/06/26 18:25:21 Reassigning the id of job COLLECT from (170266.37.0) to (170266.38.0)
07/06/26 18:25:21 Event: ULOG_SUBMIT for HTCondor Node COLLECT (170266.38.0) {07/06/26 18:25:15}
07/06/26 18:25:21 Number of idle job procs: 33
07/06/26 18:25:21 Reassigning the id of job COLLECT from (170266.38.0) to (170266.39.0)
07/06/26 18:25:21 Event: ULOG_SUBMIT for HTCondor Node COLLECT (170266.39.0) {07/06/26 18:25:15}
07/06/26 18:25:21 Number of idle job procs: 34
07/06/26 18:25:21 Reassigning the id of job COLLECT from (170266.39.0) to (170266.4.0)
07/06/26 18:25:21 Event: ULOG_SUBMIT for HTCondor Node COLLECT (170266.4.0) {07/06/26 18:25:15}
07/06/26 18:25:21 Number of idle job procs: 35
07/06/26 18:25:21 Reassigning the id of job COLLECT from (170266.4.0) to (170266.5.0)
07/06/26 18:25:21 Event: ULOG_SUBMIT for HTCondor Node COLLECT (170266.5.0) {07/06/26 18:25:15}
07/06/26 18:25:21 Number of idle job procs: 36
07/06/26 18:25:21 Reassigning the id of job COLLECT from (170266.5.0) to (170266.6.0)
07/06/26 18:25:21 Event: ULOG_SUBMIT for HTCondor Node COLLECT (170266.6.0) {07/06/26 18:25:15}
07/06/26 18:25:21 Number of idle job procs: 37
07/06/26 18:25:21 Reassigning the id of job COLLECT from (170266.6.0) to (170266.7.0)
07/06/26 18:25:21 Event: ULOG_SUBMIT for HTCondor Node COLLECT (170266.7.0) {07/06/26 18:25:15}
07/06/26 18:25:21 Number of idle job procs: 38
07/06/26 18:25:21 Reassigning the id of job COLLECT from (170266.7.0) to (170266.8.0)
07/06/26 18:25:21 Event: ULOG_SUBMIT for HTCondor Node COLLECT (170266.8.0) {07/06/26 18:25:15}
07/06/26 18:25:21 Number of idle job procs: 39
07/06/26 18:25:21 Reassigning the id of job COLLECT from (170266.8.0) to (170266.9.0)
07/06/26 18:25:21 Event: ULOG_SUBMIT for HTCondor Node COLLECT (170266.9.0) {07/06/26 18:25:15}
07/06/26 18:25:21 Number of idle job procs: 40
07/06/26 18:35:21 600 seconds since last log event
07/06/26 18:35:21 Pending DAG nodes:
07/06/26 18:35:21   Node COLLECT, HTCondor ID 170266, status STATUS_SUBMITTED
07/06/26 18:40:17 Total jobs placed to AP: 40
07/06/26 18:40:17      Idle     Held     Running     Successful     Failed
07/06/26 18:40:17       ===      ===         ===            ===        ===
07/06/26 18:40:17        40        0           0              0          0
07/06/26 18:45:22 1201 seconds since last log event
07/06/26 18:45:22 Pending DAG nodes:
07/06/26 18:45:22   Node COLLECT, HTCondor ID 170266, status STATUS_SUBMITTED
07/06/26 18:55:17 Total jobs placed to AP: 40
07/06/26 18:55:17      Idle     Held     Running     Successful     Failed
07/06/26 18:55:17       ===      ===         ===            ===        ===
07/06/26 18:55:17        40        0           0              0          0
07/06/26 18:55:22 1801 seconds since last log event
07/06/26 18:55:22 Pending DAG nodes:
07/06/26 18:55:22   Node COLLECT, HTCondor ID 170266, status STATUS_SUBMITTED
07/06/26 19:05:23 2402 seconds since last log event
07/06/26 19:05:23 Pending DAG nodes:
07/06/26 19:05:23   Node COLLECT, HTCondor ID 170266, status STATUS_SUBMITTED
07/06/26 19:10:18 Total jobs placed to AP: 40
07/06/26 19:10:18      Idle     Held     Running     Successful     Failed
07/06/26 19:10:18       ===      ===         ===            ===        ===
07/06/26 19:10:18        40        0           0              0          0
07/06/26 19:15:23 3002 seconds since last log event
07/06/26 19:15:23 Pending DAG nodes:
07/06/26 19:15:23   Node COLLECT, HTCondor ID 170266, status STATUS_SUBMITTED
07/06/26 19:25:19 Total jobs placed to AP: 40
07/06/26 19:25:19      Idle     Held     Running     Successful     Failed
07/06/26 19:25:19       ===      ===         ===            ===        ===
07/06/26 19:25:19        40        0           0              0          0
07/06/26 19:25:24 3603 seconds since last log event
07/06/26 19:25:24 Pending DAG nodes:
07/06/26 19:25:24   Node COLLECT, HTCondor ID 170266, status STATUS_SUBMITTED
07/06/26 19:35:24 4203 seconds since last log event
07/06/26 19:35:24 Pending DAG nodes:
07/06/26 19:35:24   Node COLLECT, HTCondor ID 170266, status STATUS_SUBMITTED
07/06/26 19:40:20 Total jobs placed to AP: 40
07/06/26 19:40:20      Idle     Held     Running     Successful     Failed
07/06/26 19:40:20       ===      ===         ===            ===        ===
07/06/26 19:40:20        40        0           0              0          0
07/06/26 19:45:25 4804 seconds since last log event
07/06/26 19:45:25 Pending DAG nodes:
07/06/26 19:45:25   Node COLLECT, HTCondor ID 170266, status STATUS_SUBMITTED
07/06/26 19:55:20 Total jobs placed to AP: 40
07/06/26 19:55:20      Idle     Held     Running     Successful     Failed
07/06/26 19:55:20       ===      ===         ===            ===        ===
07/06/26 19:55:20        40        0           0              0          0
07/06/26 19:55:25 5404 seconds since last log event
07/06/26 19:55:25 Pending DAG nodes:
07/06/26 19:55:25   Node COLLECT, HTCondor ID 170266, status STATUS_SUBMITTED
07/06/26 20:05:26 6005 seconds since last log event
07/06/26 20:05:26 Pending DAG nodes:
07/06/26 20:05:26   Node COLLECT, HTCondor ID 170266, status STATUS_SUBMITTED
07/06/26 20:10:21 Total jobs placed to AP: 40
07/06/26 20:10:21      Idle     Held     Running     Successful     Failed
07/06/26 20:10:21       ===      ===         ===            ===        ===
07/06/26 20:10:21        40        0           0              0          0
07/06/26 20:15:27 6606 seconds since last log event
07/06/26 20:15:27 Pending DAG nodes:
07/06/26 20:15:27   Node COLLECT, HTCondor ID 170266, status STATUS_SUBMITTED
07/06/26 20:25:22 Total jobs placed to AP: 40
07/06/26 20:25:22      Idle     Held     Running     Successful     Failed
07/06/26 20:25:22       ===      ===         ===            ===        ===
07/06/26 20:25:22        40        0           0              0          0
07/06/26 20:25:27 7206 seconds since last log event
07/06/26 20:25:27 Pending DAG nodes:
07/06/26 20:25:27   Node COLLECT, HTCondor ID 170266, status STATUS_SUBMITTED
07/06/26 20:35:28 7807 seconds since last log event
07/06/26 20:35:28 Pending DAG nodes:
07/06/26 20:35:28   Node COLLECT, HTCondor ID 170266, status STATUS_SUBMITTED
07/06/26 20:40:23 Total jobs placed to AP: 40
07/06/26 20:40:23      Idle     Held     Running     Successful     Failed
07/06/26 20:40:23       ===      ===         ===            ===        ===
07/06/26 20:40:23        40        0           0              0          0
07/06/26 20:45:28 8407 seconds since last log event
07/06/26 20:45:28 Pending DAG nodes:
07/06/26 20:45:28   Node COLLECT, HTCondor ID 170266, status STATUS_SUBMITTED
07/06/26 20:55:24 Total jobs placed to AP: 40
07/06/26 20:55:24      Idle     Held     Running     Successful     Failed
07/06/26 20:55:24       ===      ===         ===            ===        ===
07/06/26 20:55:24        40        0           0              0          0
07/06/26 20:55:29 9008 seconds since last log event
07/06/26 20:55:29 Pending DAG nodes:
07/06/26 20:55:29   Node COLLECT, HTCondor ID 170266, status STATUS_SUBMITTED
07/06/26 21:05:29 9608 seconds since last log event
07/06/26 21:05:29 Pending DAG nodes:
07/06/26 21:05:29   Node COLLECT, HTCondor ID 170266, status STATUS_SUBMITTED
07/06/26 21:10:25 Total jobs placed to AP: 40
07/06/26 21:10:25      Idle     Held     Running     Successful     Failed
07/06/26 21:10:25       ===      ===         ===            ===        ===
07/06/26 21:10:25        40        0           0              0          0
07/06/26 21:15:30 10209 seconds since last log event
07/06/26 21:15:30 Pending DAG nodes:
07/06/26 21:15:30   Node COLLECT, HTCondor ID 170266, status STATUS_SUBMITTED
07/06/26 21:25:25 Total jobs placed to AP: 40
07/06/26 21:25:25      Idle     Held     Running     Successful     Failed
07/06/26 21:25:25       ===      ===         ===            ===        ===
07/06/26 21:25:25        40        0           0              0          0
07/06/26 21:25:30 10809 seconds since last log event
07/06/26 21:25:30 Pending DAG nodes:
07/06/26 21:25:30   Node COLLECT, HTCondor ID 170266, status STATUS_SUBMITTED
07/06/26 21:35:31 11410 seconds since last log event
07/06/26 21:35:31 Pending DAG nodes:
07/06/26 21:35:31   Node COLLECT, HTCondor ID 170266, status STATUS_SUBMITTED
07/06/26 21:40:26 Total jobs placed to AP: 40
07/06/26 21:40:26      Idle     Held     Running     Successful     Failed
07/06/26 21:40:26       ===      ===         ===            ===        ===
07/06/26 21:40:26        40        0           0              0          0
07/06/26 21:45:31 12010 seconds since last log event
07/06/26 21:45:31 Pending DAG nodes:
07/06/26 21:45:31   Node COLLECT, HTCondor ID 170266, status STATUS_SUBMITTED
07/06/26 21:55:27 Total jobs placed to AP: 40
07/06/26 21:55:27      Idle     Held     Running     Successful     Failed
07/06/26 21:55:27       ===      ===         ===            ===        ===
07/06/26 21:55:27        40        0           0              0          0
07/06/26 21:55:32 12611 seconds since last log event
07/06/26 21:55:32 Pending DAG nodes:
07/06/26 21:55:32   Node COLLECT, HTCondor ID 170266, status STATUS_SUBMITTED
07/06/26 22:05:32 13211 seconds since last log event
07/06/26 22:05:32 Pending DAG nodes:
07/06/26 22:05:32   Node COLLECT, HTCondor ID 170266, status STATUS_SUBMITTED
07/06/26 22:10:28 Total jobs placed to AP: 40
07/06/26 22:10:28      Idle     Held     Running     Successful     Failed
07/06/26 22:10:28       ===      ===         ===            ===        ===
07/06/26 22:10:28        40        0           0              0          0
07/06/26 22:15:33 13812 seconds since last log event
07/06/26 22:15:33 Pending DAG nodes:
07/06/26 22:15:33   Node COLLECT, HTCondor ID 170266, status STATUS_SUBMITTED
07/06/26 22:25:28 Total jobs placed to AP: 40
07/06/26 22:25:28      Idle     Held     Running     Successful     Failed
07/06/26 22:25:28       ===      ===         ===            ===        ===
07/06/26 22:25:28        40        0           0              0          0
07/06/26 22:25:33 14412 seconds since last log event
07/06/26 22:25:33 Pending DAG nodes:
07/06/26 22:25:33   Node COLLECT, HTCondor ID 170266, status STATUS_SUBMITTED
07/06/26 22:35:35 15014 seconds since last log event
07/06/26 22:35:41 Pending DAG nodes:
07/06/26 22:35:41   Node COLLECT, HTCondor ID 170266, status STATUS_SUBMITTED
07/06/26 22:40:32 Total jobs placed to AP: 40
07/06/26 22:40:39      Idle     Held     Running     Successful     Failed
07/06/26 22:40:39       ===      ===         ===            ===        ===
07/06/26 22:40:39        40        0           0              0          0
07/06/26 22:45:35 15614 seconds since last log event
07/06/26 22:45:35 Pending DAG nodes:
07/06/26 22:45:35   Node COLLECT, HTCondor ID 170266, status STATUS_SUBMITTED
07/06/26 22:55:35 16214 seconds since last log event
07/06/26 22:55:35 Pending DAG nodes:
07/06/26 22:55:35   Node COLLECT, HTCondor ID 170266, status STATUS_SUBMITTED
07/06/26 22:55:40 Total jobs placed to AP: 40
07/06/26 22:55:40      Idle     Held     Running     Successful     Failed
07/06/26 22:55:40       ===      ===         ===            ===        ===
07/06/26 22:55:40        40        0           0              0          0
07/06/26 23:05:36 16815 seconds since last log event
07/06/26 23:05:36 Pending DAG nodes:
07/06/26 23:05:36   Node COLLECT, HTCondor ID 170266, status STATUS_SUBMITTED
07/06/26 23:10:41 Total jobs placed to AP: 40
07/06/26 23:10:41      Idle     Held     Running     Successful     Failed
07/06/26 23:10:41       ===      ===         ===            ===        ===
07/06/26 23:10:41        40        0           0              0          0
07/06/26 23:15:36 17415 seconds since last log event
07/06/26 23:15:36 Pending DAG nodes:
07/06/26 23:15:36   Node COLLECT, HTCondor ID 170266, status STATUS_SUBMITTED
07/06/26 23:25:37 18016 seconds since last log event
07/06/26 23:25:37 Pending DAG nodes:
07/06/26 23:25:37   Node COLLECT, HTCondor ID 170266, status STATUS_SUBMITTED
07/06/26 23:25:42 Total jobs placed to AP: 40
07/06/26 23:25:42      Idle     Held     Running     Successful     Failed
07/06/26 23:25:42       ===      ===         ===            ===        ===
07/06/26 23:25:42        40        0           0              0          0
07/06/26 23:35:37 18616 seconds since last log event
07/06/26 23:35:37 Pending DAG nodes:
07/06/26 23:35:37   Node COLLECT, HTCondor ID 170266, status STATUS_SUBMITTED
07/06/26 23:40:42 Total jobs placed to AP: 40
07/06/26 23:40:42      Idle     Held     Running     Successful     Failed
07/06/26 23:40:42       ===      ===         ===            ===        ===
07/06/26 23:40:42        40        0           0              0          0
07/06/26 23:45:38 19217 seconds since last log event
07/06/26 23:45:38 Pending DAG nodes:
07/06/26 23:45:38   Node COLLECT, HTCondor ID 170266, status STATUS_SUBMITTED
07/06/26 23:55:38 19817 seconds since last log event
07/06/26 23:55:38 Pending DAG nodes:
07/06/26 23:55:38   Node COLLECT, HTCondor ID 170266, status STATUS_SUBMITTED
07/06/26 23:55:43 Total jobs placed to AP: 40
07/06/26 23:55:43      Idle     Held     Running     Successful     Failed
07/06/26 23:55:43       ===      ===         ===            ===        ===
07/06/26 23:55:43        40        0           0              0          0
07/07/26 00:05:39 20418 seconds since last log event
07/07/26 00:05:39 Pending DAG nodes:
07/07/26 00:05:39   Node COLLECT, HTCondor ID 170266, status STATUS_SUBMITTED
07/07/26 00:10:44 Total jobs placed to AP: 40
07/07/26 00:10:44      Idle     Held     Running     Successful     Failed
07/07/26 00:10:44       ===      ===         ===            ===        ===
07/07/26 00:10:44        40        0           0              0          0
07/07/26 00:15:39 21018 seconds since last log event
07/07/26 00:15:39 Pending DAG nodes:
07/07/26 00:15:39   Node COLLECT, HTCondor ID 170266, status STATUS_SUBMITTED
07/07/26 00:25:40 21619 seconds since last log event
07/07/26 00:25:40 Pending DAG nodes:
07/07/26 00:25:40   Node COLLECT, HTCondor ID 170266, status STATUS_SUBMITTED
07/07/26 00:25:45 Total jobs placed to AP: 40
07/07/26 00:25:45      Idle     Held     Running     Successful     Failed
07/07/26 00:25:45       ===      ===         ===            ===        ===
07/07/26 00:25:45        40        0           0              0          0
07/07/26 00:35:40 22219 seconds since last log event
07/07/26 00:35:40 Pending DAG nodes:
07/07/26 00:35:40   Node COLLECT, HTCondor ID 170266, status STATUS_SUBMITTED
07/07/26 00:40:45 Total jobs placed to AP: 40
07/07/26 00:40:45      Idle     Held     Running     Successful     Failed
07/07/26 00:40:45       ===      ===         ===            ===        ===
07/07/26 00:40:45        40        0           0              0          0
07/07/26 00:45:41 22820 seconds since last log event
07/07/26 00:45:41 Pending DAG nodes:
07/07/26 00:45:41   Node COLLECT, HTCondor ID 170266, status STATUS_SUBMITTED
07/07/26 00:55:41 23420 seconds since last log event
07/07/26 00:55:41 Pending DAG nodes:
07/07/26 00:55:41   Node COLLECT, HTCondor ID 170266, status STATUS_SUBMITTED
07/07/26 00:55:46 Total jobs placed to AP: 40
07/07/26 00:55:46      Idle     Held     Running     Successful     Failed
07/07/26 00:55:46       ===      ===         ===            ===        ===
07/07/26 00:55:46        40        0           0              0          0
07/07/26 01:05:42 24021 seconds since last log event
07/07/26 01:05:42 Pending DAG nodes:
07/07/26 01:05:42   Node COLLECT, HTCondor ID 170266, status STATUS_SUBMITTED
07/07/26 01:10:47 Total jobs placed to AP: 40
07/07/26 01:10:47      Idle     Held     Running     Successful     Failed
07/07/26 01:10:47       ===      ===         ===            ===        ===
07/07/26 01:10:47        40        0           0              0          0
07/07/26 01:15:42 24621 seconds since last log event
07/07/26 01:15:42 Pending DAG nodes:
07/07/26 01:15:42   Node COLLECT, HTCondor ID 170266, status STATUS_SUBMITTED
07/07/26 01:25:43 25222 seconds since last log event
07/07/26 01:25:43 Pending DAG nodes:
07/07/26 01:25:43   Node COLLECT, HTCondor ID 170266, status STATUS_SUBMITTED
07/07/26 01:25:48 Total jobs placed to AP: 40
07/07/26 01:25:48      Idle     Held     Running     Successful     Failed
07/07/26 01:25:48       ===      ===         ===            ===        ===
07/07/26 01:25:48        40        0           0              0          0
07/07/26 01:35:43 25822 seconds since last log event
07/07/26 01:35:43 Pending DAG nodes:
07/07/26 01:35:43   Node COLLECT, HTCondor ID 170266, status STATUS_SUBMITTED
07/07/26 01:40:49 Total jobs placed to AP: 40
07/07/26 01:40:49      Idle     Held     Running     Successful     Failed
07/07/26 01:40:49       ===      ===         ===            ===        ===
07/07/26 01:40:49        40        0           0              0          0
07/07/26 01:45:44 26423 seconds since last log event
07/07/26 01:45:44 Pending DAG nodes:
07/07/26 01:45:44   Node COLLECT, HTCondor ID 170266, status STATUS_SUBMITTED
07/07/26 01:55:44 27023 seconds since last log event
07/07/26 01:55:44 Pending DAG nodes:
07/07/26 01:55:44   Node COLLECT, HTCondor ID 170266, status STATUS_SUBMITTED
07/07/26 01:55:49 Total jobs placed to AP: 40
07/07/26 01:55:49      Idle     Held     Running     Successful     Failed
07/07/26 01:55:49       ===      ===         ===            ===        ===
07/07/26 01:55:49        40        0           0              0          0
07/07/26 02:05:45 27624 seconds since last log event
07/07/26 02:05:45 Pending DAG nodes:
07/07/26 02:05:45   Node COLLECT, HTCondor ID 170266, status STATUS_SUBMITTED
07/07/26 02:10:50 Total jobs placed to AP: 40
07/07/26 02:10:50      Idle     Held     Running     Successful     Failed
07/07/26 02:10:50       ===      ===         ===            ===        ===
07/07/26 02:10:50        40        0           0              0          0
07/07/26 02:15:46 28225 seconds since last log event
07/07/26 02:15:46 Pending DAG nodes:
07/07/26 02:15:46   Node COLLECT, HTCondor ID 170266, status STATUS_SUBMITTED
07/07/26 02:25:46 28825 seconds since last log event
07/07/26 02:25:46 Pending DAG nodes:
07/07/26 02:25:46   Node COLLECT, HTCondor ID 170266, status STATUS_SUBMITTED
07/07/26 02:25:46 Querying local schedd for associated jobs in queue
07/07/26 02:25:46 All pending job states validated
07/07/26 02:25:51 Total jobs placed to AP: 40
07/07/26 02:25:51      Idle     Held     Running     Successful     Failed
07/07/26 02:25:51       ===      ===         ===            ===        ===
07/07/26 02:25:51        40        0           0              0          0
07/07/26 02:35:47 29426 seconds since last log event
07/07/26 02:35:47 Pending DAG nodes:
07/07/26 02:35:47   Node COLLECT, HTCondor ID 170266, status STATUS_SUBMITTED
07/07/26 02:40:52 Total jobs placed to AP: 40
07/07/26 02:40:52      Idle     Held     Running     Successful     Failed
07/07/26 02:40:52       ===      ===         ===            ===        ===
07/07/26 02:40:52        40        0           0              0          0
07/07/26 02:45:47 30026 seconds since last log event
07/07/26 02:45:47 Pending DAG nodes:
07/07/26 02:45:47   Node COLLECT, HTCondor ID 170266, status STATUS_SUBMITTED
07/07/26 02:55:48 30627 seconds since last log event
07/07/26 02:55:48 Pending DAG nodes:
07/07/26 02:55:48   Node COLLECT, HTCondor ID 170266, status STATUS_SUBMITTED
07/07/26 02:55:53 Total jobs placed to AP: 40
07/07/26 02:55:53      Idle     Held     Running     Successful     Failed
07/07/26 02:55:53       ===      ===         ===            ===        ===
07/07/26 02:55:53        40        0           0              0          0
07/07/26 03:05:48 31227 seconds since last log event
07/07/26 03:05:48 Pending DAG nodes:
07/07/26 03:05:48   Node COLLECT, HTCondor ID 170266, status STATUS_SUBMITTED
07/07/26 03:10:54 Total jobs placed to AP: 40
07/07/26 03:10:54      Idle     Held     Running     Successful     Failed
07/07/26 03:10:54       ===      ===         ===            ===        ===
07/07/26 03:10:54        40        0           0              0          0
07/07/26 03:15:49 31828 seconds since last log event
07/07/26 03:15:49 Pending DAG nodes:
07/07/26 03:15:49   Node COLLECT, HTCondor ID 170266, status STATUS_SUBMITTED
07/07/26 03:21:29 Currently monitoring 1 HTCondor log file(s)
07/07/26 03:21:29 Event: ULOG_EXECUTE for HTCondor Node COLLECT (170266.0.0) {07/07/26 03:21:29}
07/07/26 03:21:29 Number of idle job procs: 39
07/07/26 03:21:44 Currently monitoring 1 HTCondor log file(s)
07/07/26 03:21:44 Event: ULOG_EXECUTE for HTCondor Node COLLECT (170266.1.0) {07/07/26 03:21:43}
07/07/26 03:21:44 Number of idle job procs: 38
07/07/26 03:21:49 Currently monitoring 1 HTCondor log file(s)
07/07/26 03:21:49 Event: ULOG_EXECUTE for HTCondor Node COLLECT (170266.2.0) {07/07/26 03:21:46}
07/07/26 03:21:49 Number of idle job procs: 37
07/07/26 03:22:44 Currently monitoring 1 HTCondor log file(s)
07/07/26 03:22:44 Event: ULOG_EXECUTE for HTCondor Node COLLECT (170266.3.0) {07/07/26 03:22:42}
07/07/26 03:22:44 Number of idle job procs: 36
07/07/26 03:22:44 Event: ULOG_EXECUTE for HTCondor Node COLLECT (170266.4.0) {07/07/26 03:22:42}
07/07/26 03:22:44 Number of idle job procs: 35
07/07/26 03:23:04 Currently monitoring 1 HTCondor log file(s)
07/07/26 03:23:04 Event: ULOG_EXECUTE for HTCondor Node COLLECT (170266.5.0) {07/07/26 03:23:01}
07/07/26 03:23:04 Number of idle job procs: 34
07/07/26 03:24:44 Currently monitoring 1 HTCondor log file(s)
07/07/26 03:24:44 Event: ULOG_EXECUTE for HTCondor Node COLLECT (170266.6.0) {07/07/26 03:24:43}
07/07/26 03:24:44 Number of idle job procs: 33
07/07/26 03:24:44 Event: ULOG_EXECUTE for HTCondor Node COLLECT (170266.7.0) {07/07/26 03:24:43}
07/07/26 03:24:44 Number of idle job procs: 32
07/07/26 03:24:49 Currently monitoring 1 HTCondor log file(s)
07/07/26 03:24:49 Event: ULOG_EXECUTE for HTCondor Node COLLECT (170266.8.0) {07/07/26 03:24:46}
07/07/26 03:24:49 Number of idle job procs: 31
07/07/26 03:25:44 Currently monitoring 1 HTCondor log file(s)
07/07/26 03:25:44 Event: ULOG_EXECUTE for HTCondor Node COLLECT (170266.9.0) {07/07/26 03:25:43}
07/07/26 03:25:44 Number of idle job procs: 30
07/07/26 03:25:54 Total jobs placed to AP: 40
07/07/26 03:25:54      Idle     Held     Running     Successful     Failed
07/07/26 03:25:54       ===      ===         ===            ===        ===
07/07/26 03:25:54        30        0          10              0          0
07/07/26 03:26:44 Currently monitoring 1 HTCondor log file(s)
07/07/26 03:26:44 Event: ULOG_EXECUTE for HTCondor Node COLLECT (170266.12.0) {07/07/26 03:26:42}
07/07/26 03:26:44 Number of idle job procs: 29
07/07/26 03:26:44 Event: ULOG_EXECUTE for HTCondor Node COLLECT (170266.10.0) {07/07/26 03:26:42}
07/07/26 03:26:44 Number of idle job procs: 28
07/07/26 03:26:44 Event: ULOG_EXECUTE for HTCondor Node COLLECT (170266.11.0) {07/07/26 03:26:42}
07/07/26 03:26:44 Number of idle job procs: 27
07/07/26 03:27:40 Currently monitoring 1 HTCondor log file(s)
07/07/26 03:27:40 Event: ULOG_EXECUTE for HTCondor Node COLLECT (170266.13.0) {07/07/26 03:27:36}
07/07/26 03:27:40 Number of idle job procs: 26
07/07/26 03:28:40 Currently monitoring 1 HTCondor log file(s)
07/07/26 03:28:40 Event: ULOG_EXECUTE for HTCondor Node COLLECT (170266.14.0) {07/07/26 03:28:36}
07/07/26 03:28:40 Number of idle job procs: 25
07/07/26 03:29:25 Currently monitoring 1 HTCondor log file(s)
07/07/26 03:29:25 Event: ULOG_EXECUTE for HTCondor Node COLLECT (170266.15.0) {07/07/26 03:29:23}
07/07/26 03:29:25 Number of idle job procs: 24
07/07/26 03:29:35 Currently monitoring 1 HTCondor log file(s)
07/07/26 03:29:35 Event: ULOG_EXECUTE for HTCondor Node COLLECT (170266.17.0) {07/07/26 03:29:30}
07/07/26 03:29:35 Number of idle job procs: 23
07/07/26 03:29:35 Event: ULOG_EXECUTE for HTCondor Node COLLECT (170266.16.0) {07/07/26 03:29:31}
07/07/26 03:29:35 Number of idle job procs: 22
07/07/26 03:30:35 Currently monitoring 1 HTCondor log file(s)
07/07/26 03:30:35 Event: ULOG_EXECUTE for HTCondor Node COLLECT (170266.18.0) {07/07/26 03:30:31}
07/07/26 03:30:35 Number of idle job procs: 21
07/07/26 03:31:35 Currently monitoring 1 HTCondor log file(s)
07/07/26 03:31:35 Event: ULOG_EXECUTE for HTCondor Node COLLECT (170266.19.0) {07/07/26 03:31:31}
07/07/26 03:31:35 Number of idle job procs: 20
07/07/26 03:31:35 Event: ULOG_EXECUTE for HTCondor Node COLLECT (170266.20.0) {07/07/26 03:31:31}
07/07/26 03:31:35 Number of idle job procs: 19
07/07/26 03:32:35 Currently monitoring 1 HTCondor log file(s)
07/07/26 03:32:35 Event: ULOG_EXECUTE for HTCondor Node COLLECT (170266.23.0) {07/07/26 03:32:30}
07/07/26 03:32:35 Number of idle job procs: 18
07/07/26 03:32:35 Event: ULOG_EXECUTE for HTCondor Node COLLECT (170266.21.0) {07/07/26 03:32:30}
07/07/26 03:32:35 Number of idle job procs: 17
07/07/26 03:32:35 Event: ULOG_EXECUTE for HTCondor Node COLLECT (170266.22.0) {07/07/26 03:32:30}
07/07/26 03:32:35 Number of idle job procs: 16
07/07/26 03:34:05 Currently monitoring 1 HTCondor log file(s)
07/07/26 03:34:05 Event: ULOG_JOB_TERMINATED for HTCondor Node COLLECT (170266.1.0) {07/07/26 03:34:04}
07/07/26 03:34:05 Number of idle job procs: 16
07/07/26 03:34:05 Node COLLECT job proc (170266.1.0) completed successfully.
07/07/26 03:34:10 Currently monitoring 1 HTCondor log file(s)
07/07/26 03:34:10 Event: ULOG_EXECUTE for HTCondor Node COLLECT (170266.24.0) {07/07/26 03:34:06}
07/07/26 03:34:10 Number of idle job procs: 15
07/07/26 03:35:25 Currently monitoring 1 HTCondor log file(s)
07/07/26 03:35:25 Event: ULOG_JOB_TERMINATED for HTCondor Node COLLECT (170266.0.0) {07/07/26 03:35:21}
07/07/26 03:35:25 Number of idle job procs: 15
07/07/26 03:35:25 Node COLLECT job proc (170266.0.0) completed successfully.
07/07/26 03:35:35 Currently monitoring 1 HTCondor log file(s)
07/07/26 03:35:35 Event: ULOG_EXECUTE for HTCondor Node COLLECT (170266.25.0) {07/07/26 03:35:31}
07/07/26 03:35:35 Number of idle job procs: 14
07/07/26 03:35:40 Currently monitoring 1 HTCondor log file(s)
07/07/26 03:35:40 Event: ULOG_JOB_TERMINATED for HTCondor Node COLLECT (170266.2.0) {07/07/26 03:35:39}
07/07/26 03:35:40 Number of idle job procs: 14
07/07/26 03:35:40 Node COLLECT job proc (170266.2.0) completed successfully.
07/07/26 03:36:05 Currently monitoring 1 HTCondor log file(s)
07/07/26 03:36:05 Event: ULOG_JOB_TERMINATED for HTCondor Node COLLECT (170266.5.0) {07/07/26 03:36:05}
07/07/26 03:36:05 Number of idle job procs: 14
07/07/26 03:36:05 Node COLLECT job proc (170266.5.0) completed successfully.
07/07/26 03:36:35 Currently monitoring 1 HTCondor log file(s)
07/07/26 03:36:35 Event: ULOG_EXECUTE for HTCondor Node COLLECT (170266.27.0) {07/07/26 03:36:30}
07/07/26 03:36:35 Number of idle job procs: 13
07/07/26 03:36:35 Event: ULOG_EXECUTE for HTCondor Node COLLECT (170266.26.0) {07/07/26 03:36:30}
07/07/26 03:36:35 Number of idle job procs: 12
07/07/26 03:37:30 Currently monitoring 1 HTCondor log file(s)
07/07/26 03:37:30 Event: ULOG_JOB_TERMINATED for HTCondor Node COLLECT (170266.6.0) {07/07/26 03:37:29}
07/07/26 03:37:30 Number of idle job procs: 12
07/07/26 03:37:30 Node COLLECT job proc (170266.6.0) completed successfully.
07/07/26 03:37:35 Currently monitoring 1 HTCondor log file(s)
07/07/26 03:37:35 Event: ULOG_EXECUTE for HTCondor Node COLLECT (170266.28.0) {07/07/26 03:37:30}
07/07/26 03:37:35 Number of idle job procs: 11
07/07/26 03:37:55 Currently monitoring 1 HTCondor log file(s)
07/07/26 03:37:55 Event: ULOG_JOB_TERMINATED for HTCondor Node COLLECT (170266.7.0) {07/07/26 03:37:53}
07/07/26 03:37:55 Number of idle job procs: 11
07/07/26 03:37:55 Node COLLECT job proc (170266.7.0) completed successfully.
07/07/26 03:37:55 Event: ULOG_EXECUTE for HTCondor Node COLLECT (170266.29.0) {07/07/26 03:37:54}
07/07/26 03:37:55 Number of idle job procs: 10
07/07/26 03:38:15 Currently monitoring 1 HTCondor log file(s)
07/07/26 03:38:15 Event: ULOG_JOB_TERMINATED for HTCondor Node COLLECT (170266.8.0) {07/07/26 03:38:12}
07/07/26 03:38:15 Number of idle job procs: 10
07/07/26 03:38:15 Node COLLECT job proc (170266.8.0) completed successfully.
07/07/26 03:38:35 Currently monitoring 1 HTCondor log file(s)
07/07/26 03:38:35 Event: ULOG_EXECUTE for HTCondor Node COLLECT (170266.30.0) {07/07/26 03:38:31}
07/07/26 03:38:35 Number of idle job procs: 9
07/07/26 03:39:05 Currently monitoring 1 HTCondor log file(s)
07/07/26 03:39:05 Event: ULOG_JOB_TERMINATED for HTCondor Node COLLECT (170266.9.0) {07/07/26 03:39:03}
07/07/26 03:39:05 Number of idle job procs: 9
07/07/26 03:39:05 Node COLLECT job proc (170266.9.0) completed successfully.
07/07/26 03:39:05 Event: ULOG_EXECUTE for HTCondor Node COLLECT (170266.31.0) {07/07/26 03:39:05}
07/07/26 03:39:05 Number of idle job procs: 8
07/07/26 03:39:30 Currently monitoring 1 HTCondor log file(s)
07/07/26 03:39:30 Event: ULOG_JOB_TERMINATED for HTCondor Node COLLECT (170266.12.0) {07/07/26 03:39:27}
07/07/26 03:39:30 Number of idle job procs: 8
07/07/26 03:39:30 Node COLLECT job proc (170266.12.0) completed successfully.
07/07/26 03:39:30 Event: ULOG_EXECUTE for HTCondor Node COLLECT (170266.32.0) {07/07/26 03:39:28}
07/07/26 03:39:30 Number of idle job procs: 7
07/07/26 03:39:45 Currently monitoring 1 HTCondor log file(s)
07/07/26 03:39:45 Event: ULOG_JOB_TERMINATED for HTCondor Node COLLECT (170266.10.0) {07/07/26 03:39:43}
07/07/26 03:39:45 Number of idle job procs: 7
07/07/26 03:39:45 Node COLLECT job proc (170266.10.0) completed successfully.
07/07/26 03:39:45 Event: ULOG_EXECUTE for HTCondor Node COLLECT (170266.33.0) {07/07/26 03:39:44}
07/07/26 03:39:45 Number of idle job procs: 6
07/07/26 03:40:30 Currently monitoring 1 HTCondor log file(s)
07/07/26 03:40:30 Event: ULOG_JOB_TERMINATED for HTCondor Node COLLECT (170266.11.0) {07/07/26 03:40:27}
07/07/26 03:40:30 Number of idle job procs: 6
07/07/26 03:40:30 Node COLLECT job proc (170266.11.0) completed successfully.
07/07/26 03:40:30 Event: ULOG_EXECUTE for HTCondor Node COLLECT (170266.34.0) {07/07/26 03:40:28}
07/07/26 03:40:30 Number of idle job procs: 5
07/07/26 03:40:55 Total jobs placed to AP: 40
07/07/26 03:40:55      Idle     Held     Running     Successful     Failed
07/07/26 03:40:55       ===      ===         ===            ===        ===
07/07/26 03:40:55         5        0          24             11          0
07/07/26 03:41:00 Currently monitoring 1 HTCondor log file(s)
07/07/26 03:41:00 Event: ULOG_JOB_TERMINATED for HTCondor Node COLLECT (170266.13.0) {07/07/26 03:40:59}
07/07/26 03:41:00 Number of idle job procs: 5
07/07/26 03:41:00 Node COLLECT job proc (170266.13.0) completed successfully.
07/07/26 03:41:15 Currently monitoring 1 HTCondor log file(s)
07/07/26 03:41:15 Event: ULOG_JOB_TERMINATED for HTCondor Node COLLECT (170266.17.0) {07/07/26 03:41:13}
07/07/26 03:41:15 Number of idle job procs: 5
07/07/26 03:41:15 Node COLLECT job proc (170266.17.0) completed successfully.
07/07/26 03:41:15 Event: ULOG_EXECUTE for HTCondor Node COLLECT (170266.35.0) {07/07/26 03:41:15}
07/07/26 03:41:15 Number of idle job procs: 4
07/07/26 03:41:30 Currently monitoring 1 HTCondor log file(s)
07/07/26 03:41:30 Event: ULOG_JOB_TERMINATED for HTCondor Node COLLECT (170266.4.0) {07/07/26 03:41:28}
07/07/26 03:41:30 Number of idle job procs: 4
07/07/26 03:41:30 Node COLLECT job proc (170266.4.0) completed successfully.
07/07/26 03:41:30 Event: ULOG_EXECUTE for HTCondor Node COLLECT (170266.36.0) {07/07/26 03:41:29}
07/07/26 03:41:30 Number of idle job procs: 3
07/07/26 03:41:35 Currently monitoring 1 HTCondor log file(s)
07/07/26 03:41:35 Event: ULOG_EXECUTE for HTCondor Node COLLECT (170266.37.0) {07/07/26 03:41:30}
07/07/26 03:41:35 Number of idle job procs: 2
07/07/26 03:41:35 Event: ULOG_JOB_TERMINATED for HTCondor Node COLLECT (170266.14.0) {07/07/26 03:41:35}
07/07/26 03:41:35 Number of idle job procs: 2
07/07/26 03:41:35 Node COLLECT job proc (170266.14.0) completed successfully.
07/07/26 03:41:40 Currently monitoring 1 HTCondor log file(s)
07/07/26 03:41:40 Event: ULOG_EXECUTE for HTCondor Node COLLECT (170266.38.0) {07/07/26 03:41:36}
07/07/26 03:41:40 Number of idle job procs: 1
07/07/26 03:42:00 Currently monitoring 1 HTCondor log file(s)
07/07/26 03:42:00 Event: ULOG_JOB_TERMINATED for HTCondor Node COLLECT (170266.3.0) {07/07/26 03:41:57}
07/07/26 03:42:00 Number of idle job procs: 1
07/07/26 03:42:00 Node COLLECT job proc (170266.3.0) completed successfully.
07/07/26 03:42:00 Event: ULOG_EXECUTE for HTCondor Node COLLECT (170266.39.0) {07/07/26 03:41:58}
07/07/26 03:42:00 Number of idle job procs: 0
07/07/26 03:42:15 Currently monitoring 1 HTCondor log file(s)
07/07/26 03:42:15 Event: ULOG_JOB_TERMINATED for HTCondor Node COLLECT (170266.15.0) {07/07/26 03:42:11}
07/07/26 03:42:15 Number of idle job procs: 0
07/07/26 03:42:15 Node COLLECT job proc (170266.15.0) completed successfully.
07/07/26 03:42:40 Currently monitoring 1 HTCondor log file(s)
07/07/26 03:42:40 Event: ULOG_JOB_TERMINATED for HTCondor Node COLLECT (170266.16.0) {07/07/26 03:42:37}
07/07/26 03:42:40 Number of idle job procs: 0
07/07/26 03:42:40 Node COLLECT job proc (170266.16.0) completed successfully.
07/07/26 03:43:40 Currently monitoring 1 HTCondor log file(s)
07/07/26 03:43:40 Event: ULOG_JOB_TERMINATED for HTCondor Node COLLECT (170266.18.0) {07/07/26 03:43:36}
07/07/26 03:43:40 Number of idle job procs: 0
07/07/26 03:43:40 Node COLLECT job proc (170266.18.0) completed successfully.
07/07/26 03:44:41 Currently monitoring 1 HTCondor log file(s)
07/07/26 03:44:41 Event: ULOG_JOB_TERMINATED for HTCondor Node COLLECT (170266.19.0) {07/07/26 03:44:39}
07/07/26 03:44:41 Number of idle job procs: 0
07/07/26 03:44:41 Node COLLECT job proc (170266.19.0) completed successfully.
07/07/26 03:44:56 Currently monitoring 1 HTCondor log file(s)
07/07/26 03:44:56 Event: ULOG_JOB_TERMINATED for HTCondor Node COLLECT (170266.20.0) {07/07/26 03:44:55}
07/07/26 03:44:56 Number of idle job procs: 0
07/07/26 03:44:56 Node COLLECT job proc (170266.20.0) completed successfully.
07/07/26 03:45:16 Currently monitoring 1 HTCondor log file(s)
07/07/26 03:45:16 Event: ULOG_JOB_TERMINATED for HTCondor Node COLLECT (170266.23.0) {07/07/26 03:45:15}
07/07/26 03:45:16 Number of idle job procs: 0
07/07/26 03:45:16 Node COLLECT job proc (170266.23.0) completed successfully.
07/07/26 03:46:51 Currently monitoring 1 HTCondor log file(s)
07/07/26 03:46:51 Event: ULOG_JOB_TERMINATED for HTCondor Node COLLECT (170266.22.0) {07/07/26 03:46:46}
07/07/26 03:46:51 Number of idle job procs: 0
07/07/26 03:46:51 Node COLLECT job proc (170266.22.0) completed successfully.
07/07/26 03:47:11 Currently monitoring 1 HTCondor log file(s)
07/07/26 03:47:11 Event: ULOG_JOB_TERMINATED for HTCondor Node COLLECT (170266.21.0) {07/07/26 03:47:10}
07/07/26 03:47:11 Number of idle job procs: 0
07/07/26 03:47:11 Node COLLECT job proc (170266.21.0) completed successfully.
07/07/26 03:47:21 Currently monitoring 1 HTCondor log file(s)
07/07/26 03:47:21 Event: ULOG_JOB_TERMINATED for HTCondor Node COLLECT (170266.24.0) {07/07/26 03:47:19}
07/07/26 03:47:21 Number of idle job procs: 0
07/07/26 03:47:21 Node COLLECT job proc (170266.24.0) completed successfully.
07/07/26 03:48:36 Currently monitoring 1 HTCondor log file(s)
07/07/26 03:48:36 Event: ULOG_JOB_TERMINATED for HTCondor Node COLLECT (170266.27.0) {07/07/26 03:48:31}
07/07/26 03:48:36 Number of idle job procs: 0
07/07/26 03:48:36 Node COLLECT job proc (170266.27.0) completed successfully.
07/07/26 03:48:41 Currently monitoring 1 HTCondor log file(s)
07/07/26 03:48:41 Event: ULOG_JOB_TERMINATED for HTCondor Node COLLECT (170266.25.0) {07/07/26 03:48:37}
07/07/26 03:48:41 Number of idle job procs: 0
07/07/26 03:48:41 Node COLLECT job proc (170266.25.0) completed successfully.
07/07/26 03:49:51 Currently monitoring 1 HTCondor log file(s)
07/07/26 03:49:51 Event: ULOG_JOB_TERMINATED for HTCondor Node COLLECT (170266.26.0) {07/07/26 03:49:47}
07/07/26 03:49:51 Number of idle job procs: 0
07/07/26 03:49:51 Node COLLECT job proc (170266.26.0) completed successfully.
07/07/26 03:50:36 Currently monitoring 1 HTCondor log file(s)
07/07/26 03:50:36 Event: ULOG_JOB_TERMINATED for HTCondor Node COLLECT (170266.28.0) {07/07/26 03:50:36}
07/07/26 03:50:36 Number of idle job procs: 0
07/07/26 03:50:36 Node COLLECT job proc (170266.28.0) completed successfully.
07/07/26 03:51:01 Currently monitoring 1 HTCondor log file(s)
07/07/26 03:51:01 Event: ULOG_JOB_TERMINATED for HTCondor Node COLLECT (170266.31.0) {07/07/26 03:51:01}
07/07/26 03:51:01 Number of idle job procs: 0
07/07/26 03:51:01 Node COLLECT job proc (170266.31.0) completed successfully.
07/07/26 03:51:06 Currently monitoring 1 HTCondor log file(s)
07/07/26 03:51:06 Event: ULOG_JOB_TERMINATED for HTCondor Node COLLECT (170266.29.0) {07/07/26 03:51:03}
07/07/26 03:51:06 Number of idle job procs: 0
07/07/26 03:51:06 Node COLLECT job proc (170266.29.0) completed successfully.
07/07/26 03:51:51 Currently monitoring 1 HTCondor log file(s)
07/07/26 03:51:51 Event: ULOG_JOB_TERMINATED for HTCondor Node COLLECT (170266.32.0) {07/07/26 03:51:48}
07/07/26 03:51:51 Number of idle job procs: 0
07/07/26 03:51:51 Node COLLECT job proc (170266.32.0) completed successfully.
07/07/26 03:52:16 Currently monitoring 1 HTCondor log file(s)
07/07/26 03:52:16 Event: ULOG_JOB_TERMINATED for HTCondor Node COLLECT (170266.30.0) {07/07/26 03:52:15}
07/07/26 03:52:16 Number of idle job procs: 0
07/07/26 03:52:16 Node COLLECT job proc (170266.30.0) completed successfully.
07/07/26 03:52:31 Currently monitoring 1 HTCondor log file(s)
07/07/26 03:52:31 Event: ULOG_JOB_TERMINATED for HTCondor Node COLLECT (170266.33.0) {07/07/26 03:52:30}
07/07/26 03:52:31 Number of idle job procs: 0
07/07/26 03:52:31 Node COLLECT job proc (170266.33.0) completed successfully.
07/07/26 03:52:41 Currently monitoring 1 HTCondor log file(s)
07/07/26 03:52:41 Event: ULOG_JOB_TERMINATED for HTCondor Node COLLECT (170266.35.0) {07/07/26 03:52:40}
07/07/26 03:52:41 Number of idle job procs: 0
07/07/26 03:52:41 Node COLLECT job proc (170266.35.0) completed successfully.
07/07/26 03:53:16 Currently monitoring 1 HTCondor log file(s)
07/07/26 03:53:16 Event: ULOG_JOB_TERMINATED for HTCondor Node COLLECT (170266.38.0) {07/07/26 03:53:15}
07/07/26 03:53:16 Number of idle job procs: 0
07/07/26 03:53:16 Node COLLECT job proc (170266.38.0) completed successfully.
07/07/26 03:53:51 Currently monitoring 1 HTCondor log file(s)
07/07/26 03:53:51 Event: ULOG_JOB_TERMINATED for HTCondor Node COLLECT (170266.34.0) {07/07/26 03:53:48}
07/07/26 03:53:51 Number of idle job procs: 0
07/07/26 03:53:51 Node COLLECT job proc (170266.34.0) completed successfully.
07/07/26 03:55:01 Currently monitoring 1 HTCondor log file(s)
07/07/26 03:55:01 Event: ULOG_JOB_TERMINATED for HTCondor Node COLLECT (170266.39.0) {07/07/26 03:55:01}
07/07/26 03:55:01 Number of idle job procs: 0
07/07/26 03:55:01 Node COLLECT job proc (170266.39.0) completed successfully.
07/07/26 03:55:06 Currently monitoring 1 HTCondor log file(s)
07/07/26 03:55:06 Event: ULOG_JOB_TERMINATED for HTCondor Node COLLECT (170266.37.0) {07/07/26 03:55:03}
07/07/26 03:55:06 Number of idle job procs: 0
07/07/26 03:55:06 Node COLLECT job proc (170266.37.0) completed successfully.
07/07/26 03:55:11 Currently monitoring 1 HTCondor log file(s)
07/07/26 03:55:11 Event: ULOG_JOB_TERMINATED for HTCondor Node COLLECT (170266.36.0) {07/07/26 03:55:10}
07/07/26 03:55:11 Number of idle job procs: 0
07/07/26 03:55:11 Node COLLECT job proc (170266.36.0) completed successfully.
07/07/26 03:55:11 Node COLLECT job(s) have exited the queue
07/07/26 03:55:11 DAG status: 0 (DAG_STATUS_OK)
07/07/26 03:55:11 Of 5 nodes total:
07/07/26 03:55:11  Done     Pre   Queued    Post   Ready   Un-Ready   Failed   Futile
07/07/26 03:55:11   ===     ===      ===     ===     ===        ===      ===      ===
07/07/26 03:55:11     1       0        0       0       1          3        0        0
07/07/26 03:55:11 0 job proc(s) currently held
07/07/26 03:55:11 DAGMan Runtime Statistics: [EventCycleTimeAvg=0.007; EventCycleTimeMax=20.438; EventCycleTimeMin=0.000; EventCycleTimeStd=0.315; EventCycleTimeSum=50.852; SleepCycleTimeAvg=5.013; SleepCycleTimeMax=19.618; SleepCycleTimeMin=5.000; SleepCycleTimeStd=0.273; SleepCycleTimeSum=34145.393; SubmitCycleTimeAvg=0.000; SubmitCycleTimeMax=0.756; SubmitCycleTimeMin=0.000; SubmitCycleTimeStd=0.009; SubmitCycleTimeSum=0.759; EventCycleTimeCount=6812.000; SleepCycleTimeCount=6812.000; SubmitCycleTimeCount=6813.000; LogProcessCycleTimeAvg=0.006; LogProcessCycleTimeMax=0.120; LogProcessCycleTimeMin=0.002; LogProcessCycleTimeStd=0.015; LogProcessCycleTimeSum=0.372; LogProcessCycleTimeCount=63.000; ]
07/07/26 03:55:16 Submitting HTCondor Node MERGE_COLLECTION job(s)...
07/07/26 03:55:16 Submitting node MERGE_COLLECTION from file one_way_line_det_one_way_line_17_10_action_shield_merge_collection.sub using direct job submission
07/07/26 03:55:16 	assigned HTCondor ID (170313.0.0)
07/07/26 03:55:16 Just submitted 1 job this cycle...
07/07/26 03:55:16 DAG status: 0 (DAG_STATUS_OK)
07/07/26 03:55:16 Of 5 nodes total:
07/07/26 03:55:16  Done     Pre   Queued    Post   Ready   Un-Ready   Failed   Futile
07/07/26 03:55:16   ===     ===      ===     ===     ===        ===      ===      ===
07/07/26 03:55:16     1       0        1       0       0          3        0        0
07/07/26 03:55:16 0 job proc(s) currently held
07/07/26 03:55:16 DAGMan Runtime Statistics: [EventCycleTimeAvg=0.007; EventCycleTimeMax=20.438; EventCycleTimeMin=0.000; EventCycleTimeStd=0.315; EventCycleTimeSum=50.866; SleepCycleTimeAvg=5.013; SleepCycleTimeMax=19.618; SleepCycleTimeMin=5.000; SleepCycleTimeStd=0.273; SleepCycleTimeSum=34150.395; SubmitCycleTimeAvg=0.000; SubmitCycleTimeMax=0.756; SubmitCycleTimeMin=0.000; SubmitCycleTimeStd=0.009; SubmitCycleTimeSum=0.785; EventCycleTimeCount=6813.000; SleepCycleTimeCount=6813.000; SubmitCycleTimeCount=6814.000; LogProcessCycleTimeAvg=0.006; LogProcessCycleTimeMax=0.120; LogProcessCycleTimeMin=0.002; LogProcessCycleTimeStd=0.015; LogProcessCycleTimeSum=0.372; LogProcessCycleTimeCount=63.000; ]
07/07/26 03:55:21 Currently monitoring 1 HTCondor log file(s)
07/07/26 03:55:21 Reassigning the id of job MERGE_COLLECTION from (170313.0.0) to (170313.0.0)
07/07/26 03:55:21 Event: ULOG_SUBMIT for HTCondor Node MERGE_COLLECTION (170313.0.0) {07/07/26 03:55:16}
07/07/26 03:55:21 Number of idle job procs: 1
07/07/26 03:55:56 Total jobs placed to AP: 41
07/07/26 03:55:56      Idle     Held     Running     Successful     Failed
07/07/26 03:55:56       ===      ===         ===            ===        ===
07/07/26 03:55:56         1        0           0             40          0
07/07/26 04:05:22 601 seconds since last log event
07/07/26 04:05:22 Pending DAG nodes:
07/07/26 04:05:22   Node MERGE_COLLECTION, HTCondor ID 170313, status STATUS_SUBMITTED
07/07/26 04:10:57 Total jobs placed to AP: 41
07/07/26 04:10:57      Idle     Held     Running     Successful     Failed
07/07/26 04:10:57       ===      ===         ===            ===        ===
07/07/26 04:10:57         1        0           0             40          0
07/07/26 04:15:22 1201 seconds since last log event
07/07/26 04:15:22 Pending DAG nodes:
07/07/26 04:15:22   Node MERGE_COLLECTION, HTCondor ID 170313, status STATUS_SUBMITTED
07/07/26 04:25:22 1801 seconds since last log event
07/07/26 04:25:22 Pending DAG nodes:
07/07/26 04:25:22   Node MERGE_COLLECTION, HTCondor ID 170313, status STATUS_SUBMITTED
07/07/26 04:25:57 Total jobs placed to AP: 41
07/07/26 04:25:57      Idle     Held     Running     Successful     Failed
07/07/26 04:25:57       ===      ===         ===            ===        ===
07/07/26 04:25:57         1        0           0             40          0
07/07/26 04:35:22 2401 seconds since last log event
07/07/26 04:35:22 Pending DAG nodes:
07/07/26 04:35:22   Node MERGE_COLLECTION, HTCondor ID 170313, status STATUS_SUBMITTED
07/07/26 04:40:58 Total jobs placed to AP: 41
07/07/26 04:40:58      Idle     Held     Running     Successful     Failed
07/07/26 04:40:58       ===      ===         ===            ===        ===
07/07/26 04:40:58         1        0           0             40          0
07/07/26 04:45:23 3002 seconds since last log event
07/07/26 04:45:23 Pending DAG nodes:
07/07/26 04:45:23   Node MERGE_COLLECTION, HTCondor ID 170313, status STATUS_SUBMITTED
07/07/26 04:55:23 3602 seconds since last log event
07/07/26 04:55:23 Pending DAG nodes:
07/07/26 04:55:23   Node MERGE_COLLECTION, HTCondor ID 170313, status STATUS_SUBMITTED
07/07/26 04:55:59 Total jobs placed to AP: 41
07/07/26 04:55:59      Idle     Held     Running     Successful     Failed
07/07/26 04:55:59       ===      ===         ===            ===        ===
07/07/26 04:55:59         1        0           0             40          0
07/07/26 05:05:24 4203 seconds since last log event
07/07/26 05:05:24 Pending DAG nodes:
07/07/26 05:05:24   Node MERGE_COLLECTION, HTCondor ID 170313, status STATUS_SUBMITTED
07/07/26 05:10:59 Total jobs placed to AP: 41
07/07/26 05:10:59      Idle     Held     Running     Successful     Failed
07/07/26 05:10:59       ===      ===         ===            ===        ===
07/07/26 05:10:59         1        0           0             40          0
07/07/26 05:15:25 4804 seconds since last log event
07/07/26 05:15:25 Pending DAG nodes:
07/07/26 05:15:25   Node MERGE_COLLECTION, HTCondor ID 170313, status STATUS_SUBMITTED
07/07/26 05:25:25 5404 seconds since last log event
07/07/26 05:25:25 Pending DAG nodes:
07/07/26 05:25:25   Node MERGE_COLLECTION, HTCondor ID 170313, status STATUS_SUBMITTED
07/07/26 05:26:00 Total jobs placed to AP: 41
07/07/26 05:26:00      Idle     Held     Running     Successful     Failed
07/07/26 05:26:00       ===      ===         ===            ===        ===
07/07/26 05:26:00         1        0           0             40          0
07/07/26 05:35:25 6004 seconds since last log event
07/07/26 05:35:25 Pending DAG nodes:
07/07/26 05:35:25   Node MERGE_COLLECTION, HTCondor ID 170313, status STATUS_SUBMITTED
07/07/26 05:41:00 Total jobs placed to AP: 41
07/07/26 05:41:00      Idle     Held     Running     Successful     Failed
07/07/26 05:41:00       ===      ===         ===            ===        ===
07/07/26 05:41:00         1        0           0             40          0
07/07/26 05:45:25 6604 seconds since last log event
07/07/26 05:45:25 Pending DAG nodes:
07/07/26 05:45:25   Node MERGE_COLLECTION, HTCondor ID 170313, status STATUS_SUBMITTED
07/07/26 05:55:25 7204 seconds since last log event
07/07/26 05:55:25 Pending DAG nodes:
07/07/26 05:55:25   Node MERGE_COLLECTION, HTCondor ID 170313, status STATUS_SUBMITTED
07/07/26 05:56:00 Total jobs placed to AP: 41
07/07/26 05:56:00      Idle     Held     Running     Successful     Failed
07/07/26 05:56:00       ===      ===         ===            ===        ===
07/07/26 05:56:00         1        0           0             40          0
07/07/26 06:05:25 7804 seconds since last log event
07/07/26 06:05:25 Pending DAG nodes:
07/07/26 06:05:25   Node MERGE_COLLECTION, HTCondor ID 170313, status STATUS_SUBMITTED
07/07/26 06:11:01 Total jobs placed to AP: 41
07/07/26 06:11:01      Idle     Held     Running     Successful     Failed
07/07/26 06:11:01       ===      ===         ===            ===        ===
07/07/26 06:11:01         1        0           0             40          0
07/07/26 06:15:26 8405 seconds since last log event
07/07/26 06:15:26 Pending DAG nodes:
07/07/26 06:15:26   Node MERGE_COLLECTION, HTCondor ID 170313, status STATUS_SUBMITTED
07/07/26 06:25:26 9005 seconds since last log event
07/07/26 06:25:26 Pending DAG nodes:
07/07/26 06:25:26   Node MERGE_COLLECTION, HTCondor ID 170313, status STATUS_SUBMITTED
07/07/26 06:26:01 Total jobs placed to AP: 41
07/07/26 06:26:01      Idle     Held     Running     Successful     Failed
07/07/26 06:26:01       ===      ===         ===            ===        ===
07/07/26 06:26:01         1        0           0             40          0
07/07/26 06:35:29 9608 seconds since last log event
07/07/26 06:35:29 Pending DAG nodes:
07/07/26 06:35:29   Node MERGE_COLLECTION, HTCondor ID 170313, status STATUS_SUBMITTED
07/07/26 06:41:02 Total jobs placed to AP: 41
07/07/26 06:41:02      Idle     Held     Running     Successful     Failed
07/07/26 06:41:02       ===      ===         ===            ===        ===
07/07/26 06:41:02         1        0           0             40          0
07/07/26 06:45:30 10209 seconds since last log event
07/07/26 06:45:30 Pending DAG nodes:
07/07/26 06:45:30   Node MERGE_COLLECTION, HTCondor ID 170313, status STATUS_SUBMITTED
07/07/26 06:55:31 10810 seconds since last log event
07/07/26 06:55:31 Pending DAG nodes:
07/07/26 06:55:31   Node MERGE_COLLECTION, HTCondor ID 170313, status STATUS_SUBMITTED
07/07/26 06:56:06 Total jobs placed to AP: 41
07/07/26 06:56:06      Idle     Held     Running     Successful     Failed
07/07/26 06:56:06       ===      ===         ===            ===        ===
07/07/26 06:56:06         1        0           0             40          0
07/07/26 07:05:31 11410 seconds since last log event
07/07/26 07:05:31 Pending DAG nodes:
07/07/26 07:05:31   Node MERGE_COLLECTION, HTCondor ID 170313, status STATUS_SUBMITTED
07/07/26 07:11:07 Total jobs placed to AP: 41
07/07/26 07:11:07      Idle     Held     Running     Successful     Failed
07/07/26 07:11:07       ===      ===         ===            ===        ===
07/07/26 07:11:07         1        0           0             40          0
07/07/26 07:15:32 12011 seconds since last log event
07/07/26 07:15:32 Pending DAG nodes:
07/07/26 07:15:32   Node MERGE_COLLECTION, HTCondor ID 170313, status STATUS_SUBMITTED
07/07/26 07:25:32 12611 seconds since last log event
07/07/26 07:25:32 Pending DAG nodes:
07/07/26 07:25:32   Node MERGE_COLLECTION, HTCondor ID 170313, status STATUS_SUBMITTED
07/07/26 07:26:07 Total jobs placed to AP: 41
07/07/26 07:26:07      Idle     Held     Running     Successful     Failed
07/07/26 07:26:07       ===      ===         ===            ===        ===
07/07/26 07:26:07         1        0           0             40          0
07/07/26 07:35:33 13212 seconds since last log event
07/07/26 07:35:33 Pending DAG nodes:
07/07/26 07:35:33   Node MERGE_COLLECTION, HTCondor ID 170313, status STATUS_SUBMITTED
07/07/26 07:41:08 Total jobs placed to AP: 41
07/07/26 07:41:08      Idle     Held     Running     Successful     Failed
07/07/26 07:41:08       ===      ===         ===            ===        ===
07/07/26 07:41:08         1        0           0             40          0
07/07/26 07:45:33 13812 seconds since last log event
07/07/26 07:45:33 Pending DAG nodes:
07/07/26 07:45:33   Node MERGE_COLLECTION, HTCondor ID 170313, status STATUS_SUBMITTED
07/07/26 07:55:34 14413 seconds since last log event
07/07/26 07:55:34 Pending DAG nodes:
07/07/26 07:55:34   Node MERGE_COLLECTION, HTCondor ID 170313, status STATUS_SUBMITTED
07/07/26 07:56:09 Total jobs placed to AP: 41
07/07/26 07:56:09      Idle     Held     Running     Successful     Failed
07/07/26 07:56:09       ===      ===         ===            ===        ===
07/07/26 07:56:09         1        0           0             40          0
07/07/26 08:05:35 15014 seconds since last log event
07/07/26 08:05:35 Pending DAG nodes:
07/07/26 08:05:35   Node MERGE_COLLECTION, HTCondor ID 170313, status STATUS_SUBMITTED
07/07/26 08:11:10 Total jobs placed to AP: 41
07/07/26 08:11:10      Idle     Held     Running     Successful     Failed
07/07/26 08:11:10       ===      ===         ===            ===        ===
07/07/26 08:11:10         1        0           0             40          0
07/07/26 08:15:35 15614 seconds since last log event
07/07/26 08:15:35 Pending DAG nodes:
07/07/26 08:15:35   Node MERGE_COLLECTION, HTCondor ID 170313, status STATUS_SUBMITTED
07/07/26 08:25:36 16215 seconds since last log event
07/07/26 08:25:36 Pending DAG nodes:
07/07/26 08:25:36   Node MERGE_COLLECTION, HTCondor ID 170313, status STATUS_SUBMITTED
07/07/26 08:26:11 Total jobs placed to AP: 41
07/07/26 08:26:11      Idle     Held     Running     Successful     Failed
07/07/26 08:26:11       ===      ===         ===            ===        ===
07/07/26 08:26:11         1        0           0             40          0
07/07/26 08:35:36 16815 seconds since last log event
07/07/26 08:35:36 Pending DAG nodes:
07/07/26 08:35:36   Node MERGE_COLLECTION, HTCondor ID 170313, status STATUS_SUBMITTED
07/07/26 08:41:12 Total jobs placed to AP: 41
07/07/26 08:41:12      Idle     Held     Running     Successful     Failed
07/07/26 08:41:12       ===      ===         ===            ===        ===
07/07/26 08:41:12         1        0           0             40          0
07/07/26 08:45:37 17416 seconds since last log event
07/07/26 08:45:37 Pending DAG nodes:
07/07/26 08:45:37   Node MERGE_COLLECTION, HTCondor ID 170313, status STATUS_SUBMITTED
07/07/26 08:55:37 18016 seconds since last log event
07/07/26 08:55:37 Pending DAG nodes:
07/07/26 08:55:37   Node MERGE_COLLECTION, HTCondor ID 170313, status STATUS_SUBMITTED
07/07/26 08:56:12 Total jobs placed to AP: 41
07/07/26 08:56:12      Idle     Held     Running     Successful     Failed
07/07/26 08:56:12       ===      ===         ===            ===        ===
07/07/26 08:56:12         1        0           0             40          0
07/07/26 09:05:38 18617 seconds since last log event
07/07/26 09:05:38 Pending DAG nodes:
07/07/26 09:05:38   Node MERGE_COLLECTION, HTCondor ID 170313, status STATUS_SUBMITTED
07/07/26 09:11:13 Total jobs placed to AP: 41
07/07/26 09:11:13      Idle     Held     Running     Successful     Failed
07/07/26 09:11:13       ===      ===         ===            ===        ===
07/07/26 09:11:13         1        0           0             40          0
07/07/26 09:15:38 19217 seconds since last log event
07/07/26 09:15:38 Pending DAG nodes:
07/07/26 09:15:38   Node MERGE_COLLECTION, HTCondor ID 170313, status STATUS_SUBMITTED
07/07/26 09:25:39 19818 seconds since last log event
07/07/26 09:25:39 Pending DAG nodes:
07/07/26 09:25:39   Node MERGE_COLLECTION, HTCondor ID 170313, status STATUS_SUBMITTED
07/07/26 09:26:14 Total jobs placed to AP: 41
07/07/26 09:26:14      Idle     Held     Running     Successful     Failed
07/07/26 09:26:14       ===      ===         ===            ===        ===
07/07/26 09:26:14         1        0           0             40          0
07/07/26 09:35:39 20418 seconds since last log event
07/07/26 09:35:39 Pending DAG nodes:
07/07/26 09:35:39   Node MERGE_COLLECTION, HTCondor ID 170313, status STATUS_SUBMITTED
07/07/26 09:41:15 Total jobs placed to AP: 41
07/07/26 09:41:15      Idle     Held     Running     Successful     Failed
07/07/26 09:41:15       ===      ===         ===            ===        ===
07/07/26 09:41:15         1        0           0             40          0
07/07/26 09:45:40 21019 seconds since last log event
07/07/26 09:45:40 Pending DAG nodes:
07/07/26 09:45:40   Node MERGE_COLLECTION, HTCondor ID 170313, status STATUS_SUBMITTED
07/07/26 09:55:40 21619 seconds since last log event
07/07/26 09:55:40 Pending DAG nodes:
07/07/26 09:55:40   Node MERGE_COLLECTION, HTCondor ID 170313, status STATUS_SUBMITTED
07/07/26 09:56:15 Total jobs placed to AP: 41
07/07/26 09:56:15      Idle     Held     Running     Successful     Failed
07/07/26 09:56:15       ===      ===         ===            ===        ===
07/07/26 09:56:15         1        0           0             40          0
07/07/26 10:05:41 22220 seconds since last log event
07/07/26 10:05:41 Pending DAG nodes:
07/07/26 10:05:41   Node MERGE_COLLECTION, HTCondor ID 170313, status STATUS_SUBMITTED
07/07/26 10:11:16 Total jobs placed to AP: 41
07/07/26 10:11:16      Idle     Held     Running     Successful     Failed
07/07/26 10:11:16       ===      ===         ===            ===        ===
07/07/26 10:11:16         1        0           0             40          0
07/07/26 10:15:41 22820 seconds since last log event
07/07/26 10:15:41 Pending DAG nodes:
07/07/26 10:15:41   Node MERGE_COLLECTION, HTCondor ID 170313, status STATUS_SUBMITTED
07/07/26 10:25:42 23421 seconds since last log event
07/07/26 10:25:42 Pending DAG nodes:
07/07/26 10:25:42   Node MERGE_COLLECTION, HTCondor ID 170313, status STATUS_SUBMITTED
07/07/26 10:26:17 Total jobs placed to AP: 41
07/07/26 10:26:17      Idle     Held     Running     Successful     Failed
07/07/26 10:26:17       ===      ===         ===            ===        ===
07/07/26 10:26:17         1        0           0             40          0
07/07/26 10:35:43 24022 seconds since last log event
07/07/26 10:35:43 Pending DAG nodes:
07/07/26 10:35:43   Node MERGE_COLLECTION, HTCondor ID 170313, status STATUS_SUBMITTED
07/07/26 10:41:18 Total jobs placed to AP: 41
07/07/26 10:41:18      Idle     Held     Running     Successful     Failed
07/07/26 10:41:18       ===      ===         ===            ===        ===
07/07/26 10:41:18         1        0           0             40          0
07/07/26 10:45:43 24622 seconds since last log event
07/07/26 10:45:43 Pending DAG nodes:
07/07/26 10:45:43   Node MERGE_COLLECTION, HTCondor ID 170313, status STATUS_SUBMITTED
07/07/26 10:55:44 25223 seconds since last log event
07/07/26 10:55:44 Pending DAG nodes:
07/07/26 10:55:44   Node MERGE_COLLECTION, HTCondor ID 170313, status STATUS_SUBMITTED
07/07/26 10:56:19 Total jobs placed to AP: 41
07/07/26 10:56:19      Idle     Held     Running     Successful     Failed
07/07/26 10:56:19       ===      ===         ===            ===        ===
07/07/26 10:56:19         1        0           0             40          0
07/07/26 11:05:44 25823 seconds since last log event
07/07/26 11:05:44 Pending DAG nodes:
07/07/26 11:05:44   Node MERGE_COLLECTION, HTCondor ID 170313, status STATUS_SUBMITTED
07/07/26 11:11:20 Total jobs placed to AP: 41
07/07/26 11:11:20      Idle     Held     Running     Successful     Failed
07/07/26 11:11:20       ===      ===         ===            ===        ===
07/07/26 11:11:20         1        0           0             40          0
07/07/26 11:15:45 26424 seconds since last log event
07/07/26 11:15:45 Pending DAG nodes:
07/07/26 11:15:45   Node MERGE_COLLECTION, HTCondor ID 170313, status STATUS_SUBMITTED
07/07/26 11:25:45 27024 seconds since last log event
07/07/26 11:25:45 Pending DAG nodes:
07/07/26 11:25:45   Node MERGE_COLLECTION, HTCondor ID 170313, status STATUS_SUBMITTED
07/07/26 11:26:20 Total jobs placed to AP: 41
07/07/26 11:26:20      Idle     Held     Running     Successful     Failed
07/07/26 11:26:20       ===      ===         ===            ===        ===
07/07/26 11:26:20         1        0           0             40          0
07/07/26 11:35:46 27625 seconds since last log event
07/07/26 11:35:46 Pending DAG nodes:
07/07/26 11:35:46   Node MERGE_COLLECTION, HTCondor ID 170313, status STATUS_SUBMITTED
07/07/26 11:41:21 Total jobs placed to AP: 41
07/07/26 11:41:21      Idle     Held     Running     Successful     Failed
07/07/26 11:41:21       ===      ===         ===            ===        ===
07/07/26 11:41:21         1        0           0             40          0
07/07/26 11:45:46 28225 seconds since last log event
07/07/26 11:45:46 Pending DAG nodes:
07/07/26 11:45:46   Node MERGE_COLLECTION, HTCondor ID 170313, status STATUS_SUBMITTED
07/07/26 11:55:47 28826 seconds since last log event
07/07/26 11:55:47 Pending DAG nodes:
07/07/26 11:55:47   Node MERGE_COLLECTION, HTCondor ID 170313, status STATUS_SUBMITTED
07/07/26 11:55:47 Querying local schedd for associated jobs in queue
07/07/26 11:55:47 All pending job states validated
07/07/26 11:56:22 Total jobs placed to AP: 41
07/07/26 11:56:22      Idle     Held     Running     Successful     Failed
07/07/26 11:56:22       ===      ===         ===            ===        ===
07/07/26 11:56:22         1        0           0             40          0
07/07/26 12:05:47 29426 seconds since last log event
07/07/26 12:05:47 Pending DAG nodes:
07/07/26 12:05:47   Node MERGE_COLLECTION, HTCondor ID 170313, status STATUS_SUBMITTED
07/07/26 12:11:23 Total jobs placed to AP: 41
07/07/26 12:11:23      Idle     Held     Running     Successful     Failed
07/07/26 12:11:23       ===      ===         ===            ===        ===
07/07/26 12:11:23         1        0           0             40          0
07/07/26 12:15:48 30027 seconds since last log event
07/07/26 12:15:48 Pending DAG nodes:
07/07/26 12:15:48   Node MERGE_COLLECTION, HTCondor ID 170313, status STATUS_SUBMITTED
07/07/26 12:25:49 30628 seconds since last log event
07/07/26 12:25:49 Pending DAG nodes:
07/07/26 12:25:49   Node MERGE_COLLECTION, HTCondor ID 170313, status STATUS_SUBMITTED
07/07/26 12:26:24 Total jobs placed to AP: 41
07/07/26 12:26:24      Idle     Held     Running     Successful     Failed
07/07/26 12:26:24       ===      ===         ===            ===        ===
07/07/26 12:26:24         1        0           0             40          0
07/07/26 12:35:49 31228 seconds since last log event
07/07/26 12:35:49 Pending DAG nodes:
07/07/26 12:35:49   Node MERGE_COLLECTION, HTCondor ID 170313, status STATUS_SUBMITTED
07/07/26 12:41:24 Total jobs placed to AP: 41
07/07/26 12:41:24      Idle     Held     Running     Successful     Failed
07/07/26 12:41:24       ===      ===         ===            ===        ===
07/07/26 12:41:24         1        0           0             40          0
07/07/26 12:45:50 31829 seconds since last log event
07/07/26 12:45:50 Pending DAG nodes:
07/07/26 12:45:50   Node MERGE_COLLECTION, HTCondor ID 170313, status STATUS_SUBMITTED
07/07/26 12:55:50 32429 seconds since last log event
07/07/26 12:55:50 Pending DAG nodes:
07/07/26 12:55:50   Node MERGE_COLLECTION, HTCondor ID 170313, status STATUS_SUBMITTED
07/07/26 12:56:25 Total jobs placed to AP: 41
07/07/26 12:56:25      Idle     Held     Running     Successful     Failed
07/07/26 12:56:25       ===      ===         ===            ===        ===
07/07/26 12:56:25         1        0           0             40          0
07/07/26 13:05:51 33030 seconds since last log event
07/07/26 13:05:51 Pending DAG nodes:
07/07/26 13:05:51   Node MERGE_COLLECTION, HTCondor ID 170313, status STATUS_SUBMITTED
07/07/26 13:11:26 Total jobs placed to AP: 41
07/07/26 13:11:26      Idle     Held     Running     Successful     Failed
07/07/26 13:11:26       ===      ===         ===            ===        ===
07/07/26 13:11:26         1        0           0             40          0
07/07/26 13:15:51 33630 seconds since last log event
07/07/26 13:15:51 Pending DAG nodes:
07/07/26 13:15:51   Node MERGE_COLLECTION, HTCondor ID 170313, status STATUS_SUBMITTED
07/07/26 13:25:52 34231 seconds since last log event
07/07/26 13:25:52 Pending DAG nodes:
07/07/26 13:25:52   Node MERGE_COLLECTION, HTCondor ID 170313, status STATUS_SUBMITTED
07/07/26 13:26:27 Total jobs placed to AP: 41
07/07/26 13:26:27      Idle     Held     Running     Successful     Failed
07/07/26 13:26:27       ===      ===         ===            ===        ===
07/07/26 13:26:27         1        0           0             40          0
07/07/26 13:35:52 34831 seconds since last log event
07/07/26 13:35:52 Pending DAG nodes:
07/07/26 13:35:52   Node MERGE_COLLECTION, HTCondor ID 170313, status STATUS_SUBMITTED
07/07/26 13:41:28 Total jobs placed to AP: 41
07/07/26 13:41:28      Idle     Held     Running     Successful     Failed
07/07/26 13:41:28       ===      ===         ===            ===        ===
07/07/26 13:41:28         1        0           0             40          0
07/07/26 13:45:53 35432 seconds since last log event
07/07/26 13:45:53 Pending DAG nodes:
07/07/26 13:45:53   Node MERGE_COLLECTION, HTCondor ID 170313, status STATUS_SUBMITTED
07/07/26 13:55:53 36032 seconds since last log event
07/07/26 13:55:53 Pending DAG nodes:
07/07/26 13:55:53   Node MERGE_COLLECTION, HTCondor ID 170313, status STATUS_SUBMITTED
07/07/26 13:56:28 Total jobs placed to AP: 41
07/07/26 13:56:28      Idle     Held     Running     Successful     Failed
07/07/26 13:56:29       ===      ===         ===            ===        ===
07/07/26 13:56:29         1        0           0             40          0
07/07/26 14:05:54 36633 seconds since last log event
07/07/26 14:05:54 Pending DAG nodes:
07/07/26 14:05:54   Node MERGE_COLLECTION, HTCondor ID 170313, status STATUS_SUBMITTED
07/07/26 14:11:29 Total jobs placed to AP: 41
07/07/26 14:11:29      Idle     Held     Running     Successful     Failed
07/07/26 14:11:29       ===      ===         ===            ===        ===
07/07/26 14:11:29         1        0           0             40          0
07/07/26 14:15:54 37233 seconds since last log event
07/07/26 14:15:54 Pending DAG nodes:
07/07/26 14:15:54   Node MERGE_COLLECTION, HTCondor ID 170313, status STATUS_SUBMITTED
07/07/26 14:25:55 37834 seconds since last log event
07/07/26 14:25:55 Pending DAG nodes:
07/07/26 14:25:55   Node MERGE_COLLECTION, HTCondor ID 170313, status STATUS_SUBMITTED
07/07/26 14:26:30 Total jobs placed to AP: 41
07/07/26 14:26:30      Idle     Held     Running     Successful     Failed
07/07/26 14:26:30       ===      ===         ===            ===        ===
07/07/26 14:26:30         1        0           0             40          0
07/07/26 14:35:55 38434 seconds since last log event
07/07/26 14:35:55 Pending DAG nodes:
07/07/26 14:35:55   Node MERGE_COLLECTION, HTCondor ID 170313, status STATUS_SUBMITTED
07/07/26 14:41:31 Total jobs placed to AP: 41
07/07/26 14:41:31      Idle     Held     Running     Successful     Failed
07/07/26 14:41:31       ===      ===         ===            ===        ===
07/07/26 14:41:31         1        0           0             40          0
07/07/26 14:45:56 39035 seconds since last log event
07/07/26 14:45:56 Pending DAG nodes:
07/07/26 14:45:56   Node MERGE_COLLECTION, HTCondor ID 170313, status STATUS_SUBMITTED
07/07/26 14:55:57 39636 seconds since last log event
07/07/26 14:55:57 Pending DAG nodes:
07/07/26 14:55:57   Node MERGE_COLLECTION, HTCondor ID 170313, status STATUS_SUBMITTED
07/07/26 14:56:32 Total jobs placed to AP: 41
07/07/26 14:56:32      Idle     Held     Running     Successful     Failed
07/07/26 14:56:32       ===      ===         ===            ===        ===
07/07/26 14:56:32         1        0           0             40          0
07/07/26 15:05:57 40236 seconds since last log event
07/07/26 15:05:57 Pending DAG nodes:
07/07/26 15:05:57   Node MERGE_COLLECTION, HTCondor ID 170313, status STATUS_SUBMITTED
07/07/26 15:11:32 Total jobs placed to AP: 41
07/07/26 15:11:32      Idle     Held     Running     Successful     Failed
07/07/26 15:11:32       ===      ===         ===            ===        ===
07/07/26 15:11:32         1        0           0             40          0
07/07/26 15:15:58 40837 seconds since last log event
07/07/26 15:15:58 Pending DAG nodes:
07/07/26 15:15:58   Node MERGE_COLLECTION, HTCondor ID 170313, status STATUS_SUBMITTED
07/07/26 15:25:58 41437 seconds since last log event
07/07/26 15:25:58 Pending DAG nodes:
07/07/26 15:25:58   Node MERGE_COLLECTION, HTCondor ID 170313, status STATUS_SUBMITTED
07/07/26 15:26:33 Total jobs placed to AP: 41
07/07/26 15:26:33      Idle     Held     Running     Successful     Failed
07/07/26 15:26:33       ===      ===         ===            ===        ===
07/07/26 15:26:33         1        0           0             40          0
07/07/26 15:35:59 42038 seconds since last log event
07/07/26 15:35:59 Pending DAG nodes:
07/07/26 15:35:59   Node MERGE_COLLECTION, HTCondor ID 170313, status STATUS_SUBMITTED
07/07/26 15:41:34 Total jobs placed to AP: 41
07/07/26 15:41:34      Idle     Held     Running     Successful     Failed
07/07/26 15:41:34       ===      ===         ===            ===        ===
07/07/26 15:41:34         1        0           0             40          0
07/07/26 15:46:00 42639 seconds since last log event
07/07/26 15:46:00 Pending DAG nodes:
07/07/26 15:46:00   Node MERGE_COLLECTION, HTCondor ID 170313, status STATUS_SUBMITTED
07/07/26 15:56:00 43239 seconds since last log event
07/07/26 15:56:00 Pending DAG nodes:
07/07/26 15:56:00   Node MERGE_COLLECTION, HTCondor ID 170313, status STATUS_SUBMITTED
07/07/26 15:56:35 Total jobs placed to AP: 41
07/07/26 15:56:35      Idle     Held     Running     Successful     Failed
07/07/26 15:56:35       ===      ===         ===            ===        ===
07/07/26 15:56:35         1        0           0             40          0
07/07/26 16:06:01 43840 seconds since last log event
07/07/26 16:06:01 Pending DAG nodes:
07/07/26 16:06:01   Node MERGE_COLLECTION, HTCondor ID 170313, status STATUS_SUBMITTED
07/07/26 16:11:36 Total jobs placed to AP: 41
07/07/26 16:11:36      Idle     Held     Running     Successful     Failed
07/07/26 16:11:36       ===      ===         ===            ===        ===
07/07/26 16:11:36         1        0           0             40          0
07/07/26 16:16:01 44440 seconds since last log event
07/07/26 16:16:01 Pending DAG nodes:
07/07/26 16:16:01   Node MERGE_COLLECTION, HTCondor ID 170313, status STATUS_SUBMITTED
07/07/26 16:26:01 45040 seconds since last log event
07/07/26 16:26:01 Pending DAG nodes:
07/07/26 16:26:01   Node MERGE_COLLECTION, HTCondor ID 170313, status STATUS_SUBMITTED
07/07/26 16:26:36 Total jobs placed to AP: 41
07/07/26 16:26:36      Idle     Held     Running     Successful     Failed
07/07/26 16:26:36       ===      ===         ===            ===        ===
07/07/26 16:26:36         1        0           0             40          0
07/07/26 16:36:01 45640 seconds since last log event
07/07/26 16:36:01 Pending DAG nodes:
07/07/26 16:36:01   Node MERGE_COLLECTION, HTCondor ID 170313, status STATUS_SUBMITTED
07/07/26 16:41:36 Total jobs placed to AP: 41
07/07/26 16:41:36      Idle     Held     Running     Successful     Failed
07/07/26 16:41:36       ===      ===         ===            ===        ===
07/07/26 16:41:36         1        0           0             40          0
07/07/26 16:46:02 46241 seconds since last log event
07/07/26 16:46:02 Pending DAG nodes:
07/07/26 16:46:02   Node MERGE_COLLECTION, HTCondor ID 170313, status STATUS_SUBMITTED
07/07/26 16:56:02 46841 seconds since last log event
07/07/26 16:56:02 Pending DAG nodes:
07/07/26 16:56:02   Node MERGE_COLLECTION, HTCondor ID 170313, status STATUS_SUBMITTED
07/07/26 16:56:37 Total jobs placed to AP: 41
07/07/26 16:56:37      Idle     Held     Running     Successful     Failed
07/07/26 16:56:37       ===      ===         ===            ===        ===
07/07/26 16:56:37         1        0           0             40          0
07/07/26 17:06:03 47442 seconds since last log event
07/07/26 17:06:03 Pending DAG nodes:
07/07/26 17:06:03   Node MERGE_COLLECTION, HTCondor ID 170313, status STATUS_SUBMITTED
07/07/26 17:11:38 Total jobs placed to AP: 41
07/07/26 17:11:38      Idle     Held     Running     Successful     Failed
07/07/26 17:11:38       ===      ===         ===            ===        ===
07/07/26 17:11:38         1        0           0             40          0
07/07/26 17:16:03 48042 seconds since last log event
07/07/26 17:16:03 Pending DAG nodes:
07/07/26 17:16:03   Node MERGE_COLLECTION, HTCondor ID 170313, status STATUS_SUBMITTED
07/07/26 17:26:04 48643 seconds since last log event
07/07/26 17:26:04 Pending DAG nodes:
07/07/26 17:26:04   Node MERGE_COLLECTION, HTCondor ID 170313, status STATUS_SUBMITTED
07/07/26 17:26:39 Total jobs placed to AP: 41
07/07/26 17:26:39      Idle     Held     Running     Successful     Failed
07/07/26 17:26:39       ===      ===         ===            ===        ===
07/07/26 17:26:39         1        0           0             40          0
07/07/26 17:36:04 49243 seconds since last log event
07/07/26 17:36:04 Pending DAG nodes:
07/07/26 17:36:04   Node MERGE_COLLECTION, HTCondor ID 170313, status STATUS_SUBMITTED
07/07/26 17:41:40 Total jobs placed to AP: 41
07/07/26 17:41:40      Idle     Held     Running     Successful     Failed
07/07/26 17:41:40       ===      ===         ===            ===        ===
07/07/26 17:41:40         1        0           0             40          0
07/07/26 17:46:05 49844 seconds since last log event
07/07/26 17:46:05 Pending DAG nodes:
07/07/26 17:46:05   Node MERGE_COLLECTION, HTCondor ID 170313, status STATUS_SUBMITTED
07/07/26 17:56:05 50444 seconds since last log event
07/07/26 17:56:05 Pending DAG nodes:
07/07/26 17:56:05   Node MERGE_COLLECTION, HTCondor ID 170313, status STATUS_SUBMITTED
07/07/26 17:56:40 Total jobs placed to AP: 41
07/07/26 17:56:40      Idle     Held     Running     Successful     Failed
07/07/26 17:56:40       ===      ===         ===            ===        ===
07/07/26 17:56:40         1        0           0             40          0
07/07/26 18:01:02 ******************************************************
07/07/26 18:01:02 ** condor_scheduniv_exec.170257.0 (CONDOR_DAGMAN) STARTING UP
07/07/26 18:01:02 ** /usr/bin/condor_dagman
07/07/26 18:01:02 ** SubsystemInfo: name=DAGMAN type=DAGMAN(9) class=CLIENT(2)
07/07/26 18:01:02 ** Configuration: subsystem:DAGMAN local:<NONE> class:CLIENT
07/07/26 18:01:02 ** $CondorVersion: 24.12.19 2026-04-15 BuildID: 896241 PackageID: 24.12.19-1+deb12 GitSHA: c68f3e0e $
07/07/26 18:01:02 ** $CondorPlatform: X86_64-Debian_12 $
07/07/26 18:01:02 ** PID = 589474 RealUID = 1620002036
07/07/26 18:01:02 ** Log last touched 7/7 17:59:24
07/07/26 18:01:02 ******************************************************
07/07/26 18:01:02 Using config source: /etc/condor/condor_config
07/07/26 18:01:02 Using local config sources: 
07/07/26 18:01:02    /etc/condor/config.d/01-submit.conf
07/07/26 18:01:02    /etc/condor/config.d/10-stash-plugin.conf
07/07/26 18:01:02    /etc/condor/config.d/23-network.config
07/07/26 18:01:02    /etc/condor/config.d/31-mail.conf
07/07/26 18:01:02    /etc/condor/config.d/35-cc-sync.conf
07/07/26 18:01:02    /etc/condor/config.d/41-periodic-remove.conf
07/07/26 18:01:02    /etc/condor/config.d/49-common.conf
07/07/26 18:01:02    /etc/condor/config.d/52-group-mapping.conf
07/07/26 18:01:02    /etc/condor/config.d/54-container.conf
07/07/26 18:01:02    /etc/condor/config.d/67-submit-transforms.conf
07/07/26 18:01:02    /etc/condor/config.d/71-submit-requirements.conf
07/07/26 18:01:02    /etc/condor/condor_config.local
07/07/26 18:01:02 config Macros = 110, Sorted = 110, StringBytes = 6396, TablesBytes = 4088
07/07/26 18:01:02 CLASSAD_CACHING is ENABLED
07/07/26 18:01:02 Daemon Log is logging: D_ALWAYS D_ERROR D_STATUS
07/07/26 18:01:02 Daemoncore: Listening at <0.0.0.0:13017> on TCP (ReliSock) and UDP (SafeSock).
07/07/26 18:01:02 DaemonCore: command socket at <10.143.248.60:13017?addrs=10.143.248.60-13017&alias=conduit.hpc.uni-saarland.de>
07/07/26 18:01:02 DaemonCore: private command socket at <10.143.248.60:13017?addrs=10.143.248.60-13017&alias=conduit.hpc.uni-saarland.de>
07/07/26 18:01:02 DAGMAN_USE_STRICT setting: 1
07/07/26 18:01:02 DAGMAN_VERBOSITY setting: 3
07/07/26 18:01:02 DAGMAN_DEBUG_CACHE_SIZE setting: 5242880
07/07/26 18:01:02 DAGMAN_DEBUG_CACHE_ENABLE setting: False
07/07/26 18:01:02 DAGMAN_SUBMIT_DELAY setting: 0
07/07/26 18:01:02 DAGMAN_MAX_SUBMIT_ATTEMPTS setting: 6
07/07/26 18:01:02 DAGMAN_STARTUP_CYCLE_DETECT setting: False
07/07/26 18:01:02 DAGMAN_USE_JOIN_NODES setting: True
07/07/26 18:01:02 DAGMAN_REPORT_GRAPH_METRICS setting: False
07/07/26 18:01:02 DAGMAN_MAX_SUBMITS_PER_INTERVAL setting: 100
07/07/26 18:01:02 DAGMAN_AGGRESSIVE_SUBMIT setting: False
07/07/26 18:01:02 DAGMAN_USER_LOG_SCAN_INTERVAL setting: 5
07/07/26 18:01:02 DAGMAN_QUEUE_UPDATE_INTERVAL setting: 300.000000
07/07/26 18:01:02 DAGMAN_DEFAULT_PRIORITY setting: 0
07/07/26 18:01:02 DAGMAN_SUPPRESS_NOTIFICATION setting: False
07/07/26 18:01:02 allow_events (DAGMAN_ALLOW_EVENTS) setting: 114
07/07/26 18:01:02 DAGMAN_RETRY_SUBMIT_FIRST setting: True
07/07/26 18:01:02 DAGMAN_RETRY_NODE_FIRST setting: False
07/07/26 18:01:02 DAGMAN_MAX_JOBS_IDLE setting: 1000
07/07/26 18:01:02 DAGMAN_MAX_JOBS_SUBMITTED setting: 0
07/07/26 18:01:02 DAGMAN_MAX_PRE_SCRIPTS setting: 20
07/07/26 18:01:02 DAGMAN_MAX_POST_SCRIPTS setting: 20
07/07/26 18:01:02 DAGMAN_MAX_HOLD_SCRIPTS setting: 20
07/07/26 18:01:02 DAGMAN_MUNGE_NODE_NAMES setting: True
07/07/26 18:01:02 DAGMAN_ALLOW_ANY_NODE_NAME_CHARACTERS setting: False
07/07/26 18:01:02 DAGMAN_PROHIBIT_MULTI_JOBS setting: False
07/07/26 18:01:02 DAGMAN_SUBMIT_DEPTH_FIRST setting: False
07/07/26 18:01:02 DAGMAN_ALWAYS_RUN_POST setting: False
07/07/26 18:01:02 DAGMAN_CONDOR_SUBMIT_EXE setting: /usr/bin/condor_submit
07/07/26 18:01:02 DAGMAN_CONDOR_RM_EXE setting: /usr/bin/condor_rm
07/07/26 18:01:02 DAGMAN_USE_DIRECT_SUBMIT setting: True
07/07/26 18:01:02 DAGMAN_PRODUCE_JOB_CREDENTIALS setting: True
07/07/26 18:01:02 DAGMAN_DEFAULT_APPEND_VARS setting: False
07/07/26 18:01:02 DAGMAN_INHERIT_ATTRS_PREFIX setting: 
07/07/26 18:01:02 DAGMAN_INHERIT_ATTRS setting: 
07/07/26 18:01:02 DAGMAN_ABORT_DUPLICATES setting: True
07/07/26 18:01:02 DAGMAN_ABORT_ON_SCARY_SUBMIT setting: True
07/07/26 18:01:02 DAGMAN_PENDING_REPORT_INTERVAL setting: 600
07/07/26 18:01:02 DAGMAN_CHECK_QUEUE_INTERVAL setting: 28800
07/07/26 18:01:02 DAGMAN_PRINT_JOB_TABLE_INTERVAL setting: 900
07/07/26 18:01:02 DAGMAN_AUTO_RESCUE setting: True
07/07/26 18:01:02 DAGMAN_MAX_RESCUE_NUM setting: 100
07/07/26 18:01:02 DAGMAN_WRITE_PARTIAL_RESCUE setting: True
07/07/26 18:01:02 DAGMAN_RESET_RETRIES_UPON_RESCUE setting: True
07/07/26 18:01:02 DAGMAN_METRICS_FILE_VERSION setting: 2
07/07/26 18:01:02 DAGMAN_DEFAULT_NODE_LOG setting: @(DAG_DIR)/@(DAG_FILE).nodes.log
07/07/26 18:01:02 DAGMAN_LOG_ON_NFS_IS_ERROR setting: False
07/07/26 18:01:02 DAGMAN_GENERATE_SUBDAG_SUBMITS setting: True
07/07/26 18:01:02 DAGMAN_MAX_JOB_HOLDS setting: 100
07/07/26 18:01:02 DAGMAN_NODE_JOB_FAILURE_TOLERANCE setting: 0
07/07/26 18:01:02 DAGMAN_HOLD_CLAIM_TIME setting: 20
07/07/26 18:01:02 DAGMAN_SUPPRESS_JOB_LOGS setting: False
07/07/26 18:01:02 DAGMAN_REMOVE_NODE_JOBS setting: True
07/07/26 18:01:02 DAGMAN_PUT_FAILED_JOBS_ON_HOLD setting: False
07/07/26 18:01:02 DAGMAN_REMOVE_JOBS_AFTER_LIMIT_CHANGE setting: False
07/07/26 18:01:02 DAGMAN will adjust edges after parsing
07/07/26 18:01:02 argv[0] == "condor_scheduniv_exec.170257.0"
07/07/26 18:01:02 argv[1] == "-Lockfile"
07/07/26 18:01:02 argv[2] == "one_way_line_det_one_way_line_17_10_action_shield.dag.lock"
07/07/26 18:01:02 argv[3] == "-Dag"
07/07/26 18:01:02 argv[4] == "one_way_line_det_one_way_line_17_10_action_shield.dag"
07/07/26 18:01:02 argv[5] == "-CsdVersion"
07/07/26 18:01:02 argv[6] == "$CondorVersion: 24.12.19 2026-04-15 BuildID: 896241 PackageID: 24.12.19-1+deb12 GitSHA: c68f3e0e $"
07/07/26 18:01:02 argv[7] == "-dagman"
07/07/26 18:01:02 argv[8] == "/usr/bin/condor_dagman"
07/07/26 18:01:02 argv[9] == "-AutoRescue"
07/07/26 18:01:02 argv[10] == "1"
07/07/26 18:01:02 argv[11] == "-DoRescueFrom"
07/07/26 18:01:02 argv[12] == "0"
07/07/26 18:01:02 Can't open directory "/etc/condor/passwords.d" as PRIV_ROOT, errno: 13 (Permission denied)
07/07/26 18:01:02 Can't open directory "/etc/condor/passwords.d" as PRIV_ROOT, errno: 13 (Permission denied)
07/07/26 18:01:05 Workflow batch-id: <170257.0>
07/07/26 18:01:05 Workflow batch-name: <one_way_line_det_one_way_line_17_10_action_shield.dag+170257>
07/07/26 18:01:05 Workflow accounting_group: <teaching>
07/07/26 18:01:05 Workflow accounting_group_user: <atml_team041>
07/07/26 18:01:05 Warning: failed to get attribute DAGNodeName
07/07/26 18:01:05 Default node log file is: </home/atml_team041/condor_tutorial/jani_env/experiments/repair_wo_domain/submissions/action_shield/one_way_line_det/./one_way_line_det_one_way_line_17_10_action_shield.dag.nodes.log>
07/07/26 18:01:05 DAG Lockfile will be written to one_way_line_det_one_way_line_17_10_action_shield.dag.lock
07/07/26 18:01:05 DAG Input file is one_way_line_det_one_way_line_17_10_action_shield.dag
07/07/26 18:01:05 Parsing 1 dagfiles
07/07/26 18:01:05 Parsing one_way_line_det_one_way_line_17_10_action_shield.dag ...
07/07/26 18:01:05 Adjusting edges
07/07/26 18:01:05 Dag contains 5 total nodes
07/07/26 18:01:05 Lock file one_way_line_det_one_way_line_17_10_action_shield.dag.lock detected,
07/07/26 18:01:05 Duplicate DAGMan PID 42711 is no longer alive; this DAGMan should continue.
07/07/26 18:01:05 Bootstrapping...
07/07/26 18:01:05 Number of pre-completed nodes: 0
07/07/26 18:01:05 Running in RECOVERY mode... >>>>>>>>>>>>>>>>>>>>>>>>>>>>>>
07/07/26 18:01:05 Currently monitoring 1 HTCondor log file(s)
07/07/26 18:01:05 Event: ULOG_SUBMIT for HTCondor Node COLLECT (170266.0.0) {07/06/26 18:25:15} [recovery mode]
07/07/26 18:01:05 Number of idle job procs: 1
07/07/26 18:01:05 Reassigning the id of job COLLECT from (170266.0.0) to (170266.1.0)
07/07/26 18:01:05 Event: ULOG_SUBMIT for HTCondor Node COLLECT (170266.1.0) {07/06/26 18:25:15} [recovery mode]
07/07/26 18:01:05 Number of idle job procs: 2
07/07/26 18:01:05 Reassigning the id of job COLLECT from (170266.1.0) to (170266.10.0)
07/07/26 18:01:05 Event: ULOG_SUBMIT for HTCondor Node COLLECT (170266.10.0) {07/06/26 18:25:15} [recovery mode]
07/07/26 18:01:05 Number of idle job procs: 3
07/07/26 18:01:05 Reassigning the id of job COLLECT from (170266.10.0) to (170266.11.0)
07/07/26 18:01:05 Event: ULOG_SUBMIT for HTCondor Node COLLECT (170266.11.0) {07/06/26 18:25:15} [recovery mode]
07/07/26 18:01:05 Number of idle job procs: 4
07/07/26 18:01:05 Reassigning the id of job COLLECT from (170266.11.0) to (170266.12.0)
07/07/26 18:01:05 Event: ULOG_SUBMIT for HTCondor Node COLLECT (170266.12.0) {07/06/26 18:25:15} [recovery mode]
07/07/26 18:01:05 Number of idle job procs: 5
07/07/26 18:01:05 Reassigning the id of job COLLECT from (170266.12.0) to (170266.13.0)
07/07/26 18:01:05 Event: ULOG_SUBMIT for HTCondor Node COLLECT (170266.13.0) {07/06/26 18:25:15} [recovery mode]
07/07/26 18:01:05 Number of idle job procs: 6
07/07/26 18:01:05 Reassigning the id of job COLLECT from (170266.13.0) to (170266.14.0)
07/07/26 18:01:05 Event: ULOG_SUBMIT for HTCondor Node COLLECT (170266.14.0) {07/06/26 18:25:15} [recovery mode]
07/07/26 18:01:05 Number of idle job procs: 7
07/07/26 18:01:05 Reassigning the id of job COLLECT from (170266.14.0) to (170266.15.0)
07/07/26 18:01:05 Event: ULOG_SUBMIT for HTCondor Node COLLECT (170266.15.0) {07/06/26 18:25:15} [recovery mode]
07/07/26 18:01:05 Number of idle job procs: 8
07/07/26 18:01:05 Reassigning the id of job COLLECT from (170266.15.0) to (170266.16.0)
07/07/26 18:01:05 Event: ULOG_SUBMIT for HTCondor Node COLLECT (170266.16.0) {07/06/26 18:25:15} [recovery mode]
07/07/26 18:01:05 Number of idle job procs: 9
07/07/26 18:01:05 Reassigning the id of job COLLECT from (170266.16.0) to (170266.17.0)
07/07/26 18:01:05 Event: ULOG_SUBMIT for HTCondor Node COLLECT (170266.17.0) {07/06/26 18:25:15} [recovery mode]
07/07/26 18:01:05 Number of idle job procs: 10
07/07/26 18:01:05 Reassigning the id of job COLLECT from (170266.17.0) to (170266.18.0)
07/07/26 18:01:05 Event: ULOG_SUBMIT for HTCondor Node COLLECT (170266.18.0) {07/06/26 18:25:15} [recovery mode]
07/07/26 18:01:05 Number of idle job procs: 11
07/07/26 18:01:05 Reassigning the id of job COLLECT from (170266.18.0) to (170266.19.0)
07/07/26 18:01:05 Event: ULOG_SUBMIT for HTCondor Node COLLECT (170266.19.0) {07/06/26 18:25:15} [recovery mode]
07/07/26 18:01:05 Number of idle job procs: 12
07/07/26 18:01:05 Reassigning the id of job COLLECT from (170266.19.0) to (170266.2.0)
07/07/26 18:01:05 Event: ULOG_SUBMIT for HTCondor Node COLLECT (170266.2.0) {07/06/26 18:25:15} [recovery mode]
07/07/26 18:01:05 Number of idle job procs: 13
07/07/26 18:01:05 Reassigning the id of job COLLECT from (170266.2.0) to (170266.20.0)
07/07/26 18:01:05 Event: ULOG_SUBMIT for HTCondor Node COLLECT (170266.20.0) {07/06/26 18:25:15} [recovery mode]
07/07/26 18:01:05 Number of idle job procs: 14
07/07/26 18:01:05 Reassigning the id of job COLLECT from (170266.20.0) to (170266.21.0)
07/07/26 18:01:05 Event: ULOG_SUBMIT for HTCondor Node COLLECT (170266.21.0) {07/06/26 18:25:15} [recovery mode]
07/07/26 18:01:05 Number of idle job procs: 15
07/07/26 18:01:05 Reassigning the id of job COLLECT from (170266.21.0) to (170266.22.0)
07/07/26 18:01:05 Event: ULOG_SUBMIT for HTCondor Node COLLECT (170266.22.0) {07/06/26 18:25:15} [recovery mode]
07/07/26 18:01:05 Number of idle job procs: 16
07/07/26 18:01:05 Reassigning the id of job COLLECT from (170266.22.0) to (170266.23.0)
07/07/26 18:01:05 Event: ULOG_SUBMIT for HTCondor Node COLLECT (170266.23.0) {07/06/26 18:25:15} [recovery mode]
07/07/26 18:01:05 Number of idle job procs: 17
07/07/26 18:01:05 Reassigning the id of job COLLECT from (170266.23.0) to (170266.24.0)
07/07/26 18:01:05 Event: ULOG_SUBMIT for HTCondor Node COLLECT (170266.24.0) {07/06/26 18:25:15} [recovery mode]
07/07/26 18:01:05 Number of idle job procs: 18
07/07/26 18:01:05 Reassigning the id of job COLLECT from (170266.24.0) to (170266.25.0)
07/07/26 18:01:05 Event: ULOG_SUBMIT for HTCondor Node COLLECT (170266.25.0) {07/06/26 18:25:15} [recovery mode]
07/07/26 18:01:05 Number of idle job procs: 19
07/07/26 18:01:05 Reassigning the id of job COLLECT from (170266.25.0) to (170266.26.0)
07/07/26 18:01:05 Event: ULOG_SUBMIT for HTCondor Node COLLECT (170266.26.0) {07/06/26 18:25:15} [recovery mode]
07/07/26 18:01:05 Number of idle job procs: 20
07/07/26 18:01:05 Reassigning the id of job COLLECT from (170266.26.0) to (170266.27.0)
07/07/26 18:01:05 Event: ULOG_SUBMIT for HTCondor Node COLLECT (170266.27.0) {07/06/26 18:25:15} [recovery mode]
07/07/26 18:01:05 Number of idle job procs: 21
07/07/26 18:01:05 Reassigning the id of job COLLECT from (170266.27.0) to (170266.28.0)
07/07/26 18:01:05 Event: ULOG_SUBMIT for HTCondor Node COLLECT (170266.28.0) {07/06/26 18:25:15} [recovery mode]
07/07/26 18:01:05 Number of idle job procs: 22
07/07/26 18:01:05 Reassigning the id of job COLLECT from (170266.28.0) to (170266.29.0)
07/07/26 18:01:05 Event: ULOG_SUBMIT for HTCondor Node COLLECT (170266.29.0) {07/06/26 18:25:15} [recovery mode]
07/07/26 18:01:05 Number of idle job procs: 23
07/07/26 18:01:05 Reassigning the id of job COLLECT from (170266.29.0) to (170266.3.0)
07/07/26 18:01:05 Event: ULOG_SUBMIT for HTCondor Node COLLECT (170266.3.0) {07/06/26 18:25:15} [recovery mode]
07/07/26 18:01:05 Number of idle job procs: 24
07/07/26 18:01:05 Reassigning the id of job COLLECT from (170266.3.0) to (170266.30.0)
07/07/26 18:01:05 Event: ULOG_SUBMIT for HTCondor Node COLLECT (170266.30.0) {07/06/26 18:25:15} [recovery mode]
07/07/26 18:01:05 Number of idle job procs: 25
07/07/26 18:01:05 Reassigning the id of job COLLECT from (170266.30.0) to (170266.31.0)
07/07/26 18:01:05 Event: ULOG_SUBMIT for HTCondor Node COLLECT (170266.31.0) {07/06/26 18:25:15} [recovery mode]
07/07/26 18:01:05 Number of idle job procs: 26
07/07/26 18:01:05 Reassigning the id of job COLLECT from (170266.31.0) to (170266.32.0)
07/07/26 18:01:05 Event: ULOG_SUBMIT for HTCondor Node COLLECT (170266.32.0) {07/06/26 18:25:15} [recovery mode]
07/07/26 18:01:05 Number of idle job procs: 27
07/07/26 18:01:05 Reassigning the id of job COLLECT from (170266.32.0) to (170266.33.0)
07/07/26 18:01:05 Event: ULOG_SUBMIT for HTCondor Node COLLECT (170266.33.0) {07/06/26 18:25:15} [recovery mode]
07/07/26 18:01:05 Number of idle job procs: 28
07/07/26 18:01:05 Reassigning the id of job COLLECT from (170266.33.0) to (170266.34.0)
07/07/26 18:01:05 Event: ULOG_SUBMIT for HTCondor Node COLLECT (170266.34.0) {07/06/26 18:25:15} [recovery mode]
07/07/26 18:01:05 Number of idle job procs: 29
07/07/26 18:01:05 Reassigning the id of job COLLECT from (170266.34.0) to (170266.35.0)
07/07/26 18:01:05 Event: ULOG_SUBMIT for HTCondor Node COLLECT (170266.35.0) {07/06/26 18:25:15} [recovery mode]
07/07/26 18:01:05 Number of idle job procs: 30
07/07/26 18:01:05 Reassigning the id of job COLLECT from (170266.35.0) to (170266.36.0)
07/07/26 18:01:05 Event: ULOG_SUBMIT for HTCondor Node COLLECT (170266.36.0) {07/06/26 18:25:15} [recovery mode]
07/07/26 18:01:05 Number of idle job procs: 31
07/07/26 18:01:05 Reassigning the id of job COLLECT from (170266.36.0) to (170266.37.0)
07/07/26 18:01:05 Event: ULOG_SUBMIT for HTCondor Node COLLECT (170266.37.0) {07/06/26 18:25:15} [recovery mode]
07/07/26 18:01:05 Number of idle job procs: 32
07/07/26 18:01:05 Reassigning the id of job COLLECT from (170266.37.0) to (170266.38.0)
07/07/26 18:01:05 Event: ULOG_SUBMIT for HTCondor Node COLLECT (170266.38.0) {07/06/26 18:25:15} [recovery mode]
07/07/26 18:01:05 Number of idle job procs: 33
07/07/26 18:01:05 Reassigning the id of job COLLECT from (170266.38.0) to (170266.39.0)
07/07/26 18:01:05 Event: ULOG_SUBMIT for HTCondor Node COLLECT (170266.39.0) {07/06/26 18:25:15} [recovery mode]
07/07/26 18:01:05 Number of idle job procs: 34
07/07/26 18:01:05 Reassigning the id of job COLLECT from (170266.39.0) to (170266.4.0)
07/07/26 18:01:05 Event: ULOG_SUBMIT for HTCondor Node COLLECT (170266.4.0) {07/06/26 18:25:15} [recovery mode]
07/07/26 18:01:05 Number of idle job procs: 35
07/07/26 18:01:05 Reassigning the id of job COLLECT from (170266.4.0) to (170266.5.0)
07/07/26 18:01:05 Event: ULOG_SUBMIT for HTCondor Node COLLECT (170266.5.0) {07/06/26 18:25:15} [recovery mode]
07/07/26 18:01:05 Number of idle job procs: 36
07/07/26 18:01:05 Reassigning the id of job COLLECT from (170266.5.0) to (170266.6.0)
07/07/26 18:01:05 Event: ULOG_SUBMIT for HTCondor Node COLLECT (170266.6.0) {07/06/26 18:25:15} [recovery mode]
07/07/26 18:01:05 Number of idle job procs: 37
07/07/26 18:01:05 Reassigning the id of job COLLECT from (170266.6.0) to (170266.7.0)
07/07/26 18:01:05 Event: ULOG_SUBMIT for HTCondor Node COLLECT (170266.7.0) {07/06/26 18:25:15} [recovery mode]
07/07/26 18:01:05 Number of idle job procs: 38
07/07/26 18:01:05 Reassigning the id of job COLLECT from (170266.7.0) to (170266.8.0)
07/07/26 18:01:05 Event: ULOG_SUBMIT for HTCondor Node COLLECT (170266.8.0) {07/06/26 18:25:15} [recovery mode]
07/07/26 18:01:05 Number of idle job procs: 39
07/07/26 18:01:05 Reassigning the id of job COLLECT from (170266.8.0) to (170266.9.0)
07/07/26 18:01:05 Event: ULOG_SUBMIT for HTCondor Node COLLECT (170266.9.0) {07/06/26 18:25:15} [recovery mode]
07/07/26 18:01:05 Number of idle job procs: 40
07/07/26 18:01:05 Event: ULOG_EXECUTE for HTCondor Node COLLECT (170266.0.0) {07/07/26 03:21:29} [recovery mode]
07/07/26 18:01:05 Number of idle job procs: 39
07/07/26 18:01:05 Event: ULOG_EXECUTE for HTCondor Node COLLECT (170266.1.0) {07/07/26 03:21:43} [recovery mode]
07/07/26 18:01:05 Number of idle job procs: 38
07/07/26 18:01:05 Event: ULOG_EXECUTE for HTCondor Node COLLECT (170266.2.0) {07/07/26 03:21:46} [recovery mode]
07/07/26 18:01:05 Number of idle job procs: 37
07/07/26 18:01:05 Event: ULOG_EXECUTE for HTCondor Node COLLECT (170266.3.0) {07/07/26 03:22:42} [recovery mode]
07/07/26 18:01:05 Number of idle job procs: 36
07/07/26 18:01:05 Event: ULOG_EXECUTE for HTCondor Node COLLECT (170266.4.0) {07/07/26 03:22:42} [recovery mode]
07/07/26 18:01:05 Number of idle job procs: 35
07/07/26 18:01:05 Event: ULOG_EXECUTE for HTCondor Node COLLECT (170266.5.0) {07/07/26 03:23:01} [recovery mode]
07/07/26 18:01:05 Number of idle job procs: 34
07/07/26 18:01:05 Event: ULOG_EXECUTE for HTCondor Node COLLECT (170266.6.0) {07/07/26 03:24:43} [recovery mode]
07/07/26 18:01:05 Number of idle job procs: 33
07/07/26 18:01:05 Event: ULOG_EXECUTE for HTCondor Node COLLECT (170266.7.0) {07/07/26 03:24:43} [recovery mode]
07/07/26 18:01:05 Number of idle job procs: 32
07/07/26 18:01:05 Event: ULOG_EXECUTE for HTCondor Node COLLECT (170266.8.0) {07/07/26 03:24:46} [recovery mode]
07/07/26 18:01:05 Number of idle job procs: 31
07/07/26 18:01:05 Event: ULOG_EXECUTE for HTCondor Node COLLECT (170266.9.0) {07/07/26 03:25:43} [recovery mode]
07/07/26 18:01:05 Number of idle job procs: 30
07/07/26 18:01:05 Event: ULOG_EXECUTE for HTCondor Node COLLECT (170266.12.0) {07/07/26 03:26:42} [recovery mode]
07/07/26 18:01:05 Number of idle job procs: 29
07/07/26 18:01:05 Event: ULOG_EXECUTE for HTCondor Node COLLECT (170266.10.0) {07/07/26 03:26:42} [recovery mode]
07/07/26 18:01:05 Number of idle job procs: 28
07/07/26 18:01:05 Event: ULOG_EXECUTE for HTCondor Node COLLECT (170266.11.0) {07/07/26 03:26:42} [recovery mode]
07/07/26 18:01:05 Number of idle job procs: 27
07/07/26 18:01:05 Event: ULOG_EXECUTE for HTCondor Node COLLECT (170266.13.0) {07/07/26 03:27:36} [recovery mode]
07/07/26 18:01:05 Number of idle job procs: 26
07/07/26 18:01:05 Event: ULOG_EXECUTE for HTCondor Node COLLECT (170266.14.0) {07/07/26 03:28:36} [recovery mode]
07/07/26 18:01:05 Number of idle job procs: 25
07/07/26 18:01:05 Event: ULOG_EXECUTE for HTCondor Node COLLECT (170266.15.0) {07/07/26 03:29:23} [recovery mode]
07/07/26 18:01:05 Number of idle job procs: 24
07/07/26 18:01:05 Event: ULOG_EXECUTE for HTCondor Node COLLECT (170266.17.0) {07/07/26 03:29:30} [recovery mode]
07/07/26 18:01:05 Number of idle job procs: 23
07/07/26 18:01:05 Event: ULOG_EXECUTE for HTCondor Node COLLECT (170266.16.0) {07/07/26 03:29:31} [recovery mode]
07/07/26 18:01:05 Number of idle job procs: 22
07/07/26 18:01:05 Event: ULOG_EXECUTE for HTCondor Node COLLECT (170266.18.0) {07/07/26 03:30:31} [recovery mode]
07/07/26 18:01:05 Number of idle job procs: 21
07/07/26 18:01:05 Event: ULOG_EXECUTE for HTCondor Node COLLECT (170266.19.0) {07/07/26 03:31:31} [recovery mode]
07/07/26 18:01:05 Number of idle job procs: 20
07/07/26 18:01:05 Event: ULOG_EXECUTE for HTCondor Node COLLECT (170266.20.0) {07/07/26 03:31:31} [recovery mode]
07/07/26 18:01:05 Number of idle job procs: 19
07/07/26 18:01:05 Event: ULOG_EXECUTE for HTCondor Node COLLECT (170266.23.0) {07/07/26 03:32:30} [recovery mode]
07/07/26 18:01:05 Number of idle job procs: 18
07/07/26 18:01:05 Event: ULOG_EXECUTE for HTCondor Node COLLECT (170266.21.0) {07/07/26 03:32:30} [recovery mode]
07/07/26 18:01:05 Number of idle job procs: 17
07/07/26 18:01:05 Event: ULOG_EXECUTE for HTCondor Node COLLECT (170266.22.0) {07/07/26 03:32:30} [recovery mode]
07/07/26 18:01:05 Number of idle job procs: 16
07/07/26 18:01:05 Event: ULOG_JOB_TERMINATED for HTCondor Node COLLECT (170266.1.0) {07/07/26 03:34:04} [recovery mode]
07/07/26 18:01:05 Number of idle job procs: 16
07/07/26 18:01:05 Node COLLECT job proc (170266.1.0) completed successfully.
07/07/26 18:01:05 Event: ULOG_EXECUTE for HTCondor Node COLLECT (170266.24.0) {07/07/26 03:34:06} [recovery mode]
07/07/26 18:01:05 Number of idle job procs: 15
07/07/26 18:01:05 Event: ULOG_JOB_TERMINATED for HTCondor Node COLLECT (170266.0.0) {07/07/26 03:35:21} [recovery mode]
07/07/26 18:01:05 Number of idle job procs: 15
07/07/26 18:01:05 Node COLLECT job proc (170266.0.0) completed successfully.
07/07/26 18:01:05 Event: ULOG_EXECUTE for HTCondor Node COLLECT (170266.25.0) {07/07/26 03:35:31} [recovery mode]
07/07/26 18:01:05 Number of idle job procs: 14
07/07/26 18:01:05 Event: ULOG_JOB_TERMINATED for HTCondor Node COLLECT (170266.2.0) {07/07/26 03:35:39} [recovery mode]
07/07/26 18:01:06 Number of idle job procs: 14
07/07/26 18:01:06 Node COLLECT job proc (170266.2.0) completed successfully.
07/07/26 18:01:06 Event: ULOG_JOB_TERMINATED for HTCondor Node COLLECT (170266.5.0) {07/07/26 03:36:05} [recovery mode]
07/07/26 18:01:06 Number of idle job procs: 14
07/07/26 18:01:06 Node COLLECT job proc (170266.5.0) completed successfully.
07/07/26 18:01:06 Event: ULOG_EXECUTE for HTCondor Node COLLECT (170266.27.0) {07/07/26 03:36:30} [recovery mode]
07/07/26 18:01:06 Number of idle job procs: 13
07/07/26 18:01:06 Event: ULOG_EXECUTE for HTCondor Node COLLECT (170266.26.0) {07/07/26 03:36:30} [recovery mode]
07/07/26 18:01:06 Number of idle job procs: 12
07/07/26 18:01:06 Event: ULOG_JOB_TERMINATED for HTCondor Node COLLECT (170266.6.0) {07/07/26 03:37:29} [recovery mode]
07/07/26 18:01:06 Number of idle job procs: 12
07/07/26 18:01:06 Node COLLECT job proc (170266.6.0) completed successfully.
07/07/26 18:01:06 Event: ULOG_EXECUTE for HTCondor Node COLLECT (170266.28.0) {07/07/26 03:37:30} [recovery mode]
07/07/26 18:01:06 Number of idle job procs: 11
07/07/26 18:01:06 Event: ULOG_JOB_TERMINATED for HTCondor Node COLLECT (170266.7.0) {07/07/26 03:37:53} [recovery mode]
07/07/26 18:01:06 Number of idle job procs: 11
07/07/26 18:01:06 Node COLLECT job proc (170266.7.0) completed successfully.
07/07/26 18:01:06 Event: ULOG_EXECUTE for HTCondor Node COLLECT (170266.29.0) {07/07/26 03:37:54} [recovery mode]
07/07/26 18:01:06 Number of idle job procs: 10
07/07/26 18:01:06 Event: ULOG_JOB_TERMINATED for HTCondor Node COLLECT (170266.8.0) {07/07/26 03:38:12} [recovery mode]
07/07/26 18:01:06 Number of idle job procs: 10
07/07/26 18:01:06 Node COLLECT job proc (170266.8.0) completed successfully.
07/07/26 18:01:06 Event: ULOG_EXECUTE for HTCondor Node COLLECT (170266.30.0) {07/07/26 03:38:31} [recovery mode]
07/07/26 18:01:06 Number of idle job procs: 9
07/07/26 18:01:06 Event: ULOG_JOB_TERMINATED for HTCondor Node COLLECT (170266.9.0) {07/07/26 03:39:03} [recovery mode]
07/07/26 18:01:06 Number of idle job procs: 9
07/07/26 18:01:06 Node COLLECT job proc (170266.9.0) completed successfully.
07/07/26 18:01:06 Event: ULOG_EXECUTE for HTCondor Node COLLECT (170266.31.0) {07/07/26 03:39:05} [recovery mode]
07/07/26 18:01:06 Number of idle job procs: 8
07/07/26 18:01:06 Event: ULOG_JOB_TERMINATED for HTCondor Node COLLECT (170266.12.0) {07/07/26 03:39:27} [recovery mode]
07/07/26 18:01:06 Number of idle job procs: 8
07/07/26 18:01:06 Node COLLECT job proc (170266.12.0) completed successfully.
07/07/26 18:01:06 Event: ULOG_EXECUTE for HTCondor Node COLLECT (170266.32.0) {07/07/26 03:39:28} [recovery mode]
07/07/26 18:01:06 Number of idle job procs: 7
07/07/26 18:01:06 Event: ULOG_JOB_TERMINATED for HTCondor Node COLLECT (170266.10.0) {07/07/26 03:39:43} [recovery mode]
07/07/26 18:01:06 Number of idle job procs: 7
07/07/26 18:01:06 Node COLLECT job proc (170266.10.0) completed successfully.
07/07/26 18:01:06 Event: ULOG_EXECUTE for HTCondor Node COLLECT (170266.33.0) {07/07/26 03:39:44} [recovery mode]
07/07/26 18:01:06 Number of idle job procs: 6
07/07/26 18:01:06 Event: ULOG_JOB_TERMINATED for HTCondor Node COLLECT (170266.11.0) {07/07/26 03:40:27} [recovery mode]
07/07/26 18:01:06 Number of idle job procs: 6
07/07/26 18:01:06 Node COLLECT job proc (170266.11.0) completed successfully.
07/07/26 18:01:06 Event: ULOG_EXECUTE for HTCondor Node COLLECT (170266.34.0) {07/07/26 03:40:28} [recovery mode]
07/07/26 18:01:06 Number of idle job procs: 5
07/07/26 18:01:06 Event: ULOG_JOB_TERMINATED for HTCondor Node COLLECT (170266.13.0) {07/07/26 03:40:59} [recovery mode]
07/07/26 18:01:06 Number of idle job procs: 5
07/07/26 18:01:06 Node COLLECT job proc (170266.13.0) completed successfully.
07/07/26 18:01:06 Event: ULOG_JOB_TERMINATED for HTCondor Node COLLECT (170266.17.0) {07/07/26 03:41:13} [recovery mode]
07/07/26 18:01:06 Number of idle job procs: 5
07/07/26 18:01:06 Node COLLECT job proc (170266.17.0) completed successfully.
07/07/26 18:01:06 Event: ULOG_EXECUTE for HTCondor Node COLLECT (170266.35.0) {07/07/26 03:41:15} [recovery mode]
07/07/26 18:01:06 Number of idle job procs: 4
07/07/26 18:01:06 Event: ULOG_JOB_TERMINATED for HTCondor Node COLLECT (170266.4.0) {07/07/26 03:41:28} [recovery mode]
07/07/26 18:01:06 Number of idle job procs: 4
07/07/26 18:01:06 Node COLLECT job proc (170266.4.0) completed successfully.
07/07/26 18:01:06 Event: ULOG_EXECUTE for HTCondor Node COLLECT (170266.36.0) {07/07/26 03:41:29} [recovery mode]
07/07/26 18:01:06 Number of idle job procs: 3
07/07/26 18:01:06 Event: ULOG_EXECUTE for HTCondor Node COLLECT (170266.37.0) {07/07/26 03:41:30} [recovery mode]
07/07/26 18:01:06 Number of idle job procs: 2
07/07/26 18:01:06 Event: ULOG_JOB_TERMINATED for HTCondor Node COLLECT (170266.14.0) {07/07/26 03:41:35} [recovery mode]
07/07/26 18:01:06 Number of idle job procs: 2
07/07/26 18:01:06 Node COLLECT job proc (170266.14.0) completed successfully.
07/07/26 18:01:06 Event: ULOG_EXECUTE for HTCondor Node COLLECT (170266.38.0) {07/07/26 03:41:36} [recovery mode]
07/07/26 18:01:06 Number of idle job procs: 1
07/07/26 18:01:06 Event: ULOG_JOB_TERMINATED for HTCondor Node COLLECT (170266.3.0) {07/07/26 03:41:57} [recovery mode]
07/07/26 18:01:06 Number of idle job procs: 1
07/07/26 18:01:06 Node COLLECT job proc (170266.3.0) completed successfully.
07/07/26 18:01:06 Event: ULOG_EXECUTE for HTCondor Node COLLECT (170266.39.0) {07/07/26 03:41:58} [recovery mode]
07/07/26 18:01:06 Number of idle job procs: 0
07/07/26 18:01:06 Event: ULOG_JOB_TERMINATED for HTCondor Node COLLECT (170266.15.0) {07/07/26 03:42:11} [recovery mode]
07/07/26 18:01:06 Number of idle job procs: 0
07/07/26 18:01:06 Node COLLECT job proc (170266.15.0) completed successfully.
07/07/26 18:01:06 Event: ULOG_JOB_TERMINATED for HTCondor Node COLLECT (170266.16.0) {07/07/26 03:42:37} [recovery mode]
07/07/26 18:01:06 Number of idle job procs: 0
07/07/26 18:01:06 Node COLLECT job proc (170266.16.0) completed successfully.
07/07/26 18:01:06 Event: ULOG_JOB_TERMINATED for HTCondor Node COLLECT (170266.18.0) {07/07/26 03:43:36} [recovery mode]
07/07/26 18:01:06 Number of idle job procs: 0
07/07/26 18:01:06 Node COLLECT job proc (170266.18.0) completed successfully.
07/07/26 18:01:06 Event: ULOG_JOB_TERMINATED for HTCondor Node COLLECT (170266.19.0) {07/07/26 03:44:39} [recovery mode]
07/07/26 18:01:06 Number of idle job procs: 0
07/07/26 18:01:06 Node COLLECT job proc (170266.19.0) completed successfully.
07/07/26 18:01:06 Event: ULOG_JOB_TERMINATED for HTCondor Node COLLECT (170266.20.0) {07/07/26 03:44:55} [recovery mode]
07/07/26 18:01:06 Number of idle job procs: 0
07/07/26 18:01:06 Node COLLECT job proc (170266.20.0) completed successfully.
07/07/26 18:01:06 Event: ULOG_JOB_TERMINATED for HTCondor Node COLLECT (170266.23.0) {07/07/26 03:45:15} [recovery mode]
07/07/26 18:01:06 Number of idle job procs: 0
07/07/26 18:01:06 Node COLLECT job proc (170266.23.0) completed successfully.
07/07/26 18:01:06 Event: ULOG_JOB_TERMINATED for HTCondor Node COLLECT (170266.22.0) {07/07/26 03:46:46} [recovery mode]
07/07/26 18:01:06 Number of idle job procs: 0
07/07/26 18:01:06 Node COLLECT job proc (170266.22.0) completed successfully.
07/07/26 18:01:06 Event: ULOG_JOB_TERMINATED for HTCondor Node COLLECT (170266.21.0) {07/07/26 03:47:10} [recovery mode]
07/07/26 18:01:06 Number of idle job procs: 0
07/07/26 18:01:06 Node COLLECT job proc (170266.21.0) completed successfully.
07/07/26 18:01:06 Event: ULOG_JOB_TERMINATED for HTCondor Node COLLECT (170266.24.0) {07/07/26 03:47:19} [recovery mode]
07/07/26 18:01:06 Number of idle job procs: 0
07/07/26 18:01:06 Node COLLECT job proc (170266.24.0) completed successfully.
07/07/26 18:01:06 Event: ULOG_JOB_TERMINATED for HTCondor Node COLLECT (170266.27.0) {07/07/26 03:48:31} [recovery mode]
07/07/26 18:01:06 Number of idle job procs: 0
07/07/26 18:01:06 Node COLLECT job proc (170266.27.0) completed successfully.
07/07/26 18:01:06 Event: ULOG_JOB_TERMINATED for HTCondor Node COLLECT (170266.25.0) {07/07/26 03:48:37} [recovery mode]
07/07/26 18:01:06 Number of idle job procs: 0
07/07/26 18:01:06 Node COLLECT job proc (170266.25.0) completed successfully.
07/07/26 18:01:06 Event: ULOG_JOB_TERMINATED for HTCondor Node COLLECT (170266.26.0) {07/07/26 03:49:47} [recovery mode]
07/07/26 18:01:06 Number of idle job procs: 0
07/07/26 18:01:06 Node COLLECT job proc (170266.26.0) completed successfully.
07/07/26 18:01:06 Event: ULOG_JOB_TERMINATED for HTCondor Node COLLECT (170266.28.0) {07/07/26 03:50:36} [recovery mode]
07/07/26 18:01:06 Number of idle job procs: 0
07/07/26 18:01:06 Node COLLECT job proc (170266.28.0) completed successfully.
07/07/26 18:01:06 Event: ULOG_JOB_TERMINATED for HTCondor Node COLLECT (170266.31.0) {07/07/26 03:51:01} [recovery mode]
07/07/26 18:01:06 Number of idle job procs: 0
07/07/26 18:01:06 Node COLLECT job proc (170266.31.0) completed successfully.
07/07/26 18:01:06 Event: ULOG_JOB_TERMINATED for HTCondor Node COLLECT (170266.29.0) {07/07/26 03:51:03} [recovery mode]
07/07/26 18:01:06 Number of idle job procs: 0
07/07/26 18:01:06 Node COLLECT job proc (170266.29.0) completed successfully.
07/07/26 18:01:06 Event: ULOG_JOB_TERMINATED for HTCondor Node COLLECT (170266.32.0) {07/07/26 03:51:48} [recovery mode]
07/07/26 18:01:06 Number of idle job procs: 0
07/07/26 18:01:06 Node COLLECT job proc (170266.32.0) completed successfully.
07/07/26 18:01:06 Event: ULOG_JOB_TERMINATED for HTCondor Node COLLECT (170266.30.0) {07/07/26 03:52:15} [recovery mode]
07/07/26 18:01:06 Number of idle job procs: 0
07/07/26 18:01:06 Node COLLECT job proc (170266.30.0) completed successfully.
07/07/26 18:01:06 Event: ULOG_JOB_TERMINATED for HTCondor Node COLLECT (170266.33.0) {07/07/26 03:52:30} [recovery mode]
07/07/26 18:01:06 Number of idle job procs: 0
07/07/26 18:01:06 Node COLLECT job proc (170266.33.0) completed successfully.
07/07/26 18:01:06 Event: ULOG_JOB_TERMINATED for HTCondor Node COLLECT (170266.35.0) {07/07/26 03:52:40} [recovery mode]
07/07/26 18:01:06 Number of idle job procs: 0
07/07/26 18:01:06 Node COLLECT job proc (170266.35.0) completed successfully.
07/07/26 18:01:06 Event: ULOG_JOB_TERMINATED for HTCondor Node COLLECT (170266.38.0) {07/07/26 03:53:15} [recovery mode]
07/07/26 18:01:06 Number of idle job procs: 0
07/07/26 18:01:06 Node COLLECT job proc (170266.38.0) completed successfully.
07/07/26 18:01:06 Event: ULOG_JOB_TERMINATED for HTCondor Node COLLECT (170266.34.0) {07/07/26 03:53:48} [recovery mode]
07/07/26 18:01:06 Number of idle job procs: 0
07/07/26 18:01:06 Node COLLECT job proc (170266.34.0) completed successfully.
07/07/26 18:01:06 Event: ULOG_JOB_TERMINATED for HTCondor Node COLLECT (170266.39.0) {07/07/26 03:55:01} [recovery mode]
07/07/26 18:01:06 Number of idle job procs: 0
07/07/26 18:01:06 Node COLLECT job proc (170266.39.0) completed successfully.
07/07/26 18:01:06 Event: ULOG_JOB_TERMINATED for HTCondor Node COLLECT (170266.37.0) {07/07/26 03:55:03} [recovery mode]
07/07/26 18:01:06 Number of idle job procs: 0
07/07/26 18:01:06 Node COLLECT job proc (170266.37.0) completed successfully.
07/07/26 18:01:06 Event: ULOG_JOB_TERMINATED for HTCondor Node COLLECT (170266.36.0) {07/07/26 03:55:10} [recovery mode]
07/07/26 18:01:06 Number of idle job procs: 0
07/07/26 18:01:06 Node COLLECT job proc (170266.36.0) completed successfully.
07/07/26 18:01:06 Node COLLECT job(s) have exited the queue
07/07/26 18:01:06 Event: ULOG_SUBMIT for HTCondor Node MERGE_COLLECTION (170313.0.0) {07/07/26 03:55:16} [recovery mode]
07/07/26 18:01:06 Number of idle job procs: 1
07/07/26 18:01:06     ------------------------------
07/07/26 18:01:06        HTCondor Recovery Complete
07/07/26 18:01:06     ------------------------------
07/07/26 18:01:06 ...done with RECOVERY mode <<<<<<<<<<<<<<<<<<<<<<<<<<<<<<
07/07/26 18:01:06 1 nodes claim to have jobs submitted to queue. Verifying...
07/07/26 18:01:06 Querying local schedd for associated jobs in queue
07/07/26 18:01:06 All pending job states validated
07/07/26 18:01:06 DAG status: 0 (DAG_STATUS_OK)
07/07/26 18:01:06 Of 5 nodes total:
07/07/26 18:01:06  Done     Pre   Queued    Post   Ready   Un-Ready   Failed   Futile
07/07/26 18:01:06   ===     ===      ===     ===     ===        ===      ===      ===
07/07/26 18:01:06     1       0        1       0       0          3        0        0
07/07/26 18:01:06 0 job proc(s) currently held
07/07/26 18:01:06 DAGMan Runtime Statistics: [EventCycleTimeSum=0.000; SleepCycleTimeSum=0.000; SubmitCycleTimeSum=0.000; EventCycleTimeCount=0.000; SleepCycleTimeCount=0.000; SubmitCycleTimeCount=0.000; LogProcessCycleTimeSum=0.000; LogProcessCycleTimeCount=0.000; ]
07/07/26 18:01:06 DAG status: 0 (DAG_STATUS_OK)
07/07/26 18:01:06 Of 5 nodes total:
07/07/26 18:01:06  Done     Pre   Queued    Post   Ready   Un-Ready   Failed   Futile
07/07/26 18:01:06   ===     ===      ===     ===     ===        ===      ===      ===
07/07/26 18:01:06     1       0        1       0       0          3        0        0
07/07/26 18:01:06 0 job proc(s) currently held
07/07/26 18:01:06 DAGMan Runtime Statistics: [EventCycleTimeSum=0.000; SleepCycleTimeSum=0.000; SubmitCycleTimeSum=0.000; EventCycleTimeCount=0.000; SleepCycleTimeCount=0.000; SubmitCycleTimeCount=0.000; LogProcessCycleTimeSum=0.000; LogProcessCycleTimeCount=0.000; ]
07/07/26 18:01:06 Registering condor_event_timer...
07/07/26 18:01:07 Currently monitoring 1 HTCondor log file(s)
07/07/26 18:01:07 DAG status: 0 (DAG_STATUS_OK)
07/07/26 18:01:07 Of 5 nodes total:
07/07/26 18:01:07  Done     Pre   Queued    Post   Ready   Un-Ready   Failed   Futile
07/07/26 18:01:07   ===     ===      ===     ===     ===        ===      ===      ===
07/07/26 18:01:07     1       0        1       0       0          3        0        0
07/07/26 18:01:07 0 job proc(s) currently held
07/07/26 18:01:07 DAGMan Runtime Statistics: [EventCycleTimeSum=0.000; SleepCycleTimeSum=0.000; SubmitCycleTimeAvg=0.000; SubmitCycleTimeMax=0.000; SubmitCycleTimeMin=0.000; SubmitCycleTimeStd=0.000; SubmitCycleTimeSum=0.000; EventCycleTimeCount=0.000; SleepCycleTimeCount=0.000; SubmitCycleTimeCount=1.000; LogProcessCycleTimeAvg=0.001; LogProcessCycleTimeMax=0.001; LogProcessCycleTimeMin=0.001; LogProcessCycleTimeStd=0.001; LogProcessCycleTimeSum=0.001; LogProcessCycleTimeCount=1.000; ]
07/07/26 18:11:07 600 seconds since last log event
07/07/26 18:11:07 Pending DAG nodes:
07/07/26 18:11:07   Node MERGE_COLLECTION, HTCondor ID 170313, status STATUS_SUBMITTED
07/07/26 18:16:08 Total jobs placed to AP: 41
07/07/26 18:16:08      Idle     Held     Running     Successful     Failed
07/07/26 18:16:08       ===      ===         ===            ===        ===
07/07/26 18:16:08         1        0           0             40          0
07/07/26 18:21:08 1201 seconds since last log event
07/07/26 18:21:08 Pending DAG nodes:
07/07/26 18:21:08   Node MERGE_COLLECTION, HTCondor ID 170313, status STATUS_SUBMITTED
07/07/26 18:31:08 1801 seconds since last log event
07/07/26 18:31:08 Pending DAG nodes:
07/07/26 18:31:08   Node MERGE_COLLECTION, HTCondor ID 170313, status STATUS_SUBMITTED
07/07/26 18:31:08 Total jobs placed to AP: 41
07/07/26 18:31:08      Idle     Held     Running     Successful     Failed
07/07/26 18:31:08       ===      ===         ===            ===        ===
07/07/26 18:31:08         1        0           0             40          0
07/07/26 18:41:09 2402 seconds since last log event
07/07/26 18:41:09 Pending DAG nodes:
07/07/26 18:41:09   Node MERGE_COLLECTION, HTCondor ID 170313, status STATUS_SUBMITTED
07/07/26 18:46:09 Total jobs placed to AP: 41
07/07/26 18:46:09      Idle     Held     Running     Successful     Failed
07/07/26 18:46:09       ===      ===         ===            ===        ===
07/07/26 18:46:09         1        0           0             40          0
07/07/26 18:51:10 3003 seconds since last log event
07/07/26 18:51:10 Pending DAG nodes:
07/07/26 18:51:10   Node MERGE_COLLECTION, HTCondor ID 170313, status STATUS_SUBMITTED
07/07/26 19:01:10 3603 seconds since last log event
07/07/26 19:01:10 Pending DAG nodes:
07/07/26 19:01:10   Node MERGE_COLLECTION, HTCondor ID 170313, status STATUS_SUBMITTED
07/07/26 19:01:10 Total jobs placed to AP: 41
07/07/26 19:01:10      Idle     Held     Running     Successful     Failed
07/07/26 19:01:10       ===      ===         ===            ===        ===
07/07/26 19:01:10         1        0           0             40          0
07/07/26 19:04:10 Currently monitoring 1 HTCondor log file(s)
07/07/26 19:04:10 Event: ULOG_EXECUTE for HTCondor Node MERGE_COLLECTION (170313.0.0) {07/07/26 19:04:08}
07/07/26 19:04:10 Number of idle job procs: 0
07/07/26 19:05:05 Currently monitoring 1 HTCondor log file(s)
07/07/26 19:05:05 Event: ULOG_JOB_TERMINATED for HTCondor Node MERGE_COLLECTION (170313.0.0) {07/07/26 19:05:05}
07/07/26 19:05:05 Number of idle job procs: 0
07/07/26 19:05:05 Node MERGE_COLLECTION job proc (170313.0.0) completed successfully.
07/07/26 19:05:05 Node MERGE_COLLECTION job(s) have exited the queue
07/07/26 19:05:05 DAG status: 0 (DAG_STATUS_OK)
07/07/26 19:05:05 Of 5 nodes total:
07/07/26 19:05:05  Done     Pre   Queued    Post   Ready   Un-Ready   Failed   Futile
07/07/26 19:05:05   ===     ===      ===     ===     ===        ===      ===      ===
07/07/26 19:05:05     2       0        0       0       1          2        0        0
07/07/26 19:05:05 0 job proc(s) currently held
07/07/26 19:05:05 DAGMan Runtime Statistics: [EventCycleTimeAvg=0.000; EventCycleTimeMax=0.017; EventCycleTimeMin=0.000; EventCycleTimeStd=0.002; EventCycleTimeSum=0.256; SleepCycleTimeAvg=5.005; SleepCycleTimeMax=5.027; SleepCycleTimeMin=5.000; SleepCycleTimeStd=0.003; SleepCycleTimeSum=3838.461; SubmitCycleTimeAvg=0.000; SubmitCycleTimeMax=0.000; SubmitCycleTimeMin=0.000; SubmitCycleTimeStd=0.000; SubmitCycleTimeSum=0.000; EventCycleTimeCount=767.000; SleepCycleTimeCount=767.000; SubmitCycleTimeCount=768.000; LogProcessCycleTimeAvg=0.002; LogProcessCycleTimeMax=0.004; LogProcessCycleTimeMin=0.001; LogProcessCycleTimeStd=0.001; LogProcessCycleTimeSum=0.007; LogProcessCycleTimeCount=3.000; ]
07/07/26 19:05:10 Submitting HTCondor Node TRAIN job(s)...
07/07/26 19:05:10 Submitting node TRAIN from file one_way_line_det_one_way_line_17_10_action_shield_train.sub using direct job submission
07/07/26 19:05:10 	assigned HTCondor ID (170441.0.0)
07/07/26 19:05:10 Just submitted 1 job this cycle...
07/07/26 19:05:10 DAG status: 0 (DAG_STATUS_OK)
07/07/26 19:05:10 Of 5 nodes total:
07/07/26 19:05:10  Done     Pre   Queued    Post   Ready   Un-Ready   Failed   Futile
07/07/26 19:05:10   ===     ===      ===     ===     ===        ===      ===      ===
07/07/26 19:05:10     2       0        1       0       0          2        0        0
07/07/26 19:05:10 0 job proc(s) currently held
07/07/26 19:05:10 DAGMan Runtime Statistics: [EventCycleTimeAvg=0.000; EventCycleTimeMax=0.017; EventCycleTimeMin=0.000; EventCycleTimeStd=0.002; EventCycleTimeSum=0.261; SleepCycleTimeAvg=5.005; SleepCycleTimeMax=5.027; SleepCycleTimeMin=5.000; SleepCycleTimeStd=0.003; SleepCycleTimeSum=3843.465; SubmitCycleTimeAvg=0.000; SubmitCycleTimeMax=0.035; SubmitCycleTimeMin=0.000; SubmitCycleTimeStd=0.001; SubmitCycleTimeSum=0.036; EventCycleTimeCount=768.000; SleepCycleTimeCount=768.000; SubmitCycleTimeCount=769.000; LogProcessCycleTimeAvg=0.002; LogProcessCycleTimeMax=0.004; LogProcessCycleTimeMin=0.001; LogProcessCycleTimeStd=0.001; LogProcessCycleTimeSum=0.007; LogProcessCycleTimeCount=3.000; ]
07/07/26 19:05:15 Currently monitoring 1 HTCondor log file(s)
07/07/26 19:05:15 Reassigning the id of job TRAIN from (170441.0.0) to (170441.0.0)
07/07/26 19:05:15 Event: ULOG_SUBMIT for HTCondor Node TRAIN (170441.0.0) {07/07/26 19:05:10}
07/07/26 19:05:15 Number of idle job procs: 1
07/07/26 19:05:15 Event: ULOG_EXECUTE for HTCondor Node TRAIN (170441.0.0) {07/07/26 19:05:12}
07/07/26 19:05:15 Number of idle job procs: 0
07/07/26 19:11:36 Currently monitoring 1 HTCondor log file(s)
07/07/26 19:11:36 Event: ULOG_JOB_TERMINATED for HTCondor Node TRAIN (170441.0.0) {07/07/26 19:11:33}
07/07/26 19:11:36 Number of idle job procs: 0
07/07/26 19:11:36 Node TRAIN job proc (170441.0.0) completed successfully.
07/07/26 19:11:36 Node TRAIN job(s) have exited the queue
07/07/26 19:11:36 DAG status: 0 (DAG_STATUS_OK)
07/07/26 19:11:36 Of 5 nodes total:
07/07/26 19:11:36  Done     Pre   Queued    Post   Ready   Un-Ready   Failed   Futile
07/07/26 19:11:36   ===     ===      ===     ===     ===        ===      ===      ===
07/07/26 19:11:36     3       0        0       0       1          1        0        0
07/07/26 19:11:36 0 job proc(s) currently held
07/07/26 19:11:36 DAGMan Runtime Statistics: [EventCycleTimeAvg=0.000; EventCycleTimeMax=0.040; EventCycleTimeMin=0.000; EventCycleTimeStd=0.002; EventCycleTimeSum=0.317; SleepCycleTimeAvg=5.004; SleepCycleTimeMax=5.027; SleepCycleTimeMin=5.000; SleepCycleTimeStd=0.003; SleepCycleTimeSum=4228.781; SubmitCycleTimeAvg=0.000; SubmitCycleTimeMax=0.035; SubmitCycleTimeMin=0.000; SubmitCycleTimeStd=0.001; SubmitCycleTimeSum=0.036; EventCycleTimeCount=845.000; SleepCycleTimeCount=845.000; SubmitCycleTimeCount=846.000; LogProcessCycleTimeAvg=0.003; LogProcessCycleTimeMax=0.004; LogProcessCycleTimeMin=0.001; LogProcessCycleTimeStd=0.001; LogProcessCycleTimeSum=0.014; LogProcessCycleTimeCount=5.000; ]
07/07/26 19:11:41 Submitting HTCondor Node EVALUATE job(s)...
07/07/26 19:11:41 Submitting node EVALUATE from file one_way_line_det_one_way_line_17_10_action_shield_evaluate.sub using direct job submission
07/07/26 19:11:41 	assigned HTCondor ID (170443.0.0)
07/07/26 19:11:41 Just submitted 1 job this cycle...
07/07/26 19:11:41 DAG status: 0 (DAG_STATUS_OK)
07/07/26 19:11:41 Of 5 nodes total:
07/07/26 19:11:41  Done     Pre   Queued    Post   Ready   Un-Ready   Failed   Futile
07/07/26 19:11:41   ===     ===      ===     ===     ===        ===      ===      ===
07/07/26 19:11:41     3       0        1       0       0          1        0        0
07/07/26 19:11:41 0 job proc(s) currently held
07/07/26 19:11:41 DAGMan Runtime Statistics: [EventCycleTimeAvg=0.000; EventCycleTimeMax=0.040; EventCycleTimeMin=0.000; EventCycleTimeStd=0.002; EventCycleTimeSum=0.324; SleepCycleTimeAvg=5.004; SleepCycleTimeMax=5.027; SleepCycleTimeMin=5.000; SleepCycleTimeStd=0.003; SleepCycleTimeSum=4233.784; SubmitCycleTimeAvg=0.000; SubmitCycleTimeMax=0.108; SubmitCycleTimeMin=0.000; SubmitCycleTimeStd=0.004; SubmitCycleTimeSum=0.144; EventCycleTimeCount=846.000; SleepCycleTimeCount=846.000; SubmitCycleTimeCount=847.000; LogProcessCycleTimeAvg=0.003; LogProcessCycleTimeMax=0.004; LogProcessCycleTimeMin=0.001; LogProcessCycleTimeStd=0.001; LogProcessCycleTimeSum=0.014; LogProcessCycleTimeCount=5.000; ]
07/07/26 19:11:46 Currently monitoring 1 HTCondor log file(s)
07/07/26 19:11:46 Reassigning the id of job EVALUATE from (170443.0.0) to (170443.0.0)
07/07/26 19:11:46 Event: ULOG_SUBMIT for HTCondor Node EVALUATE (170443.0.0) {07/07/26 19:11:41}
07/07/26 19:11:46 Number of idle job procs: 1
07/07/26 19:11:46 Reassigning the id of job EVALUATE from (170443.0.0) to (170443.1.0)
07/07/26 19:11:46 Event: ULOG_SUBMIT for HTCondor Node EVALUATE (170443.1.0) {07/07/26 19:11:41}
07/07/26 19:11:46 Number of idle job procs: 2
07/07/26 19:11:46 Reassigning the id of job EVALUATE from (170443.1.0) to (170443.10.0)
07/07/26 19:11:46 Event: ULOG_SUBMIT for HTCondor Node EVALUATE (170443.10.0) {07/07/26 19:11:41}
07/07/26 19:11:46 Number of idle job procs: 3
07/07/26 19:11:46 Reassigning the id of job EVALUATE from (170443.10.0) to (170443.11.0)
07/07/26 19:11:46 Event: ULOG_SUBMIT for HTCondor Node EVALUATE (170443.11.0) {07/07/26 19:11:41}
07/07/26 19:11:46 Number of idle job procs: 4
07/07/26 19:11:46 Reassigning the id of job EVALUATE from (170443.11.0) to (170443.12.0)
07/07/26 19:11:46 Event: ULOG_SUBMIT for HTCondor Node EVALUATE (170443.12.0) {07/07/26 19:11:41}
07/07/26 19:11:46 Number of idle job procs: 5
07/07/26 19:11:46 Reassigning the id of job EVALUATE from (170443.12.0) to (170443.13.0)
07/07/26 19:11:46 Event: ULOG_SUBMIT for HTCondor Node EVALUATE (170443.13.0) {07/07/26 19:11:41}
07/07/26 19:11:46 Number of idle job procs: 6
07/07/26 19:11:46 Reassigning the id of job EVALUATE from (170443.13.0) to (170443.14.0)
07/07/26 19:11:46 Event: ULOG_SUBMIT for HTCondor Node EVALUATE (170443.14.0) {07/07/26 19:11:41}
07/07/26 19:11:46 Number of idle job procs: 7
07/07/26 19:11:46 Reassigning the id of job EVALUATE from (170443.14.0) to (170443.15.0)
07/07/26 19:11:46 Event: ULOG_SUBMIT for HTCondor Node EVALUATE (170443.15.0) {07/07/26 19:11:41}
07/07/26 19:11:46 Number of idle job procs: 8
07/07/26 19:11:46 Reassigning the id of job EVALUATE from (170443.15.0) to (170443.16.0)
07/07/26 19:11:46 Event: ULOG_SUBMIT for HTCondor Node EVALUATE (170443.16.0) {07/07/26 19:11:41}
07/07/26 19:11:46 Number of idle job procs: 9
07/07/26 19:11:46 Reassigning the id of job EVALUATE from (170443.16.0) to (170443.17.0)
07/07/26 19:11:46 Event: ULOG_SUBMIT for HTCondor Node EVALUATE (170443.17.0) {07/07/26 19:11:41}
07/07/26 19:11:46 Number of idle job procs: 10
07/07/26 19:11:46 Reassigning the id of job EVALUATE from (170443.17.0) to (170443.18.0)
07/07/26 19:11:46 Event: ULOG_SUBMIT for HTCondor Node EVALUATE (170443.18.0) {07/07/26 19:11:41}
07/07/26 19:11:46 Number of idle job procs: 11
07/07/26 19:11:46 Reassigning the id of job EVALUATE from (170443.18.0) to (170443.19.0)
07/07/26 19:11:46 Event: ULOG_SUBMIT for HTCondor Node EVALUATE (170443.19.0) {07/07/26 19:11:41}
07/07/26 19:11:46 Number of idle job procs: 12
07/07/26 19:11:46 Reassigning the id of job EVALUATE from (170443.19.0) to (170443.2.0)
07/07/26 19:11:46 Event: ULOG_SUBMIT for HTCondor Node EVALUATE (170443.2.0) {07/07/26 19:11:41}
07/07/26 19:11:46 Number of idle job procs: 13
07/07/26 19:11:46 Reassigning the id of job EVALUATE from (170443.2.0) to (170443.20.0)
07/07/26 19:11:46 Event: ULOG_SUBMIT for HTCondor Node EVALUATE (170443.20.0) {07/07/26 19:11:41}
07/07/26 19:11:46 Number of idle job procs: 14
07/07/26 19:11:46 Reassigning the id of job EVALUATE from (170443.20.0) to (170443.21.0)
07/07/26 19:11:46 Event: ULOG_SUBMIT for HTCondor Node EVALUATE (170443.21.0) {07/07/26 19:11:41}
07/07/26 19:11:46 Number of idle job procs: 15
07/07/26 19:11:46 Reassigning the id of job EVALUATE from (170443.21.0) to (170443.22.0)
07/07/26 19:11:46 Event: ULOG_SUBMIT for HTCondor Node EVALUATE (170443.22.0) {07/07/26 19:11:41}
07/07/26 19:11:46 Number of idle job procs: 16
07/07/26 19:11:46 Reassigning the id of job EVALUATE from (170443.22.0) to (170443.23.0)
07/07/26 19:11:46 Event: ULOG_SUBMIT for HTCondor Node EVALUATE (170443.23.0) {07/07/26 19:11:41}
07/07/26 19:11:46 Number of idle job procs: 17
07/07/26 19:11:46 Reassigning the id of job EVALUATE from (170443.23.0) to (170443.24.0)
07/07/26 19:11:46 Event: ULOG_SUBMIT for HTCondor Node EVALUATE (170443.24.0) {07/07/26 19:11:41}
07/07/26 19:11:46 Number of idle job procs: 18
07/07/26 19:11:46 Reassigning the id of job EVALUATE from (170443.24.0) to (170443.25.0)
07/07/26 19:11:46 Event: ULOG_SUBMIT for HTCondor Node EVALUATE (170443.25.0) {07/07/26 19:11:41}
07/07/26 19:11:46 Number of idle job procs: 19
07/07/26 19:11:46 Reassigning the id of job EVALUATE from (170443.25.0) to (170443.26.0)
07/07/26 19:11:46 Event: ULOG_SUBMIT for HTCondor Node EVALUATE (170443.26.0) {07/07/26 19:11:41}
07/07/26 19:11:46 Number of idle job procs: 20
07/07/26 19:11:46 Reassigning the id of job EVALUATE from (170443.26.0) to (170443.27.0)
07/07/26 19:11:46 Event: ULOG_SUBMIT for HTCondor Node EVALUATE (170443.27.0) {07/07/26 19:11:41}
07/07/26 19:11:46 Number of idle job procs: 21
07/07/26 19:11:46 Reassigning the id of job EVALUATE from (170443.27.0) to (170443.28.0)
07/07/26 19:11:46 Event: ULOG_SUBMIT for HTCondor Node EVALUATE (170443.28.0) {07/07/26 19:11:41}
07/07/26 19:11:46 Number of idle job procs: 22
07/07/26 19:11:46 Reassigning the id of job EVALUATE from (170443.28.0) to (170443.29.0)
07/07/26 19:11:46 Event: ULOG_SUBMIT for HTCondor Node EVALUATE (170443.29.0) {07/07/26 19:11:41}
07/07/26 19:11:46 Number of idle job procs: 23
07/07/26 19:11:46 Reassigning the id of job EVALUATE from (170443.29.0) to (170443.3.0)
07/07/26 19:11:46 Event: ULOG_SUBMIT for HTCondor Node EVALUATE (170443.3.0) {07/07/26 19:11:41}
07/07/26 19:11:46 Number of idle job procs: 24
07/07/26 19:11:46 Reassigning the id of job EVALUATE from (170443.3.0) to (170443.30.0)
07/07/26 19:11:46 Event: ULOG_SUBMIT for HTCondor Node EVALUATE (170443.30.0) {07/07/26 19:11:41}
07/07/26 19:11:46 Number of idle job procs: 25
07/07/26 19:11:46 Reassigning the id of job EVALUATE from (170443.30.0) to (170443.31.0)
07/07/26 19:11:46 Event: ULOG_SUBMIT for HTCondor Node EVALUATE (170443.31.0) {07/07/26 19:11:41}
07/07/26 19:11:46 Number of idle job procs: 26
07/07/26 19:11:46 Reassigning the id of job EVALUATE from (170443.31.0) to (170443.32.0)
07/07/26 19:11:46 Event: ULOG_SUBMIT for HTCondor Node EVALUATE (170443.32.0) {07/07/26 19:11:41}
07/07/26 19:11:46 Number of idle job procs: 27
07/07/26 19:11:46 Reassigning the id of job EVALUATE from (170443.32.0) to (170443.33.0)
07/07/26 19:11:46 Event: ULOG_SUBMIT for HTCondor Node EVALUATE (170443.33.0) {07/07/26 19:11:41}
07/07/26 19:11:46 Number of idle job procs: 28
07/07/26 19:11:46 Reassigning the id of job EVALUATE from (170443.33.0) to (170443.34.0)
07/07/26 19:11:46 Event: ULOG_SUBMIT for HTCondor Node EVALUATE (170443.34.0) {07/07/26 19:11:41}
07/07/26 19:11:46 Number of idle job procs: 29
07/07/26 19:11:46 Reassigning the id of job EVALUATE from (170443.34.0) to (170443.35.0)
07/07/26 19:11:46 Event: ULOG_SUBMIT for HTCondor Node EVALUATE (170443.35.0) {07/07/26 19:11:41}
07/07/26 19:11:46 Number of idle job procs: 30
07/07/26 19:11:46 Reassigning the id of job EVALUATE from (170443.35.0) to (170443.36.0)
07/07/26 19:11:46 Event: ULOG_SUBMIT for HTCondor Node EVALUATE (170443.36.0) {07/07/26 19:11:41}
07/07/26 19:11:46 Number of idle job procs: 31
07/07/26 19:11:46 Reassigning the id of job EVALUATE from (170443.36.0) to (170443.37.0)
07/07/26 19:11:46 Event: ULOG_SUBMIT for HTCondor Node EVALUATE (170443.37.0) {07/07/26 19:11:41}
07/07/26 19:11:46 Number of idle job procs: 32
07/07/26 19:11:46 Reassigning the id of job EVALUATE from (170443.37.0) to (170443.38.0)
07/07/26 19:11:46 Event: ULOG_SUBMIT for HTCondor Node EVALUATE (170443.38.0) {07/07/26 19:11:41}
07/07/26 19:11:46 Number of idle job procs: 33
07/07/26 19:11:46 Reassigning the id of job EVALUATE from (170443.38.0) to (170443.39.0)
07/07/26 19:11:46 Event: ULOG_SUBMIT for HTCondor Node EVALUATE (170443.39.0) {07/07/26 19:11:41}
07/07/26 19:11:46 Number of idle job procs: 34
07/07/26 19:11:46 Reassigning the id of job EVALUATE from (170443.39.0) to (170443.4.0)
07/07/26 19:11:46 Event: ULOG_SUBMIT for HTCondor Node EVALUATE (170443.4.0) {07/07/26 19:11:41}
07/07/26 19:11:46 Number of idle job procs: 35
07/07/26 19:11:46 Reassigning the id of job EVALUATE from (170443.4.0) to (170443.5.0)
07/07/26 19:11:46 Event: ULOG_SUBMIT for HTCondor Node EVALUATE (170443.5.0) {07/07/26 19:11:41}
07/07/26 19:11:46 Number of idle job procs: 36
07/07/26 19:11:46 Reassigning the id of job EVALUATE from (170443.5.0) to (170443.6.0)
07/07/26 19:11:46 Event: ULOG_SUBMIT for HTCondor Node EVALUATE (170443.6.0) {07/07/26 19:11:41}
07/07/26 19:11:46 Number of idle job procs: 37
07/07/26 19:11:46 Reassigning the id of job EVALUATE from (170443.6.0) to (170443.7.0)
07/07/26 19:11:46 Event: ULOG_SUBMIT for HTCondor Node EVALUATE (170443.7.0) {07/07/26 19:11:41}
07/07/26 19:11:46 Number of idle job procs: 38
07/07/26 19:11:46 Reassigning the id of job EVALUATE from (170443.7.0) to (170443.8.0)
07/07/26 19:11:46 Event: ULOG_SUBMIT for HTCondor Node EVALUATE (170443.8.0) {07/07/26 19:11:41}
07/07/26 19:11:46 Number of idle job procs: 39
07/07/26 19:11:46 Reassigning the id of job EVALUATE from (170443.8.0) to (170443.9.0)
07/07/26 19:11:46 Event: ULOG_SUBMIT for HTCondor Node EVALUATE (170443.9.0) {07/07/26 19:11:41}
07/07/26 19:11:46 Number of idle job procs: 40
07/07/26 19:11:46 Event: ULOG_EXECUTE for HTCondor Node EVALUATE (170443.0.0) {07/07/26 19:11:42}
07/07/26 19:11:46 Number of idle job procs: 39
07/07/26 19:12:01 Currently monitoring 1 HTCondor log file(s)
07/07/26 19:12:01 Event: ULOG_EXECUTE for HTCondor Node EVALUATE (170443.2.0) {07/07/26 19:11:58}
07/07/26 19:12:01 Number of idle job procs: 38
07/07/26 19:12:01 Event: ULOG_EXECUTE for HTCondor Node EVALUATE (170443.1.0) {07/07/26 19:11:59}
07/07/26 19:12:01 Number of idle job procs: 37
07/07/26 19:13:01 Currently monitoring 1 HTCondor log file(s)
07/07/26 19:13:01 Event: ULOG_EXECUTE for HTCondor Node EVALUATE (170443.3.0) {07/07/26 19:12:59}
07/07/26 19:13:01 Number of idle job procs: 36
07/07/26 19:13:01 Event: ULOG_EXECUTE for HTCondor Node EVALUATE (170443.4.0) {07/07/26 19:13:00}
07/07/26 19:13:01 Number of idle job procs: 35
07/07/26 19:13:06 Currently monitoring 1 HTCondor log file(s)
07/07/26 19:13:06 Event: ULOG_EXECUTE for HTCondor Node EVALUATE (170443.5.0) {07/07/26 19:13:05}
07/07/26 19:13:06 Number of idle job procs: 34
07/07/26 19:13:16 Currently monitoring 1 HTCondor log file(s)
07/07/26 19:13:16 Event: ULOG_JOB_TERMINATED for HTCondor Node EVALUATE (170443.0.0) {07/07/26 19:13:14}
07/07/26 19:13:16 Number of idle job procs: 34
07/07/26 19:13:16 Node EVALUATE job proc (170443.0.0) completed successfully.
07/07/26 19:13:16 Event: ULOG_EXECUTE for HTCondor Node EVALUATE (170443.6.0) {07/07/26 19:13:16}
07/07/26 19:13:16 Number of idle job procs: 33
07/07/26 19:13:51 Currently monitoring 1 HTCondor log file(s)
07/07/26 19:13:51 Event: ULOG_JOB_TERMINATED for HTCondor Node EVALUATE (170443.1.0) {07/07/26 19:13:48}
07/07/26 19:13:51 Number of idle job procs: 33
07/07/26 19:13:51 Node EVALUATE job proc (170443.1.0) completed successfully.
07/07/26 19:13:51 Event: ULOG_EXECUTE for HTCondor Node EVALUATE (170443.7.0) {07/07/26 19:13:50}
07/07/26 19:13:51 Number of idle job procs: 32
07/07/26 19:14:11 Currently monitoring 1 HTCondor log file(s)
07/07/26 19:14:11 Event: ULOG_EXECUTE for HTCondor Node EVALUATE (170443.8.0) {07/07/26 19:14:08}
07/07/26 19:14:11 Number of idle job procs: 31
07/07/26 19:14:36 Currently monitoring 1 HTCondor log file(s)
07/07/26 19:14:36 Event: ULOG_JOB_TERMINATED for HTCondor Node EVALUATE (170443.3.0) {07/07/26 19:14:32}
07/07/26 19:14:36 Number of idle job procs: 31
07/07/26 19:14:36 Node EVALUATE job proc (170443.3.0) completed successfully.
07/07/26 19:14:36 Event: ULOG_EXECUTE for HTCondor Node EVALUATE (170443.9.0) {07/07/26 19:14:33}
07/07/26 19:14:36 Number of idle job procs: 30
07/07/26 19:14:36 Event: ULOG_JOB_TERMINATED for HTCondor Node EVALUATE (170443.5.0) {07/07/26 19:14:36}
07/07/26 19:14:36 Number of idle job procs: 30
07/07/26 19:14:36 Node EVALUATE job proc (170443.5.0) completed successfully.
07/07/26 19:14:41 Currently monitoring 1 HTCondor log file(s)
07/07/26 19:14:41 Event: ULOG_EXECUTE for HTCondor Node EVALUATE (170443.10.0) {07/07/26 19:14:37}
07/07/26 19:14:41 Number of idle job procs: 29
07/07/26 19:14:41 Event: ULOG_JOB_TERMINATED for HTCondor Node EVALUATE (170443.4.0) {07/07/26 19:14:40}
07/07/26 19:14:41 Number of idle job procs: 29
07/07/26 19:14:41 Node EVALUATE job proc (170443.4.0) completed successfully.
07/07/26 19:14:46 Currently monitoring 1 HTCondor log file(s)
07/07/26 19:14:46 Event: ULOG_EXECUTE for HTCondor Node EVALUATE (170443.11.0) {07/07/26 19:14:41}
07/07/26 19:14:46 Number of idle job procs: 28
07/07/26 19:14:51 Currently monitoring 1 HTCondor log file(s)
07/07/26 19:14:51 Event: ULOG_JOB_TERMINATED for HTCondor Node EVALUATE (170443.6.0) {07/07/26 19:14:51}
07/07/26 19:14:51 Number of idle job procs: 28
07/07/26 19:14:51 Node EVALUATE job proc (170443.6.0) completed successfully.
07/07/26 19:14:56 Currently monitoring 1 HTCondor log file(s)
07/07/26 19:14:56 Event: ULOG_EXECUTE for HTCondor Node EVALUATE (170443.12.0) {07/07/26 19:14:52}
07/07/26 19:14:56 Number of idle job procs: 27
07/07/26 19:15:01 Currently monitoring 1 HTCondor log file(s)
07/07/26 19:15:01 Event: ULOG_JOB_TERMINATED for HTCondor Node EVALUATE (170443.2.0) {07/07/26 19:14:59}
07/07/26 19:15:01 Number of idle job procs: 27
07/07/26 19:15:01 Node EVALUATE job proc (170443.2.0) completed successfully.
07/07/26 19:15:01 Event: ULOG_EXECUTE for HTCondor Node EVALUATE (170443.13.0) {07/07/26 19:15:01}
07/07/26 19:15:01 Number of idle job procs: 26
07/07/26 19:15:26 Currently monitoring 1 HTCondor log file(s)
07/07/26 19:15:26 Event: ULOG_JOB_TERMINATED for HTCondor Node EVALUATE (170443.7.0) {07/07/26 19:15:25}
07/07/26 19:15:26 Number of idle job procs: 26
07/07/26 19:15:26 Node EVALUATE job proc (170443.7.0) completed successfully.
07/07/26 19:15:31 Currently monitoring 1 HTCondor log file(s)
07/07/26 19:15:31 Event: ULOG_EXECUTE for HTCondor Node EVALUATE (170443.14.0) {07/07/26 19:15:27}
07/07/26 19:15:31 Number of idle job procs: 25
07/07/26 19:15:36 Currently monitoring 1 HTCondor log file(s)
07/07/26 19:15:36 Event: ULOG_JOB_TERMINATED for HTCondor Node EVALUATE (170443.8.0) {07/07/26 19:15:35}
07/07/26 19:15:36 Number of idle job procs: 25
07/07/26 19:15:36 Node EVALUATE job proc (170443.8.0) completed successfully.
07/07/26 19:15:41 Currently monitoring 1 HTCondor log file(s)
07/07/26 19:15:41 Event: ULOG_EXECUTE for HTCondor Node EVALUATE (170443.15.0) {07/07/26 19:15:37}
07/07/26 19:15:41 Number of idle job procs: 24
07/07/26 19:16:11 Currently monitoring 1 HTCondor log file(s)
07/07/26 19:16:11 Event: ULOG_JOB_TERMINATED for HTCondor Node EVALUATE (170443.9.0) {07/07/26 19:16:07}
07/07/26 19:16:11 Number of idle job procs: 24
07/07/26 19:16:11 Node EVALUATE job proc (170443.9.0) completed successfully.
07/07/26 19:16:11 Event: ULOG_EXECUTE for HTCondor Node EVALUATE (170443.16.0) {07/07/26 19:16:08}
07/07/26 19:16:11 Number of idle job procs: 23
07/07/26 19:16:11 Total jobs placed to AP: 82
07/07/26 19:16:11      Idle     Held     Running     Successful     Failed
07/07/26 19:16:11       ===      ===         ===            ===        ===
07/07/26 19:16:11        23        0           7             52          0
07/07/26 19:16:16 Currently monitoring 1 HTCondor log file(s)
07/07/26 19:16:16 Event: ULOG_JOB_TERMINATED for HTCondor Node EVALUATE (170443.10.0) {07/07/26 19:16:13}
07/07/26 19:16:16 Number of idle job procs: 23
07/07/26 19:16:16 Node EVALUATE job proc (170443.10.0) completed successfully.
07/07/26 19:16:16 Event: ULOG_JOB_TERMINATED for HTCondor Node EVALUATE (170443.11.0) {07/07/26 19:16:14}
07/07/26 19:16:16 Number of idle job procs: 23
07/07/26 19:16:16 Node EVALUATE job proc (170443.11.0) completed successfully.
07/07/26 19:16:16 Event: ULOG_EXECUTE for HTCondor Node EVALUATE (170443.17.0) {07/07/26 19:16:15}
07/07/26 19:16:16 Number of idle job procs: 22
07/07/26 19:16:16 Event: ULOG_EXECUTE for HTCondor Node EVALUATE (170443.18.0) {07/07/26 19:16:16}
07/07/26 19:16:16 Number of idle job procs: 21
07/07/26 19:16:26 Currently monitoring 1 HTCondor log file(s)
07/07/26 19:16:26 Event: ULOG_JOB_TERMINATED for HTCondor Node EVALUATE (170443.12.0) {07/07/26 19:16:25}
07/07/26 19:16:26 Number of idle job procs: 21
07/07/26 19:16:26 Node EVALUATE job proc (170443.12.0) completed successfully.
07/07/26 19:16:31 Currently monitoring 1 HTCondor log file(s)
07/07/26 19:16:31 Event: ULOG_EXECUTE for HTCondor Node EVALUATE (170443.19.0) {07/07/26 19:16:26}
07/07/26 19:16:31 Number of idle job procs: 20
07/07/26 19:16:36 Currently monitoring 1 HTCondor log file(s)
07/07/26 19:16:36 Event: ULOG_JOB_TERMINATED for HTCondor Node EVALUATE (170443.13.0) {07/07/26 19:16:36}
07/07/26 19:16:36 Number of idle job procs: 20
07/07/26 19:16:36 Node EVALUATE job proc (170443.13.0) completed successfully.
07/07/26 19:16:41 Currently monitoring 1 HTCondor log file(s)
07/07/26 19:16:41 Event: ULOG_EXECUTE for HTCondor Node EVALUATE (170443.20.0) {07/07/26 19:16:37}
07/07/26 19:16:41 Number of idle job procs: 19
07/07/26 19:17:01 Currently monitoring 1 HTCondor log file(s)
07/07/26 19:17:01 Event: ULOG_JOB_TERMINATED for HTCondor Node EVALUATE (170443.14.0) {07/07/26 19:17:00}
07/07/26 19:17:01 Number of idle job procs: 19
07/07/26 19:17:01 Node EVALUATE job proc (170443.14.0) completed successfully.
07/07/26 19:17:06 Currently monitoring 1 HTCondor log file(s)
07/07/26 19:17:06 Event: ULOG_EXECUTE for HTCondor Node EVALUATE (170443.21.0) {07/07/26 19:17:02}
07/07/26 19:17:06 Number of idle job procs: 18
07/07/26 19:17:06 Event: ULOG_JOB_TERMINATED for HTCondor Node EVALUATE (170443.15.0) {07/07/26 19:17:03}
07/07/26 19:17:06 Number of idle job procs: 18
07/07/26 19:17:06 Node EVALUATE job proc (170443.15.0) completed successfully.
07/07/26 19:17:06 Event: ULOG_EXECUTE for HTCondor Node EVALUATE (170443.22.0) {07/07/26 19:17:04}
07/07/26 19:17:06 Number of idle job procs: 17
07/07/26 19:17:41 Currently monitoring 1 HTCondor log file(s)
07/07/26 19:17:41 Event: ULOG_EXECUTE for HTCondor Node EVALUATE (170443.23.0) {07/07/26 19:17:36}
07/07/26 19:17:41 Number of idle job procs: 16
07/07/26 19:17:46 Currently monitoring 1 HTCondor log file(s)
07/07/26 19:17:46 Event: ULOG_JOB_TERMINATED for HTCondor Node EVALUATE (170443.16.0) {07/07/26 19:17:43}
07/07/26 19:17:46 Number of idle job procs: 16
07/07/26 19:17:46 Node EVALUATE job proc (170443.16.0) completed successfully.
07/07/26 19:17:46 Event: ULOG_EXECUTE for HTCondor Node EVALUATE (170443.24.0) {07/07/26 19:17:44}
07/07/26 19:17:46 Number of idle job procs: 15
07/07/26 19:17:51 Currently monitoring 1 HTCondor log file(s)
07/07/26 19:17:51 Event: ULOG_JOB_TERMINATED for HTCondor Node EVALUATE (170443.17.0) {07/07/26 19:17:47}
07/07/26 19:17:51 Number of idle job procs: 15
07/07/26 19:17:51 Node EVALUATE job proc (170443.17.0) completed successfully.
07/07/26 19:17:51 Event: ULOG_EXECUTE for HTCondor Node EVALUATE (170443.25.0) {07/07/26 19:17:48}
07/07/26 19:17:51 Number of idle job procs: 14
07/07/26 19:17:56 Currently monitoring 1 HTCondor log file(s)
07/07/26 19:17:56 Event: ULOG_JOB_TERMINATED for HTCondor Node EVALUATE (170443.18.0) {07/07/26 19:17:53}
07/07/26 19:17:56 Number of idle job procs: 14
07/07/26 19:17:56 Node EVALUATE job proc (170443.18.0) completed successfully.
07/07/26 19:17:56 Event: ULOG_EXECUTE for HTCondor Node EVALUATE (170443.26.0) {07/07/26 19:17:54}
07/07/26 19:17:56 Number of idle job procs: 13
07/07/26 19:18:01 Currently monitoring 1 HTCondor log file(s)
07/07/26 19:18:01 Event: ULOG_JOB_TERMINATED for HTCondor Node EVALUATE (170443.19.0) {07/07/26 19:17:59}
07/07/26 19:18:01 Number of idle job procs: 13
07/07/26 19:18:01 Node EVALUATE job proc (170443.19.0) completed successfully.
07/07/26 19:18:01 Event: ULOG_EXECUTE for HTCondor Node EVALUATE (170443.27.0) {07/07/26 19:18:01}
07/07/26 19:18:01 Number of idle job procs: 12
07/07/26 19:18:37 Currently monitoring 1 HTCondor log file(s)
07/07/26 19:18:37 Event: ULOG_JOB_TERMINATED for HTCondor Node EVALUATE (170443.22.0) {07/07/26 19:18:34}
07/07/26 19:18:37 Number of idle job procs: 12
07/07/26 19:18:37 Node EVALUATE job proc (170443.22.0) completed successfully.
07/07/26 19:18:37 Event: ULOG_JOB_TERMINATED for HTCondor Node EVALUATE (170443.20.0) {07/07/26 19:18:34}
07/07/26 19:18:37 Number of idle job procs: 12
07/07/26 19:18:37 Node EVALUATE job proc (170443.20.0) completed successfully.
07/07/26 19:18:37 Event: ULOG_JOB_TERMINATED for HTCondor Node EVALUATE (170443.21.0) {07/07/26 19:18:34}
07/07/26 19:18:37 Number of idle job procs: 12
07/07/26 19:18:37 Node EVALUATE job proc (170443.21.0) completed successfully.
07/07/26 19:18:37 Event: ULOG_EXECUTE for HTCondor Node EVALUATE (170443.28.0) {07/07/26 19:18:35}
07/07/26 19:18:37 Number of idle job procs: 11
07/07/26 19:18:37 Event: ULOG_EXECUTE for HTCondor Node EVALUATE (170443.29.0) {07/07/26 19:18:36}
07/07/26 19:18:37 Number of idle job procs: 10
07/07/26 19:18:37 Event: ULOG_EXECUTE for HTCondor Node EVALUATE (170443.31.0) {07/07/26 19:18:36}
07/07/26 19:18:37 Number of idle job procs: 9
07/07/26 19:18:37 Event: ULOG_EXECUTE for HTCondor Node EVALUATE (170443.32.0) {07/07/26 19:18:36}
07/07/26 19:18:37 Number of idle job procs: 8
07/07/26 19:18:42 Currently monitoring 1 HTCondor log file(s)
07/07/26 19:18:42 Event: ULOG_EXECUTE for HTCondor Node EVALUATE (170443.30.0) {07/07/26 19:18:37}
07/07/26 19:18:42 Number of idle job procs: 7
07/07/26 19:19:27 Currently monitoring 1 HTCondor log file(s)
07/07/26 19:19:27 Event: ULOG_JOB_TERMINATED for HTCondor Node EVALUATE (170443.24.0) {07/07/26 19:19:22}
07/07/26 19:19:27 Number of idle job procs: 7
07/07/26 19:19:27 Node EVALUATE job proc (170443.24.0) completed successfully.
07/07/26 19:19:27 Event: ULOG_EXECUTE for HTCondor Node EVALUATE (170443.34.0) {07/07/26 19:19:23}
07/07/26 19:19:27 Number of idle job procs: 6
07/07/26 19:19:27 Event: ULOG_EXECUTE for HTCondor Node EVALUATE (170443.33.0) {07/07/26 19:19:23}
07/07/26 19:19:27 Number of idle job procs: 5
07/07/26 19:19:27 Event: ULOG_EXECUTE for HTCondor Node EVALUATE (170443.35.0) {07/07/26 19:19:23}
07/07/26 19:19:27 Number of idle job procs: 4
07/07/26 19:19:32 Currently monitoring 1 HTCondor log file(s)
07/07/26 19:19:32 Event: ULOG_JOB_TERMINATED for HTCondor Node EVALUATE (170443.25.0) {07/07/26 19:19:27}
07/07/26 19:19:32 Number of idle job procs: 4
07/07/26 19:19:32 Node EVALUATE job proc (170443.25.0) completed successfully.
07/07/26 19:19:32 Event: ULOG_JOB_TERMINATED for HTCondor Node EVALUATE (170443.26.0) {07/07/26 19:19:28}
07/07/26 19:19:32 Number of idle job procs: 4
07/07/26 19:19:32 Node EVALUATE job proc (170443.26.0) completed successfully.
07/07/26 19:19:32 Event: ULOG_EXECUTE for HTCondor Node EVALUATE (170443.36.0) {07/07/26 19:19:28}
07/07/26 19:19:32 Number of idle job procs: 3
07/07/26 19:19:32 Event: ULOG_EXECUTE for HTCondor Node EVALUATE (170443.37.0) {07/07/26 19:19:29}
07/07/26 19:19:32 Number of idle job procs: 2
07/07/26 19:19:37 Currently monitoring 1 HTCondor log file(s)
07/07/26 19:19:37 Event: ULOG_JOB_TERMINATED for HTCondor Node EVALUATE (170443.27.0) {07/07/26 19:19:35}
07/07/26 19:19:37 Number of idle job procs: 2
07/07/26 19:19:37 Node EVALUATE job proc (170443.27.0) completed successfully.
07/07/26 19:19:42 Currently monitoring 1 HTCondor log file(s)
07/07/26 19:19:42 Event: ULOG_EXECUTE for HTCondor Node EVALUATE (170443.38.0) {07/07/26 19:19:37}
07/07/26 19:19:42 Number of idle job procs: 1
07/07/26 19:19:47 Currently monitoring 1 HTCondor log file(s)
07/07/26 19:19:47 Event: ULOG_EXECUTE for HTCondor Node EVALUATE (170443.39.0) {07/07/26 19:19:42}
07/07/26 19:19:47 Number of idle job procs: 0
07/07/26 19:20:07 Currently monitoring 1 HTCondor log file(s)
07/07/26 19:20:07 Event: ULOG_JOB_TERMINATED for HTCondor Node EVALUATE (170443.31.0) {07/07/26 19:20:02}
07/07/26 19:20:07 Number of idle job procs: 0
07/07/26 19:20:07 Node EVALUATE job proc (170443.31.0) completed successfully.
07/07/26 19:20:12 Currently monitoring 1 HTCondor log file(s)
07/07/26 19:20:12 Event: ULOG_JOB_TERMINATED for HTCondor Node EVALUATE (170443.29.0) {07/07/26 19:20:07}
07/07/26 19:20:12 Number of idle job procs: 0
07/07/26 19:20:12 Node EVALUATE job proc (170443.29.0) completed successfully.
07/07/26 19:20:12 Event: ULOG_JOB_TERMINATED for HTCondor Node EVALUATE (170443.30.0) {07/07/26 19:20:08}
07/07/26 19:20:12 Number of idle job procs: 0
07/07/26 19:20:12 Node EVALUATE job proc (170443.30.0) completed successfully.
07/07/26 19:20:12 Event: ULOG_JOB_TERMINATED for HTCondor Node EVALUATE (170443.28.0) {07/07/26 19:20:11}
07/07/26 19:20:12 Number of idle job procs: 0
07/07/26 19:20:12 Node EVALUATE job proc (170443.28.0) completed successfully.
07/07/26 19:20:17 Currently monitoring 1 HTCondor log file(s)
07/07/26 19:20:17 Event: ULOG_JOB_TERMINATED for HTCondor Node EVALUATE (170443.32.0) {07/07/26 19:20:16}
07/07/26 19:20:17 Number of idle job procs: 0
07/07/26 19:20:17 Node EVALUATE job proc (170443.32.0) completed successfully.
07/07/26 19:21:02 Currently monitoring 1 HTCondor log file(s)
07/07/26 19:21:02 Event: ULOG_JOB_TERMINATED for HTCondor Node EVALUATE (170443.33.0) {07/07/26 19:20:57}
07/07/26 19:21:02 Number of idle job procs: 0
07/07/26 19:21:02 Node EVALUATE job proc (170443.33.0) completed successfully.
07/07/26 19:21:02 Event: ULOG_JOB_TERMINATED for HTCondor Node EVALUATE (170443.37.0) {07/07/26 19:21:01}
07/07/26 19:21:02 Number of idle job procs: 0
07/07/26 19:21:02 Node EVALUATE job proc (170443.37.0) completed successfully.
07/07/26 19:21:02 Event: ULOG_JOB_TERMINATED for HTCondor Node EVALUATE (170443.34.0) {07/07/26 19:21:01}
07/07/26 19:21:02 Number of idle job procs: 0
07/07/26 19:21:02 Node EVALUATE job proc (170443.34.0) completed successfully.
07/07/26 19:21:07 Currently monitoring 1 HTCondor log file(s)
07/07/26 19:21:07 Event: ULOG_JOB_TERMINATED for HTCondor Node EVALUATE (170443.35.0) {07/07/26 19:21:02}
07/07/26 19:21:07 Number of idle job procs: 0
07/07/26 19:21:07 Node EVALUATE job proc (170443.35.0) completed successfully.
07/07/26 19:21:12 Currently monitoring 1 HTCondor log file(s)
07/07/26 19:21:12 Event: ULOG_JOB_TERMINATED for HTCondor Node EVALUATE (170443.38.0) {07/07/26 19:21:09}
07/07/26 19:21:12 Number of idle job procs: 0
07/07/26 19:21:12 Node EVALUATE job proc (170443.38.0) completed successfully.
07/07/26 19:21:47 Currently monitoring 1 HTCondor log file(s)
07/07/26 19:21:47 Event: ULOG_JOB_TERMINATED for HTCondor Node EVALUATE (170443.36.0) {07/07/26 19:21:44}
07/07/26 19:21:47 Number of idle job procs: 0
07/07/26 19:21:47 Node EVALUATE job proc (170443.36.0) completed successfully.
07/07/26 19:30:07 Currently monitoring 1 HTCondor log file(s)
07/07/26 19:30:07 Event: ULOG_JOB_TERMINATED for HTCondor Node EVALUATE (170443.39.0) {07/07/26 19:30:03}
07/07/26 19:30:07 Number of idle job procs: 0
07/07/26 19:30:07 Node EVALUATE job proc (170443.39.0) completed successfully.
07/07/26 19:30:07 Event: ULOG_JOB_TERMINATED for HTCondor Node EVALUATE (170443.23.0) {07/07/26 19:30:03}
07/07/26 19:30:07 Number of idle job procs: 0
07/07/26 19:30:07 Node EVALUATE job proc (170443.23.0) completed successfully.
07/07/26 19:30:07 Node EVALUATE job(s) have exited the queue
07/07/26 19:30:07 DAG status: 0 (DAG_STATUS_OK)
07/07/26 19:30:07 Of 5 nodes total:
07/07/26 19:30:07  Done     Pre   Queued    Post   Ready   Un-Ready   Failed   Futile
07/07/26 19:30:07   ===     ===      ===     ===     ===        ===      ===      ===
07/07/26 19:30:07     4       0        0       0       1          0        0        0
07/07/26 19:30:07 0 job proc(s) currently held
07/07/26 19:30:07 DAGMan Runtime Statistics: [EventCycleTimeAvg=0.001; EventCycleTimeMax=0.112; EventCycleTimeMin=0.000; EventCycleTimeStd=0.005; EventCycleTimeSum=0.702; SleepCycleTimeAvg=5.004; SleepCycleTimeMax=5.027; SleepCycleTimeMin=5.000; SleepCycleTimeStd=0.003; SleepCycleTimeSum=5339.742; SubmitCycleTimeAvg=0.000; SubmitCycleTimeMax=0.108; SubmitCycleTimeMin=0.000; SubmitCycleTimeStd=0.003; SubmitCycleTimeSum=0.144; EventCycleTimeCount=1067.000; SleepCycleTimeCount=1067.000; SubmitCycleTimeCount=1068.000; LogProcessCycleTimeAvg=0.005; LogProcessCycleTimeMax=0.074; LogProcessCycleTimeMin=0.001; LogProcessCycleTimeStd=0.010; LogProcessCycleTimeSum=0.267; LogProcessCycleTimeCount=50.000; ]
07/07/26 19:30:12 Submitting HTCondor Node MERGE_EVALUATION job(s)...
07/07/26 19:30:12 Submitting node MERGE_EVALUATION from file one_way_line_det_one_way_line_17_10_action_shield_merge_evaluation.sub using direct job submission
07/07/26 19:30:12 	assigned HTCondor ID (170450.0.0)
07/07/26 19:30:12 Just submitted 1 job this cycle...
07/07/26 19:30:12 DAG status: 0 (DAG_STATUS_OK)
07/07/26 19:30:12 Of 5 nodes total:
07/07/26 19:30:12  Done     Pre   Queued    Post   Ready   Un-Ready   Failed   Futile
07/07/26 19:30:12   ===     ===      ===     ===     ===        ===      ===      ===
07/07/26 19:30:12     4       0        1       0       0          0        0        0
07/07/26 19:30:12 0 job proc(s) currently held
07/07/26 19:30:12 DAGMan Runtime Statistics: [EventCycleTimeAvg=0.001; EventCycleTimeMax=0.112; EventCycleTimeMin=0.000; EventCycleTimeStd=0.005; EventCycleTimeSum=0.726; SleepCycleTimeAvg=5.004; SleepCycleTimeMax=5.027; SleepCycleTimeMin=5.000; SleepCycleTimeStd=0.003; SleepCycleTimeSum=5344.744; SubmitCycleTimeAvg=0.000; SubmitCycleTimeMax=0.108; SubmitCycleTimeMin=0.000; SubmitCycleTimeStd=0.004; SubmitCycleTimeSum=0.236; EventCycleTimeCount=1068.000; SleepCycleTimeCount=1068.000; SubmitCycleTimeCount=1069.000; LogProcessCycleTimeAvg=0.005; LogProcessCycleTimeMax=0.074; LogProcessCycleTimeMin=0.001; LogProcessCycleTimeStd=0.010; LogProcessCycleTimeSum=0.267; LogProcessCycleTimeCount=50.000; ]
07/07/26 19:30:17 Currently monitoring 1 HTCondor log file(s)
07/07/26 19:30:17 Reassigning the id of job MERGE_EVALUATION from (170450.0.0) to (170450.0.0)
07/07/26 19:30:17 Event: ULOG_SUBMIT for HTCondor Node MERGE_EVALUATION (170450.0.0) {07/07/26 19:30:12}
07/07/26 19:30:17 Number of idle job procs: 1
07/07/26 19:30:17 Event: ULOG_EXECUTE for HTCondor Node MERGE_EVALUATION (170450.0.0) {07/07/26 19:30:14}
07/07/26 19:30:17 Number of idle job procs: 0
07/07/26 19:31:12 Total jobs placed to AP: 83
07/07/26 19:31:12      Idle     Held     Running     Successful     Failed
07/07/26 19:31:12       ===      ===         ===            ===        ===
07/07/26 19:31:12         0        0           1             82          0
07/07/26 19:32:22 Currently monitoring 1 HTCondor log file(s)
07/07/26 19:32:22 Event: ULOG_JOB_TERMINATED for HTCondor Node MERGE_EVALUATION (170450.0.0) {07/07/26 19:32:22}
07/07/26 19:32:22 Number of idle job procs: 0
07/07/26 19:32:22 Node MERGE_EVALUATION job proc (170450.0.0) completed successfully.
07/07/26 19:32:22 Node MERGE_EVALUATION job(s) have exited the queue
07/07/26 19:32:22 DAG status: 0 (DAG_STATUS_OK)
07/07/26 19:32:22 Of 5 nodes total:
07/07/26 19:32:22  Done     Pre   Queued    Post   Ready   Un-Ready   Failed   Futile
07/07/26 19:32:22   ===     ===      ===     ===     ===        ===      ===      ===
07/07/26 19:32:22     5       0        0       0       0          0        0        0
07/07/26 19:32:22 0 job proc(s) currently held
07/07/26 19:32:22 DAGMan Runtime Statistics: [EventCycleTimeAvg=0.001; EventCycleTimeMax=0.112; EventCycleTimeMin=0.000; EventCycleTimeStd=0.005; EventCycleTimeSum=0.842; SleepCycleTimeAvg=5.004; SleepCycleTimeMax=5.027; SleepCycleTimeMin=5.000; SleepCycleTimeStd=0.003; SleepCycleTimeSum=5474.858; SubmitCycleTimeAvg=0.000; SubmitCycleTimeMax=0.108; SubmitCycleTimeMin=0.000; SubmitCycleTimeStd=0.004; SubmitCycleTimeSum=0.236; EventCycleTimeCount=1094.000; SleepCycleTimeCount=1094.000; SubmitCycleTimeCount=1095.000; LogProcessCycleTimeAvg=0.005; LogProcessCycleTimeMax=0.074; LogProcessCycleTimeMin=0.001; LogProcessCycleTimeStd=0.010; LogProcessCycleTimeSum=0.274; LogProcessCycleTimeCount=52.000; ]
07/07/26 19:32:22 All jobs Completed!
07/07/26 19:32:22 Note: 0 total node deferrals because of -MaxJobs limit (0)
07/07/26 19:32:22 Note: 0 total node deferrals because of -MaxIdle limit (1000)
07/07/26 19:32:22 Note: 0 total node deferrals because of node category throttles
07/07/26 19:32:22 Note: 0 total PRE script deferrals because of -MaxPre limit (20) or DEFER
07/07/26 19:32:22 Note: 0 total POST script deferrals because of -MaxPost limit (20) or DEFER
07/07/26 19:32:22 Note: 0 total HOLD script deferrals because of -MaxHold limit (20) or DEFER
07/07/26 19:32:22 DAG status: 0 (DAG_STATUS_OK)
07/07/26 19:32:22 Of 5 nodes total:
07/07/26 19:32:22  Done     Pre   Queued    Post   Ready   Un-Ready   Failed   Futile
07/07/26 19:32:22   ===     ===      ===     ===     ===        ===      ===      ===
07/07/26 19:32:22     5       0        0       0       0          0        0        0
07/07/26 19:32:22 0 job proc(s) currently held
07/07/26 19:32:22 DAGMan Runtime Statistics: [EventCycleTimeAvg=0.001; EventCycleTimeMax=0.112; EventCycleTimeMin=0.000; EventCycleTimeStd=0.005; EventCycleTimeSum=0.842; SleepCycleTimeAvg=5.004; SleepCycleTimeMax=5.027; SleepCycleTimeMin=5.000; SleepCycleTimeStd=0.003; SleepCycleTimeSum=5474.858; SubmitCycleTimeAvg=0.000; SubmitCycleTimeMax=0.108; SubmitCycleTimeMin=0.000; SubmitCycleTimeStd=0.004; SubmitCycleTimeSum=0.236; EventCycleTimeCount=1094.000; SleepCycleTimeCount=1094.000; SubmitCycleTimeCount=1095.000; LogProcessCycleTimeAvg=0.005; LogProcessCycleTimeMax=0.074; LogProcessCycleTimeMin=0.001; LogProcessCycleTimeStd=0.010; LogProcessCycleTimeSum=0.274; LogProcessCycleTimeCount=52.000; ]
07/07/26 19:32:22 Wrote metrics file one_way_line_det_one_way_line_17_10_action_shield.dag.metrics.
07/07/26 19:32:22 DAGMan Runtime Statistics: [EventCycleTimeAvg=0.001; EventCycleTimeMax=0.112; EventCycleTimeMin=0.000; EventCycleTimeStd=0.005; EventCycleTimeSum=0.842; SleepCycleTimeAvg=5.004; SleepCycleTimeMax=5.027; SleepCycleTimeMin=5.000; SleepCycleTimeStd=0.003; SleepCycleTimeSum=5474.858; SubmitCycleTimeAvg=0.000; SubmitCycleTimeMax=0.108; SubmitCycleTimeMin=0.000; SubmitCycleTimeStd=0.004; SubmitCycleTimeSum=0.236; EventCycleTimeCount=1094.000; SleepCycleTimeCount=1094.000; SubmitCycleTimeCount=1095.000; LogProcessCycleTimeAvg=0.005; LogProcessCycleTimeMax=0.074; LogProcessCycleTimeMin=0.001; LogProcessCycleTimeStd=0.010; LogProcessCycleTimeSum=0.274; LogProcessCycleTimeCount=52.000; ]
07/07/26 19:32:22 **** condor_scheduniv_exec.170257.0 (condor_DAGMAN) pid 589474 EXITING WITH STATUS 0
07/07/26 23:23:00 ******************************************************
07/07/26 23:23:00 ** condor_scheduniv_exec.170514.0 (CONDOR_DAGMAN) STARTING UP
07/07/26 23:23:00 ** /usr/bin/condor_dagman
07/07/26 23:23:00 ** SubsystemInfo: name=DAGMAN type=DAGMAN(9) class=CLIENT(2)
07/07/26 23:23:00 ** Configuration: subsystem:DAGMAN local:<NONE> class:CLIENT
07/07/26 23:23:00 ** $CondorVersion: 24.12.19 2026-04-15 BuildID: 896241 PackageID: 24.12.19-1+deb12 GitSHA: c68f3e0e $
07/07/26 23:23:00 ** $CondorPlatform: X86_64-Debian_12 $
07/07/26 23:23:00 ** PID = 708219 RealUID = 1620002036
07/07/26 23:23:00 ** Log last touched 7/7 19:32:22
07/07/26 23:23:00 ******************************************************
07/07/26 23:23:00 Using config source: /etc/condor/condor_config
07/07/26 23:23:00 Using local config sources: 
07/07/26 23:23:00    /etc/condor/config.d/01-submit.conf
07/07/26 23:23:00    /etc/condor/config.d/10-stash-plugin.conf
07/07/26 23:23:00    /etc/condor/config.d/23-network.config
07/07/26 23:23:00    /etc/condor/config.d/31-mail.conf
07/07/26 23:23:00    /etc/condor/config.d/35-cc-sync.conf
07/07/26 23:23:00    /etc/condor/config.d/41-periodic-remove.conf
07/07/26 23:23:00    /etc/condor/config.d/49-common.conf
07/07/26 23:23:00    /etc/condor/config.d/52-group-mapping.conf
07/07/26 23:23:00    /etc/condor/config.d/54-container.conf
07/07/26 23:23:00    /etc/condor/config.d/67-submit-transforms.conf
07/07/26 23:23:00    /etc/condor/config.d/71-submit-requirements.conf
07/07/26 23:23:00    /etc/condor/condor_config.local
07/07/26 23:23:00 config Macros = 110, Sorted = 110, StringBytes = 6396, TablesBytes = 4088
07/07/26 23:23:00 CLASSAD_CACHING is ENABLED
07/07/26 23:23:00 Daemon Log is logging: D_ALWAYS D_ERROR D_STATUS
07/07/26 23:23:00 Daemoncore: Listening at <0.0.0.0:3047> on TCP (ReliSock) and UDP (SafeSock).
07/07/26 23:23:00 DaemonCore: command socket at <10.143.248.60:3047?addrs=10.143.248.60-3047&alias=conduit.hpc.uni-saarland.de>
07/07/26 23:23:00 DaemonCore: private command socket at <10.143.248.60:3047?addrs=10.143.248.60-3047&alias=conduit.hpc.uni-saarland.de>
07/07/26 23:23:00 DAGMAN_USE_STRICT setting: 1
07/07/26 23:23:00 DAGMAN_VERBOSITY setting: 3
07/07/26 23:23:00 DAGMAN_DEBUG_CACHE_SIZE setting: 5242880
07/07/26 23:23:00 DAGMAN_DEBUG_CACHE_ENABLE setting: False
07/07/26 23:23:00 DAGMAN_SUBMIT_DELAY setting: 0
07/07/26 23:23:00 DAGMAN_MAX_SUBMIT_ATTEMPTS setting: 6
07/07/26 23:23:00 DAGMAN_STARTUP_CYCLE_DETECT setting: False
07/07/26 23:23:00 DAGMAN_USE_JOIN_NODES setting: True
07/07/26 23:23:00 DAGMAN_REPORT_GRAPH_METRICS setting: False
07/07/26 23:23:00 DAGMAN_MAX_SUBMITS_PER_INTERVAL setting: 100
07/07/26 23:23:00 DAGMAN_AGGRESSIVE_SUBMIT setting: False
07/07/26 23:23:00 DAGMAN_USER_LOG_SCAN_INTERVAL setting: 5
07/07/26 23:23:00 DAGMAN_QUEUE_UPDATE_INTERVAL setting: 300.000000
07/07/26 23:23:00 DAGMAN_DEFAULT_PRIORITY setting: 0
07/07/26 23:23:00 DAGMAN_SUPPRESS_NOTIFICATION setting: False
07/07/26 23:23:00 allow_events (DAGMAN_ALLOW_EVENTS) setting: 114
07/07/26 23:23:00 DAGMAN_RETRY_SUBMIT_FIRST setting: True
07/07/26 23:23:00 DAGMAN_RETRY_NODE_FIRST setting: False
07/07/26 23:23:00 DAGMAN_MAX_JOBS_IDLE setting: 1000
07/07/26 23:23:00 DAGMAN_MAX_JOBS_SUBMITTED setting: 0
07/07/26 23:23:00 DAGMAN_MAX_PRE_SCRIPTS setting: 20
07/07/26 23:23:00 DAGMAN_MAX_POST_SCRIPTS setting: 20
07/07/26 23:23:00 DAGMAN_MAX_HOLD_SCRIPTS setting: 20
07/07/26 23:23:00 DAGMAN_MUNGE_NODE_NAMES setting: True
07/07/26 23:23:00 DAGMAN_ALLOW_ANY_NODE_NAME_CHARACTERS setting: False
07/07/26 23:23:00 DAGMAN_PROHIBIT_MULTI_JOBS setting: False
07/07/26 23:23:00 DAGMAN_SUBMIT_DEPTH_FIRST setting: False
07/07/26 23:23:00 DAGMAN_ALWAYS_RUN_POST setting: False
07/07/26 23:23:00 DAGMAN_CONDOR_SUBMIT_EXE setting: /usr/bin/condor_submit
07/07/26 23:23:00 DAGMAN_CONDOR_RM_EXE setting: /usr/bin/condor_rm
07/07/26 23:23:00 DAGMAN_USE_DIRECT_SUBMIT setting: True
07/07/26 23:23:00 DAGMAN_PRODUCE_JOB_CREDENTIALS setting: True
07/07/26 23:23:00 DAGMAN_DEFAULT_APPEND_VARS setting: False
07/07/26 23:23:00 DAGMAN_INHERIT_ATTRS_PREFIX setting: 
07/07/26 23:23:00 DAGMAN_INHERIT_ATTRS setting: 
07/07/26 23:23:00 DAGMAN_ABORT_DUPLICATES setting: True
07/07/26 23:23:00 DAGMAN_ABORT_ON_SCARY_SUBMIT setting: True
07/07/26 23:23:00 DAGMAN_PENDING_REPORT_INTERVAL setting: 600
07/07/26 23:23:00 DAGMAN_CHECK_QUEUE_INTERVAL setting: 28800
07/07/26 23:23:00 DAGMAN_PRINT_JOB_TABLE_INTERVAL setting: 900
07/07/26 23:23:00 DAGMAN_AUTO_RESCUE setting: True
07/07/26 23:23:00 DAGMAN_MAX_RESCUE_NUM setting: 100
07/07/26 23:23:00 DAGMAN_WRITE_PARTIAL_RESCUE setting: True
07/07/26 23:23:00 DAGMAN_RESET_RETRIES_UPON_RESCUE setting: True
07/07/26 23:23:00 DAGMAN_METRICS_FILE_VERSION setting: 2
07/07/26 23:23:00 DAGMAN_DEFAULT_NODE_LOG setting: @(DAG_DIR)/@(DAG_FILE).nodes.log
07/07/26 23:23:00 DAGMAN_LOG_ON_NFS_IS_ERROR setting: False
07/07/26 23:23:00 DAGMAN_GENERATE_SUBDAG_SUBMITS setting: True
07/07/26 23:23:00 DAGMAN_MAX_JOB_HOLDS setting: 100
07/07/26 23:23:00 DAGMAN_NODE_JOB_FAILURE_TOLERANCE setting: 0
07/07/26 23:23:00 DAGMAN_HOLD_CLAIM_TIME setting: 20
07/07/26 23:23:00 DAGMAN_SUPPRESS_JOB_LOGS setting: False
07/07/26 23:23:00 DAGMAN_REMOVE_NODE_JOBS setting: True
07/07/26 23:23:00 DAGMAN_PUT_FAILED_JOBS_ON_HOLD setting: False
07/07/26 23:23:00 DAGMAN_REMOVE_JOBS_AFTER_LIMIT_CHANGE setting: False
07/07/26 23:23:00 DAGMAN will adjust edges after parsing
07/07/26 23:23:00 argv[0] == "condor_scheduniv_exec.170514.0"
07/07/26 23:23:00 argv[1] == "-Lockfile"
07/07/26 23:23:00 argv[2] == "one_way_line_det_one_way_line_17_10_action_shield.dag.lock"
07/07/26 23:23:00 argv[3] == "-Dag"
07/07/26 23:23:00 argv[4] == "one_way_line_det_one_way_line_17_10_action_shield.dag"
07/07/26 23:23:00 argv[5] == "-CsdVersion"
07/07/26 23:23:00 argv[6] == "$CondorVersion: 24.12.19 2026-04-15 BuildID: 896241 PackageID: 24.12.19-1+deb12 GitSHA: c68f3e0e $"
07/07/26 23:23:00 argv[7] == "-dagman"
07/07/26 23:23:00 argv[8] == "/usr/bin/condor_dagman"
07/07/26 23:23:00 argv[9] == "-AutoRescue"
07/07/26 23:23:00 argv[10] == "1"
07/07/26 23:23:00 argv[11] == "-DoRescueFrom"
07/07/26 23:23:00 argv[12] == "0"
07/07/26 23:23:00 argv[13] == "-force"
07/07/26 23:23:00 Can't open directory "/etc/condor/passwords.d" as PRIV_ROOT, errno: 13 (Permission denied)
07/07/26 23:23:00 Can't open directory "/etc/condor/passwords.d" as PRIV_ROOT, errno: 13 (Permission denied)
07/07/26 23:23:00 Workflow batch-id: <170514.0>
07/07/26 23:23:00 Workflow batch-name: <one_way_line_det_one_way_line_17_10_action_shield.dag+170514>
07/07/26 23:23:00 Workflow accounting_group: <teaching>
07/07/26 23:23:00 Workflow accounting_group_user: <atml_team041>
07/07/26 23:23:00 Warning: failed to get attribute DAGNodeName
07/07/26 23:23:00 Default node log file is: </home/atml_team041/condor_tutorial/jani_env/experiments/repair_wo_domain/submissions/action_shield/one_way_line_det/./one_way_line_det_one_way_line_17_10_action_shield.dag.nodes.log>
07/07/26 23:23:00 DAG Lockfile will be written to one_way_line_det_one_way_line_17_10_action_shield.dag.lock
07/07/26 23:23:00 DAG Input file is one_way_line_det_one_way_line_17_10_action_shield.dag
07/07/26 23:23:00 Parsing 1 dagfiles
07/07/26 23:23:00 Parsing one_way_line_det_one_way_line_17_10_action_shield.dag ...
07/07/26 23:23:00 Adjusting edges
07/07/26 23:23:00 Dag contains 5 total nodes
07/07/26 23:23:00 Bootstrapping...
07/07/26 23:23:00 Number of pre-completed nodes: 0
07/07/26 23:23:00 MultiLogFiles: truncating log file /home/atml_team041/condor_tutorial/jani_env/experiments/repair_wo_domain/submissions/action_shield/one_way_line_det/./one_way_line_det_one_way_line_17_10_action_shield.dag.nodes.log
07/07/26 23:23:00 DAG status: 0 (DAG_STATUS_OK)
07/07/26 23:23:00 Of 5 nodes total:
07/07/26 23:23:00  Done     Pre   Queued    Post   Ready   Un-Ready   Failed   Futile
07/07/26 23:23:00   ===     ===      ===     ===     ===        ===      ===      ===
07/07/26 23:23:00     0       0        0       0       1          4        0        0
07/07/26 23:23:00 0 job proc(s) currently held
07/07/26 23:23:00 DAGMan Runtime Statistics: [EventCycleTimeSum=0.000; SleepCycleTimeSum=0.000; SubmitCycleTimeSum=0.000; EventCycleTimeCount=0.000; SleepCycleTimeCount=0.000; SubmitCycleTimeCount=0.000; LogProcessCycleTimeSum=0.000; LogProcessCycleTimeCount=0.000; ]
07/07/26 23:23:00 Registering condor_event_timer...
07/07/26 23:23:01 Submitting HTCondor Node COLLECT job(s)...
07/07/26 23:23:01 Submitting node COLLECT from file one_way_line_det_one_way_line_17_10_action_shield_collect.sub using direct job submission
07/07/26 23:23:01 ERROR: submit attempt failed, errno=2 No such file or directory
07/07/26 23:23:01 could not open submit file : one_way_line_det_one_way_line_17_10_action_shield_collect.sub - can't open file one_way_line_det_one_way_line_17_10_action_shield_collect.sub: No such file or directory
07/07/26 23:23:01 Submit warning: Submit:0:the line 'accounting_group_user = atml_team041' was unused by DAGMAN. Is it a typo?
|Submit:0:the line 'accounting_group = teaching' was unused by DAGMAN. Is it a typo?
|Submit:0:the line 'keep_claim_idle = 20' was unused by DAGMAN. Is it a typo?
|Submit:0:the line 'batch_id = 170514.0' was unused by DAGMAN. Is it a typo?
|Submit:0:the line 'batch_name = one_way_line_det_one_way_line_17_10_action_shield.dag+170514' was unused by DAGMAN. Is it a typo?
07/07/26 23:23:01 Job submit try 1/6 failed, will try again in >= 1 second.
07/07/26 23:23:01 DAG status: 0 (DAG_STATUS_OK)
07/07/26 23:23:01 Of 5 nodes total:
07/07/26 23:23:01  Done     Pre   Queued    Post   Ready   Un-Ready   Failed   Futile
07/07/26 23:23:01   ===     ===      ===     ===     ===        ===      ===      ===
07/07/26 23:23:01     0       0        0       0       1          4        0        0
07/07/26 23:23:01 0 job proc(s) currently held
07/07/26 23:23:01 DAGMan Runtime Statistics: [EventCycleTimeSum=0.000; SleepCycleTimeSum=0.000; SubmitCycleTimeAvg=0.005; SubmitCycleTimeMax=0.005; SubmitCycleTimeMin=0.005; SubmitCycleTimeStd=0.005; SubmitCycleTimeSum=0.005; EventCycleTimeCount=0.000; SleepCycleTimeCount=0.000; SubmitCycleTimeCount=1.000; LogProcessCycleTimeSum=0.000; LogProcessCycleTimeCount=0.000; ]
07/07/26 23:23:06 Submitting HTCondor Node COLLECT job(s)...
07/07/26 23:23:06 Submitting node COLLECT from file one_way_line_det_one_way_line_17_10_action_shield_collect.sub using direct job submission
07/07/26 23:23:06 ERROR: submit attempt failed, errno=2 No such file or directory
07/07/26 23:23:06 could not open submit file : one_way_line_det_one_way_line_17_10_action_shield_collect.sub - can't open file one_way_line_det_one_way_line_17_10_action_shield_collect.sub: No such file or directory
07/07/26 23:23:06 Submit warning: Submit:0:the line 'accounting_group_user = atml_team041' was unused by DAGMAN. Is it a typo?
|Submit:0:the line 'accounting_group = teaching' was unused by DAGMAN. Is it a typo?
|Submit:0:the line 'keep_claim_idle = 20' was unused by DAGMAN. Is it a typo?
|Submit:0:the line 'batch_id = 170514.0' was unused by DAGMAN. Is it a typo?
|Submit:0:the line 'batch_name = one_way_line_det_one_way_line_17_10_action_shield.dag+170514' was unused by DAGMAN. Is it a typo?
07/07/26 23:23:06 Job submit try 2/6 failed, will try again in >= 2 seconds.
07/07/26 23:23:11 Submitting HTCondor Node COLLECT job(s)...
07/07/26 23:23:11 Submitting node COLLECT from file one_way_line_det_one_way_line_17_10_action_shield_collect.sub using direct job submission
07/07/26 23:23:11 ERROR: submit attempt failed, errno=2 No such file or directory
07/07/26 23:23:11 could not open submit file : one_way_line_det_one_way_line_17_10_action_shield_collect.sub - can't open file one_way_line_det_one_way_line_17_10_action_shield_collect.sub: No such file or directory
07/07/26 23:23:11 Submit warning: Submit:0:the line 'accounting_group_user = atml_team041' was unused by DAGMAN. Is it a typo?
|Submit:0:the line 'accounting_group = teaching' was unused by DAGMAN. Is it a typo?
|Submit:0:the line 'keep_claim_idle = 20' was unused by DAGMAN. Is it a typo?
|Submit:0:the line 'batch_id = 170514.0' was unused by DAGMAN. Is it a typo?
|Submit:0:the line 'batch_name = one_way_line_det_one_way_line_17_10_action_shield.dag+170514' was unused by DAGMAN. Is it a typo?
07/07/26 23:23:11 Job submit try 3/6 failed, will try again in >= 4 seconds.
07/07/26 23:23:16 Submitting HTCondor Node COLLECT job(s)...
07/07/26 23:23:16 Submitting node COLLECT from file one_way_line_det_one_way_line_17_10_action_shield_collect.sub using direct job submission
07/07/26 23:23:16 ERROR: submit attempt failed, errno=2 No such file or directory
07/07/26 23:23:16 could not open submit file : one_way_line_det_one_way_line_17_10_action_shield_collect.sub - can't open file one_way_line_det_one_way_line_17_10_action_shield_collect.sub: No such file or directory
07/07/26 23:23:16 Submit warning: Submit:0:the line 'accounting_group_user = atml_team041' was unused by DAGMAN. Is it a typo?
|Submit:0:the line 'accounting_group = teaching' was unused by DAGMAN. Is it a typo?
|Submit:0:the line 'keep_claim_idle = 20' was unused by DAGMAN. Is it a typo?
|Submit:0:the line 'batch_id = 170514.0' was unused by DAGMAN. Is it a typo?
|Submit:0:the line 'batch_name = one_way_line_det_one_way_line_17_10_action_shield.dag+170514' was unused by DAGMAN. Is it a typo?
07/07/26 23:23:16 Job submit try 4/6 failed, will try again in >= 8 seconds.
07/07/26 23:23:27 Submitting HTCondor Node COLLECT job(s)...
07/07/26 23:23:27 Submitting node COLLECT from file one_way_line_det_one_way_line_17_10_action_shield_collect.sub using direct job submission
07/07/26 23:23:27 ERROR: submit attempt failed, errno=2 No such file or directory
07/07/26 23:23:27 could not open submit file : one_way_line_det_one_way_line_17_10_action_shield_collect.sub - can't open file one_way_line_det_one_way_line_17_10_action_shield_collect.sub: No such file or directory
07/07/26 23:23:27 Submit warning: Submit:0:the line 'accounting_group_user = atml_team041' was unused by DAGMAN. Is it a typo?
|Submit:0:the line 'accounting_group = teaching' was unused by DAGMAN. Is it a typo?
|Submit:0:the line 'keep_claim_idle = 20' was unused by DAGMAN. Is it a typo?
|Submit:0:the line 'batch_id = 170514.0' was unused by DAGMAN. Is it a typo?
|Submit:0:the line 'batch_name = one_way_line_det_one_way_line_17_10_action_shield.dag+170514' was unused by DAGMAN. Is it a typo?
07/07/26 23:23:27 Job submit try 5/6 failed, will try again in >= 16 seconds.
07/07/26 23:23:44 Submitting HTCondor Node COLLECT job(s)...
07/07/26 23:23:44 Submitting node COLLECT from file one_way_line_det_one_way_line_17_10_action_shield_collect.sub using direct job submission
07/07/26 23:23:44 ERROR: submit attempt failed, errno=2 No such file or directory
07/07/26 23:23:44 could not open submit file : one_way_line_det_one_way_line_17_10_action_shield_collect.sub - can't open file one_way_line_det_one_way_line_17_10_action_shield_collect.sub: No such file or directory
07/07/26 23:23:44 Submit warning: Submit:0:the line 'accounting_group_user = atml_team041' was unused by DAGMAN. Is it a typo?
|Submit:0:the line 'accounting_group = teaching' was unused by DAGMAN. Is it a typo?
|Submit:0:the line 'keep_claim_idle = 20' was unused by DAGMAN. Is it a typo?
|Submit:0:the line 'batch_id = 170514.0' was unused by DAGMAN. Is it a typo?
|Submit:0:the line 'batch_name = one_way_line_det_one_way_line_17_10_action_shield.dag+170514' was unused by DAGMAN. Is it a typo?
07/07/26 23:23:44 Node submit failed after 6 tries.
07/07/26 23:23:44 Shortcutting node COLLECT retries because of submit failure(s)
07/07/26 23:23:44 DAG status: 2 (DAG_STATUS_NODE_FAILED)
07/07/26 23:23:44 Of 5 nodes total:
07/07/26 23:23:44  Done     Pre   Queued    Post   Ready   Un-Ready   Failed   Futile
07/07/26 23:23:44   ===     ===      ===     ===     ===        ===      ===      ===
07/07/26 23:23:44     0       0        0       0       0          0        1        4
07/07/26 23:23:44 0 job proc(s) currently held
07/07/26 23:23:44 DAGMan Runtime Statistics: [EventCycleTimeAvg=0.379; EventCycleTimeMax=1.001; EventCycleTimeMin=0.004; EventCycleTimeStd=0.515; EventCycleTimeSum=3.032; SleepCycleTimeAvg=5.003; SleepCycleTimeMax=5.005; SleepCycleTimeMin=5.002; SleepCycleTimeStd=0.001; SleepCycleTimeSum=40.025; SubmitCycleTimeAvg=0.336; SubmitCycleTimeMax=1.001; SubmitCycleTimeMin=0.004; SubmitCycleTimeStd=0.498; SubmitCycleTimeSum=3.027; EventCycleTimeCount=8.000; SleepCycleTimeCount=8.000; SubmitCycleTimeCount=9.000; LogProcessCycleTimeSum=0.000; LogProcessCycleTimeCount=0.000; ]
07/07/26 23:23:44 ERROR: the following job(s) failed:
07/07/26 23:23:44 ---------------------- Node ----------------------
07/07/26 23:23:44       Node Name: COLLECT
07/07/26 23:23:44            Noop: false
07/07/26 23:23:44          NodeID: 0
07/07/26 23:23:44     Node Status: STATUS_ERROR    
07/07/26 23:23:44 Node return val: -1
07/07/26 23:23:44           Error: Job submit failed
07/07/26 23:23:44 Job Submit File: one_way_line_det_one_way_line_17_10_action_shield_collect.sub
07/07/26 23:23:44  HTCondor Job ID: [not yet submitted]
07/07/26 23:23:44 PARENTS:  WAITING: 0 CHILDREN: MERGE_COLLECTION
07/07/26 23:23:44 ---------------------------------------	<END>
07/07/26 23:23:44 Aborting DAG...
07/07/26 23:23:44 Writing Rescue DAG to one_way_line_det_one_way_line_17_10_action_shield.dag.rescue001...
07/07/26 23:23:44 Removing submitted jobs...
07/07/26 23:23:44 Removing any/all submitted HTCondor jobs...
07/07/26 23:23:44 Running: /usr/bin/condor_rm -const DAGManJobId==170514 -reason DAG' 'Abort:' 'DAG' 'is' 'exiting' 'and' 'writing' 'rescue' 'file.
07/07/26 23:23:44 Note: 0 total node deferrals because of -MaxJobs limit (0)
07/07/26 23:23:44 Note: 0 total node deferrals because of -MaxIdle limit (1000)
07/07/26 23:23:44 Note: 0 total node deferrals because of node category throttles
07/07/26 23:23:44 Note: 0 total PRE script deferrals because of -MaxPre limit (20) or DEFER
07/07/26 23:23:44 Note: 0 total POST script deferrals because of -MaxPost limit (20) or DEFER
07/07/26 23:23:44 Note: 0 total HOLD script deferrals because of -MaxHold limit (20) or DEFER
07/07/26 23:23:44 DAG status: 2 (DAG_STATUS_NODE_FAILED)
07/07/26 23:23:44 Of 5 nodes total:
07/07/26 23:23:44  Done     Pre   Queued    Post   Ready   Un-Ready   Failed   Futile
07/07/26 23:23:44   ===     ===      ===     ===     ===        ===      ===      ===
07/07/26 23:23:44     0       0        0       0       0          0        1        4
07/07/26 23:23:44 0 job proc(s) currently held
07/07/26 23:23:44 DAGMan Runtime Statistics: [EventCycleTimeAvg=0.379; EventCycleTimeMax=1.001; EventCycleTimeMin=0.004; EventCycleTimeStd=0.515; EventCycleTimeSum=3.032; SleepCycleTimeAvg=5.003; SleepCycleTimeMax=5.005; SleepCycleTimeMin=5.002; SleepCycleTimeStd=0.001; SleepCycleTimeSum=40.025; SubmitCycleTimeAvg=0.336; SubmitCycleTimeMax=1.001; SubmitCycleTimeMin=0.004; SubmitCycleTimeStd=0.498; SubmitCycleTimeSum=3.027; EventCycleTimeCount=8.000; SleepCycleTimeCount=8.000; SubmitCycleTimeCount=9.000; LogProcessCycleTimeSum=0.000; LogProcessCycleTimeCount=0.000; ]
07/07/26 23:23:44 Wrote metrics file one_way_line_det_one_way_line_17_10_action_shield.dag.metrics.
07/07/26 23:23:44 DAGMan Runtime Statistics: [EventCycleTimeAvg=0.379; EventCycleTimeMax=1.001; EventCycleTimeMin=0.004; EventCycleTimeStd=0.515; EventCycleTimeSum=3.032; SleepCycleTimeAvg=5.003; SleepCycleTimeMax=5.005; SleepCycleTimeMin=5.002; SleepCycleTimeStd=0.001; SleepCycleTimeSum=40.025; SubmitCycleTimeAvg=0.336; SubmitCycleTimeMax=1.001; SubmitCycleTimeMin=0.004; SubmitCycleTimeStd=0.498; SubmitCycleTimeSum=3.027; EventCycleTimeCount=8.000; SleepCycleTimeCount=8.000; SubmitCycleTimeCount=9.000; LogProcessCycleTimeSum=0.000; LogProcessCycleTimeCount=0.000; ]
07/07/26 23:23:44 **** condor_scheduniv_exec.170514.0 (condor_DAGMAN) pid 708219 EXITING WITH STATUS 1
07/07/26 23:42:08 ******************************************************
07/07/26 23:42:08 ** condor_scheduniv_exec.170530.0 (CONDOR_DAGMAN) STARTING UP
07/07/26 23:42:08 ** /usr/bin/condor_dagman
07/07/26 23:42:08 ** SubsystemInfo: name=DAGMAN type=DAGMAN(9) class=CLIENT(2)
07/07/26 23:42:08 ** Configuration: subsystem:DAGMAN local:<NONE> class:CLIENT
07/07/26 23:42:08 ** $CondorVersion: 24.12.19 2026-04-15 BuildID: 896241 PackageID: 24.12.19-1+deb12 GitSHA: c68f3e0e $
07/07/26 23:42:08 ** $CondorPlatform: X86_64-Debian_12 $
07/07/26 23:42:08 ** PID = 717423 RealUID = 1620002036
07/07/26 23:42:08 ** Log last touched 7/7 23:23:44
07/07/26 23:42:08 ******************************************************
07/07/26 23:42:08 Using config source: /etc/condor/condor_config
07/07/26 23:42:08 Using local config sources: 
07/07/26 23:42:08    /etc/condor/config.d/01-submit.conf
07/07/26 23:42:08    /etc/condor/config.d/10-stash-plugin.conf
07/07/26 23:42:08    /etc/condor/config.d/23-network.config
07/07/26 23:42:08    /etc/condor/config.d/31-mail.conf
07/07/26 23:42:08    /etc/condor/config.d/35-cc-sync.conf
07/07/26 23:42:08    /etc/condor/config.d/41-periodic-remove.conf
07/07/26 23:42:08    /etc/condor/config.d/49-common.conf
07/07/26 23:42:08    /etc/condor/config.d/52-group-mapping.conf
07/07/26 23:42:08    /etc/condor/config.d/54-container.conf
07/07/26 23:42:08    /etc/condor/config.d/67-submit-transforms.conf
07/07/26 23:42:08    /etc/condor/config.d/71-submit-requirements.conf
07/07/26 23:42:08    /etc/condor/condor_config.local
07/07/26 23:42:08 config Macros = 110, Sorted = 110, StringBytes = 6396, TablesBytes = 4088
07/07/26 23:42:08 CLASSAD_CACHING is ENABLED
07/07/26 23:42:08 Daemon Log is logging: D_ALWAYS D_ERROR D_STATUS
07/07/26 23:42:08 Daemoncore: Listening at <0.0.0.0:15707> on TCP (ReliSock) and UDP (SafeSock).
07/07/26 23:42:08 DaemonCore: command socket at <10.143.248.60:15707?addrs=10.143.248.60-15707&alias=conduit.hpc.uni-saarland.de>
07/07/26 23:42:08 DaemonCore: private command socket at <10.143.248.60:15707?addrs=10.143.248.60-15707&alias=conduit.hpc.uni-saarland.de>
07/07/26 23:42:08 DAGMAN_USE_STRICT setting: 1
07/07/26 23:42:08 DAGMAN_VERBOSITY setting: 3
07/07/26 23:42:08 DAGMAN_DEBUG_CACHE_SIZE setting: 5242880
07/07/26 23:42:08 DAGMAN_DEBUG_CACHE_ENABLE setting: False
07/07/26 23:42:08 DAGMAN_SUBMIT_DELAY setting: 0
07/07/26 23:42:08 DAGMAN_MAX_SUBMIT_ATTEMPTS setting: 6
07/07/26 23:42:08 DAGMAN_STARTUP_CYCLE_DETECT setting: False
07/07/26 23:42:08 DAGMAN_USE_JOIN_NODES setting: True
07/07/26 23:42:08 DAGMAN_REPORT_GRAPH_METRICS setting: False
07/07/26 23:42:08 DAGMAN_MAX_SUBMITS_PER_INTERVAL setting: 100
07/07/26 23:42:08 DAGMAN_AGGRESSIVE_SUBMIT setting: False
07/07/26 23:42:08 DAGMAN_USER_LOG_SCAN_INTERVAL setting: 5
07/07/26 23:42:08 DAGMAN_QUEUE_UPDATE_INTERVAL setting: 300.000000
07/07/26 23:42:08 DAGMAN_DEFAULT_PRIORITY setting: 0
07/07/26 23:42:08 DAGMAN_SUPPRESS_NOTIFICATION setting: False
07/07/26 23:42:08 allow_events (DAGMAN_ALLOW_EVENTS) setting: 114
07/07/26 23:42:08 DAGMAN_RETRY_SUBMIT_FIRST setting: True
07/07/26 23:42:08 DAGMAN_RETRY_NODE_FIRST setting: False
07/07/26 23:42:08 DAGMAN_MAX_JOBS_IDLE setting: 1000
07/07/26 23:42:08 DAGMAN_MAX_JOBS_SUBMITTED setting: 0
07/07/26 23:42:08 DAGMAN_MAX_PRE_SCRIPTS setting: 20
07/07/26 23:42:08 DAGMAN_MAX_POST_SCRIPTS setting: 20
07/07/26 23:42:08 DAGMAN_MAX_HOLD_SCRIPTS setting: 20
07/07/26 23:42:08 DAGMAN_MUNGE_NODE_NAMES setting: True
07/07/26 23:42:08 DAGMAN_ALLOW_ANY_NODE_NAME_CHARACTERS setting: False
07/07/26 23:42:08 DAGMAN_PROHIBIT_MULTI_JOBS setting: False
07/07/26 23:42:08 DAGMAN_SUBMIT_DEPTH_FIRST setting: False
07/07/26 23:42:08 DAGMAN_ALWAYS_RUN_POST setting: False
07/07/26 23:42:08 DAGMAN_CONDOR_SUBMIT_EXE setting: /usr/bin/condor_submit
07/07/26 23:42:08 DAGMAN_CONDOR_RM_EXE setting: /usr/bin/condor_rm
07/07/26 23:42:08 DAGMAN_USE_DIRECT_SUBMIT setting: True
07/07/26 23:42:08 DAGMAN_PRODUCE_JOB_CREDENTIALS setting: True
07/07/26 23:42:08 DAGMAN_DEFAULT_APPEND_VARS setting: False
07/07/26 23:42:08 DAGMAN_INHERIT_ATTRS_PREFIX setting: 
07/07/26 23:42:08 DAGMAN_INHERIT_ATTRS setting: 
07/07/26 23:42:08 DAGMAN_ABORT_DUPLICATES setting: True
07/07/26 23:42:08 DAGMAN_ABORT_ON_SCARY_SUBMIT setting: True
07/07/26 23:42:08 DAGMAN_PENDING_REPORT_INTERVAL setting: 600
07/07/26 23:42:08 DAGMAN_CHECK_QUEUE_INTERVAL setting: 28800
07/07/26 23:42:08 DAGMAN_PRINT_JOB_TABLE_INTERVAL setting: 900
07/07/26 23:42:08 DAGMAN_AUTO_RESCUE setting: True
07/07/26 23:42:08 DAGMAN_MAX_RESCUE_NUM setting: 100
07/07/26 23:42:08 DAGMAN_WRITE_PARTIAL_RESCUE setting: True
07/07/26 23:42:08 DAGMAN_RESET_RETRIES_UPON_RESCUE setting: True
07/07/26 23:42:08 DAGMAN_METRICS_FILE_VERSION setting: 2
07/07/26 23:42:08 DAGMAN_DEFAULT_NODE_LOG setting: @(DAG_DIR)/@(DAG_FILE).nodes.log
07/07/26 23:42:08 DAGMAN_LOG_ON_NFS_IS_ERROR setting: False
07/07/26 23:42:08 DAGMAN_GENERATE_SUBDAG_SUBMITS setting: True
07/07/26 23:42:08 DAGMAN_MAX_JOB_HOLDS setting: 100
07/07/26 23:42:08 DAGMAN_NODE_JOB_FAILURE_TOLERANCE setting: 0
07/07/26 23:42:08 DAGMAN_HOLD_CLAIM_TIME setting: 20
07/07/26 23:42:08 DAGMAN_SUPPRESS_JOB_LOGS setting: False
07/07/26 23:42:08 DAGMAN_REMOVE_NODE_JOBS setting: True
07/07/26 23:42:08 DAGMAN_PUT_FAILED_JOBS_ON_HOLD setting: False
07/07/26 23:42:08 DAGMAN_REMOVE_JOBS_AFTER_LIMIT_CHANGE setting: False
07/07/26 23:42:08 DAGMAN will adjust edges after parsing
07/07/26 23:42:08 argv[0] == "condor_scheduniv_exec.170530.0"
07/07/26 23:42:08 argv[1] == "-Lockfile"
07/07/26 23:42:08 argv[2] == "one_way_line_det_one_way_line_17_10_action_shield.dag.lock"
07/07/26 23:42:08 argv[3] == "-Dag"
07/07/26 23:42:08 argv[4] == "one_way_line_det_one_way_line_17_10_action_shield.dag"
07/07/26 23:42:08 argv[5] == "-CsdVersion"
07/07/26 23:42:08 argv[6] == "$CondorVersion: 24.12.19 2026-04-15 BuildID: 896241 PackageID: 24.12.19-1+deb12 GitSHA: c68f3e0e $"
07/07/26 23:42:08 argv[7] == "-dagman"
07/07/26 23:42:08 argv[8] == "/usr/bin/condor_dagman"
07/07/26 23:42:08 argv[9] == "-AutoRescue"
07/07/26 23:42:08 argv[10] == "1"
07/07/26 23:42:08 argv[11] == "-DoRescueFrom"
07/07/26 23:42:08 argv[12] == "0"
07/07/26 23:42:08 Can't open directory "/etc/condor/passwords.d" as PRIV_ROOT, errno: 13 (Permission denied)
07/07/26 23:42:08 Can't open directory "/etc/condor/passwords.d" as PRIV_ROOT, errno: 13 (Permission denied)
07/07/26 23:42:08 Workflow batch-id: <170530.0>
07/07/26 23:42:08 Workflow batch-name: <one_way_line_det_one_way_line_17_10_action_shield.dag+170530>
07/07/26 23:42:08 Workflow accounting_group: <teaching>
07/07/26 23:42:08 Workflow accounting_group_user: <atml_team041>
07/07/26 23:42:08 Warning: failed to get attribute DAGNodeName
07/07/26 23:42:08 Default node log file is: </home/atml_team041/condor_tutorial/jani_env/experiments/repair_wo_domain/submissions/action_shield/one_way_line_det/./one_way_line_det_one_way_line_17_10_action_shield.dag.nodes.log>
07/07/26 23:42:08 DAG Lockfile will be written to one_way_line_det_one_way_line_17_10_action_shield.dag.lock
07/07/26 23:42:08 DAG Input file is one_way_line_det_one_way_line_17_10_action_shield.dag
07/07/26 23:42:08 Parsing 1 dagfiles
07/07/26 23:42:08 Parsing one_way_line_det_one_way_line_17_10_action_shield.dag ...
07/07/26 23:42:08 Adjusting edges
07/07/26 23:42:08 Found rescue DAG number 1; running one_way_line_det_one_way_line_17_10_action_shield.dag.rescue001 in combination with normal DAG file
07/07/26 23:42:08 ~~~~~~~~~~~~~~~~~~~~~~~~~~~~~~~~~~~~~~~~~~~~~~~~~~~~~~
07/07/26 23:42:08 USING RESCUE DAG one_way_line_det_one_way_line_17_10_action_shield.dag.rescue001
07/07/26 23:42:08 Dag contains 5 total nodes
07/07/26 23:42:08 Bootstrapping...
07/07/26 23:42:08 Number of pre-completed nodes: 0
07/07/26 23:42:08 MultiLogFiles: truncating log file /home/atml_team041/condor_tutorial/jani_env/experiments/repair_wo_domain/submissions/action_shield/one_way_line_det/./one_way_line_det_one_way_line_17_10_action_shield.dag.nodes.log
07/07/26 23:42:08 DAG status: 0 (DAG_STATUS_OK)
07/07/26 23:42:08 Of 5 nodes total:
07/07/26 23:42:08  Done     Pre   Queued    Post   Ready   Un-Ready   Failed   Futile
07/07/26 23:42:08   ===     ===      ===     ===     ===        ===      ===      ===
07/07/26 23:42:08     0       0        0       0       1          4        0        0
07/07/26 23:42:08 0 job proc(s) currently held
07/07/26 23:42:08 DAGMan Runtime Statistics: [EventCycleTimeSum=0.000; SleepCycleTimeSum=0.000; SubmitCycleTimeSum=0.000; EventCycleTimeCount=0.000; SleepCycleTimeCount=0.000; SubmitCycleTimeCount=0.000; LogProcessCycleTimeSum=0.000; LogProcessCycleTimeCount=0.000; ]
07/07/26 23:42:08 Registering condor_event_timer...
07/07/26 23:42:09 Submitting HTCondor Node COLLECT job(s)...
07/07/26 23:42:09 Submitting node COLLECT from file one_way_line_det_one_way_line_17_10_action_shield_collect.sub using direct job submission
07/07/26 23:42:09 	assigned HTCondor ID (170531.0.0)
07/07/26 23:42:09 Just submitted 1 job this cycle...
07/07/26 23:42:09 DAG status: 0 (DAG_STATUS_OK)
07/07/26 23:42:09 Of 5 nodes total:
07/07/26 23:42:09  Done     Pre   Queued    Post   Ready   Un-Ready   Failed   Futile
07/07/26 23:42:09   ===     ===      ===     ===     ===        ===      ===      ===
07/07/26 23:42:09     0       0        1       0       0          4        0        0
07/07/26 23:42:09 0 job proc(s) currently held
07/07/26 23:42:09 DAGMan Runtime Statistics: [EventCycleTimeSum=0.000; SleepCycleTimeSum=0.000; SubmitCycleTimeAvg=0.128; SubmitCycleTimeMax=0.128; SubmitCycleTimeMin=0.128; SubmitCycleTimeStd=0.128; SubmitCycleTimeSum=0.128; EventCycleTimeCount=0.000; SleepCycleTimeCount=0.000; SubmitCycleTimeCount=1.000; LogProcessCycleTimeSum=0.000; LogProcessCycleTimeCount=0.000; ]
07/07/26 23:42:14 Currently monitoring 1 HTCondor log file(s)
07/07/26 23:42:14 Reassigning the id of job COLLECT from (170531.0.0) to (170531.0.0)
07/07/26 23:42:14 Event: ULOG_SUBMIT for HTCondor Node COLLECT (170531.0.0) {07/07/26 23:42:09}
07/07/26 23:42:14 Number of idle job procs: 1
07/07/26 23:42:14 Reassigning the id of job COLLECT from (170531.0.0) to (170531.1.0)
07/07/26 23:42:14 Event: ULOG_SUBMIT for HTCondor Node COLLECT (170531.1.0) {07/07/26 23:42:09}
07/07/26 23:42:14 Number of idle job procs: 2
07/07/26 23:42:14 Reassigning the id of job COLLECT from (170531.1.0) to (170531.10.0)
07/07/26 23:42:14 Event: ULOG_SUBMIT for HTCondor Node COLLECT (170531.10.0) {07/07/26 23:42:09}
07/07/26 23:42:14 Number of idle job procs: 3
07/07/26 23:42:14 Reassigning the id of job COLLECT from (170531.10.0) to (170531.11.0)
07/07/26 23:42:14 Event: ULOG_SUBMIT for HTCondor Node COLLECT (170531.11.0) {07/07/26 23:42:09}
07/07/26 23:42:14 Number of idle job procs: 4
07/07/26 23:42:14 Reassigning the id of job COLLECT from (170531.11.0) to (170531.12.0)
07/07/26 23:42:14 Event: ULOG_SUBMIT for HTCondor Node COLLECT (170531.12.0) {07/07/26 23:42:09}
07/07/26 23:42:14 Number of idle job procs: 5
07/07/26 23:42:14 Reassigning the id of job COLLECT from (170531.12.0) to (170531.13.0)
07/07/26 23:42:14 Event: ULOG_SUBMIT for HTCondor Node COLLECT (170531.13.0) {07/07/26 23:42:09}
07/07/26 23:42:14 Number of idle job procs: 6
07/07/26 23:42:14 Reassigning the id of job COLLECT from (170531.13.0) to (170531.14.0)
07/07/26 23:42:14 Event: ULOG_SUBMIT for HTCondor Node COLLECT (170531.14.0) {07/07/26 23:42:09}
07/07/26 23:42:14 Number of idle job procs: 7
07/07/26 23:42:14 Reassigning the id of job COLLECT from (170531.14.0) to (170531.15.0)
07/07/26 23:42:14 Event: ULOG_SUBMIT for HTCondor Node COLLECT (170531.15.0) {07/07/26 23:42:09}
07/07/26 23:42:14 Number of idle job procs: 8
07/07/26 23:42:14 Reassigning the id of job COLLECT from (170531.15.0) to (170531.16.0)
07/07/26 23:42:14 Event: ULOG_SUBMIT for HTCondor Node COLLECT (170531.16.0) {07/07/26 23:42:09}
07/07/26 23:42:14 Number of idle job procs: 9
07/07/26 23:42:14 Reassigning the id of job COLLECT from (170531.16.0) to (170531.17.0)
07/07/26 23:42:14 Event: ULOG_SUBMIT for HTCondor Node COLLECT (170531.17.0) {07/07/26 23:42:09}
07/07/26 23:42:14 Number of idle job procs: 10
07/07/26 23:42:14 Reassigning the id of job COLLECT from (170531.17.0) to (170531.18.0)
07/07/26 23:42:14 Event: ULOG_SUBMIT for HTCondor Node COLLECT (170531.18.0) {07/07/26 23:42:09}
07/07/26 23:42:14 Number of idle job procs: 11
07/07/26 23:42:14 Reassigning the id of job COLLECT from (170531.18.0) to (170531.19.0)
07/07/26 23:42:14 Event: ULOG_SUBMIT for HTCondor Node COLLECT (170531.19.0) {07/07/26 23:42:09}
07/07/26 23:42:14 Number of idle job procs: 12
07/07/26 23:42:14 Reassigning the id of job COLLECT from (170531.19.0) to (170531.2.0)
07/07/26 23:42:14 Event: ULOG_SUBMIT for HTCondor Node COLLECT (170531.2.0) {07/07/26 23:42:09}
07/07/26 23:42:14 Number of idle job procs: 13
07/07/26 23:42:14 Reassigning the id of job COLLECT from (170531.2.0) to (170531.20.0)
07/07/26 23:42:14 Event: ULOG_SUBMIT for HTCondor Node COLLECT (170531.20.0) {07/07/26 23:42:09}
07/07/26 23:42:14 Number of idle job procs: 14
07/07/26 23:42:14 Reassigning the id of job COLLECT from (170531.20.0) to (170531.21.0)
07/07/26 23:42:14 Event: ULOG_SUBMIT for HTCondor Node COLLECT (170531.21.0) {07/07/26 23:42:09}
07/07/26 23:42:14 Number of idle job procs: 15
07/07/26 23:42:14 Reassigning the id of job COLLECT from (170531.21.0) to (170531.22.0)
07/07/26 23:42:14 Event: ULOG_SUBMIT for HTCondor Node COLLECT (170531.22.0) {07/07/26 23:42:09}
07/07/26 23:42:14 Number of idle job procs: 16
07/07/26 23:42:14 Reassigning the id of job COLLECT from (170531.22.0) to (170531.23.0)
07/07/26 23:42:14 Event: ULOG_SUBMIT for HTCondor Node COLLECT (170531.23.0) {07/07/26 23:42:09}
07/07/26 23:42:14 Number of idle job procs: 17
07/07/26 23:42:14 Reassigning the id of job COLLECT from (170531.23.0) to (170531.24.0)
07/07/26 23:42:14 Event: ULOG_SUBMIT for HTCondor Node COLLECT (170531.24.0) {07/07/26 23:42:09}
07/07/26 23:42:14 Number of idle job procs: 18
07/07/26 23:42:14 Reassigning the id of job COLLECT from (170531.24.0) to (170531.25.0)
07/07/26 23:42:14 Event: ULOG_SUBMIT for HTCondor Node COLLECT (170531.25.0) {07/07/26 23:42:09}
07/07/26 23:42:14 Number of idle job procs: 19
07/07/26 23:42:14 Reassigning the id of job COLLECT from (170531.25.0) to (170531.26.0)
07/07/26 23:42:14 Event: ULOG_SUBMIT for HTCondor Node COLLECT (170531.26.0) {07/07/26 23:42:09}
07/07/26 23:42:14 Number of idle job procs: 20
07/07/26 23:42:14 Reassigning the id of job COLLECT from (170531.26.0) to (170531.27.0)
07/07/26 23:42:14 Event: ULOG_SUBMIT for HTCondor Node COLLECT (170531.27.0) {07/07/26 23:42:09}
07/07/26 23:42:14 Number of idle job procs: 21
07/07/26 23:42:14 Reassigning the id of job COLLECT from (170531.27.0) to (170531.28.0)
07/07/26 23:42:14 Event: ULOG_SUBMIT for HTCondor Node COLLECT (170531.28.0) {07/07/26 23:42:09}
07/07/26 23:42:14 Number of idle job procs: 22
07/07/26 23:42:14 Reassigning the id of job COLLECT from (170531.28.0) to (170531.29.0)
07/07/26 23:42:14 Event: ULOG_SUBMIT for HTCondor Node COLLECT (170531.29.0) {07/07/26 23:42:09}
07/07/26 23:42:14 Number of idle job procs: 23
07/07/26 23:42:14 Reassigning the id of job COLLECT from (170531.29.0) to (170531.3.0)
07/07/26 23:42:14 Event: ULOG_SUBMIT for HTCondor Node COLLECT (170531.3.0) {07/07/26 23:42:09}
07/07/26 23:42:14 Number of idle job procs: 24
07/07/26 23:42:14 Reassigning the id of job COLLECT from (170531.3.0) to (170531.30.0)
07/07/26 23:42:14 Event: ULOG_SUBMIT for HTCondor Node COLLECT (170531.30.0) {07/07/26 23:42:09}
07/07/26 23:42:14 Number of idle job procs: 25
07/07/26 23:42:14 Reassigning the id of job COLLECT from (170531.30.0) to (170531.31.0)
07/07/26 23:42:14 Event: ULOG_SUBMIT for HTCondor Node COLLECT (170531.31.0) {07/07/26 23:42:09}
07/07/26 23:42:14 Number of idle job procs: 26
07/07/26 23:42:14 Reassigning the id of job COLLECT from (170531.31.0) to (170531.32.0)
07/07/26 23:42:14 Event: ULOG_SUBMIT for HTCondor Node COLLECT (170531.32.0) {07/07/26 23:42:09}
07/07/26 23:42:14 Number of idle job procs: 27
07/07/26 23:42:14 Reassigning the id of job COLLECT from (170531.32.0) to (170531.33.0)
07/07/26 23:42:14 Event: ULOG_SUBMIT for HTCondor Node COLLECT (170531.33.0) {07/07/26 23:42:09}
07/07/26 23:42:14 Number of idle job procs: 28
07/07/26 23:42:14 Reassigning the id of job COLLECT from (170531.33.0) to (170531.34.0)
07/07/26 23:42:14 Event: ULOG_SUBMIT for HTCondor Node COLLECT (170531.34.0) {07/07/26 23:42:09}
07/07/26 23:42:14 Number of idle job procs: 29
07/07/26 23:42:14 Reassigning the id of job COLLECT from (170531.34.0) to (170531.35.0)
07/07/26 23:42:14 Event: ULOG_SUBMIT for HTCondor Node COLLECT (170531.35.0) {07/07/26 23:42:09}
07/07/26 23:42:14 Number of idle job procs: 30
07/07/26 23:42:14 Reassigning the id of job COLLECT from (170531.35.0) to (170531.36.0)
07/07/26 23:42:14 Event: ULOG_SUBMIT for HTCondor Node COLLECT (170531.36.0) {07/07/26 23:42:09}
07/07/26 23:42:14 Number of idle job procs: 31
07/07/26 23:42:14 Reassigning the id of job COLLECT from (170531.36.0) to (170531.37.0)
07/07/26 23:42:14 Event: ULOG_SUBMIT for HTCondor Node COLLECT (170531.37.0) {07/07/26 23:42:09}
07/07/26 23:42:14 Number of idle job procs: 32
07/07/26 23:42:14 Reassigning the id of job COLLECT from (170531.37.0) to (170531.38.0)
07/07/26 23:42:14 Event: ULOG_SUBMIT for HTCondor Node COLLECT (170531.38.0) {07/07/26 23:42:09}
07/07/26 23:42:14 Number of idle job procs: 33
07/07/26 23:42:14 Reassigning the id of job COLLECT from (170531.38.0) to (170531.39.0)
07/07/26 23:42:14 Event: ULOG_SUBMIT for HTCondor Node COLLECT (170531.39.0) {07/07/26 23:42:09}
07/07/26 23:42:14 Number of idle job procs: 34
07/07/26 23:42:14 Reassigning the id of job COLLECT from (170531.39.0) to (170531.4.0)
07/07/26 23:42:14 Event: ULOG_SUBMIT for HTCondor Node COLLECT (170531.4.0) {07/07/26 23:42:09}
07/07/26 23:42:14 Number of idle job procs: 35
07/07/26 23:42:14 Reassigning the id of job COLLECT from (170531.4.0) to (170531.5.0)
07/07/26 23:42:14 Event: ULOG_SUBMIT for HTCondor Node COLLECT (170531.5.0) {07/07/26 23:42:09}
07/07/26 23:42:14 Number of idle job procs: 36
07/07/26 23:42:14 Reassigning the id of job COLLECT from (170531.5.0) to (170531.6.0)
07/07/26 23:42:14 Event: ULOG_SUBMIT for HTCondor Node COLLECT (170531.6.0) {07/07/26 23:42:09}
07/07/26 23:42:14 Number of idle job procs: 37
07/07/26 23:42:14 Reassigning the id of job COLLECT from (170531.6.0) to (170531.7.0)
07/07/26 23:42:14 Event: ULOG_SUBMIT for HTCondor Node COLLECT (170531.7.0) {07/07/26 23:42:09}
07/07/26 23:42:14 Number of idle job procs: 38
07/07/26 23:42:14 Reassigning the id of job COLLECT from (170531.7.0) to (170531.8.0)
07/07/26 23:42:14 Event: ULOG_SUBMIT for HTCondor Node COLLECT (170531.8.0) {07/07/26 23:42:09}
07/07/26 23:42:14 Number of idle job procs: 39
07/07/26 23:42:14 Reassigning the id of job COLLECT from (170531.8.0) to (170531.9.0)
07/07/26 23:42:14 Event: ULOG_SUBMIT for HTCondor Node COLLECT (170531.9.0) {07/07/26 23:42:09}
07/07/26 23:42:14 Number of idle job procs: 40
07/07/26 23:44:51 ******************************************************
07/07/26 23:44:51 ** condor_scheduniv_exec.170532.0 (CONDOR_DAGMAN) STARTING UP
07/07/26 23:44:51 ** /usr/bin/condor_dagman
07/07/26 23:44:51 ** SubsystemInfo: name=DAGMAN type=DAGMAN(9) class=CLIENT(2)
07/07/26 23:44:51 ** Configuration: subsystem:DAGMAN local:<NONE> class:CLIENT
07/07/26 23:44:51 ** $CondorVersion: 24.12.19 2026-04-15 BuildID: 896241 PackageID: 24.12.19-1+deb12 GitSHA: c68f3e0e $
07/07/26 23:44:51 ** $CondorPlatform: X86_64-Debian_12 $
07/07/26 23:44:51 ** PID = 718504 RealUID = 1620002036
07/07/26 23:44:51 ** Log last touched 7/7 23:44:08
07/07/26 23:44:51 ******************************************************
07/07/26 23:44:51 Using config source: /etc/condor/condor_config
07/07/26 23:44:51 Using local config sources: 
07/07/26 23:44:51    /etc/condor/config.d/01-submit.conf
07/07/26 23:44:51    /etc/condor/config.d/10-stash-plugin.conf
07/07/26 23:44:51    /etc/condor/config.d/23-network.config
07/07/26 23:44:51    /etc/condor/config.d/31-mail.conf
07/07/26 23:44:51    /etc/condor/config.d/35-cc-sync.conf
07/07/26 23:44:51    /etc/condor/config.d/41-periodic-remove.conf
07/07/26 23:44:51    /etc/condor/config.d/49-common.conf
07/07/26 23:44:51    /etc/condor/config.d/52-group-mapping.conf
07/07/26 23:44:51    /etc/condor/config.d/54-container.conf
07/07/26 23:44:51    /etc/condor/config.d/67-submit-transforms.conf
07/07/26 23:44:51    /etc/condor/config.d/71-submit-requirements.conf
07/07/26 23:44:51    /etc/condor/condor_config.local
07/07/26 23:44:51 config Macros = 110, Sorted = 110, StringBytes = 6396, TablesBytes = 4088
07/07/26 23:44:51 CLASSAD_CACHING is ENABLED
07/07/26 23:44:51 Daemon Log is logging: D_ALWAYS D_ERROR D_STATUS
07/07/26 23:44:51 Daemoncore: Listening at <0.0.0.0:33233> on TCP (ReliSock) and UDP (SafeSock).
07/07/26 23:44:51 DaemonCore: command socket at <10.143.248.60:33233?addrs=10.143.248.60-33233&alias=conduit.hpc.uni-saarland.de>
07/07/26 23:44:51 DaemonCore: private command socket at <10.143.248.60:33233?addrs=10.143.248.60-33233&alias=conduit.hpc.uni-saarland.de>
07/07/26 23:44:51 DAGMAN_USE_STRICT setting: 1
07/07/26 23:44:51 DAGMAN_VERBOSITY setting: 3
07/07/26 23:44:51 DAGMAN_DEBUG_CACHE_SIZE setting: 5242880
07/07/26 23:44:51 DAGMAN_DEBUG_CACHE_ENABLE setting: False
07/07/26 23:44:51 DAGMAN_SUBMIT_DELAY setting: 0
07/07/26 23:44:51 DAGMAN_MAX_SUBMIT_ATTEMPTS setting: 6
07/07/26 23:44:51 DAGMAN_STARTUP_CYCLE_DETECT setting: False
07/07/26 23:44:51 DAGMAN_USE_JOIN_NODES setting: True
07/07/26 23:44:51 DAGMAN_REPORT_GRAPH_METRICS setting: False
07/07/26 23:44:51 DAGMAN_MAX_SUBMITS_PER_INTERVAL setting: 100
07/07/26 23:44:51 DAGMAN_AGGRESSIVE_SUBMIT setting: False
07/07/26 23:44:51 DAGMAN_USER_LOG_SCAN_INTERVAL setting: 5
07/07/26 23:44:51 DAGMAN_QUEUE_UPDATE_INTERVAL setting: 300.000000
07/07/26 23:44:51 DAGMAN_DEFAULT_PRIORITY setting: 0
07/07/26 23:44:51 DAGMAN_SUPPRESS_NOTIFICATION setting: False
07/07/26 23:44:51 allow_events (DAGMAN_ALLOW_EVENTS) setting: 114
07/07/26 23:44:51 DAGMAN_RETRY_SUBMIT_FIRST setting: True
07/07/26 23:44:51 DAGMAN_RETRY_NODE_FIRST setting: False
07/07/26 23:44:51 DAGMAN_MAX_JOBS_IDLE setting: 1000
07/07/26 23:44:51 DAGMAN_MAX_JOBS_SUBMITTED setting: 0
07/07/26 23:44:51 DAGMAN_MAX_PRE_SCRIPTS setting: 20
07/07/26 23:44:51 DAGMAN_MAX_POST_SCRIPTS setting: 20
07/07/26 23:44:51 DAGMAN_MAX_HOLD_SCRIPTS setting: 20
07/07/26 23:44:51 DAGMAN_MUNGE_NODE_NAMES setting: True
07/07/26 23:44:51 DAGMAN_ALLOW_ANY_NODE_NAME_CHARACTERS setting: False
07/07/26 23:44:51 DAGMAN_PROHIBIT_MULTI_JOBS setting: False
07/07/26 23:44:51 DAGMAN_SUBMIT_DEPTH_FIRST setting: False
07/07/26 23:44:51 DAGMAN_ALWAYS_RUN_POST setting: False
07/07/26 23:44:51 DAGMAN_CONDOR_SUBMIT_EXE setting: /usr/bin/condor_submit
07/07/26 23:44:51 DAGMAN_CONDOR_RM_EXE setting: /usr/bin/condor_rm
07/07/26 23:44:51 DAGMAN_USE_DIRECT_SUBMIT setting: True
07/07/26 23:44:51 DAGMAN_PRODUCE_JOB_CREDENTIALS setting: True
07/07/26 23:44:51 DAGMAN_DEFAULT_APPEND_VARS setting: False
07/07/26 23:44:51 DAGMAN_INHERIT_ATTRS_PREFIX setting: 
07/07/26 23:44:51 DAGMAN_INHERIT_ATTRS setting: 
07/07/26 23:44:51 DAGMAN_ABORT_DUPLICATES setting: True
07/07/26 23:44:51 DAGMAN_ABORT_ON_SCARY_SUBMIT setting: True
07/07/26 23:44:51 DAGMAN_PENDING_REPORT_INTERVAL setting: 600
07/07/26 23:44:51 DAGMAN_CHECK_QUEUE_INTERVAL setting: 28800
07/07/26 23:44:51 DAGMAN_PRINT_JOB_TABLE_INTERVAL setting: 900
07/07/26 23:44:51 DAGMAN_AUTO_RESCUE setting: True
07/07/26 23:44:51 DAGMAN_MAX_RESCUE_NUM setting: 100
07/07/26 23:44:51 DAGMAN_WRITE_PARTIAL_RESCUE setting: True
07/07/26 23:44:51 DAGMAN_RESET_RETRIES_UPON_RESCUE setting: True
07/07/26 23:44:51 DAGMAN_METRICS_FILE_VERSION setting: 2
07/07/26 23:44:51 DAGMAN_DEFAULT_NODE_LOG setting: @(DAG_DIR)/@(DAG_FILE).nodes.log
07/07/26 23:44:51 DAGMAN_LOG_ON_NFS_IS_ERROR setting: False
07/07/26 23:44:51 DAGMAN_GENERATE_SUBDAG_SUBMITS setting: True
07/07/26 23:44:51 DAGMAN_MAX_JOB_HOLDS setting: 100
07/07/26 23:44:51 DAGMAN_NODE_JOB_FAILURE_TOLERANCE setting: 0
07/07/26 23:44:51 DAGMAN_HOLD_CLAIM_TIME setting: 20
07/07/26 23:44:51 DAGMAN_SUPPRESS_JOB_LOGS setting: False
07/07/26 23:44:51 DAGMAN_REMOVE_NODE_JOBS setting: True
07/07/26 23:44:51 DAGMAN_PUT_FAILED_JOBS_ON_HOLD setting: False
07/07/26 23:44:51 DAGMAN_REMOVE_JOBS_AFTER_LIMIT_CHANGE setting: False
07/07/26 23:44:51 DAGMAN will adjust edges after parsing
07/07/26 23:44:51 argv[0] == "condor_scheduniv_exec.170532.0"
07/07/26 23:44:51 argv[1] == "-Lockfile"
07/07/26 23:44:51 argv[2] == "one_way_line_det_one_way_line_17_10_action_shield.dag.lock"
07/07/26 23:44:51 argv[3] == "-Dag"
07/07/26 23:44:51 argv[4] == "one_way_line_det_one_way_line_17_10_action_shield.dag"
07/07/26 23:44:51 argv[5] == "-CsdVersion"
07/07/26 23:44:51 argv[6] == "$CondorVersion: 24.12.19 2026-04-15 BuildID: 896241 PackageID: 24.12.19-1+deb12 GitSHA: c68f3e0e $"
07/07/26 23:44:51 argv[7] == "-dagman"
07/07/26 23:44:51 argv[8] == "/usr/bin/condor_dagman"
07/07/26 23:44:51 argv[9] == "-AutoRescue"
07/07/26 23:44:51 argv[10] == "1"
07/07/26 23:44:51 argv[11] == "-DoRescueFrom"
07/07/26 23:44:51 argv[12] == "0"
07/07/26 23:44:51 Can't open directory "/etc/condor/passwords.d" as PRIV_ROOT, errno: 13 (Permission denied)
07/07/26 23:44:51 Can't open directory "/etc/condor/passwords.d" as PRIV_ROOT, errno: 13 (Permission denied)
07/07/26 23:44:51 Workflow batch-id: <170532.0>
07/07/26 23:44:51 Workflow batch-name: <one_way_line_det_one_way_line_17_10_action_shield.dag+170532>
07/07/26 23:44:51 Workflow accounting_group: <teaching>
07/07/26 23:44:51 Workflow accounting_group_user: <atml_team041>
07/07/26 23:44:51 Warning: failed to get attribute DAGNodeName
07/07/26 23:44:51 Default node log file is: </home/atml_team041/condor_tutorial/jani_env/experiments/repair_wo_domain/submissions/action_shield/one_way_line_det/./one_way_line_det_one_way_line_17_10_action_shield.dag.nodes.log>
07/07/26 23:44:51 DAG Lockfile will be written to one_way_line_det_one_way_line_17_10_action_shield.dag.lock
07/07/26 23:44:51 DAG Input file is one_way_line_det_one_way_line_17_10_action_shield.dag
07/07/26 23:44:51 Parsing 1 dagfiles
07/07/26 23:44:51 Parsing one_way_line_det_one_way_line_17_10_action_shield.dag ...
07/07/26 23:44:51 Adjusting edges
07/07/26 23:44:51 Found rescue DAG number 1; running one_way_line_det_one_way_line_17_10_action_shield.dag.rescue001 in combination with normal DAG file
07/07/26 23:44:51 ~~~~~~~~~~~~~~~~~~~~~~~~~~~~~~~~~~~~~~~~~~~~~~~~~~~~~~
07/07/26 23:44:51 USING RESCUE DAG one_way_line_det_one_way_line_17_10_action_shield.dag.rescue001
07/07/26 23:44:51 Dag contains 5 total nodes
07/07/26 23:44:51 Lock file one_way_line_det_one_way_line_17_10_action_shield.dag.lock detected,
07/07/26 23:44:51 Duplicate DAGMan PID 717423 is no longer alive; this DAGMan should continue.
07/07/26 23:44:51 Warning: failed to get attribute DAG_Status
07/07/26 23:44:51 Bootstrapping...
07/07/26 23:44:51 Number of pre-completed nodes: 0
07/07/26 23:44:51 Running in RECOVERY mode... >>>>>>>>>>>>>>>>>>>>>>>>>>>>>>
07/07/26 23:44:51 Currently monitoring 1 HTCondor log file(s)
07/07/26 23:44:51 Event: ULOG_SUBMIT for HTCondor Node COLLECT (170531.0.0) {07/07/26 23:42:09} [recovery mode]
07/07/26 23:44:51 Number of idle job procs: 1
07/07/26 23:44:51 Reassigning the id of job COLLECT from (170531.0.0) to (170531.1.0)
07/07/26 23:44:51 Event: ULOG_SUBMIT for HTCondor Node COLLECT (170531.1.0) {07/07/26 23:42:09} [recovery mode]
07/07/26 23:44:51 Number of idle job procs: 2
07/07/26 23:44:51 Reassigning the id of job COLLECT from (170531.1.0) to (170531.10.0)
07/07/26 23:44:51 Event: ULOG_SUBMIT for HTCondor Node COLLECT (170531.10.0) {07/07/26 23:42:09} [recovery mode]
07/07/26 23:44:51 Number of idle job procs: 3
07/07/26 23:44:51 Reassigning the id of job COLLECT from (170531.10.0) to (170531.11.0)
07/07/26 23:44:51 Event: ULOG_SUBMIT for HTCondor Node COLLECT (170531.11.0) {07/07/26 23:42:09} [recovery mode]
07/07/26 23:44:51 Number of idle job procs: 4
07/07/26 23:44:51 Reassigning the id of job COLLECT from (170531.11.0) to (170531.12.0)
07/07/26 23:44:51 Event: ULOG_SUBMIT for HTCondor Node COLLECT (170531.12.0) {07/07/26 23:42:09} [recovery mode]
07/07/26 23:44:51 Number of idle job procs: 5
07/07/26 23:44:51 Reassigning the id of job COLLECT from (170531.12.0) to (170531.13.0)
07/07/26 23:44:51 Event: ULOG_SUBMIT for HTCondor Node COLLECT (170531.13.0) {07/07/26 23:42:09} [recovery mode]
07/07/26 23:44:51 Number of idle job procs: 6
07/07/26 23:44:51 Reassigning the id of job COLLECT from (170531.13.0) to (170531.14.0)
07/07/26 23:44:51 Event: ULOG_SUBMIT for HTCondor Node COLLECT (170531.14.0) {07/07/26 23:42:09} [recovery mode]
07/07/26 23:44:51 Number of idle job procs: 7
07/07/26 23:44:51 Reassigning the id of job COLLECT from (170531.14.0) to (170531.15.0)
07/07/26 23:44:51 Event: ULOG_SUBMIT for HTCondor Node COLLECT (170531.15.0) {07/07/26 23:42:09} [recovery mode]
07/07/26 23:44:51 Number of idle job procs: 8
07/07/26 23:44:51 Reassigning the id of job COLLECT from (170531.15.0) to (170531.16.0)
07/07/26 23:44:51 Event: ULOG_SUBMIT for HTCondor Node COLLECT (170531.16.0) {07/07/26 23:42:09} [recovery mode]
07/07/26 23:44:51 Number of idle job procs: 9
07/07/26 23:44:51 Reassigning the id of job COLLECT from (170531.16.0) to (170531.17.0)
07/07/26 23:44:51 Event: ULOG_SUBMIT for HTCondor Node COLLECT (170531.17.0) {07/07/26 23:42:09} [recovery mode]
07/07/26 23:44:51 Number of idle job procs: 10
07/07/26 23:44:51 Reassigning the id of job COLLECT from (170531.17.0) to (170531.18.0)
07/07/26 23:44:51 Event: ULOG_SUBMIT for HTCondor Node COLLECT (170531.18.0) {07/07/26 23:42:09} [recovery mode]
07/07/26 23:44:51 Number of idle job procs: 11
07/07/26 23:44:51 Reassigning the id of job COLLECT from (170531.18.0) to (170531.19.0)
07/07/26 23:44:51 Event: ULOG_SUBMIT for HTCondor Node COLLECT (170531.19.0) {07/07/26 23:42:09} [recovery mode]
07/07/26 23:44:51 Number of idle job procs: 12
07/07/26 23:44:51 Reassigning the id of job COLLECT from (170531.19.0) to (170531.2.0)
07/07/26 23:44:51 Event: ULOG_SUBMIT for HTCondor Node COLLECT (170531.2.0) {07/07/26 23:42:09} [recovery mode]
07/07/26 23:44:51 Number of idle job procs: 13
07/07/26 23:44:51 Reassigning the id of job COLLECT from (170531.2.0) to (170531.20.0)
07/07/26 23:44:51 Event: ULOG_SUBMIT for HTCondor Node COLLECT (170531.20.0) {07/07/26 23:42:09} [recovery mode]
07/07/26 23:44:51 Number of idle job procs: 14
07/07/26 23:44:51 Reassigning the id of job COLLECT from (170531.20.0) to (170531.21.0)
07/07/26 23:44:51 Event: ULOG_SUBMIT for HTCondor Node COLLECT (170531.21.0) {07/07/26 23:42:09} [recovery mode]
07/07/26 23:44:51 Number of idle job procs: 15
07/07/26 23:44:51 Reassigning the id of job COLLECT from (170531.21.0) to (170531.22.0)
07/07/26 23:44:51 Event: ULOG_SUBMIT for HTCondor Node COLLECT (170531.22.0) {07/07/26 23:42:09} [recovery mode]
07/07/26 23:44:51 Number of idle job procs: 16
07/07/26 23:44:51 Reassigning the id of job COLLECT from (170531.22.0) to (170531.23.0)
07/07/26 23:44:51 Event: ULOG_SUBMIT for HTCondor Node COLLECT (170531.23.0) {07/07/26 23:42:09} [recovery mode]
07/07/26 23:44:51 Number of idle job procs: 17
07/07/26 23:44:51 Reassigning the id of job COLLECT from (170531.23.0) to (170531.24.0)
07/07/26 23:44:51 Event: ULOG_SUBMIT for HTCondor Node COLLECT (170531.24.0) {07/07/26 23:42:09} [recovery mode]
07/07/26 23:44:51 Number of idle job procs: 18
07/07/26 23:44:51 Reassigning the id of job COLLECT from (170531.24.0) to (170531.25.0)
07/07/26 23:44:51 Event: ULOG_SUBMIT for HTCondor Node COLLECT (170531.25.0) {07/07/26 23:42:09} [recovery mode]
07/07/26 23:44:51 Number of idle job procs: 19
07/07/26 23:44:51 Reassigning the id of job COLLECT from (170531.25.0) to (170531.26.0)
07/07/26 23:44:51 Event: ULOG_SUBMIT for HTCondor Node COLLECT (170531.26.0) {07/07/26 23:42:09} [recovery mode]
07/07/26 23:44:51 Number of idle job procs: 20
07/07/26 23:44:51 Reassigning the id of job COLLECT from (170531.26.0) to (170531.27.0)
07/07/26 23:44:51 Event: ULOG_SUBMIT for HTCondor Node COLLECT (170531.27.0) {07/07/26 23:42:09} [recovery mode]
07/07/26 23:44:51 Number of idle job procs: 21
07/07/26 23:44:51 Reassigning the id of job COLLECT from (170531.27.0) to (170531.28.0)
07/07/26 23:44:51 Event: ULOG_SUBMIT for HTCondor Node COLLECT (170531.28.0) {07/07/26 23:42:09} [recovery mode]
07/07/26 23:44:51 Number of idle job procs: 22
07/07/26 23:44:51 Reassigning the id of job COLLECT from (170531.28.0) to (170531.29.0)
07/07/26 23:44:51 Event: ULOG_SUBMIT for HTCondor Node COLLECT (170531.29.0) {07/07/26 23:42:09} [recovery mode]
07/07/26 23:44:51 Number of idle job procs: 23
07/07/26 23:44:51 Reassigning the id of job COLLECT from (170531.29.0) to (170531.3.0)
07/07/26 23:44:51 Event: ULOG_SUBMIT for HTCondor Node COLLECT (170531.3.0) {07/07/26 23:42:09} [recovery mode]
07/07/26 23:44:51 Number of idle job procs: 24
07/07/26 23:44:51 Reassigning the id of job COLLECT from (170531.3.0) to (170531.30.0)
07/07/26 23:44:51 Event: ULOG_SUBMIT for HTCondor Node COLLECT (170531.30.0) {07/07/26 23:42:09} [recovery mode]
07/07/26 23:44:51 Number of idle job procs: 25
07/07/26 23:44:51 Reassigning the id of job COLLECT from (170531.30.0) to (170531.31.0)
07/07/26 23:44:51 Event: ULOG_SUBMIT for HTCondor Node COLLECT (170531.31.0) {07/07/26 23:42:09} [recovery mode]
07/07/26 23:44:51 Number of idle job procs: 26
07/07/26 23:44:51 Reassigning the id of job COLLECT from (170531.31.0) to (170531.32.0)
07/07/26 23:44:51 Event: ULOG_SUBMIT for HTCondor Node COLLECT (170531.32.0) {07/07/26 23:42:09} [recovery mode]
07/07/26 23:44:51 Number of idle job procs: 27
07/07/26 23:44:51 Reassigning the id of job COLLECT from (170531.32.0) to (170531.33.0)
07/07/26 23:44:51 Event: ULOG_SUBMIT for HTCondor Node COLLECT (170531.33.0) {07/07/26 23:42:09} [recovery mode]
07/07/26 23:44:51 Number of idle job procs: 28
07/07/26 23:44:51 Reassigning the id of job COLLECT from (170531.33.0) to (170531.34.0)
07/07/26 23:44:51 Event: ULOG_SUBMIT for HTCondor Node COLLECT (170531.34.0) {07/07/26 23:42:09} [recovery mode]
07/07/26 23:44:51 Number of idle job procs: 29
07/07/26 23:44:51 Reassigning the id of job COLLECT from (170531.34.0) to (170531.35.0)
07/07/26 23:44:51 Event: ULOG_SUBMIT for HTCondor Node COLLECT (170531.35.0) {07/07/26 23:42:09} [recovery mode]
07/07/26 23:44:51 Number of idle job procs: 30
07/07/26 23:44:51 Reassigning the id of job COLLECT from (170531.35.0) to (170531.36.0)
07/07/26 23:44:51 Event: ULOG_SUBMIT for HTCondor Node COLLECT (170531.36.0) {07/07/26 23:42:09} [recovery mode]
07/07/26 23:44:51 Number of idle job procs: 31
07/07/26 23:44:51 Reassigning the id of job COLLECT from (170531.36.0) to (170531.37.0)
07/07/26 23:44:51 Event: ULOG_SUBMIT for HTCondor Node COLLECT (170531.37.0) {07/07/26 23:42:09} [recovery mode]
07/07/26 23:44:51 Number of idle job procs: 32
07/07/26 23:44:51 Reassigning the id of job COLLECT from (170531.37.0) to (170531.38.0)
07/07/26 23:44:51 Event: ULOG_SUBMIT for HTCondor Node COLLECT (170531.38.0) {07/07/26 23:42:09} [recovery mode]
07/07/26 23:44:51 Number of idle job procs: 33
07/07/26 23:44:51 Reassigning the id of job COLLECT from (170531.38.0) to (170531.39.0)
07/07/26 23:44:51 Event: ULOG_SUBMIT for HTCondor Node COLLECT (170531.39.0) {07/07/26 23:42:09} [recovery mode]
07/07/26 23:44:51 Number of idle job procs: 34
07/07/26 23:44:51 Reassigning the id of job COLLECT from (170531.39.0) to (170531.4.0)
07/07/26 23:44:51 Event: ULOG_SUBMIT for HTCondor Node COLLECT (170531.4.0) {07/07/26 23:42:09} [recovery mode]
07/07/26 23:44:51 Number of idle job procs: 35
07/07/26 23:44:51 Reassigning the id of job COLLECT from (170531.4.0) to (170531.5.0)
07/07/26 23:44:51 Event: ULOG_SUBMIT for HTCondor Node COLLECT (170531.5.0) {07/07/26 23:42:09} [recovery mode]
07/07/26 23:44:51 Number of idle job procs: 36
07/07/26 23:44:51 Reassigning the id of job COLLECT from (170531.5.0) to (170531.6.0)
07/07/26 23:44:51 Event: ULOG_SUBMIT for HTCondor Node COLLECT (170531.6.0) {07/07/26 23:42:09} [recovery mode]
07/07/26 23:44:51 Number of idle job procs: 37
07/07/26 23:44:51 Reassigning the id of job COLLECT from (170531.6.0) to (170531.7.0)
07/07/26 23:44:51 Event: ULOG_SUBMIT for HTCondor Node COLLECT (170531.7.0) {07/07/26 23:42:09} [recovery mode]
07/07/26 23:44:51 Number of idle job procs: 38
07/07/26 23:44:51 Reassigning the id of job COLLECT from (170531.7.0) to (170531.8.0)
07/07/26 23:44:51 Event: ULOG_SUBMIT for HTCondor Node COLLECT (170531.8.0) {07/07/26 23:42:09} [recovery mode]
07/07/26 23:44:51 Number of idle job procs: 39
07/07/26 23:44:51 Reassigning the id of job COLLECT from (170531.8.0) to (170531.9.0)
07/07/26 23:44:51 Event: ULOG_SUBMIT for HTCondor Node COLLECT (170531.9.0) {07/07/26 23:42:09} [recovery mode]
07/07/26 23:44:51 Number of idle job procs: 40
07/07/26 23:44:51     ------------------------------
07/07/26 23:44:51        HTCondor Recovery Complete
07/07/26 23:44:51     ------------------------------
07/07/26 23:44:51 ...done with RECOVERY mode <<<<<<<<<<<<<<<<<<<<<<<<<<<<<<
07/07/26 23:44:51 1 nodes claim to have jobs submitted to queue. Verifying...
07/07/26 23:44:51 Querying local schedd for associated jobs in queue
07/07/26 23:44:51 ERROR: DAGMan lost track of node COLLECT (ClusterId=170531). Please resubmit DAG from produced rescue file.
07/07/26 23:44:51 Aborting DAG...
07/07/26 23:44:51 Writing Rescue DAG to one_way_line_det_one_way_line_17_10_action_shield.dag.rescue002...
07/07/26 23:44:51 Removing submitted jobs...
07/07/26 23:44:51 Removing any/all submitted HTCondor jobs...
07/07/26 23:44:51 Running: /usr/bin/condor_rm -const DAGManJobId==170532 -reason DAG' 'Abort:' 'DAG' 'is' 'exiting' 'and' 'writing' 'rescue' 'file.
07/07/26 23:44:51 Note: 0 total node deferrals because of -MaxJobs limit (0)
07/07/26 23:44:51 Note: 0 total node deferrals because of -MaxIdle limit (1000)
07/07/26 23:44:51 Note: 0 total node deferrals because of node category throttles
07/07/26 23:44:51 Note: 0 total PRE script deferrals because of -MaxPre limit (20) or DEFER
07/07/26 23:44:51 Note: 0 total POST script deferrals because of -MaxPost limit (20) or DEFER
07/07/26 23:44:51 Note: 0 total HOLD script deferrals because of -MaxHold limit (20) or DEFER
07/07/26 23:44:51 DAG status: 1 (DAG_STATUS_ERROR)
07/07/26 23:44:51 Of 5 nodes total:
07/07/26 23:44:51  Done     Pre   Queued    Post   Ready   Un-Ready   Failed   Futile
07/07/26 23:44:51   ===     ===      ===     ===     ===        ===      ===      ===
07/07/26 23:44:51     0       0        1       0       0          4        0        0
07/07/26 23:44:51 0 job proc(s) currently held
07/07/26 23:44:51 DAGMan Runtime Statistics: [EventCycleTimeSum=0.000; SleepCycleTimeSum=0.000; SubmitCycleTimeSum=0.000; EventCycleTimeCount=0.000; SleepCycleTimeCount=0.000; SubmitCycleTimeCount=0.000; LogProcessCycleTimeSum=0.000; LogProcessCycleTimeCount=0.000; ]
07/07/26 23:44:51 Wrote metrics file one_way_line_det_one_way_line_17_10_action_shield.dag.metrics.
07/07/26 23:44:51 DAGMan Runtime Statistics: [EventCycleTimeSum=0.000; SleepCycleTimeSum=0.000; SubmitCycleTimeSum=0.000; EventCycleTimeCount=0.000; SleepCycleTimeCount=0.000; SubmitCycleTimeCount=0.000; LogProcessCycleTimeSum=0.000; LogProcessCycleTimeCount=0.000; ]
07/07/26 23:44:51 **** condor_scheduniv_exec.170532.0 (condor_DAGMAN) pid 718504 EXITING WITH STATUS 1
07/07/26 23:52:15 601 seconds since last log event
07/07/26 23:52:15 Pending DAG nodes:
07/07/26 23:52:15   Node COLLECT, HTCondor ID 170531, status STATUS_SUBMITTED
07/07/26 23:57:10 Total jobs placed to AP: 40
07/07/26 23:57:10      Idle     Held     Running     Successful     Failed
07/07/26 23:57:10       ===      ===         ===            ===        ===
07/07/26 23:57:10        40        0           0              0          0
07/08/26 00:02:15 1201 seconds since last log event
07/08/26 00:02:15 Pending DAG nodes:
07/08/26 00:02:15   Node COLLECT, HTCondor ID 170531, status STATUS_SUBMITTED
07/08/26 00:12:11 Total jobs placed to AP: 40
07/08/26 00:12:11      Idle     Held     Running     Successful     Failed
07/08/26 00:12:11       ===      ===         ===            ===        ===
07/08/26 00:12:11        40        0           0              0          0
07/08/26 00:12:16 1802 seconds since last log event
07/08/26 00:12:16 Pending DAG nodes:
07/08/26 00:12:16   Node COLLECT, HTCondor ID 170531, status STATUS_SUBMITTED
07/08/26 00:22:16 2402 seconds since last log event
07/08/26 00:22:16 Pending DAG nodes:
07/08/26 00:22:16   Node COLLECT, HTCondor ID 170531, status STATUS_SUBMITTED
07/08/26 00:27:11 Total jobs placed to AP: 40
07/08/26 00:27:11      Idle     Held     Running     Successful     Failed
07/08/26 00:27:11       ===      ===         ===            ===        ===
07/08/26 00:27:11        40        0           0              0          0
07/08/26 00:32:17 3003 seconds since last log event
07/08/26 00:32:17 Pending DAG nodes:
07/08/26 00:32:17   Node COLLECT, HTCondor ID 170531, status STATUS_SUBMITTED
07/08/26 00:42:12 Total jobs placed to AP: 40
07/08/26 00:42:12      Idle     Held     Running     Successful     Failed
07/08/26 00:42:12       ===      ===         ===            ===        ===
07/08/26 00:42:12        40        0           0              0          0
07/08/26 00:42:17 3603 seconds since last log event
07/08/26 00:42:17 Pending DAG nodes:
07/08/26 00:42:17   Node COLLECT, HTCondor ID 170531, status STATUS_SUBMITTED
07/08/26 00:52:18 4204 seconds since last log event
07/08/26 00:52:18 Pending DAG nodes:
07/08/26 00:52:18   Node COLLECT, HTCondor ID 170531, status STATUS_SUBMITTED
07/08/26 00:57:13 Total jobs placed to AP: 40
07/08/26 00:57:13      Idle     Held     Running     Successful     Failed
07/08/26 00:57:13       ===      ===         ===            ===        ===
07/08/26 00:57:13        40        0           0              0          0
07/08/26 01:02:18 4804 seconds since last log event
07/08/26 01:02:18 Pending DAG nodes:
07/08/26 01:02:18   Node COLLECT, HTCondor ID 170531, status STATUS_SUBMITTED
07/08/26 01:12:14 Total jobs placed to AP: 40
07/08/26 01:12:14      Idle     Held     Running     Successful     Failed
07/08/26 01:12:14       ===      ===         ===            ===        ===
07/08/26 01:12:14        40        0           0              0          0
07/08/26 01:12:19 5405 seconds since last log event
07/08/26 01:12:19 Pending DAG nodes:
07/08/26 01:12:19   Node COLLECT, HTCondor ID 170531, status STATUS_SUBMITTED
07/08/26 01:22:19 6005 seconds since last log event
07/08/26 01:22:19 Pending DAG nodes:
07/08/26 01:22:19   Node COLLECT, HTCondor ID 170531, status STATUS_SUBMITTED
07/08/26 01:27:14 Total jobs placed to AP: 40
07/08/26 01:27:14      Idle     Held     Running     Successful     Failed
07/08/26 01:27:14       ===      ===         ===            ===        ===
07/08/26 01:27:14        40        0           0              0          0
07/08/26 01:30:50 Currently monitoring 1 HTCondor log file(s)
07/08/26 01:30:50 Event: ULOG_EXECUTE for HTCondor Node COLLECT (170531.1.0) {07/08/26 01:30:48}
07/08/26 01:30:50 Number of idle job procs: 39
07/08/26 01:30:50 Event: ULOG_EXECUTE for HTCondor Node COLLECT (170531.0.0) {07/08/26 01:30:48}
07/08/26 01:30:50 Number of idle job procs: 38
07/08/26 01:30:50 Event: ULOG_EXECUTE for HTCondor Node COLLECT (170531.2.0) {07/08/26 01:30:48}
07/08/26 01:30:50 Number of idle job procs: 37
07/08/26 01:30:50 Event: ULOG_EXECUTE for HTCondor Node COLLECT (170531.3.0) {07/08/26 01:30:48}
07/08/26 01:30:50 Number of idle job procs: 36
07/08/26 01:33:50 Currently monitoring 1 HTCondor log file(s)
07/08/26 01:33:50 Event: ULOG_EXECUTE for HTCondor Node COLLECT (170531.5.0) {07/08/26 01:33:49}
07/08/26 01:33:50 Number of idle job procs: 35
07/08/26 01:33:50 Event: ULOG_EXECUTE for HTCondor Node COLLECT (170531.4.0) {07/08/26 01:33:49}
07/08/26 01:33:50 Number of idle job procs: 34
07/08/26 01:34:50 Currently monitoring 1 HTCondor log file(s)
07/08/26 01:34:50 Event: ULOG_EXECUTE for HTCondor Node COLLECT (170531.6.0) {07/08/26 01:34:49}
07/08/26 01:34:50 Number of idle job procs: 33
07/08/26 01:35:50 Currently monitoring 1 HTCondor log file(s)
07/08/26 01:35:50 Event: ULOG_EXECUTE for HTCondor Node COLLECT (170531.7.0) {07/08/26 01:35:48}
07/08/26 01:35:50 Number of idle job procs: 32
07/08/26 01:35:50 Event: ULOG_EXECUTE for HTCondor Node COLLECT (170531.8.0) {07/08/26 01:35:48}
07/08/26 01:35:50 Number of idle job procs: 31
07/08/26 01:36:50 Currently monitoring 1 HTCondor log file(s)
07/08/26 01:36:50 Event: ULOG_EXECUTE for HTCondor Node COLLECT (170531.9.0) {07/08/26 01:36:48}
07/08/26 01:36:50 Number of idle job procs: 30
07/08/26 01:37:50 Currently monitoring 1 HTCondor log file(s)
07/08/26 01:37:50 Event: ULOG_EXECUTE for HTCondor Node COLLECT (170531.11.0) {07/08/26 01:37:49}
07/08/26 01:37:50 Number of idle job procs: 29
07/08/26 01:37:50 Event: ULOG_EXECUTE for HTCondor Node COLLECT (170531.10.0) {07/08/26 01:37:49}
07/08/26 01:37:50 Number of idle job procs: 28
07/08/26 01:38:50 Currently monitoring 1 HTCondor log file(s)
07/08/26 01:38:50 Event: ULOG_EXECUTE for HTCondor Node COLLECT (170531.12.0) {07/08/26 01:38:49}
07/08/26 01:38:50 Number of idle job procs: 27
07/08/26 01:39:50 Currently monitoring 1 HTCondor log file(s)
07/08/26 01:39:50 Event: ULOG_EXECUTE for HTCondor Node COLLECT (170531.16.0) {07/08/26 01:39:48}
07/08/26 01:39:50 Number of idle job procs: 26
07/08/26 01:39:50 Event: ULOG_EXECUTE for HTCondor Node COLLECT (170531.13.0) {07/08/26 01:39:48}
07/08/26 01:39:50 Number of idle job procs: 25
07/08/26 01:39:50 Event: ULOG_EXECUTE for HTCondor Node COLLECT (170531.15.0) {07/08/26 01:39:48}
07/08/26 01:39:50 Number of idle job procs: 24
07/08/26 01:39:50 Event: ULOG_EXECUTE for HTCondor Node COLLECT (170531.14.0) {07/08/26 01:39:48}
07/08/26 01:39:50 Number of idle job procs: 23
07/08/26 01:40:50 Currently monitoring 1 HTCondor log file(s)
07/08/26 01:40:50 Event: ULOG_EXECUTE for HTCondor Node COLLECT (170531.17.0) {07/08/26 01:40:48}
07/08/26 01:40:50 Number of idle job procs: 22
07/08/26 01:40:50 Event: ULOG_EXECUTE for HTCondor Node COLLECT (170531.18.0) {07/08/26 01:40:48}
07/08/26 01:40:50 Number of idle job procs: 21
07/08/26 01:42:15 Total jobs placed to AP: 40
07/08/26 01:42:15      Idle     Held     Running     Successful     Failed
07/08/26 01:42:15       ===      ===         ===            ===        ===
07/08/26 01:42:15        21        0          19              0          0
07/08/26 01:43:30 Currently monitoring 1 HTCondor log file(s)
07/08/26 01:43:30 Event: ULOG_JOB_TERMINATED for HTCondor Node COLLECT (170531.1.0) {07/08/26 01:43:29}
07/08/26 01:43:30 Number of idle job procs: 21
07/08/26 01:43:30 Node COLLECT job proc (170531.1.0) completed successfully.
07/08/26 01:43:30 Event: ULOG_EXECUTE for HTCondor Node COLLECT (170531.19.0) {07/08/26 01:43:30}
07/08/26 01:43:30 Number of idle job procs: 20
07/08/26 01:43:45 Currently monitoring 1 HTCondor log file(s)
07/08/26 01:43:45 Event: ULOG_JOB_TERMINATED for HTCondor Node COLLECT (170531.2.0) {07/08/26 01:43:45}
07/08/26 01:43:45 Number of idle job procs: 20
07/08/26 01:43:45 Node COLLECT job proc (170531.2.0) completed successfully.
07/08/26 01:43:50 Currently monitoring 1 HTCondor log file(s)
07/08/26 01:43:50 Event: ULOG_EXECUTE for HTCondor Node COLLECT (170531.20.0) {07/08/26 01:43:46}
07/08/26 01:43:50 Number of idle job procs: 19
07/08/26 01:44:05 Currently monitoring 1 HTCondor log file(s)
07/08/26 01:44:05 Event: ULOG_JOB_TERMINATED for HTCondor Node COLLECT (170531.3.0) {07/08/26 01:44:05}
07/08/26 01:44:05 Number of idle job procs: 19
07/08/26 01:44:05 Node COLLECT job proc (170531.3.0) completed successfully.
07/08/26 01:44:10 Currently monitoring 1 HTCondor log file(s)
07/08/26 01:44:10 Event: ULOG_EXECUTE for HTCondor Node COLLECT (170531.21.0) {07/08/26 01:44:06}
07/08/26 01:44:10 Number of idle job procs: 18
07/08/26 01:44:45 Currently monitoring 1 HTCondor log file(s)
07/08/26 01:44:45 Event: ULOG_JOB_TERMINATED for HTCondor Node COLLECT (170531.0.0) {07/08/26 01:44:44}
07/08/26 01:44:45 Number of idle job procs: 18
07/08/26 01:44:45 Node COLLECT job proc (170531.0.0) completed successfully.
07/08/26 01:44:50 Currently monitoring 1 HTCondor log file(s)
07/08/26 01:44:50 Event: ULOG_EXECUTE for HTCondor Node COLLECT (170531.22.0) {07/08/26 01:44:45}
07/08/26 01:44:50 Number of idle job procs: 17
07/08/26 01:46:45 Currently monitoring 1 HTCondor log file(s)
07/08/26 01:46:45 Event: ULOG_JOB_TERMINATED for HTCondor Node COLLECT (170531.4.0) {07/08/26 01:46:43}
07/08/26 01:46:45 Number of idle job procs: 17
07/08/26 01:46:45 Node COLLECT job proc (170531.4.0) completed successfully.
07/08/26 01:46:45 Event: ULOG_EXECUTE for HTCondor Node COLLECT (170531.23.0) {07/08/26 01:46:44}
07/08/26 01:46:45 Number of idle job procs: 16
07/08/26 01:46:50 Currently monitoring 1 HTCondor log file(s)
07/08/26 01:46:50 Event: ULOG_EXECUTE for HTCondor Node COLLECT (170531.24.0) {07/08/26 01:46:47}
07/08/26 01:46:50 Number of idle job procs: 15
07/08/26 01:47:51 Currently monitoring 1 HTCondor log file(s)
07/08/26 01:47:51 Event: ULOG_JOB_TERMINATED for HTCondor Node COLLECT (170531.5.0) {07/08/26 01:47:47}
07/08/26 01:47:51 Number of idle job procs: 15
07/08/26 01:47:51 Node COLLECT job proc (170531.5.0) completed successfully.
07/08/26 01:47:51 Event: ULOG_EXECUTE for HTCondor Node COLLECT (170531.25.0) {07/08/26 01:47:49}
07/08/26 01:47:51 Number of idle job procs: 14
07/08/26 01:47:56 Currently monitoring 1 HTCondor log file(s)
07/08/26 01:47:56 Event: ULOG_JOB_TERMINATED for HTCondor Node COLLECT (170531.6.0) {07/08/26 01:47:52}
07/08/26 01:47:56 Number of idle job procs: 14
07/08/26 01:47:56 Node COLLECT job proc (170531.6.0) completed successfully.
07/08/26 01:47:56 Event: ULOG_EXECUTE for HTCondor Node COLLECT (170531.26.0) {07/08/26 01:47:54}
07/08/26 01:47:56 Number of idle job procs: 13
07/08/26 01:48:11 Currently monitoring 1 HTCondor log file(s)
07/08/26 01:48:11 Event: ULOG_JOB_TERMINATED for HTCondor Node COLLECT (170531.8.0) {07/08/26 01:48:10}
07/08/26 01:48:11 Number of idle job procs: 13
07/08/26 01:48:11 Node COLLECT job proc (170531.8.0) completed successfully.
07/08/26 01:48:16 Currently monitoring 1 HTCondor log file(s)
07/08/26 01:48:16 Event: ULOG_EXECUTE for HTCondor Node COLLECT (170531.27.0) {07/08/26 01:48:12}
07/08/26 01:48:16 Number of idle job procs: 12
07/08/26 01:48:46 Currently monitoring 1 HTCondor log file(s)
07/08/26 01:48:46 Event: ULOG_JOB_TERMINATED for HTCondor Node COLLECT (170531.7.0) {07/08/26 01:48:44}
07/08/26 01:48:46 Number of idle job procs: 12
07/08/26 01:48:46 Node COLLECT job proc (170531.7.0) completed successfully.
07/08/26 01:48:46 Event: ULOG_EXECUTE for HTCondor Node COLLECT (170531.28.0) {07/08/26 01:48:45}
07/08/26 01:48:46 Number of idle job procs: 11
07/08/26 01:48:51 Currently monitoring 1 HTCondor log file(s)
07/08/26 01:48:51 Event: ULOG_EXECUTE for HTCondor Node COLLECT (170531.29.0) {07/08/26 01:48:47}
07/08/26 01:48:51 Number of idle job procs: 10
07/08/26 01:49:46 Currently monitoring 1 HTCondor log file(s)
07/08/26 01:49:46 Event: ULOG_JOB_TERMINATED for HTCondor Node COLLECT (170531.9.0) {07/08/26 01:49:42}
07/08/26 01:49:46 Number of idle job procs: 10
07/08/26 01:49:46 Node COLLECT job proc (170531.9.0) completed successfully.
07/08/26 01:49:46 Event: ULOG_EXECUTE for HTCondor Node COLLECT (170531.30.0) {07/08/26 01:49:43}
07/08/26 01:49:46 Number of idle job procs: 9
07/08/26 01:50:06 Currently monitoring 1 HTCondor log file(s)
07/08/26 01:50:06 Event: ULOG_JOB_TERMINATED for HTCondor Node COLLECT (170531.11.0) {07/08/26 01:50:04}
07/08/26 01:50:06 Number of idle job procs: 9
07/08/26 01:50:06 Node COLLECT job proc (170531.11.0) completed successfully.
07/08/26 01:50:06 Event: ULOG_EXECUTE for HTCondor Node COLLECT (170531.31.0) {07/08/26 01:50:05}
07/08/26 01:50:06 Number of idle job procs: 8
07/08/26 01:51:46 Currently monitoring 1 HTCondor log file(s)
07/08/26 01:51:46 Event: ULOG_JOB_TERMINATED for HTCondor Node COLLECT (170531.12.0) {07/08/26 01:51:41}
07/08/26 01:51:46 Number of idle job procs: 8
07/08/26 01:51:46 Node COLLECT job proc (170531.12.0) completed successfully.
07/08/26 01:51:46 Event: ULOG_EXECUTE for HTCondor Node COLLECT (170531.32.0) {07/08/26 01:51:42}
07/08/26 01:51:46 Number of idle job procs: 7
07/08/26 01:51:51 Currently monitoring 1 HTCondor log file(s)
07/08/26 01:51:51 Event: ULOG_EXECUTE for HTCondor Node COLLECT (170531.33.0) {07/08/26 01:51:47}
07/08/26 01:51:51 Number of idle job procs: 6
07/08/26 01:51:51 Event: ULOG_EXECUTE for HTCondor Node COLLECT (170531.34.0) {07/08/26 01:51:47}
07/08/26 01:51:51 Number of idle job procs: 5
07/08/26 01:51:51 Event: ULOG_JOB_TERMINATED for HTCondor Node COLLECT (170531.16.0) {07/08/26 01:51:47}
07/08/26 01:51:51 Number of idle job procs: 5
07/08/26 01:51:51 Node COLLECT job proc (170531.16.0) completed successfully.
07/08/26 01:51:51 Event: ULOG_EXECUTE for HTCondor Node COLLECT (170531.35.0) {07/08/26 01:51:49}
07/08/26 01:51:51 Number of idle job procs: 4
07/08/26 01:52:06 Currently monitoring 1 HTCondor log file(s)
07/08/26 01:52:06 Event: ULOG_JOB_TERMINATED for HTCondor Node COLLECT (170531.10.0) {07/08/26 01:52:03}
07/08/26 01:52:06 Number of idle job procs: 4
07/08/26 01:52:06 Node COLLECT job proc (170531.10.0) completed successfully.
07/08/26 01:52:06 Event: ULOG_EXECUTE for HTCondor Node COLLECT (170531.36.0) {07/08/26 01:52:04}
07/08/26 01:52:06 Number of idle job procs: 3
07/08/26 01:53:06 Currently monitoring 1 HTCondor log file(s)
07/08/26 01:53:06 Event: ULOG_JOB_TERMINATED for HTCondor Node COLLECT (170531.14.0) {07/08/26 01:53:02}
07/08/26 01:53:06 Number of idle job procs: 3
07/08/26 01:53:06 Node COLLECT job proc (170531.14.0) completed successfully.
07/08/26 01:53:06 Event: ULOG_EXECUTE for HTCondor Node COLLECT (170531.37.0) {07/08/26 01:53:03}
07/08/26 01:53:06 Number of idle job procs: 2
07/08/26 01:53:16 Currently monitoring 1 HTCondor log file(s)
07/08/26 01:53:16 Event: ULOG_JOB_TERMINATED for HTCondor Node COLLECT (170531.13.0) {07/08/26 01:53:13}
07/08/26 01:53:16 Number of idle job procs: 2
07/08/26 01:53:16 Node COLLECT job proc (170531.13.0) completed successfully.
07/08/26 01:53:16 Event: ULOG_EXECUTE for HTCondor Node COLLECT (170531.38.0) {07/08/26 01:53:14}
07/08/26 01:53:16 Number of idle job procs: 1
07/08/26 01:53:21 Currently monitoring 1 HTCondor log file(s)
07/08/26 01:53:21 Event: ULOG_JOB_TERMINATED for HTCondor Node COLLECT (170531.15.0) {07/08/26 01:53:19}
07/08/26 01:53:21 Number of idle job procs: 1
07/08/26 01:53:21 Node COLLECT job proc (170531.15.0) completed successfully.
07/08/26 01:53:21 Event: ULOG_EXECUTE for HTCondor Node COLLECT (170531.39.0) {07/08/26 01:53:20}
07/08/26 01:53:21 Number of idle job procs: 0
07/08/26 01:53:41 Currently monitoring 1 HTCondor log file(s)
07/08/26 01:53:41 Event: ULOG_JOB_TERMINATED for HTCondor Node COLLECT (170531.17.0) {07/08/26 01:53:39}
07/08/26 01:53:41 Number of idle job procs: 0
07/08/26 01:53:41 Node COLLECT job proc (170531.17.0) completed successfully.
07/08/26 01:53:56 Currently monitoring 1 HTCondor log file(s)
07/08/26 01:53:56 Event: ULOG_JOB_TERMINATED for HTCondor Node COLLECT (170531.18.0) {07/08/26 01:53:54}
07/08/26 01:53:56 Number of idle job procs: 0
07/08/26 01:53:56 Node COLLECT job proc (170531.18.0) completed successfully.
07/08/26 01:56:36 Currently monitoring 1 HTCondor log file(s)
07/08/26 01:56:36 Event: ULOG_JOB_TERMINATED for HTCondor Node COLLECT (170531.19.0) {07/08/26 01:56:32}
07/08/26 01:56:36 Number of idle job procs: 0
07/08/26 01:56:36 Node COLLECT job proc (170531.19.0) completed successfully.
07/08/26 01:56:56 Currently monitoring 1 HTCondor log file(s)
07/08/26 01:56:56 Event: ULOG_JOB_TERMINATED for HTCondor Node COLLECT (170531.22.0) {07/08/26 01:56:54}
07/08/26 01:56:56 Number of idle job procs: 0
07/08/26 01:56:56 Node COLLECT job proc (170531.22.0) completed successfully.
07/08/26 01:57:01 Currently monitoring 1 HTCondor log file(s)
07/08/26 01:57:01 Event: ULOG_JOB_TERMINATED for HTCondor Node COLLECT (170531.21.0) {07/08/26 01:56:59}
07/08/26 01:57:01 Number of idle job procs: 0
07/08/26 01:57:01 Node COLLECT job proc (170531.21.0) completed successfully.
07/08/26 01:57:16 Currently monitoring 1 HTCondor log file(s)
07/08/26 01:57:16 Event: ULOG_JOB_TERMINATED for HTCondor Node COLLECT (170531.20.0) {07/08/26 01:57:16}
07/08/26 01:57:16 Number of idle job procs: 0
07/08/26 01:57:16 Node COLLECT job proc (170531.20.0) completed successfully.
07/08/26 01:57:16 Total jobs placed to AP: 40
07/08/26 01:57:16      Idle     Held     Running     Successful     Failed
07/08/26 01:57:16       ===      ===         ===            ===        ===
07/08/26 01:57:16         0        0          17             23          0
07/08/26 01:59:46 Currently monitoring 1 HTCondor log file(s)
07/08/26 01:59:46 Event: ULOG_JOB_TERMINATED for HTCondor Node COLLECT (170531.27.0) {07/08/26 01:59:44}
07/08/26 01:59:46 Number of idle job procs: 0
07/08/26 01:59:46 Node COLLECT job proc (170531.27.0) completed successfully.
07/08/26 02:00:11 Currently monitoring 1 HTCondor log file(s)
07/08/26 02:00:11 Event: ULOG_JOB_TERMINATED for HTCondor Node COLLECT (170531.23.0) {07/08/26 02:00:07}
07/08/26 02:00:11 Number of idle job procs: 0
07/08/26 02:00:11 Node COLLECT job proc (170531.23.0) completed successfully.
07/08/26 02:00:11 Event: ULOG_JOB_TERMINATED for HTCondor Node COLLECT (170531.24.0) {07/08/26 02:00:09}
07/08/26 02:00:11 Number of idle job procs: 0
07/08/26 02:00:11 Node COLLECT job proc (170531.24.0) completed successfully.
07/08/26 02:00:56 Currently monitoring 1 HTCondor log file(s)
07/08/26 02:00:56 Event: ULOG_JOB_TERMINATED for HTCondor Node COLLECT (170531.25.0) {07/08/26 02:00:56}
07/08/26 02:00:56 Number of idle job procs: 0
07/08/26 02:00:56 Node COLLECT job proc (170531.25.0) completed successfully.
07/08/26 02:01:21 Currently monitoring 1 HTCondor log file(s)
07/08/26 02:01:21 Event: ULOG_JOB_TERMINATED for HTCondor Node COLLECT (170531.26.0) {07/08/26 02:01:18}
07/08/26 02:01:21 Number of idle job procs: 0
07/08/26 02:01:21 Node COLLECT job proc (170531.26.0) completed successfully.
07/08/26 02:01:46 Currently monitoring 1 HTCondor log file(s)
07/08/26 02:01:46 Event: ULOG_JOB_TERMINATED for HTCondor Node COLLECT (170531.28.0) {07/08/26 02:01:45}
07/08/26 02:01:46 Number of idle job procs: 0
07/08/26 02:01:46 Node COLLECT job proc (170531.28.0) completed successfully.
07/08/26 02:01:51 Currently monitoring 1 HTCondor log file(s)
07/08/26 02:01:51 Event: ULOG_JOB_TERMINATED for HTCondor Node COLLECT (170531.29.0) {07/08/26 02:01:51}
07/08/26 02:01:51 Number of idle job procs: 0
07/08/26 02:01:51 Node COLLECT job proc (170531.29.0) completed successfully.
07/08/26 02:02:11 Currently monitoring 1 HTCondor log file(s)
07/08/26 02:02:11 Event: ULOG_JOB_TERMINATED for HTCondor Node COLLECT (170531.30.0) {07/08/26 02:02:09}
07/08/26 02:02:11 Number of idle job procs: 0
07/08/26 02:02:11 Node COLLECT job proc (170531.30.0) completed successfully.
07/08/26 02:02:31 Currently monitoring 1 HTCondor log file(s)
07/08/26 02:02:31 Event: ULOG_JOB_TERMINATED for HTCondor Node COLLECT (170531.31.0) {07/08/26 02:02:31}
07/08/26 02:02:31 Number of idle job procs: 0
07/08/26 02:02:31 Node COLLECT job proc (170531.31.0) completed successfully.
07/08/26 02:04:11 Currently monitoring 1 HTCondor log file(s)
07/08/26 02:04:11 Event: ULOG_JOB_TERMINATED for HTCondor Node COLLECT (170531.35.0) {07/08/26 02:04:07}
07/08/26 02:04:11 Number of idle job procs: 0
07/08/26 02:04:11 Node COLLECT job proc (170531.35.0) completed successfully.
07/08/26 02:04:31 Currently monitoring 1 HTCondor log file(s)
07/08/26 02:04:31 Event: ULOG_JOB_TERMINATED for HTCondor Node COLLECT (170531.33.0) {07/08/26 02:04:29}
07/08/26 02:04:31 Number of idle job procs: 0
07/08/26 02:04:31 Node COLLECT job proc (170531.33.0) completed successfully.
07/08/26 02:04:46 Currently monitoring 1 HTCondor log file(s)
07/08/26 02:04:46 Event: ULOG_JOB_TERMINATED for HTCondor Node COLLECT (170531.32.0) {07/08/26 02:04:45}
07/08/26 02:04:46 Number of idle job procs: 0
07/08/26 02:04:46 Node COLLECT job proc (170531.32.0) completed successfully.
07/08/26 02:04:51 Currently monitoring 1 HTCondor log file(s)
07/08/26 02:04:51 Event: ULOG_JOB_TERMINATED for HTCondor Node COLLECT (170531.34.0) {07/08/26 02:04:48}
07/08/26 02:04:51 Number of idle job procs: 0
07/08/26 02:04:51 Node COLLECT job proc (170531.34.0) completed successfully.
07/08/26 02:05:47 Currently monitoring 1 HTCondor log file(s)
07/08/26 02:05:47 Event: ULOG_JOB_TERMINATED for HTCondor Node COLLECT (170531.36.0) {07/08/26 02:05:46}
07/08/26 02:05:47 Number of idle job procs: 0
07/08/26 02:05:47 Node COLLECT job proc (170531.36.0) completed successfully.
07/08/26 02:06:02 Currently monitoring 1 HTCondor log file(s)
07/08/26 02:06:02 Event: ULOG_JOB_TERMINATED for HTCondor Node COLLECT (170531.39.0) {07/08/26 02:05:59}
07/08/26 02:06:02 Number of idle job procs: 0
07/08/26 02:06:02 Node COLLECT job proc (170531.39.0) completed successfully.
07/08/26 02:06:17 Currently monitoring 1 HTCondor log file(s)
07/08/26 02:06:17 Event: ULOG_JOB_TERMINATED for HTCondor Node COLLECT (170531.37.0) {07/08/26 02:06:13}
07/08/26 02:06:17 Number of idle job procs: 0
07/08/26 02:06:17 Node COLLECT job proc (170531.37.0) completed successfully.
07/08/26 02:06:27 Currently monitoring 1 HTCondor log file(s)
07/08/26 02:06:27 Event: ULOG_JOB_TERMINATED for HTCondor Node COLLECT (170531.38.0) {07/08/26 02:06:24}
07/08/26 02:06:27 Number of idle job procs: 0
07/08/26 02:06:27 Node COLLECT job proc (170531.38.0) completed successfully.
07/08/26 02:06:27 Node COLLECT job(s) have exited the queue
07/08/26 02:06:27 DAG status: 0 (DAG_STATUS_OK)
07/08/26 02:06:27 Of 5 nodes total:
07/08/26 02:06:27  Done     Pre   Queued    Post   Ready   Un-Ready   Failed   Futile
07/08/26 02:06:27   ===     ===      ===     ===     ===        ===      ===      ===
07/08/26 02:06:27     1       0        0       0       1          3        0        0
07/08/26 02:06:27 0 job proc(s) currently held
07/08/26 02:06:27 DAGMan Runtime Statistics: [EventCycleTimeAvg=0.000; EventCycleTimeMax=0.132; EventCycleTimeMin=0.000; EventCycleTimeStd=0.004; EventCycleTimeSum=0.673; SleepCycleTimeAvg=5.004; SleepCycleTimeMax=5.025; SleepCycleTimeMin=5.000; SleepCycleTimeStd=0.001; SleepCycleTimeSum=8656.942; SubmitCycleTimeAvg=0.000; SubmitCycleTimeMax=0.128; SubmitCycleTimeMin=0.000; SubmitCycleTimeStd=0.003; SubmitCycleTimeSum=0.129; EventCycleTimeCount=1730.000; SleepCycleTimeCount=1730.000; SubmitCycleTimeCount=1731.000; LogProcessCycleTimeAvg=0.005; LogProcessCycleTimeMax=0.069; LogProcessCycleTimeMin=0.002; LogProcessCycleTimeStd=0.009; LogProcessCycleTimeSum=0.250; LogProcessCycleTimeCount=55.000; ]
07/08/26 02:06:32 Submitting HTCondor Node MERGE_COLLECTION job(s)...
07/08/26 02:06:32 Submitting node MERGE_COLLECTION from file one_way_line_det_one_way_line_17_10_action_shield_merge_collection.sub using direct job submission
07/08/26 02:06:32 	assigned HTCondor ID (170544.0.0)
07/08/26 02:06:32 Just submitted 1 job this cycle...
07/08/26 02:06:32 DAG status: 0 (DAG_STATUS_OK)
07/08/26 02:06:32 Of 5 nodes total:
07/08/26 02:06:32  Done     Pre   Queued    Post   Ready   Un-Ready   Failed   Futile
07/08/26 02:06:32   ===     ===      ===     ===     ===        ===      ===      ===
07/08/26 02:06:32     1       0        1       0       0          3        0        0
07/08/26 02:06:32 0 job proc(s) currently held
07/08/26 02:06:32 DAGMan Runtime Statistics: [EventCycleTimeAvg=0.000; EventCycleTimeMax=0.132; EventCycleTimeMin=0.000; EventCycleTimeStd=0.004; EventCycleTimeSum=0.680; SleepCycleTimeAvg=5.004; SleepCycleTimeMax=5.025; SleepCycleTimeMin=5.000; SleepCycleTimeStd=0.001; SleepCycleTimeSum=8661.946; SubmitCycleTimeAvg=0.000; SubmitCycleTimeMax=0.128; SubmitCycleTimeMin=0.000; SubmitCycleTimeStd=0.003; SubmitCycleTimeSum=0.169; EventCycleTimeCount=1731.000; SleepCycleTimeCount=1731.000; SubmitCycleTimeCount=1732.000; LogProcessCycleTimeAvg=0.005; LogProcessCycleTimeMax=0.069; LogProcessCycleTimeMin=0.002; LogProcessCycleTimeStd=0.009; LogProcessCycleTimeSum=0.250; LogProcessCycleTimeCount=55.000; ]
07/08/26 02:06:37 Currently monitoring 1 HTCondor log file(s)
07/08/26 02:06:37 Reassigning the id of job MERGE_COLLECTION from (170544.0.0) to (170544.0.0)
07/08/26 02:06:37 Event: ULOG_SUBMIT for HTCondor Node MERGE_COLLECTION (170544.0.0) {07/08/26 02:06:32}
07/08/26 02:06:37 Number of idle job procs: 1
07/08/26 02:12:17 Total jobs placed to AP: 41
07/08/26 02:12:17      Idle     Held     Running     Successful     Failed
07/08/26 02:12:17       ===      ===         ===            ===        ===
07/08/26 02:12:17         1        0           0             40          0
07/08/26 02:16:37 600 seconds since last log event
07/08/26 02:16:37 Pending DAG nodes:
07/08/26 02:16:37   Node MERGE_COLLECTION, HTCondor ID 170544, status STATUS_SUBMITTED
07/08/26 02:26:38 1201 seconds since last log event
07/08/26 02:26:38 Pending DAG nodes:
07/08/26 02:26:38   Node MERGE_COLLECTION, HTCondor ID 170544, status STATUS_SUBMITTED
07/08/26 02:27:18 Total jobs placed to AP: 41
07/08/26 02:27:18      Idle     Held     Running     Successful     Failed
07/08/26 02:27:18       ===      ===         ===            ===        ===
07/08/26 02:27:18         1        0           0             40          0
07/08/26 02:36:38 1801 seconds since last log event
07/08/26 02:36:38 Pending DAG nodes:
07/08/26 02:36:38   Node MERGE_COLLECTION, HTCondor ID 170544, status STATUS_SUBMITTED
07/08/26 02:42:18 Total jobs placed to AP: 41
07/08/26 02:42:18      Idle     Held     Running     Successful     Failed
07/08/26 02:42:18       ===      ===         ===            ===        ===
07/08/26 02:42:18         1        0           0             40          0
07/08/26 02:46:39 2402 seconds since last log event
07/08/26 02:46:39 Pending DAG nodes:
07/08/26 02:46:39   Node MERGE_COLLECTION, HTCondor ID 170544, status STATUS_SUBMITTED
07/08/26 02:56:39 3002 seconds since last log event
07/08/26 02:56:39 Pending DAG nodes:
07/08/26 02:56:39   Node MERGE_COLLECTION, HTCondor ID 170544, status STATUS_SUBMITTED
07/08/26 02:57:19 Total jobs placed to AP: 41
07/08/26 02:57:19      Idle     Held     Running     Successful     Failed
07/08/26 02:57:19       ===      ===         ===            ===        ===
07/08/26 02:57:19         1        0           0             40          0
07/08/26 03:06:40 3603 seconds since last log event
07/08/26 03:06:40 Pending DAG nodes:
07/08/26 03:06:40   Node MERGE_COLLECTION, HTCondor ID 170544, status STATUS_SUBMITTED
07/08/26 03:12:20 Total jobs placed to AP: 41
07/08/26 03:12:20      Idle     Held     Running     Successful     Failed
07/08/26 03:12:20       ===      ===         ===            ===        ===
07/08/26 03:12:20         1        0           0             40          0
07/08/26 03:16:40 4203 seconds since last log event
07/08/26 03:16:40 Pending DAG nodes:
07/08/26 03:16:40   Node MERGE_COLLECTION, HTCondor ID 170544, status STATUS_SUBMITTED
07/08/26 03:26:41 4804 seconds since last log event
07/08/26 03:26:41 Pending DAG nodes:
07/08/26 03:26:41   Node MERGE_COLLECTION, HTCondor ID 170544, status STATUS_SUBMITTED
07/08/26 03:27:21 Total jobs placed to AP: 41
07/08/26 03:27:21      Idle     Held     Running     Successful     Failed
07/08/26 03:27:21       ===      ===         ===            ===        ===
07/08/26 03:27:21         1        0           0             40          0
07/08/26 03:36:41 5404 seconds since last log event
07/08/26 03:36:41 Pending DAG nodes:
07/08/26 03:36:41   Node MERGE_COLLECTION, HTCondor ID 170544, status STATUS_SUBMITTED
07/08/26 03:42:21 Total jobs placed to AP: 41
07/08/26 03:42:21      Idle     Held     Running     Successful     Failed
07/08/26 03:42:21       ===      ===         ===            ===        ===
07/08/26 03:42:21         1        0           0             40          0
07/08/26 03:46:42 6005 seconds since last log event
07/08/26 03:46:42 Pending DAG nodes:
07/08/26 03:46:42   Node MERGE_COLLECTION, HTCondor ID 170544, status STATUS_SUBMITTED
07/08/26 03:56:42 6605 seconds since last log event
07/08/26 03:56:42 Pending DAG nodes:
07/08/26 03:56:42   Node MERGE_COLLECTION, HTCondor ID 170544, status STATUS_SUBMITTED
07/08/26 03:57:22 Total jobs placed to AP: 41
07/08/26 03:57:22      Idle     Held     Running     Successful     Failed
07/08/26 03:57:22       ===      ===         ===            ===        ===
07/08/26 03:57:22         1        0           0             40          0
07/08/26 04:06:43 7206 seconds since last log event
07/08/26 04:06:43 Pending DAG nodes:
07/08/26 04:06:43   Node MERGE_COLLECTION, HTCondor ID 170544, status STATUS_SUBMITTED
07/08/26 04:12:13 Currently monitoring 1 HTCondor log file(s)
07/08/26 04:12:13 Event: ULOG_EXECUTE for HTCondor Node MERGE_COLLECTION (170544.0.0) {07/08/26 04:12:13}
07/08/26 04:12:13 Number of idle job procs: 0
07/08/26 04:12:23 Total jobs placed to AP: 41
07/08/26 04:12:23      Idle     Held     Running     Successful     Failed
07/08/26 04:12:23       ===      ===         ===            ===        ===
07/08/26 04:12:23         0        0           1             40          0
07/08/26 04:13:13 Currently monitoring 1 HTCondor log file(s)
07/08/26 04:13:13 Event: ULOG_JOB_TERMINATED for HTCondor Node MERGE_COLLECTION (170544.0.0) {07/08/26 04:13:12}
07/08/26 04:13:13 Number of idle job procs: 0
07/08/26 04:13:13 Node MERGE_COLLECTION job proc (170544.0.0) completed successfully.
07/08/26 04:13:13 Node MERGE_COLLECTION job(s) have exited the queue
07/08/26 04:13:13 DAG status: 0 (DAG_STATUS_OK)
07/08/26 04:13:13 Of 5 nodes total:
07/08/26 04:13:13  Done     Pre   Queued    Post   Ready   Un-Ready   Failed   Futile
07/08/26 04:13:13   ===     ===      ===     ===     ===        ===      ===      ===
07/08/26 04:13:13     2       0        0       0       1          2        0        0
07/08/26 04:13:13 0 job proc(s) currently held
07/08/26 04:13:13 DAGMan Runtime Statistics: [EventCycleTimeAvg=0.000; EventCycleTimeMax=0.132; EventCycleTimeMin=0.000; EventCycleTimeStd=0.003; EventCycleTimeSum=1.020; SleepCycleTimeAvg=5.004; SleepCycleTimeMax=5.025; SleepCycleTimeMin=5.000; SleepCycleTimeStd=0.001; SleepCycleTimeSum=16263.058; SubmitCycleTimeAvg=0.000; SubmitCycleTimeMax=0.128; SubmitCycleTimeMin=0.000; SubmitCycleTimeStd=0.002; SubmitCycleTimeSum=0.170; EventCycleTimeCount=3250.000; SleepCycleTimeCount=3250.000; SubmitCycleTimeCount=3251.000; LogProcessCycleTimeAvg=0.004; LogProcessCycleTimeMax=0.069; LogProcessCycleTimeMin=0.002; LogProcessCycleTimeStd=0.009; LogProcessCycleTimeSum=0.259; LogProcessCycleTimeCount=58.000; ]
07/08/26 04:13:18 Submitting HTCondor Node TRAIN job(s)...
07/08/26 04:13:18 Submitting node TRAIN from file one_way_line_det_one_way_line_17_10_action_shield_train.sub using direct job submission
07/08/26 04:13:18 	assigned HTCondor ID (170546.0.0)
07/08/26 04:13:18 Just submitted 1 job this cycle...
07/08/26 04:13:18 DAG status: 0 (DAG_STATUS_OK)
07/08/26 04:13:18 Of 5 nodes total:
07/08/26 04:13:18  Done     Pre   Queued    Post   Ready   Un-Ready   Failed   Futile
07/08/26 04:13:18   ===     ===      ===     ===     ===        ===      ===      ===
07/08/26 04:13:18     2       0        1       0       0          2        0        0
07/08/26 04:13:18 0 job proc(s) currently held
07/08/26 04:13:18 DAGMan Runtime Statistics: [EventCycleTimeAvg=0.000; EventCycleTimeMax=0.132; EventCycleTimeMin=0.000; EventCycleTimeStd=0.003; EventCycleTimeSum=1.029; SleepCycleTimeAvg=5.004; SleepCycleTimeMax=5.025; SleepCycleTimeMin=5.000; SleepCycleTimeStd=0.001; SleepCycleTimeSum=16268.062; SubmitCycleTimeAvg=0.000; SubmitCycleTimeMax=0.128; SubmitCycleTimeMin=0.000; SubmitCycleTimeStd=0.002; SubmitCycleTimeSum=0.215; EventCycleTimeCount=3251.000; SleepCycleTimeCount=3251.000; SubmitCycleTimeCount=3252.000; LogProcessCycleTimeAvg=0.004; LogProcessCycleTimeMax=0.069; LogProcessCycleTimeMin=0.002; LogProcessCycleTimeStd=0.009; LogProcessCycleTimeSum=0.259; LogProcessCycleTimeCount=58.000; ]
07/08/26 04:13:23 Currently monitoring 1 HTCondor log file(s)
07/08/26 04:13:23 Reassigning the id of job TRAIN from (170546.0.0) to (170546.0.0)
07/08/26 04:13:23 Event: ULOG_SUBMIT for HTCondor Node TRAIN (170546.0.0) {07/08/26 04:13:18}
07/08/26 04:13:23 Number of idle job procs: 1
07/08/26 04:13:23 Event: ULOG_EXECUTE for HTCondor Node TRAIN (170546.0.0) {07/08/26 04:13:19}
07/08/26 04:13:23 Number of idle job procs: 0
07/08/26 04:22:34 Currently monitoring 1 HTCondor log file(s)
07/08/26 04:22:34 Event: ULOG_JOB_TERMINATED for HTCondor Node TRAIN (170546.0.0) {07/08/26 04:22:33}
07/08/26 04:22:34 Number of idle job procs: 0
07/08/26 04:22:34 Node TRAIN job proc (170546.0.0) completed successfully.
07/08/26 04:22:34 Node TRAIN job(s) have exited the queue
07/08/26 04:22:34 DAG status: 0 (DAG_STATUS_OK)
07/08/26 04:22:34 Of 5 nodes total:
07/08/26 04:22:34  Done     Pre   Queued    Post   Ready   Un-Ready   Failed   Futile
07/08/26 04:22:34   ===     ===      ===     ===     ===        ===      ===      ===
07/08/26 04:22:34     3       0        0       0       1          1        0        0
07/08/26 04:22:34 0 job proc(s) currently held
07/08/26 04:22:34 DAGMan Runtime Statistics: [EventCycleTimeAvg=0.000; EventCycleTimeMax=0.132; EventCycleTimeMin=0.000; EventCycleTimeStd=0.003; EventCycleTimeSum=1.103; SleepCycleTimeAvg=5.004; SleepCycleTimeMax=5.025; SleepCycleTimeMin=5.000; SleepCycleTimeStd=0.001; SleepCycleTimeSum=16823.519; SubmitCycleTimeAvg=0.000; SubmitCycleTimeMax=0.128; SubmitCycleTimeMin=0.000; SubmitCycleTimeStd=0.002; SubmitCycleTimeSum=0.216; EventCycleTimeCount=3362.000; SleepCycleTimeCount=3362.000; SubmitCycleTimeCount=3363.000; LogProcessCycleTimeAvg=0.004; LogProcessCycleTimeMax=0.069; LogProcessCycleTimeMin=0.002; LogProcessCycleTimeStd=0.009; LogProcessCycleTimeSum=0.267; LogProcessCycleTimeCount=60.000; ]
07/08/26 04:22:39 Submitting HTCondor Node EVALUATE job(s)...
07/08/26 04:22:39 Submitting node EVALUATE from file one_way_line_det_one_way_line_17_10_action_shield_evaluate.sub using direct job submission
07/08/26 04:22:39 	assigned HTCondor ID (170548.0.0)
07/08/26 04:22:39 Just submitted 1 job this cycle...
07/08/26 04:22:39 DAG status: 0 (DAG_STATUS_OK)
07/08/26 04:22:39 Of 5 nodes total:
07/08/26 04:22:39  Done     Pre   Queued    Post   Ready   Un-Ready   Failed   Futile
07/08/26 04:22:39   ===     ===      ===     ===     ===        ===      ===      ===
07/08/26 04:22:39     3       0        1       0       0          1        0        0
07/08/26 04:22:39 0 job proc(s) currently held
07/08/26 04:22:39 DAGMan Runtime Statistics: [EventCycleTimeAvg=0.000; EventCycleTimeMax=0.132; EventCycleTimeMin=0.000; EventCycleTimeStd=0.003; EventCycleTimeSum=1.110; SleepCycleTimeAvg=5.004; SleepCycleTimeMax=5.025; SleepCycleTimeMin=5.000; SleepCycleTimeStd=0.001; SleepCycleTimeSum=16828.520; SubmitCycleTimeAvg=0.000; SubmitCycleTimeMax=0.161; SubmitCycleTimeMin=0.000; SubmitCycleTimeStd=0.004; SubmitCycleTimeSum=0.377; EventCycleTimeCount=3363.000; SleepCycleTimeCount=3363.000; SubmitCycleTimeCount=3364.000; LogProcessCycleTimeAvg=0.004; LogProcessCycleTimeMax=0.069; LogProcessCycleTimeMin=0.002; LogProcessCycleTimeStd=0.009; LogProcessCycleTimeSum=0.267; LogProcessCycleTimeCount=60.000; ]
07/08/26 04:22:44 Currently monitoring 1 HTCondor log file(s)
07/08/26 04:22:44 Reassigning the id of job EVALUATE from (170548.0.0) to (170548.0.0)
07/08/26 04:22:44 Event: ULOG_SUBMIT for HTCondor Node EVALUATE (170548.0.0) {07/08/26 04:22:39}
07/08/26 04:22:44 Number of idle job procs: 1
07/08/26 04:22:44 Reassigning the id of job EVALUATE from (170548.0.0) to (170548.1.0)
07/08/26 04:22:44 Event: ULOG_SUBMIT for HTCondor Node EVALUATE (170548.1.0) {07/08/26 04:22:39}
07/08/26 04:22:44 Number of idle job procs: 2
07/08/26 04:22:44 Reassigning the id of job EVALUATE from (170548.1.0) to (170548.10.0)
07/08/26 04:22:44 Event: ULOG_SUBMIT for HTCondor Node EVALUATE (170548.10.0) {07/08/26 04:22:39}
07/08/26 04:22:44 Number of idle job procs: 3
07/08/26 04:22:44 Reassigning the id of job EVALUATE from (170548.10.0) to (170548.11.0)
07/08/26 04:22:44 Event: ULOG_SUBMIT for HTCondor Node EVALUATE (170548.11.0) {07/08/26 04:22:39}
07/08/26 04:22:44 Number of idle job procs: 4
07/08/26 04:22:44 Reassigning the id of job EVALUATE from (170548.11.0) to (170548.12.0)
07/08/26 04:22:44 Event: ULOG_SUBMIT for HTCondor Node EVALUATE (170548.12.0) {07/08/26 04:22:39}
07/08/26 04:22:44 Number of idle job procs: 5
07/08/26 04:22:44 Reassigning the id of job EVALUATE from (170548.12.0) to (170548.13.0)
07/08/26 04:22:44 Event: ULOG_SUBMIT for HTCondor Node EVALUATE (170548.13.0) {07/08/26 04:22:39}
07/08/26 04:22:44 Number of idle job procs: 6
07/08/26 04:22:44 Reassigning the id of job EVALUATE from (170548.13.0) to (170548.14.0)
07/08/26 04:22:44 Event: ULOG_SUBMIT for HTCondor Node EVALUATE (170548.14.0) {07/08/26 04:22:39}
07/08/26 04:22:44 Number of idle job procs: 7
07/08/26 04:22:44 Reassigning the id of job EVALUATE from (170548.14.0) to (170548.15.0)
07/08/26 04:22:44 Event: ULOG_SUBMIT for HTCondor Node EVALUATE (170548.15.0) {07/08/26 04:22:39}
07/08/26 04:22:44 Number of idle job procs: 8
07/08/26 04:22:44 Reassigning the id of job EVALUATE from (170548.15.0) to (170548.16.0)
07/08/26 04:22:44 Event: ULOG_SUBMIT for HTCondor Node EVALUATE (170548.16.0) {07/08/26 04:22:39}
07/08/26 04:22:44 Number of idle job procs: 9
07/08/26 04:22:44 Reassigning the id of job EVALUATE from (170548.16.0) to (170548.17.0)
07/08/26 04:22:44 Event: ULOG_SUBMIT for HTCondor Node EVALUATE (170548.17.0) {07/08/26 04:22:39}
07/08/26 04:22:44 Number of idle job procs: 10
07/08/26 04:22:44 Reassigning the id of job EVALUATE from (170548.17.0) to (170548.18.0)
07/08/26 04:22:44 Event: ULOG_SUBMIT for HTCondor Node EVALUATE (170548.18.0) {07/08/26 04:22:39}
07/08/26 04:22:44 Number of idle job procs: 11
07/08/26 04:22:44 Reassigning the id of job EVALUATE from (170548.18.0) to (170548.19.0)
07/08/26 04:22:44 Event: ULOG_SUBMIT for HTCondor Node EVALUATE (170548.19.0) {07/08/26 04:22:39}
07/08/26 04:22:44 Number of idle job procs: 12
07/08/26 04:22:44 Reassigning the id of job EVALUATE from (170548.19.0) to (170548.2.0)
07/08/26 04:22:44 Event: ULOG_SUBMIT for HTCondor Node EVALUATE (170548.2.0) {07/08/26 04:22:39}
07/08/26 04:22:44 Number of idle job procs: 13
07/08/26 04:22:44 Reassigning the id of job EVALUATE from (170548.2.0) to (170548.20.0)
07/08/26 04:22:44 Event: ULOG_SUBMIT for HTCondor Node EVALUATE (170548.20.0) {07/08/26 04:22:39}
07/08/26 04:22:44 Number of idle job procs: 14
07/08/26 04:22:44 Reassigning the id of job EVALUATE from (170548.20.0) to (170548.21.0)
07/08/26 04:22:44 Event: ULOG_SUBMIT for HTCondor Node EVALUATE (170548.21.0) {07/08/26 04:22:39}
07/08/26 04:22:44 Number of idle job procs: 15
07/08/26 04:22:44 Reassigning the id of job EVALUATE from (170548.21.0) to (170548.22.0)
07/08/26 04:22:44 Event: ULOG_SUBMIT for HTCondor Node EVALUATE (170548.22.0) {07/08/26 04:22:39}
07/08/26 04:22:44 Number of idle job procs: 16
07/08/26 04:22:44 Reassigning the id of job EVALUATE from (170548.22.0) to (170548.23.0)
07/08/26 04:22:44 Event: ULOG_SUBMIT for HTCondor Node EVALUATE (170548.23.0) {07/08/26 04:22:39}
07/08/26 04:22:44 Number of idle job procs: 17
07/08/26 04:22:44 Reassigning the id of job EVALUATE from (170548.23.0) to (170548.24.0)
07/08/26 04:22:44 Event: ULOG_SUBMIT for HTCondor Node EVALUATE (170548.24.0) {07/08/26 04:22:39}
07/08/26 04:22:44 Number of idle job procs: 18
07/08/26 04:22:44 Reassigning the id of job EVALUATE from (170548.24.0) to (170548.25.0)
07/08/26 04:22:44 Event: ULOG_SUBMIT for HTCondor Node EVALUATE (170548.25.0) {07/08/26 04:22:39}
07/08/26 04:22:44 Number of idle job procs: 19
07/08/26 04:22:44 Reassigning the id of job EVALUATE from (170548.25.0) to (170548.26.0)
07/08/26 04:22:44 Event: ULOG_SUBMIT for HTCondor Node EVALUATE (170548.26.0) {07/08/26 04:22:39}
07/08/26 04:22:44 Number of idle job procs: 20
07/08/26 04:22:44 Reassigning the id of job EVALUATE from (170548.26.0) to (170548.27.0)
07/08/26 04:22:44 Event: ULOG_SUBMIT for HTCondor Node EVALUATE (170548.27.0) {07/08/26 04:22:39}
07/08/26 04:22:44 Number of idle job procs: 21
07/08/26 04:22:44 Reassigning the id of job EVALUATE from (170548.27.0) to (170548.28.0)
07/08/26 04:22:44 Event: ULOG_SUBMIT for HTCondor Node EVALUATE (170548.28.0) {07/08/26 04:22:39}
07/08/26 04:22:44 Number of idle job procs: 22
07/08/26 04:22:44 Reassigning the id of job EVALUATE from (170548.28.0) to (170548.29.0)
07/08/26 04:22:44 Event: ULOG_SUBMIT for HTCondor Node EVALUATE (170548.29.0) {07/08/26 04:22:39}
07/08/26 04:22:44 Number of idle job procs: 23
07/08/26 04:22:44 Reassigning the id of job EVALUATE from (170548.29.0) to (170548.3.0)
07/08/26 04:22:44 Event: ULOG_SUBMIT for HTCondor Node EVALUATE (170548.3.0) {07/08/26 04:22:39}
07/08/26 04:22:44 Number of idle job procs: 24
07/08/26 04:22:44 Reassigning the id of job EVALUATE from (170548.3.0) to (170548.30.0)
07/08/26 04:22:44 Event: ULOG_SUBMIT for HTCondor Node EVALUATE (170548.30.0) {07/08/26 04:22:39}
07/08/26 04:22:44 Number of idle job procs: 25
07/08/26 04:22:44 Reassigning the id of job EVALUATE from (170548.30.0) to (170548.31.0)
07/08/26 04:22:44 Event: ULOG_SUBMIT for HTCondor Node EVALUATE (170548.31.0) {07/08/26 04:22:39}
07/08/26 04:22:44 Number of idle job procs: 26
07/08/26 04:22:44 Reassigning the id of job EVALUATE from (170548.31.0) to (170548.32.0)
07/08/26 04:22:44 Event: ULOG_SUBMIT for HTCondor Node EVALUATE (170548.32.0) {07/08/26 04:22:39}
07/08/26 04:22:44 Number of idle job procs: 27
07/08/26 04:22:44 Reassigning the id of job EVALUATE from (170548.32.0) to (170548.33.0)
07/08/26 04:22:44 Event: ULOG_SUBMIT for HTCondor Node EVALUATE (170548.33.0) {07/08/26 04:22:39}
07/08/26 04:22:44 Number of idle job procs: 28
07/08/26 04:22:44 Reassigning the id of job EVALUATE from (170548.33.0) to (170548.34.0)
07/08/26 04:22:44 Event: ULOG_SUBMIT for HTCondor Node EVALUATE (170548.34.0) {07/08/26 04:22:39}
07/08/26 04:22:44 Number of idle job procs: 29
07/08/26 04:22:44 Reassigning the id of job EVALUATE from (170548.34.0) to (170548.35.0)
07/08/26 04:22:44 Event: ULOG_SUBMIT for HTCondor Node EVALUATE (170548.35.0) {07/08/26 04:22:39}
07/08/26 04:22:44 Number of idle job procs: 30
07/08/26 04:22:44 Reassigning the id of job EVALUATE from (170548.35.0) to (170548.36.0)
07/08/26 04:22:44 Event: ULOG_SUBMIT for HTCondor Node EVALUATE (170548.36.0) {07/08/26 04:22:39}
07/08/26 04:22:44 Number of idle job procs: 31
07/08/26 04:22:44 Reassigning the id of job EVALUATE from (170548.36.0) to (170548.37.0)
07/08/26 04:22:44 Event: ULOG_SUBMIT for HTCondor Node EVALUATE (170548.37.0) {07/08/26 04:22:39}
07/08/26 04:22:44 Number of idle job procs: 32
07/08/26 04:22:44 Reassigning the id of job EVALUATE from (170548.37.0) to (170548.38.0)
07/08/26 04:22:44 Event: ULOG_SUBMIT for HTCondor Node EVALUATE (170548.38.0) {07/08/26 04:22:39}
07/08/26 04:22:44 Number of idle job procs: 33
07/08/26 04:22:44 Reassigning the id of job EVALUATE from (170548.38.0) to (170548.39.0)
07/08/26 04:22:44 Event: ULOG_SUBMIT for HTCondor Node EVALUATE (170548.39.0) {07/08/26 04:22:39}
07/08/26 04:22:44 Number of idle job procs: 34
07/08/26 04:22:44 Reassigning the id of job EVALUATE from (170548.39.0) to (170548.4.0)
07/08/26 04:22:44 Event: ULOG_SUBMIT for HTCondor Node EVALUATE (170548.4.0) {07/08/26 04:22:39}
07/08/26 04:22:44 Number of idle job procs: 35
07/08/26 04:22:44 Reassigning the id of job EVALUATE from (170548.4.0) to (170548.5.0)
07/08/26 04:22:44 Event: ULOG_SUBMIT for HTCondor Node EVALUATE (170548.5.0) {07/08/26 04:22:39}
07/08/26 04:22:44 Number of idle job procs: 36
07/08/26 04:22:44 Reassigning the id of job EVALUATE from (170548.5.0) to (170548.6.0)
07/08/26 04:22:44 Event: ULOG_SUBMIT for HTCondor Node EVALUATE (170548.6.0) {07/08/26 04:22:39}
07/08/26 04:22:44 Number of idle job procs: 37
07/08/26 04:22:44 Reassigning the id of job EVALUATE from (170548.6.0) to (170548.7.0)
07/08/26 04:22:44 Event: ULOG_SUBMIT for HTCondor Node EVALUATE (170548.7.0) {07/08/26 04:22:39}
07/08/26 04:22:44 Number of idle job procs: 38
07/08/26 04:22:44 Reassigning the id of job EVALUATE from (170548.7.0) to (170548.8.0)
07/08/26 04:22:44 Event: ULOG_SUBMIT for HTCondor Node EVALUATE (170548.8.0) {07/08/26 04:22:39}
07/08/26 04:22:44 Number of idle job procs: 39
07/08/26 04:22:44 Reassigning the id of job EVALUATE from (170548.8.0) to (170548.9.0)
07/08/26 04:22:44 Event: ULOG_SUBMIT for HTCondor Node EVALUATE (170548.9.0) {07/08/26 04:22:39}
07/08/26 04:22:44 Number of idle job procs: 40
07/08/26 04:22:44 Event: ULOG_EXECUTE for HTCondor Node EVALUATE (170548.0.0) {07/08/26 04:22:40}
07/08/26 04:22:44 Number of idle job procs: 39
07/08/26 04:22:54 Currently monitoring 1 HTCondor log file(s)
07/08/26 04:22:54 Event: ULOG_EXECUTE for HTCondor Node EVALUATE (170548.10.0) {07/08/26 04:22:52}
07/08/26 04:22:54 Number of idle job procs: 38
07/08/26 04:22:54 Event: ULOG_EXECUTE for HTCondor Node EVALUATE (170548.11.0) {07/08/26 04:22:52}
07/08/26 04:22:54 Number of idle job procs: 37
07/08/26 04:22:54 Event: ULOG_EXECUTE for HTCondor Node EVALUATE (170548.12.0) {07/08/26 04:22:52}
07/08/26 04:22:54 Number of idle job procs: 36
07/08/26 04:22:54 Event: ULOG_EXECUTE for HTCondor Node EVALUATE (170548.13.0) {07/08/26 04:22:52}
07/08/26 04:22:54 Number of idle job procs: 35
07/08/26 04:22:54 Event: ULOG_EXECUTE for HTCondor Node EVALUATE (170548.6.0) {07/08/26 04:22:52}
07/08/26 04:22:54 Number of idle job procs: 34
07/08/26 04:22:54 Event: ULOG_EXECUTE for HTCondor Node EVALUATE (170548.7.0) {07/08/26 04:22:52}
07/08/26 04:22:54 Number of idle job procs: 33
07/08/26 04:22:54 Event: ULOG_EXECUTE for HTCondor Node EVALUATE (170548.4.0) {07/08/26 04:22:52}
07/08/26 04:22:54 Number of idle job procs: 32
07/08/26 04:22:54 Event: ULOG_EXECUTE for HTCondor Node EVALUATE (170548.2.0) {07/08/26 04:22:52}
07/08/26 04:22:54 Number of idle job procs: 31
07/08/26 04:22:54 Event: ULOG_EXECUTE for HTCondor Node EVALUATE (170548.8.0) {07/08/26 04:22:52}
07/08/26 04:22:54 Number of idle job procs: 30
07/08/26 04:22:54 Event: ULOG_EXECUTE for HTCondor Node EVALUATE (170548.3.0) {07/08/26 04:22:52}
07/08/26 04:22:54 Number of idle job procs: 29
07/08/26 04:22:54 Event: ULOG_EXECUTE for HTCondor Node EVALUATE (170548.1.0) {07/08/26 04:22:52}
07/08/26 04:22:54 Number of idle job procs: 28
07/08/26 04:22:54 Event: ULOG_EXECUTE for HTCondor Node EVALUATE (170548.9.0) {07/08/26 04:22:52}
07/08/26 04:22:54 Number of idle job procs: 27
07/08/26 04:22:54 Event: ULOG_EXECUTE for HTCondor Node EVALUATE (170548.5.0) {07/08/26 04:22:52}
07/08/26 04:22:54 Number of idle job procs: 26
07/08/26 04:23:24 Currently monitoring 1 HTCondor log file(s)
07/08/26 04:23:24 Event: ULOG_EXECUTE for HTCondor Node EVALUATE (170548.14.0) {07/08/26 04:23:24}
07/08/26 04:23:24 Number of idle job procs: 25
07/08/26 04:24:19 Currently monitoring 1 HTCondor log file(s)
07/08/26 04:24:19 Event: ULOG_JOB_TERMINATED for HTCondor Node EVALUATE (170548.0.0) {07/08/26 04:24:15}
07/08/26 04:24:19 Number of idle job procs: 25
07/08/26 04:24:19 Node EVALUATE job proc (170548.0.0) completed successfully.
07/08/26 04:24:19 Event: ULOG_EXECUTE for HTCondor Node EVALUATE (170548.15.0) {07/08/26 04:24:16}
07/08/26 04:24:19 Number of idle job procs: 24
07/08/26 04:24:24 Currently monitoring 1 HTCondor log file(s)
07/08/26 04:24:24 Event: ULOG_JOB_TERMINATED for HTCondor Node EVALUATE (170548.12.0) {07/08/26 04:24:24}
07/08/26 04:24:24 Number of idle job procs: 24
07/08/26 04:24:24 Node EVALUATE job proc (170548.12.0) completed successfully.
07/08/26 04:24:29 Currently monitoring 1 HTCondor log file(s)
07/08/26 04:24:29 Event: ULOG_JOB_TERMINATED for HTCondor Node EVALUATE (170548.11.0) {07/08/26 04:24:24}
07/08/26 04:24:29 Number of idle job procs: 24
07/08/26 04:24:29 Node EVALUATE job proc (170548.11.0) completed successfully.
07/08/26 04:24:29 Event: ULOG_EXECUTE for HTCondor Node EVALUATE (170548.16.0) {07/08/26 04:24:25}
07/08/26 04:24:29 Number of idle job procs: 23
07/08/26 04:24:29 Event: ULOG_JOB_TERMINATED for HTCondor Node EVALUATE (170548.6.0) {07/08/26 04:24:25}
07/08/26 04:24:29 Number of idle job procs: 23
07/08/26 04:24:29 Node EVALUATE job proc (170548.6.0) completed successfully.
07/08/26 04:24:29 Event: ULOG_EXECUTE for HTCondor Node EVALUATE (170548.17.0) {07/08/26 04:24:25}
07/08/26 04:24:29 Number of idle job procs: 22
07/08/26 04:24:29 Event: ULOG_JOB_TERMINATED for HTCondor Node EVALUATE (170548.10.0) {07/08/26 04:24:26}
07/08/26 04:24:29 Number of idle job procs: 22
07/08/26 04:24:29 Node EVALUATE job proc (170548.10.0) completed successfully.
07/08/26 04:24:29 Event: ULOG_JOB_TERMINATED for HTCondor Node EVALUATE (170548.2.0) {07/08/26 04:24:26}
07/08/26 04:24:29 Number of idle job procs: 22
07/08/26 04:24:29 Node EVALUATE job proc (170548.2.0) completed successfully.
07/08/26 04:24:29 Event: ULOG_EXECUTE for HTCondor Node EVALUATE (170548.18.0) {07/08/26 04:24:26}
07/08/26 04:24:29 Number of idle job procs: 21
07/08/26 04:24:29 Event: ULOG_EXECUTE for HTCondor Node EVALUATE (170548.19.0) {07/08/26 04:24:27}
07/08/26 04:24:29 Number of idle job procs: 20
07/08/26 04:24:29 Event: ULOG_JOB_TERMINATED for HTCondor Node EVALUATE (170548.7.0) {07/08/26 04:24:27}
07/08/26 04:24:29 Number of idle job procs: 20
07/08/26 04:24:29 Node EVALUATE job proc (170548.7.0) completed successfully.
07/08/26 04:24:29 Event: ULOG_EXECUTE for HTCondor Node EVALUATE (170548.20.0) {07/08/26 04:24:28}
07/08/26 04:24:29 Number of idle job procs: 19
07/08/26 04:24:29 Event: ULOG_JOB_TERMINATED for HTCondor Node EVALUATE (170548.1.0) {07/08/26 04:24:28}
07/08/26 04:24:29 Number of idle job procs: 19
07/08/26 04:24:29 Node EVALUATE job proc (170548.1.0) completed successfully.
07/08/26 04:24:29 Event: ULOG_JOB_TERMINATED for HTCondor Node EVALUATE (170548.13.0) {07/08/26 04:24:28}
07/08/26 04:24:29 Number of idle job procs: 19
07/08/26 04:24:29 Node EVALUATE job proc (170548.13.0) completed successfully.
07/08/26 04:24:29 Event: ULOG_JOB_TERMINATED for HTCondor Node EVALUATE (170548.3.0) {07/08/26 04:24:28}
07/08/26 04:24:29 Number of idle job procs: 19
07/08/26 04:24:29 Node EVALUATE job proc (170548.3.0) completed successfully.
07/08/26 04:24:29 Event: ULOG_EXECUTE for HTCondor Node EVALUATE (170548.21.0) {07/08/26 04:24:29}
07/08/26 04:24:29 Number of idle job procs: 18
07/08/26 04:24:34 Currently monitoring 1 HTCondor log file(s)
07/08/26 04:24:34 Event: ULOG_JOB_TERMINATED for HTCondor Node EVALUATE (170548.8.0) {07/08/26 04:24:29}
07/08/26 04:24:34 Number of idle job procs: 18
07/08/26 04:24:34 Node EVALUATE job proc (170548.8.0) completed successfully.
07/08/26 04:24:34 Event: ULOG_JOB_TERMINATED for HTCondor Node EVALUATE (170548.9.0) {07/08/26 04:24:29}
07/08/26 04:24:34 Number of idle job procs: 18
07/08/26 04:24:34 Node EVALUATE job proc (170548.9.0) completed successfully.
07/08/26 04:24:34 Event: ULOG_EXECUTE for HTCondor Node EVALUATE (170548.23.0) {07/08/26 04:24:30}
07/08/26 04:24:34 Number of idle job procs: 17
07/08/26 04:24:34 Event: ULOG_EXECUTE for HTCondor Node EVALUATE (170548.22.0) {07/08/26 04:24:30}
07/08/26 04:24:34 Number of idle job procs: 16
07/08/26 04:24:34 Event: ULOG_EXECUTE for HTCondor Node EVALUATE (170548.24.0) {07/08/26 04:24:30}
07/08/26 04:24:34 Number of idle job procs: 15
07/08/26 04:24:34 Event: ULOG_EXECUTE for HTCondor Node EVALUATE (170548.25.0) {07/08/26 04:24:30}
07/08/26 04:24:34 Number of idle job procs: 14
07/08/26 04:24:34 Event: ULOG_EXECUTE for HTCondor Node EVALUATE (170548.26.0) {07/08/26 04:24:31}
07/08/26 04:24:34 Number of idle job procs: 13
07/08/26 04:24:34 Event: ULOG_JOB_TERMINATED for HTCondor Node EVALUATE (170548.4.0) {07/08/26 04:24:31}
07/08/26 04:24:34 Number of idle job procs: 13
07/08/26 04:24:34 Node EVALUATE job proc (170548.4.0) completed successfully.
07/08/26 04:24:34 Event: ULOG_EXECUTE for HTCondor Node EVALUATE (170548.27.0) {07/08/26 04:24:32}
07/08/26 04:24:34 Number of idle job procs: 12
07/08/26 04:24:49 Currently monitoring 1 HTCondor log file(s)
07/08/26 04:24:49 Event: ULOG_JOB_TERMINATED for HTCondor Node EVALUATE (170548.5.0) {07/08/26 04:24:45}
07/08/26 04:24:49 Number of idle job procs: 12
07/08/26 04:24:49 Node EVALUATE job proc (170548.5.0) completed successfully.
07/08/26 04:24:49 Event: ULOG_EXECUTE for HTCondor Node EVALUATE (170548.28.0) {07/08/26 04:24:46}
07/08/26 04:24:49 Number of idle job procs: 11
07/08/26 04:25:04 Currently monitoring 1 HTCondor log file(s)
07/08/26 04:25:04 Event: ULOG_JOB_TERMINATED for HTCondor Node EVALUATE (170548.14.0) {07/08/26 04:24:59}
07/08/26 04:25:04 Number of idle job procs: 11
07/08/26 04:25:04 Node EVALUATE job proc (170548.14.0) completed successfully.
07/08/26 04:25:04 Event: ULOG_EXECUTE for HTCondor Node EVALUATE (170548.29.0) {07/08/26 04:25:01}
07/08/26 04:25:04 Number of idle job procs: 10
07/08/26 04:25:54 Currently monitoring 1 HTCondor log file(s)
07/08/26 04:25:54 Event: ULOG_JOB_TERMINATED for HTCondor Node EVALUATE (170548.15.0) {07/08/26 04:25:50}
07/08/26 04:25:54 Number of idle job procs: 10
07/08/26 04:25:54 Node EVALUATE job proc (170548.15.0) completed successfully.
07/08/26 04:25:54 Event: ULOG_EXECUTE for HTCondor Node EVALUATE (170548.30.0) {07/08/26 04:25:52}
07/08/26 04:25:54 Number of idle job procs: 9
07/08/26 04:25:54 Event: ULOG_JOB_TERMINATED for HTCondor Node EVALUATE (170548.16.0) {07/08/26 04:25:53}
07/08/26 04:25:54 Number of idle job procs: 9
07/08/26 04:25:54 Node EVALUATE job proc (170548.16.0) completed successfully.
07/08/26 04:25:54 Event: ULOG_JOB_TERMINATED for HTCondor Node EVALUATE (170548.19.0) {07/08/26 04:25:53}
07/08/26 04:25:54 Number of idle job procs: 9
07/08/26 04:25:54 Node EVALUATE job proc (170548.19.0) completed successfully.
07/08/26 04:25:54 Event: ULOG_EXECUTE for HTCondor Node EVALUATE (170548.31.0) {07/08/26 04:25:54}
07/08/26 04:25:54 Number of idle job procs: 8
07/08/26 04:25:54 Event: ULOG_EXECUTE for HTCondor Node EVALUATE (170548.32.0) {07/08/26 04:25:54}
07/08/26 04:25:54 Number of idle job procs: 7
07/08/26 04:25:59 Currently monitoring 1 HTCondor log file(s)
07/08/26 04:25:59 Event: ULOG_JOB_TERMINATED for HTCondor Node EVALUATE (170548.17.0) {07/08/26 04:25:55}
07/08/26 04:25:59 Number of idle job procs: 7
07/08/26 04:25:59 Node EVALUATE job proc (170548.17.0) completed successfully.
07/08/26 04:25:59 Event: ULOG_EXECUTE for HTCondor Node EVALUATE (170548.33.0) {07/08/26 04:25:56}
07/08/26 04:25:59 Number of idle job procs: 6
07/08/26 04:25:59 Event: ULOG_JOB_TERMINATED for HTCondor Node EVALUATE (170548.18.0) {07/08/26 04:25:57}
07/08/26 04:25:59 Number of idle job procs: 6
07/08/26 04:25:59 Node EVALUATE job proc (170548.18.0) completed successfully.
07/08/26 04:25:59 Event: ULOG_EXECUTE for HTCondor Node EVALUATE (170548.34.0) {07/08/26 04:25:58}
07/08/26 04:25:59 Number of idle job procs: 5
07/08/26 04:26:04 Currently monitoring 1 HTCondor log file(s)
07/08/26 04:26:04 Event: ULOG_JOB_TERMINATED for HTCondor Node EVALUATE (170548.25.0) {07/08/26 04:26:01}
07/08/26 04:26:04 Number of idle job procs: 5
07/08/26 04:26:04 Node EVALUATE job proc (170548.25.0) completed successfully.
07/08/26 04:26:04 Event: ULOG_JOB_TERMINATED for HTCondor Node EVALUATE (170548.22.0) {07/08/26 04:26:03}
07/08/26 04:26:04 Number of idle job procs: 5
07/08/26 04:26:04 Node EVALUATE job proc (170548.22.0) completed successfully.
07/08/26 04:26:04 Event: ULOG_EXECUTE for HTCondor Node EVALUATE (170548.35.0) {07/08/26 04:26:03}
07/08/26 04:26:04 Number of idle job procs: 4
07/08/26 04:26:04 Event: ULOG_JOB_TERMINATED for HTCondor Node EVALUATE (170548.20.0) {07/08/26 04:26:04}
07/08/26 04:26:04 Number of idle job procs: 4
07/08/26 04:26:04 Node EVALUATE job proc (170548.20.0) completed successfully.
07/08/26 04:26:04 Event: ULOG_JOB_TERMINATED for HTCondor Node EVALUATE (170548.23.0) {07/08/26 04:26:04}
07/08/26 04:26:04 Number of idle job procs: 4
07/08/26 04:26:04 Node EVALUATE job proc (170548.23.0) completed successfully.
07/08/26 04:26:04 Event: ULOG_EXECUTE for HTCondor Node EVALUATE (170548.36.0) {07/08/26 04:26:04}
07/08/26 04:26:04 Number of idle job procs: 3
07/08/26 04:26:09 Currently monitoring 1 HTCondor log file(s)
07/08/26 04:26:09 Event: ULOG_JOB_TERMINATED for HTCondor Node EVALUATE (170548.26.0) {07/08/26 04:26:04}
07/08/26 04:26:09 Number of idle job procs: 3
07/08/26 04:26:09 Node EVALUATE job proc (170548.26.0) completed successfully.
07/08/26 04:26:09 Event: ULOG_EXECUTE for HTCondor Node EVALUATE (170548.37.0) {07/08/26 04:26:05}
07/08/26 04:26:09 Number of idle job procs: 2
07/08/26 04:26:09 Event: ULOG_EXECUTE for HTCondor Node EVALUATE (170548.38.0) {07/08/26 04:26:05}
07/08/26 04:26:09 Number of idle job procs: 1
07/08/26 04:26:09 Event: ULOG_JOB_TERMINATED for HTCondor Node EVALUATE (170548.24.0) {07/08/26 04:26:05}
07/08/26 04:26:09 Number of idle job procs: 1
07/08/26 04:26:09 Node EVALUATE job proc (170548.24.0) completed successfully.
07/08/26 04:26:09 Event: ULOG_EXECUTE for HTCondor Node EVALUATE (170548.39.0) {07/08/26 04:26:06}
07/08/26 04:26:09 Number of idle job procs: 0
07/08/26 04:26:09 Event: ULOG_JOB_TERMINATED for HTCondor Node EVALUATE (170548.27.0) {07/08/26 04:26:07}
07/08/26 04:26:09 Number of idle job procs: 0
07/08/26 04:26:09 Node EVALUATE job proc (170548.27.0) completed successfully.
07/08/26 04:26:24 Currently monitoring 1 HTCondor log file(s)
07/08/26 04:26:24 Event: ULOG_JOB_TERMINATED for HTCondor Node EVALUATE (170548.21.0) {07/08/26 04:26:19}
07/08/26 04:26:24 Number of idle job procs: 0
07/08/26 04:26:24 Node EVALUATE job proc (170548.21.0) completed successfully.
07/08/26 04:26:39 Currently monitoring 1 HTCondor log file(s)
07/08/26 04:26:39 Event: ULOG_JOB_TERMINATED for HTCondor Node EVALUATE (170548.29.0) {07/08/26 04:26:34}
07/08/26 04:26:39 Number of idle job procs: 0
07/08/26 04:26:39 Node EVALUATE job proc (170548.29.0) completed successfully.
07/08/26 04:26:39 Event: ULOG_JOB_TERMINATED for HTCondor Node EVALUATE (170548.28.0) {07/08/26 04:26:36}
07/08/26 04:26:39 Number of idle job procs: 0
07/08/26 04:26:39 Node EVALUATE job proc (170548.28.0) completed successfully.
07/08/26 04:27:24 Currently monitoring 1 HTCondor log file(s)
07/08/26 04:27:24 Event: ULOG_JOB_TERMINATED for HTCondor Node EVALUATE (170548.31.0) {07/08/26 04:27:24}
07/08/26 04:27:24 Number of idle job procs: 0
07/08/26 04:27:24 Node EVALUATE job proc (170548.31.0) completed successfully.
07/08/26 04:27:24 Event: ULOG_JOB_TERMINATED for HTCondor Node EVALUATE (170548.33.0) {07/08/26 04:27:24}
07/08/26 04:27:24 Number of idle job procs: 0
07/08/26 04:27:24 Node EVALUATE job proc (170548.33.0) completed successfully.
07/08/26 04:27:24 Event: ULOG_JOB_TERMINATED for HTCondor Node EVALUATE (170548.30.0) {07/08/26 04:27:24}
07/08/26 04:27:24 Number of idle job procs: 0
07/08/26 04:27:24 Node EVALUATE job proc (170548.30.0) completed successfully.
07/08/26 04:27:24 Total jobs placed to AP: 82
07/08/26 04:27:24      Idle     Held     Running     Successful     Failed
07/08/26 04:27:24       ===      ===         ===            ===        ===
07/08/26 04:27:24         0        0           7             75          0
07/08/26 04:27:29 Currently monitoring 1 HTCondor log file(s)
07/08/26 04:27:29 Event: ULOG_JOB_TERMINATED for HTCondor Node EVALUATE (170548.32.0) {07/08/26 04:27:25}
07/08/26 04:27:29 Number of idle job procs: 0
07/08/26 04:27:29 Node EVALUATE job proc (170548.32.0) completed successfully.
07/08/26 04:27:34 Currently monitoring 1 HTCondor log file(s)
07/08/26 04:27:34 Event: ULOG_JOB_TERMINATED for HTCondor Node EVALUATE (170548.34.0) {07/08/26 04:27:30}
07/08/26 04:27:34 Number of idle job procs: 0
07/08/26 04:27:34 Node EVALUATE job proc (170548.34.0) completed successfully.
07/08/26 04:27:39 Currently monitoring 1 HTCondor log file(s)
07/08/26 04:27:39 Event: ULOG_JOB_TERMINATED for HTCondor Node EVALUATE (170548.36.0) {07/08/26 04:27:35}
07/08/26 04:27:39 Number of idle job procs: 0
07/08/26 04:27:39 Node EVALUATE job proc (170548.36.0) completed successfully.
07/08/26 04:27:39 Event: ULOG_JOB_TERMINATED for HTCondor Node EVALUATE (170548.35.0) {07/08/26 04:27:38}
07/08/26 04:27:39 Number of idle job procs: 0
07/08/26 04:27:39 Node EVALUATE job proc (170548.35.0) completed successfully.
07/08/26 04:27:39 Event: ULOG_JOB_TERMINATED for HTCondor Node EVALUATE (170548.37.0) {07/08/26 04:27:39}
07/08/26 04:27:39 Number of idle job procs: 0
07/08/26 04:27:39 Node EVALUATE job proc (170548.37.0) completed successfully.
07/08/26 04:27:44 Currently monitoring 1 HTCondor log file(s)
07/08/26 04:27:44 Event: ULOG_JOB_TERMINATED for HTCondor Node EVALUATE (170548.39.0) {07/08/26 04:27:39}
07/08/26 04:27:44 Number of idle job procs: 0
07/08/26 04:27:44 Node EVALUATE job proc (170548.39.0) completed successfully.
07/08/26 04:27:44 Event: ULOG_JOB_TERMINATED for HTCondor Node EVALUATE (170548.38.0) {07/08/26 04:27:41}
07/08/26 04:27:44 Number of idle job procs: 0
07/08/26 04:27:44 Node EVALUATE job proc (170548.38.0) completed successfully.
07/08/26 04:27:44 Node EVALUATE job(s) have exited the queue
07/08/26 04:27:44 DAG status: 0 (DAG_STATUS_OK)
07/08/26 04:27:44 Of 5 nodes total:
07/08/26 04:27:44  Done     Pre   Queued    Post   Ready   Un-Ready   Failed   Futile
07/08/26 04:27:44   ===     ===      ===     ===     ===        ===      ===      ===
07/08/26 04:27:44     4       0        0       0       1          0        0        0
07/08/26 04:27:44 0 job proc(s) currently held
07/08/26 04:27:44 DAGMan Runtime Statistics: [EventCycleTimeAvg=0.000; EventCycleTimeMax=0.166; EventCycleTimeMin=0.000; EventCycleTimeStd=0.004; EventCycleTimeSum=1.488; SleepCycleTimeAvg=5.004; SleepCycleTimeMax=5.025; SleepCycleTimeMin=5.000; SleepCycleTimeStd=0.001; SleepCycleTimeSum=17133.742; SubmitCycleTimeAvg=0.000; SubmitCycleTimeMax=0.161; SubmitCycleTimeMin=0.000; SubmitCycleTimeStd=0.004; SubmitCycleTimeSum=0.377; EventCycleTimeCount=3424.000; SleepCycleTimeCount=3424.000; SubmitCycleTimeCount=3425.000; LogProcessCycleTimeAvg=0.006; LogProcessCycleTimeMax=0.069; LogProcessCycleTimeMin=0.002; LogProcessCycleTimeStd=0.011; LogProcessCycleTimeSum=0.474; LogProcessCycleTimeCount=80.000; ]
07/08/26 04:27:49 Submitting HTCondor Node MERGE_EVALUATION job(s)...
07/08/26 04:27:49 Submitting node MERGE_EVALUATION from file one_way_line_det_one_way_line_17_10_action_shield_merge_evaluation.sub using direct job submission
07/08/26 04:27:49 	assigned HTCondor ID (170550.0.0)
07/08/26 04:27:49 Just submitted 1 job this cycle...
07/08/26 04:27:49 DAG status: 0 (DAG_STATUS_OK)
07/08/26 04:27:49 Of 5 nodes total:
07/08/26 04:27:49  Done     Pre   Queued    Post   Ready   Un-Ready   Failed   Futile
07/08/26 04:27:49   ===     ===      ===     ===     ===        ===      ===      ===
07/08/26 04:27:49     4       0        1       0       0          0        0        0
07/08/26 04:27:49 0 job proc(s) currently held
07/08/26 04:27:49 DAGMan Runtime Statistics: [EventCycleTimeAvg=0.000; EventCycleTimeMax=0.166; EventCycleTimeMin=0.000; EventCycleTimeStd=0.004; EventCycleTimeSum=1.496; SleepCycleTimeAvg=5.004; SleepCycleTimeMax=5.025; SleepCycleTimeMin=5.000; SleepCycleTimeStd=0.001; SleepCycleTimeSum=17138.746; SubmitCycleTimeAvg=0.000; SubmitCycleTimeMax=0.161; SubmitCycleTimeMin=0.000; SubmitCycleTimeStd=0.004; SubmitCycleTimeSum=0.404; EventCycleTimeCount=3425.000; SleepCycleTimeCount=3425.000; SubmitCycleTimeCount=3426.000; LogProcessCycleTimeAvg=0.006; LogProcessCycleTimeMax=0.069; LogProcessCycleTimeMin=0.002; LogProcessCycleTimeStd=0.011; LogProcessCycleTimeSum=0.474; LogProcessCycleTimeCount=80.000; ]
07/08/26 04:27:54 Currently monitoring 1 HTCondor log file(s)
07/08/26 04:27:54 Reassigning the id of job MERGE_EVALUATION from (170550.0.0) to (170550.0.0)
07/08/26 04:27:54 Event: ULOG_SUBMIT for HTCondor Node MERGE_EVALUATION (170550.0.0) {07/08/26 04:27:49}
07/08/26 04:27:54 Number of idle job procs: 1
07/08/26 04:31:04 Currently monitoring 1 HTCondor log file(s)
07/08/26 04:31:04 Event: ULOG_EXECUTE for HTCondor Node MERGE_EVALUATION (170550.0.0) {07/08/26 04:31:02}
07/08/26 04:31:04 Number of idle job procs: 0
07/08/26 04:31:09 Currently monitoring 1 HTCondor log file(s)
07/08/26 04:31:09 Event: ULOG_JOB_TERMINATED for HTCondor Node MERGE_EVALUATION (170550.0.0) {07/08/26 04:31:06}
07/08/26 04:31:09 Number of idle job procs: 0
07/08/26 04:31:09 Node MERGE_EVALUATION job proc (170550.0.0) completed successfully.
07/08/26 04:31:09 Node MERGE_EVALUATION job(s) have exited the queue
07/08/26 04:31:09 DAG status: 0 (DAG_STATUS_OK)
07/08/26 04:31:09 Of 5 nodes total:
07/08/26 04:31:09  Done     Pre   Queued    Post   Ready   Un-Ready   Failed   Futile
07/08/26 04:31:09   ===     ===      ===     ===     ===        ===      ===      ===
07/08/26 04:31:09     5       0        0       0       0          0        0        0
07/08/26 04:31:09 0 job proc(s) currently held
07/08/26 04:31:09 DAGMan Runtime Statistics: [EventCycleTimeAvg=0.000; EventCycleTimeMax=0.166; EventCycleTimeMin=0.000; EventCycleTimeStd=0.004; EventCycleTimeSum=1.539; SleepCycleTimeAvg=5.004; SleepCycleTimeMax=5.025; SleepCycleTimeMin=5.000; SleepCycleTimeStd=0.001; SleepCycleTimeSum=17338.909; SubmitCycleTimeAvg=0.000; SubmitCycleTimeMax=0.161; SubmitCycleTimeMin=0.000; SubmitCycleTimeStd=0.004; SubmitCycleTimeSum=0.404; EventCycleTimeCount=3465.000; SleepCycleTimeCount=3465.000; SubmitCycleTimeCount=3466.000; LogProcessCycleTimeAvg=0.006; LogProcessCycleTimeMax=0.069; LogProcessCycleTimeMin=0.002; LogProcessCycleTimeStd=0.010; LogProcessCycleTimeSum=0.484; LogProcessCycleTimeCount=83.000; ]
07/08/26 04:31:09 All jobs Completed!
07/08/26 04:31:09 Note: 0 total node deferrals because of -MaxJobs limit (0)
07/08/26 04:31:09 Note: 0 total node deferrals because of -MaxIdle limit (1000)
07/08/26 04:31:09 Note: 0 total node deferrals because of node category throttles
07/08/26 04:31:09 Note: 0 total PRE script deferrals because of -MaxPre limit (20) or DEFER
07/08/26 04:31:09 Note: 0 total POST script deferrals because of -MaxPost limit (20) or DEFER
07/08/26 04:31:09 Note: 0 total HOLD script deferrals because of -MaxHold limit (20) or DEFER
07/08/26 04:31:09 DAG status: 0 (DAG_STATUS_OK)
07/08/26 04:31:09 Of 5 nodes total:
07/08/26 04:31:09  Done     Pre   Queued    Post   Ready   Un-Ready   Failed   Futile
07/08/26 04:31:09   ===     ===      ===     ===     ===        ===      ===      ===
07/08/26 04:31:09     5       0        0       0       0          0        0        0
07/08/26 04:31:09 0 job proc(s) currently held
07/08/26 04:31:09 DAGMan Runtime Statistics: [EventCycleTimeAvg=0.000; EventCycleTimeMax=0.166; EventCycleTimeMin=0.000; EventCycleTimeStd=0.004; EventCycleTimeSum=1.539; SleepCycleTimeAvg=5.004; SleepCycleTimeMax=5.025; SleepCycleTimeMin=5.000; SleepCycleTimeStd=0.001; SleepCycleTimeSum=17338.909; SubmitCycleTimeAvg=0.000; SubmitCycleTimeMax=0.161; SubmitCycleTimeMin=0.000; SubmitCycleTimeStd=0.004; SubmitCycleTimeSum=0.404; EventCycleTimeCount=3465.000; SleepCycleTimeCount=3465.000; SubmitCycleTimeCount=3466.000; LogProcessCycleTimeAvg=0.006; LogProcessCycleTimeMax=0.069; LogProcessCycleTimeMin=0.002; LogProcessCycleTimeStd=0.010; LogProcessCycleTimeSum=0.484; LogProcessCycleTimeCount=83.000; ]
07/08/26 04:31:09 Wrote metrics file one_way_line_det_one_way_line_17_10_action_shield.dag.metrics.
07/08/26 04:31:09 DAGMan Runtime Statistics: [EventCycleTimeAvg=0.000; EventCycleTimeMax=0.166; EventCycleTimeMin=0.000; EventCycleTimeStd=0.004; EventCycleTimeSum=1.539; SleepCycleTimeAvg=5.004; SleepCycleTimeMax=5.025; SleepCycleTimeMin=5.000; SleepCycleTimeStd=0.001; SleepCycleTimeSum=17338.909; SubmitCycleTimeAvg=0.000; SubmitCycleTimeMax=0.161; SubmitCycleTimeMin=0.000; SubmitCycleTimeStd=0.004; SubmitCycleTimeSum=0.404; EventCycleTimeCount=3465.000; SleepCycleTimeCount=3465.000; SubmitCycleTimeCount=3466.000; LogProcessCycleTimeAvg=0.006; LogProcessCycleTimeMax=0.069; LogProcessCycleTimeMin=0.002; LogProcessCycleTimeStd=0.010; LogProcessCycleTimeSum=0.484; LogProcessCycleTimeCount=83.000; ]
07/08/26 04:31:09 **** condor_scheduniv_exec.170530.0 (condor_DAGMAN) pid 717423 EXITING WITH STATUS 0
