07/06/26 18:25:14 ******************************************************
07/06/26 18:25:14 ** condor_scheduniv_exec.170260.0 (CONDOR_DAGMAN) STARTING UP
07/06/26 18:25:14 ** /usr/bin/condor_dagman
07/06/26 18:25:14 ** SubsystemInfo: name=DAGMAN type=DAGMAN(9) class=CLIENT(2)
07/06/26 18:25:14 ** Configuration: subsystem:DAGMAN local:<NONE> class:CLIENT
07/06/26 18:25:14 ** $CondorVersion: 24.12.19 2026-04-15 BuildID: 896241 PackageID: 24.12.19-1+deb12 GitSHA: c68f3e0e $
07/06/26 18:25:14 ** $CondorPlatform: X86_64-Debian_12 $
07/06/26 18:25:14 ** PID = 42714 RealUID = 1620002036
07/06/26 18:25:14 ** Log last touched time unavailable (No such file or directory)
07/06/26 18:25:14 ******************************************************
07/06/26 18:25:14 Using config source: /etc/condor/condor_config
07/06/26 18:25:14 Using local config sources: 
07/06/26 18:25:14    /etc/condor/config.d/01-submit.conf
07/06/26 18:25:14    /etc/condor/config.d/10-stash-plugin.conf
07/06/26 18:25:14    /etc/condor/config.d/23-network.config
07/06/26 18:25:14    /etc/condor/config.d/31-mail.conf
07/06/26 18:25:14    /etc/condor/config.d/35-cc-sync.conf
07/06/26 18:25:14    /etc/condor/config.d/41-periodic-remove.conf
07/06/26 18:25:14    /etc/condor/config.d/49-common.conf
07/06/26 18:25:14    /etc/condor/config.d/52-group-mapping.conf
07/06/26 18:25:14    /etc/condor/config.d/54-container.conf
07/06/26 18:25:14    /etc/condor/config.d/67-submit-transforms.conf
07/06/26 18:25:14    /etc/condor/config.d/71-submit-requirements.conf
07/06/26 18:25:14    /etc/condor/condor_config.local
07/06/26 18:25:14 config Macros = 110, Sorted = 110, StringBytes = 6399, TablesBytes = 4088
07/06/26 18:25:14 CLASSAD_CACHING is ENABLED
07/06/26 18:25:14 Daemon Log is logging: D_ALWAYS D_ERROR D_STATUS
07/06/26 18:25:14 Daemoncore: Listening at <0.0.0.0:5423> on TCP (ReliSock) and UDP (SafeSock).
07/06/26 18:25:14 DaemonCore: command socket at <10.143.248.60:5423?addrs=10.143.248.60-5423&alias=conduit.hpc.uni-saarland.de>
07/06/26 18:25:14 DaemonCore: private command socket at <10.143.248.60:5423?addrs=10.143.248.60-5423&alias=conduit.hpc.uni-saarland.de>
07/06/26 18:25:14 DAGMAN_USE_STRICT setting: 1
07/06/26 18:25:14 DAGMAN_VERBOSITY setting: 3
07/06/26 18:25:14 DAGMAN_DEBUG_CACHE_SIZE setting: 5242880
07/06/26 18:25:14 DAGMAN_DEBUG_CACHE_ENABLE setting: False
07/06/26 18:25:14 DAGMAN_SUBMIT_DELAY setting: 0
07/06/26 18:25:14 DAGMAN_MAX_SUBMIT_ATTEMPTS setting: 6
07/06/26 18:25:14 DAGMAN_STARTUP_CYCLE_DETECT setting: False
07/06/26 18:25:14 DAGMAN_USE_JOIN_NODES setting: True
07/06/26 18:25:14 DAGMAN_REPORT_GRAPH_METRICS setting: False
07/06/26 18:25:14 DAGMAN_MAX_SUBMITS_PER_INTERVAL setting: 100
07/06/26 18:25:14 DAGMAN_AGGRESSIVE_SUBMIT setting: False
07/06/26 18:25:14 DAGMAN_USER_LOG_SCAN_INTERVAL setting: 5
07/06/26 18:25:14 DAGMAN_QUEUE_UPDATE_INTERVAL setting: 300.000000
07/06/26 18:25:14 DAGMAN_DEFAULT_PRIORITY setting: 0
07/06/26 18:25:14 DAGMAN_SUPPRESS_NOTIFICATION setting: False
07/06/26 18:25:14 allow_events (DAGMAN_ALLOW_EVENTS) setting: 114
07/06/26 18:25:14 DAGMAN_RETRY_SUBMIT_FIRST setting: True
07/06/26 18:25:14 DAGMAN_RETRY_NODE_FIRST setting: False
07/06/26 18:25:14 DAGMAN_MAX_JOBS_IDLE setting: 1000
07/06/26 18:25:14 DAGMAN_MAX_JOBS_SUBMITTED setting: 0
07/06/26 18:25:14 DAGMAN_MAX_PRE_SCRIPTS setting: 20
07/06/26 18:25:14 DAGMAN_MAX_POST_SCRIPTS setting: 20
07/06/26 18:25:14 DAGMAN_MAX_HOLD_SCRIPTS setting: 20
07/06/26 18:25:14 DAGMAN_MUNGE_NODE_NAMES setting: True
07/06/26 18:25:14 DAGMAN_ALLOW_ANY_NODE_NAME_CHARACTERS setting: False
07/06/26 18:25:14 DAGMAN_PROHIBIT_MULTI_JOBS setting: False
07/06/26 18:25:14 DAGMAN_SUBMIT_DEPTH_FIRST setting: False
07/06/26 18:25:14 DAGMAN_ALWAYS_RUN_POST setting: False
07/06/26 18:25:14 DAGMAN_CONDOR_SUBMIT_EXE setting: /usr/bin/condor_submit
07/06/26 18:25:14 DAGMAN_CONDOR_RM_EXE setting: /usr/bin/condor_rm
07/06/26 18:25:14 DAGMAN_USE_DIRECT_SUBMIT setting: True
07/06/26 18:25:14 DAGMAN_PRODUCE_JOB_CREDENTIALS setting: True
07/06/26 18:25:14 DAGMAN_DEFAULT_APPEND_VARS setting: False
07/06/26 18:25:14 DAGMAN_INHERIT_ATTRS_PREFIX setting: 
07/06/26 18:25:14 DAGMAN_INHERIT_ATTRS setting: 
07/06/26 18:25:14 DAGMAN_ABORT_DUPLICATES setting: True
07/06/26 18:25:14 DAGMAN_ABORT_ON_SCARY_SUBMIT setting: True
07/06/26 18:25:14 DAGMAN_PENDING_REPORT_INTERVAL setting: 600
07/06/26 18:25:14 DAGMAN_CHECK_QUEUE_INTERVAL setting: 28800
07/06/26 18:25:14 DAGMAN_PRINT_JOB_TABLE_INTERVAL setting: 900
07/06/26 18:25:14 DAGMAN_AUTO_RESCUE setting: True
07/06/26 18:25:14 DAGMAN_MAX_RESCUE_NUM setting: 100
07/06/26 18:25:14 DAGMAN_WRITE_PARTIAL_RESCUE setting: True
07/06/26 18:25:14 DAGMAN_RESET_RETRIES_UPON_RESCUE setting: True
07/06/26 18:25:14 DAGMAN_METRICS_FILE_VERSION setting: 2
07/06/26 18:25:14 DAGMAN_DEFAULT_NODE_LOG setting: @(DAG_DIR)/@(DAG_FILE).nodes.log
07/06/26 18:25:14 DAGMAN_LOG_ON_NFS_IS_ERROR setting: False
07/06/26 18:25:14 DAGMAN_GENERATE_SUBDAG_SUBMITS setting: True
07/06/26 18:25:14 DAGMAN_MAX_JOB_HOLDS setting: 100
07/06/26 18:25:14 DAGMAN_NODE_JOB_FAILURE_TOLERANCE setting: 0
07/06/26 18:25:14 DAGMAN_HOLD_CLAIM_TIME setting: 20
07/06/26 18:25:14 DAGMAN_SUPPRESS_JOB_LOGS setting: False
07/06/26 18:25:14 DAGMAN_REMOVE_NODE_JOBS setting: True
07/06/26 18:25:14 DAGMAN_PUT_FAILED_JOBS_ON_HOLD setting: False
07/06/26 18:25:14 DAGMAN_REMOVE_JOBS_AFTER_LIMIT_CHANGE setting: False
07/06/26 18:25:14 DAGMAN will adjust edges after parsing
07/06/26 18:25:14 argv[0] == "condor_scheduniv_exec.170260.0"
07/06/26 18:25:14 argv[1] == "-Lockfile"
07/06/26 18:25:14 argv[2] == "one_way_line_det_one_way_line_40_25_action_shield.dag.lock"
07/06/26 18:25:14 argv[3] == "-Dag"
07/06/26 18:25:14 argv[4] == "one_way_line_det_one_way_line_40_25_action_shield.dag"
07/06/26 18:25:14 argv[5] == "-CsdVersion"
07/06/26 18:25:14 argv[6] == "$CondorVersion: 24.12.19 2026-04-15 BuildID: 896241 PackageID: 24.12.19-1+deb12 GitSHA: c68f3e0e $"
07/06/26 18:25:14 argv[7] == "-dagman"
07/06/26 18:25:14 argv[8] == "/usr/bin/condor_dagman"
07/06/26 18:25:14 argv[9] == "-AutoRescue"
07/06/26 18:25:14 argv[10] == "1"
07/06/26 18:25:14 argv[11] == "-DoRescueFrom"
07/06/26 18:25:14 argv[12] == "0"
07/06/26 18:25:14 Can't open directory "/etc/condor/passwords.d" as PRIV_ROOT, errno: 13 (Permission denied)
07/06/26 18:25:14 Can't open directory "/etc/condor/passwords.d" as PRIV_ROOT, errno: 13 (Permission denied)
07/06/26 18:25:14 Workflow batch-id: <170260.0>
07/06/26 18:25:14 Workflow batch-name: <one_way_line_det_one_way_line_40_25_action_shield.dag+170260>
07/06/26 18:25:14 Workflow accounting_group: <teaching>
07/06/26 18:25:14 Workflow accounting_group_user: <atml_team041>
07/06/26 18:25:14 Warning: failed to get attribute DAGNodeName
07/06/26 18:25:14 Default node log file is: </home/atml_team041/condor_tutorial/jani_env/experiments/repair_wo_domain/submissions/action_shield/one_way_line_det/./one_way_line_det_one_way_line_40_25_action_shield.dag.nodes.log>
07/06/26 18:25:14 DAG Lockfile will be written to one_way_line_det_one_way_line_40_25_action_shield.dag.lock
07/06/26 18:25:14 DAG Input file is one_way_line_det_one_way_line_40_25_action_shield.dag
07/06/26 18:25:14 Parsing 1 dagfiles
07/06/26 18:25:14 Parsing one_way_line_det_one_way_line_40_25_action_shield.dag ...
07/06/26 18:25:14 Adjusting edges
07/06/26 18:25:14 Dag contains 5 total nodes
07/06/26 18:25:14 Bootstrapping...
07/06/26 18:25:14 Number of pre-completed nodes: 0
07/06/26 18:25:14 MultiLogFiles: truncating log file /home/atml_team041/condor_tutorial/jani_env/experiments/repair_wo_domain/submissions/action_shield/one_way_line_det/./one_way_line_det_one_way_line_40_25_action_shield.dag.nodes.log
07/06/26 18:25:14 DAG status: 0 (DAG_STATUS_OK)
07/06/26 18:25:14 Of 5 nodes total:
07/06/26 18:25:14  Done     Pre   Queued    Post   Ready   Un-Ready   Failed   Futile
07/06/26 18:25:14   ===     ===      ===     ===     ===        ===      ===      ===
07/06/26 18:25:14     0       0        0       0       1          4        0        0
07/06/26 18:25:14 0 job proc(s) currently held
07/06/26 18:25:14 DAGMan Runtime Statistics: [EventCycleTimeSum=0.000; SleepCycleTimeSum=0.000; SubmitCycleTimeSum=0.000; EventCycleTimeCount=0.000; SleepCycleTimeCount=0.000; SubmitCycleTimeCount=0.000; LogProcessCycleTimeSum=0.000; LogProcessCycleTimeCount=0.000; ]
07/06/26 18:25:14 Registering condor_event_timer...
07/06/26 18:25:15 Submitting HTCondor Node COLLECT job(s)...
07/06/26 18:25:15 Submitting node COLLECT from file one_way_line_det_one_way_line_40_25_action_shield_collect.sub using direct job submission
07/06/26 18:25:15 	assigned HTCondor ID (170269.0.0)
07/06/26 18:25:16 Just submitted 1 job this cycle...
07/06/26 18:25:16 DAG status: 0 (DAG_STATUS_OK)
07/06/26 18:25:16 Of 5 nodes total:
07/06/26 18:25:16  Done     Pre   Queued    Post   Ready   Un-Ready   Failed   Futile
07/06/26 18:25:16   ===     ===      ===     ===     ===        ===      ===      ===
07/06/26 18:25:16     0       0        1       0       0          4        0        0
07/06/26 18:25:16 0 job proc(s) currently held
07/06/26 18:25:16 DAGMan Runtime Statistics: [EventCycleTimeSum=0.000; SleepCycleTimeSum=0.000; SubmitCycleTimeAvg=0.743; SubmitCycleTimeMax=0.743; SubmitCycleTimeMin=0.743; SubmitCycleTimeStd=0.743; SubmitCycleTimeSum=0.743; EventCycleTimeCount=0.000; SleepCycleTimeCount=0.000; SubmitCycleTimeCount=1.000; LogProcessCycleTimeSum=0.000; LogProcessCycleTimeCount=0.000; ]
07/06/26 18:25:21 Currently monitoring 1 HTCondor log file(s)
07/06/26 18:25:21 Reassigning the id of job COLLECT from (170269.0.0) to (170269.0.0)
07/06/26 18:25:21 Event: ULOG_SUBMIT for HTCondor Node COLLECT (170269.0.0) {07/06/26 18:25:15}
07/06/26 18:25:21 Number of idle job procs: 1
07/06/26 18:25:21 Reassigning the id of job COLLECT from (170269.0.0) to (170269.1.0)
07/06/26 18:25:21 Event: ULOG_SUBMIT for HTCondor Node COLLECT (170269.1.0) {07/06/26 18:25:15}
07/06/26 18:25:21 Number of idle job procs: 2
07/06/26 18:25:21 Reassigning the id of job COLLECT from (170269.1.0) to (170269.10.0)
07/06/26 18:25:21 Event: ULOG_SUBMIT for HTCondor Node COLLECT (170269.10.0) {07/06/26 18:25:15}
07/06/26 18:25:21 Number of idle job procs: 3
07/06/26 18:25:21 Reassigning the id of job COLLECT from (170269.10.0) to (170269.11.0)
07/06/26 18:25:21 Event: ULOG_SUBMIT for HTCondor Node COLLECT (170269.11.0) {07/06/26 18:25:15}
07/06/26 18:25:21 Number of idle job procs: 4
07/06/26 18:25:21 Reassigning the id of job COLLECT from (170269.11.0) to (170269.12.0)
07/06/26 18:25:21 Event: ULOG_SUBMIT for HTCondor Node COLLECT (170269.12.0) {07/06/26 18:25:15}
07/06/26 18:25:21 Number of idle job procs: 5
07/06/26 18:25:21 Reassigning the id of job COLLECT from (170269.12.0) to (170269.13.0)
07/06/26 18:25:21 Event: ULOG_SUBMIT for HTCondor Node COLLECT (170269.13.0) {07/06/26 18:25:15}
07/06/26 18:25:21 Number of idle job procs: 6
07/06/26 18:25:21 Reassigning the id of job COLLECT from (170269.13.0) to (170269.14.0)
07/06/26 18:25:21 Event: ULOG_SUBMIT for HTCondor Node COLLECT (170269.14.0) {07/06/26 18:25:15}
07/06/26 18:25:21 Number of idle job procs: 7
07/06/26 18:25:21 Reassigning the id of job COLLECT from (170269.14.0) to (170269.15.0)
07/06/26 18:25:21 Event: ULOG_SUBMIT for HTCondor Node COLLECT (170269.15.0) {07/06/26 18:25:15}
07/06/26 18:25:21 Number of idle job procs: 8
07/06/26 18:25:21 Reassigning the id of job COLLECT from (170269.15.0) to (170269.16.0)
07/06/26 18:25:21 Event: ULOG_SUBMIT for HTCondor Node COLLECT (170269.16.0) {07/06/26 18:25:15}
07/06/26 18:25:21 Number of idle job procs: 9
07/06/26 18:25:21 Reassigning the id of job COLLECT from (170269.16.0) to (170269.17.0)
07/06/26 18:25:21 Event: ULOG_SUBMIT for HTCondor Node COLLECT (170269.17.0) {07/06/26 18:25:15}
07/06/26 18:25:21 Number of idle job procs: 10
07/06/26 18:25:21 Reassigning the id of job COLLECT from (170269.17.0) to (170269.18.0)
07/06/26 18:25:21 Event: ULOG_SUBMIT for HTCondor Node COLLECT (170269.18.0) {07/06/26 18:25:15}
07/06/26 18:25:21 Number of idle job procs: 11
07/06/26 18:25:21 Reassigning the id of job COLLECT from (170269.18.0) to (170269.19.0)
07/06/26 18:25:21 Event: ULOG_SUBMIT for HTCondor Node COLLECT (170269.19.0) {07/06/26 18:25:15}
07/06/26 18:25:21 Number of idle job procs: 12
07/06/26 18:25:21 Reassigning the id of job COLLECT from (170269.19.0) to (170269.2.0)
07/06/26 18:25:21 Event: ULOG_SUBMIT for HTCondor Node COLLECT (170269.2.0) {07/06/26 18:25:15}
07/06/26 18:25:21 Number of idle job procs: 13
07/06/26 18:25:21 Reassigning the id of job COLLECT from (170269.2.0) to (170269.20.0)
07/06/26 18:25:21 Event: ULOG_SUBMIT for HTCondor Node COLLECT (170269.20.0) {07/06/26 18:25:15}
07/06/26 18:25:21 Number of idle job procs: 14
07/06/26 18:25:21 Reassigning the id of job COLLECT from (170269.20.0) to (170269.21.0)
07/06/26 18:25:21 Event: ULOG_SUBMIT for HTCondor Node COLLECT (170269.21.0) {07/06/26 18:25:15}
07/06/26 18:25:21 Number of idle job procs: 15
07/06/26 18:25:21 Reassigning the id of job COLLECT from (170269.21.0) to (170269.22.0)
07/06/26 18:25:21 Event: ULOG_SUBMIT for HTCondor Node COLLECT (170269.22.0) {07/06/26 18:25:15}
07/06/26 18:25:21 Number of idle job procs: 16
07/06/26 18:25:21 Reassigning the id of job COLLECT from (170269.22.0) to (170269.23.0)
07/06/26 18:25:21 Event: ULOG_SUBMIT for HTCondor Node COLLECT (170269.23.0) {07/06/26 18:25:15}
07/06/26 18:25:21 Number of idle job procs: 17
07/06/26 18:25:21 Reassigning the id of job COLLECT from (170269.23.0) to (170269.24.0)
07/06/26 18:25:21 Event: ULOG_SUBMIT for HTCondor Node COLLECT (170269.24.0) {07/06/26 18:25:15}
07/06/26 18:25:21 Number of idle job procs: 18
07/06/26 18:25:21 Reassigning the id of job COLLECT from (170269.24.0) to (170269.25.0)
07/06/26 18:25:21 Event: ULOG_SUBMIT for HTCondor Node COLLECT (170269.25.0) {07/06/26 18:25:15}
07/06/26 18:25:21 Number of idle job procs: 19
07/06/26 18:25:21 Reassigning the id of job COLLECT from (170269.25.0) to (170269.26.0)
07/06/26 18:25:21 Event: ULOG_SUBMIT for HTCondor Node COLLECT (170269.26.0) {07/06/26 18:25:15}
07/06/26 18:25:21 Number of idle job procs: 20
07/06/26 18:25:21 Reassigning the id of job COLLECT from (170269.26.0) to (170269.27.0)
07/06/26 18:25:21 Event: ULOG_SUBMIT for HTCondor Node COLLECT (170269.27.0) {07/06/26 18:25:15}
07/06/26 18:25:21 Number of idle job procs: 21
07/06/26 18:25:21 Reassigning the id of job COLLECT from (170269.27.0) to (170269.28.0)
07/06/26 18:25:21 Event: ULOG_SUBMIT for HTCondor Node COLLECT (170269.28.0) {07/06/26 18:25:15}
07/06/26 18:25:21 Number of idle job procs: 22
07/06/26 18:25:21 Reassigning the id of job COLLECT from (170269.28.0) to (170269.29.0)
07/06/26 18:25:21 Event: ULOG_SUBMIT for HTCondor Node COLLECT (170269.29.0) {07/06/26 18:25:15}
07/06/26 18:25:21 Number of idle job procs: 23
07/06/26 18:25:21 Reassigning the id of job COLLECT from (170269.29.0) to (170269.3.0)
07/06/26 18:25:21 Event: ULOG_SUBMIT for HTCondor Node COLLECT (170269.3.0) {07/06/26 18:25:15}
07/06/26 18:25:21 Number of idle job procs: 24
07/06/26 18:25:21 Reassigning the id of job COLLECT from (170269.3.0) to (170269.30.0)
07/06/26 18:25:21 Event: ULOG_SUBMIT for HTCondor Node COLLECT (170269.30.0) {07/06/26 18:25:15}
07/06/26 18:25:21 Number of idle job procs: 25
07/06/26 18:25:21 Reassigning the id of job COLLECT from (170269.30.0) to (170269.31.0)
07/06/26 18:25:21 Event: ULOG_SUBMIT for HTCondor Node COLLECT (170269.31.0) {07/06/26 18:25:15}
07/06/26 18:25:21 Number of idle job procs: 26
07/06/26 18:25:21 Reassigning the id of job COLLECT from (170269.31.0) to (170269.32.0)
07/06/26 18:25:21 Event: ULOG_SUBMIT for HTCondor Node COLLECT (170269.32.0) {07/06/26 18:25:15}
07/06/26 18:25:21 Number of idle job procs: 27
07/06/26 18:25:21 Reassigning the id of job COLLECT from (170269.32.0) to (170269.33.0)
07/06/26 18:25:21 Event: ULOG_SUBMIT for HTCondor Node COLLECT (170269.33.0) {07/06/26 18:25:15}
07/06/26 18:25:21 Number of idle job procs: 28
07/06/26 18:25:21 Reassigning the id of job COLLECT from (170269.33.0) to (170269.34.0)
07/06/26 18:25:21 Event: ULOG_SUBMIT for HTCondor Node COLLECT (170269.34.0) {07/06/26 18:25:15}
07/06/26 18:25:21 Number of idle job procs: 29
07/06/26 18:25:21 Reassigning the id of job COLLECT from (170269.34.0) to (170269.35.0)
07/06/26 18:25:21 Event: ULOG_SUBMIT for HTCondor Node COLLECT (170269.35.0) {07/06/26 18:25:15}
07/06/26 18:25:21 Number of idle job procs: 30
07/06/26 18:25:21 Reassigning the id of job COLLECT from (170269.35.0) to (170269.36.0)
07/06/26 18:25:21 Event: ULOG_SUBMIT for HTCondor Node COLLECT (170269.36.0) {07/06/26 18:25:15}
07/06/26 18:25:21 Number of idle job procs: 31
07/06/26 18:25:21 Reassigning the id of job COLLECT from (170269.36.0) to (170269.37.0)
07/06/26 18:25:21 Event: ULOG_SUBMIT for HTCondor Node COLLECT (170269.37.0) {07/06/26 18:25:15}
07/06/26 18:25:21 Number of idle job procs: 32
07/06/26 18:25:21 Reassigning the id of job COLLECT from (170269.37.0) to (170269.38.0)
07/06/26 18:25:21 Event: ULOG_SUBMIT for HTCondor Node COLLECT (170269.38.0) {07/06/26 18:25:15}
07/06/26 18:25:21 Number of idle job procs: 33
07/06/26 18:25:21 Reassigning the id of job COLLECT from (170269.38.0) to (170269.39.0)
07/06/26 18:25:21 Event: ULOG_SUBMIT for HTCondor Node COLLECT (170269.39.0) {07/06/26 18:25:15}
07/06/26 18:25:21 Number of idle job procs: 34
07/06/26 18:25:21 Reassigning the id of job COLLECT from (170269.39.0) to (170269.4.0)
07/06/26 18:25:21 Event: ULOG_SUBMIT for HTCondor Node COLLECT (170269.4.0) {07/06/26 18:25:15}
07/06/26 18:25:21 Number of idle job procs: 35
07/06/26 18:25:21 Reassigning the id of job COLLECT from (170269.4.0) to (170269.5.0)
07/06/26 18:25:21 Event: ULOG_SUBMIT for HTCondor Node COLLECT (170269.5.0) {07/06/26 18:25:15}
07/06/26 18:25:21 Number of idle job procs: 36
07/06/26 18:25:21 Reassigning the id of job COLLECT from (170269.5.0) to (170269.6.0)
07/06/26 18:25:21 Event: ULOG_SUBMIT for HTCondor Node COLLECT (170269.6.0) {07/06/26 18:25:15}
07/06/26 18:25:21 Number of idle job procs: 37
07/06/26 18:25:21 Reassigning the id of job COLLECT from (170269.6.0) to (170269.7.0)
07/06/26 18:25:21 Event: ULOG_SUBMIT for HTCondor Node COLLECT (170269.7.0) {07/06/26 18:25:15}
07/06/26 18:25:21 Number of idle job procs: 38
07/06/26 18:25:21 Reassigning the id of job COLLECT from (170269.7.0) to (170269.8.0)
07/06/26 18:25:21 Event: ULOG_SUBMIT for HTCondor Node COLLECT (170269.8.0) {07/06/26 18:25:15}
07/06/26 18:25:21 Number of idle job procs: 39
07/06/26 18:25:21 Reassigning the id of job COLLECT from (170269.8.0) to (170269.9.0)
07/06/26 18:25:21 Event: ULOG_SUBMIT for HTCondor Node COLLECT (170269.9.0) {07/06/26 18:25:15}
07/06/26 18:25:21 Number of idle job procs: 40
07/06/26 18:35:21 600 seconds since last log event
07/06/26 18:35:21 Pending DAG nodes:
07/06/26 18:35:21   Node COLLECT, HTCondor ID 170269, status STATUS_SUBMITTED
07/06/26 18:40:17 Total jobs placed to AP: 40
07/06/26 18:40:17      Idle     Held     Running     Successful     Failed
07/06/26 18:40:17       ===      ===         ===            ===        ===
07/06/26 18:40:17        40        0           0              0          0
07/06/26 18:45:22 1201 seconds since last log event
07/06/26 18:45:22 Pending DAG nodes:
07/06/26 18:45:22   Node COLLECT, HTCondor ID 170269, status STATUS_SUBMITTED
07/06/26 18:55:17 Total jobs placed to AP: 40
07/06/26 18:55:17      Idle     Held     Running     Successful     Failed
07/06/26 18:55:17       ===      ===         ===            ===        ===
07/06/26 18:55:17        40        0           0              0          0
07/06/26 18:55:22 1801 seconds since last log event
07/06/26 18:55:22 Pending DAG nodes:
07/06/26 18:55:22   Node COLLECT, HTCondor ID 170269, status STATUS_SUBMITTED
07/06/26 19:05:23 2402 seconds since last log event
07/06/26 19:05:23 Pending DAG nodes:
07/06/26 19:05:23   Node COLLECT, HTCondor ID 170269, status STATUS_SUBMITTED
07/06/26 19:10:18 Total jobs placed to AP: 40
07/06/26 19:10:18      Idle     Held     Running     Successful     Failed
07/06/26 19:10:18       ===      ===         ===            ===        ===
07/06/26 19:10:18        40        0           0              0          0
07/06/26 19:15:23 3002 seconds since last log event
07/06/26 19:15:23 Pending DAG nodes:
07/06/26 19:15:23   Node COLLECT, HTCondor ID 170269, status STATUS_SUBMITTED
07/06/26 19:25:19 Total jobs placed to AP: 40
07/06/26 19:25:19      Idle     Held     Running     Successful     Failed
07/06/26 19:25:19       ===      ===         ===            ===        ===
07/06/26 19:25:19        40        0           0              0          0
07/06/26 19:25:24 3603 seconds since last log event
07/06/26 19:25:24 Pending DAG nodes:
07/06/26 19:25:24   Node COLLECT, HTCondor ID 170269, status STATUS_SUBMITTED
07/06/26 19:35:24 4203 seconds since last log event
07/06/26 19:35:24 Pending DAG nodes:
07/06/26 19:35:24   Node COLLECT, HTCondor ID 170269, status STATUS_SUBMITTED
07/06/26 19:40:20 Total jobs placed to AP: 40
07/06/26 19:40:20      Idle     Held     Running     Successful     Failed
07/06/26 19:40:20       ===      ===         ===            ===        ===
07/06/26 19:40:20        40        0           0              0          0
07/06/26 19:45:25 4804 seconds since last log event
07/06/26 19:45:25 Pending DAG nodes:
07/06/26 19:45:25   Node COLLECT, HTCondor ID 170269, status STATUS_SUBMITTED
07/06/26 19:55:21 Total jobs placed to AP: 40
07/06/26 19:55:21      Idle     Held     Running     Successful     Failed
07/06/26 19:55:21       ===      ===         ===            ===        ===
07/06/26 19:55:21        40        0           0              0          0
07/06/26 19:55:26 5405 seconds since last log event
07/06/26 19:55:26 Pending DAG nodes:
07/06/26 19:55:26   Node COLLECT, HTCondor ID 170269, status STATUS_SUBMITTED
07/06/26 20:05:26 6005 seconds since last log event
07/06/26 20:05:26 Pending DAG nodes:
07/06/26 20:05:26   Node COLLECT, HTCondor ID 170269, status STATUS_SUBMITTED
07/06/26 20:10:21 Total jobs placed to AP: 40
07/06/26 20:10:21      Idle     Held     Running     Successful     Failed
07/06/26 20:10:21       ===      ===         ===            ===        ===
07/06/26 20:10:21        40        0           0              0          0
07/06/26 20:15:27 6606 seconds since last log event
07/06/26 20:15:27 Pending DAG nodes:
07/06/26 20:15:27   Node COLLECT, HTCondor ID 170269, status STATUS_SUBMITTED
07/06/26 20:25:22 Total jobs placed to AP: 40
07/06/26 20:25:22      Idle     Held     Running     Successful     Failed
07/06/26 20:25:22       ===      ===         ===            ===        ===
07/06/26 20:25:22        40        0           0              0          0
07/06/26 20:25:27 7206 seconds since last log event
07/06/26 20:25:27 Pending DAG nodes:
07/06/26 20:25:27   Node COLLECT, HTCondor ID 170269, status STATUS_SUBMITTED
07/06/26 20:35:28 7807 seconds since last log event
07/06/26 20:35:28 Pending DAG nodes:
07/06/26 20:35:28   Node COLLECT, HTCondor ID 170269, status STATUS_SUBMITTED
07/06/26 20:40:23 Total jobs placed to AP: 40
07/06/26 20:40:23      Idle     Held     Running     Successful     Failed
07/06/26 20:40:23       ===      ===         ===            ===        ===
07/06/26 20:40:23        40        0           0              0          0
07/06/26 20:45:28 8407 seconds since last log event
07/06/26 20:45:28 Pending DAG nodes:
07/06/26 20:45:28   Node COLLECT, HTCondor ID 170269, status STATUS_SUBMITTED
07/06/26 20:55:24 Total jobs placed to AP: 40
07/06/26 20:55:24      Idle     Held     Running     Successful     Failed
07/06/26 20:55:24       ===      ===         ===            ===        ===
07/06/26 20:55:24        40        0           0              0          0
07/06/26 20:55:29 9008 seconds since last log event
07/06/26 20:55:29 Pending DAG nodes:
07/06/26 20:55:29   Node COLLECT, HTCondor ID 170269, status STATUS_SUBMITTED
07/06/26 21:05:29 9608 seconds since last log event
07/06/26 21:05:29 Pending DAG nodes:
07/06/26 21:05:29   Node COLLECT, HTCondor ID 170269, status STATUS_SUBMITTED
07/06/26 21:10:25 Total jobs placed to AP: 40
07/06/26 21:10:25      Idle     Held     Running     Successful     Failed
07/06/26 21:10:25       ===      ===         ===            ===        ===
07/06/26 21:10:25        40        0           0              0          0
07/06/26 21:15:30 10209 seconds since last log event
07/06/26 21:15:30 Pending DAG nodes:
07/06/26 21:15:30   Node COLLECT, HTCondor ID 170269, status STATUS_SUBMITTED
07/06/26 21:25:25 Total jobs placed to AP: 40
07/06/26 21:25:25      Idle     Held     Running     Successful     Failed
07/06/26 21:25:25       ===      ===         ===            ===        ===
07/06/26 21:25:25        40        0           0              0          0
07/06/26 21:25:30 10809 seconds since last log event
07/06/26 21:25:30 Pending DAG nodes:
07/06/26 21:25:30   Node COLLECT, HTCondor ID 170269, status STATUS_SUBMITTED
07/06/26 21:35:31 11410 seconds since last log event
07/06/26 21:35:31 Pending DAG nodes:
07/06/26 21:35:31   Node COLLECT, HTCondor ID 170269, status STATUS_SUBMITTED
07/06/26 21:40:26 Total jobs placed to AP: 40
07/06/26 21:40:26      Idle     Held     Running     Successful     Failed
07/06/26 21:40:26       ===      ===         ===            ===        ===
07/06/26 21:40:26        40        0           0              0          0
07/06/26 21:45:31 12010 seconds since last log event
07/06/26 21:45:31 Pending DAG nodes:
07/06/26 21:45:31   Node COLLECT, HTCondor ID 170269, status STATUS_SUBMITTED
07/06/26 21:55:27 Total jobs placed to AP: 40
07/06/26 21:55:27      Idle     Held     Running     Successful     Failed
07/06/26 21:55:27       ===      ===         ===            ===        ===
07/06/26 21:55:27        40        0           0              0          0
07/06/26 21:55:32 12611 seconds since last log event
07/06/26 21:55:32 Pending DAG nodes:
07/06/26 21:55:32   Node COLLECT, HTCondor ID 170269, status STATUS_SUBMITTED
07/06/26 22:05:32 13211 seconds since last log event
07/06/26 22:05:32 Pending DAG nodes:
07/06/26 22:05:32   Node COLLECT, HTCondor ID 170269, status STATUS_SUBMITTED
07/06/26 22:10:28 Total jobs placed to AP: 40
07/06/26 22:10:28      Idle     Held     Running     Successful     Failed
07/06/26 22:10:28       ===      ===         ===            ===        ===
07/06/26 22:10:28        40        0           0              0          0
07/06/26 22:15:33 13812 seconds since last log event
07/06/26 22:15:33 Pending DAG nodes:
07/06/26 22:15:33   Node COLLECT, HTCondor ID 170269, status STATUS_SUBMITTED
07/06/26 22:25:28 Total jobs placed to AP: 40
07/06/26 22:25:28      Idle     Held     Running     Successful     Failed
07/06/26 22:25:28       ===      ===         ===            ===        ===
07/06/26 22:25:28        40        0           0              0          0
07/06/26 22:25:33 14412 seconds since last log event
07/06/26 22:25:33 Pending DAG nodes:
07/06/26 22:25:33   Node COLLECT, HTCondor ID 170269, status STATUS_SUBMITTED
07/06/26 22:35:35 15014 seconds since last log event
07/06/26 22:35:41 Pending DAG nodes:
07/06/26 22:35:41   Node COLLECT, HTCondor ID 170269, status STATUS_SUBMITTED
07/06/26 22:40:32 Total jobs placed to AP: 40
07/06/26 22:40:39      Idle     Held     Running     Successful     Failed
07/06/26 22:40:39       ===      ===         ===            ===        ===
07/06/26 22:40:39        40        0           0              0          0
07/06/26 22:45:35 15614 seconds since last log event
07/06/26 22:45:35 Pending DAG nodes:
07/06/26 22:45:35   Node COLLECT, HTCondor ID 170269, status STATUS_SUBMITTED
07/06/26 22:55:35 16214 seconds since last log event
07/06/26 22:55:35 Pending DAG nodes:
07/06/26 22:55:35   Node COLLECT, HTCondor ID 170269, status STATUS_SUBMITTED
07/06/26 22:55:40 Total jobs placed to AP: 40
07/06/26 22:55:40      Idle     Held     Running     Successful     Failed
07/06/26 22:55:40       ===      ===         ===            ===        ===
07/06/26 22:55:40        40        0           0              0          0
07/06/26 23:05:35 16814 seconds since last log event
07/06/26 23:05:35 Pending DAG nodes:
07/06/26 23:05:35   Node COLLECT, HTCondor ID 170269, status STATUS_SUBMITTED
07/06/26 23:10:40 Total jobs placed to AP: 40
07/06/26 23:10:40      Idle     Held     Running     Successful     Failed
07/06/26 23:10:40       ===      ===         ===            ===        ===
07/06/26 23:10:40        40        0           0              0          0
07/06/26 23:15:35 17414 seconds since last log event
07/06/26 23:15:35 Pending DAG nodes:
07/06/26 23:15:35   Node COLLECT, HTCondor ID 170269, status STATUS_SUBMITTED
07/06/26 23:25:36 18015 seconds since last log event
07/06/26 23:25:36 Pending DAG nodes:
07/06/26 23:25:36   Node COLLECT, HTCondor ID 170269, status STATUS_SUBMITTED
07/06/26 23:25:41 Total jobs placed to AP: 40
07/06/26 23:25:41      Idle     Held     Running     Successful     Failed
07/06/26 23:25:41       ===      ===         ===            ===        ===
07/06/26 23:25:41        40        0           0              0          0
07/06/26 23:35:36 18615 seconds since last log event
07/06/26 23:35:36 Pending DAG nodes:
07/06/26 23:35:36   Node COLLECT, HTCondor ID 170269, status STATUS_SUBMITTED
07/06/26 23:40:41 Total jobs placed to AP: 40
07/06/26 23:40:41      Idle     Held     Running     Successful     Failed
07/06/26 23:40:41       ===      ===         ===            ===        ===
07/06/26 23:40:41        40        0           0              0          0
07/06/26 23:45:37 19216 seconds since last log event
07/06/26 23:45:37 Pending DAG nodes:
07/06/26 23:45:37   Node COLLECT, HTCondor ID 170269, status STATUS_SUBMITTED
07/06/26 23:55:37 19816 seconds since last log event
07/06/26 23:55:37 Pending DAG nodes:
07/06/26 23:55:37   Node COLLECT, HTCondor ID 170269, status STATUS_SUBMITTED
07/06/26 23:55:42 Total jobs placed to AP: 40
07/06/26 23:55:42      Idle     Held     Running     Successful     Failed
07/06/26 23:55:42       ===      ===         ===            ===        ===
07/06/26 23:55:42        40        0           0              0          0
07/07/26 00:05:38 20417 seconds since last log event
07/07/26 00:05:38 Pending DAG nodes:
07/07/26 00:05:38   Node COLLECT, HTCondor ID 170269, status STATUS_SUBMITTED
07/07/26 00:10:43 Total jobs placed to AP: 40
07/07/26 00:10:43      Idle     Held     Running     Successful     Failed
07/07/26 00:10:43       ===      ===         ===            ===        ===
07/07/26 00:10:43        40        0           0              0          0
07/07/26 00:15:38 21017 seconds since last log event
07/07/26 00:15:38 Pending DAG nodes:
07/07/26 00:15:38   Node COLLECT, HTCondor ID 170269, status STATUS_SUBMITTED
07/07/26 00:25:39 21618 seconds since last log event
07/07/26 00:25:39 Pending DAG nodes:
07/07/26 00:25:39   Node COLLECT, HTCondor ID 170269, status STATUS_SUBMITTED
07/07/26 00:25:44 Total jobs placed to AP: 40
07/07/26 00:25:44      Idle     Held     Running     Successful     Failed
07/07/26 00:25:44       ===      ===         ===            ===        ===
07/07/26 00:25:44        40        0           0              0          0
07/07/26 00:35:39 22218 seconds since last log event
07/07/26 00:35:39 Pending DAG nodes:
07/07/26 00:35:39   Node COLLECT, HTCondor ID 170269, status STATUS_SUBMITTED
07/07/26 00:40:45 Total jobs placed to AP: 40
07/07/26 00:40:45      Idle     Held     Running     Successful     Failed
07/07/26 00:40:45       ===      ===         ===            ===        ===
07/07/26 00:40:45        40        0           0              0          0
07/07/26 00:45:40 22819 seconds since last log event
07/07/26 00:45:40 Pending DAG nodes:
07/07/26 00:45:40   Node COLLECT, HTCondor ID 170269, status STATUS_SUBMITTED
07/07/26 00:55:40 23419 seconds since last log event
07/07/26 00:55:40 Pending DAG nodes:
07/07/26 00:55:40   Node COLLECT, HTCondor ID 170269, status STATUS_SUBMITTED
07/07/26 00:55:45 Total jobs placed to AP: 40
07/07/26 00:55:45      Idle     Held     Running     Successful     Failed
07/07/26 00:55:45       ===      ===         ===            ===        ===
07/07/26 00:55:45        40        0           0              0          0
07/07/26 01:05:41 24020 seconds since last log event
07/07/26 01:05:41 Pending DAG nodes:
07/07/26 01:05:41   Node COLLECT, HTCondor ID 170269, status STATUS_SUBMITTED
07/07/26 01:10:46 Total jobs placed to AP: 40
07/07/26 01:10:46      Idle     Held     Running     Successful     Failed
07/07/26 01:10:46       ===      ===         ===            ===        ===
07/07/26 01:10:46        40        0           0              0          0
07/07/26 01:15:41 24620 seconds since last log event
07/07/26 01:15:41 Pending DAG nodes:
07/07/26 01:15:41   Node COLLECT, HTCondor ID 170269, status STATUS_SUBMITTED
07/07/26 01:25:42 25221 seconds since last log event
07/07/26 01:25:42 Pending DAG nodes:
07/07/26 01:25:42   Node COLLECT, HTCondor ID 170269, status STATUS_SUBMITTED
07/07/26 01:25:47 Total jobs placed to AP: 40
07/07/26 01:25:47      Idle     Held     Running     Successful     Failed
07/07/26 01:25:47       ===      ===         ===            ===        ===
07/07/26 01:25:47        40        0           0              0          0
07/07/26 01:35:42 25821 seconds since last log event
07/07/26 01:35:42 Pending DAG nodes:
07/07/26 01:35:42   Node COLLECT, HTCondor ID 170269, status STATUS_SUBMITTED
07/07/26 01:40:48 Total jobs placed to AP: 40
07/07/26 01:40:48      Idle     Held     Running     Successful     Failed
07/07/26 01:40:48       ===      ===         ===            ===        ===
07/07/26 01:40:48        40        0           0              0          0
07/07/26 01:45:43 26422 seconds since last log event
07/07/26 01:45:43 Pending DAG nodes:
07/07/26 01:45:43   Node COLLECT, HTCondor ID 170269, status STATUS_SUBMITTED
07/07/26 01:55:44 27023 seconds since last log event
07/07/26 01:55:44 Pending DAG nodes:
07/07/26 01:55:44   Node COLLECT, HTCondor ID 170269, status STATUS_SUBMITTED
07/07/26 01:55:49 Total jobs placed to AP: 40
07/07/26 01:55:49      Idle     Held     Running     Successful     Failed
07/07/26 01:55:49       ===      ===         ===            ===        ===
07/07/26 01:55:49        40        0           0              0          0
07/07/26 02:05:44 27623 seconds since last log event
07/07/26 02:05:44 Pending DAG nodes:
07/07/26 02:05:44   Node COLLECT, HTCondor ID 170269, status STATUS_SUBMITTED
07/07/26 02:10:49 Total jobs placed to AP: 40
07/07/26 02:10:49      Idle     Held     Running     Successful     Failed
07/07/26 02:10:49       ===      ===         ===            ===        ===
07/07/26 02:10:49        40        0           0              0          0
07/07/26 02:15:45 28224 seconds since last log event
07/07/26 02:15:45 Pending DAG nodes:
07/07/26 02:15:45   Node COLLECT, HTCondor ID 170269, status STATUS_SUBMITTED
07/07/26 02:25:45 28824 seconds since last log event
07/07/26 02:25:45 Pending DAG nodes:
07/07/26 02:25:45   Node COLLECT, HTCondor ID 170269, status STATUS_SUBMITTED
07/07/26 02:25:45 Querying local schedd for associated jobs in queue
07/07/26 02:25:45 All pending job states validated
07/07/26 02:25:50 Total jobs placed to AP: 40
07/07/26 02:25:50      Idle     Held     Running     Successful     Failed
07/07/26 02:25:50       ===      ===         ===            ===        ===
07/07/26 02:25:50        40        0           0              0          0
07/07/26 02:35:46 29425 seconds since last log event
07/07/26 02:35:46 Pending DAG nodes:
07/07/26 02:35:46   Node COLLECT, HTCondor ID 170269, status STATUS_SUBMITTED
07/07/26 02:40:51 Total jobs placed to AP: 40
07/07/26 02:40:51      Idle     Held     Running     Successful     Failed
07/07/26 02:40:51       ===      ===         ===            ===        ===
07/07/26 02:40:51        40        0           0              0          0
07/07/26 02:45:46 30025 seconds since last log event
07/07/26 02:45:46 Pending DAG nodes:
07/07/26 02:45:46   Node COLLECT, HTCondor ID 170269, status STATUS_SUBMITTED
07/07/26 02:55:47 30626 seconds since last log event
07/07/26 02:55:47 Pending DAG nodes:
07/07/26 02:55:47   Node COLLECT, HTCondor ID 170269, status STATUS_SUBMITTED
07/07/26 02:55:52 Total jobs placed to AP: 40
07/07/26 02:55:52      Idle     Held     Running     Successful     Failed
07/07/26 02:55:52       ===      ===         ===            ===        ===
07/07/26 02:55:52        40        0           0              0          0
07/07/26 03:05:47 31226 seconds since last log event
07/07/26 03:05:47 Pending DAG nodes:
07/07/26 03:05:47   Node COLLECT, HTCondor ID 170269, status STATUS_SUBMITTED
07/07/26 03:10:53 Total jobs placed to AP: 40
07/07/26 03:10:53      Idle     Held     Running     Successful     Failed
07/07/26 03:10:53       ===      ===         ===            ===        ===
07/07/26 03:10:53        40        0           0              0          0
07/07/26 03:15:48 31827 seconds since last log event
07/07/26 03:15:48 Pending DAG nodes:
07/07/26 03:15:48   Node COLLECT, HTCondor ID 170269, status STATUS_SUBMITTED
07/07/26 03:25:48 32427 seconds since last log event
07/07/26 03:25:48 Pending DAG nodes:
07/07/26 03:25:48   Node COLLECT, HTCondor ID 170269, status STATUS_SUBMITTED
07/07/26 03:25:53 Total jobs placed to AP: 40
07/07/26 03:25:53      Idle     Held     Running     Successful     Failed
07/07/26 03:25:53       ===      ===         ===            ===        ===
07/07/26 03:25:53        40        0           0              0          0
07/07/26 03:35:48 33027 seconds since last log event
07/07/26 03:35:48 Pending DAG nodes:
07/07/26 03:35:48   Node COLLECT, HTCondor ID 170269, status STATUS_SUBMITTED
07/07/26 03:40:53 Total jobs placed to AP: 40
07/07/26 03:40:53      Idle     Held     Running     Successful     Failed
07/07/26 03:40:53       ===      ===         ===            ===        ===
07/07/26 03:40:53        40        0           0              0          0
07/07/26 03:45:49 33628 seconds since last log event
07/07/26 03:45:49 Pending DAG nodes:
07/07/26 03:45:49   Node COLLECT, HTCondor ID 170269, status STATUS_SUBMITTED
07/07/26 03:55:49 34228 seconds since last log event
07/07/26 03:55:49 Pending DAG nodes:
07/07/26 03:55:49   Node COLLECT, HTCondor ID 170269, status STATUS_SUBMITTED
07/07/26 03:55:54 Total jobs placed to AP: 40
07/07/26 03:55:54      Idle     Held     Running     Successful     Failed
07/07/26 03:55:54       ===      ===         ===            ===        ===
07/07/26 03:55:54        40        0           0              0          0
07/07/26 04:05:50 34829 seconds since last log event
07/07/26 04:05:50 Pending DAG nodes:
07/07/26 04:05:50   Node COLLECT, HTCondor ID 170269, status STATUS_SUBMITTED
07/07/26 04:10:55 Total jobs placed to AP: 40
07/07/26 04:10:55      Idle     Held     Running     Successful     Failed
07/07/26 04:10:55       ===      ===         ===            ===        ===
07/07/26 04:10:55        40        0           0              0          0
07/07/26 04:15:50 35429 seconds since last log event
07/07/26 04:15:50 Pending DAG nodes:
07/07/26 04:15:50   Node COLLECT, HTCondor ID 170269, status STATUS_SUBMITTED
07/07/26 04:25:51 36030 seconds since last log event
07/07/26 04:25:51 Pending DAG nodes:
07/07/26 04:25:51   Node COLLECT, HTCondor ID 170269, status STATUS_SUBMITTED
07/07/26 04:25:56 Total jobs placed to AP: 40
07/07/26 04:25:56      Idle     Held     Running     Successful     Failed
07/07/26 04:25:56       ===      ===         ===            ===        ===
07/07/26 04:25:56        40        0           0              0          0
07/07/26 04:35:51 36630 seconds since last log event
07/07/26 04:35:51 Pending DAG nodes:
07/07/26 04:35:51   Node COLLECT, HTCondor ID 170269, status STATUS_SUBMITTED
07/07/26 04:40:56 Total jobs placed to AP: 40
07/07/26 04:40:56      Idle     Held     Running     Successful     Failed
07/07/26 04:40:56       ===      ===         ===            ===        ===
07/07/26 04:40:56        40        0           0              0          0
07/07/26 04:45:51 37230 seconds since last log event
07/07/26 04:45:51 Pending DAG nodes:
07/07/26 04:45:51   Node COLLECT, HTCondor ID 170269, status STATUS_SUBMITTED
07/07/26 04:55:51 37830 seconds since last log event
07/07/26 04:55:51 Pending DAG nodes:
07/07/26 04:55:51   Node COLLECT, HTCondor ID 170269, status STATUS_SUBMITTED
07/07/26 04:55:56 Total jobs placed to AP: 40
07/07/26 04:55:56      Idle     Held     Running     Successful     Failed
07/07/26 04:55:56       ===      ===         ===            ===        ===
07/07/26 04:55:56        40        0           0              0          0
07/07/26 05:05:52 38431 seconds since last log event
07/07/26 05:05:52 Pending DAG nodes:
07/07/26 05:05:52   Node COLLECT, HTCondor ID 170269, status STATUS_SUBMITTED
07/07/26 05:10:57 Total jobs placed to AP: 40
07/07/26 05:10:57      Idle     Held     Running     Successful     Failed
07/07/26 05:10:57       ===      ===         ===            ===        ===
07/07/26 05:10:57        40        0           0              0          0
07/07/26 05:15:53 39032 seconds since last log event
07/07/26 05:15:53 Pending DAG nodes:
07/07/26 05:15:53   Node COLLECT, HTCondor ID 170269, status STATUS_SUBMITTED
07/07/26 05:25:53 39632 seconds since last log event
07/07/26 05:25:53 Pending DAG nodes:
07/07/26 05:25:53   Node COLLECT, HTCondor ID 170269, status STATUS_SUBMITTED
07/07/26 05:25:58 Total jobs placed to AP: 40
07/07/26 05:25:58      Idle     Held     Running     Successful     Failed
07/07/26 05:25:58       ===      ===         ===            ===        ===
07/07/26 05:25:58        40        0           0              0          0
07/07/26 05:35:54 40233 seconds since last log event
07/07/26 05:35:54 Pending DAG nodes:
07/07/26 05:35:54   Node COLLECT, HTCondor ID 170269, status STATUS_SUBMITTED
07/07/26 05:40:59 Total jobs placed to AP: 40
07/07/26 05:40:59      Idle     Held     Running     Successful     Failed
07/07/26 05:40:59       ===      ===         ===            ===        ===
07/07/26 05:40:59        40        0           0              0          0
07/07/26 05:45:54 40833 seconds since last log event
07/07/26 05:45:54 Pending DAG nodes:
07/07/26 05:45:54   Node COLLECT, HTCondor ID 170269, status STATUS_SUBMITTED
07/07/26 05:55:55 41434 seconds since last log event
07/07/26 05:55:55 Pending DAG nodes:
07/07/26 05:55:55   Node COLLECT, HTCondor ID 170269, status STATUS_SUBMITTED
07/07/26 05:56:00 Total jobs placed to AP: 40
07/07/26 05:56:00      Idle     Held     Running     Successful     Failed
07/07/26 05:56:00       ===      ===         ===            ===        ===
07/07/26 05:56:00        40        0           0              0          0
07/07/26 05:59:45 Currently monitoring 1 HTCondor log file(s)
07/07/26 05:59:45 Event: ULOG_EXECUTE for HTCondor Node COLLECT (170269.0.0) {07/07/26 05:59:40}
07/07/26 05:59:45 Number of idle job procs: 39
07/07/26 06:00:45 Currently monitoring 1 HTCondor log file(s)
07/07/26 06:00:45 Event: ULOG_EXECUTE for HTCondor Node COLLECT (170269.1.0) {07/07/26 06:00:41}
07/07/26 06:00:45 Number of idle job procs: 38
07/07/26 06:02:45 Currently monitoring 1 HTCondor log file(s)
07/07/26 06:02:45 Event: ULOG_EXECUTE for HTCondor Node COLLECT (170269.2.0) {07/07/26 06:02:41}
07/07/26 06:02:45 Number of idle job procs: 37
07/07/26 06:04:45 Currently monitoring 1 HTCondor log file(s)
07/07/26 06:04:45 Event: ULOG_EXECUTE for HTCondor Node COLLECT (170269.3.0) {07/07/26 06:04:40}
07/07/26 06:04:45 Number of idle job procs: 36
07/07/26 06:05:45 Currently monitoring 1 HTCondor log file(s)
07/07/26 06:05:45 Event: ULOG_EXECUTE for HTCondor Node COLLECT (170269.4.0) {07/07/26 06:05:41}
07/07/26 06:05:45 Number of idle job procs: 35
07/07/26 06:06:45 Currently monitoring 1 HTCondor log file(s)
07/07/26 06:06:45 Event: ULOG_EXECUTE for HTCondor Node COLLECT (170269.5.0) {07/07/26 06:06:41}
07/07/26 06:06:45 Number of idle job procs: 34
07/07/26 06:11:01 Total jobs placed to AP: 40
07/07/26 06:11:01      Idle     Held     Running     Successful     Failed
07/07/26 06:11:01       ===      ===         ===            ===        ===
07/07/26 06:11:01        34        0           6              0          0
07/07/26 06:16:46 601 seconds since last log event
07/07/26 06:16:46 Pending DAG nodes:
07/07/26 06:16:46   Node COLLECT, HTCondor ID 170269, status STATUS_SUBMITTED
07/07/26 06:19:41 Currently monitoring 1 HTCondor log file(s)
07/07/26 06:19:41 Event: ULOG_EXECUTE for HTCondor Node COLLECT (170269.6.0) {07/07/26 06:19:41}
07/07/26 06:19:41 Number of idle job procs: 33
07/07/26 06:21:41 Currently monitoring 1 HTCondor log file(s)
07/07/26 06:21:41 Event: ULOG_EXECUTE for HTCondor Node COLLECT (170269.7.0) {07/07/26 06:21:40}
07/07/26 06:21:41 Number of idle job procs: 32
07/07/26 06:21:41 Event: ULOG_EXECUTE for HTCondor Node COLLECT (170269.8.0) {07/07/26 06:21:40}
07/07/26 06:21:41 Number of idle job procs: 31
07/07/26 06:22:41 Currently monitoring 1 HTCondor log file(s)
07/07/26 06:22:41 Event: ULOG_EXECUTE for HTCondor Node COLLECT (170269.9.0) {07/07/26 06:22:40}
07/07/26 06:22:41 Number of idle job procs: 30
07/07/26 06:24:41 Currently monitoring 1 HTCondor log file(s)
07/07/26 06:24:41 Event: ULOG_EXECUTE for HTCondor Node COLLECT (170269.10.0) {07/07/26 06:24:41}
07/07/26 06:24:41 Number of idle job procs: 29
07/07/26 06:24:41 Event: ULOG_EXECUTE for HTCondor Node COLLECT (170269.11.0) {07/07/26 06:24:41}
07/07/26 06:24:41 Number of idle job procs: 28
07/07/26 06:26:01 Total jobs placed to AP: 40
07/07/26 06:26:01      Idle     Held     Running     Successful     Failed
07/07/26 06:26:01       ===      ===         ===            ===        ===
07/07/26 06:26:01        28        0          12              0          0
07/07/26 06:34:44 603 seconds since last log event
07/07/26 06:34:44 Pending DAG nodes:
07/07/26 06:34:44   Node COLLECT, HTCondor ID 170269, status STATUS_SUBMITTED
07/07/26 06:41:02 Total jobs placed to AP: 40
07/07/26 06:41:02      Idle     Held     Running     Successful     Failed
07/07/26 06:41:02       ===      ===         ===            ===        ===
07/07/26 06:41:02        28        0          12              0          0
07/07/26 06:44:45 1204 seconds since last log event
07/07/26 06:44:45 Pending DAG nodes:
07/07/26 06:44:45   Node COLLECT, HTCondor ID 170269, status STATUS_SUBMITTED
07/07/26 06:46:05 Currently monitoring 1 HTCondor log file(s)
07/07/26 06:46:05 Event: ULOG_EXECUTE for HTCondor Node COLLECT (170269.12.0) {07/07/26 06:46:01}
07/07/26 06:46:05 Number of idle job procs: 27
07/07/26 06:49:05 Currently monitoring 1 HTCondor log file(s)
07/07/26 06:49:05 Event: ULOG_EXECUTE for HTCondor Node COLLECT (170269.14.0) {07/07/26 06:49:01}
07/07/26 06:49:05 Number of idle job procs: 26
07/07/26 06:49:05 Event: ULOG_EXECUTE for HTCondor Node COLLECT (170269.13.0) {07/07/26 06:49:01}
07/07/26 06:49:05 Number of idle job procs: 25
07/07/26 06:49:05 Event: ULOG_EXECUTE for HTCondor Node COLLECT (170269.15.0) {07/07/26 06:49:01}
07/07/26 06:49:05 Number of idle job procs: 24
07/07/26 06:50:06 Currently monitoring 1 HTCondor log file(s)
07/07/26 06:50:06 Event: ULOG_EXECUTE for HTCondor Node COLLECT (170269.16.0) {07/07/26 06:50:02}
07/07/26 06:50:06 Number of idle job procs: 23
07/07/26 06:56:06 Total jobs placed to AP: 40
07/07/26 06:56:06      Idle     Held     Running     Successful     Failed
07/07/26 06:56:06       ===      ===         ===            ===        ===
07/07/26 06:56:06        23        0          17              0          0
07/07/26 06:57:06 Currently monitoring 1 HTCondor log file(s)
07/07/26 06:57:06 Event: ULOG_EXECUTE for HTCondor Node COLLECT (170269.18.0) {07/07/26 06:57:02}
07/07/26 06:57:06 Number of idle job procs: 22
07/07/26 06:57:06 Event: ULOG_EXECUTE for HTCondor Node COLLECT (170269.17.0) {07/07/26 06:57:02}
07/07/26 06:57:06 Number of idle job procs: 21
07/07/26 07:00:06 Currently monitoring 1 HTCondor log file(s)
07/07/26 07:00:06 Event: ULOG_EXECUTE for HTCondor Node COLLECT (170269.19.0) {07/07/26 07:00:03}
07/07/26 07:00:06 Number of idle job procs: 20
07/07/26 07:03:06 Currently monitoring 1 HTCondor log file(s)
07/07/26 07:03:06 Event: ULOG_EXECUTE for HTCondor Node COLLECT (170269.20.0) {07/07/26 07:03:03}
07/07/26 07:03:06 Number of idle job procs: 19
07/07/26 07:03:06 Event: ULOG_EXECUTE for HTCondor Node COLLECT (170269.21.0) {07/07/26 07:03:03}
07/07/26 07:03:06 Number of idle job procs: 18
07/07/26 07:07:06 Currently monitoring 1 HTCondor log file(s)
07/07/26 07:07:06 Event: ULOG_EXECUTE for HTCondor Node COLLECT (170269.22.0) {07/07/26 07:07:03}
07/07/26 07:07:06 Number of idle job procs: 17
07/07/26 07:09:07 Currently monitoring 1 HTCondor log file(s)
07/07/26 07:09:07 Event: ULOG_EXECUTE for HTCondor Node COLLECT (170269.23.0) {07/07/26 07:09:02}
07/07/26 07:09:07 Number of idle job procs: 16
07/07/26 07:09:07 Event: ULOG_EXECUTE for HTCondor Node COLLECT (170269.24.0) {07/07/26 07:09:02}
07/07/26 07:09:07 Number of idle job procs: 15
07/07/26 07:11:07 Total jobs placed to AP: 40
07/07/26 07:11:07      Idle     Held     Running     Successful     Failed
07/07/26 07:11:07       ===      ===         ===            ===        ===
07/07/26 07:11:07        15        0          25              0          0
07/07/26 07:12:07 Currently monitoring 1 HTCondor log file(s)
07/07/26 07:12:07 Event: ULOG_EXECUTE for HTCondor Node COLLECT (170269.25.0) {07/07/26 07:12:03}
07/07/26 07:12:07 Number of idle job procs: 14
07/07/26 07:16:52 Currently monitoring 1 HTCondor log file(s)
07/07/26 07:16:52 Event: ULOG_JOB_EVICTED for HTCondor Node COLLECT (170269.0.0) {07/07/26 07:16:51}
07/07/26 07:16:52 Number of idle job procs: 15
07/07/26 07:16:52 Event: ULOG_JOB_HELD for HTCondor Node COLLECT (170269.0.0) {07/07/26 07:16:51}
07/07/26 07:16:52   Hold reason: Error from teaching4@uller.hpc.uni-saarland.de: Docker job has gone over memory limit of 73692 Mb
07/07/26 07:16:52 Number of idle job procs: 15
07/07/26 07:16:52 DAG status: 0 (DAG_STATUS_OK)
07/07/26 07:16:52 Of 5 nodes total:
07/07/26 07:16:52  Done     Pre   Queued    Post   Ready   Un-Ready   Failed   Futile
07/07/26 07:16:52   ===     ===      ===     ===     ===        ===      ===      ===
07/07/26 07:16:52     0       0        1       0       0          4        0        0
07/07/26 07:16:52 1 job proc(s) currently held
07/07/26 07:16:52 DAGMan Runtime Statistics: [EventCycleTimeAvg=0.012; EventCycleTimeMax=20.457; EventCycleTimeMin=0.000; EventCycleTimeStd=0.386; EventCycleTimeSum=110.180; SleepCycleTimeAvg=5.020; SleepCycleTimeMax=27.568; SleepCycleTimeMin=4.003; SleepCycleTimeStd=0.443; SleepCycleTimeSum=46186.872; SubmitCycleTimeAvg=0.000; SubmitCycleTimeMax=0.743; SubmitCycleTimeMin=0.000; SubmitCycleTimeStd=0.008; SubmitCycleTimeSum=0.748; EventCycleTimeCount=9201.000; SleepCycleTimeCount=9201.000; SubmitCycleTimeCount=9202.000; LogProcessCycleTimeAvg=0.009; LogProcessCycleTimeMax=0.117; LogProcessCycleTimeMin=0.002; LogProcessCycleTimeStd=0.025; LogProcessCycleTimeSum=0.190; LogProcessCycleTimeCount=21.000; ]
07/07/26 07:26:07 Total jobs placed to AP: 40
07/07/26 07:26:07      Idle     Held     Running     Successful     Failed
07/07/26 07:26:07       ===      ===         ===            ===        ===
07/07/26 07:26:07        14        1          25              0          0
07/07/26 07:26:53 601 seconds since last log event
07/07/26 07:26:53 Pending DAG nodes:
07/07/26 07:26:53   Node COLLECT, HTCondor ID 170269, status STATUS_SUBMITTED
07/07/26 07:28:03 Currently monitoring 1 HTCondor log file(s)
07/07/26 07:28:03 Event: ULOG_EXECUTE for HTCondor Node COLLECT (170269.26.0) {07/07/26 07:28:02}
07/07/26 07:28:03 Number of idle job procs: 14
07/07/26 07:38:03 600 seconds since last log event
07/07/26 07:38:03 Pending DAG nodes:
07/07/26 07:38:03   Node COLLECT, HTCondor ID 170269, status STATUS_SUBMITTED
07/07/26 07:41:03 Currently monitoring 1 HTCondor log file(s)
07/07/26 07:41:03 Event: ULOG_JOB_EVICTED for HTCondor Node COLLECT (170269.4.0) {07/07/26 07:41:02}
07/07/26 07:41:03 Number of idle job procs: 15
07/07/26 07:41:03 Event: ULOG_JOB_HELD for HTCondor Node COLLECT (170269.4.0) {07/07/26 07:41:02}
07/07/26 07:41:03   Hold reason: Error from teaching5@thera.hpc.uni-saarland.de: Docker job has gone over memory limit of 96737 Mb
07/07/26 07:41:03 Number of idle job procs: 15
07/07/26 07:41:03 DAG status: 0 (DAG_STATUS_OK)
07/07/26 07:41:03 Of 5 nodes total:
07/07/26 07:41:03  Done     Pre   Queued    Post   Ready   Un-Ready   Failed   Futile
07/07/26 07:41:03   ===     ===      ===     ===     ===        ===      ===      ===
07/07/26 07:41:03     0       0        1       0       0          4        0        0
07/07/26 07:41:03 2 job proc(s) currently held
07/07/26 07:41:03 DAGMan Runtime Statistics: [EventCycleTimeAvg=0.012; EventCycleTimeMax=20.457; EventCycleTimeMin=0.000; EventCycleTimeStd=0.380; EventCycleTimeSum=110.239; SleepCycleTimeAvg=5.019; SleepCycleTimeMax=27.568; SleepCycleTimeMin=4.003; SleepCycleTimeStd=0.436; SleepCycleTimeSum=47638.085; SubmitCycleTimeAvg=0.000; SubmitCycleTimeMax=0.743; SubmitCycleTimeMin=0.000; SubmitCycleTimeStd=0.008; SubmitCycleTimeSum=0.748; EventCycleTimeCount=9491.000; SleepCycleTimeCount=9491.000; SubmitCycleTimeCount=9492.000; LogProcessCycleTimeAvg=0.009; LogProcessCycleTimeMax=0.117; LogProcessCycleTimeMin=0.002; LogProcessCycleTimeStd=0.024; LogProcessCycleTimeSum=0.204; LogProcessCycleTimeCount=23.000; ]
07/07/26 07:41:08 Total jobs placed to AP: 40
07/07/26 07:41:08      Idle     Held     Running     Successful     Failed
07/07/26 07:41:08       ===      ===         ===            ===        ===
07/07/26 07:41:08        13        2          25              0          0
07/07/26 07:41:48 Currently monitoring 1 HTCondor log file(s)
07/07/26 07:41:48 Event: ULOG_JOB_EVICTED for HTCondor Node COLLECT (170269.3.0) {07/07/26 07:41:43}
07/07/26 07:41:48 Number of idle job procs: 16
07/07/26 07:41:48 Event: ULOG_JOB_HELD for HTCondor Node COLLECT (170269.3.0) {07/07/26 07:41:43}
07/07/26 07:41:48   Hold reason: Error from teaching5@tenos.hpc.uni-saarland.de: Docker job has gone over memory limit of 96737 Mb
07/07/26 07:41:48 Number of idle job procs: 16
07/07/26 07:41:48 DAG status: 0 (DAG_STATUS_OK)
07/07/26 07:41:48 Of 5 nodes total:
07/07/26 07:41:48  Done     Pre   Queued    Post   Ready   Un-Ready   Failed   Futile
07/07/26 07:41:48   ===     ===      ===     ===     ===        ===      ===      ===
07/07/26 07:41:48     0       0        1       0       0          4        0        0
07/07/26 07:41:48 3 job proc(s) currently held
07/07/26 07:41:48 DAGMan Runtime Statistics: [EventCycleTimeAvg=0.012; EventCycleTimeMax=20.457; EventCycleTimeMin=0.000; EventCycleTimeStd=0.380; EventCycleTimeSum=110.263; SleepCycleTimeAvg=5.019; SleepCycleTimeMax=27.568; SleepCycleTimeMin=4.003; SleepCycleTimeStd=0.436; SleepCycleTimeSum=47683.117; SubmitCycleTimeAvg=0.000; SubmitCycleTimeMax=0.743; SubmitCycleTimeMin=0.000; SubmitCycleTimeStd=0.008; SubmitCycleTimeSum=0.748; EventCycleTimeCount=9500.000; SleepCycleTimeCount=9500.000; SubmitCycleTimeCount=9501.000; LogProcessCycleTimeAvg=0.009; LogProcessCycleTimeMax=0.117; LogProcessCycleTimeMin=0.002; LogProcessCycleTimeStd=0.023; LogProcessCycleTimeSum=0.207; LogProcessCycleTimeCount=24.000; ]
07/07/26 07:43:18 Currently monitoring 1 HTCondor log file(s)
07/07/26 07:43:18 Event: ULOG_JOB_EVICTED for HTCondor Node COLLECT (170269.5.0) {07/07/26 07:43:15}
07/07/26 07:43:18 Number of idle job procs: 17
07/07/26 07:43:18 Event: ULOG_JOB_HELD for HTCondor Node COLLECT (170269.5.0) {07/07/26 07:43:15}
07/07/26 07:43:18   Hold reason: Error from teaching1@tenos.hpc.uni-saarland.de: Docker job has gone over memory limit of 96737 Mb
07/07/26 07:43:18 Number of idle job procs: 17
07/07/26 07:43:18 DAG status: 0 (DAG_STATUS_OK)
07/07/26 07:43:18 Of 5 nodes total:
07/07/26 07:43:18  Done     Pre   Queued    Post   Ready   Un-Ready   Failed   Futile
07/07/26 07:43:18   ===     ===      ===     ===     ===        ===      ===      ===
07/07/26 07:43:18     0       0        1       0       0          4        0        0
07/07/26 07:43:18 4 job proc(s) currently held
07/07/26 07:43:18 DAGMan Runtime Statistics: [EventCycleTimeAvg=0.012; EventCycleTimeMax=20.457; EventCycleTimeMin=0.000; EventCycleTimeStd=0.380; EventCycleTimeSum=110.270; SleepCycleTimeAvg=5.019; SleepCycleTimeMax=27.568; SleepCycleTimeMin=4.003; SleepCycleTimeStd=0.436; SleepCycleTimeSum=47773.186; SubmitCycleTimeAvg=0.000; SubmitCycleTimeMax=0.743; SubmitCycleTimeMin=0.000; SubmitCycleTimeStd=0.008; SubmitCycleTimeSum=0.748; EventCycleTimeCount=9518.000; SleepCycleTimeCount=9518.000; SubmitCycleTimeCount=9519.000; LogProcessCycleTimeAvg=0.008; LogProcessCycleTimeMax=0.117; LogProcessCycleTimeMin=0.002; LogProcessCycleTimeStd=0.023; LogProcessCycleTimeSum=0.211; LogProcessCycleTimeCount=25.000; ]
07/07/26 07:44:38 Currently monitoring 1 HTCondor log file(s)
07/07/26 07:44:38 Event: ULOG_JOB_EVICTED for HTCondor Node COLLECT (170269.1.0) {07/07/26 07:44:38}
07/07/26 07:44:38 Number of idle job procs: 18
07/07/26 07:44:38 Event: ULOG_JOB_HELD for HTCondor Node COLLECT (170269.1.0) {07/07/26 07:44:38}
07/07/26 07:44:38   Hold reason: Error from teaching6@thera.hpc.uni-saarland.de: Docker job has gone over memory limit of 96737 Mb
07/07/26 07:44:38 Number of idle job procs: 18
07/07/26 07:44:38 DAG status: 0 (DAG_STATUS_OK)
07/07/26 07:44:38 Of 5 nodes total:
07/07/26 07:44:38  Done     Pre   Queued    Post   Ready   Un-Ready   Failed   Futile
07/07/26 07:44:38   ===     ===      ===     ===     ===        ===      ===      ===
07/07/26 07:44:38     0       0        1       0       0          4        0        0
07/07/26 07:44:38 5 job proc(s) currently held
07/07/26 07:44:38 DAGMan Runtime Statistics: [EventCycleTimeAvg=0.012; EventCycleTimeMax=20.457; EventCycleTimeMin=0.000; EventCycleTimeStd=0.380; EventCycleTimeSum=110.278; SleepCycleTimeAvg=5.019; SleepCycleTimeMax=27.568; SleepCycleTimeMin=4.003; SleepCycleTimeStd=0.435; SleepCycleTimeSum=47853.254; SubmitCycleTimeAvg=0.000; SubmitCycleTimeMax=0.743; SubmitCycleTimeMin=0.000; SubmitCycleTimeStd=0.008; SubmitCycleTimeSum=0.748; EventCycleTimeCount=9534.000; SleepCycleTimeCount=9534.000; SubmitCycleTimeCount=9535.000; LogProcessCycleTimeAvg=0.008; LogProcessCycleTimeMax=0.117; LogProcessCycleTimeMin=0.002; LogProcessCycleTimeStd=0.022; LogProcessCycleTimeSum=0.218; LogProcessCycleTimeCount=26.000; ]
07/07/26 07:46:09 Currently monitoring 1 HTCondor log file(s)
07/07/26 07:46:09 Event: ULOG_JOB_EVICTED for HTCondor Node COLLECT (170269.16.0) {07/07/26 07:46:04}
07/07/26 07:46:09 Number of idle job procs: 19
07/07/26 07:46:09 Event: ULOG_JOB_HELD for HTCondor Node COLLECT (170269.16.0) {07/07/26 07:46:04}
07/07/26 07:46:09   Hold reason: Error from teaching4@lofn.hpc.uni-saarland.de: Docker job has gone over memory limit of 64480 Mb
07/07/26 07:46:09 Number of idle job procs: 19
07/07/26 07:46:09 DAG status: 0 (DAG_STATUS_OK)
07/07/26 07:46:09 Of 5 nodes total:
07/07/26 07:46:09  Done     Pre   Queued    Post   Ready   Un-Ready   Failed   Futile
07/07/26 07:46:09   ===     ===      ===     ===     ===        ===      ===      ===
07/07/26 07:46:09     0       0        1       0       0          4        0        0
07/07/26 07:46:09 6 job proc(s) currently held
07/07/26 07:46:09 DAGMan Runtime Statistics: [EventCycleTimeAvg=0.012; EventCycleTimeMax=20.457; EventCycleTimeMin=0.000; EventCycleTimeStd=0.379; EventCycleTimeSum=110.290; SleepCycleTimeAvg=5.019; SleepCycleTimeMax=27.568; SleepCycleTimeMin=4.003; SleepCycleTimeStd=0.435; SleepCycleTimeSum=47943.349; SubmitCycleTimeAvg=0.000; SubmitCycleTimeMax=0.743; SubmitCycleTimeMin=0.000; SubmitCycleTimeStd=0.008; SubmitCycleTimeSum=0.748; EventCycleTimeCount=9552.000; SleepCycleTimeCount=9552.000; SubmitCycleTimeCount=9553.000; LogProcessCycleTimeAvg=0.008; LogProcessCycleTimeMax=0.117; LogProcessCycleTimeMin=0.002; LogProcessCycleTimeStd=0.022; LogProcessCycleTimeSum=0.229; LogProcessCycleTimeCount=27.000; ]
07/07/26 07:46:24 Currently monitoring 1 HTCondor log file(s)
07/07/26 07:46:24 Event: ULOG_JOB_EVICTED for HTCondor Node COLLECT (170269.2.0) {07/07/26 07:46:22}
07/07/26 07:46:24 Number of idle job procs: 20
07/07/26 07:46:24 Event: ULOG_JOB_HELD for HTCondor Node COLLECT (170269.2.0) {07/07/26 07:46:22}
07/07/26 07:46:24   Hold reason: Error from teaching2@tenos.hpc.uni-saarland.de: Docker job has gone over memory limit of 96737 Mb
07/07/26 07:46:24 Number of idle job procs: 20
07/07/26 07:46:24 DAG status: 0 (DAG_STATUS_OK)
07/07/26 07:46:24 Of 5 nodes total:
07/07/26 07:46:24  Done     Pre   Queued    Post   Ready   Un-Ready   Failed   Futile
07/07/26 07:46:24   ===     ===      ===     ===     ===        ===      ===      ===
07/07/26 07:46:24     0       0        1       0       0          4        0        0
07/07/26 07:46:24 7 job proc(s) currently held
07/07/26 07:46:24 DAGMan Runtime Statistics: [EventCycleTimeAvg=0.012; EventCycleTimeMax=20.457; EventCycleTimeMin=0.000; EventCycleTimeStd=0.379; EventCycleTimeSum=110.306; SleepCycleTimeAvg=5.019; SleepCycleTimeMax=27.568; SleepCycleTimeMin=4.003; SleepCycleTimeStd=0.435; SleepCycleTimeSum=47958.359; SubmitCycleTimeAvg=0.000; SubmitCycleTimeMax=0.743; SubmitCycleTimeMin=0.000; SubmitCycleTimeStd=0.008; SubmitCycleTimeSum=0.748; EventCycleTimeCount=9555.000; SleepCycleTimeCount=9555.000; SubmitCycleTimeCount=9556.000; LogProcessCycleTimeAvg=0.008; LogProcessCycleTimeMax=0.117; LogProcessCycleTimeMin=0.002; LogProcessCycleTimeStd=0.021; LogProcessCycleTimeSum=0.232; LogProcessCycleTimeCount=28.000; ]
07/07/26 07:52:34 Currently monitoring 1 HTCondor log file(s)
07/07/26 07:52:34 Event: ULOG_JOB_EVICTED for HTCondor Node COLLECT (170269.15.0) {07/07/26 07:52:33}
07/07/26 07:52:34 Number of idle job procs: 21
07/07/26 07:52:34 Event: ULOG_JOB_HELD for HTCondor Node COLLECT (170269.15.0) {07/07/26 07:52:33}
07/07/26 07:52:34   Hold reason: Error from teaching4@idun.hpc.uni-saarland.de: Docker job has gone over memory limit of 64480 Mb
07/07/26 07:52:34 Number of idle job procs: 21
07/07/26 07:52:34 DAG status: 0 (DAG_STATUS_OK)
07/07/26 07:52:34 Of 5 nodes total:
07/07/26 07:52:34  Done     Pre   Queued    Post   Ready   Un-Ready   Failed   Futile
07/07/26 07:52:34   ===     ===      ===     ===     ===        ===      ===      ===
07/07/26 07:52:34     0       0        1       0       0          4        0        0
07/07/26 07:52:34 8 job proc(s) currently held
07/07/26 07:52:34 DAGMan Runtime Statistics: [EventCycleTimeAvg=0.011; EventCycleTimeMax=20.457; EventCycleTimeMin=0.000; EventCycleTimeStd=0.378; EventCycleTimeSum=110.328; SleepCycleTimeAvg=5.019; SleepCycleTimeMax=27.568; SleepCycleTimeMin=4.003; SleepCycleTimeStd=0.433; SleepCycleTimeSum=48328.700; SubmitCycleTimeAvg=0.000; SubmitCycleTimeMax=0.743; SubmitCycleTimeMin=0.000; SubmitCycleTimeStd=0.008; SubmitCycleTimeSum=0.748; EventCycleTimeCount=9629.000; SleepCycleTimeCount=9629.000; SubmitCycleTimeCount=9630.000; LogProcessCycleTimeAvg=0.008; LogProcessCycleTimeMax=0.117; LogProcessCycleTimeMin=0.002; LogProcessCycleTimeStd=0.021; LogProcessCycleTimeSum=0.239; LogProcessCycleTimeCount=29.000; ]
07/07/26 07:53:04 Currently monitoring 1 HTCondor log file(s)
07/07/26 07:53:04 Event: ULOG_EXECUTE for HTCondor Node COLLECT (170269.27.0) {07/07/26 07:53:03}
07/07/26 07:53:04 Number of idle job procs: 20
07/07/26 07:53:04 Event: ULOG_EXECUTE for HTCondor Node COLLECT (170269.28.0) {07/07/26 07:53:03}
07/07/26 07:53:04 Number of idle job procs: 19
07/07/26 07:55:04 Currently monitoring 1 HTCondor log file(s)
07/07/26 07:55:04 Event: ULOG_JOB_EVICTED for HTCondor Node COLLECT (170269.13.0) {07/07/26 07:55:02}
07/07/26 07:55:04 Number of idle job procs: 20
07/07/26 07:55:04 Event: ULOG_JOB_HELD for HTCondor Node COLLECT (170269.13.0) {07/07/26 07:55:02}
07/07/26 07:55:04   Hold reason: Error from teaching7@lofn.hpc.uni-saarland.de: Docker job has gone over memory limit of 64480 Mb
07/07/26 07:55:04 Number of idle job procs: 20
07/07/26 07:55:04 Event: ULOG_EXECUTE for HTCondor Node COLLECT (170269.29.0) {07/07/26 07:55:02}
07/07/26 07:55:04 Number of idle job procs: 19
07/07/26 07:55:04 DAG status: 0 (DAG_STATUS_OK)
07/07/26 07:55:04 Of 5 nodes total:
07/07/26 07:55:04  Done     Pre   Queued    Post   Ready   Un-Ready   Failed   Futile
07/07/26 07:55:04   ===     ===      ===     ===     ===        ===      ===      ===
07/07/26 07:55:04     0       0        1       0       0          4        0        0
07/07/26 07:55:04 9 job proc(s) currently held
07/07/26 07:55:04 DAGMan Runtime Statistics: [EventCycleTimeAvg=0.011; EventCycleTimeMax=20.457; EventCycleTimeMin=0.000; EventCycleTimeStd=0.377; EventCycleTimeSum=110.345; SleepCycleTimeAvg=5.019; SleepCycleTimeMax=27.568; SleepCycleTimeMin=4.003; SleepCycleTimeStd=0.433; SleepCycleTimeSum=48478.823; SubmitCycleTimeAvg=0.000; SubmitCycleTimeMax=0.743; SubmitCycleTimeMin=0.000; SubmitCycleTimeStd=0.008; SubmitCycleTimeSum=0.748; EventCycleTimeCount=9659.000; SleepCycleTimeCount=9659.000; SubmitCycleTimeCount=9660.000; LogProcessCycleTimeAvg=0.008; LogProcessCycleTimeMax=0.117; LogProcessCycleTimeMin=0.002; LogProcessCycleTimeStd=0.020; LogProcessCycleTimeSum=0.249; LogProcessCycleTimeCount=31.000; ]
07/07/26 07:56:04 Currently monitoring 1 HTCondor log file(s)
07/07/26 07:56:04 Event: ULOG_EXECUTE for HTCondor Node COLLECT (170269.30.0) {07/07/26 07:56:03}
07/07/26 07:56:04 Number of idle job procs: 18
07/07/26 07:56:09 Total jobs placed to AP: 40
07/07/26 07:56:09      Idle     Held     Running     Successful     Failed
07/07/26 07:56:09       ===      ===         ===            ===        ===
07/07/26 07:56:09         9        9          22              0          0
07/07/26 07:57:04 Currently monitoring 1 HTCondor log file(s)
07/07/26 07:57:04 Event: ULOG_EXECUTE for HTCondor Node COLLECT (170269.31.0) {07/07/26 07:57:03}
07/07/26 07:57:04 Number of idle job procs: 17
07/07/26 07:58:04 Currently monitoring 1 HTCondor log file(s)
07/07/26 07:58:04 Event: ULOG_EXECUTE for HTCondor Node COLLECT (170269.32.0) {07/07/26 07:58:03}
07/07/26 07:58:04 Number of idle job procs: 16
07/07/26 07:59:09 Currently monitoring 1 HTCondor log file(s)
07/07/26 07:59:09 Event: ULOG_JOB_EVICTED for HTCondor Node COLLECT (170269.14.0) {07/07/26 07:59:05}
07/07/26 07:59:09 Number of idle job procs: 17
07/07/26 07:59:09 Event: ULOG_JOB_HELD for HTCondor Node COLLECT (170269.14.0) {07/07/26 07:59:05}
07/07/26 07:59:09   Hold reason: Error from teaching1@idun.hpc.uni-saarland.de: Docker job has gone over memory limit of 64480 Mb
07/07/26 07:59:09 Number of idle job procs: 17
07/07/26 07:59:09 DAG status: 0 (DAG_STATUS_OK)
07/07/26 07:59:09 Of 5 nodes total:
07/07/26 07:59:09  Done     Pre   Queued    Post   Ready   Un-Ready   Failed   Futile
07/07/26 07:59:09   ===     ===      ===     ===     ===        ===      ===      ===
07/07/26 07:59:09     0       0        1       0       0          4        0        0
07/07/26 07:59:09 10 job proc(s) currently held
07/07/26 07:59:09 DAGMan Runtime Statistics: [EventCycleTimeAvg=0.011; EventCycleTimeMax=20.457; EventCycleTimeMin=0.000; EventCycleTimeStd=0.376; EventCycleTimeSum=110.372; SleepCycleTimeAvg=5.019; SleepCycleTimeMax=27.568; SleepCycleTimeMin=4.003; SleepCycleTimeStd=0.432; SleepCycleTimeSum=48724.044; SubmitCycleTimeAvg=0.000; SubmitCycleTimeMax=0.743; SubmitCycleTimeMin=0.000; SubmitCycleTimeStd=0.008; SubmitCycleTimeSum=0.748; EventCycleTimeCount=9708.000; SleepCycleTimeCount=9708.000; SubmitCycleTimeCount=9709.000; LogProcessCycleTimeAvg=0.007; LogProcessCycleTimeMax=0.117; LogProcessCycleTimeMin=0.002; LogProcessCycleTimeStd=0.019; LogProcessCycleTimeSum=0.262; LogProcessCycleTimeCount=35.000; ]
07/07/26 07:59:44 Currently monitoring 1 HTCondor log file(s)
07/07/26 07:59:44 Event: ULOG_JOB_EVICTED for HTCondor Node COLLECT (170269.6.0) {07/07/26 07:59:40}
07/07/26 07:59:44 Number of idle job procs: 18
07/07/26 07:59:44 Event: ULOG_JOB_HELD for HTCondor Node COLLECT (170269.6.0) {07/07/26 07:59:40}
07/07/26 07:59:44   Hold reason: Error from teaching7@tenos.hpc.uni-saarland.de: Docker job has gone over memory limit of 96737 Mb
07/07/26 07:59:44 Number of idle job procs: 18
07/07/26 07:59:44 Event: ULOG_JOB_EVICTED for HTCondor Node COLLECT (170269.8.0) {07/07/26 07:59:41}
07/07/26 07:59:44 Number of idle job procs: 19
07/07/26 07:59:44 Event: ULOG_JOB_HELD for HTCondor Node COLLECT (170269.8.0) {07/07/26 07:59:41}
07/07/26 07:59:44   Hold reason: Error from teaching8@thera.hpc.uni-saarland.de: Docker job has gone over memory limit of 96737 Mb
07/07/26 07:59:44 Number of idle job procs: 19
07/07/26 07:59:44 DAG status: 0 (DAG_STATUS_OK)
07/07/26 07:59:44 Of 5 nodes total:
07/07/26 07:59:44  Done     Pre   Queued    Post   Ready   Un-Ready   Failed   Futile
07/07/26 07:59:44   ===     ===      ===     ===     ===        ===      ===      ===
07/07/26 07:59:44     0       0        1       0       0          4        0        0
07/07/26 07:59:44 12 job proc(s) currently held
07/07/26 07:59:44 DAGMan Runtime Statistics: [EventCycleTimeAvg=0.011; EventCycleTimeMax=20.457; EventCycleTimeMin=0.000; EventCycleTimeStd=0.376; EventCycleTimeSum=110.387; SleepCycleTimeAvg=5.019; SleepCycleTimeMax=27.568; SleepCycleTimeMin=4.003; SleepCycleTimeStd=0.431; SleepCycleTimeSum=48759.085; SubmitCycleTimeAvg=0.000; SubmitCycleTimeMax=0.743; SubmitCycleTimeMin=0.000; SubmitCycleTimeStd=0.008; SubmitCycleTimeSum=0.748; EventCycleTimeCount=9715.000; SleepCycleTimeCount=9715.000; SubmitCycleTimeCount=9716.000; LogProcessCycleTimeAvg=0.007; LogProcessCycleTimeMax=0.117; LogProcessCycleTimeMin=0.002; LogProcessCycleTimeStd=0.019; LogProcessCycleTimeSum=0.270; LogProcessCycleTimeCount=36.000; ]
07/07/26 08:01:15 Currently monitoring 1 HTCondor log file(s)
07/07/26 08:01:15 Event: ULOG_JOB_EVICTED for HTCondor Node COLLECT (170269.18.0) {07/07/26 08:01:10}
07/07/26 08:01:15 Number of idle job procs: 20
07/07/26 08:01:15 Event: ULOG_JOB_HELD for HTCondor Node COLLECT (170269.18.0) {07/07/26 08:01:10}
07/07/26 08:01:15   Hold reason: Error from teaching5@lofn.hpc.uni-saarland.de: Docker job has gone over memory limit of 64480 Mb
07/07/26 08:01:15 Number of idle job procs: 20
07/07/26 08:01:15 DAG status: 0 (DAG_STATUS_OK)
07/07/26 08:01:15 Of 5 nodes total:
07/07/26 08:01:15  Done     Pre   Queued    Post   Ready   Un-Ready   Failed   Futile
07/07/26 08:01:15   ===     ===      ===     ===     ===        ===      ===      ===
07/07/26 08:01:15     0       0        1       0       0          4        0        0
07/07/26 08:01:15 13 job proc(s) currently held
07/07/26 08:01:15 DAGMan Runtime Statistics: [EventCycleTimeAvg=0.011; EventCycleTimeMax=20.457; EventCycleTimeMin=0.000; EventCycleTimeStd=0.376; EventCycleTimeSum=110.399; SleepCycleTimeAvg=5.019; SleepCycleTimeMax=27.568; SleepCycleTimeMin=4.003; SleepCycleTimeStd=0.431; SleepCycleTimeSum=48849.169; SubmitCycleTimeAvg=0.000; SubmitCycleTimeMax=0.743; SubmitCycleTimeMin=0.000; SubmitCycleTimeStd=0.008; SubmitCycleTimeSum=0.748; EventCycleTimeCount=9733.000; SleepCycleTimeCount=9733.000; SubmitCycleTimeCount=9734.000; LogProcessCycleTimeAvg=0.007; LogProcessCycleTimeMax=0.117; LogProcessCycleTimeMin=0.002; LogProcessCycleTimeStd=0.019; LogProcessCycleTimeSum=0.274; LogProcessCycleTimeCount=37.000; ]
07/07/26 08:01:40 Currently monitoring 1 HTCondor log file(s)
07/07/26 08:01:40 Event: ULOG_JOB_EVICTED for HTCondor Node COLLECT (170269.9.0) {07/07/26 08:01:35}
07/07/26 08:01:40 Number of idle job procs: 21
07/07/26 08:01:40 Event: ULOG_JOB_HELD for HTCondor Node COLLECT (170269.9.0) {07/07/26 08:01:35}
07/07/26 08:01:40   Hold reason: Error from teaching4@tenos.hpc.uni-saarland.de: Docker job has gone over memory limit of 96737 Mb
07/07/26 08:01:40 Number of idle job procs: 21
07/07/26 08:01:40 DAG status: 0 (DAG_STATUS_OK)
07/07/26 08:01:40 Of 5 nodes total:
07/07/26 08:01:40  Done     Pre   Queued    Post   Ready   Un-Ready   Failed   Futile
07/07/26 08:01:40   ===     ===      ===     ===     ===        ===      ===      ===
07/07/26 08:01:40     0       0        1       0       0          4        0        0
07/07/26 08:01:40 14 job proc(s) currently held
07/07/26 08:01:40 DAGMan Runtime Statistics: [EventCycleTimeAvg=0.011; EventCycleTimeMax=20.457; EventCycleTimeMin=0.000; EventCycleTimeStd=0.376; EventCycleTimeSum=110.407; SleepCycleTimeAvg=5.019; SleepCycleTimeMax=27.568; SleepCycleTimeMin=4.003; SleepCycleTimeStd=0.431; SleepCycleTimeSum=48874.191; SubmitCycleTimeAvg=0.000; SubmitCycleTimeMax=0.743; SubmitCycleTimeMin=0.000; SubmitCycleTimeStd=0.008; SubmitCycleTimeSum=0.748; EventCycleTimeCount=9738.000; SleepCycleTimeCount=9738.000; SubmitCycleTimeCount=9739.000; LogProcessCycleTimeAvg=0.007; LogProcessCycleTimeMax=0.117; LogProcessCycleTimeMin=0.002; LogProcessCycleTimeStd=0.018; LogProcessCycleTimeSum=0.277; LogProcessCycleTimeCount=38.000; ]
07/07/26 08:03:20 Currently monitoring 1 HTCondor log file(s)
07/07/26 08:03:20 Event: ULOG_JOB_EVICTED for HTCondor Node COLLECT (170269.10.0) {07/07/26 08:03:18}
07/07/26 08:03:20 Number of idle job procs: 22
07/07/26 08:03:20 Event: ULOG_JOB_HELD for HTCondor Node COLLECT (170269.10.0) {07/07/26 08:03:18}
07/07/26 08:03:20   Hold reason: Error from teaching6@tenos.hpc.uni-saarland.de: Docker job has gone over memory limit of 96737 Mb
07/07/26 08:03:20 Number of idle job procs: 22
07/07/26 08:03:20 DAG status: 0 (DAG_STATUS_OK)
07/07/26 08:03:20 Of 5 nodes total:
07/07/26 08:03:20  Done     Pre   Queued    Post   Ready   Un-Ready   Failed   Futile
07/07/26 08:03:20   ===     ===      ===     ===     ===        ===      ===      ===
07/07/26 08:03:20     0       0        1       0       0          4        0        0
07/07/26 08:03:20 15 job proc(s) currently held
07/07/26 08:03:20 DAGMan Runtime Statistics: [EventCycleTimeAvg=0.011; EventCycleTimeMax=20.457; EventCycleTimeMin=0.000; EventCycleTimeStd=0.375; EventCycleTimeSum=110.419; SleepCycleTimeAvg=5.019; SleepCycleTimeMax=27.568; SleepCycleTimeMin=4.003; SleepCycleTimeStd=0.430; SleepCycleTimeSum=48974.297; SubmitCycleTimeAvg=0.000; SubmitCycleTimeMax=0.743; SubmitCycleTimeMin=0.000; SubmitCycleTimeStd=0.008; SubmitCycleTimeSum=0.748; EventCycleTimeCount=9758.000; SleepCycleTimeCount=9758.000; SubmitCycleTimeCount=9759.000; LogProcessCycleTimeAvg=0.007; LogProcessCycleTimeMax=0.117; LogProcessCycleTimeMin=0.002; LogProcessCycleTimeStd=0.018; LogProcessCycleTimeSum=0.280; LogProcessCycleTimeCount=39.000; ]
07/07/26 08:04:05 Currently monitoring 1 HTCondor log file(s)
07/07/26 08:04:05 Event: ULOG_EXECUTE for HTCondor Node COLLECT (170269.33.0) {07/07/26 08:04:02}
07/07/26 08:04:05 Number of idle job procs: 21
07/07/26 08:04:15 Currently monitoring 1 HTCondor log file(s)
07/07/26 08:04:15 Event: ULOG_JOB_EVICTED for HTCondor Node COLLECT (170269.17.0) {07/07/26 08:04:15}
07/07/26 08:04:15 Number of idle job procs: 22
07/07/26 08:04:15 Event: ULOG_JOB_HELD for HTCondor Node COLLECT (170269.17.0) {07/07/26 08:04:15}
07/07/26 08:04:15   Hold reason: Error from teaching1@lofn.hpc.uni-saarland.de: Docker job has gone over memory limit of 64480 Mb
07/07/26 08:04:15 Number of idle job procs: 22
07/07/26 08:04:15 DAG status: 0 (DAG_STATUS_OK)
07/07/26 08:04:15 Of 5 nodes total:
07/07/26 08:04:15  Done     Pre   Queued    Post   Ready   Un-Ready   Failed   Futile
07/07/26 08:04:15   ===     ===      ===     ===     ===        ===      ===      ===
07/07/26 08:04:15     0       0        1       0       0          4        0        0
07/07/26 08:04:15 16 job proc(s) currently held
07/07/26 08:04:15 DAGMan Runtime Statistics: [EventCycleTimeAvg=0.011; EventCycleTimeMax=20.457; EventCycleTimeMin=0.000; EventCycleTimeStd=0.375; EventCycleTimeSum=110.431; SleepCycleTimeAvg=5.019; SleepCycleTimeMax=27.568; SleepCycleTimeMin=4.003; SleepCycleTimeStd=0.430; SleepCycleTimeSum=49029.337; SubmitCycleTimeAvg=0.000; SubmitCycleTimeMax=0.743; SubmitCycleTimeMin=0.000; SubmitCycleTimeStd=0.008; SubmitCycleTimeSum=0.748; EventCycleTimeCount=9769.000; SleepCycleTimeCount=9769.000; SubmitCycleTimeCount=9770.000; LogProcessCycleTimeAvg=0.007; LogProcessCycleTimeMax=0.117; LogProcessCycleTimeMin=0.002; LogProcessCycleTimeStd=0.018; LogProcessCycleTimeSum=0.286; LogProcessCycleTimeCount=41.000; ]
07/07/26 08:06:05 Currently monitoring 1 HTCondor log file(s)
07/07/26 08:06:05 Event: ULOG_EXECUTE for HTCondor Node COLLECT (170269.34.0) {07/07/26 08:06:03}
07/07/26 08:06:05 Number of idle job procs: 21
07/07/26 08:06:10 Currently monitoring 1 HTCondor log file(s)
07/07/26 08:06:10 Event: ULOG_JOB_EVICTED for HTCondor Node COLLECT (170269.7.0) {07/07/26 08:06:05}
07/07/26 08:06:10 Number of idle job procs: 22
07/07/26 08:06:10 Event: ULOG_JOB_HELD for HTCondor Node COLLECT (170269.7.0) {07/07/26 08:06:05}
07/07/26 08:06:10   Hold reason: Error from teaching7@thera.hpc.uni-saarland.de: Docker job has gone over memory limit of 96737 Mb
07/07/26 08:06:10 Number of idle job procs: 22
07/07/26 08:06:10 DAG status: 0 (DAG_STATUS_OK)
07/07/26 08:06:10 Of 5 nodes total:
07/07/26 08:06:10  Done     Pre   Queued    Post   Ready   Un-Ready   Failed   Futile
07/07/26 08:06:10   ===     ===      ===     ===     ===        ===      ===      ===
07/07/26 08:06:10     0       0        1       0       0          4        0        0
07/07/26 08:06:10 17 job proc(s) currently held
07/07/26 08:06:10 DAGMan Runtime Statistics: [EventCycleTimeAvg=0.011; EventCycleTimeMax=20.457; EventCycleTimeMin=0.000; EventCycleTimeStd=0.375; EventCycleTimeSum=110.442; SleepCycleTimeAvg=5.019; SleepCycleTimeMax=27.568; SleepCycleTimeMin=4.003; SleepCycleTimeStd=0.430; SleepCycleTimeSum=49144.424; SubmitCycleTimeAvg=0.000; SubmitCycleTimeMax=0.743; SubmitCycleTimeMin=0.000; SubmitCycleTimeStd=0.008; SubmitCycleTimeSum=0.748; EventCycleTimeCount=9792.000; SleepCycleTimeCount=9792.000; SubmitCycleTimeCount=9793.000; LogProcessCycleTimeAvg=0.007; LogProcessCycleTimeMax=0.117; LogProcessCycleTimeMin=0.002; LogProcessCycleTimeStd=0.017; LogProcessCycleTimeSum=0.293; LogProcessCycleTimeCount=43.000; ]
07/07/26 08:06:45 Currently monitoring 1 HTCondor log file(s)
07/07/26 08:06:45 Event: ULOG_JOB_EVICTED for HTCondor Node COLLECT (170269.24.0) {07/07/26 08:06:44}
07/07/26 08:06:45 Number of idle job procs: 23
07/07/26 08:06:45 Event: ULOG_JOB_HELD for HTCondor Node COLLECT (170269.24.0) {07/07/26 08:06:44}
07/07/26 08:06:45   Hold reason: Error from teaching8@lofn.hpc.uni-saarland.de: Docker job has gone over memory limit of 64480 Mb
07/07/26 08:06:45 Number of idle job procs: 23
07/07/26 08:06:45 DAG status: 0 (DAG_STATUS_OK)
07/07/26 08:06:45 Of 5 nodes total:
07/07/26 08:06:45  Done     Pre   Queued    Post   Ready   Un-Ready   Failed   Futile
07/07/26 08:06:45   ===     ===      ===     ===     ===        ===      ===      ===
07/07/26 08:06:45     0       0        1       0       0          4        0        0
07/07/26 08:06:45 18 job proc(s) currently held
07/07/26 08:06:45 DAGMan Runtime Statistics: [EventCycleTimeAvg=0.011; EventCycleTimeMax=20.457; EventCycleTimeMin=0.000; EventCycleTimeStd=0.374; EventCycleTimeSum=110.449; SleepCycleTimeAvg=5.019; SleepCycleTimeMax=27.568; SleepCycleTimeMin=4.003; SleepCycleTimeStd=0.430; SleepCycleTimeSum=49179.451; SubmitCycleTimeAvg=0.000; SubmitCycleTimeMax=0.743; SubmitCycleTimeMin=0.000; SubmitCycleTimeStd=0.008; SubmitCycleTimeSum=0.748; EventCycleTimeCount=9799.000; SleepCycleTimeCount=9799.000; SubmitCycleTimeCount=9800.000; LogProcessCycleTimeAvg=0.007; LogProcessCycleTimeMax=0.117; LogProcessCycleTimeMin=0.002; LogProcessCycleTimeStd=0.017; LogProcessCycleTimeSum=0.297; LogProcessCycleTimeCount=44.000; ]
07/07/26 08:08:50 Currently monitoring 1 HTCondor log file(s)
07/07/26 08:08:50 Event: ULOG_JOB_EVICTED for HTCondor Node COLLECT (170269.21.0) {07/07/26 08:08:45}
07/07/26 08:08:50 Number of idle job procs: 24
07/07/26 08:08:50 Event: ULOG_JOB_HELD for HTCondor Node COLLECT (170269.21.0) {07/07/26 08:08:45}
07/07/26 08:08:50   Hold reason: Error from teaching2@idun.hpc.uni-saarland.de: Docker job has gone over memory limit of 64480 Mb
07/07/26 08:08:50 Number of idle job procs: 24
07/07/26 08:08:50 DAG status: 0 (DAG_STATUS_OK)
07/07/26 08:08:50 Of 5 nodes total:
07/07/26 08:08:50  Done     Pre   Queued    Post   Ready   Un-Ready   Failed   Futile
07/07/26 08:08:50   ===     ===      ===     ===     ===        ===      ===      ===
07/07/26 08:08:50     0       0        1       0       0          4        0        0
07/07/26 08:08:50 19 job proc(s) currently held
07/07/26 08:08:50 DAGMan Runtime Statistics: [EventCycleTimeAvg=0.011; EventCycleTimeMax=20.457; EventCycleTimeMin=0.000; EventCycleTimeStd=0.374; EventCycleTimeSum=110.464; SleepCycleTimeAvg=5.019; SleepCycleTimeMax=27.568; SleepCycleTimeMin=4.003; SleepCycleTimeStd=0.429; SleepCycleTimeSum=49304.548; SubmitCycleTimeAvg=0.000; SubmitCycleTimeMax=0.743; SubmitCycleTimeMin=0.000; SubmitCycleTimeStd=0.007; SubmitCycleTimeSum=0.748; EventCycleTimeCount=9824.000; SleepCycleTimeCount=9824.000; SubmitCycleTimeCount=9825.000; LogProcessCycleTimeAvg=0.007; LogProcessCycleTimeMax=0.117; LogProcessCycleTimeMin=0.002; LogProcessCycleTimeStd=0.017; LogProcessCycleTimeSum=0.300; LogProcessCycleTimeCount=45.000; ]
07/07/26 08:09:15 Currently monitoring 1 HTCondor log file(s)
07/07/26 08:09:15 Event: ULOG_JOB_EVICTED for HTCondor Node COLLECT (170269.12.0) {07/07/26 08:09:12}
07/07/26 08:09:15 Number of idle job procs: 25
07/07/26 08:09:15 Event: ULOG_JOB_HELD for HTCondor Node COLLECT (170269.12.0) {07/07/26 08:09:12}
07/07/26 08:09:15   Hold reason: Error from teaching6@lofn.hpc.uni-saarland.de: Docker job has gone over memory limit of 64480 Mb
07/07/26 08:09:15 Number of idle job procs: 25
07/07/26 08:09:15 DAG status: 0 (DAG_STATUS_OK)
07/07/26 08:09:15 Of 5 nodes total:
07/07/26 08:09:15  Done     Pre   Queued    Post   Ready   Un-Ready   Failed   Futile
07/07/26 08:09:15   ===     ===      ===     ===     ===        ===      ===      ===
07/07/26 08:09:15     0       0        1       0       0          4        0        0
07/07/26 08:09:15 20 job proc(s) currently held
07/07/26 08:09:15 DAGMan Runtime Statistics: [EventCycleTimeAvg=0.011; EventCycleTimeMax=20.457; EventCycleTimeMin=0.000; EventCycleTimeStd=0.374; EventCycleTimeSum=110.472; SleepCycleTimeAvg=5.019; SleepCycleTimeMax=27.568; SleepCycleTimeMin=4.003; SleepCycleTimeStd=0.429; SleepCycleTimeSum=49329.568; SubmitCycleTimeAvg=0.000; SubmitCycleTimeMax=0.743; SubmitCycleTimeMin=0.000; SubmitCycleTimeStd=0.007; SubmitCycleTimeSum=0.748; EventCycleTimeCount=9829.000; SleepCycleTimeCount=9829.000; SubmitCycleTimeCount=9830.000; LogProcessCycleTimeAvg=0.007; LogProcessCycleTimeMax=0.117; LogProcessCycleTimeMin=0.002; LogProcessCycleTimeStd=0.017; LogProcessCycleTimeSum=0.304; LogProcessCycleTimeCount=46.000; ]
07/07/26 08:09:20 Currently monitoring 1 HTCondor log file(s)
07/07/26 08:09:20 Event: ULOG_JOB_EVICTED for HTCondor Node COLLECT (170269.11.0) {07/07/26 08:09:19}
07/07/26 08:09:20 Number of idle job procs: 26
07/07/26 08:09:20 Event: ULOG_JOB_HELD for HTCondor Node COLLECT (170269.11.0) {07/07/26 08:09:19}
07/07/26 08:09:20   Hold reason: Error from teaching8@tenos.hpc.uni-saarland.de: Docker job has gone over memory limit of 96737 Mb
07/07/26 08:09:20 Number of idle job procs: 26
07/07/26 08:09:20 DAG status: 0 (DAG_STATUS_OK)
07/07/26 08:09:20 Of 5 nodes total:
07/07/26 08:09:20  Done     Pre   Queued    Post   Ready   Un-Ready   Failed   Futile
07/07/26 08:09:20   ===     ===      ===     ===     ===        ===      ===      ===
07/07/26 08:09:20     0       0        1       0       0          4        0        0
07/07/26 08:09:20 21 job proc(s) currently held
07/07/26 08:09:20 DAGMan Runtime Statistics: [EventCycleTimeAvg=0.011; EventCycleTimeMax=20.457; EventCycleTimeMin=0.000; EventCycleTimeStd=0.374; EventCycleTimeSum=110.479; SleepCycleTimeAvg=5.019; SleepCycleTimeMax=27.568; SleepCycleTimeMin=4.003; SleepCycleTimeStd=0.429; SleepCycleTimeSum=49334.598; SubmitCycleTimeAvg=0.000; SubmitCycleTimeMax=0.743; SubmitCycleTimeMin=0.000; SubmitCycleTimeStd=0.007; SubmitCycleTimeSum=0.748; EventCycleTimeCount=9830.000; SleepCycleTimeCount=9830.000; SubmitCycleTimeCount=9831.000; LogProcessCycleTimeAvg=0.007; LogProcessCycleTimeMax=0.117; LogProcessCycleTimeMin=0.002; LogProcessCycleTimeStd=0.017; LogProcessCycleTimeSum=0.309; LogProcessCycleTimeCount=47.000; ]
07/07/26 08:10:05 Currently monitoring 1 HTCondor log file(s)
07/07/26 08:10:05 Event: ULOG_EXECUTE for HTCondor Node COLLECT (170269.35.0) {07/07/26 08:10:04}
07/07/26 08:10:05 Number of idle job procs: 25
07/07/26 08:11:05 Currently monitoring 1 HTCondor log file(s)
07/07/26 08:11:05 Event: ULOG_EXECUTE for HTCondor Node COLLECT (170269.36.0) {07/07/26 08:11:03}
07/07/26 08:11:05 Number of idle job procs: 24
07/07/26 08:11:05 Event: ULOG_EXECUTE for HTCondor Node COLLECT (170269.37.0) {07/07/26 08:11:03}
07/07/26 08:11:05 Number of idle job procs: 23
07/07/26 08:11:10 Total jobs placed to AP: 40
07/07/26 08:11:10      Idle     Held     Running     Successful     Failed
07/07/26 08:11:10       ===      ===         ===            ===        ===
07/07/26 08:11:10         2       21          17              0          0
07/07/26 08:12:05 Currently monitoring 1 HTCondor log file(s)
07/07/26 08:12:05 Event: ULOG_EXECUTE for HTCondor Node COLLECT (170269.38.0) {07/07/26 08:12:03}
07/07/26 08:12:05 Number of idle job procs: 22
07/07/26 08:12:45 Currently monitoring 1 HTCondor log file(s)
07/07/26 08:12:45 Event: ULOG_JOB_EVICTED for HTCondor Node COLLECT (170269.19.0) {07/07/26 08:12:44}
07/07/26 08:12:45 Number of idle job procs: 23
07/07/26 08:12:45 Event: ULOG_JOB_HELD for HTCondor Node COLLECT (170269.19.0) {07/07/26 08:12:44}
07/07/26 08:12:45   Hold reason: Error from teaching1@uller.hpc.uni-saarland.de: Docker job has gone over memory limit of 73692 Mb
07/07/26 08:12:45 Number of idle job procs: 23
07/07/26 08:12:45 Event: ULOG_JOB_EVICTED for HTCondor Node COLLECT (170269.20.0) {07/07/26 08:12:45}
07/07/26 08:12:45 Number of idle job procs: 24
07/07/26 08:12:45 Event: ULOG_JOB_HELD for HTCondor Node COLLECT (170269.20.0) {07/07/26 08:12:45}
07/07/26 08:12:45   Hold reason: Error from teaching2@uller.hpc.uni-saarland.de: Docker job has gone over memory limit of 73692 Mb
07/07/26 08:12:45 Number of idle job procs: 24
07/07/26 08:12:45 DAG status: 0 (DAG_STATUS_OK)
07/07/26 08:12:45 Of 5 nodes total:
07/07/26 08:12:45  Done     Pre   Queued    Post   Ready   Un-Ready   Failed   Futile
07/07/26 08:12:45   ===     ===      ===     ===     ===        ===      ===      ===
07/07/26 08:12:45     0       0        1       0       0          4        0        0
07/07/26 08:12:45 23 job proc(s) currently held
07/07/26 08:12:45 DAGMan Runtime Statistics: [EventCycleTimeAvg=0.011; EventCycleTimeMax=20.457; EventCycleTimeMin=0.000; EventCycleTimeStd=0.373; EventCycleTimeSum=110.508; SleepCycleTimeAvg=5.019; SleepCycleTimeMax=27.568; SleepCycleTimeMin=4.003; SleepCycleTimeStd=0.428; SleepCycleTimeSum=49539.760; SubmitCycleTimeAvg=0.000; SubmitCycleTimeMax=0.743; SubmitCycleTimeMin=0.000; SubmitCycleTimeStd=0.007; SubmitCycleTimeSum=0.748; EventCycleTimeCount=9871.000; SleepCycleTimeCount=9871.000; SubmitCycleTimeCount=9872.000; LogProcessCycleTimeAvg=0.006; LogProcessCycleTimeMax=0.117; LogProcessCycleTimeMin=0.002; LogProcessCycleTimeStd=0.016; LogProcessCycleTimeSum=0.328; LogProcessCycleTimeCount=51.000; ]
07/07/26 08:15:05 Currently monitoring 1 HTCondor log file(s)
07/07/26 08:15:05 Event: ULOG_EXECUTE for HTCondor Node COLLECT (170269.39.0) {07/07/26 08:15:03}
07/07/26 08:15:05 Number of idle job procs: 23
07/07/26 08:16:45 Currently monitoring 1 HTCondor log file(s)
07/07/26 08:16:45 Event: ULOG_JOB_EVICTED for HTCondor Node COLLECT (170269.23.0) {07/07/26 08:16:45}
07/07/26 08:16:45 Number of idle job procs: 24
07/07/26 08:16:45 Event: ULOG_JOB_HELD for HTCondor Node COLLECT (170269.23.0) {07/07/26 08:16:45}
07/07/26 08:16:45   Hold reason: Error from teaching3@lofn.hpc.uni-saarland.de: Docker job has gone over memory limit of 64480 Mb
07/07/26 08:16:45 Number of idle job procs: 24
07/07/26 08:16:45 DAG status: 0 (DAG_STATUS_OK)
07/07/26 08:16:45 Of 5 nodes total:
07/07/26 08:16:45  Done     Pre   Queued    Post   Ready   Un-Ready   Failed   Futile
07/07/26 08:16:45   ===     ===      ===     ===     ===        ===      ===      ===
07/07/26 08:16:45     0       0        1       0       0          4        0        0
07/07/26 08:16:45 24 job proc(s) currently held
07/07/26 08:16:45 DAGMan Runtime Statistics: [EventCycleTimeAvg=0.011; EventCycleTimeMax=20.457; EventCycleTimeMin=0.000; EventCycleTimeStd=0.372; EventCycleTimeSum=110.529; SleepCycleTimeAvg=5.019; SleepCycleTimeMax=27.568; SleepCycleTimeMin=4.003; SleepCycleTimeStd=0.427; SleepCycleTimeSum=49779.991; SubmitCycleTimeAvg=0.000; SubmitCycleTimeMax=0.743; SubmitCycleTimeMin=0.000; SubmitCycleTimeStd=0.007; SubmitCycleTimeSum=0.748; EventCycleTimeCount=9919.000; SleepCycleTimeCount=9919.000; SubmitCycleTimeCount=9920.000; LogProcessCycleTimeAvg=0.006; LogProcessCycleTimeMax=0.117; LogProcessCycleTimeMin=0.002; LogProcessCycleTimeStd=0.016; LogProcessCycleTimeSum=0.340; LogProcessCycleTimeCount=53.000; ]
07/07/26 08:19:01 Currently monitoring 1 HTCondor log file(s)
07/07/26 08:19:01 Event: ULOG_JOB_EVICTED for HTCondor Node COLLECT (170269.25.0) {07/07/26 08:18:58}
07/07/26 08:19:01 Number of idle job procs: 25
07/07/26 08:19:01 Event: ULOG_JOB_HELD for HTCondor Node COLLECT (170269.25.0) {07/07/26 08:18:58}
07/07/26 08:19:01   Hold reason: Error from teaching3@idun.hpc.uni-saarland.de: Docker job has gone over memory limit of 64480 Mb
07/07/26 08:19:01 Number of idle job procs: 25
07/07/26 08:19:01 DAG status: 0 (DAG_STATUS_OK)
07/07/26 08:19:01 Of 5 nodes total:
07/07/26 08:19:01  Done     Pre   Queued    Post   Ready   Un-Ready   Failed   Futile
07/07/26 08:19:01   ===     ===      ===     ===     ===        ===      ===      ===
07/07/26 08:19:01     0       0        1       0       0          4        0        0
07/07/26 08:19:01 25 job proc(s) currently held
07/07/26 08:19:01 DAGMan Runtime Statistics: [EventCycleTimeAvg=0.011; EventCycleTimeMax=20.457; EventCycleTimeMin=0.000; EventCycleTimeStd=0.372; EventCycleTimeSum=110.550; SleepCycleTimeAvg=5.019; SleepCycleTimeMax=27.568; SleepCycleTimeMin=4.003; SleepCycleTimeStd=0.426; SleepCycleTimeSum=49915.114; SubmitCycleTimeAvg=0.000; SubmitCycleTimeMax=0.743; SubmitCycleTimeMin=0.000; SubmitCycleTimeStd=0.007; SubmitCycleTimeSum=0.748; EventCycleTimeCount=9946.000; SleepCycleTimeCount=9946.000; SubmitCycleTimeCount=9947.000; LogProcessCycleTimeAvg=0.006; LogProcessCycleTimeMax=0.117; LogProcessCycleTimeMin=0.002; LogProcessCycleTimeStd=0.015; LogProcessCycleTimeSum=0.344; LogProcessCycleTimeCount=54.000; ]
07/07/26 08:22:56 Currently monitoring 1 HTCondor log file(s)
07/07/26 08:22:56 Event: ULOG_JOB_EVICTED for HTCondor Node COLLECT (170269.22.0) {07/07/26 08:22:55}
07/07/26 08:22:56 Number of idle job procs: 26
07/07/26 08:22:56 Event: ULOG_JOB_HELD for HTCondor Node COLLECT (170269.22.0) {07/07/26 08:22:55}
07/07/26 08:22:56   Hold reason: Error from teaching2@lofn.hpc.uni-saarland.de: Docker job has gone over memory limit of 64480 Mb
07/07/26 08:22:56 Number of idle job procs: 26
07/07/26 08:22:56 DAG status: 0 (DAG_STATUS_OK)
07/07/26 08:22:56 Of 5 nodes total:
07/07/26 08:22:56  Done     Pre   Queued    Post   Ready   Un-Ready   Failed   Futile
07/07/26 08:22:56   ===     ===      ===     ===     ===        ===      ===      ===
07/07/26 08:22:56     0       0        1       0       0          4        0        0
07/07/26 08:22:56 26 job proc(s) currently held
07/07/26 08:22:56 DAGMan Runtime Statistics: [EventCycleTimeAvg=0.011; EventCycleTimeMax=20.457; EventCycleTimeMin=0.000; EventCycleTimeStd=0.371; EventCycleTimeSum=110.565; SleepCycleTimeAvg=5.019; SleepCycleTimeMax=27.568; SleepCycleTimeMin=4.003; SleepCycleTimeStd=0.425; SleepCycleTimeSum=50150.329; SubmitCycleTimeAvg=0.000; SubmitCycleTimeMax=0.743; SubmitCycleTimeMin=0.000; SubmitCycleTimeStd=0.007; SubmitCycleTimeSum=0.748; EventCycleTimeCount=9993.000; SleepCycleTimeCount=9993.000; SubmitCycleTimeCount=9994.000; LogProcessCycleTimeAvg=0.006; LogProcessCycleTimeMax=0.117; LogProcessCycleTimeMin=0.002; LogProcessCycleTimeStd=0.015; LogProcessCycleTimeSum=0.348; LogProcessCycleTimeCount=55.000; ]
07/07/26 08:26:11 Total jobs placed to AP: 40
07/07/26 08:26:11      Idle     Held     Running     Successful     Failed
07/07/26 08:26:11       ===      ===         ===            ===        ===
07/07/26 08:26:11         0       26          14              0          0
07/07/26 08:32:56 600 seconds since last log event
07/07/26 08:32:56 Pending DAG nodes:
07/07/26 08:32:56   Node COLLECT, HTCondor ID 170269, status STATUS_SUBMITTED
07/07/26 08:41:12 Total jobs placed to AP: 40
07/07/26 08:41:12      Idle     Held     Running     Successful     Failed
07/07/26 08:41:12       ===      ===         ===            ===        ===
07/07/26 08:41:12         0       26          14              0          0
07/07/26 08:42:57 1201 seconds since last log event
07/07/26 08:42:57 Pending DAG nodes:
07/07/26 08:42:57   Node COLLECT, HTCondor ID 170269, status STATUS_SUBMITTED
07/07/26 08:44:47 Currently monitoring 1 HTCondor log file(s)
07/07/26 08:44:47 Event: ULOG_JOB_EVICTED for HTCondor Node COLLECT (170269.26.0) {07/07/26 08:44:42}
07/07/26 08:44:47 Number of idle job procs: 27
07/07/26 08:44:47 Event: ULOG_JOB_HELD for HTCondor Node COLLECT (170269.26.0) {07/07/26 08:44:42}
07/07/26 08:44:47   Hold reason: Error from teaching4@uller.hpc.uni-saarland.de: Docker job has gone over memory limit of 73692 Mb
07/07/26 08:44:47 Number of idle job procs: 27
07/07/26 08:44:47 DAG status: 0 (DAG_STATUS_OK)
07/07/26 08:44:47 Of 5 nodes total:
07/07/26 08:44:47  Done     Pre   Queued    Post   Ready   Un-Ready   Failed   Futile
07/07/26 08:44:47   ===     ===      ===     ===     ===        ===      ===      ===
07/07/26 08:44:47     0       0        1       0       0          4        0        0
07/07/26 08:44:47 27 job proc(s) currently held
07/07/26 08:44:47 DAGMan Runtime Statistics: [EventCycleTimeAvg=0.011; EventCycleTimeMax=20.457; EventCycleTimeMin=0.000; EventCycleTimeStd=0.366; EventCycleTimeSum=110.624; SleepCycleTimeAvg=5.018; SleepCycleTimeMax=27.568; SleepCycleTimeMin=4.003; SleepCycleTimeStd=0.420; SleepCycleTimeSum=51461.508; SubmitCycleTimeAvg=0.000; SubmitCycleTimeMax=0.743; SubmitCycleTimeMin=0.000; SubmitCycleTimeStd=0.007; SubmitCycleTimeSum=0.748; EventCycleTimeCount=10255.000; SleepCycleTimeCount=10255.000; SubmitCycleTimeCount=10256.000; LogProcessCycleTimeAvg=0.006; LogProcessCycleTimeMax=0.117; LogProcessCycleTimeMin=0.002; LogProcessCycleTimeStd=0.015; LogProcessCycleTimeSum=0.353; LogProcessCycleTimeCount=56.000; ]
07/07/26 08:54:48 601 seconds since last log event
07/07/26 08:54:48 Pending DAG nodes:
07/07/26 08:54:48   Node COLLECT, HTCondor ID 170269, status STATUS_SUBMITTED
07/07/26 08:56:13 Total jobs placed to AP: 40
07/07/26 08:56:13      Idle     Held     Running     Successful     Failed
07/07/26 08:56:13       ===      ===         ===            ===        ===
07/07/26 08:56:13         0       27          13              0          0
07/07/26 08:58:28 Currently monitoring 1 HTCondor log file(s)
07/07/26 08:58:28 Event: ULOG_JOB_EVICTED for HTCondor Node COLLECT (170269.31.0) {07/07/26 08:58:23}
07/07/26 08:58:28 Number of idle job procs: 28
07/07/26 08:58:28 Event: ULOG_JOB_HELD for HTCondor Node COLLECT (170269.31.0) {07/07/26 08:58:23}
07/07/26 08:58:28   Hold reason: Error from teaching4@lofn.hpc.uni-saarland.de: Docker job has gone over memory limit of 64480 Mb
07/07/26 08:58:28 Number of idle job procs: 28
07/07/26 08:58:28 DAG status: 0 (DAG_STATUS_OK)
07/07/26 08:58:28 Of 5 nodes total:
07/07/26 08:58:28  Done     Pre   Queued    Post   Ready   Un-Ready   Failed   Futile
07/07/26 08:58:28   ===     ===      ===     ===     ===        ===      ===      ===
07/07/26 08:58:28     0       0        1       0       0          4        0        0
07/07/26 08:58:28 28 job proc(s) currently held
07/07/26 08:58:28 DAGMan Runtime Statistics: [EventCycleTimeAvg=0.011; EventCycleTimeMax=20.457; EventCycleTimeMin=0.000; EventCycleTimeStd=0.363; EventCycleTimeSum=110.671; SleepCycleTimeAvg=5.018; SleepCycleTimeMax=27.568; SleepCycleTimeMin=4.003; SleepCycleTimeStd=0.417; SleepCycleTimeSum=52282.185; SubmitCycleTimeAvg=0.000; SubmitCycleTimeMax=0.743; SubmitCycleTimeMin=0.000; SubmitCycleTimeStd=0.007; SubmitCycleTimeSum=0.749; EventCycleTimeCount=10419.000; SleepCycleTimeCount=10419.000; SubmitCycleTimeCount=10420.000; LogProcessCycleTimeAvg=0.006; LogProcessCycleTimeMax=0.117; LogProcessCycleTimeMin=0.002; LogProcessCycleTimeStd=0.015; LogProcessCycleTimeSum=0.357; LogProcessCycleTimeCount=57.000; ]
07/07/26 09:08:28 600 seconds since last log event
07/07/26 09:08:28 Pending DAG nodes:
07/07/26 09:08:28   Node COLLECT, HTCondor ID 170269, status STATUS_SUBMITTED
07/07/26 09:09:48 Currently monitoring 1 HTCondor log file(s)
07/07/26 09:09:48 Event: ULOG_JOB_EVICTED for HTCondor Node COLLECT (170269.35.0) {07/07/26 09:09:44}
07/07/26 09:09:48 Number of idle job procs: 29
07/07/26 09:09:48 Event: ULOG_JOB_HELD for HTCondor Node COLLECT (170269.35.0) {07/07/26 09:09:44}
07/07/26 09:09:48   Hold reason: Error from teaching1@idun.hpc.uni-saarland.de: Docker job has gone over memory limit of 64480 Mb
07/07/26 09:09:48 Number of idle job procs: 29
07/07/26 09:09:48 DAG status: 0 (DAG_STATUS_OK)
07/07/26 09:09:48 Of 5 nodes total:
07/07/26 09:09:48  Done     Pre   Queued    Post   Ready   Un-Ready   Failed   Futile
07/07/26 09:09:48   ===     ===      ===     ===     ===        ===      ===      ===
07/07/26 09:09:48     0       0        1       0       0          4        0        0
07/07/26 09:09:48 29 job proc(s) currently held
07/07/26 09:09:48 DAGMan Runtime Statistics: [EventCycleTimeAvg=0.010; EventCycleTimeMax=20.457; EventCycleTimeMin=0.000; EventCycleTimeStd=0.361; EventCycleTimeSum=110.700; SleepCycleTimeAvg=5.018; SleepCycleTimeMax=27.568; SleepCycleTimeMin=4.003; SleepCycleTimeStd=0.414; SleepCycleTimeSum=52962.828; SubmitCycleTimeAvg=0.000; SubmitCycleTimeMax=0.743; SubmitCycleTimeMin=0.000; SubmitCycleTimeStd=0.007; SubmitCycleTimeSum=0.749; EventCycleTimeCount=10555.000; SleepCycleTimeCount=10555.000; SubmitCycleTimeCount=10556.000; LogProcessCycleTimeAvg=0.006; LogProcessCycleTimeMax=0.117; LogProcessCycleTimeMin=0.002; LogProcessCycleTimeStd=0.015; LogProcessCycleTimeSum=0.367; LogProcessCycleTimeCount=58.000; ]
07/07/26 09:11:14 Total jobs placed to AP: 40
07/07/26 09:11:14      Idle     Held     Running     Successful     Failed
07/07/26 09:11:14       ===      ===         ===            ===        ===
07/07/26 09:11:14         0       29          11              0          0
07/07/26 09:13:24 Currently monitoring 1 HTCondor log file(s)
07/07/26 09:13:24 Event: ULOG_JOB_EVICTED for HTCondor Node COLLECT (170269.33.0) {07/07/26 09:13:21}
07/07/26 09:13:24 Number of idle job procs: 30
07/07/26 09:13:24 Event: ULOG_JOB_HELD for HTCondor Node COLLECT (170269.33.0) {07/07/26 09:13:21}
07/07/26 09:13:24   Hold reason: Error from teaching4@idun.hpc.uni-saarland.de: Docker job has gone over memory limit of 64480 Mb
07/07/26 09:13:24 Number of idle job procs: 30
07/07/26 09:13:24 DAG status: 0 (DAG_STATUS_OK)
07/07/26 09:13:24 Of 5 nodes total:
07/07/26 09:13:24  Done     Pre   Queued    Post   Ready   Un-Ready   Failed   Futile
07/07/26 09:13:24   ===     ===      ===     ===     ===        ===      ===      ===
07/07/26 09:13:24     0       0        1       0       0          4        0        0
07/07/26 09:13:24 30 job proc(s) currently held
07/07/26 09:13:24 DAGMan Runtime Statistics: [EventCycleTimeAvg=0.010; EventCycleTimeMax=20.457; EventCycleTimeMin=0.000; EventCycleTimeStd=0.360; EventCycleTimeSum=110.733; SleepCycleTimeAvg=5.018; SleepCycleTimeMax=27.568; SleepCycleTimeMin=4.003; SleepCycleTimeStd=0.413; SleepCycleTimeSum=53178.016; SubmitCycleTimeAvg=0.000; SubmitCycleTimeMax=0.743; SubmitCycleTimeMin=0.000; SubmitCycleTimeStd=0.007; SubmitCycleTimeSum=0.749; EventCycleTimeCount=10598.000; SleepCycleTimeCount=10598.000; SubmitCycleTimeCount=10599.000; LogProcessCycleTimeAvg=0.006; LogProcessCycleTimeMax=0.117; LogProcessCycleTimeMin=0.002; LogProcessCycleTimeStd=0.015; LogProcessCycleTimeSum=0.374; LogProcessCycleTimeCount=59.000; ]
07/07/26 09:17:39 Currently monitoring 1 HTCondor log file(s)
07/07/26 09:17:39 Event: ULOG_JOB_EVICTED for HTCondor Node COLLECT (170269.38.0) {07/07/26 09:17:36}
07/07/26 09:17:39 Number of idle job procs: 31
07/07/26 09:17:39 Event: ULOG_JOB_HELD for HTCondor Node COLLECT (170269.38.0) {07/07/26 09:17:36}
07/07/26 09:17:39   Hold reason: Error from teaching5@lofn.hpc.uni-saarland.de: Docker job has gone over memory limit of 64480 Mb
07/07/26 09:17:39 Number of idle job procs: 31
07/07/26 09:17:39 DAG status: 0 (DAG_STATUS_OK)
07/07/26 09:17:39 Of 5 nodes total:
07/07/26 09:17:39  Done     Pre   Queued    Post   Ready   Un-Ready   Failed   Futile
07/07/26 09:17:39   ===     ===      ===     ===     ===        ===      ===      ===
07/07/26 09:17:39     0       0        1       0       0          4        0        0
07/07/26 09:17:39 31 job proc(s) currently held
07/07/26 09:17:39 DAGMan Runtime Statistics: [EventCycleTimeAvg=0.010; EventCycleTimeMax=20.457; EventCycleTimeMin=0.000; EventCycleTimeStd=0.359; EventCycleTimeSum=110.756; SleepCycleTimeAvg=5.018; SleepCycleTimeMax=27.568; SleepCycleTimeMin=4.003; SleepCycleTimeStd=0.412; SleepCycleTimeSum=53433.216; SubmitCycleTimeAvg=0.000; SubmitCycleTimeMax=0.743; SubmitCycleTimeMin=0.000; SubmitCycleTimeStd=0.007; SubmitCycleTimeSum=0.749; EventCycleTimeCount=10649.000; SleepCycleTimeCount=10649.000; SubmitCycleTimeCount=10650.000; LogProcessCycleTimeAvg=0.006; LogProcessCycleTimeMax=0.117; LogProcessCycleTimeMin=0.002; LogProcessCycleTimeStd=0.015; LogProcessCycleTimeSum=0.378; LogProcessCycleTimeCount=60.000; ]
07/07/26 09:24:09 Currently monitoring 1 HTCondor log file(s)
07/07/26 09:24:09 Event: ULOG_JOB_EVICTED for HTCondor Node COLLECT (170269.34.0) {07/07/26 09:24:06}
07/07/26 09:24:09 Number of idle job procs: 32
07/07/26 09:24:09 Event: ULOG_JOB_HELD for HTCondor Node COLLECT (170269.34.0) {07/07/26 09:24:06}
07/07/26 09:24:09   Hold reason: Error from teaching7@lofn.hpc.uni-saarland.de: Docker job has gone over memory limit of 64480 Mb
07/07/26 09:24:09 Number of idle job procs: 32
07/07/26 09:24:09 DAG status: 0 (DAG_STATUS_OK)
07/07/26 09:24:09 Of 5 nodes total:
07/07/26 09:24:09  Done     Pre   Queued    Post   Ready   Un-Ready   Failed   Futile
07/07/26 09:24:09   ===     ===      ===     ===     ===        ===      ===      ===
07/07/26 09:24:09     0       0        1       0       0          4        0        0
07/07/26 09:24:09 32 job proc(s) currently held
07/07/26 09:24:09 DAGMan Runtime Statistics: [EventCycleTimeAvg=0.010; EventCycleTimeMax=20.457; EventCycleTimeMin=0.000; EventCycleTimeStd=0.358; EventCycleTimeSum=110.774; SleepCycleTimeAvg=5.018; SleepCycleTimeMax=27.568; SleepCycleTimeMin=4.003; SleepCycleTimeStd=0.411; SleepCycleTimeSum=53823.562; SubmitCycleTimeAvg=0.000; SubmitCycleTimeMax=0.743; SubmitCycleTimeMin=0.000; SubmitCycleTimeStd=0.007; SubmitCycleTimeSum=0.749; EventCycleTimeCount=10727.000; SleepCycleTimeCount=10727.000; SubmitCycleTimeCount=10728.000; LogProcessCycleTimeAvg=0.006; LogProcessCycleTimeMax=0.117; LogProcessCycleTimeMin=0.002; LogProcessCycleTimeStd=0.015; LogProcessCycleTimeSum=0.383; LogProcessCycleTimeCount=61.000; ]
07/07/26 09:26:14 Total jobs placed to AP: 40
07/07/26 09:26:14      Idle     Held     Running     Successful     Failed
07/07/26 09:26:14       ===      ===         ===            ===        ===
07/07/26 09:26:14         0       32           8              0          0
07/07/26 09:32:25 Currently monitoring 1 HTCondor log file(s)
07/07/26 09:32:25 Event: ULOG_JOB_EVICTED for HTCondor Node COLLECT (170269.32.0) {07/07/26 09:32:21}
07/07/26 09:32:25 Number of idle job procs: 33
07/07/26 09:32:25 Event: ULOG_JOB_HELD for HTCondor Node COLLECT (170269.32.0) {07/07/26 09:32:21}
07/07/26 09:32:25   Hold reason: Error from teaching2@tenos.hpc.uni-saarland.de: Docker job has gone over memory limit of 96737 Mb
07/07/26 09:32:25 Number of idle job procs: 33
07/07/26 09:32:25 Event: ULOG_JOB_EVICTED for HTCondor Node COLLECT (170269.30.0) {07/07/26 09:32:23}
07/07/26 09:32:25 Number of idle job procs: 34
07/07/26 09:32:25 Event: ULOG_JOB_HELD for HTCondor Node COLLECT (170269.30.0) {07/07/26 09:32:23}
07/07/26 09:32:25   Hold reason: Error from teaching6@thera.hpc.uni-saarland.de: Docker job has gone over memory limit of 96737 Mb
07/07/26 09:32:25 Number of idle job procs: 34
07/07/26 09:32:25 DAG status: 0 (DAG_STATUS_OK)
07/07/26 09:32:25 Of 5 nodes total:
07/07/26 09:32:25  Done     Pre   Queued    Post   Ready   Un-Ready   Failed   Futile
07/07/26 09:32:25   ===     ===      ===     ===     ===        ===      ===      ===
07/07/26 09:32:25     0       0        1       0       0          4        0        0
07/07/26 09:32:25 34 job proc(s) currently held
07/07/26 09:32:25 DAGMan Runtime Statistics: [EventCycleTimeAvg=0.010; EventCycleTimeMax=20.457; EventCycleTimeMin=0.000; EventCycleTimeStd=0.356; EventCycleTimeSum=110.804; SleepCycleTimeAvg=5.017; SleepCycleTimeMax=27.568; SleepCycleTimeMin=4.003; SleepCycleTimeStd=0.409; SleepCycleTimeSum=54319.034; SubmitCycleTimeAvg=0.000; SubmitCycleTimeMax=0.743; SubmitCycleTimeMin=0.000; SubmitCycleTimeStd=0.007; SubmitCycleTimeSum=0.749; EventCycleTimeCount=10826.000; SleepCycleTimeCount=10826.000; SubmitCycleTimeCount=10827.000; LogProcessCycleTimeAvg=0.006; LogProcessCycleTimeMax=0.117; LogProcessCycleTimeMin=0.002; LogProcessCycleTimeStd=0.014; LogProcessCycleTimeSum=0.393; LogProcessCycleTimeCount=62.000; ]
07/07/26 09:32:40 Currently monitoring 1 HTCondor log file(s)
07/07/26 09:32:40 Event: ULOG_JOB_EVICTED for HTCondor Node COLLECT (170269.29.0) {07/07/26 09:32:35}
07/07/26 09:32:40 Number of idle job procs: 35
07/07/26 09:32:40 Event: ULOG_JOB_HELD for HTCondor Node COLLECT (170269.29.0) {07/07/26 09:32:35}
07/07/26 09:32:40   Hold reason: Error from teaching1@tenos.hpc.uni-saarland.de: Docker job has gone over memory limit of 96737 Mb
07/07/26 09:32:40 Number of idle job procs: 35
07/07/26 09:32:40 DAG status: 0 (DAG_STATUS_OK)
07/07/26 09:32:40 Of 5 nodes total:
07/07/26 09:32:40  Done     Pre   Queued    Post   Ready   Un-Ready   Failed   Futile
07/07/26 09:32:40   ===     ===      ===     ===     ===        ===      ===      ===
07/07/26 09:32:40     0       0        1       0       0          4        0        0
07/07/26 09:32:40 35 job proc(s) currently held
07/07/26 09:32:40 DAGMan Runtime Statistics: [EventCycleTimeAvg=0.010; EventCycleTimeMax=20.457; EventCycleTimeMin=0.000; EventCycleTimeStd=0.356; EventCycleTimeSum=110.818; SleepCycleTimeAvg=5.017; SleepCycleTimeMax=27.568; SleepCycleTimeMin=4.003; SleepCycleTimeStd=0.409; SleepCycleTimeSum=54334.046; SubmitCycleTimeAvg=0.000; SubmitCycleTimeMax=0.743; SubmitCycleTimeMin=0.000; SubmitCycleTimeStd=0.007; SubmitCycleTimeSum=0.749; EventCycleTimeCount=10829.000; SleepCycleTimeCount=10829.000; SubmitCycleTimeCount=10830.000; LogProcessCycleTimeAvg=0.006; LogProcessCycleTimeMax=0.117; LogProcessCycleTimeMin=0.002; LogProcessCycleTimeStd=0.014; LogProcessCycleTimeSum=0.397; LogProcessCycleTimeCount=63.000; ]
07/07/26 09:35:50 Currently monitoring 1 HTCondor log file(s)
07/07/26 09:35:50 Event: ULOG_JOB_EVICTED for HTCondor Node COLLECT (170269.27.0) {07/07/26 09:35:48}
07/07/26 09:35:50 Number of idle job procs: 36
07/07/26 09:35:50 Event: ULOG_JOB_HELD for HTCondor Node COLLECT (170269.27.0) {07/07/26 09:35:48}
07/07/26 09:35:50   Hold reason: Error from teaching5@thera.hpc.uni-saarland.de: Docker job has gone over memory limit of 96737 Mb
07/07/26 09:35:50 Number of idle job procs: 36
07/07/26 09:35:50 DAG status: 0 (DAG_STATUS_OK)
07/07/26 09:35:50 Of 5 nodes total:
07/07/26 09:35:50  Done     Pre   Queued    Post   Ready   Un-Ready   Failed   Futile
07/07/26 09:35:50   ===     ===      ===     ===     ===        ===      ===      ===
07/07/26 09:35:50     0       0        1       0       0          4        0        0
07/07/26 09:35:50 36 job proc(s) currently held
07/07/26 09:35:50 DAGMan Runtime Statistics: [EventCycleTimeAvg=0.010; EventCycleTimeMax=20.457; EventCycleTimeMin=0.000; EventCycleTimeStd=0.356; EventCycleTimeSum=110.828; SleepCycleTimeAvg=5.017; SleepCycleTimeMax=27.568; SleepCycleTimeMin=4.003; SleepCycleTimeStd=0.408; SleepCycleTimeSum=54524.204; SubmitCycleTimeAvg=0.000; SubmitCycleTimeMax=0.743; SubmitCycleTimeMin=0.000; SubmitCycleTimeStd=0.007; SubmitCycleTimeSum=0.749; EventCycleTimeCount=10867.000; SleepCycleTimeCount=10867.000; SubmitCycleTimeCount=10868.000; LogProcessCycleTimeAvg=0.006; LogProcessCycleTimeMax=0.117; LogProcessCycleTimeMin=0.002; LogProcessCycleTimeStd=0.014; LogProcessCycleTimeSum=0.407; LogProcessCycleTimeCount=64.000; ]
07/07/26 09:37:10 Currently monitoring 1 HTCondor log file(s)
07/07/26 09:37:10 Event: ULOG_JOB_EVICTED for HTCondor Node COLLECT (170269.28.0) {07/07/26 09:37:08}
07/07/26 09:37:10 Number of idle job procs: 37
07/07/26 09:37:10 Event: ULOG_JOB_HELD for HTCondor Node COLLECT (170269.28.0) {07/07/26 09:37:08}
07/07/26 09:37:10   Hold reason: Error from teaching5@tenos.hpc.uni-saarland.de: Docker job has gone over memory limit of 96737 Mb
07/07/26 09:37:10 Number of idle job procs: 37
07/07/26 09:37:10 DAG status: 0 (DAG_STATUS_OK)
07/07/26 09:37:10 Of 5 nodes total:
07/07/26 09:37:10  Done     Pre   Queued    Post   Ready   Un-Ready   Failed   Futile
07/07/26 09:37:10   ===     ===      ===     ===     ===        ===      ===      ===
07/07/26 09:37:10     0       0        1       0       0          4        0        0
07/07/26 09:37:10 37 job proc(s) currently held
07/07/26 09:37:10 DAGMan Runtime Statistics: [EventCycleTimeAvg=0.010; EventCycleTimeMax=20.457; EventCycleTimeMin=0.000; EventCycleTimeStd=0.355; EventCycleTimeSum=110.851; SleepCycleTimeAvg=5.017; SleepCycleTimeMax=27.568; SleepCycleTimeMin=4.003; SleepCycleTimeStd=0.408; SleepCycleTimeSum=54604.273; SubmitCycleTimeAvg=0.000; SubmitCycleTimeMax=0.743; SubmitCycleTimeMin=0.000; SubmitCycleTimeStd=0.007; SubmitCycleTimeSum=0.749; EventCycleTimeCount=10883.000; SleepCycleTimeCount=10883.000; SubmitCycleTimeCount=10884.000; LogProcessCycleTimeAvg=0.006; LogProcessCycleTimeMax=0.117; LogProcessCycleTimeMin=0.002; LogProcessCycleTimeStd=0.014; LogProcessCycleTimeSum=0.415; LogProcessCycleTimeCount=65.000; ]
07/07/26 09:41:15 Total jobs placed to AP: 40
07/07/26 09:41:15      Idle     Held     Running     Successful     Failed
07/07/26 09:41:15       ===      ===         ===            ===        ===
07/07/26 09:41:15         0       37           3              0          0
07/07/26 09:47:11 601 seconds since last log event
07/07/26 09:47:11 Pending DAG nodes:
07/07/26 09:47:11   Node COLLECT, HTCondor ID 170269, status STATUS_SUBMITTED
07/07/26 09:50:51 Currently monitoring 1 HTCondor log file(s)
07/07/26 09:50:51 Event: ULOG_JOB_EVICTED for HTCondor Node COLLECT (170269.39.0) {07/07/26 09:50:51}
07/07/26 09:50:51 Number of idle job procs: 38
07/07/26 09:50:51 Event: ULOG_JOB_HELD for HTCondor Node COLLECT (170269.39.0) {07/07/26 09:50:51}
07/07/26 09:50:51   Hold reason: Error from teaching6@tenos.hpc.uni-saarland.de: Docker job has gone over memory limit of 96737 Mb
07/07/26 09:50:51 Number of idle job procs: 38
07/07/26 09:50:51 DAG status: 0 (DAG_STATUS_OK)
07/07/26 09:50:51 Of 5 nodes total:
07/07/26 09:50:51  Done     Pre   Queued    Post   Ready   Un-Ready   Failed   Futile
07/07/26 09:50:51   ===     ===      ===     ===     ===        ===      ===      ===
07/07/26 09:50:51     0       0        1       0       0          4        0        0
07/07/26 09:50:51 38 job proc(s) currently held
07/07/26 09:50:51 DAGMan Runtime Statistics: [EventCycleTimeAvg=0.010; EventCycleTimeMax=20.457; EventCycleTimeMin=0.000; EventCycleTimeStd=0.353; EventCycleTimeSum=110.892; SleepCycleTimeAvg=5.017; SleepCycleTimeMax=27.568; SleepCycleTimeMin=4.003; SleepCycleTimeStd=0.405; SleepCycleTimeSum=55424.988; SubmitCycleTimeAvg=0.000; SubmitCycleTimeMax=0.743; SubmitCycleTimeMin=0.000; SubmitCycleTimeStd=0.007; SubmitCycleTimeSum=0.749; EventCycleTimeCount=11047.000; SleepCycleTimeCount=11047.000; SubmitCycleTimeCount=11048.000; LogProcessCycleTimeAvg=0.006; LogProcessCycleTimeMax=0.117; LogProcessCycleTimeMin=0.002; LogProcessCycleTimeStd=0.014; LogProcessCycleTimeSum=0.419; LogProcessCycleTimeCount=66.000; ]
07/07/26 09:51:56 Currently monitoring 1 HTCondor log file(s)
07/07/26 09:51:56 Event: ULOG_JOB_EVICTED for HTCondor Node COLLECT (170269.37.0) {07/07/26 09:51:54}
07/07/26 09:51:56 Number of idle job procs: 39
07/07/26 09:51:56 Event: ULOG_JOB_HELD for HTCondor Node COLLECT (170269.37.0) {07/07/26 09:51:54}
07/07/26 09:51:56   Hold reason: Error from teaching7@tenos.hpc.uni-saarland.de: Docker job has gone over memory limit of 96737 Mb
07/07/26 09:51:56 Number of idle job procs: 39
07/07/26 09:51:56 DAG status: 0 (DAG_STATUS_OK)
07/07/26 09:51:56 Of 5 nodes total:
07/07/26 09:51:56  Done     Pre   Queued    Post   Ready   Un-Ready   Failed   Futile
07/07/26 09:51:56   ===     ===      ===     ===     ===        ===      ===      ===
07/07/26 09:51:56     0       0        1       0       0          4        0        0
07/07/26 09:51:56 39 job proc(s) currently held
07/07/26 09:51:56 DAGMan Runtime Statistics: [EventCycleTimeAvg=0.010; EventCycleTimeMax=20.457; EventCycleTimeMin=0.000; EventCycleTimeStd=0.352; EventCycleTimeSum=110.907; SleepCycleTimeAvg=5.017; SleepCycleTimeMax=27.568; SleepCycleTimeMin=4.003; SleepCycleTimeStd=0.404; SleepCycleTimeSum=55490.057; SubmitCycleTimeAvg=0.000; SubmitCycleTimeMax=0.743; SubmitCycleTimeMin=0.000; SubmitCycleTimeStd=0.007; SubmitCycleTimeSum=0.749; EventCycleTimeCount=11060.000; SleepCycleTimeCount=11060.000; SubmitCycleTimeCount=11061.000; LogProcessCycleTimeAvg=0.006; LogProcessCycleTimeMax=0.117; LogProcessCycleTimeMin=0.002; LogProcessCycleTimeStd=0.014; LogProcessCycleTimeSum=0.425; LogProcessCycleTimeCount=67.000; ]
07/07/26 09:52:36 Currently monitoring 1 HTCondor log file(s)
07/07/26 09:52:36 Event: ULOG_JOB_EVICTED for HTCondor Node COLLECT (170269.36.0) {07/07/26 09:52:33}
07/07/26 09:52:36 Number of idle job procs: 40
07/07/26 09:52:36 Event: ULOG_JOB_HELD for HTCondor Node COLLECT (170269.36.0) {07/07/26 09:52:33}
07/07/26 09:52:36   Hold reason: Error from teaching8@thera.hpc.uni-saarland.de: Docker job has gone over memory limit of 96737 Mb
07/07/26 09:52:36 Number of idle job procs: 40
07/07/26 09:52:36 DAG status: 0 (DAG_STATUS_OK)
07/07/26 09:52:36 Of 5 nodes total:
07/07/26 09:52:36  Done     Pre   Queued    Post   Ready   Un-Ready   Failed   Futile
07/07/26 09:52:36   ===     ===      ===     ===     ===        ===      ===      ===
07/07/26 09:52:36     0       0        1       0       0          4        0        0
07/07/26 09:52:36 40 job proc(s) currently held
07/07/26 09:52:36 DAGMan Runtime Statistics: [EventCycleTimeAvg=0.010; EventCycleTimeMax=20.457; EventCycleTimeMin=0.000; EventCycleTimeStd=0.352; EventCycleTimeSum=110.918; SleepCycleTimeAvg=5.017; SleepCycleTimeMax=27.568; SleepCycleTimeMin=4.003; SleepCycleTimeStd=0.404; SleepCycleTimeSum=55530.087; SubmitCycleTimeAvg=0.000; SubmitCycleTimeMax=0.743; SubmitCycleTimeMin=0.000; SubmitCycleTimeStd=0.007; SubmitCycleTimeSum=0.749; EventCycleTimeCount=11068.000; SleepCycleTimeCount=11068.000; SubmitCycleTimeCount=11069.000; LogProcessCycleTimeAvg=0.006; LogProcessCycleTimeMax=0.117; LogProcessCycleTimeMin=0.002; LogProcessCycleTimeStd=0.014; LogProcessCycleTimeSum=0.430; LogProcessCycleTimeCount=68.000; ]
07/07/26 09:56:16 Total jobs placed to AP: 40
07/07/26 09:56:16      Idle     Held     Running     Successful     Failed
07/07/26 09:56:16       ===      ===         ===            ===        ===
07/07/26 09:56:16         0       40           0              0          0
07/07/26 10:02:36 600 seconds since last log event
07/07/26 10:02:36 Pending DAG nodes:
07/07/26 10:02:36   Node COLLECT, HTCondor ID 170269, status STATUS_SUBMITTED
07/07/26 10:11:17 Total jobs placed to AP: 40
07/07/26 10:11:17      Idle     Held     Running     Successful     Failed
07/07/26 10:11:17       ===      ===         ===            ===        ===
07/07/26 10:11:17         0       40           0              0          0
07/07/26 10:12:37 1201 seconds since last log event
07/07/26 10:12:37 Pending DAG nodes:
07/07/26 10:12:37   Node COLLECT, HTCondor ID 170269, status STATUS_SUBMITTED
07/07/26 10:22:38 1802 seconds since last log event
07/07/26 10:22:38 Pending DAG nodes:
07/07/26 10:22:38   Node COLLECT, HTCondor ID 170269, status STATUS_SUBMITTED
07/07/26 10:26:18 Total jobs placed to AP: 40
07/07/26 10:26:18      Idle     Held     Running     Successful     Failed
07/07/26 10:26:18       ===      ===         ===            ===        ===
07/07/26 10:26:18         0       40           0              0          0
07/07/26 10:32:38 2402 seconds since last log event
07/07/26 10:32:38 Pending DAG nodes:
07/07/26 10:32:38   Node COLLECT, HTCondor ID 170269, status STATUS_SUBMITTED
07/07/26 10:41:19 Total jobs placed to AP: 40
07/07/26 10:41:19      Idle     Held     Running     Successful     Failed
07/07/26 10:41:19       ===      ===         ===            ===        ===
07/07/26 10:41:19         0       40           0              0          0
07/07/26 10:42:39 3003 seconds since last log event
07/07/26 10:42:39 Pending DAG nodes:
07/07/26 10:42:39   Node COLLECT, HTCondor ID 170269, status STATUS_SUBMITTED
07/07/26 10:52:39 3603 seconds since last log event
07/07/26 10:52:39 Pending DAG nodes:
07/07/26 10:52:39   Node COLLECT, HTCondor ID 170269, status STATUS_SUBMITTED
07/07/26 10:56:20 Total jobs placed to AP: 40
07/07/26 10:56:20      Idle     Held     Running     Successful     Failed
07/07/26 10:56:20       ===      ===         ===            ===        ===
07/07/26 10:56:20         0       40           0              0          0
07/07/26 11:02:40 4204 seconds since last log event
07/07/26 11:02:40 Pending DAG nodes:
07/07/26 11:02:40   Node COLLECT, HTCondor ID 170269, status STATUS_SUBMITTED
07/07/26 11:11:20 Total jobs placed to AP: 40
07/07/26 11:11:20      Idle     Held     Running     Successful     Failed
07/07/26 11:11:20       ===      ===         ===            ===        ===
07/07/26 11:11:20         0       40           0              0          0
07/07/26 11:12:40 4804 seconds since last log event
07/07/26 11:12:40 Pending DAG nodes:
07/07/26 11:12:40   Node COLLECT, HTCondor ID 170269, status STATUS_SUBMITTED
07/07/26 11:22:41 5405 seconds since last log event
07/07/26 11:22:41 Pending DAG nodes:
07/07/26 11:22:41   Node COLLECT, HTCondor ID 170269, status STATUS_SUBMITTED
07/07/26 11:26:21 Total jobs placed to AP: 40
07/07/26 11:26:21      Idle     Held     Running     Successful     Failed
07/07/26 11:26:21       ===      ===         ===            ===        ===
07/07/26 11:26:21         0       40           0              0          0
07/07/26 11:32:41 6005 seconds since last log event
07/07/26 11:32:41 Pending DAG nodes:
07/07/26 11:32:41   Node COLLECT, HTCondor ID 170269, status STATUS_SUBMITTED
07/07/26 11:41:22 Total jobs placed to AP: 40
07/07/26 11:41:22      Idle     Held     Running     Successful     Failed
07/07/26 11:41:22       ===      ===         ===            ===        ===
07/07/26 11:41:22         0       40           0              0          0
07/07/26 11:42:42 6606 seconds since last log event
07/07/26 11:42:42 Pending DAG nodes:
07/07/26 11:42:42   Node COLLECT, HTCondor ID 170269, status STATUS_SUBMITTED
07/07/26 11:52:43 7207 seconds since last log event
07/07/26 11:52:43 Pending DAG nodes:
07/07/26 11:52:43   Node COLLECT, HTCondor ID 170269, status STATUS_SUBMITTED
07/07/26 11:56:23 Total jobs placed to AP: 40
07/07/26 11:56:23      Idle     Held     Running     Successful     Failed
07/07/26 11:56:23       ===      ===         ===            ===        ===
07/07/26 11:56:23         0       40           0              0          0
07/07/26 12:02:43 7807 seconds since last log event
07/07/26 12:02:43 Pending DAG nodes:
07/07/26 12:02:43   Node COLLECT, HTCondor ID 170269, status STATUS_SUBMITTED
07/07/26 12:11:24 Total jobs placed to AP: 40
07/07/26 12:11:24      Idle     Held     Running     Successful     Failed
07/07/26 12:11:24       ===      ===         ===            ===        ===
07/07/26 12:11:24         0       40           0              0          0
07/07/26 12:12:44 8408 seconds since last log event
07/07/26 12:12:44 Pending DAG nodes:
07/07/26 12:12:44   Node COLLECT, HTCondor ID 170269, status STATUS_SUBMITTED
07/07/26 12:22:44 9008 seconds since last log event
07/07/26 12:22:44 Pending DAG nodes:
07/07/26 12:22:44   Node COLLECT, HTCondor ID 170269, status STATUS_SUBMITTED
07/07/26 12:26:24 Total jobs placed to AP: 40
07/07/26 12:26:24      Idle     Held     Running     Successful     Failed
07/07/26 12:26:24       ===      ===         ===            ===        ===
07/07/26 12:26:24         0       40           0              0          0
07/07/26 12:32:45 9609 seconds since last log event
07/07/26 12:32:45 Pending DAG nodes:
07/07/26 12:32:45   Node COLLECT, HTCondor ID 170269, status STATUS_SUBMITTED
07/07/26 12:41:25 Total jobs placed to AP: 40
07/07/26 12:41:25      Idle     Held     Running     Successful     Failed
07/07/26 12:41:25       ===      ===         ===            ===        ===
07/07/26 12:41:25         0       40           0              0          0
07/07/26 12:42:45 10209 seconds since last log event
07/07/26 12:42:45 Pending DAG nodes:
07/07/26 12:42:45   Node COLLECT, HTCondor ID 170269, status STATUS_SUBMITTED
07/07/26 12:52:46 10810 seconds since last log event
07/07/26 12:52:46 Pending DAG nodes:
07/07/26 12:52:46   Node COLLECT, HTCondor ID 170269, status STATUS_SUBMITTED
07/07/26 12:56:26 Total jobs placed to AP: 40
07/07/26 12:56:26      Idle     Held     Running     Successful     Failed
07/07/26 12:56:26       ===      ===         ===            ===        ===
07/07/26 12:56:26         0       40           0              0          0
07/07/26 13:02:46 11410 seconds since last log event
07/07/26 13:02:46 Pending DAG nodes:
07/07/26 13:02:46   Node COLLECT, HTCondor ID 170269, status STATUS_SUBMITTED
07/07/26 13:11:27 Total jobs placed to AP: 40
07/07/26 13:11:27      Idle     Held     Running     Successful     Failed
07/07/26 13:11:27       ===      ===         ===            ===        ===
07/07/26 13:11:27         0       40           0              0          0
07/07/26 13:12:47 12011 seconds since last log event
07/07/26 13:12:47 Pending DAG nodes:
07/07/26 13:12:47   Node COLLECT, HTCondor ID 170269, status STATUS_SUBMITTED
07/07/26 13:22:48 12612 seconds since last log event
07/07/26 13:22:48 Pending DAG nodes:
07/07/26 13:22:48   Node COLLECT, HTCondor ID 170269, status STATUS_SUBMITTED
07/07/26 13:26:28 Total jobs placed to AP: 40
07/07/26 13:26:28      Idle     Held     Running     Successful     Failed
07/07/26 13:26:28       ===      ===         ===            ===        ===
07/07/26 13:26:28         0       40           0              0          0
07/07/26 13:32:48 13212 seconds since last log event
07/07/26 13:32:48 Pending DAG nodes:
07/07/26 13:32:48   Node COLLECT, HTCondor ID 170269, status STATUS_SUBMITTED
07/07/26 13:41:29 Total jobs placed to AP: 40
07/07/26 13:41:29      Idle     Held     Running     Successful     Failed
07/07/26 13:41:29       ===      ===         ===            ===        ===
07/07/26 13:41:29         0       40           0              0          0
07/07/26 13:42:49 13813 seconds since last log event
07/07/26 13:42:49 Pending DAG nodes:
07/07/26 13:42:49   Node COLLECT, HTCondor ID 170269, status STATUS_SUBMITTED
07/07/26 13:52:49 14413 seconds since last log event
07/07/26 13:52:49 Pending DAG nodes:
07/07/26 13:52:49   Node COLLECT, HTCondor ID 170269, status STATUS_SUBMITTED
07/07/26 13:56:29 Total jobs placed to AP: 40
07/07/26 13:56:29      Idle     Held     Running     Successful     Failed
07/07/26 13:56:29       ===      ===         ===            ===        ===
07/07/26 13:56:29         0       40           0              0          0
07/07/26 14:02:50 15014 seconds since last log event
07/07/26 14:02:50 Pending DAG nodes:
07/07/26 14:02:50   Node COLLECT, HTCondor ID 170269, status STATUS_SUBMITTED
07/07/26 14:11:30 Total jobs placed to AP: 40
07/07/26 14:11:30      Idle     Held     Running     Successful     Failed
07/07/26 14:11:30       ===      ===         ===            ===        ===
07/07/26 14:11:30         0       40           0              0          0
07/07/26 14:12:50 15614 seconds since last log event
07/07/26 14:12:50 Pending DAG nodes:
07/07/26 14:12:50   Node COLLECT, HTCondor ID 170269, status STATUS_SUBMITTED
07/07/26 14:22:51 16215 seconds since last log event
07/07/26 14:22:51 Pending DAG nodes:
07/07/26 14:22:51   Node COLLECT, HTCondor ID 170269, status STATUS_SUBMITTED
07/07/26 14:26:31 Total jobs placed to AP: 40
07/07/26 14:26:31      Idle     Held     Running     Successful     Failed
07/07/26 14:26:31       ===      ===         ===            ===        ===
07/07/26 14:26:31         0       40           0              0          0
07/07/26 14:32:51 16815 seconds since last log event
07/07/26 14:32:51 Pending DAG nodes:
07/07/26 14:32:51   Node COLLECT, HTCondor ID 170269, status STATUS_SUBMITTED
07/07/26 14:41:32 Total jobs placed to AP: 40
07/07/26 14:41:32      Idle     Held     Running     Successful     Failed
07/07/26 14:41:32       ===      ===         ===            ===        ===
07/07/26 14:41:32         0       40           0              0          0
07/07/26 14:42:52 17416 seconds since last log event
07/07/26 14:42:52 Pending DAG nodes:
07/07/26 14:42:52   Node COLLECT, HTCondor ID 170269, status STATUS_SUBMITTED
07/07/26 14:52:53 18017 seconds since last log event
07/07/26 14:52:53 Pending DAG nodes:
07/07/26 14:52:53   Node COLLECT, HTCondor ID 170269, status STATUS_SUBMITTED
07/07/26 14:56:33 Total jobs placed to AP: 40
07/07/26 14:56:33      Idle     Held     Running     Successful     Failed
07/07/26 14:56:33       ===      ===         ===            ===        ===
07/07/26 14:56:33         0       40           0              0          0
07/07/26 15:02:53 18617 seconds since last log event
07/07/26 15:02:53 Pending DAG nodes:
07/07/26 15:02:53   Node COLLECT, HTCondor ID 170269, status STATUS_SUBMITTED
07/07/26 15:11:34 Total jobs placed to AP: 40
07/07/26 15:11:34      Idle     Held     Running     Successful     Failed
07/07/26 15:11:34       ===      ===         ===            ===        ===
07/07/26 15:11:34         0       40           0              0          0
07/07/26 15:12:54 19218 seconds since last log event
07/07/26 15:12:54 Pending DAG nodes:
07/07/26 15:12:54   Node COLLECT, HTCondor ID 170269, status STATUS_SUBMITTED
07/07/26 15:22:54 19818 seconds since last log event
07/07/26 15:22:54 Pending DAG nodes:
07/07/26 15:22:54   Node COLLECT, HTCondor ID 170269, status STATUS_SUBMITTED
07/07/26 15:26:34 Total jobs placed to AP: 40
07/07/26 15:26:34      Idle     Held     Running     Successful     Failed
07/07/26 15:26:34       ===      ===         ===            ===        ===
07/07/26 15:26:34         0       40           0              0          0
07/07/26 15:32:55 20419 seconds since last log event
07/07/26 15:32:55 Pending DAG nodes:
07/07/26 15:32:55   Node COLLECT, HTCondor ID 170269, status STATUS_SUBMITTED
07/07/26 15:41:35 Total jobs placed to AP: 40
07/07/26 15:41:35      Idle     Held     Running     Successful     Failed
07/07/26 15:41:35       ===      ===         ===            ===        ===
07/07/26 15:41:35         0       40           0              0          0
07/07/26 15:42:55 21019 seconds since last log event
07/07/26 15:42:55 Pending DAG nodes:
07/07/26 15:42:55   Node COLLECT, HTCondor ID 170269, status STATUS_SUBMITTED
07/07/26 15:52:56 21620 seconds since last log event
07/07/26 15:52:56 Pending DAG nodes:
07/07/26 15:52:56   Node COLLECT, HTCondor ID 170269, status STATUS_SUBMITTED
07/07/26 15:56:36 Total jobs placed to AP: 40
07/07/26 15:56:36      Idle     Held     Running     Successful     Failed
07/07/26 15:56:36       ===      ===         ===            ===        ===
07/07/26 15:56:36         0       40           0              0          0
07/07/26 16:02:56 22220 seconds since last log event
07/07/26 16:02:56 Pending DAG nodes:
07/07/26 16:02:56   Node COLLECT, HTCondor ID 170269, status STATUS_SUBMITTED
07/07/26 16:11:37 Total jobs placed to AP: 40
07/07/26 16:11:37      Idle     Held     Running     Successful     Failed
07/07/26 16:11:37       ===      ===         ===            ===        ===
07/07/26 16:11:37         0       40           0              0          0
07/07/26 16:12:57 22821 seconds since last log event
07/07/26 16:12:57 Pending DAG nodes:
07/07/26 16:12:57   Node COLLECT, HTCondor ID 170269, status STATUS_SUBMITTED
07/07/26 16:22:57 23421 seconds since last log event
07/07/26 16:22:57 Pending DAG nodes:
07/07/26 16:22:57   Node COLLECT, HTCondor ID 170269, status STATUS_SUBMITTED
07/07/26 16:26:38 Total jobs placed to AP: 40
07/07/26 16:26:38      Idle     Held     Running     Successful     Failed
07/07/26 16:26:38       ===      ===         ===            ===        ===
07/07/26 16:26:38         0       40           0              0          0
07/07/26 16:32:58 24022 seconds since last log event
07/07/26 16:32:58 Pending DAG nodes:
07/07/26 16:32:58   Node COLLECT, HTCondor ID 170269, status STATUS_SUBMITTED
07/07/26 16:41:38 Total jobs placed to AP: 40
07/07/26 16:41:38      Idle     Held     Running     Successful     Failed
07/07/26 16:41:38       ===      ===         ===            ===        ===
07/07/26 16:41:38         0       40           0              0          0
07/07/26 16:42:58 24622 seconds since last log event
07/07/26 16:42:58 Pending DAG nodes:
07/07/26 16:42:58   Node COLLECT, HTCondor ID 170269, status STATUS_SUBMITTED
07/07/26 16:52:59 25223 seconds since last log event
07/07/26 16:52:59 Pending DAG nodes:
07/07/26 16:52:59   Node COLLECT, HTCondor ID 170269, status STATUS_SUBMITTED
07/07/26 16:56:39 Total jobs placed to AP: 40
07/07/26 16:56:39      Idle     Held     Running     Successful     Failed
07/07/26 16:56:39       ===      ===         ===            ===        ===
07/07/26 16:56:39         0       40           0              0          0
07/07/26 17:03:00 25824 seconds since last log event
07/07/26 17:03:00 Pending DAG nodes:
07/07/26 17:03:00   Node COLLECT, HTCondor ID 170269, status STATUS_SUBMITTED
07/07/26 17:11:40 Total jobs placed to AP: 40
07/07/26 17:11:40      Idle     Held     Running     Successful     Failed
07/07/26 17:11:40       ===      ===         ===            ===        ===
07/07/26 17:11:40         0       40           0              0          0
07/07/26 17:13:00 26424 seconds since last log event
07/07/26 17:13:00 Pending DAG nodes:
07/07/26 17:13:00   Node COLLECT, HTCondor ID 170269, status STATUS_SUBMITTED
07/07/26 17:23:01 27025 seconds since last log event
07/07/26 17:23:01 Pending DAG nodes:
07/07/26 17:23:01   Node COLLECT, HTCondor ID 170269, status STATUS_SUBMITTED
07/07/26 17:26:41 Total jobs placed to AP: 40
07/07/26 17:26:41      Idle     Held     Running     Successful     Failed
07/07/26 17:26:41       ===      ===         ===            ===        ===
07/07/26 17:26:41         0       40           0              0          0
07/07/26 17:33:01 27625 seconds since last log event
07/07/26 17:33:01 Pending DAG nodes:
07/07/26 17:33:01   Node COLLECT, HTCondor ID 170269, status STATUS_SUBMITTED
07/07/26 17:41:42 Total jobs placed to AP: 40
07/07/26 17:41:42      Idle     Held     Running     Successful     Failed
07/07/26 17:41:42       ===      ===         ===            ===        ===
07/07/26 17:41:42         0       40           0              0          0
07/07/26 17:43:02 28226 seconds since last log event
07/07/26 17:43:02 Pending DAG nodes:
07/07/26 17:43:02   Node COLLECT, HTCondor ID 170269, status STATUS_SUBMITTED
07/07/26 17:53:02 28826 seconds since last log event
07/07/26 17:53:02 Pending DAG nodes:
07/07/26 17:53:02   Node COLLECT, HTCondor ID 170269, status STATUS_SUBMITTED
07/07/26 17:53:02 Querying local schedd for associated jobs in queue
07/07/26 17:53:02 All pending job states validated
07/07/26 17:56:42 Total jobs placed to AP: 40
07/07/26 17:56:42      Idle     Held     Running     Successful     Failed
07/07/26 17:56:42       ===      ===         ===            ===        ===
07/07/26 17:56:42         0       40           0              0          0
07/07/26 17:59:58 Currently monitoring 1 HTCondor log file(s)
07/07/26 17:59:58 Event: ULOG_JOB_ABORTED for HTCondor Node COLLECT (170269.0.0) {07/07/26 17:59:57}
07/07/26 17:59:58 Number of idle job procs: 39
07/07/26 17:59:58 Running: /usr/bin/condor_rm 170269 -const DAGManJobId==170260 -reason Node' 'Error:' 'DAG' 'node' 'COLLECT' '(170269.0.0)' 'got' 'ULOG_JOB_ABORTED' 'event.
07/07/26 17:59:58 DAG status: 0 (DAG_STATUS_OK)
07/07/26 17:59:58 Of 5 nodes total:
07/07/26 17:59:58  Done     Pre   Queued    Post   Ready   Un-Ready   Failed   Futile
07/07/26 17:59:58   ===     ===      ===     ===     ===        ===      ===      ===
07/07/26 17:59:58     0       0        1       0       0          4        0        0
07/07/26 17:59:58 39 job proc(s) currently held
07/07/26 17:59:58 DAGMan Runtime Statistics: [EventCycleTimeAvg=0.007; EventCycleTimeMax=20.457; EventCycleTimeMin=0.000; EventCycleTimeStd=0.285; EventCycleTimeSum=112.562; SleepCycleTimeAvg=5.013; SleepCycleTimeMax=27.568; SleepCycleTimeMin=4.003; SleepCycleTimeStd=0.327; SleepCycleTimeSum=84770.138; SubmitCycleTimeAvg=0.000; SubmitCycleTimeMax=0.743; SubmitCycleTimeMin=0.000; SubmitCycleTimeStd=0.006; SubmitCycleTimeSum=0.752; EventCycleTimeCount=16911.000; SleepCycleTimeCount=16911.000; SubmitCycleTimeCount=16912.000; LogProcessCycleTimeAvg=0.007; LogProcessCycleTimeMax=0.117; LogProcessCycleTimeMin=0.002; LogProcessCycleTimeStd=0.014; LogProcessCycleTimeSum=0.476; LogProcessCycleTimeCount=69.000; ]
07/07/26 18:01:02 ******************************************************
07/07/26 18:01:02 ** condor_scheduniv_exec.170260.0 (CONDOR_DAGMAN) STARTING UP
07/07/26 18:01:02 ** /usr/bin/condor_dagman
07/07/26 18:01:02 ** SubsystemInfo: name=DAGMAN type=DAGMAN(9) class=CLIENT(2)
07/07/26 18:01:02 ** Configuration: subsystem:DAGMAN local:<NONE> class:CLIENT
07/07/26 18:01:02 ** $CondorVersion: 24.12.19 2026-04-15 BuildID: 896241 PackageID: 24.12.19-1+deb12 GitSHA: c68f3e0e $
07/07/26 18:01:02 ** $CondorPlatform: X86_64-Debian_12 $
07/07/26 18:01:02 ** PID = 589476 RealUID = 1620002036
07/07/26 18:01:02 ** Log last touched 7/7 17:59:58
07/07/26 18:01:02 ******************************************************
07/07/26 18:01:02 Using config source: /etc/condor/condor_config
07/07/26 18:01:02 Using local config sources: 
07/07/26 18:01:02    /etc/condor/config.d/01-submit.conf
07/07/26 18:01:02    /etc/condor/config.d/10-stash-plugin.conf
07/07/26 18:01:02    /etc/condor/config.d/23-network.config
07/07/26 18:01:02    /etc/condor/config.d/31-mail.conf
07/07/26 18:01:02    /etc/condor/config.d/35-cc-sync.conf
07/07/26 18:01:02    /etc/condor/config.d/41-periodic-remove.conf
07/07/26 18:01:02    /etc/condor/config.d/49-common.conf
07/07/26 18:01:02    /etc/condor/config.d/52-group-mapping.conf
07/07/26 18:01:02    /etc/condor/config.d/54-container.conf
07/07/26 18:01:02    /etc/condor/config.d/67-submit-transforms.conf
07/07/26 18:01:02    /etc/condor/config.d/71-submit-requirements.conf
07/07/26 18:01:02    /etc/condor/condor_config.local
07/07/26 18:01:02 config Macros = 110, Sorted = 110, StringBytes = 6396, TablesBytes = 4088
07/07/26 18:01:02 CLASSAD_CACHING is ENABLED
07/07/26 18:01:02 Daemon Log is logging: D_ALWAYS D_ERROR D_STATUS
07/07/26 18:01:02 Daemoncore: Listening at <0.0.0.0:2085> on TCP (ReliSock) and UDP (SafeSock).
07/07/26 18:01:02 DaemonCore: command socket at <10.143.248.60:2085?addrs=10.143.248.60-2085&alias=conduit.hpc.uni-saarland.de>
07/07/26 18:01:02 DaemonCore: private command socket at <10.143.248.60:2085?addrs=10.143.248.60-2085&alias=conduit.hpc.uni-saarland.de>
07/07/26 18:01:02 DAGMAN_USE_STRICT setting: 1
07/07/26 18:01:02 DAGMAN_VERBOSITY setting: 3
07/07/26 18:01:02 DAGMAN_DEBUG_CACHE_SIZE setting: 5242880
07/07/26 18:01:02 DAGMAN_DEBUG_CACHE_ENABLE setting: False
07/07/26 18:01:02 DAGMAN_SUBMIT_DELAY setting: 0
07/07/26 18:01:02 DAGMAN_MAX_SUBMIT_ATTEMPTS setting: 6
07/07/26 18:01:02 DAGMAN_STARTUP_CYCLE_DETECT setting: False
07/07/26 18:01:02 DAGMAN_USE_JOIN_NODES setting: True
07/07/26 18:01:02 DAGMAN_REPORT_GRAPH_METRICS setting: False
07/07/26 18:01:02 DAGMAN_MAX_SUBMITS_PER_INTERVAL setting: 100
07/07/26 18:01:02 DAGMAN_AGGRESSIVE_SUBMIT setting: False
07/07/26 18:01:02 DAGMAN_USER_LOG_SCAN_INTERVAL setting: 5
07/07/26 18:01:02 DAGMAN_QUEUE_UPDATE_INTERVAL setting: 300.000000
07/07/26 18:01:02 DAGMAN_DEFAULT_PRIORITY setting: 0
07/07/26 18:01:02 DAGMAN_SUPPRESS_NOTIFICATION setting: False
07/07/26 18:01:02 allow_events (DAGMAN_ALLOW_EVENTS) setting: 114
07/07/26 18:01:02 DAGMAN_RETRY_SUBMIT_FIRST setting: True
07/07/26 18:01:02 DAGMAN_RETRY_NODE_FIRST setting: False
07/07/26 18:01:02 DAGMAN_MAX_JOBS_IDLE setting: 1000
07/07/26 18:01:02 DAGMAN_MAX_JOBS_SUBMITTED setting: 0
07/07/26 18:01:02 DAGMAN_MAX_PRE_SCRIPTS setting: 20
07/07/26 18:01:02 DAGMAN_MAX_POST_SCRIPTS setting: 20
07/07/26 18:01:02 DAGMAN_MAX_HOLD_SCRIPTS setting: 20
07/07/26 18:01:02 DAGMAN_MUNGE_NODE_NAMES setting: True
07/07/26 18:01:02 DAGMAN_ALLOW_ANY_NODE_NAME_CHARACTERS setting: False
07/07/26 18:01:02 DAGMAN_PROHIBIT_MULTI_JOBS setting: False
07/07/26 18:01:02 DAGMAN_SUBMIT_DEPTH_FIRST setting: False
07/07/26 18:01:02 DAGMAN_ALWAYS_RUN_POST setting: False
07/07/26 18:01:02 DAGMAN_CONDOR_SUBMIT_EXE setting: /usr/bin/condor_submit
07/07/26 18:01:02 DAGMAN_CONDOR_RM_EXE setting: /usr/bin/condor_rm
07/07/26 18:01:02 DAGMAN_USE_DIRECT_SUBMIT setting: True
07/07/26 18:01:02 DAGMAN_PRODUCE_JOB_CREDENTIALS setting: True
07/07/26 18:01:02 DAGMAN_DEFAULT_APPEND_VARS setting: False
07/07/26 18:01:02 DAGMAN_INHERIT_ATTRS_PREFIX setting: 
07/07/26 18:01:02 DAGMAN_INHERIT_ATTRS setting: 
07/07/26 18:01:02 DAGMAN_ABORT_DUPLICATES setting: True
07/07/26 18:01:02 DAGMAN_ABORT_ON_SCARY_SUBMIT setting: True
07/07/26 18:01:02 DAGMAN_PENDING_REPORT_INTERVAL setting: 600
07/07/26 18:01:02 DAGMAN_CHECK_QUEUE_INTERVAL setting: 28800
07/07/26 18:01:02 DAGMAN_PRINT_JOB_TABLE_INTERVAL setting: 900
07/07/26 18:01:02 DAGMAN_AUTO_RESCUE setting: True
07/07/26 18:01:02 DAGMAN_MAX_RESCUE_NUM setting: 100
07/07/26 18:01:02 DAGMAN_WRITE_PARTIAL_RESCUE setting: True
07/07/26 18:01:02 DAGMAN_RESET_RETRIES_UPON_RESCUE setting: True
07/07/26 18:01:02 DAGMAN_METRICS_FILE_VERSION setting: 2
07/07/26 18:01:02 DAGMAN_DEFAULT_NODE_LOG setting: @(DAG_DIR)/@(DAG_FILE).nodes.log
07/07/26 18:01:02 DAGMAN_LOG_ON_NFS_IS_ERROR setting: False
07/07/26 18:01:02 DAGMAN_GENERATE_SUBDAG_SUBMITS setting: True
07/07/26 18:01:02 DAGMAN_MAX_JOB_HOLDS setting: 100
07/07/26 18:01:02 DAGMAN_NODE_JOB_FAILURE_TOLERANCE setting: 0
07/07/26 18:01:02 DAGMAN_HOLD_CLAIM_TIME setting: 20
07/07/26 18:01:02 DAGMAN_SUPPRESS_JOB_LOGS setting: False
07/07/26 18:01:02 DAGMAN_REMOVE_NODE_JOBS setting: True
07/07/26 18:01:02 DAGMAN_PUT_FAILED_JOBS_ON_HOLD setting: False
07/07/26 18:01:02 DAGMAN_REMOVE_JOBS_AFTER_LIMIT_CHANGE setting: False
07/07/26 18:01:02 DAGMAN will adjust edges after parsing
07/07/26 18:01:02 argv[0] == "condor_scheduniv_exec.170260.0"
07/07/26 18:01:02 argv[1] == "-Lockfile"
07/07/26 18:01:02 argv[2] == "one_way_line_det_one_way_line_40_25_action_shield.dag.lock"
07/07/26 18:01:02 argv[3] == "-Dag"
07/07/26 18:01:02 argv[4] == "one_way_line_det_one_way_line_40_25_action_shield.dag"
07/07/26 18:01:02 argv[5] == "-CsdVersion"
07/07/26 18:01:02 argv[6] == "$CondorVersion: 24.12.19 2026-04-15 BuildID: 896241 PackageID: 24.12.19-1+deb12 GitSHA: c68f3e0e $"
07/07/26 18:01:02 argv[7] == "-dagman"
07/07/26 18:01:02 argv[8] == "/usr/bin/condor_dagman"
07/07/26 18:01:02 argv[9] == "-AutoRescue"
07/07/26 18:01:02 argv[10] == "1"
07/07/26 18:01:02 argv[11] == "-DoRescueFrom"
07/07/26 18:01:02 argv[12] == "0"
07/07/26 18:01:02 Can't open directory "/etc/condor/passwords.d" as PRIV_ROOT, errno: 13 (Permission denied)
07/07/26 18:01:02 Can't open directory "/etc/condor/passwords.d" as PRIV_ROOT, errno: 13 (Permission denied)
07/07/26 18:01:05 Workflow batch-id: <170260.0>
07/07/26 18:01:05 Workflow batch-name: <one_way_line_det_one_way_line_40_25_action_shield.dag+170260>
07/07/26 18:01:05 Workflow accounting_group: <teaching>
07/07/26 18:01:05 Workflow accounting_group_user: <atml_team041>
07/07/26 18:01:05 Warning: failed to get attribute DAGNodeName
07/07/26 18:01:05 Default node log file is: </home/atml_team041/condor_tutorial/jani_env/experiments/repair_wo_domain/submissions/action_shield/one_way_line_det/./one_way_line_det_one_way_line_40_25_action_shield.dag.nodes.log>
07/07/26 18:01:05 DAG Lockfile will be written to one_way_line_det_one_way_line_40_25_action_shield.dag.lock
07/07/26 18:01:05 DAG Input file is one_way_line_det_one_way_line_40_25_action_shield.dag
07/07/26 18:01:05 Parsing 1 dagfiles
07/07/26 18:01:05 Parsing one_way_line_det_one_way_line_40_25_action_shield.dag ...
07/07/26 18:01:05 Adjusting edges
07/07/26 18:01:05 Dag contains 5 total nodes
07/07/26 18:01:05 Lock file one_way_line_det_one_way_line_40_25_action_shield.dag.lock detected,
07/07/26 18:01:05 Duplicate DAGMan PID 42714 is no longer alive; this DAGMan should continue.
07/07/26 18:01:05 Bootstrapping...
07/07/26 18:01:05 Number of pre-completed nodes: 0
07/07/26 18:01:05 Running in RECOVERY mode... >>>>>>>>>>>>>>>>>>>>>>>>>>>>>>
07/07/26 18:01:05 Currently monitoring 1 HTCondor log file(s)
07/07/26 18:01:05 Event: ULOG_SUBMIT for HTCondor Node COLLECT (170269.0.0) {07/06/26 18:25:15} [recovery mode]
07/07/26 18:01:05 Number of idle job procs: 1
07/07/26 18:01:05 Reassigning the id of job COLLECT from (170269.0.0) to (170269.1.0)
07/07/26 18:01:05 Event: ULOG_SUBMIT for HTCondor Node COLLECT (170269.1.0) {07/06/26 18:25:15} [recovery mode]
07/07/26 18:01:05 Number of idle job procs: 2
07/07/26 18:01:05 Reassigning the id of job COLLECT from (170269.1.0) to (170269.10.0)
07/07/26 18:01:05 Event: ULOG_SUBMIT for HTCondor Node COLLECT (170269.10.0) {07/06/26 18:25:15} [recovery mode]
07/07/26 18:01:05 Number of idle job procs: 3
07/07/26 18:01:05 Reassigning the id of job COLLECT from (170269.10.0) to (170269.11.0)
07/07/26 18:01:05 Event: ULOG_SUBMIT for HTCondor Node COLLECT (170269.11.0) {07/06/26 18:25:15} [recovery mode]
07/07/26 18:01:05 Number of idle job procs: 4
07/07/26 18:01:05 Reassigning the id of job COLLECT from (170269.11.0) to (170269.12.0)
07/07/26 18:01:05 Event: ULOG_SUBMIT for HTCondor Node COLLECT (170269.12.0) {07/06/26 18:25:15} [recovery mode]
07/07/26 18:01:05 Number of idle job procs: 5
07/07/26 18:01:05 Reassigning the id of job COLLECT from (170269.12.0) to (170269.13.0)
07/07/26 18:01:05 Event: ULOG_SUBMIT for HTCondor Node COLLECT (170269.13.0) {07/06/26 18:25:15} [recovery mode]
07/07/26 18:01:05 Number of idle job procs: 6
07/07/26 18:01:05 Reassigning the id of job COLLECT from (170269.13.0) to (170269.14.0)
07/07/26 18:01:05 Event: ULOG_SUBMIT for HTCondor Node COLLECT (170269.14.0) {07/06/26 18:25:15} [recovery mode]
07/07/26 18:01:05 Number of idle job procs: 7
07/07/26 18:01:05 Reassigning the id of job COLLECT from (170269.14.0) to (170269.15.0)
07/07/26 18:01:05 Event: ULOG_SUBMIT for HTCondor Node COLLECT (170269.15.0) {07/06/26 18:25:15} [recovery mode]
07/07/26 18:01:05 Number of idle job procs: 8
07/07/26 18:01:05 Reassigning the id of job COLLECT from (170269.15.0) to (170269.16.0)
07/07/26 18:01:05 Event: ULOG_SUBMIT for HTCondor Node COLLECT (170269.16.0) {07/06/26 18:25:15} [recovery mode]
07/07/26 18:01:05 Number of idle job procs: 9
07/07/26 18:01:05 Reassigning the id of job COLLECT from (170269.16.0) to (170269.17.0)
07/07/26 18:01:05 Event: ULOG_SUBMIT for HTCondor Node COLLECT (170269.17.0) {07/06/26 18:25:15} [recovery mode]
07/07/26 18:01:05 Number of idle job procs: 10
07/07/26 18:01:05 Reassigning the id of job COLLECT from (170269.17.0) to (170269.18.0)
07/07/26 18:01:05 Event: ULOG_SUBMIT for HTCondor Node COLLECT (170269.18.0) {07/06/26 18:25:15} [recovery mode]
07/07/26 18:01:05 Number of idle job procs: 11
07/07/26 18:01:05 Reassigning the id of job COLLECT from (170269.18.0) to (170269.19.0)
07/07/26 18:01:05 Event: ULOG_SUBMIT for HTCondor Node COLLECT (170269.19.0) {07/06/26 18:25:15} [recovery mode]
07/07/26 18:01:05 Number of idle job procs: 12
07/07/26 18:01:05 Reassigning the id of job COLLECT from (170269.19.0) to (170269.2.0)
07/07/26 18:01:05 Event: ULOG_SUBMIT for HTCondor Node COLLECT (170269.2.0) {07/06/26 18:25:15} [recovery mode]
07/07/26 18:01:05 Number of idle job procs: 13
07/07/26 18:01:05 Reassigning the id of job COLLECT from (170269.2.0) to (170269.20.0)
07/07/26 18:01:05 Event: ULOG_SUBMIT for HTCondor Node COLLECT (170269.20.0) {07/06/26 18:25:15} [recovery mode]
07/07/26 18:01:05 Number of idle job procs: 14
07/07/26 18:01:05 Reassigning the id of job COLLECT from (170269.20.0) to (170269.21.0)
07/07/26 18:01:05 Event: ULOG_SUBMIT for HTCondor Node COLLECT (170269.21.0) {07/06/26 18:25:15} [recovery mode]
07/07/26 18:01:05 Number of idle job procs: 15
07/07/26 18:01:05 Reassigning the id of job COLLECT from (170269.21.0) to (170269.22.0)
07/07/26 18:01:05 Event: ULOG_SUBMIT for HTCondor Node COLLECT (170269.22.0) {07/06/26 18:25:15} [recovery mode]
07/07/26 18:01:05 Number of idle job procs: 16
07/07/26 18:01:05 Reassigning the id of job COLLECT from (170269.22.0) to (170269.23.0)
07/07/26 18:01:05 Event: ULOG_SUBMIT for HTCondor Node COLLECT (170269.23.0) {07/06/26 18:25:15} [recovery mode]
07/07/26 18:01:05 Number of idle job procs: 17
07/07/26 18:01:05 Reassigning the id of job COLLECT from (170269.23.0) to (170269.24.0)
07/07/26 18:01:05 Event: ULOG_SUBMIT for HTCondor Node COLLECT (170269.24.0) {07/06/26 18:25:15} [recovery mode]
07/07/26 18:01:05 Number of idle job procs: 18
07/07/26 18:01:05 Reassigning the id of job COLLECT from (170269.24.0) to (170269.25.0)
07/07/26 18:01:05 Event: ULOG_SUBMIT for HTCondor Node COLLECT (170269.25.0) {07/06/26 18:25:15} [recovery mode]
07/07/26 18:01:05 Number of idle job procs: 19
07/07/26 18:01:05 Reassigning the id of job COLLECT from (170269.25.0) to (170269.26.0)
07/07/26 18:01:05 Event: ULOG_SUBMIT for HTCondor Node COLLECT (170269.26.0) {07/06/26 18:25:15} [recovery mode]
07/07/26 18:01:05 Number of idle job procs: 20
07/07/26 18:01:05 Reassigning the id of job COLLECT from (170269.26.0) to (170269.27.0)
07/07/26 18:01:05 Event: ULOG_SUBMIT for HTCondor Node COLLECT (170269.27.0) {07/06/26 18:25:15} [recovery mode]
07/07/26 18:01:05 Number of idle job procs: 21
07/07/26 18:01:05 Reassigning the id of job COLLECT from (170269.27.0) to (170269.28.0)
07/07/26 18:01:05 Event: ULOG_SUBMIT for HTCondor Node COLLECT (170269.28.0) {07/06/26 18:25:15} [recovery mode]
07/07/26 18:01:05 Number of idle job procs: 22
07/07/26 18:01:05 Reassigning the id of job COLLECT from (170269.28.0) to (170269.29.0)
07/07/26 18:01:05 Event: ULOG_SUBMIT for HTCondor Node COLLECT (170269.29.0) {07/06/26 18:25:15} [recovery mode]
07/07/26 18:01:05 Number of idle job procs: 23
07/07/26 18:01:05 Reassigning the id of job COLLECT from (170269.29.0) to (170269.3.0)
07/07/26 18:01:05 Event: ULOG_SUBMIT for HTCondor Node COLLECT (170269.3.0) {07/06/26 18:25:15} [recovery mode]
07/07/26 18:01:05 Number of idle job procs: 24
07/07/26 18:01:05 Reassigning the id of job COLLECT from (170269.3.0) to (170269.30.0)
07/07/26 18:01:05 Event: ULOG_SUBMIT for HTCondor Node COLLECT (170269.30.0) {07/06/26 18:25:15} [recovery mode]
07/07/26 18:01:05 Number of idle job procs: 25
07/07/26 18:01:05 Reassigning the id of job COLLECT from (170269.30.0) to (170269.31.0)
07/07/26 18:01:05 Event: ULOG_SUBMIT for HTCondor Node COLLECT (170269.31.0) {07/06/26 18:25:15} [recovery mode]
07/07/26 18:01:05 Number of idle job procs: 26
07/07/26 18:01:05 Reassigning the id of job COLLECT from (170269.31.0) to (170269.32.0)
07/07/26 18:01:05 Event: ULOG_SUBMIT for HTCondor Node COLLECT (170269.32.0) {07/06/26 18:25:15} [recovery mode]
07/07/26 18:01:05 Number of idle job procs: 27
07/07/26 18:01:05 Reassigning the id of job COLLECT from (170269.32.0) to (170269.33.0)
07/07/26 18:01:05 Event: ULOG_SUBMIT for HTCondor Node COLLECT (170269.33.0) {07/06/26 18:25:15} [recovery mode]
07/07/26 18:01:05 Number of idle job procs: 28
07/07/26 18:01:05 Reassigning the id of job COLLECT from (170269.33.0) to (170269.34.0)
07/07/26 18:01:05 Event: ULOG_SUBMIT for HTCondor Node COLLECT (170269.34.0) {07/06/26 18:25:15} [recovery mode]
07/07/26 18:01:05 Number of idle job procs: 29
07/07/26 18:01:05 Reassigning the id of job COLLECT from (170269.34.0) to (170269.35.0)
07/07/26 18:01:05 Event: ULOG_SUBMIT for HTCondor Node COLLECT (170269.35.0) {07/06/26 18:25:15} [recovery mode]
07/07/26 18:01:05 Number of idle job procs: 30
07/07/26 18:01:05 Reassigning the id of job COLLECT from (170269.35.0) to (170269.36.0)
07/07/26 18:01:05 Event: ULOG_SUBMIT for HTCondor Node COLLECT (170269.36.0) {07/06/26 18:25:15} [recovery mode]
07/07/26 18:01:05 Number of idle job procs: 31
07/07/26 18:01:05 Reassigning the id of job COLLECT from (170269.36.0) to (170269.37.0)
07/07/26 18:01:05 Event: ULOG_SUBMIT for HTCondor Node COLLECT (170269.37.0) {07/06/26 18:25:15} [recovery mode]
07/07/26 18:01:05 Number of idle job procs: 32
07/07/26 18:01:05 Reassigning the id of job COLLECT from (170269.37.0) to (170269.38.0)
07/07/26 18:01:05 Event: ULOG_SUBMIT for HTCondor Node COLLECT (170269.38.0) {07/06/26 18:25:15} [recovery mode]
07/07/26 18:01:05 Number of idle job procs: 33
07/07/26 18:01:05 Reassigning the id of job COLLECT from (170269.38.0) to (170269.39.0)
07/07/26 18:01:05 Event: ULOG_SUBMIT for HTCondor Node COLLECT (170269.39.0) {07/06/26 18:25:15} [recovery mode]
07/07/26 18:01:05 Number of idle job procs: 34
07/07/26 18:01:05 Reassigning the id of job COLLECT from (170269.39.0) to (170269.4.0)
07/07/26 18:01:05 Event: ULOG_SUBMIT for HTCondor Node COLLECT (170269.4.0) {07/06/26 18:25:15} [recovery mode]
07/07/26 18:01:05 Number of idle job procs: 35
07/07/26 18:01:05 Reassigning the id of job COLLECT from (170269.4.0) to (170269.5.0)
07/07/26 18:01:05 Event: ULOG_SUBMIT for HTCondor Node COLLECT (170269.5.0) {07/06/26 18:25:15} [recovery mode]
07/07/26 18:01:05 Number of idle job procs: 36
07/07/26 18:01:05 Reassigning the id of job COLLECT from (170269.5.0) to (170269.6.0)
07/07/26 18:01:05 Event: ULOG_SUBMIT for HTCondor Node COLLECT (170269.6.0) {07/06/26 18:25:15} [recovery mode]
07/07/26 18:01:05 Number of idle job procs: 37
07/07/26 18:01:05 Reassigning the id of job COLLECT from (170269.6.0) to (170269.7.0)
07/07/26 18:01:05 Event: ULOG_SUBMIT for HTCondor Node COLLECT (170269.7.0) {07/06/26 18:25:15} [recovery mode]
07/07/26 18:01:05 Number of idle job procs: 38
07/07/26 18:01:05 Reassigning the id of job COLLECT from (170269.7.0) to (170269.8.0)
07/07/26 18:01:05 Event: ULOG_SUBMIT for HTCondor Node COLLECT (170269.8.0) {07/06/26 18:25:15} [recovery mode]
07/07/26 18:01:05 Number of idle job procs: 39
07/07/26 18:01:05 Reassigning the id of job COLLECT from (170269.8.0) to (170269.9.0)
07/07/26 18:01:05 Event: ULOG_SUBMIT for HTCondor Node COLLECT (170269.9.0) {07/06/26 18:25:15} [recovery mode]
07/07/26 18:01:05 Number of idle job procs: 40
07/07/26 18:01:05 Event: ULOG_EXECUTE for HTCondor Node COLLECT (170269.0.0) {07/07/26 05:59:40} [recovery mode]
07/07/26 18:01:05 Number of idle job procs: 39
07/07/26 18:01:05 Event: ULOG_EXECUTE for HTCondor Node COLLECT (170269.1.0) {07/07/26 06:00:41} [recovery mode]
07/07/26 18:01:05 Number of idle job procs: 38
07/07/26 18:01:05 Event: ULOG_EXECUTE for HTCondor Node COLLECT (170269.2.0) {07/07/26 06:02:41} [recovery mode]
07/07/26 18:01:05 Number of idle job procs: 37
07/07/26 18:01:05 Event: ULOG_EXECUTE for HTCondor Node COLLECT (170269.3.0) {07/07/26 06:04:40} [recovery mode]
07/07/26 18:01:05 Number of idle job procs: 36
07/07/26 18:01:05 Event: ULOG_EXECUTE for HTCondor Node COLLECT (170269.4.0) {07/07/26 06:05:41} [recovery mode]
07/07/26 18:01:05 Number of idle job procs: 35
07/07/26 18:01:05 Event: ULOG_EXECUTE for HTCondor Node COLLECT (170269.5.0) {07/07/26 06:06:41} [recovery mode]
07/07/26 18:01:05 Number of idle job procs: 34
07/07/26 18:01:05 Event: ULOG_EXECUTE for HTCondor Node COLLECT (170269.6.0) {07/07/26 06:19:41} [recovery mode]
07/07/26 18:01:05 Number of idle job procs: 33
07/07/26 18:01:05 Event: ULOG_EXECUTE for HTCondor Node COLLECT (170269.7.0) {07/07/26 06:21:40} [recovery mode]
07/07/26 18:01:05 Number of idle job procs: 32
07/07/26 18:01:05 Event: ULOG_EXECUTE for HTCondor Node COLLECT (170269.8.0) {07/07/26 06:21:40} [recovery mode]
07/07/26 18:01:05 Number of idle job procs: 31
07/07/26 18:01:05 Event: ULOG_EXECUTE for HTCondor Node COLLECT (170269.9.0) {07/07/26 06:22:40} [recovery mode]
07/07/26 18:01:05 Number of idle job procs: 30
07/07/26 18:01:05 Event: ULOG_EXECUTE for HTCondor Node COLLECT (170269.10.0) {07/07/26 06:24:41} [recovery mode]
07/07/26 18:01:05 Number of idle job procs: 29
07/07/26 18:01:05 Event: ULOG_EXECUTE for HTCondor Node COLLECT (170269.11.0) {07/07/26 06:24:41} [recovery mode]
07/07/26 18:01:05 Number of idle job procs: 28
07/07/26 18:01:05 Event: ULOG_EXECUTE for HTCondor Node COLLECT (170269.12.0) {07/07/26 06:46:01} [recovery mode]
07/07/26 18:01:05 Number of idle job procs: 27
07/07/26 18:01:05 Event: ULOG_EXECUTE for HTCondor Node COLLECT (170269.14.0) {07/07/26 06:49:01} [recovery mode]
07/07/26 18:01:05 Number of idle job procs: 26
07/07/26 18:01:05 Event: ULOG_EXECUTE for HTCondor Node COLLECT (170269.13.0) {07/07/26 06:49:01} [recovery mode]
07/07/26 18:01:05 Number of idle job procs: 25
07/07/26 18:01:05 Event: ULOG_EXECUTE for HTCondor Node COLLECT (170269.15.0) {07/07/26 06:49:01} [recovery mode]
07/07/26 18:01:05 Number of idle job procs: 24
07/07/26 18:01:05 Event: ULOG_EXECUTE for HTCondor Node COLLECT (170269.16.0) {07/07/26 06:50:02} [recovery mode]
07/07/26 18:01:05 Number of idle job procs: 23
07/07/26 18:01:05 Event: ULOG_EXECUTE for HTCondor Node COLLECT (170269.18.0) {07/07/26 06:57:02} [recovery mode]
07/07/26 18:01:05 Number of idle job procs: 22
07/07/26 18:01:05 Event: ULOG_EXECUTE for HTCondor Node COLLECT (170269.17.0) {07/07/26 06:57:02} [recovery mode]
07/07/26 18:01:05 Number of idle job procs: 21
07/07/26 18:01:05 Event: ULOG_EXECUTE for HTCondor Node COLLECT (170269.19.0) {07/07/26 07:00:03} [recovery mode]
07/07/26 18:01:05 Number of idle job procs: 20
07/07/26 18:01:05 Event: ULOG_EXECUTE for HTCondor Node COLLECT (170269.20.0) {07/07/26 07:03:03} [recovery mode]
07/07/26 18:01:05 Number of idle job procs: 19
07/07/26 18:01:05 Event: ULOG_EXECUTE for HTCondor Node COLLECT (170269.21.0) {07/07/26 07:03:03} [recovery mode]
07/07/26 18:01:05 Number of idle job procs: 18
07/07/26 18:01:05 Event: ULOG_EXECUTE for HTCondor Node COLLECT (170269.22.0) {07/07/26 07:07:03} [recovery mode]
07/07/26 18:01:05 Number of idle job procs: 17
07/07/26 18:01:05 Event: ULOG_EXECUTE for HTCondor Node COLLECT (170269.23.0) {07/07/26 07:09:02} [recovery mode]
07/07/26 18:01:05 Number of idle job procs: 16
07/07/26 18:01:05 Event: ULOG_EXECUTE for HTCondor Node COLLECT (170269.24.0) {07/07/26 07:09:02} [recovery mode]
07/07/26 18:01:05 Number of idle job procs: 15
07/07/26 18:01:05 Event: ULOG_EXECUTE for HTCondor Node COLLECT (170269.25.0) {07/07/26 07:12:03} [recovery mode]
07/07/26 18:01:05 Number of idle job procs: 14
07/07/26 18:01:05 Event: ULOG_JOB_EVICTED for HTCondor Node COLLECT (170269.0.0) {07/07/26 07:16:51} [recovery mode]
07/07/26 18:01:05 Number of idle job procs: 15
07/07/26 18:01:05 Event: ULOG_JOB_HELD for HTCondor Node COLLECT (170269.0.0) {07/07/26 07:16:51} [recovery mode]
07/07/26 18:01:05   Hold reason: Error from teaching4@uller.hpc.uni-saarland.de: Docker job has gone over memory limit of 73692 Mb
07/07/26 18:01:05 Number of idle job procs: 15
07/07/26 18:01:05 Event: ULOG_EXECUTE for HTCondor Node COLLECT (170269.26.0) {07/07/26 07:28:02} [recovery mode]
07/07/26 18:01:05 Number of idle job procs: 14
07/07/26 18:01:05 Event: ULOG_JOB_EVICTED for HTCondor Node COLLECT (170269.4.0) {07/07/26 07:41:02} [recovery mode]
07/07/26 18:01:05 Number of idle job procs: 15
07/07/26 18:01:05 Event: ULOG_JOB_HELD for HTCondor Node COLLECT (170269.4.0) {07/07/26 07:41:02} [recovery mode]
07/07/26 18:01:05   Hold reason: Error from teaching5@thera.hpc.uni-saarland.de: Docker job has gone over memory limit of 96737 Mb
07/07/26 18:01:05 Number of idle job procs: 15
07/07/26 18:01:05 Event: ULOG_JOB_EVICTED for HTCondor Node COLLECT (170269.3.0) {07/07/26 07:41:43} [recovery mode]
07/07/26 18:01:05 Number of idle job procs: 16
07/07/26 18:01:05 Event: ULOG_JOB_HELD for HTCondor Node COLLECT (170269.3.0) {07/07/26 07:41:43} [recovery mode]
07/07/26 18:01:05   Hold reason: Error from teaching5@tenos.hpc.uni-saarland.de: Docker job has gone over memory limit of 96737 Mb
07/07/26 18:01:05 Number of idle job procs: 16
07/07/26 18:01:05 Event: ULOG_JOB_EVICTED for HTCondor Node COLLECT (170269.5.0) {07/07/26 07:43:15} [recovery mode]
07/07/26 18:01:05 Number of idle job procs: 17
07/07/26 18:01:05 Event: ULOG_JOB_HELD for HTCondor Node COLLECT (170269.5.0) {07/07/26 07:43:15} [recovery mode]
07/07/26 18:01:05   Hold reason: Error from teaching1@tenos.hpc.uni-saarland.de: Docker job has gone over memory limit of 96737 Mb
07/07/26 18:01:05 Number of idle job procs: 17
07/07/26 18:01:05 Event: ULOG_JOB_EVICTED for HTCondor Node COLLECT (170269.1.0) {07/07/26 07:44:38} [recovery mode]
07/07/26 18:01:05 Number of idle job procs: 18
07/07/26 18:01:05 Event: ULOG_JOB_HELD for HTCondor Node COLLECT (170269.1.0) {07/07/26 07:44:38} [recovery mode]
07/07/26 18:01:05   Hold reason: Error from teaching6@thera.hpc.uni-saarland.de: Docker job has gone over memory limit of 96737 Mb
07/07/26 18:01:05 Number of idle job procs: 18
07/07/26 18:01:05 Event: ULOG_JOB_EVICTED for HTCondor Node COLLECT (170269.16.0) {07/07/26 07:46:04} [recovery mode]
07/07/26 18:01:05 Number of idle job procs: 19
07/07/26 18:01:05 Event: ULOG_JOB_HELD for HTCondor Node COLLECT (170269.16.0) {07/07/26 07:46:04} [recovery mode]
07/07/26 18:01:05   Hold reason: Error from teaching4@lofn.hpc.uni-saarland.de: Docker job has gone over memory limit of 64480 Mb
07/07/26 18:01:05 Number of idle job procs: 19
07/07/26 18:01:05 Event: ULOG_JOB_EVICTED for HTCondor Node COLLECT (170269.2.0) {07/07/26 07:46:22} [recovery mode]
07/07/26 18:01:05 Number of idle job procs: 20
07/07/26 18:01:06 Event: ULOG_JOB_HELD for HTCondor Node COLLECT (170269.2.0) {07/07/26 07:46:22} [recovery mode]
07/07/26 18:01:06   Hold reason: Error from teaching2@tenos.hpc.uni-saarland.de: Docker job has gone over memory limit of 96737 Mb
07/07/26 18:01:06 Number of idle job procs: 20
07/07/26 18:01:06 Event: ULOG_JOB_EVICTED for HTCondor Node COLLECT (170269.15.0) {07/07/26 07:52:33} [recovery mode]
07/07/26 18:01:06 Number of idle job procs: 21
07/07/26 18:01:06 Event: ULOG_JOB_HELD for HTCondor Node COLLECT (170269.15.0) {07/07/26 07:52:33} [recovery mode]
07/07/26 18:01:06   Hold reason: Error from teaching4@idun.hpc.uni-saarland.de: Docker job has gone over memory limit of 64480 Mb
07/07/26 18:01:06 Number of idle job procs: 21
07/07/26 18:01:06 Event: ULOG_EXECUTE for HTCondor Node COLLECT (170269.27.0) {07/07/26 07:53:03} [recovery mode]
07/07/26 18:01:06 Number of idle job procs: 20
07/07/26 18:01:06 Event: ULOG_EXECUTE for HTCondor Node COLLECT (170269.28.0) {07/07/26 07:53:03} [recovery mode]
07/07/26 18:01:06 Number of idle job procs: 19
07/07/26 18:01:06 Event: ULOG_JOB_EVICTED for HTCondor Node COLLECT (170269.13.0) {07/07/26 07:55:02} [recovery mode]
07/07/26 18:01:06 Number of idle job procs: 20
07/07/26 18:01:06 Event: ULOG_JOB_HELD for HTCondor Node COLLECT (170269.13.0) {07/07/26 07:55:02} [recovery mode]
07/07/26 18:01:06   Hold reason: Error from teaching7@lofn.hpc.uni-saarland.de: Docker job has gone over memory limit of 64480 Mb
07/07/26 18:01:06 Number of idle job procs: 20
07/07/26 18:01:06 Event: ULOG_EXECUTE for HTCondor Node COLLECT (170269.29.0) {07/07/26 07:55:02} [recovery mode]
07/07/26 18:01:06 Number of idle job procs: 19
07/07/26 18:01:06 Event: ULOG_EXECUTE for HTCondor Node COLLECT (170269.30.0) {07/07/26 07:56:03} [recovery mode]
07/07/26 18:01:06 Number of idle job procs: 18
07/07/26 18:01:06 Event: ULOG_EXECUTE for HTCondor Node COLLECT (170269.31.0) {07/07/26 07:57:03} [recovery mode]
07/07/26 18:01:06 Number of idle job procs: 17
07/07/26 18:01:06 Event: ULOG_EXECUTE for HTCondor Node COLLECT (170269.32.0) {07/07/26 07:58:03} [recovery mode]
07/07/26 18:01:06 Number of idle job procs: 16
07/07/26 18:01:06 Event: ULOG_JOB_EVICTED for HTCondor Node COLLECT (170269.14.0) {07/07/26 07:59:05} [recovery mode]
07/07/26 18:01:06 Number of idle job procs: 17
07/07/26 18:01:06 Event: ULOG_JOB_HELD for HTCondor Node COLLECT (170269.14.0) {07/07/26 07:59:05} [recovery mode]
07/07/26 18:01:06   Hold reason: Error from teaching1@idun.hpc.uni-saarland.de: Docker job has gone over memory limit of 64480 Mb
07/07/26 18:01:06 Number of idle job procs: 17
07/07/26 18:01:06 Event: ULOG_JOB_EVICTED for HTCondor Node COLLECT (170269.6.0) {07/07/26 07:59:40} [recovery mode]
07/07/26 18:01:06 Number of idle job procs: 18
07/07/26 18:01:06 Event: ULOG_JOB_HELD for HTCondor Node COLLECT (170269.6.0) {07/07/26 07:59:40} [recovery mode]
07/07/26 18:01:06   Hold reason: Error from teaching7@tenos.hpc.uni-saarland.de: Docker job has gone over memory limit of 96737 Mb
07/07/26 18:01:06 Number of idle job procs: 18
07/07/26 18:01:06 Event: ULOG_JOB_EVICTED for HTCondor Node COLLECT (170269.8.0) {07/07/26 07:59:41} [recovery mode]
07/07/26 18:01:06 Number of idle job procs: 19
07/07/26 18:01:06 Event: ULOG_JOB_HELD for HTCondor Node COLLECT (170269.8.0) {07/07/26 07:59:41} [recovery mode]
07/07/26 18:01:06   Hold reason: Error from teaching8@thera.hpc.uni-saarland.de: Docker job has gone over memory limit of 96737 Mb
07/07/26 18:01:06 Number of idle job procs: 19
07/07/26 18:01:06 Event: ULOG_JOB_EVICTED for HTCondor Node COLLECT (170269.18.0) {07/07/26 08:01:10} [recovery mode]
07/07/26 18:01:06 Number of idle job procs: 20
07/07/26 18:01:06 Event: ULOG_JOB_HELD for HTCondor Node COLLECT (170269.18.0) {07/07/26 08:01:10} [recovery mode]
07/07/26 18:01:06   Hold reason: Error from teaching5@lofn.hpc.uni-saarland.de: Docker job has gone over memory limit of 64480 Mb
07/07/26 18:01:06 Number of idle job procs: 20
07/07/26 18:01:06 Event: ULOG_JOB_EVICTED for HTCondor Node COLLECT (170269.9.0) {07/07/26 08:01:35} [recovery mode]
07/07/26 18:01:06 Number of idle job procs: 21
07/07/26 18:01:06 Event: ULOG_JOB_HELD for HTCondor Node COLLECT (170269.9.0) {07/07/26 08:01:35} [recovery mode]
07/07/26 18:01:06   Hold reason: Error from teaching4@tenos.hpc.uni-saarland.de: Docker job has gone over memory limit of 96737 Mb
07/07/26 18:01:06 Number of idle job procs: 21
07/07/26 18:01:06 Event: ULOG_JOB_EVICTED for HTCondor Node COLLECT (170269.10.0) {07/07/26 08:03:18} [recovery mode]
07/07/26 18:01:06 Number of idle job procs: 22
07/07/26 18:01:06 Event: ULOG_JOB_HELD for HTCondor Node COLLECT (170269.10.0) {07/07/26 08:03:18} [recovery mode]
07/07/26 18:01:06   Hold reason: Error from teaching6@tenos.hpc.uni-saarland.de: Docker job has gone over memory limit of 96737 Mb
07/07/26 18:01:06 Number of idle job procs: 22
07/07/26 18:01:06 Event: ULOG_EXECUTE for HTCondor Node COLLECT (170269.33.0) {07/07/26 08:04:02} [recovery mode]
07/07/26 18:01:06 Number of idle job procs: 21
07/07/26 18:01:06 Event: ULOG_JOB_EVICTED for HTCondor Node COLLECT (170269.17.0) {07/07/26 08:04:15} [recovery mode]
07/07/26 18:01:06 Number of idle job procs: 22
07/07/26 18:01:06 Event: ULOG_JOB_HELD for HTCondor Node COLLECT (170269.17.0) {07/07/26 08:04:15} [recovery mode]
07/07/26 18:01:06   Hold reason: Error from teaching1@lofn.hpc.uni-saarland.de: Docker job has gone over memory limit of 64480 Mb
07/07/26 18:01:06 Number of idle job procs: 22
07/07/26 18:01:06 Event: ULOG_EXECUTE for HTCondor Node COLLECT (170269.34.0) {07/07/26 08:06:03} [recovery mode]
07/07/26 18:01:06 Number of idle job procs: 21
07/07/26 18:01:06 Event: ULOG_JOB_EVICTED for HTCondor Node COLLECT (170269.7.0) {07/07/26 08:06:05} [recovery mode]
07/07/26 18:01:06 Number of idle job procs: 22
07/07/26 18:01:06 Event: ULOG_JOB_HELD for HTCondor Node COLLECT (170269.7.0) {07/07/26 08:06:05} [recovery mode]
07/07/26 18:01:06   Hold reason: Error from teaching7@thera.hpc.uni-saarland.de: Docker job has gone over memory limit of 96737 Mb
07/07/26 18:01:06 Number of idle job procs: 22
07/07/26 18:01:06 Event: ULOG_JOB_EVICTED for HTCondor Node COLLECT (170269.24.0) {07/07/26 08:06:44} [recovery mode]
07/07/26 18:01:06 Number of idle job procs: 23
07/07/26 18:01:06 Event: ULOG_JOB_HELD for HTCondor Node COLLECT (170269.24.0) {07/07/26 08:06:44} [recovery mode]
07/07/26 18:01:06   Hold reason: Error from teaching8@lofn.hpc.uni-saarland.de: Docker job has gone over memory limit of 64480 Mb
07/07/26 18:01:06 Number of idle job procs: 23
07/07/26 18:01:06 Event: ULOG_JOB_EVICTED for HTCondor Node COLLECT (170269.21.0) {07/07/26 08:08:45} [recovery mode]
07/07/26 18:01:06 Number of idle job procs: 24
07/07/26 18:01:06 Event: ULOG_JOB_HELD for HTCondor Node COLLECT (170269.21.0) {07/07/26 08:08:45} [recovery mode]
07/07/26 18:01:06   Hold reason: Error from teaching2@idun.hpc.uni-saarland.de: Docker job has gone over memory limit of 64480 Mb
07/07/26 18:01:06 Number of idle job procs: 24
07/07/26 18:01:06 Event: ULOG_JOB_EVICTED for HTCondor Node COLLECT (170269.12.0) {07/07/26 08:09:12} [recovery mode]
07/07/26 18:01:06 Number of idle job procs: 25
07/07/26 18:01:06 Event: ULOG_JOB_HELD for HTCondor Node COLLECT (170269.12.0) {07/07/26 08:09:12} [recovery mode]
07/07/26 18:01:06   Hold reason: Error from teaching6@lofn.hpc.uni-saarland.de: Docker job has gone over memory limit of 64480 Mb
07/07/26 18:01:06 Number of idle job procs: 25
07/07/26 18:01:06 Event: ULOG_JOB_EVICTED for HTCondor Node COLLECT (170269.11.0) {07/07/26 08:09:19} [recovery mode]
07/07/26 18:01:06 Number of idle job procs: 26
07/07/26 18:01:06 Event: ULOG_JOB_HELD for HTCondor Node COLLECT (170269.11.0) {07/07/26 08:09:19} [recovery mode]
07/07/26 18:01:06   Hold reason: Error from teaching8@tenos.hpc.uni-saarland.de: Docker job has gone over memory limit of 96737 Mb
07/07/26 18:01:06 Number of idle job procs: 26
07/07/26 18:01:06 Event: ULOG_EXECUTE for HTCondor Node COLLECT (170269.35.0) {07/07/26 08:10:04} [recovery mode]
07/07/26 18:01:06 Number of idle job procs: 25
07/07/26 18:01:06 Event: ULOG_EXECUTE for HTCondor Node COLLECT (170269.36.0) {07/07/26 08:11:03} [recovery mode]
07/07/26 18:01:06 Number of idle job procs: 24
07/07/26 18:01:06 Event: ULOG_EXECUTE for HTCondor Node COLLECT (170269.37.0) {07/07/26 08:11:03} [recovery mode]
07/07/26 18:01:06 Number of idle job procs: 23
07/07/26 18:01:06 Event: ULOG_EXECUTE for HTCondor Node COLLECT (170269.38.0) {07/07/26 08:12:03} [recovery mode]
07/07/26 18:01:06 Number of idle job procs: 22
07/07/26 18:01:06 Event: ULOG_JOB_EVICTED for HTCondor Node COLLECT (170269.19.0) {07/07/26 08:12:44} [recovery mode]
07/07/26 18:01:06 Number of idle job procs: 23
07/07/26 18:01:06 Event: ULOG_JOB_HELD for HTCondor Node COLLECT (170269.19.0) {07/07/26 08:12:44} [recovery mode]
07/07/26 18:01:06   Hold reason: Error from teaching1@uller.hpc.uni-saarland.de: Docker job has gone over memory limit of 73692 Mb
07/07/26 18:01:06 Number of idle job procs: 23
07/07/26 18:01:06 Event: ULOG_JOB_EVICTED for HTCondor Node COLLECT (170269.20.0) {07/07/26 08:12:45} [recovery mode]
07/07/26 18:01:06 Number of idle job procs: 24
07/07/26 18:01:06 Event: ULOG_JOB_HELD for HTCondor Node COLLECT (170269.20.0) {07/07/26 08:12:45} [recovery mode]
07/07/26 18:01:06   Hold reason: Error from teaching2@uller.hpc.uni-saarland.de: Docker job has gone over memory limit of 73692 Mb
07/07/26 18:01:06 Number of idle job procs: 24
07/07/26 18:01:06 Event: ULOG_EXECUTE for HTCondor Node COLLECT (170269.39.0) {07/07/26 08:15:03} [recovery mode]
07/07/26 18:01:06 Number of idle job procs: 23
07/07/26 18:01:06 Event: ULOG_JOB_EVICTED for HTCondor Node COLLECT (170269.23.0) {07/07/26 08:16:45} [recovery mode]
07/07/26 18:01:06 Number of idle job procs: 24
07/07/26 18:01:06 Event: ULOG_JOB_HELD for HTCondor Node COLLECT (170269.23.0) {07/07/26 08:16:45} [recovery mode]
07/07/26 18:01:06   Hold reason: Error from teaching3@lofn.hpc.uni-saarland.de: Docker job has gone over memory limit of 64480 Mb
07/07/26 18:01:06 Number of idle job procs: 24
07/07/26 18:01:06 Event: ULOG_JOB_EVICTED for HTCondor Node COLLECT (170269.25.0) {07/07/26 08:18:58} [recovery mode]
07/07/26 18:01:06 Number of idle job procs: 25
07/07/26 18:01:06 Event: ULOG_JOB_HELD for HTCondor Node COLLECT (170269.25.0) {07/07/26 08:18:58} [recovery mode]
07/07/26 18:01:06   Hold reason: Error from teaching3@idun.hpc.uni-saarland.de: Docker job has gone over memory limit of 64480 Mb
07/07/26 18:01:06 Number of idle job procs: 25
07/07/26 18:01:06 Event: ULOG_JOB_EVICTED for HTCondor Node COLLECT (170269.22.0) {07/07/26 08:22:55} [recovery mode]
07/07/26 18:01:06 Number of idle job procs: 26
07/07/26 18:01:06 Event: ULOG_JOB_HELD for HTCondor Node COLLECT (170269.22.0) {07/07/26 08:22:55} [recovery mode]
07/07/26 18:01:06   Hold reason: Error from teaching2@lofn.hpc.uni-saarland.de: Docker job has gone over memory limit of 64480 Mb
07/07/26 18:01:06 Number of idle job procs: 26
07/07/26 18:01:06 Event: ULOG_JOB_EVICTED for HTCondor Node COLLECT (170269.26.0) {07/07/26 08:44:42} [recovery mode]
07/07/26 18:01:06 Number of idle job procs: 27
07/07/26 18:01:06 Event: ULOG_JOB_HELD for HTCondor Node COLLECT (170269.26.0) {07/07/26 08:44:42} [recovery mode]
07/07/26 18:01:06   Hold reason: Error from teaching4@uller.hpc.uni-saarland.de: Docker job has gone over memory limit of 73692 Mb
07/07/26 18:01:06 Number of idle job procs: 27
07/07/26 18:01:06 Event: ULOG_JOB_EVICTED for HTCondor Node COLLECT (170269.31.0) {07/07/26 08:58:23} [recovery mode]
07/07/26 18:01:06 Number of idle job procs: 28
07/07/26 18:01:06 Event: ULOG_JOB_HELD for HTCondor Node COLLECT (170269.31.0) {07/07/26 08:58:23} [recovery mode]
07/07/26 18:01:06   Hold reason: Error from teaching4@lofn.hpc.uni-saarland.de: Docker job has gone over memory limit of 64480 Mb
07/07/26 18:01:06 Number of idle job procs: 28
07/07/26 18:01:06 Event: ULOG_JOB_EVICTED for HTCondor Node COLLECT (170269.35.0) {07/07/26 09:09:44} [recovery mode]
07/07/26 18:01:06 Number of idle job procs: 29
07/07/26 18:01:06 Event: ULOG_JOB_HELD for HTCondor Node COLLECT (170269.35.0) {07/07/26 09:09:44} [recovery mode]
07/07/26 18:01:06   Hold reason: Error from teaching1@idun.hpc.uni-saarland.de: Docker job has gone over memory limit of 64480 Mb
07/07/26 18:01:06 Number of idle job procs: 29
07/07/26 18:01:06 Event: ULOG_JOB_EVICTED for HTCondor Node COLLECT (170269.33.0) {07/07/26 09:13:21} [recovery mode]
07/07/26 18:01:06 Number of idle job procs: 30
07/07/26 18:01:06 Event: ULOG_JOB_HELD for HTCondor Node COLLECT (170269.33.0) {07/07/26 09:13:21} [recovery mode]
07/07/26 18:01:06   Hold reason: Error from teaching4@idun.hpc.uni-saarland.de: Docker job has gone over memory limit of 64480 Mb
07/07/26 18:01:06 Number of idle job procs: 30
07/07/26 18:01:06 Event: ULOG_JOB_EVICTED for HTCondor Node COLLECT (170269.38.0) {07/07/26 09:17:36} [recovery mode]
07/07/26 18:01:06 Number of idle job procs: 31
07/07/26 18:01:06 Event: ULOG_JOB_HELD for HTCondor Node COLLECT (170269.38.0) {07/07/26 09:17:36} [recovery mode]
07/07/26 18:01:06   Hold reason: Error from teaching5@lofn.hpc.uni-saarland.de: Docker job has gone over memory limit of 64480 Mb
07/07/26 18:01:06 Number of idle job procs: 31
07/07/26 18:01:06 Event: ULOG_JOB_EVICTED for HTCondor Node COLLECT (170269.34.0) {07/07/26 09:24:06} [recovery mode]
07/07/26 18:01:06 Number of idle job procs: 32
07/07/26 18:01:06 Event: ULOG_JOB_HELD for HTCondor Node COLLECT (170269.34.0) {07/07/26 09:24:06} [recovery mode]
07/07/26 18:01:06   Hold reason: Error from teaching7@lofn.hpc.uni-saarland.de: Docker job has gone over memory limit of 64480 Mb
07/07/26 18:01:06 Number of idle job procs: 32
07/07/26 18:01:06 Event: ULOG_JOB_EVICTED for HTCondor Node COLLECT (170269.32.0) {07/07/26 09:32:21} [recovery mode]
07/07/26 18:01:06 Number of idle job procs: 33
07/07/26 18:01:06 Event: ULOG_JOB_HELD for HTCondor Node COLLECT (170269.32.0) {07/07/26 09:32:21} [recovery mode]
07/07/26 18:01:06   Hold reason: Error from teaching2@tenos.hpc.uni-saarland.de: Docker job has gone over memory limit of 96737 Mb
07/07/26 18:01:06 Number of idle job procs: 33
07/07/26 18:01:06 Event: ULOG_JOB_EVICTED for HTCondor Node COLLECT (170269.30.0) {07/07/26 09:32:23} [recovery mode]
07/07/26 18:01:06 Number of idle job procs: 34
07/07/26 18:01:06 Event: ULOG_JOB_HELD for HTCondor Node COLLECT (170269.30.0) {07/07/26 09:32:23} [recovery mode]
07/07/26 18:01:06   Hold reason: Error from teaching6@thera.hpc.uni-saarland.de: Docker job has gone over memory limit of 96737 Mb
07/07/26 18:01:06 Number of idle job procs: 34
07/07/26 18:01:06 Event: ULOG_JOB_EVICTED for HTCondor Node COLLECT (170269.29.0) {07/07/26 09:32:35} [recovery mode]
07/07/26 18:01:06 Number of idle job procs: 35
07/07/26 18:01:06 Event: ULOG_JOB_HELD for HTCondor Node COLLECT (170269.29.0) {07/07/26 09:32:35} [recovery mode]
07/07/26 18:01:06   Hold reason: Error from teaching1@tenos.hpc.uni-saarland.de: Docker job has gone over memory limit of 96737 Mb
07/07/26 18:01:06 Number of idle job procs: 35
07/07/26 18:01:06 Event: ULOG_JOB_EVICTED for HTCondor Node COLLECT (170269.27.0) {07/07/26 09:35:48} [recovery mode]
07/07/26 18:01:06 Number of idle job procs: 36
07/07/26 18:01:06 Event: ULOG_JOB_HELD for HTCondor Node COLLECT (170269.27.0) {07/07/26 09:35:48} [recovery mode]
07/07/26 18:01:06   Hold reason: Error from teaching5@thera.hpc.uni-saarland.de: Docker job has gone over memory limit of 96737 Mb
07/07/26 18:01:06 Number of idle job procs: 36
07/07/26 18:01:06 Event: ULOG_JOB_EVICTED for HTCondor Node COLLECT (170269.28.0) {07/07/26 09:37:08} [recovery mode]
07/07/26 18:01:06 Number of idle job procs: 37
07/07/26 18:01:06 Event: ULOG_JOB_HELD for HTCondor Node COLLECT (170269.28.0) {07/07/26 09:37:08} [recovery mode]
07/07/26 18:01:06   Hold reason: Error from teaching5@tenos.hpc.uni-saarland.de: Docker job has gone over memory limit of 96737 Mb
07/07/26 18:01:06 Number of idle job procs: 37
07/07/26 18:01:06 Event: ULOG_JOB_EVICTED for HTCondor Node COLLECT (170269.39.0) {07/07/26 09:50:51} [recovery mode]
07/07/26 18:01:06 Number of idle job procs: 38
07/07/26 18:01:06 Event: ULOG_JOB_HELD for HTCondor Node COLLECT (170269.39.0) {07/07/26 09:50:51} [recovery mode]
07/07/26 18:01:06   Hold reason: Error from teaching6@tenos.hpc.uni-saarland.de: Docker job has gone over memory limit of 96737 Mb
07/07/26 18:01:06 Number of idle job procs: 38
07/07/26 18:01:06 Event: ULOG_JOB_EVICTED for HTCondor Node COLLECT (170269.37.0) {07/07/26 09:51:54} [recovery mode]
07/07/26 18:01:06 Number of idle job procs: 39
07/07/26 18:01:06 Event: ULOG_JOB_HELD for HTCondor Node COLLECT (170269.37.0) {07/07/26 09:51:54} [recovery mode]
07/07/26 18:01:06   Hold reason: Error from teaching7@tenos.hpc.uni-saarland.de: Docker job has gone over memory limit of 96737 Mb
07/07/26 18:01:06 Number of idle job procs: 39
07/07/26 18:01:06 Event: ULOG_JOB_EVICTED for HTCondor Node COLLECT (170269.36.0) {07/07/26 09:52:33} [recovery mode]
07/07/26 18:01:06 Number of idle job procs: 40
07/07/26 18:01:06 Event: ULOG_JOB_HELD for HTCondor Node COLLECT (170269.36.0) {07/07/26 09:52:33} [recovery mode]
07/07/26 18:01:06   Hold reason: Error from teaching8@thera.hpc.uni-saarland.de: Docker job has gone over memory limit of 96737 Mb
07/07/26 18:01:06 Number of idle job procs: 40
07/07/26 18:01:06 Event: ULOG_JOB_ABORTED for HTCondor Node COLLECT (170269.0.0) {07/07/26 17:59:57} [recovery mode]
07/07/26 18:01:06 Number of idle job procs: 39
07/07/26 18:01:06 Running: /usr/bin/condor_rm 170269 -const DAGManJobId==170260 -reason Node' 'Error:' 'DAG' 'node' 'COLLECT' '(170269.0.0)' 'got' 'ULOG_JOB_ABORTED' 'event.
07/07/26 18:01:06 Event: ULOG_JOB_ABORTED for HTCondor Node COLLECT (170269.1.0) {07/07/26 17:59:58} [recovery mode]
07/07/26 18:01:06 Number of idle job procs: 38
07/07/26 18:01:06 Event: ULOG_JOB_ABORTED for HTCondor Node COLLECT (170269.2.0) {07/07/26 17:59:58} [recovery mode]
07/07/26 18:01:06 Number of idle job procs: 37
07/07/26 18:01:06 Event: ULOG_JOB_ABORTED for HTCondor Node COLLECT (170269.3.0) {07/07/26 17:59:58} [recovery mode]
07/07/26 18:01:06 Number of idle job procs: 36
07/07/26 18:01:06 Event: ULOG_JOB_ABORTED for HTCondor Node COLLECT (170269.4.0) {07/07/26 17:59:58} [recovery mode]
07/07/26 18:01:06 Number of idle job procs: 35
07/07/26 18:01:06 Event: ULOG_JOB_ABORTED for HTCondor Node COLLECT (170269.5.0) {07/07/26 17:59:58} [recovery mode]
07/07/26 18:01:06 Number of idle job procs: 34
07/07/26 18:01:06 Event: ULOG_JOB_ABORTED for HTCondor Node COLLECT (170269.6.0) {07/07/26 17:59:58} [recovery mode]
07/07/26 18:01:06 Number of idle job procs: 33
07/07/26 18:01:06 Event: ULOG_JOB_ABORTED for HTCondor Node COLLECT (170269.7.0) {07/07/26 17:59:58} [recovery mode]
07/07/26 18:01:06 Number of idle job procs: 32
07/07/26 18:01:06 Event: ULOG_JOB_ABORTED for HTCondor Node COLLECT (170269.1.0) {07/07/26 18:01:01} [recovery mode]
07/07/26 18:01:06 BAD EVENT: job (170269.1.0) ended, total end count != 1 (2)
07/07/26 18:01:06 Continuing with DAG in spite of bad event (BAD EVENT: job (170269.1.0) ended, total end count != 1 (2)) because of allow_events setting
07/07/26 18:01:06 Event: ULOG_JOB_ABORTED for HTCondor Node COLLECT (170269.2.0) {07/07/26 18:01:01} [recovery mode]
07/07/26 18:01:06 BAD EVENT: job (170269.2.0) ended, total end count != 1 (2)
07/07/26 18:01:06 Continuing with DAG in spite of bad event (BAD EVENT: job (170269.2.0) ended, total end count != 1 (2)) because of allow_events setting
07/07/26 18:01:06 Event: ULOG_JOB_ABORTED for HTCondor Node COLLECT (170269.3.0) {07/07/26 18:01:01} [recovery mode]
07/07/26 18:01:06 BAD EVENT: job (170269.3.0) ended, total end count != 1 (2)
07/07/26 18:01:06 Continuing with DAG in spite of bad event (BAD EVENT: job (170269.3.0) ended, total end count != 1 (2)) because of allow_events setting
07/07/26 18:01:06 Event: ULOG_JOB_ABORTED for HTCondor Node COLLECT (170269.4.0) {07/07/26 18:01:01} [recovery mode]
07/07/26 18:01:06 BAD EVENT: job (170269.4.0) ended, total end count != 1 (2)
07/07/26 18:01:06 Continuing with DAG in spite of bad event (BAD EVENT: job (170269.4.0) ended, total end count != 1 (2)) because of allow_events setting
07/07/26 18:01:06 Event: ULOG_JOB_ABORTED for HTCondor Node COLLECT (170269.5.0) {07/07/26 18:01:01} [recovery mode]
07/07/26 18:01:06 BAD EVENT: job (170269.5.0) ended, total end count != 1 (2)
07/07/26 18:01:06 Continuing with DAG in spite of bad event (BAD EVENT: job (170269.5.0) ended, total end count != 1 (2)) because of allow_events setting
07/07/26 18:01:06 Event: ULOG_JOB_ABORTED for HTCondor Node COLLECT (170269.6.0) {07/07/26 18:01:01} [recovery mode]
07/07/26 18:01:06 BAD EVENT: job (170269.6.0) ended, total end count != 1 (2)
07/07/26 18:01:06 Continuing with DAG in spite of bad event (BAD EVENT: job (170269.6.0) ended, total end count != 1 (2)) because of allow_events setting
07/07/26 18:01:06 Event: ULOG_JOB_ABORTED for HTCondor Node COLLECT (170269.7.0) {07/07/26 18:01:01} [recovery mode]
07/07/26 18:01:06 BAD EVENT: job (170269.7.0) ended, total end count != 1 (2)
07/07/26 18:01:06 Continuing with DAG in spite of bad event (BAD EVENT: job (170269.7.0) ended, total end count != 1 (2)) because of allow_events setting
07/07/26 18:01:06 Event: ULOG_JOB_ABORTED for HTCondor Node COLLECT (170269.8.0) {07/07/26 18:01:01} [recovery mode]
07/07/26 18:01:06 Number of idle job procs: 31
07/07/26 18:01:06 Event: ULOG_JOB_ABORTED for HTCondor Node COLLECT (170269.9.0) {07/07/26 18:01:01} [recovery mode]
07/07/26 18:01:06 Number of idle job procs: 30
07/07/26 18:01:06 Event: ULOG_JOB_ABORTED for HTCondor Node COLLECT (170269.10.0) {07/07/26 18:01:01} [recovery mode]
07/07/26 18:01:06 Number of idle job procs: 29
07/07/26 18:01:06 Event: ULOG_JOB_ABORTED for HTCondor Node COLLECT (170269.11.0) {07/07/26 18:01:01} [recovery mode]
07/07/26 18:01:06 Number of idle job procs: 28
07/07/26 18:01:06 Event: ULOG_JOB_ABORTED for HTCondor Node COLLECT (170269.12.0) {07/07/26 18:01:01} [recovery mode]
07/07/26 18:01:06 Number of idle job procs: 27
07/07/26 18:01:06 Event: ULOG_JOB_ABORTED for HTCondor Node COLLECT (170269.13.0) {07/07/26 18:01:01} [recovery mode]
07/07/26 18:01:06 Number of idle job procs: 26
07/07/26 18:01:06 Event: ULOG_JOB_ABORTED for HTCondor Node COLLECT (170269.14.0) {07/07/26 18:01:01} [recovery mode]
07/07/26 18:01:06 Number of idle job procs: 25
07/07/26 18:01:06 Event: ULOG_JOB_ABORTED for HTCondor Node COLLECT (170269.15.0) {07/07/26 18:01:01} [recovery mode]
07/07/26 18:01:06 Number of idle job procs: 24
07/07/26 18:01:06 Event: ULOG_JOB_ABORTED for HTCondor Node COLLECT (170269.16.0) {07/07/26 18:01:01} [recovery mode]
07/07/26 18:01:06 Number of idle job procs: 23
07/07/26 18:01:06 Event: ULOG_JOB_ABORTED for HTCondor Node COLLECT (170269.17.0) {07/07/26 18:01:01} [recovery mode]
07/07/26 18:01:06 Number of idle job procs: 22
07/07/26 18:01:06 Event: ULOG_JOB_ABORTED for HTCondor Node COLLECT (170269.18.0) {07/07/26 18:01:01} [recovery mode]
07/07/26 18:01:06 Number of idle job procs: 21
07/07/26 18:01:06 Event: ULOG_JOB_ABORTED for HTCondor Node COLLECT (170269.19.0) {07/07/26 18:01:01} [recovery mode]
07/07/26 18:01:06 Number of idle job procs: 20
07/07/26 18:01:06 Event: ULOG_JOB_ABORTED for HTCondor Node COLLECT (170269.20.0) {07/07/26 18:01:01} [recovery mode]
07/07/26 18:01:06 Number of idle job procs: 19
07/07/26 18:01:06 Event: ULOG_JOB_ABORTED for HTCondor Node COLLECT (170269.21.0) {07/07/26 18:01:01} [recovery mode]
07/07/26 18:01:06 Number of idle job procs: 18
07/07/26 18:01:06 Event: ULOG_JOB_ABORTED for HTCondor Node COLLECT (170269.22.0) {07/07/26 18:01:01} [recovery mode]
07/07/26 18:01:06 Number of idle job procs: 17
07/07/26 18:01:06 Event: ULOG_JOB_ABORTED for HTCondor Node COLLECT (170269.23.0) {07/07/26 18:01:01} [recovery mode]
07/07/26 18:01:06 Number of idle job procs: 16
07/07/26 18:01:06 Event: ULOG_JOB_ABORTED for HTCondor Node COLLECT (170269.24.0) {07/07/26 18:01:01} [recovery mode]
07/07/26 18:01:06 Number of idle job procs: 15
07/07/26 18:01:06 Event: ULOG_JOB_ABORTED for HTCondor Node COLLECT (170269.25.0) {07/07/26 18:01:01} [recovery mode]
07/07/26 18:01:06 Number of idle job procs: 14
07/07/26 18:01:06 Event: ULOG_JOB_ABORTED for HTCondor Node COLLECT (170269.26.0) {07/07/26 18:01:01} [recovery mode]
07/07/26 18:01:06 Number of idle job procs: 13
07/07/26 18:01:06 Event: ULOG_JOB_ABORTED for HTCondor Node COLLECT (170269.27.0) {07/07/26 18:01:01} [recovery mode]
07/07/26 18:01:06 Number of idle job procs: 12
07/07/26 18:01:06 Event: ULOG_JOB_ABORTED for HTCondor Node COLLECT (170269.28.0) {07/07/26 18:01:01} [recovery mode]
07/07/26 18:01:06 Number of idle job procs: 11
07/07/26 18:01:06 Event: ULOG_JOB_ABORTED for HTCondor Node COLLECT (170269.29.0) {07/07/26 18:01:01} [recovery mode]
07/07/26 18:01:06 Number of idle job procs: 10
07/07/26 18:01:06 Event: ULOG_JOB_ABORTED for HTCondor Node COLLECT (170269.30.0) {07/07/26 18:01:01} [recovery mode]
07/07/26 18:01:06 Number of idle job procs: 9
07/07/26 18:01:06 Event: ULOG_JOB_ABORTED for HTCondor Node COLLECT (170269.31.0) {07/07/26 18:01:01} [recovery mode]
07/07/26 18:01:06 Number of idle job procs: 8
07/07/26 18:01:06 Event: ULOG_JOB_ABORTED for HTCondor Node COLLECT (170269.32.0) {07/07/26 18:01:01} [recovery mode]
07/07/26 18:01:06 Number of idle job procs: 7
07/07/26 18:01:06 Event: ULOG_JOB_ABORTED for HTCondor Node COLLECT (170269.33.0) {07/07/26 18:01:01} [recovery mode]
07/07/26 18:01:06 Number of idle job procs: 6
07/07/26 18:01:06 Event: ULOG_JOB_ABORTED for HTCondor Node COLLECT (170269.34.0) {07/07/26 18:01:01} [recovery mode]
07/07/26 18:01:06 Number of idle job procs: 5
07/07/26 18:01:06 Event: ULOG_JOB_ABORTED for HTCondor Node COLLECT (170269.35.0) {07/07/26 18:01:01} [recovery mode]
07/07/26 18:01:06 Number of idle job procs: 4
07/07/26 18:01:06 Event: ULOG_JOB_ABORTED for HTCondor Node COLLECT (170269.36.0) {07/07/26 18:01:01} [recovery mode]
07/07/26 18:01:06 Number of idle job procs: 3
07/07/26 18:01:06 Event: ULOG_JOB_ABORTED for HTCondor Node COLLECT (170269.37.0) {07/07/26 18:01:01} [recovery mode]
07/07/26 18:01:06 Number of idle job procs: 2
07/07/26 18:01:06 Event: ULOG_JOB_ABORTED for HTCondor Node COLLECT (170269.38.0) {07/07/26 18:01:01} [recovery mode]
07/07/26 18:01:06 Number of idle job procs: 1
07/07/26 18:01:06 Event: ULOG_JOB_ABORTED for HTCondor Node COLLECT (170269.39.0) {07/07/26 18:01:01} [recovery mode]
07/07/26 18:01:06 Number of idle job procs: 0
07/07/26 18:01:06 Node COLLECT job(s) have exited the queue
07/07/26 18:01:06     ------------------------------
07/07/26 18:01:06        HTCondor Recovery Complete
07/07/26 18:01:06     ------------------------------
07/07/26 18:01:06 ...done with RECOVERY mode <<<<<<<<<<<<<<<<<<<<<<<<<<<<<<
07/07/26 18:01:06 DAG status: 2 (DAG_STATUS_NODE_FAILED)
07/07/26 18:01:06 Of 5 nodes total:
07/07/26 18:01:06  Done     Pre   Queued    Post   Ready   Un-Ready   Failed   Futile
07/07/26 18:01:06   ===     ===      ===     ===     ===        ===      ===      ===
07/07/26 18:01:06     0       0        0       0       0          0        1        4
07/07/26 18:01:06 0 job proc(s) currently held
07/07/26 18:01:06 DAGMan Runtime Statistics: [EventCycleTimeSum=0.000; SleepCycleTimeSum=0.000; SubmitCycleTimeSum=0.000; EventCycleTimeCount=0.000; SleepCycleTimeCount=0.000; SubmitCycleTimeCount=0.000; LogProcessCycleTimeSum=0.000; LogProcessCycleTimeCount=0.000; ]
07/07/26 18:01:06 DAG status: 2 (DAG_STATUS_NODE_FAILED)
07/07/26 18:01:06 Of 5 nodes total:
07/07/26 18:01:06  Done     Pre   Queued    Post   Ready   Un-Ready   Failed   Futile
07/07/26 18:01:06   ===     ===      ===     ===     ===        ===      ===      ===
07/07/26 18:01:06     0       0        0       0       0          0        1        4
07/07/26 18:01:06 0 job proc(s) currently held
07/07/26 18:01:06 DAGMan Runtime Statistics: [EventCycleTimeSum=0.000; SleepCycleTimeSum=0.000; SubmitCycleTimeSum=0.000; EventCycleTimeCount=0.000; SleepCycleTimeCount=0.000; SubmitCycleTimeCount=0.000; LogProcessCycleTimeSum=0.000; LogProcessCycleTimeCount=0.000; ]
07/07/26 18:01:06 Registering condor_event_timer...
07/07/26 18:01:07 Currently monitoring 1 HTCondor log file(s)
07/07/26 18:01:07 DAG status: 2 (DAG_STATUS_NODE_FAILED)
07/07/26 18:01:07 Of 5 nodes total:
07/07/26 18:01:07  Done     Pre   Queued    Post   Ready   Un-Ready   Failed   Futile
07/07/26 18:01:07   ===     ===      ===     ===     ===        ===      ===      ===
07/07/26 18:01:07     0       0        0       0       0          0        1        4
07/07/26 18:01:07 0 job proc(s) currently held
07/07/26 18:01:07 DAGMan Runtime Statistics: [EventCycleTimeSum=0.000; SleepCycleTimeSum=0.000; SubmitCycleTimeAvg=0.000; SubmitCycleTimeMax=0.000; SubmitCycleTimeMin=0.000; SubmitCycleTimeStd=0.000; SubmitCycleTimeSum=0.000; EventCycleTimeCount=0.000; SleepCycleTimeCount=0.000; SubmitCycleTimeCount=1.000; LogProcessCycleTimeAvg=0.001; LogProcessCycleTimeMax=0.001; LogProcessCycleTimeMin=0.001; LogProcessCycleTimeStd=0.001; LogProcessCycleTimeSum=0.001; LogProcessCycleTimeCount=1.000; ]
07/07/26 18:01:07 ERROR: the following job(s) failed:
07/07/26 18:01:07 ---------------------- Node ----------------------
07/07/26 18:01:07       Node Name: COLLECT
07/07/26 18:01:07            Noop: false
07/07/26 18:01:07          NodeID: 0
07/07/26 18:01:07     Node Status: STATUS_ERROR    
07/07/26 18:01:07 Node return val: -1002
07/07/26 18:01:07           Error: HTCondor reported ULOG_JOB_ABORTED event for job proc (170269.0.0)
07/07/26 18:01:07 Job Submit File: one_way_line_det_one_way_line_40_25_action_shield_collect.sub
07/07/26 18:01:07  HTCondor Job ID: (170269.9.0)
07/07/26 18:01:07 PARENTS:  WAITING: 0 CHILDREN: MERGE_COLLECTION
07/07/26 18:01:07 ---------------------------------------	<END>
07/07/26 18:01:07 Aborting DAG...
07/07/26 18:01:07 Writing Rescue DAG to one_way_line_det_one_way_line_40_25_action_shield.dag.rescue001...
07/07/26 18:01:07 Removing submitted jobs...
07/07/26 18:01:07 Removing any/all submitted HTCondor jobs...
07/07/26 18:01:07 Running: /usr/bin/condor_rm -const DAGManJobId==170260 -reason DAG' 'Abort:' 'DAG' 'is' 'exiting' 'and' 'writing' 'rescue' 'file.
07/07/26 18:01:07 Note: 0 total node deferrals because of -MaxJobs limit (0)
07/07/26 18:01:07 Note: 0 total node deferrals because of -MaxIdle limit (1000)
07/07/26 18:01:07 Note: 0 total node deferrals because of node category throttles
07/07/26 18:01:07 Note: 0 total PRE script deferrals because of -MaxPre limit (20) or DEFER
07/07/26 18:01:07 Note: 0 total POST script deferrals because of -MaxPost limit (20) or DEFER
07/07/26 18:01:07 Note: 0 total HOLD script deferrals because of -MaxHold limit (20) or DEFER
07/07/26 18:01:07 DAG status: 2 (DAG_STATUS_NODE_FAILED)
07/07/26 18:01:07 Of 5 nodes total:
07/07/26 18:01:07  Done     Pre   Queued    Post   Ready   Un-Ready   Failed   Futile
07/07/26 18:01:07   ===     ===      ===     ===     ===        ===      ===      ===
07/07/26 18:01:07     0       0        0       0       0          0        1        4
07/07/26 18:01:07 0 job proc(s) currently held
07/07/26 18:01:07 DAGMan Runtime Statistics: [EventCycleTimeSum=0.000; SleepCycleTimeSum=0.000; SubmitCycleTimeAvg=0.000; SubmitCycleTimeMax=0.000; SubmitCycleTimeMin=0.000; SubmitCycleTimeStd=0.000; SubmitCycleTimeSum=0.000; EventCycleTimeCount=0.000; SleepCycleTimeCount=0.000; SubmitCycleTimeCount=1.000; LogProcessCycleTimeAvg=0.001; LogProcessCycleTimeMax=0.001; LogProcessCycleTimeMin=0.001; LogProcessCycleTimeStd=0.001; LogProcessCycleTimeSum=0.001; LogProcessCycleTimeCount=1.000; ]
07/07/26 18:01:07 Wrote metrics file one_way_line_det_one_way_line_40_25_action_shield.dag.metrics.
07/07/26 18:01:07 DAGMan Runtime Statistics: [EventCycleTimeSum=0.000; SleepCycleTimeSum=0.000; SubmitCycleTimeAvg=0.000; SubmitCycleTimeMax=0.000; SubmitCycleTimeMin=0.000; SubmitCycleTimeStd=0.000; SubmitCycleTimeSum=0.000; EventCycleTimeCount=0.000; SleepCycleTimeCount=0.000; SubmitCycleTimeCount=1.000; LogProcessCycleTimeAvg=0.001; LogProcessCycleTimeMax=0.001; LogProcessCycleTimeMin=0.001; LogProcessCycleTimeStd=0.001; LogProcessCycleTimeSum=0.001; LogProcessCycleTimeCount=1.000; ]
07/07/26 18:01:07 **** condor_scheduniv_exec.170260.0 (condor_DAGMAN) pid 589476 EXITING WITH STATUS 1
07/07/26 23:21:30 ******************************************************
07/07/26 23:21:30 ** condor_scheduniv_exec.170502.0 (CONDOR_DAGMAN) STARTING UP
07/07/26 23:21:30 ** /usr/bin/condor_dagman
07/07/26 23:21:30 ** SubsystemInfo: name=DAGMAN type=DAGMAN(9) class=CLIENT(2)
07/07/26 23:21:30 ** Configuration: subsystem:DAGMAN local:<NONE> class:CLIENT
07/07/26 23:21:30 ** $CondorVersion: 24.12.19 2026-04-15 BuildID: 896241 PackageID: 24.12.19-1+deb12 GitSHA: c68f3e0e $
07/07/26 23:21:30 ** $CondorPlatform: X86_64-Debian_12 $
07/07/26 23:21:30 ** PID = 707691 RealUID = 1620002036
07/07/26 23:21:30 ** Log last touched 7/7 18:01:07
07/07/26 23:21:30 ******************************************************
07/07/26 23:21:30 Using config source: /etc/condor/condor_config
07/07/26 23:21:30 Using local config sources: 
07/07/26 23:21:30    /etc/condor/config.d/01-submit.conf
07/07/26 23:21:30    /etc/condor/config.d/10-stash-plugin.conf
07/07/26 23:21:30    /etc/condor/config.d/23-network.config
07/07/26 23:21:30    /etc/condor/config.d/31-mail.conf
07/07/26 23:21:30    /etc/condor/config.d/35-cc-sync.conf
07/07/26 23:21:30    /etc/condor/config.d/41-periodic-remove.conf
07/07/26 23:21:30    /etc/condor/config.d/49-common.conf
07/07/26 23:21:30    /etc/condor/config.d/52-group-mapping.conf
07/07/26 23:21:30    /etc/condor/config.d/54-container.conf
07/07/26 23:21:30    /etc/condor/config.d/67-submit-transforms.conf
07/07/26 23:21:30    /etc/condor/config.d/71-submit-requirements.conf
07/07/26 23:21:30    /etc/condor/condor_config.local
07/07/26 23:21:30 config Macros = 110, Sorted = 110, StringBytes = 6396, TablesBytes = 4088
07/07/26 23:21:30 CLASSAD_CACHING is ENABLED
07/07/26 23:21:30 Daemon Log is logging: D_ALWAYS D_ERROR D_STATUS
07/07/26 23:21:30 Daemoncore: Listening at <0.0.0.0:11985> on TCP (ReliSock) and UDP (SafeSock).
07/07/26 23:21:30 DaemonCore: command socket at <10.143.248.60:11985?addrs=10.143.248.60-11985&alias=conduit.hpc.uni-saarland.de>
07/07/26 23:21:30 DaemonCore: private command socket at <10.143.248.60:11985?addrs=10.143.248.60-11985&alias=conduit.hpc.uni-saarland.de>
07/07/26 23:21:30 DAGMAN_USE_STRICT setting: 1
07/07/26 23:21:30 DAGMAN_VERBOSITY setting: 3
07/07/26 23:21:30 DAGMAN_DEBUG_CACHE_SIZE setting: 5242880
07/07/26 23:21:30 DAGMAN_DEBUG_CACHE_ENABLE setting: False
07/07/26 23:21:30 DAGMAN_SUBMIT_DELAY setting: 0
07/07/26 23:21:30 DAGMAN_MAX_SUBMIT_ATTEMPTS setting: 6
07/07/26 23:21:30 DAGMAN_STARTUP_CYCLE_DETECT setting: False
07/07/26 23:21:30 DAGMAN_USE_JOIN_NODES setting: True
07/07/26 23:21:30 DAGMAN_REPORT_GRAPH_METRICS setting: False
07/07/26 23:21:30 DAGMAN_MAX_SUBMITS_PER_INTERVAL setting: 100
07/07/26 23:21:30 DAGMAN_AGGRESSIVE_SUBMIT setting: False
07/07/26 23:21:30 DAGMAN_USER_LOG_SCAN_INTERVAL setting: 5
07/07/26 23:21:30 DAGMAN_QUEUE_UPDATE_INTERVAL setting: 300.000000
07/07/26 23:21:30 DAGMAN_DEFAULT_PRIORITY setting: 0
07/07/26 23:21:30 DAGMAN_SUPPRESS_NOTIFICATION setting: False
07/07/26 23:21:30 allow_events (DAGMAN_ALLOW_EVENTS) setting: 114
07/07/26 23:21:30 DAGMAN_RETRY_SUBMIT_FIRST setting: True
07/07/26 23:21:30 DAGMAN_RETRY_NODE_FIRST setting: False
07/07/26 23:21:30 DAGMAN_MAX_JOBS_IDLE setting: 1000
07/07/26 23:21:30 DAGMAN_MAX_JOBS_SUBMITTED setting: 0
07/07/26 23:21:30 DAGMAN_MAX_PRE_SCRIPTS setting: 20
07/07/26 23:21:30 DAGMAN_MAX_POST_SCRIPTS setting: 20
07/07/26 23:21:30 DAGMAN_MAX_HOLD_SCRIPTS setting: 20
07/07/26 23:21:30 DAGMAN_MUNGE_NODE_NAMES setting: True
07/07/26 23:21:30 DAGMAN_ALLOW_ANY_NODE_NAME_CHARACTERS setting: False
07/07/26 23:21:30 DAGMAN_PROHIBIT_MULTI_JOBS setting: False
07/07/26 23:21:30 DAGMAN_SUBMIT_DEPTH_FIRST setting: False
07/07/26 23:21:30 DAGMAN_ALWAYS_RUN_POST setting: False
07/07/26 23:21:30 DAGMAN_CONDOR_SUBMIT_EXE setting: /usr/bin/condor_submit
07/07/26 23:21:30 DAGMAN_CONDOR_RM_EXE setting: /usr/bin/condor_rm
07/07/26 23:21:30 DAGMAN_USE_DIRECT_SUBMIT setting: True
07/07/26 23:21:30 DAGMAN_PRODUCE_JOB_CREDENTIALS setting: True
07/07/26 23:21:30 DAGMAN_DEFAULT_APPEND_VARS setting: False
07/07/26 23:21:30 DAGMAN_INHERIT_ATTRS_PREFIX setting: 
07/07/26 23:21:30 DAGMAN_INHERIT_ATTRS setting: 
07/07/26 23:21:30 DAGMAN_ABORT_DUPLICATES setting: True
07/07/26 23:21:30 DAGMAN_ABORT_ON_SCARY_SUBMIT setting: True
07/07/26 23:21:30 DAGMAN_PENDING_REPORT_INTERVAL setting: 600
07/07/26 23:21:30 DAGMAN_CHECK_QUEUE_INTERVAL setting: 28800
07/07/26 23:21:30 DAGMAN_PRINT_JOB_TABLE_INTERVAL setting: 900
07/07/26 23:21:30 DAGMAN_AUTO_RESCUE setting: True
07/07/26 23:21:30 DAGMAN_MAX_RESCUE_NUM setting: 100
07/07/26 23:21:30 DAGMAN_WRITE_PARTIAL_RESCUE setting: True
07/07/26 23:21:30 DAGMAN_RESET_RETRIES_UPON_RESCUE setting: True
07/07/26 23:21:30 DAGMAN_METRICS_FILE_VERSION setting: 2
07/07/26 23:21:30 DAGMAN_DEFAULT_NODE_LOG setting: @(DAG_DIR)/@(DAG_FILE).nodes.log
07/07/26 23:21:30 DAGMAN_LOG_ON_NFS_IS_ERROR setting: False
07/07/26 23:21:30 DAGMAN_GENERATE_SUBDAG_SUBMITS setting: True
07/07/26 23:21:30 DAGMAN_MAX_JOB_HOLDS setting: 100
07/07/26 23:21:30 DAGMAN_NODE_JOB_FAILURE_TOLERANCE setting: 0
07/07/26 23:21:30 DAGMAN_HOLD_CLAIM_TIME setting: 20
07/07/26 23:21:30 DAGMAN_SUPPRESS_JOB_LOGS setting: False
07/07/26 23:21:30 DAGMAN_REMOVE_NODE_JOBS setting: True
07/07/26 23:21:30 DAGMAN_PUT_FAILED_JOBS_ON_HOLD setting: False
07/07/26 23:21:30 DAGMAN_REMOVE_JOBS_AFTER_LIMIT_CHANGE setting: False
07/07/26 23:21:30 DAGMAN will adjust edges after parsing
07/07/26 23:21:30 argv[0] == "condor_scheduniv_exec.170502.0"
07/07/26 23:21:30 argv[1] == "-Lockfile"
07/07/26 23:21:30 argv[2] == "one_way_line_det_one_way_line_40_25_action_shield.dag.lock"
07/07/26 23:21:30 argv[3] == "-Dag"
07/07/26 23:21:30 argv[4] == "one_way_line_det_one_way_line_40_25_action_shield.dag"
07/07/26 23:21:30 argv[5] == "-CsdVersion"
07/07/26 23:21:30 argv[6] == "$CondorVersion: 24.12.19 2026-04-15 BuildID: 896241 PackageID: 24.12.19-1+deb12 GitSHA: c68f3e0e $"
07/07/26 23:21:30 argv[7] == "-dagman"
07/07/26 23:21:30 argv[8] == "/usr/bin/condor_dagman"
07/07/26 23:21:30 argv[9] == "-AutoRescue"
07/07/26 23:21:30 argv[10] == "1"
07/07/26 23:21:30 argv[11] == "-DoRescueFrom"
07/07/26 23:21:30 argv[12] == "0"
07/07/26 23:21:30 Can't open directory "/etc/condor/passwords.d" as PRIV_ROOT, errno: 13 (Permission denied)
07/07/26 23:21:30 Can't open directory "/etc/condor/passwords.d" as PRIV_ROOT, errno: 13 (Permission denied)
07/07/26 23:21:30 Workflow batch-id: <170502.0>
07/07/26 23:21:30 Workflow batch-name: <one_way_line_det_one_way_line_40_25_action_shield.dag+170502>
07/07/26 23:21:30 Workflow accounting_group: <teaching>
07/07/26 23:21:30 Workflow accounting_group_user: <atml_team041>
07/07/26 23:21:30 Warning: failed to get attribute DAGNodeName
07/07/26 23:21:30 Default node log file is: </home/atml_team041/condor_tutorial/jani_env/experiments/repair_wo_domain/submissions/action_shield/one_way_line_det/./one_way_line_det_one_way_line_40_25_action_shield.dag.nodes.log>
07/07/26 23:21:30 DAG Lockfile will be written to one_way_line_det_one_way_line_40_25_action_shield.dag.lock
07/07/26 23:21:30 DAG Input file is one_way_line_det_one_way_line_40_25_action_shield.dag
07/07/26 23:21:30 Parsing 1 dagfiles
07/07/26 23:21:30 Parsing one_way_line_det_one_way_line_40_25_action_shield.dag ...
07/07/26 23:21:30 Adjusting edges
07/07/26 23:21:30 Found rescue DAG number 1; running one_way_line_det_one_way_line_40_25_action_shield.dag.rescue001 in combination with normal DAG file
07/07/26 23:21:30 ~~~~~~~~~~~~~~~~~~~~~~~~~~~~~~~~~~~~~~~~~~~~~~~~~~~~~~
07/07/26 23:21:30 USING RESCUE DAG one_way_line_det_one_way_line_40_25_action_shield.dag.rescue001
07/07/26 23:21:30 Dag contains 5 total nodes
07/07/26 23:21:30 Bootstrapping...
07/07/26 23:21:30 Number of pre-completed nodes: 0
07/07/26 23:21:30 MultiLogFiles: truncating log file /home/atml_team041/condor_tutorial/jani_env/experiments/repair_wo_domain/submissions/action_shield/one_way_line_det/./one_way_line_det_one_way_line_40_25_action_shield.dag.nodes.log
07/07/26 23:21:30 DAG status: 0 (DAG_STATUS_OK)
07/07/26 23:21:30 Of 5 nodes total:
07/07/26 23:21:30  Done     Pre   Queued    Post   Ready   Un-Ready   Failed   Futile
07/07/26 23:21:30   ===     ===      ===     ===     ===        ===      ===      ===
07/07/26 23:21:30     0       0        0       0       1          4        0        0
07/07/26 23:21:30 0 job proc(s) currently held
07/07/26 23:21:30 DAGMan Runtime Statistics: [EventCycleTimeSum=0.000; SleepCycleTimeSum=0.000; SubmitCycleTimeSum=0.000; EventCycleTimeCount=0.000; SleepCycleTimeCount=0.000; SubmitCycleTimeCount=0.000; LogProcessCycleTimeSum=0.000; LogProcessCycleTimeCount=0.000; ]
07/07/26 23:21:30 Registering condor_event_timer...
07/07/26 23:21:31 Submitting HTCondor Node COLLECT job(s)...
07/07/26 23:21:31 Submitting node COLLECT from file one_way_line_det_one_way_line_40_25_action_shield_collect.sub using direct job submission
07/07/26 23:21:31 	assigned HTCondor ID (170508.0.0)
07/07/26 23:21:32 Just submitted 1 job this cycle...
07/07/26 23:21:32 DAG status: 0 (DAG_STATUS_OK)
07/07/26 23:21:32 Of 5 nodes total:
07/07/26 23:21:32  Done     Pre   Queued    Post   Ready   Un-Ready   Failed   Futile
07/07/26 23:21:32   ===     ===      ===     ===     ===        ===      ===      ===
07/07/26 23:21:32     0       0        1       0       0          4        0        0
07/07/26 23:21:32 0 job proc(s) currently held
07/07/26 23:21:32 DAGMan Runtime Statistics: [EventCycleTimeSum=0.000; SleepCycleTimeSum=0.000; SubmitCycleTimeAvg=0.370; SubmitCycleTimeMax=0.370; SubmitCycleTimeMin=0.370; SubmitCycleTimeStd=0.370; SubmitCycleTimeSum=0.370; EventCycleTimeCount=0.000; SleepCycleTimeCount=0.000; SubmitCycleTimeCount=1.000; LogProcessCycleTimeSum=0.000; LogProcessCycleTimeCount=0.000; ]
07/07/26 23:21:37 Currently monitoring 1 HTCondor log file(s)
07/07/26 23:21:37 Reassigning the id of job COLLECT from (170508.0.0) to (170508.0.0)
07/07/26 23:21:37 Event: ULOG_SUBMIT for HTCondor Node COLLECT (170508.0.0) {07/07/26 23:21:31}
07/07/26 23:21:37 Number of idle job procs: 1
07/07/26 23:21:37 Reassigning the id of job COLLECT from (170508.0.0) to (170508.1.0)
07/07/26 23:21:37 Event: ULOG_SUBMIT for HTCondor Node COLLECT (170508.1.0) {07/07/26 23:21:31}
07/07/26 23:21:37 Number of idle job procs: 2
07/07/26 23:21:37 Reassigning the id of job COLLECT from (170508.1.0) to (170508.10.0)
07/07/26 23:21:37 Event: ULOG_SUBMIT for HTCondor Node COLLECT (170508.10.0) {07/07/26 23:21:31}
07/07/26 23:21:37 Number of idle job procs: 3
07/07/26 23:21:37 Reassigning the id of job COLLECT from (170508.10.0) to (170508.11.0)
07/07/26 23:21:37 Event: ULOG_SUBMIT for HTCondor Node COLLECT (170508.11.0) {07/07/26 23:21:31}
07/07/26 23:21:37 Number of idle job procs: 4
07/07/26 23:21:37 Reassigning the id of job COLLECT from (170508.11.0) to (170508.12.0)
07/07/26 23:21:37 Event: ULOG_SUBMIT for HTCondor Node COLLECT (170508.12.0) {07/07/26 23:21:31}
07/07/26 23:21:37 Number of idle job procs: 5
07/07/26 23:21:37 Reassigning the id of job COLLECT from (170508.12.0) to (170508.13.0)
07/07/26 23:21:37 Event: ULOG_SUBMIT for HTCondor Node COLLECT (170508.13.0) {07/07/26 23:21:31}
07/07/26 23:21:37 Number of idle job procs: 6
07/07/26 23:21:37 Reassigning the id of job COLLECT from (170508.13.0) to (170508.14.0)
07/07/26 23:21:37 Event: ULOG_SUBMIT for HTCondor Node COLLECT (170508.14.0) {07/07/26 23:21:31}
07/07/26 23:21:37 Number of idle job procs: 7
07/07/26 23:21:37 Reassigning the id of job COLLECT from (170508.14.0) to (170508.15.0)
07/07/26 23:21:37 Event: ULOG_SUBMIT for HTCondor Node COLLECT (170508.15.0) {07/07/26 23:21:31}
07/07/26 23:21:37 Number of idle job procs: 8
07/07/26 23:21:37 Reassigning the id of job COLLECT from (170508.15.0) to (170508.16.0)
07/07/26 23:21:37 Event: ULOG_SUBMIT for HTCondor Node COLLECT (170508.16.0) {07/07/26 23:21:31}
07/07/26 23:21:37 Number of idle job procs: 9
07/07/26 23:21:37 Reassigning the id of job COLLECT from (170508.16.0) to (170508.17.0)
07/07/26 23:21:37 Event: ULOG_SUBMIT for HTCondor Node COLLECT (170508.17.0) {07/07/26 23:21:31}
07/07/26 23:21:37 Number of idle job procs: 10
07/07/26 23:21:37 Reassigning the id of job COLLECT from (170508.17.0) to (170508.18.0)
07/07/26 23:21:37 Event: ULOG_SUBMIT for HTCondor Node COLLECT (170508.18.0) {07/07/26 23:21:31}
07/07/26 23:21:37 Number of idle job procs: 11
07/07/26 23:21:37 Reassigning the id of job COLLECT from (170508.18.0) to (170508.19.0)
07/07/26 23:21:37 Event: ULOG_SUBMIT for HTCondor Node COLLECT (170508.19.0) {07/07/26 23:21:31}
07/07/26 23:21:37 Number of idle job procs: 12
07/07/26 23:21:37 Reassigning the id of job COLLECT from (170508.19.0) to (170508.2.0)
07/07/26 23:21:37 Event: ULOG_SUBMIT for HTCondor Node COLLECT (170508.2.0) {07/07/26 23:21:31}
07/07/26 23:21:37 Number of idle job procs: 13
07/07/26 23:21:37 Reassigning the id of job COLLECT from (170508.2.0) to (170508.20.0)
07/07/26 23:21:37 Event: ULOG_SUBMIT for HTCondor Node COLLECT (170508.20.0) {07/07/26 23:21:31}
07/07/26 23:21:37 Number of idle job procs: 14
07/07/26 23:21:37 Reassigning the id of job COLLECT from (170508.20.0) to (170508.21.0)
07/07/26 23:21:37 Event: ULOG_SUBMIT for HTCondor Node COLLECT (170508.21.0) {07/07/26 23:21:31}
07/07/26 23:21:37 Number of idle job procs: 15
07/07/26 23:21:37 Reassigning the id of job COLLECT from (170508.21.0) to (170508.22.0)
07/07/26 23:21:37 Event: ULOG_SUBMIT for HTCondor Node COLLECT (170508.22.0) {07/07/26 23:21:31}
07/07/26 23:21:37 Number of idle job procs: 16
07/07/26 23:21:37 Reassigning the id of job COLLECT from (170508.22.0) to (170508.23.0)
07/07/26 23:21:37 Event: ULOG_SUBMIT for HTCondor Node COLLECT (170508.23.0) {07/07/26 23:21:31}
07/07/26 23:21:37 Number of idle job procs: 17
07/07/26 23:21:37 Reassigning the id of job COLLECT from (170508.23.0) to (170508.24.0)
07/07/26 23:21:37 Event: ULOG_SUBMIT for HTCondor Node COLLECT (170508.24.0) {07/07/26 23:21:31}
07/07/26 23:21:37 Number of idle job procs: 18
07/07/26 23:21:37 Reassigning the id of job COLLECT from (170508.24.0) to (170508.25.0)
07/07/26 23:21:37 Event: ULOG_SUBMIT for HTCondor Node COLLECT (170508.25.0) {07/07/26 23:21:31}
07/07/26 23:21:37 Number of idle job procs: 19
07/07/26 23:21:37 Reassigning the id of job COLLECT from (170508.25.0) to (170508.26.0)
07/07/26 23:21:37 Event: ULOG_SUBMIT for HTCondor Node COLLECT (170508.26.0) {07/07/26 23:21:31}
07/07/26 23:21:37 Number of idle job procs: 20
07/07/26 23:21:37 Reassigning the id of job COLLECT from (170508.26.0) to (170508.27.0)
07/07/26 23:21:37 Event: ULOG_SUBMIT for HTCondor Node COLLECT (170508.27.0) {07/07/26 23:21:31}
07/07/26 23:21:37 Number of idle job procs: 21
07/07/26 23:21:37 Reassigning the id of job COLLECT from (170508.27.0) to (170508.28.0)
07/07/26 23:21:37 Event: ULOG_SUBMIT for HTCondor Node COLLECT (170508.28.0) {07/07/26 23:21:31}
07/07/26 23:21:37 Number of idle job procs: 22
07/07/26 23:21:37 Reassigning the id of job COLLECT from (170508.28.0) to (170508.29.0)
07/07/26 23:21:37 Event: ULOG_SUBMIT for HTCondor Node COLLECT (170508.29.0) {07/07/26 23:21:31}
07/07/26 23:21:37 Number of idle job procs: 23
07/07/26 23:21:37 Reassigning the id of job COLLECT from (170508.29.0) to (170508.3.0)
07/07/26 23:21:37 Event: ULOG_SUBMIT for HTCondor Node COLLECT (170508.3.0) {07/07/26 23:21:31}
07/07/26 23:21:37 Number of idle job procs: 24
07/07/26 23:21:37 Reassigning the id of job COLLECT from (170508.3.0) to (170508.30.0)
07/07/26 23:21:37 Event: ULOG_SUBMIT for HTCondor Node COLLECT (170508.30.0) {07/07/26 23:21:31}
07/07/26 23:21:37 Number of idle job procs: 25
07/07/26 23:21:37 Reassigning the id of job COLLECT from (170508.30.0) to (170508.31.0)
07/07/26 23:21:37 Event: ULOG_SUBMIT for HTCondor Node COLLECT (170508.31.0) {07/07/26 23:21:31}
07/07/26 23:21:37 Number of idle job procs: 26
07/07/26 23:21:37 Reassigning the id of job COLLECT from (170508.31.0) to (170508.32.0)
07/07/26 23:21:37 Event: ULOG_SUBMIT for HTCondor Node COLLECT (170508.32.0) {07/07/26 23:21:31}
07/07/26 23:21:37 Number of idle job procs: 27
07/07/26 23:21:37 Reassigning the id of job COLLECT from (170508.32.0) to (170508.33.0)
07/07/26 23:21:37 Event: ULOG_SUBMIT for HTCondor Node COLLECT (170508.33.0) {07/07/26 23:21:31}
07/07/26 23:21:37 Number of idle job procs: 28
07/07/26 23:21:37 Reassigning the id of job COLLECT from (170508.33.0) to (170508.34.0)
07/07/26 23:21:37 Event: ULOG_SUBMIT for HTCondor Node COLLECT (170508.34.0) {07/07/26 23:21:31}
07/07/26 23:21:37 Number of idle job procs: 29
07/07/26 23:21:37 Reassigning the id of job COLLECT from (170508.34.0) to (170508.35.0)
07/07/26 23:21:37 Event: ULOG_SUBMIT for HTCondor Node COLLECT (170508.35.0) {07/07/26 23:21:31}
07/07/26 23:21:37 Number of idle job procs: 30
07/07/26 23:21:37 Reassigning the id of job COLLECT from (170508.35.0) to (170508.36.0)
07/07/26 23:21:37 Event: ULOG_SUBMIT for HTCondor Node COLLECT (170508.36.0) {07/07/26 23:21:31}
07/07/26 23:21:37 Number of idle job procs: 31
07/07/26 23:21:37 Reassigning the id of job COLLECT from (170508.36.0) to (170508.37.0)
07/07/26 23:21:37 Event: ULOG_SUBMIT for HTCondor Node COLLECT (170508.37.0) {07/07/26 23:21:31}
07/07/26 23:21:37 Number of idle job procs: 32
07/07/26 23:21:37 Reassigning the id of job COLLECT from (170508.37.0) to (170508.38.0)
07/07/26 23:21:37 Event: ULOG_SUBMIT for HTCondor Node COLLECT (170508.38.0) {07/07/26 23:21:31}
07/07/26 23:21:37 Number of idle job procs: 33
07/07/26 23:21:37 Reassigning the id of job COLLECT from (170508.38.0) to (170508.39.0)
07/07/26 23:21:37 Event: ULOG_SUBMIT for HTCondor Node COLLECT (170508.39.0) {07/07/26 23:21:31}
07/07/26 23:21:37 Number of idle job procs: 34
07/07/26 23:21:37 Reassigning the id of job COLLECT from (170508.39.0) to (170508.4.0)
07/07/26 23:21:37 Event: ULOG_SUBMIT for HTCondor Node COLLECT (170508.4.0) {07/07/26 23:21:31}
07/07/26 23:21:37 Number of idle job procs: 35
07/07/26 23:21:37 Reassigning the id of job COLLECT from (170508.4.0) to (170508.5.0)
07/07/26 23:21:37 Event: ULOG_SUBMIT for HTCondor Node COLLECT (170508.5.0) {07/07/26 23:21:31}
07/07/26 23:21:37 Number of idle job procs: 36
07/07/26 23:21:37 Reassigning the id of job COLLECT from (170508.5.0) to (170508.6.0)
07/07/26 23:21:37 Event: ULOG_SUBMIT for HTCondor Node COLLECT (170508.6.0) {07/07/26 23:21:31}
07/07/26 23:21:37 Number of idle job procs: 37
07/07/26 23:21:37 Reassigning the id of job COLLECT from (170508.6.0) to (170508.7.0)
07/07/26 23:21:37 Event: ULOG_SUBMIT for HTCondor Node COLLECT (170508.7.0) {07/07/26 23:21:31}
07/07/26 23:21:37 Number of idle job procs: 38
07/07/26 23:21:37 Reassigning the id of job COLLECT from (170508.7.0) to (170508.8.0)
07/07/26 23:21:37 Event: ULOG_SUBMIT for HTCondor Node COLLECT (170508.8.0) {07/07/26 23:21:31}
07/07/26 23:21:37 Number of idle job procs: 39
07/07/26 23:21:37 Reassigning the id of job COLLECT from (170508.8.0) to (170508.9.0)
07/07/26 23:21:37 Event: ULOG_SUBMIT for HTCondor Node COLLECT (170508.9.0) {07/07/26 23:21:31}
07/07/26 23:21:37 Number of idle job procs: 40
07/07/26 23:31:37 600 seconds since last log event
07/07/26 23:31:37 Pending DAG nodes:
07/07/26 23:31:37   Node COLLECT, HTCondor ID 170508, status STATUS_SUBMITTED
07/07/26 23:36:33 Total jobs placed to AP: 40
07/07/26 23:36:33      Idle     Held     Running     Successful     Failed
07/07/26 23:36:33       ===      ===         ===            ===        ===
07/07/26 23:36:33        40        0           0              0          0
07/07/26 23:37:12 Received SIGUSR1
07/07/26 23:37:12 Aborting DAG...
07/07/26 23:37:12 Writing Rescue DAG to one_way_line_det_one_way_line_40_25_action_shield.dag.rescue002...
07/07/26 23:37:12 Removing submitted jobs...
07/07/26 23:37:12 Removing any/all submitted HTCondor jobs...
07/07/26 23:37:12 Running: /usr/bin/condor_rm -const DAGManJobId==170502 -reason DAG' 'Removed:' 'User' 'removed' 'scheduler' 'job' 'from' 'queue.
07/07/26 23:37:12 Note: 0 total node deferrals because of -MaxJobs limit (0)
07/07/26 23:37:12 Note: 0 total node deferrals because of -MaxIdle limit (1000)
07/07/26 23:37:12 Note: 0 total node deferrals because of node category throttles
07/07/26 23:37:12 Note: 0 total PRE script deferrals because of -MaxPre limit (20) or DEFER
07/07/26 23:37:12 Note: 0 total POST script deferrals because of -MaxPost limit (20) or DEFER
07/07/26 23:37:12 Note: 0 total HOLD script deferrals because of -MaxHold limit (20) or DEFER
07/07/26 23:37:12 DAG status: 4 (DAG_STATUS_RM)
07/07/26 23:37:12 Of 5 nodes total:
07/07/26 23:37:12  Done     Pre   Queued    Post   Ready   Un-Ready   Failed   Futile
07/07/26 23:37:12   ===     ===      ===     ===     ===        ===      ===      ===
07/07/26 23:37:12     0       0        1       0       0          4        0        0
07/07/26 23:37:12 0 job proc(s) currently held
07/07/26 23:37:12 DAGMan Runtime Statistics: [EventCycleTimeAvg=0.003; EventCycleTimeMax=0.375; EventCycleTimeMin=0.000; EventCycleTimeStd=0.028; EventCycleTimeSum=0.481; SleepCycleTimeAvg=5.004; SleepCycleTimeMax=5.016; SleepCycleTimeMin=5.001; SleepCycleTimeStd=0.001; SleepCycleTimeSum=935.743; SubmitCycleTimeAvg=0.002; SubmitCycleTimeMax=0.370; SubmitCycleTimeMin=0.000; SubmitCycleTimeStd=0.027; SubmitCycleTimeSum=0.370; EventCycleTimeCount=188.000; SleepCycleTimeCount=187.000; SubmitCycleTimeCount=188.000; LogProcessCycleTimeAvg=0.062; LogProcessCycleTimeMax=0.062; LogProcessCycleTimeMin=0.062; LogProcessCycleTimeStd=0.062; LogProcessCycleTimeSum=0.062; LogProcessCycleTimeCount=1.000; ]
07/07/26 23:37:12 Wrote metrics file one_way_line_det_one_way_line_40_25_action_shield.dag.metrics.
07/07/26 23:37:12 DAGMan Runtime Statistics: [EventCycleTimeAvg=0.003; EventCycleTimeMax=0.375; EventCycleTimeMin=0.000; EventCycleTimeStd=0.028; EventCycleTimeSum=0.481; SleepCycleTimeAvg=5.004; SleepCycleTimeMax=5.016; SleepCycleTimeMin=5.001; SleepCycleTimeStd=0.001; SleepCycleTimeSum=935.743; SubmitCycleTimeAvg=0.002; SubmitCycleTimeMax=0.370; SubmitCycleTimeMin=0.000; SubmitCycleTimeStd=0.027; SubmitCycleTimeSum=0.370; EventCycleTimeCount=188.000; SleepCycleTimeCount=187.000; SubmitCycleTimeCount=188.000; LogProcessCycleTimeAvg=0.062; LogProcessCycleTimeMax=0.062; LogProcessCycleTimeMin=0.062; LogProcessCycleTimeStd=0.062; LogProcessCycleTimeSum=0.062; LogProcessCycleTimeCount=1.000; ]
07/07/26 23:37:12 **** condor_scheduniv_exec.170502.0 (condor_DAGMAN) pid 707691 EXITING WITH STATUS 2
