07/06/26 18:25:14 ******************************************************
07/06/26 18:25:14 ** condor_scheduniv_exec.170258.0 (CONDOR_DAGMAN) STARTING UP
07/06/26 18:25:14 ** /usr/bin/condor_dagman
07/06/26 18:25:14 ** SubsystemInfo: name=DAGMAN type=DAGMAN(9) class=CLIENT(2)
07/06/26 18:25:14 ** Configuration: subsystem:DAGMAN local:<NONE> class:CLIENT
07/06/26 18:25:14 ** $CondorVersion: 24.12.19 2026-04-15 BuildID: 896241 PackageID: 24.12.19-1+deb12 GitSHA: c68f3e0e $
07/06/26 18:25:14 ** $CondorPlatform: X86_64-Debian_12 $
07/06/26 18:25:14 ** PID = 42712 RealUID = 1620002036
07/06/26 18:25:14 ** Log last touched time unavailable (No such file or directory)
07/06/26 18:25:14 ******************************************************
07/06/26 18:25:14 Using config source: /etc/condor/condor_config
07/06/26 18:25:14 Using local config sources: 
07/06/26 18:25:14    /etc/condor/config.d/01-submit.conf
07/06/26 18:25:14    /etc/condor/config.d/10-stash-plugin.conf
07/06/26 18:25:14    /etc/condor/config.d/23-network.config
07/06/26 18:25:14    /etc/condor/config.d/31-mail.conf
07/06/26 18:25:14    /etc/condor/config.d/35-cc-sync.conf
07/06/26 18:25:14    /etc/condor/config.d/41-periodic-remove.conf
07/06/26 18:25:14    /etc/condor/config.d/49-common.conf
07/06/26 18:25:14    /etc/condor/config.d/52-group-mapping.conf
07/06/26 18:25:14    /etc/condor/config.d/54-container.conf
07/06/26 18:25:14    /etc/condor/config.d/67-submit-transforms.conf
07/06/26 18:25:14    /etc/condor/config.d/71-submit-requirements.conf
07/06/26 18:25:14    /etc/condor/condor_config.local
07/06/26 18:25:14 config Macros = 110, Sorted = 110, StringBytes = 6399, TablesBytes = 4088
07/06/26 18:25:14 CLASSAD_CACHING is ENABLED
07/06/26 18:25:14 Daemon Log is logging: D_ALWAYS D_ERROR D_STATUS
07/06/26 18:25:14 Daemoncore: Listening at <0.0.0.0:27567> on TCP (ReliSock) and UDP (SafeSock).
07/06/26 18:25:14 DaemonCore: command socket at <10.143.248.60:27567?addrs=10.143.248.60-27567&alias=conduit.hpc.uni-saarland.de>
07/06/26 18:25:14 DaemonCore: private command socket at <10.143.248.60:27567?addrs=10.143.248.60-27567&alias=conduit.hpc.uni-saarland.de>
07/06/26 18:25:14 DAGMAN_USE_STRICT setting: 1
07/06/26 18:25:14 DAGMAN_VERBOSITY setting: 3
07/06/26 18:25:14 DAGMAN_DEBUG_CACHE_SIZE setting: 5242880
07/06/26 18:25:14 DAGMAN_DEBUG_CACHE_ENABLE setting: False
07/06/26 18:25:14 DAGMAN_SUBMIT_DELAY setting: 0
07/06/26 18:25:14 DAGMAN_MAX_SUBMIT_ATTEMPTS setting: 6
07/06/26 18:25:14 DAGMAN_STARTUP_CYCLE_DETECT setting: False
07/06/26 18:25:14 DAGMAN_USE_JOIN_NODES setting: True
07/06/26 18:25:14 DAGMAN_REPORT_GRAPH_METRICS setting: False
07/06/26 18:25:14 DAGMAN_MAX_SUBMITS_PER_INTERVAL setting: 100
07/06/26 18:25:14 DAGMAN_AGGRESSIVE_SUBMIT setting: False
07/06/26 18:25:14 DAGMAN_USER_LOG_SCAN_INTERVAL setting: 5
07/06/26 18:25:14 DAGMAN_QUEUE_UPDATE_INTERVAL setting: 300.000000
07/06/26 18:25:14 DAGMAN_DEFAULT_PRIORITY setting: 0
07/06/26 18:25:14 DAGMAN_SUPPRESS_NOTIFICATION setting: False
07/06/26 18:25:14 allow_events (DAGMAN_ALLOW_EVENTS) setting: 114
07/06/26 18:25:14 DAGMAN_RETRY_SUBMIT_FIRST setting: True
07/06/26 18:25:14 DAGMAN_RETRY_NODE_FIRST setting: False
07/06/26 18:25:14 DAGMAN_MAX_JOBS_IDLE setting: 1000
07/06/26 18:25:14 DAGMAN_MAX_JOBS_SUBMITTED setting: 0
07/06/26 18:25:14 DAGMAN_MAX_PRE_SCRIPTS setting: 20
07/06/26 18:25:14 DAGMAN_MAX_POST_SCRIPTS setting: 20
07/06/26 18:25:14 DAGMAN_MAX_HOLD_SCRIPTS setting: 20
07/06/26 18:25:14 DAGMAN_MUNGE_NODE_NAMES setting: True
07/06/26 18:25:14 DAGMAN_ALLOW_ANY_NODE_NAME_CHARACTERS setting: False
07/06/26 18:25:14 DAGMAN_PROHIBIT_MULTI_JOBS setting: False
07/06/26 18:25:14 DAGMAN_SUBMIT_DEPTH_FIRST setting: False
07/06/26 18:25:14 DAGMAN_ALWAYS_RUN_POST setting: False
07/06/26 18:25:14 DAGMAN_CONDOR_SUBMIT_EXE setting: /usr/bin/condor_submit
07/06/26 18:25:14 DAGMAN_CONDOR_RM_EXE setting: /usr/bin/condor_rm
07/06/26 18:25:14 DAGMAN_USE_DIRECT_SUBMIT setting: True
07/06/26 18:25:14 DAGMAN_PRODUCE_JOB_CREDENTIALS setting: True
07/06/26 18:25:14 DAGMAN_DEFAULT_APPEND_VARS setting: False
07/06/26 18:25:14 DAGMAN_INHERIT_ATTRS_PREFIX setting: 
07/06/26 18:25:14 DAGMAN_INHERIT_ATTRS setting: 
07/06/26 18:25:14 DAGMAN_ABORT_DUPLICATES setting: True
07/06/26 18:25:14 DAGMAN_ABORT_ON_SCARY_SUBMIT setting: True
07/06/26 18:25:14 DAGMAN_PENDING_REPORT_INTERVAL setting: 600
07/06/26 18:25:14 DAGMAN_CHECK_QUEUE_INTERVAL setting: 28800
07/06/26 18:25:14 DAGMAN_PRINT_JOB_TABLE_INTERVAL setting: 900
07/06/26 18:25:14 DAGMAN_AUTO_RESCUE setting: True
07/06/26 18:25:14 DAGMAN_MAX_RESCUE_NUM setting: 100
07/06/26 18:25:14 DAGMAN_WRITE_PARTIAL_RESCUE setting: True
07/06/26 18:25:14 DAGMAN_RESET_RETRIES_UPON_RESCUE setting: True
07/06/26 18:25:14 DAGMAN_METRICS_FILE_VERSION setting: 2
07/06/26 18:25:14 DAGMAN_DEFAULT_NODE_LOG setting: @(DAG_DIR)/@(DAG_FILE).nodes.log
07/06/26 18:25:14 DAGMAN_LOG_ON_NFS_IS_ERROR setting: False
07/06/26 18:25:14 DAGMAN_GENERATE_SUBDAG_SUBMITS setting: True
07/06/26 18:25:14 DAGMAN_MAX_JOB_HOLDS setting: 100
07/06/26 18:25:14 DAGMAN_NODE_JOB_FAILURE_TOLERANCE setting: 0
07/06/26 18:25:14 DAGMAN_HOLD_CLAIM_TIME setting: 20
07/06/26 18:25:14 DAGMAN_SUPPRESS_JOB_LOGS setting: False
07/06/26 18:25:14 DAGMAN_REMOVE_NODE_JOBS setting: True
07/06/26 18:25:14 DAGMAN_PUT_FAILED_JOBS_ON_HOLD setting: False
07/06/26 18:25:14 DAGMAN_REMOVE_JOBS_AFTER_LIMIT_CHANGE setting: False
07/06/26 18:25:14 DAGMAN will adjust edges after parsing
07/06/26 18:25:14 argv[0] == "condor_scheduniv_exec.170258.0"
07/06/26 18:25:14 argv[1] == "-Lockfile"
07/06/26 18:25:14 argv[2] == "one_way_line_det_one_way_line_20_10_action_shield.dag.lock"
07/06/26 18:25:14 argv[3] == "-Dag"
07/06/26 18:25:14 argv[4] == "one_way_line_det_one_way_line_20_10_action_shield.dag"
07/06/26 18:25:14 argv[5] == "-CsdVersion"
07/06/26 18:25:14 argv[6] == "$CondorVersion: 24.12.19 2026-04-15 BuildID: 896241 PackageID: 24.12.19-1+deb12 GitSHA: c68f3e0e $"
07/06/26 18:25:14 argv[7] == "-dagman"
07/06/26 18:25:14 argv[8] == "/usr/bin/condor_dagman"
07/06/26 18:25:14 argv[9] == "-AutoRescue"
07/06/26 18:25:14 argv[10] == "1"
07/06/26 18:25:14 argv[11] == "-DoRescueFrom"
07/06/26 18:25:14 argv[12] == "0"
07/06/26 18:25:14 Can't open directory "/etc/condor/passwords.d" as PRIV_ROOT, errno: 13 (Permission denied)
07/06/26 18:25:14 Can't open directory "/etc/condor/passwords.d" as PRIV_ROOT, errno: 13 (Permission denied)
07/06/26 18:25:14 Workflow batch-id: <170258.0>
07/06/26 18:25:14 Workflow batch-name: <one_way_line_det_one_way_line_20_10_action_shield.dag+170258>
07/06/26 18:25:14 Workflow accounting_group: <teaching>
07/06/26 18:25:14 Workflow accounting_group_user: <atml_team041>
07/06/26 18:25:14 Warning: failed to get attribute DAGNodeName
07/06/26 18:25:14 Default node log file is: </home/atml_team041/condor_tutorial/jani_env/experiments/repair_wo_domain/submissions/action_shield/one_way_line_det/./one_way_line_det_one_way_line_20_10_action_shield.dag.nodes.log>
07/06/26 18:25:14 DAG Lockfile will be written to one_way_line_det_one_way_line_20_10_action_shield.dag.lock
07/06/26 18:25:14 DAG Input file is one_way_line_det_one_way_line_20_10_action_shield.dag
07/06/26 18:25:14 Parsing 1 dagfiles
07/06/26 18:25:14 Parsing one_way_line_det_one_way_line_20_10_action_shield.dag ...
07/06/26 18:25:14 Adjusting edges
07/06/26 18:25:14 Dag contains 5 total nodes
07/06/26 18:25:14 Bootstrapping...
07/06/26 18:25:14 Number of pre-completed nodes: 0
07/06/26 18:25:14 MultiLogFiles: truncating log file /home/atml_team041/condor_tutorial/jani_env/experiments/repair_wo_domain/submissions/action_shield/one_way_line_det/./one_way_line_det_one_way_line_20_10_action_shield.dag.nodes.log
07/06/26 18:25:14 DAG status: 0 (DAG_STATUS_OK)
07/06/26 18:25:14 Of 5 nodes total:
07/06/26 18:25:14  Done     Pre   Queued    Post   Ready   Un-Ready   Failed   Futile
07/06/26 18:25:14   ===     ===      ===     ===     ===        ===      ===      ===
07/06/26 18:25:14     0       0        0       0       1          4        0        0
07/06/26 18:25:14 0 job proc(s) currently held
07/06/26 18:25:14 DAGMan Runtime Statistics: [EventCycleTimeSum=0.000; SleepCycleTimeSum=0.000; SubmitCycleTimeSum=0.000; EventCycleTimeCount=0.000; SleepCycleTimeCount=0.000; SubmitCycleTimeCount=0.000; LogProcessCycleTimeSum=0.000; LogProcessCycleTimeCount=0.000; ]
07/06/26 18:25:14 Registering condor_event_timer...
07/06/26 18:25:15 Submitting HTCondor Node COLLECT job(s)...
07/06/26 18:25:15 Submitting node COLLECT from file one_way_line_det_one_way_line_20_10_action_shield_collect.sub using direct job submission
07/06/26 18:25:15 	assigned HTCondor ID (170267.0.0)
07/06/26 18:25:16 Just submitted 1 job this cycle...
07/06/26 18:25:16 DAG status: 0 (DAG_STATUS_OK)
07/06/26 18:25:16 Of 5 nodes total:
07/06/26 18:25:16  Done     Pre   Queued    Post   Ready   Un-Ready   Failed   Futile
07/06/26 18:25:16   ===     ===      ===     ===     ===        ===      ===      ===
07/06/26 18:25:16     0       0        1       0       0          4        0        0
07/06/26 18:25:16 0 job proc(s) currently held
07/06/26 18:25:16 DAGMan Runtime Statistics: [EventCycleTimeSum=0.000; SleepCycleTimeSum=0.000; SubmitCycleTimeAvg=0.751; SubmitCycleTimeMax=0.751; SubmitCycleTimeMin=0.751; SubmitCycleTimeStd=0.751; SubmitCycleTimeSum=0.751; EventCycleTimeCount=0.000; SleepCycleTimeCount=0.000; SubmitCycleTimeCount=1.000; LogProcessCycleTimeSum=0.000; LogProcessCycleTimeCount=0.000; ]
07/06/26 18:25:21 Currently monitoring 1 HTCondor log file(s)
07/06/26 18:25:21 Reassigning the id of job COLLECT from (170267.0.0) to (170267.0.0)
07/06/26 18:25:21 Event: ULOG_SUBMIT for HTCondor Node COLLECT (170267.0.0) {07/06/26 18:25:15}
07/06/26 18:25:21 Number of idle job procs: 1
07/06/26 18:25:21 Reassigning the id of job COLLECT from (170267.0.0) to (170267.1.0)
07/06/26 18:25:21 Event: ULOG_SUBMIT for HTCondor Node COLLECT (170267.1.0) {07/06/26 18:25:15}
07/06/26 18:25:21 Number of idle job procs: 2
07/06/26 18:25:21 Reassigning the id of job COLLECT from (170267.1.0) to (170267.10.0)
07/06/26 18:25:21 Event: ULOG_SUBMIT for HTCondor Node COLLECT (170267.10.0) {07/06/26 18:25:15}
07/06/26 18:25:21 Number of idle job procs: 3
07/06/26 18:25:21 Reassigning the id of job COLLECT from (170267.10.0) to (170267.11.0)
07/06/26 18:25:21 Event: ULOG_SUBMIT for HTCondor Node COLLECT (170267.11.0) {07/06/26 18:25:15}
07/06/26 18:25:21 Number of idle job procs: 4
07/06/26 18:25:21 Reassigning the id of job COLLECT from (170267.11.0) to (170267.12.0)
07/06/26 18:25:21 Event: ULOG_SUBMIT for HTCondor Node COLLECT (170267.12.0) {07/06/26 18:25:15}
07/06/26 18:25:21 Number of idle job procs: 5
07/06/26 18:25:21 Reassigning the id of job COLLECT from (170267.12.0) to (170267.13.0)
07/06/26 18:25:21 Event: ULOG_SUBMIT for HTCondor Node COLLECT (170267.13.0) {07/06/26 18:25:15}
07/06/26 18:25:21 Number of idle job procs: 6
07/06/26 18:25:21 Reassigning the id of job COLLECT from (170267.13.0) to (170267.14.0)
07/06/26 18:25:21 Event: ULOG_SUBMIT for HTCondor Node COLLECT (170267.14.0) {07/06/26 18:25:15}
07/06/26 18:25:21 Number of idle job procs: 7
07/06/26 18:25:21 Reassigning the id of job COLLECT from (170267.14.0) to (170267.15.0)
07/06/26 18:25:21 Event: ULOG_SUBMIT for HTCondor Node COLLECT (170267.15.0) {07/06/26 18:25:15}
07/06/26 18:25:21 Number of idle job procs: 8
07/06/26 18:25:21 Reassigning the id of job COLLECT from (170267.15.0) to (170267.16.0)
07/06/26 18:25:21 Event: ULOG_SUBMIT for HTCondor Node COLLECT (170267.16.0) {07/06/26 18:25:15}
07/06/26 18:25:21 Number of idle job procs: 9
07/06/26 18:25:21 Reassigning the id of job COLLECT from (170267.16.0) to (170267.17.0)
07/06/26 18:25:21 Event: ULOG_SUBMIT for HTCondor Node COLLECT (170267.17.0) {07/06/26 18:25:15}
07/06/26 18:25:21 Number of idle job procs: 10
07/06/26 18:25:21 Reassigning the id of job COLLECT from (170267.17.0) to (170267.18.0)
07/06/26 18:25:21 Event: ULOG_SUBMIT for HTCondor Node COLLECT (170267.18.0) {07/06/26 18:25:15}
07/06/26 18:25:21 Number of idle job procs: 11
07/06/26 18:25:21 Reassigning the id of job COLLECT from (170267.18.0) to (170267.19.0)
07/06/26 18:25:21 Event: ULOG_SUBMIT for HTCondor Node COLLECT (170267.19.0) {07/06/26 18:25:15}
07/06/26 18:25:21 Number of idle job procs: 12
07/06/26 18:25:21 Reassigning the id of job COLLECT from (170267.19.0) to (170267.2.0)
07/06/26 18:25:21 Event: ULOG_SUBMIT for HTCondor Node COLLECT (170267.2.0) {07/06/26 18:25:15}
07/06/26 18:25:21 Number of idle job procs: 13
07/06/26 18:25:21 Reassigning the id of job COLLECT from (170267.2.0) to (170267.20.0)
07/06/26 18:25:21 Event: ULOG_SUBMIT for HTCondor Node COLLECT (170267.20.0) {07/06/26 18:25:15}
07/06/26 18:25:21 Number of idle job procs: 14
07/06/26 18:25:21 Reassigning the id of job COLLECT from (170267.20.0) to (170267.21.0)
07/06/26 18:25:21 Event: ULOG_SUBMIT for HTCondor Node COLLECT (170267.21.0) {07/06/26 18:25:15}
07/06/26 18:25:21 Number of idle job procs: 15
07/06/26 18:25:21 Reassigning the id of job COLLECT from (170267.21.0) to (170267.22.0)
07/06/26 18:25:21 Event: ULOG_SUBMIT for HTCondor Node COLLECT (170267.22.0) {07/06/26 18:25:15}
07/06/26 18:25:21 Number of idle job procs: 16
07/06/26 18:25:21 Reassigning the id of job COLLECT from (170267.22.0) to (170267.23.0)
07/06/26 18:25:21 Event: ULOG_SUBMIT for HTCondor Node COLLECT (170267.23.0) {07/06/26 18:25:15}
07/06/26 18:25:21 Number of idle job procs: 17
07/06/26 18:25:21 Reassigning the id of job COLLECT from (170267.23.0) to (170267.24.0)
07/06/26 18:25:21 Event: ULOG_SUBMIT for HTCondor Node COLLECT (170267.24.0) {07/06/26 18:25:15}
07/06/26 18:25:21 Number of idle job procs: 18
07/06/26 18:25:21 Reassigning the id of job COLLECT from (170267.24.0) to (170267.25.0)
07/06/26 18:25:21 Event: ULOG_SUBMIT for HTCondor Node COLLECT (170267.25.0) {07/06/26 18:25:15}
07/06/26 18:25:21 Number of idle job procs: 19
07/06/26 18:25:21 Reassigning the id of job COLLECT from (170267.25.0) to (170267.26.0)
07/06/26 18:25:21 Event: ULOG_SUBMIT for HTCondor Node COLLECT (170267.26.0) {07/06/26 18:25:15}
07/06/26 18:25:21 Number of idle job procs: 20
07/06/26 18:25:21 Reassigning the id of job COLLECT from (170267.26.0) to (170267.27.0)
07/06/26 18:25:21 Event: ULOG_SUBMIT for HTCondor Node COLLECT (170267.27.0) {07/06/26 18:25:15}
07/06/26 18:25:21 Number of idle job procs: 21
07/06/26 18:25:21 Reassigning the id of job COLLECT from (170267.27.0) to (170267.28.0)
07/06/26 18:25:21 Event: ULOG_SUBMIT for HTCondor Node COLLECT (170267.28.0) {07/06/26 18:25:15}
07/06/26 18:25:21 Number of idle job procs: 22
07/06/26 18:25:21 Reassigning the id of job COLLECT from (170267.28.0) to (170267.29.0)
07/06/26 18:25:21 Event: ULOG_SUBMIT for HTCondor Node COLLECT (170267.29.0) {07/06/26 18:25:15}
07/06/26 18:25:21 Number of idle job procs: 23
07/06/26 18:25:21 Reassigning the id of job COLLECT from (170267.29.0) to (170267.3.0)
07/06/26 18:25:21 Event: ULOG_SUBMIT for HTCondor Node COLLECT (170267.3.0) {07/06/26 18:25:15}
07/06/26 18:25:21 Number of idle job procs: 24
07/06/26 18:25:21 Reassigning the id of job COLLECT from (170267.3.0) to (170267.30.0)
07/06/26 18:25:21 Event: ULOG_SUBMIT for HTCondor Node COLLECT (170267.30.0) {07/06/26 18:25:15}
07/06/26 18:25:21 Number of idle job procs: 25
07/06/26 18:25:21 Reassigning the id of job COLLECT from (170267.30.0) to (170267.31.0)
07/06/26 18:25:21 Event: ULOG_SUBMIT for HTCondor Node COLLECT (170267.31.0) {07/06/26 18:25:15}
07/06/26 18:25:21 Number of idle job procs: 26
07/06/26 18:25:21 Reassigning the id of job COLLECT from (170267.31.0) to (170267.32.0)
07/06/26 18:25:21 Event: ULOG_SUBMIT for HTCondor Node COLLECT (170267.32.0) {07/06/26 18:25:15}
07/06/26 18:25:21 Number of idle job procs: 27
07/06/26 18:25:21 Reassigning the id of job COLLECT from (170267.32.0) to (170267.33.0)
07/06/26 18:25:21 Event: ULOG_SUBMIT for HTCondor Node COLLECT (170267.33.0) {07/06/26 18:25:15}
07/06/26 18:25:21 Number of idle job procs: 28
07/06/26 18:25:21 Reassigning the id of job COLLECT from (170267.33.0) to (170267.34.0)
07/06/26 18:25:21 Event: ULOG_SUBMIT for HTCondor Node COLLECT (170267.34.0) {07/06/26 18:25:15}
07/06/26 18:25:21 Number of idle job procs: 29
07/06/26 18:25:21 Reassigning the id of job COLLECT from (170267.34.0) to (170267.35.0)
07/06/26 18:25:21 Event: ULOG_SUBMIT for HTCondor Node COLLECT (170267.35.0) {07/06/26 18:25:15}
07/06/26 18:25:21 Number of idle job procs: 30
07/06/26 18:25:21 Reassigning the id of job COLLECT from (170267.35.0) to (170267.36.0)
07/06/26 18:25:21 Event: ULOG_SUBMIT for HTCondor Node COLLECT (170267.36.0) {07/06/26 18:25:15}
07/06/26 18:25:21 Number of idle job procs: 31
07/06/26 18:25:21 Reassigning the id of job COLLECT from (170267.36.0) to (170267.37.0)
07/06/26 18:25:21 Event: ULOG_SUBMIT for HTCondor Node COLLECT (170267.37.0) {07/06/26 18:25:15}
07/06/26 18:25:21 Number of idle job procs: 32
07/06/26 18:25:21 Reassigning the id of job COLLECT from (170267.37.0) to (170267.38.0)
07/06/26 18:25:21 Event: ULOG_SUBMIT for HTCondor Node COLLECT (170267.38.0) {07/06/26 18:25:15}
07/06/26 18:25:21 Number of idle job procs: 33
07/06/26 18:25:21 Reassigning the id of job COLLECT from (170267.38.0) to (170267.39.0)
07/06/26 18:25:21 Event: ULOG_SUBMIT for HTCondor Node COLLECT (170267.39.0) {07/06/26 18:25:15}
07/06/26 18:25:21 Number of idle job procs: 34
07/06/26 18:25:21 Reassigning the id of job COLLECT from (170267.39.0) to (170267.4.0)
07/06/26 18:25:21 Event: ULOG_SUBMIT for HTCondor Node COLLECT (170267.4.0) {07/06/26 18:25:15}
07/06/26 18:25:21 Number of idle job procs: 35
07/06/26 18:25:21 Reassigning the id of job COLLECT from (170267.4.0) to (170267.5.0)
07/06/26 18:25:21 Event: ULOG_SUBMIT for HTCondor Node COLLECT (170267.5.0) {07/06/26 18:25:15}
07/06/26 18:25:21 Number of idle job procs: 36
07/06/26 18:25:21 Reassigning the id of job COLLECT from (170267.5.0) to (170267.6.0)
07/06/26 18:25:21 Event: ULOG_SUBMIT for HTCondor Node COLLECT (170267.6.0) {07/06/26 18:25:15}
07/06/26 18:25:21 Number of idle job procs: 37
07/06/26 18:25:21 Reassigning the id of job COLLECT from (170267.6.0) to (170267.7.0)
07/06/26 18:25:21 Event: ULOG_SUBMIT for HTCondor Node COLLECT (170267.7.0) {07/06/26 18:25:15}
07/06/26 18:25:21 Number of idle job procs: 38
07/06/26 18:25:21 Reassigning the id of job COLLECT from (170267.7.0) to (170267.8.0)
07/06/26 18:25:21 Event: ULOG_SUBMIT for HTCondor Node COLLECT (170267.8.0) {07/06/26 18:25:15}
07/06/26 18:25:21 Number of idle job procs: 39
07/06/26 18:25:21 Reassigning the id of job COLLECT from (170267.8.0) to (170267.9.0)
07/06/26 18:25:21 Event: ULOG_SUBMIT for HTCondor Node COLLECT (170267.9.0) {07/06/26 18:25:15}
07/06/26 18:25:21 Number of idle job procs: 40
07/06/26 18:35:21 600 seconds since last log event
07/06/26 18:35:21 Pending DAG nodes:
07/06/26 18:35:21   Node COLLECT, HTCondor ID 170267, status STATUS_SUBMITTED
07/06/26 18:40:16 Total jobs placed to AP: 40
07/06/26 18:40:16      Idle     Held     Running     Successful     Failed
07/06/26 18:40:16       ===      ===         ===            ===        ===
07/06/26 18:40:16        40        0           0              0          0
07/06/26 18:45:21 1200 seconds since last log event
07/06/26 18:45:21 Pending DAG nodes:
07/06/26 18:45:21   Node COLLECT, HTCondor ID 170267, status STATUS_SUBMITTED
07/06/26 18:55:16 Total jobs placed to AP: 40
07/06/26 18:55:16      Idle     Held     Running     Successful     Failed
07/06/26 18:55:16       ===      ===         ===            ===        ===
07/06/26 18:55:16        40        0           0              0          0
07/06/26 18:55:21 1800 seconds since last log event
07/06/26 18:55:21 Pending DAG nodes:
07/06/26 18:55:21   Node COLLECT, HTCondor ID 170267, status STATUS_SUBMITTED
07/06/26 19:05:22 2401 seconds since last log event
07/06/26 19:05:22 Pending DAG nodes:
07/06/26 19:05:22   Node COLLECT, HTCondor ID 170267, status STATUS_SUBMITTED
07/06/26 19:10:17 Total jobs placed to AP: 40
07/06/26 19:10:17      Idle     Held     Running     Successful     Failed
07/06/26 19:10:17       ===      ===         ===            ===        ===
07/06/26 19:10:17        40        0           0              0          0
07/06/26 19:15:22 3001 seconds since last log event
07/06/26 19:15:22 Pending DAG nodes:
07/06/26 19:15:22   Node COLLECT, HTCondor ID 170267, status STATUS_SUBMITTED
07/06/26 19:25:18 Total jobs placed to AP: 40
07/06/26 19:25:18      Idle     Held     Running     Successful     Failed
07/06/26 19:25:18       ===      ===         ===            ===        ===
07/06/26 19:25:18        40        0           0              0          0
07/06/26 19:25:23 3602 seconds since last log event
07/06/26 19:25:23 Pending DAG nodes:
07/06/26 19:25:23   Node COLLECT, HTCondor ID 170267, status STATUS_SUBMITTED
07/06/26 19:35:23 4202 seconds since last log event
07/06/26 19:35:23 Pending DAG nodes:
07/06/26 19:35:23   Node COLLECT, HTCondor ID 170267, status STATUS_SUBMITTED
07/06/26 19:40:19 Total jobs placed to AP: 40
07/06/26 19:40:19      Idle     Held     Running     Successful     Failed
07/06/26 19:40:19       ===      ===         ===            ===        ===
07/06/26 19:40:19        40        0           0              0          0
07/06/26 19:45:24 4803 seconds since last log event
07/06/26 19:45:24 Pending DAG nodes:
07/06/26 19:45:24   Node COLLECT, HTCondor ID 170267, status STATUS_SUBMITTED
07/06/26 19:55:19 Total jobs placed to AP: 40
07/06/26 19:55:19      Idle     Held     Running     Successful     Failed
07/06/26 19:55:19       ===      ===         ===            ===        ===
07/06/26 19:55:19        40        0           0              0          0
07/06/26 19:55:24 5403 seconds since last log event
07/06/26 19:55:24 Pending DAG nodes:
07/06/26 19:55:24   Node COLLECT, HTCondor ID 170267, status STATUS_SUBMITTED
07/06/26 20:05:25 6004 seconds since last log event
07/06/26 20:05:25 Pending DAG nodes:
07/06/26 20:05:25   Node COLLECT, HTCondor ID 170267, status STATUS_SUBMITTED
07/06/26 20:10:20 Total jobs placed to AP: 40
07/06/26 20:10:20      Idle     Held     Running     Successful     Failed
07/06/26 20:10:20       ===      ===         ===            ===        ===
07/06/26 20:10:20        40        0           0              0          0
07/06/26 20:15:26 6605 seconds since last log event
07/06/26 20:15:26 Pending DAG nodes:
07/06/26 20:15:26   Node COLLECT, HTCondor ID 170267, status STATUS_SUBMITTED
07/06/26 20:25:21 Total jobs placed to AP: 40
07/06/26 20:25:21      Idle     Held     Running     Successful     Failed
07/06/26 20:25:21       ===      ===         ===            ===        ===
07/06/26 20:25:21        40        0           0              0          0
07/06/26 20:25:26 7205 seconds since last log event
07/06/26 20:25:26 Pending DAG nodes:
07/06/26 20:25:26   Node COLLECT, HTCondor ID 170267, status STATUS_SUBMITTED
07/06/26 20:35:27 7806 seconds since last log event
07/06/26 20:35:27 Pending DAG nodes:
07/06/26 20:35:27   Node COLLECT, HTCondor ID 170267, status STATUS_SUBMITTED
07/06/26 20:40:22 Total jobs placed to AP: 40
07/06/26 20:40:22      Idle     Held     Running     Successful     Failed
07/06/26 20:40:22       ===      ===         ===            ===        ===
07/06/26 20:40:22        40        0           0              0          0
07/06/26 20:45:27 8406 seconds since last log event
07/06/26 20:45:27 Pending DAG nodes:
07/06/26 20:45:27   Node COLLECT, HTCondor ID 170267, status STATUS_SUBMITTED
07/06/26 20:55:23 Total jobs placed to AP: 40
07/06/26 20:55:23      Idle     Held     Running     Successful     Failed
07/06/26 20:55:23       ===      ===         ===            ===        ===
07/06/26 20:55:23        40        0           0              0          0
07/06/26 20:55:28 9007 seconds since last log event
07/06/26 20:55:28 Pending DAG nodes:
07/06/26 20:55:28   Node COLLECT, HTCondor ID 170267, status STATUS_SUBMITTED
07/06/26 21:05:28 9607 seconds since last log event
07/06/26 21:05:28 Pending DAG nodes:
07/06/26 21:05:28   Node COLLECT, HTCondor ID 170267, status STATUS_SUBMITTED
07/06/26 21:10:24 Total jobs placed to AP: 40
07/06/26 21:10:24      Idle     Held     Running     Successful     Failed
07/06/26 21:10:24       ===      ===         ===            ===        ===
07/06/26 21:10:24        40        0           0              0          0
07/06/26 21:15:29 10208 seconds since last log event
07/06/26 21:15:29 Pending DAG nodes:
07/06/26 21:15:29   Node COLLECT, HTCondor ID 170267, status STATUS_SUBMITTED
07/06/26 21:25:24 Total jobs placed to AP: 40
07/06/26 21:25:24      Idle     Held     Running     Successful     Failed
07/06/26 21:25:24       ===      ===         ===            ===        ===
07/06/26 21:25:24        40        0           0              0          0
07/06/26 21:25:29 10808 seconds since last log event
07/06/26 21:25:29 Pending DAG nodes:
07/06/26 21:25:29   Node COLLECT, HTCondor ID 170267, status STATUS_SUBMITTED
07/06/26 21:35:30 11409 seconds since last log event
07/06/26 21:35:30 Pending DAG nodes:
07/06/26 21:35:30   Node COLLECT, HTCondor ID 170267, status STATUS_SUBMITTED
07/06/26 21:40:25 Total jobs placed to AP: 40
07/06/26 21:40:25      Idle     Held     Running     Successful     Failed
07/06/26 21:40:25       ===      ===         ===            ===        ===
07/06/26 21:40:25        40        0           0              0          0
07/06/26 21:45:30 12009 seconds since last log event
07/06/26 21:45:30 Pending DAG nodes:
07/06/26 21:45:30   Node COLLECT, HTCondor ID 170267, status STATUS_SUBMITTED
07/06/26 21:55:26 Total jobs placed to AP: 40
07/06/26 21:55:26      Idle     Held     Running     Successful     Failed
07/06/26 21:55:26       ===      ===         ===            ===        ===
07/06/26 21:55:26        40        0           0              0          0
07/06/26 21:55:31 12610 seconds since last log event
07/06/26 21:55:31 Pending DAG nodes:
07/06/26 21:55:31   Node COLLECT, HTCondor ID 170267, status STATUS_SUBMITTED
07/06/26 22:05:31 13210 seconds since last log event
07/06/26 22:05:31 Pending DAG nodes:
07/06/26 22:05:31   Node COLLECT, HTCondor ID 170267, status STATUS_SUBMITTED
07/06/26 22:10:27 Total jobs placed to AP: 40
07/06/26 22:10:27      Idle     Held     Running     Successful     Failed
07/06/26 22:10:27       ===      ===         ===            ===        ===
07/06/26 22:10:27        40        0           0              0          0
07/06/26 22:15:32 13811 seconds since last log event
07/06/26 22:15:32 Pending DAG nodes:
07/06/26 22:15:32   Node COLLECT, HTCondor ID 170267, status STATUS_SUBMITTED
07/06/26 22:25:27 Total jobs placed to AP: 40
07/06/26 22:25:27      Idle     Held     Running     Successful     Failed
07/06/26 22:25:27       ===      ===         ===            ===        ===
07/06/26 22:25:27        40        0           0              0          0
07/06/26 22:25:32 14411 seconds since last log event
07/06/26 22:25:32 Pending DAG nodes:
07/06/26 22:25:32   Node COLLECT, HTCondor ID 170267, status STATUS_SUBMITTED
07/06/26 22:35:35 15014 seconds since last log event
07/06/26 22:35:41 Pending DAG nodes:
07/06/26 22:35:41   Node COLLECT, HTCondor ID 170267, status STATUS_SUBMITTED
07/06/26 22:40:31 Total jobs placed to AP: 40
07/06/26 22:40:39      Idle     Held     Running     Successful     Failed
07/06/26 22:40:39       ===      ===         ===            ===        ===
07/06/26 22:40:39        40        0           0              0          0
07/06/26 22:45:35 15614 seconds since last log event
07/06/26 22:45:35 Pending DAG nodes:
07/06/26 22:45:35   Node COLLECT, HTCondor ID 170267, status STATUS_SUBMITTED
07/06/26 22:55:35 16214 seconds since last log event
07/06/26 22:55:35 Pending DAG nodes:
07/06/26 22:55:35   Node COLLECT, HTCondor ID 170267, status STATUS_SUBMITTED
07/06/26 22:55:40 Total jobs placed to AP: 40
07/06/26 22:55:40      Idle     Held     Running     Successful     Failed
07/06/26 22:55:40       ===      ===         ===            ===        ===
07/06/26 22:55:40        40        0           0              0          0
07/06/26 23:05:36 16815 seconds since last log event
07/06/26 23:05:36 Pending DAG nodes:
07/06/26 23:05:36   Node COLLECT, HTCondor ID 170267, status STATUS_SUBMITTED
07/06/26 23:10:41 Total jobs placed to AP: 40
07/06/26 23:10:41      Idle     Held     Running     Successful     Failed
07/06/26 23:10:41       ===      ===         ===            ===        ===
07/06/26 23:10:41        40        0           0              0          0
07/06/26 23:15:36 17415 seconds since last log event
07/06/26 23:15:36 Pending DAG nodes:
07/06/26 23:15:36   Node COLLECT, HTCondor ID 170267, status STATUS_SUBMITTED
07/06/26 23:25:37 18016 seconds since last log event
07/06/26 23:25:37 Pending DAG nodes:
07/06/26 23:25:37   Node COLLECT, HTCondor ID 170267, status STATUS_SUBMITTED
07/06/26 23:25:42 Total jobs placed to AP: 40
07/06/26 23:25:42      Idle     Held     Running     Successful     Failed
07/06/26 23:25:42       ===      ===         ===            ===        ===
07/06/26 23:25:42        40        0           0              0          0
07/06/26 23:35:37 18616 seconds since last log event
07/06/26 23:35:37 Pending DAG nodes:
07/06/26 23:35:37   Node COLLECT, HTCondor ID 170267, status STATUS_SUBMITTED
07/06/26 23:40:43 Total jobs placed to AP: 40
07/06/26 23:40:43      Idle     Held     Running     Successful     Failed
07/06/26 23:40:43       ===      ===         ===            ===        ===
07/06/26 23:40:43        40        0           0              0          0
07/06/26 23:45:38 19217 seconds since last log event
07/06/26 23:45:38 Pending DAG nodes:
07/06/26 23:45:38   Node COLLECT, HTCondor ID 170267, status STATUS_SUBMITTED
07/06/26 23:55:38 19817 seconds since last log event
07/06/26 23:55:38 Pending DAG nodes:
07/06/26 23:55:38   Node COLLECT, HTCondor ID 170267, status STATUS_SUBMITTED
07/06/26 23:55:43 Total jobs placed to AP: 40
07/06/26 23:55:43      Idle     Held     Running     Successful     Failed
07/06/26 23:55:43       ===      ===         ===            ===        ===
07/06/26 23:55:43        40        0           0              0          0
07/07/26 00:05:39 20418 seconds since last log event
07/07/26 00:05:39 Pending DAG nodes:
07/07/26 00:05:39   Node COLLECT, HTCondor ID 170267, status STATUS_SUBMITTED
07/07/26 00:10:44 Total jobs placed to AP: 40
07/07/26 00:10:44      Idle     Held     Running     Successful     Failed
07/07/26 00:10:44       ===      ===         ===            ===        ===
07/07/26 00:10:44        40        0           0              0          0
07/07/26 00:15:39 21018 seconds since last log event
07/07/26 00:15:39 Pending DAG nodes:
07/07/26 00:15:39   Node COLLECT, HTCondor ID 170267, status STATUS_SUBMITTED
07/07/26 00:25:40 21619 seconds since last log event
07/07/26 00:25:40 Pending DAG nodes:
07/07/26 00:25:40   Node COLLECT, HTCondor ID 170267, status STATUS_SUBMITTED
07/07/26 00:25:45 Total jobs placed to AP: 40
07/07/26 00:25:45      Idle     Held     Running     Successful     Failed
07/07/26 00:25:45       ===      ===         ===            ===        ===
07/07/26 00:25:45        40        0           0              0          0
07/07/26 00:35:40 22219 seconds since last log event
07/07/26 00:35:40 Pending DAG nodes:
07/07/26 00:35:40   Node COLLECT, HTCondor ID 170267, status STATUS_SUBMITTED
07/07/26 00:40:46 Total jobs placed to AP: 40
07/07/26 00:40:46      Idle     Held     Running     Successful     Failed
07/07/26 00:40:46       ===      ===         ===            ===        ===
07/07/26 00:40:46        40        0           0              0          0
07/07/26 00:45:41 22820 seconds since last log event
07/07/26 00:45:41 Pending DAG nodes:
07/07/26 00:45:41   Node COLLECT, HTCondor ID 170267, status STATUS_SUBMITTED
07/07/26 00:55:41 23420 seconds since last log event
07/07/26 00:55:41 Pending DAG nodes:
07/07/26 00:55:41   Node COLLECT, HTCondor ID 170267, status STATUS_SUBMITTED
07/07/26 00:55:46 Total jobs placed to AP: 40
07/07/26 00:55:46      Idle     Held     Running     Successful     Failed
07/07/26 00:55:46       ===      ===         ===            ===        ===
07/07/26 00:55:46        40        0           0              0          0
07/07/26 01:05:42 24021 seconds since last log event
07/07/26 01:05:42 Pending DAG nodes:
07/07/26 01:05:42   Node COLLECT, HTCondor ID 170267, status STATUS_SUBMITTED
07/07/26 01:10:47 Total jobs placed to AP: 40
07/07/26 01:10:47      Idle     Held     Running     Successful     Failed
07/07/26 01:10:47       ===      ===         ===            ===        ===
07/07/26 01:10:47        40        0           0              0          0
07/07/26 01:15:42 24621 seconds since last log event
07/07/26 01:15:42 Pending DAG nodes:
07/07/26 01:15:42   Node COLLECT, HTCondor ID 170267, status STATUS_SUBMITTED
07/07/26 01:25:43 25222 seconds since last log event
07/07/26 01:25:43 Pending DAG nodes:
07/07/26 01:25:43   Node COLLECT, HTCondor ID 170267, status STATUS_SUBMITTED
07/07/26 01:25:48 Total jobs placed to AP: 40
07/07/26 01:25:48      Idle     Held     Running     Successful     Failed
07/07/26 01:25:48       ===      ===         ===            ===        ===
07/07/26 01:25:48        40        0           0              0          0
07/07/26 01:35:43 25822 seconds since last log event
07/07/26 01:35:43 Pending DAG nodes:
07/07/26 01:35:43   Node COLLECT, HTCondor ID 170267, status STATUS_SUBMITTED
07/07/26 01:40:49 Total jobs placed to AP: 40
07/07/26 01:40:49      Idle     Held     Running     Successful     Failed
07/07/26 01:40:49       ===      ===         ===            ===        ===
07/07/26 01:40:49        40        0           0              0          0
07/07/26 01:45:44 26423 seconds since last log event
07/07/26 01:45:44 Pending DAG nodes:
07/07/26 01:45:44   Node COLLECT, HTCondor ID 170267, status STATUS_SUBMITTED
07/07/26 01:55:44 27023 seconds since last log event
07/07/26 01:55:44 Pending DAG nodes:
07/07/26 01:55:44   Node COLLECT, HTCondor ID 170267, status STATUS_SUBMITTED
07/07/26 01:55:50 Total jobs placed to AP: 40
07/07/26 01:55:50      Idle     Held     Running     Successful     Failed
07/07/26 01:55:50       ===      ===         ===            ===        ===
07/07/26 01:55:50        40        0           0              0          0
07/07/26 02:05:45 27624 seconds since last log event
07/07/26 02:05:45 Pending DAG nodes:
07/07/26 02:05:45   Node COLLECT, HTCondor ID 170267, status STATUS_SUBMITTED
07/07/26 02:10:50 Total jobs placed to AP: 40
07/07/26 02:10:50      Idle     Held     Running     Successful     Failed
07/07/26 02:10:50       ===      ===         ===            ===        ===
07/07/26 02:10:50        40        0           0              0          0
07/07/26 02:15:45 28224 seconds since last log event
07/07/26 02:15:45 Pending DAG nodes:
07/07/26 02:15:45   Node COLLECT, HTCondor ID 170267, status STATUS_SUBMITTED
07/07/26 02:25:45 28824 seconds since last log event
07/07/26 02:25:45 Pending DAG nodes:
07/07/26 02:25:45   Node COLLECT, HTCondor ID 170267, status STATUS_SUBMITTED
07/07/26 02:25:45 Querying local schedd for associated jobs in queue
07/07/26 02:25:45 All pending job states validated
07/07/26 02:25:50 Total jobs placed to AP: 40
07/07/26 02:25:50      Idle     Held     Running     Successful     Failed
07/07/26 02:25:50       ===      ===         ===            ===        ===
07/07/26 02:25:50        40        0           0              0          0
07/07/26 02:35:46 29425 seconds since last log event
07/07/26 02:35:46 Pending DAG nodes:
07/07/26 02:35:46   Node COLLECT, HTCondor ID 170267, status STATUS_SUBMITTED
07/07/26 02:40:51 Total jobs placed to AP: 40
07/07/26 02:40:51      Idle     Held     Running     Successful     Failed
07/07/26 02:40:51       ===      ===         ===            ===        ===
07/07/26 02:40:51        40        0           0              0          0
07/07/26 02:45:46 30025 seconds since last log event
07/07/26 02:45:46 Pending DAG nodes:
07/07/26 02:45:46   Node COLLECT, HTCondor ID 170267, status STATUS_SUBMITTED
07/07/26 02:55:47 30626 seconds since last log event
07/07/26 02:55:47 Pending DAG nodes:
07/07/26 02:55:47   Node COLLECT, HTCondor ID 170267, status STATUS_SUBMITTED
07/07/26 02:55:52 Total jobs placed to AP: 40
07/07/26 02:55:52      Idle     Held     Running     Successful     Failed
07/07/26 02:55:52       ===      ===         ===            ===        ===
07/07/26 02:55:52        40        0           0              0          0
07/07/26 03:05:47 31226 seconds since last log event
07/07/26 03:05:47 Pending DAG nodes:
07/07/26 03:05:47   Node COLLECT, HTCondor ID 170267, status STATUS_SUBMITTED
07/07/26 03:10:53 Total jobs placed to AP: 40
07/07/26 03:10:53      Idle     Held     Running     Successful     Failed
07/07/26 03:10:53       ===      ===         ===            ===        ===
07/07/26 03:10:53        40        0           0              0          0
07/07/26 03:15:48 31827 seconds since last log event
07/07/26 03:15:48 Pending DAG nodes:
07/07/26 03:15:48   Node COLLECT, HTCondor ID 170267, status STATUS_SUBMITTED
07/07/26 03:25:48 32427 seconds since last log event
07/07/26 03:25:48 Pending DAG nodes:
07/07/26 03:25:48   Node COLLECT, HTCondor ID 170267, status STATUS_SUBMITTED
07/07/26 03:25:53 Total jobs placed to AP: 40
07/07/26 03:25:53      Idle     Held     Running     Successful     Failed
07/07/26 03:25:53       ===      ===         ===            ===        ===
07/07/26 03:25:53        40        0           0              0          0
07/07/26 03:35:49 33028 seconds since last log event
07/07/26 03:35:49 Pending DAG nodes:
07/07/26 03:35:49   Node COLLECT, HTCondor ID 170267, status STATUS_SUBMITTED
07/07/26 03:40:54 Total jobs placed to AP: 40
07/07/26 03:40:54      Idle     Held     Running     Successful     Failed
07/07/26 03:40:54       ===      ===         ===            ===        ===
07/07/26 03:40:54        40        0           0              0          0
07/07/26 03:42:34 Currently monitoring 1 HTCondor log file(s)
07/07/26 03:42:34 Event: ULOG_EXECUTE for HTCondor Node COLLECT (170267.0.0) {07/07/26 03:42:31}
07/07/26 03:42:34 Number of idle job procs: 39
07/07/26 03:42:39 Currently monitoring 1 HTCondor log file(s)
07/07/26 03:42:39 Event: ULOG_EXECUTE for HTCondor Node COLLECT (170267.1.0) {07/07/26 03:42:38}
07/07/26 03:42:39 Number of idle job procs: 38
07/07/26 03:43:24 Currently monitoring 1 HTCondor log file(s)
07/07/26 03:43:24 Event: ULOG_EXECUTE for HTCondor Node COLLECT (170267.2.0) {07/07/26 03:43:21}
07/07/26 03:43:24 Number of idle job procs: 37
07/07/26 03:43:39 Currently monitoring 1 HTCondor log file(s)
07/07/26 03:43:39 Event: ULOG_EXECUTE for HTCondor Node COLLECT (170267.3.0) {07/07/26 03:43:37}
07/07/26 03:43:39 Number of idle job procs: 36
07/07/26 03:44:45 Currently monitoring 1 HTCondor log file(s)
07/07/26 03:44:45 Event: ULOG_EXECUTE for HTCondor Node COLLECT (170267.4.0) {07/07/26 03:44:40}
07/07/26 03:44:45 Number of idle job procs: 35
07/07/26 03:45:00 Currently monitoring 1 HTCondor log file(s)
07/07/26 03:45:00 Event: ULOG_EXECUTE for HTCondor Node COLLECT (170267.5.0) {07/07/26 03:44:56}
07/07/26 03:45:00 Number of idle job procs: 34
07/07/26 03:45:20 Currently monitoring 1 HTCondor log file(s)
07/07/26 03:45:20 Event: ULOG_EXECUTE for HTCondor Node COLLECT (170267.6.0) {07/07/26 03:45:16}
07/07/26 03:45:20 Number of idle job procs: 33
07/07/26 03:46:50 Currently monitoring 1 HTCondor log file(s)
07/07/26 03:46:50 Event: ULOG_EXECUTE for HTCondor Node COLLECT (170267.7.0) {07/07/26 03:46:48}
07/07/26 03:46:50 Number of idle job procs: 32
07/07/26 03:47:15 Currently monitoring 1 HTCondor log file(s)
07/07/26 03:47:15 Event: ULOG_EXECUTE for HTCondor Node COLLECT (170267.8.0) {07/07/26 03:47:13}
07/07/26 03:47:15 Number of idle job procs: 31
07/07/26 03:48:25 Currently monitoring 1 HTCondor log file(s)
07/07/26 03:48:25 Event: ULOG_EXECUTE for HTCondor Node COLLECT (170267.9.0) {07/07/26 03:48:21}
07/07/26 03:48:25 Number of idle job procs: 30
07/07/26 03:48:35 Currently monitoring 1 HTCondor log file(s)
07/07/26 03:48:35 Event: ULOG_EXECUTE for HTCondor Node COLLECT (170267.10.0) {07/07/26 03:48:32}
07/07/26 03:48:35 Number of idle job procs: 29
07/07/26 03:48:40 Currently monitoring 1 HTCondor log file(s)
07/07/26 03:48:40 Event: ULOG_EXECUTE for HTCondor Node COLLECT (170267.11.0) {07/07/26 03:48:38}
07/07/26 03:48:40 Number of idle job procs: 28
07/07/26 03:49:50 Currently monitoring 1 HTCondor log file(s)
07/07/26 03:49:50 Event: ULOG_EXECUTE for HTCondor Node COLLECT (170267.12.0) {07/07/26 03:49:48}
07/07/26 03:49:50 Number of idle job procs: 27
07/07/26 03:51:25 Currently monitoring 1 HTCondor log file(s)
07/07/26 03:51:25 Event: ULOG_EXECUTE for HTCondor Node COLLECT (170267.15.0) {07/07/26 03:51:20}
07/07/26 03:51:25 Number of idle job procs: 26
07/07/26 03:51:25 Event: ULOG_EXECUTE for HTCondor Node COLLECT (170267.14.0) {07/07/26 03:51:20}
07/07/26 03:51:25 Number of idle job procs: 25
07/07/26 03:51:25 Event: ULOG_EXECUTE for HTCondor Node COLLECT (170267.13.0) {07/07/26 03:51:20}
07/07/26 03:51:25 Number of idle job procs: 24
07/07/26 03:52:20 Currently monitoring 1 HTCondor log file(s)
07/07/26 03:52:20 Event: ULOG_EXECUTE for HTCondor Node COLLECT (170267.16.0) {07/07/26 03:52:16}
07/07/26 03:52:20 Number of idle job procs: 23
07/07/26 03:52:25 Currently monitoring 1 HTCondor log file(s)
07/07/26 03:52:25 Event: ULOG_EXECUTE for HTCondor Node COLLECT (170267.17.0) {07/07/26 03:52:21}
07/07/26 03:52:25 Number of idle job procs: 22
07/07/26 03:53:25 Currently monitoring 1 HTCondor log file(s)
07/07/26 03:53:25 Event: ULOG_EXECUTE for HTCondor Node COLLECT (170267.20.0) {07/07/26 03:53:21}
07/07/26 03:53:25 Number of idle job procs: 21
07/07/26 03:53:25 Event: ULOG_EXECUTE for HTCondor Node COLLECT (170267.19.0) {07/07/26 03:53:21}
07/07/26 03:53:25 Number of idle job procs: 20
07/07/26 03:53:25 Event: ULOG_EXECUTE for HTCondor Node COLLECT (170267.18.0) {07/07/26 03:53:21}
07/07/26 03:53:25 Number of idle job procs: 19
07/07/26 03:54:25 Currently monitoring 1 HTCondor log file(s)
07/07/26 03:54:25 Event: ULOG_EXECUTE for HTCondor Node COLLECT (170267.21.0) {07/07/26 03:54:20}
07/07/26 03:54:25 Number of idle job procs: 18
07/07/26 03:55:05 Currently monitoring 1 HTCondor log file(s)
07/07/26 03:55:05 Event: ULOG_EXECUTE for HTCondor Node COLLECT (170267.22.0) {07/07/26 03:55:04}
07/07/26 03:55:05 Number of idle job procs: 17
07/07/26 03:55:20 Currently monitoring 1 HTCondor log file(s)
07/07/26 03:55:20 Event: ULOG_EXECUTE for HTCondor Node COLLECT (170267.23.0) {07/07/26 03:55:18}
07/07/26 03:55:20 Number of idle job procs: 16
07/07/26 03:55:20 Event: ULOG_EXECUTE for HTCondor Node COLLECT (170267.24.0) {07/07/26 03:55:18}
07/07/26 03:55:20 Number of idle job procs: 15
07/07/26 03:55:55 Total jobs placed to AP: 40
07/07/26 03:55:55      Idle     Held     Running     Successful     Failed
07/07/26 03:55:55       ===      ===         ===            ===        ===
07/07/26 03:55:55        15        0          25              0          0
07/07/26 04:04:31 Currently monitoring 1 HTCondor log file(s)
07/07/26 04:04:31 Event: ULOG_JOB_TERMINATED for HTCondor Node COLLECT (170267.0.0) {07/07/26 04:04:30}
07/07/26 04:04:31 Number of idle job procs: 15
07/07/26 04:04:31 Node COLLECT job proc (170267.0.0) completed successfully.
07/07/26 04:05:21 Currently monitoring 1 HTCondor log file(s)
07/07/26 04:05:21 Event: ULOG_EXECUTE for HTCondor Node COLLECT (170267.25.0) {07/07/26 04:05:18}
07/07/26 04:05:21 Number of idle job procs: 14
07/07/26 04:05:56 Currently monitoring 1 HTCondor log file(s)
07/07/26 04:05:56 Event: ULOG_JOB_TERMINATED for HTCondor Node COLLECT (170267.2.0) {07/07/26 04:05:53}
07/07/26 04:05:56 Number of idle job procs: 14
07/07/26 04:05:56 Node COLLECT job proc (170267.2.0) completed successfully.
07/07/26 04:06:21 Currently monitoring 1 HTCondor log file(s)
07/07/26 04:06:21 Event: ULOG_EXECUTE for HTCondor Node COLLECT (170267.26.0) {07/07/26 04:06:18}
07/07/26 04:06:21 Number of idle job procs: 13
07/07/26 04:08:06 Currently monitoring 1 HTCondor log file(s)
07/07/26 04:08:06 Event: ULOG_JOB_TERMINATED for HTCondor Node COLLECT (170267.1.0) {07/07/26 04:08:03}
07/07/26 04:08:06 Number of idle job procs: 13
07/07/26 04:08:06 Node COLLECT job proc (170267.1.0) completed successfully.
07/07/26 04:08:21 Currently monitoring 1 HTCondor log file(s)
07/07/26 04:08:21 Event: ULOG_EXECUTE for HTCondor Node COLLECT (170267.27.0) {07/07/26 04:08:19}
07/07/26 04:08:21 Number of idle job procs: 12
07/07/26 04:08:36 Currently monitoring 1 HTCondor log file(s)
07/07/26 04:08:36 Event: ULOG_JOB_TERMINATED for HTCondor Node COLLECT (170267.3.0) {07/07/26 04:08:35}
07/07/26 04:08:36 Number of idle job procs: 12
07/07/26 04:08:36 Node COLLECT job proc (170267.3.0) completed successfully.
07/07/26 04:08:46 Currently monitoring 1 HTCondor log file(s)
07/07/26 04:08:46 Event: ULOG_JOB_TERMINATED for HTCondor Node COLLECT (170267.4.0) {07/07/26 04:08:41}
07/07/26 04:08:46 Number of idle job procs: 12
07/07/26 04:08:46 Node COLLECT job proc (170267.4.0) completed successfully.
07/07/26 04:09:01 Currently monitoring 1 HTCondor log file(s)
07/07/26 04:09:01 Event: ULOG_JOB_TERMINATED for HTCondor Node COLLECT (170267.6.0) {07/07/26 04:09:00}
07/07/26 04:09:01 Number of idle job procs: 12
07/07/26 04:09:01 Node COLLECT job proc (170267.6.0) completed successfully.
07/07/26 04:09:06 Currently monitoring 1 HTCondor log file(s)
07/07/26 04:09:06 Event: ULOG_JOB_TERMINATED for HTCondor Node COLLECT (170267.5.0) {07/07/26 04:09:03}
07/07/26 04:09:06 Number of idle job procs: 12
07/07/26 04:09:06 Node COLLECT job proc (170267.5.0) completed successfully.
07/07/26 04:09:21 Currently monitoring 1 HTCondor log file(s)
07/07/26 04:09:21 Event: ULOG_EXECUTE for HTCondor Node COLLECT (170267.31.0) {07/07/26 04:09:19}
07/07/26 04:09:21 Number of idle job procs: 11
07/07/26 04:09:21 Event: ULOG_EXECUTE for HTCondor Node COLLECT (170267.29.0) {07/07/26 04:09:19}
07/07/26 04:09:21 Number of idle job procs: 10
07/07/26 04:09:21 Event: ULOG_EXECUTE for HTCondor Node COLLECT (170267.30.0) {07/07/26 04:09:19}
07/07/26 04:09:21 Number of idle job procs: 9
07/07/26 04:09:21 Event: ULOG_EXECUTE for HTCondor Node COLLECT (170267.28.0) {07/07/26 04:09:19}
07/07/26 04:09:21 Number of idle job procs: 8
07/07/26 04:10:21 Currently monitoring 1 HTCondor log file(s)
07/07/26 04:10:21 Event: ULOG_EXECUTE for HTCondor Node COLLECT (170267.32.0) {07/07/26 04:10:18}
07/07/26 04:10:21 Number of idle job procs: 7
07/07/26 04:10:56 Total jobs placed to AP: 40
07/07/26 04:10:56      Idle     Held     Running     Successful     Failed
07/07/26 04:10:56       ===      ===         ===            ===        ===
07/07/26 04:10:56         7        0          26              7          0
07/07/26 04:11:36 Currently monitoring 1 HTCondor log file(s)
07/07/26 04:11:36 Event: ULOG_JOB_TERMINATED for HTCondor Node COLLECT (170267.9.0) {07/07/26 04:11:32}
07/07/26 04:11:36 Number of idle job procs: 7
07/07/26 04:11:36 Node COLLECT job proc (170267.9.0) completed successfully.
07/07/26 04:12:21 Currently monitoring 1 HTCondor log file(s)
07/07/26 04:12:21 Event: ULOG_EXECUTE for HTCondor Node COLLECT (170267.33.0) {07/07/26 04:12:19}
07/07/26 04:12:21 Number of idle job procs: 6
07/07/26 04:12:51 Currently monitoring 1 HTCondor log file(s)
07/07/26 04:12:51 Event: ULOG_JOB_TERMINATED for HTCondor Node COLLECT (170267.7.0) {07/07/26 04:12:51}
07/07/26 04:12:51 Number of idle job procs: 6
07/07/26 04:12:51 Node COLLECT job proc (170267.7.0) completed successfully.
07/07/26 04:13:06 Currently monitoring 1 HTCondor log file(s)
07/07/26 04:13:06 Event: ULOG_JOB_TERMINATED for HTCondor Node COLLECT (170267.15.0) {07/07/26 04:13:02}
07/07/26 04:13:06 Number of idle job procs: 6
07/07/26 04:13:06 Node COLLECT job proc (170267.15.0) completed successfully.
07/07/26 04:13:11 Currently monitoring 1 HTCondor log file(s)
07/07/26 04:13:11 Event: ULOG_JOB_TERMINATED for HTCondor Node COLLECT (170267.10.0) {07/07/26 04:13:06}
07/07/26 04:13:11 Number of idle job procs: 6
07/07/26 04:13:11 Node COLLECT job proc (170267.10.0) completed successfully.
07/07/26 04:13:51 Currently monitoring 1 HTCondor log file(s)
07/07/26 04:13:51 Event: ULOG_JOB_TERMINATED for HTCondor Node COLLECT (170267.8.0) {07/07/26 04:13:49}
07/07/26 04:13:51 Number of idle job procs: 6
07/07/26 04:13:51 Node COLLECT job proc (170267.8.0) completed successfully.
07/07/26 04:13:56 Currently monitoring 1 HTCondor log file(s)
07/07/26 04:13:56 Event: ULOG_EXECUTE for HTCondor Node COLLECT (170267.36.0) {07/07/26 04:13:54}
07/07/26 04:13:56 Number of idle job procs: 5
07/07/26 04:13:56 Event: ULOG_EXECUTE for HTCondor Node COLLECT (170267.34.0) {07/07/26 04:13:54}
07/07/26 04:13:56 Number of idle job procs: 4
07/07/26 04:13:56 Event: ULOG_EXECUTE for HTCondor Node COLLECT (170267.35.0) {07/07/26 04:13:54}
07/07/26 04:13:56 Number of idle job procs: 3
07/07/26 04:14:01 Currently monitoring 1 HTCondor log file(s)
07/07/26 04:14:01 Event: ULOG_JOB_TERMINATED for HTCondor Node COLLECT (170267.11.0) {07/07/26 04:13:59}
07/07/26 04:14:01 Number of idle job procs: 3
07/07/26 04:14:01 Node COLLECT job proc (170267.11.0) completed successfully.
07/07/26 04:14:36 Currently monitoring 1 HTCondor log file(s)
07/07/26 04:14:36 Event: ULOG_JOB_TERMINATED for HTCondor Node COLLECT (170267.14.0) {07/07/26 04:14:36}
07/07/26 04:14:36 Number of idle job procs: 3
07/07/26 04:14:36 Node COLLECT job proc (170267.14.0) completed successfully.
07/07/26 04:14:41 Currently monitoring 1 HTCondor log file(s)
07/07/26 04:14:41 Event: ULOG_JOB_TERMINATED for HTCondor Node COLLECT (170267.12.0) {07/07/26 04:14:40}
07/07/26 04:14:41 Number of idle job procs: 3
07/07/26 04:14:41 Node COLLECT job proc (170267.12.0) completed successfully.
07/07/26 04:14:56 Currently monitoring 1 HTCondor log file(s)
07/07/26 04:14:56 Event: ULOG_EXECUTE for HTCondor Node COLLECT (170267.37.0) {07/07/26 04:14:54}
07/07/26 04:14:56 Number of idle job procs: 2
07/07/26 04:14:56 Event: ULOG_EXECUTE for HTCondor Node COLLECT (170267.38.0) {07/07/26 04:14:54}
07/07/26 04:14:56 Number of idle job procs: 1
07/07/26 04:14:56 Event: ULOG_EXECUTE for HTCondor Node COLLECT (170267.39.0) {07/07/26 04:14:54}
07/07/26 04:14:56 Number of idle job procs: 0
07/07/26 04:15:26 Currently monitoring 1 HTCondor log file(s)
07/07/26 04:15:26 Event: ULOG_JOB_TERMINATED for HTCondor Node COLLECT (170267.17.0) {07/07/26 04:15:23}
07/07/26 04:15:26 Number of idle job procs: 0
07/07/26 04:15:26 Node COLLECT job proc (170267.17.0) completed successfully.
07/07/26 04:15:51 Currently monitoring 1 HTCondor log file(s)
07/07/26 04:15:51 Event: ULOG_JOB_TERMINATED for HTCondor Node COLLECT (170267.13.0) {07/07/26 04:15:48}
07/07/26 04:15:51 Number of idle job procs: 0
07/07/26 04:15:51 Node COLLECT job proc (170267.13.0) completed successfully.
07/07/26 04:16:41 Currently monitoring 1 HTCondor log file(s)
07/07/26 04:16:41 Event: ULOG_JOB_TERMINATED for HTCondor Node COLLECT (170267.20.0) {07/07/26 04:16:40}
07/07/26 04:16:41 Number of idle job procs: 0
07/07/26 04:16:41 Node COLLECT job proc (170267.20.0) completed successfully.
07/07/26 04:17:01 Currently monitoring 1 HTCondor log file(s)
07/07/26 04:17:01 Event: ULOG_JOB_TERMINATED for HTCondor Node COLLECT (170267.16.0) {07/07/26 04:16:56}
07/07/26 04:17:01 Number of idle job procs: 0
07/07/26 04:17:01 Node COLLECT job proc (170267.16.0) completed successfully.
07/07/26 04:17:11 Currently monitoring 1 HTCondor log file(s)
07/07/26 04:17:11 Event: ULOG_JOB_TERMINATED for HTCondor Node COLLECT (170267.19.0) {07/07/26 04:17:09}
07/07/26 04:17:11 Number of idle job procs: 0
07/07/26 04:17:11 Node COLLECT job proc (170267.19.0) completed successfully.
07/07/26 04:17:31 Currently monitoring 1 HTCondor log file(s)
07/07/26 04:17:31 Event: ULOG_JOB_TERMINATED for HTCondor Node COLLECT (170267.18.0) {07/07/26 04:17:29}
07/07/26 04:17:31 Number of idle job procs: 0
07/07/26 04:17:31 Node COLLECT job proc (170267.18.0) completed successfully.
07/07/26 04:19:22 Currently monitoring 1 HTCondor log file(s)
07/07/26 04:19:22 Event: ULOG_JOB_TERMINATED for HTCondor Node COLLECT (170267.21.0) {07/07/26 04:19:20}
07/07/26 04:19:22 Number of idle job procs: 0
07/07/26 04:19:22 Node COLLECT job proc (170267.21.0) completed successfully.
07/07/26 04:19:52 Currently monitoring 1 HTCondor log file(s)
07/07/26 04:19:52 Event: ULOG_JOB_TERMINATED for HTCondor Node COLLECT (170267.22.0) {07/07/26 04:19:51}
07/07/26 04:19:52 Number of idle job procs: 0
07/07/26 04:19:52 Node COLLECT job proc (170267.22.0) completed successfully.
07/07/26 04:20:32 Currently monitoring 1 HTCondor log file(s)
07/07/26 04:20:32 Event: ULOG_JOB_TERMINATED for HTCondor Node COLLECT (170267.24.0) {07/07/26 04:20:30}
07/07/26 04:20:32 Number of idle job procs: 0
07/07/26 04:20:32 Node COLLECT job proc (170267.24.0) completed successfully.
07/07/26 04:20:52 Currently monitoring 1 HTCondor log file(s)
07/07/26 04:20:52 Event: ULOG_JOB_TERMINATED for HTCondor Node COLLECT (170267.23.0) {07/07/26 04:20:50}
07/07/26 04:20:52 Number of idle job procs: 0
07/07/26 04:20:52 Node COLLECT job proc (170267.23.0) completed successfully.
07/07/26 04:25:57 Total jobs placed to AP: 40
07/07/26 04:25:57      Idle     Held     Running     Successful     Failed
07/07/26 04:25:57       ===      ===         ===            ===        ===
07/07/26 04:25:57         0        0          15             25          0
07/07/26 04:28:57 Currently monitoring 1 HTCondor log file(s)
07/07/26 04:28:57 Event: ULOG_JOB_TERMINATED for HTCondor Node COLLECT (170267.25.0) {07/07/26 04:28:53}
07/07/26 04:28:57 Number of idle job procs: 0
07/07/26 04:28:57 Node COLLECT job proc (170267.25.0) completed successfully.
07/07/26 04:31:17 Currently monitoring 1 HTCondor log file(s)
07/07/26 04:31:17 Event: ULOG_JOB_TERMINATED for HTCondor Node COLLECT (170267.26.0) {07/07/26 04:31:15}
07/07/26 04:31:17 Number of idle job procs: 0
07/07/26 04:31:17 Node COLLECT job proc (170267.26.0) completed successfully.
07/07/26 04:33:17 Currently monitoring 1 HTCondor log file(s)
07/07/26 04:33:17 Event: ULOG_JOB_TERMINATED for HTCondor Node COLLECT (170267.32.0) {07/07/26 04:33:15}
07/07/26 04:33:17 Number of idle job procs: 0
07/07/26 04:33:17 Node COLLECT job proc (170267.32.0) completed successfully.
07/07/26 04:33:22 Currently monitoring 1 HTCondor log file(s)
07/07/26 04:33:22 Event: ULOG_JOB_TERMINATED for HTCondor Node COLLECT (170267.31.0) {07/07/26 04:33:20}
07/07/26 04:33:22 Number of idle job procs: 0
07/07/26 04:33:22 Node COLLECT job proc (170267.31.0) completed successfully.
07/07/26 04:33:37 Currently monitoring 1 HTCondor log file(s)
07/07/26 04:33:37 Event: ULOG_JOB_TERMINATED for HTCondor Node COLLECT (170267.28.0) {07/07/26 04:33:33}
07/07/26 04:33:37 Number of idle job procs: 0
07/07/26 04:33:37 Node COLLECT job proc (170267.28.0) completed successfully.
07/07/26 04:33:47 Currently monitoring 1 HTCondor log file(s)
07/07/26 04:33:47 Event: ULOG_JOB_TERMINATED for HTCondor Node COLLECT (170267.27.0) {07/07/26 04:33:44}
07/07/26 04:33:47 Number of idle job procs: 0
07/07/26 04:33:47 Node COLLECT job proc (170267.27.0) completed successfully.
07/07/26 04:33:52 Currently monitoring 1 HTCondor log file(s)
07/07/26 04:33:52 Event: ULOG_JOB_TERMINATED for HTCondor Node COLLECT (170267.30.0) {07/07/26 04:33:50}
07/07/26 04:33:52 Number of idle job procs: 0
07/07/26 04:33:52 Node COLLECT job proc (170267.30.0) completed successfully.
07/07/26 04:36:27 Currently monitoring 1 HTCondor log file(s)
07/07/26 04:36:27 Event: ULOG_JOB_TERMINATED for HTCondor Node COLLECT (170267.33.0) {07/07/26 04:36:27}
07/07/26 04:36:27 Number of idle job procs: 0
07/07/26 04:36:27 Node COLLECT job proc (170267.33.0) completed successfully.
07/07/26 04:36:58 Currently monitoring 1 HTCondor log file(s)
07/07/26 04:36:58 Event: ULOG_JOB_TERMINATED for HTCondor Node COLLECT (170267.29.0) {07/07/26 04:36:53}
07/07/26 04:36:58 Number of idle job procs: 0
07/07/26 04:36:58 Node COLLECT job proc (170267.29.0) completed successfully.
07/07/26 04:37:33 Currently monitoring 1 HTCondor log file(s)
07/07/26 04:37:33 Event: ULOG_JOB_TERMINATED for HTCondor Node COLLECT (170267.35.0) {07/07/26 04:37:31}
07/07/26 04:37:33 Number of idle job procs: 0
07/07/26 04:37:33 Node COLLECT job proc (170267.35.0) completed successfully.
07/07/26 04:37:48 Currently monitoring 1 HTCondor log file(s)
07/07/26 04:37:48 Event: ULOG_JOB_TERMINATED for HTCondor Node COLLECT (170267.36.0) {07/07/26 04:37:46}
07/07/26 04:37:48 Number of idle job procs: 0
07/07/26 04:37:48 Node COLLECT job proc (170267.36.0) completed successfully.
07/07/26 04:38:43 Currently monitoring 1 HTCondor log file(s)
07/07/26 04:38:43 Event: ULOG_JOB_TERMINATED for HTCondor Node COLLECT (170267.38.0) {07/07/26 04:38:40}
07/07/26 04:38:43 Number of idle job procs: 0
07/07/26 04:38:43 Node COLLECT job proc (170267.38.0) completed successfully.
07/07/26 04:38:53 Currently monitoring 1 HTCondor log file(s)
07/07/26 04:38:53 Event: ULOG_JOB_TERMINATED for HTCondor Node COLLECT (170267.39.0) {07/07/26 04:38:50}
07/07/26 04:38:53 Number of idle job procs: 0
07/07/26 04:38:53 Node COLLECT job proc (170267.39.0) completed successfully.
07/07/26 04:39:13 Currently monitoring 1 HTCondor log file(s)
07/07/26 04:39:13 Event: ULOG_JOB_TERMINATED for HTCondor Node COLLECT (170267.37.0) {07/07/26 04:39:11}
07/07/26 04:39:13 Number of idle job procs: 0
07/07/26 04:39:13 Node COLLECT job proc (170267.37.0) completed successfully.
07/07/26 04:39:33 Currently monitoring 1 HTCondor log file(s)
07/07/26 04:39:33 Event: ULOG_JOB_TERMINATED for HTCondor Node COLLECT (170267.34.0) {07/07/26 04:39:28}
07/07/26 04:39:33 Number of idle job procs: 0
07/07/26 04:39:33 Node COLLECT job proc (170267.34.0) completed successfully.
07/07/26 04:39:33 Node COLLECT job(s) have exited the queue
07/07/26 04:39:33 DAG status: 0 (DAG_STATUS_OK)
07/07/26 04:39:33 Of 5 nodes total:
07/07/26 04:39:33  Done     Pre   Queued    Post   Ready   Un-Ready   Failed   Futile
07/07/26 04:39:33   ===     ===      ===     ===     ===        ===      ===      ===
07/07/26 04:39:33     1       0        0       0       1          3        0        0
07/07/26 04:39:33 0 job proc(s) currently held
07/07/26 04:39:33 DAGMan Runtime Statistics: [EventCycleTimeAvg=0.007; EventCycleTimeMax=20.454; EventCycleTimeMin=0.000; EventCycleTimeStd=0.303; EventCycleTimeSum=50.663; SleepCycleTimeAvg=5.011; SleepCycleTimeMax=19.618; SleepCycleTimeMin=4.004; SleepCycleTimeStd=0.254; SleepCycleTimeSum=36807.095; SubmitCycleTimeAvg=0.000; SubmitCycleTimeMax=0.751; SubmitCycleTimeMin=0.000; SubmitCycleTimeStd=0.009; SubmitCycleTimeSum=0.755; EventCycleTimeCount=7345.000; SleepCycleTimeCount=7345.000; SubmitCycleTimeCount=7346.000; LogProcessCycleTimeAvg=0.005; LogProcessCycleTimeMax=0.119; LogProcessCycleTimeMin=0.002; LogProcessCycleTimeStd=0.014; LogProcessCycleTimeSum=0.344; LogProcessCycleTimeCount=69.000; ]
07/07/26 04:39:38 Submitting HTCondor Node MERGE_COLLECTION job(s)...
07/07/26 04:39:38 Submitting node MERGE_COLLECTION from file one_way_line_det_one_way_line_20_10_action_shield_merge_collection.sub using direct job submission
07/07/26 04:39:38 	assigned HTCondor ID (170314.0.0)
07/07/26 04:39:38 Just submitted 1 job this cycle...
07/07/26 04:39:38 DAG status: 0 (DAG_STATUS_OK)
07/07/26 04:39:38 Of 5 nodes total:
07/07/26 04:39:38  Done     Pre   Queued    Post   Ready   Un-Ready   Failed   Futile
07/07/26 04:39:38   ===     ===      ===     ===     ===        ===      ===      ===
07/07/26 04:39:38     1       0        1       0       0          3        0        0
07/07/26 04:39:38 0 job proc(s) currently held
07/07/26 04:39:38 DAGMan Runtime Statistics: [EventCycleTimeAvg=0.007; EventCycleTimeMax=20.454; EventCycleTimeMin=0.000; EventCycleTimeStd=0.303; EventCycleTimeSum=50.671; SleepCycleTimeAvg=5.011; SleepCycleTimeMax=19.618; SleepCycleTimeMin=4.004; SleepCycleTimeStd=0.254; SleepCycleTimeSum=36812.099; SubmitCycleTimeAvg=0.000; SubmitCycleTimeMax=0.751; SubmitCycleTimeMin=0.000; SubmitCycleTimeStd=0.009; SubmitCycleTimeSum=0.785; EventCycleTimeCount=7346.000; SleepCycleTimeCount=7346.000; SubmitCycleTimeCount=7347.000; LogProcessCycleTimeAvg=0.005; LogProcessCycleTimeMax=0.119; LogProcessCycleTimeMin=0.002; LogProcessCycleTimeStd=0.014; LogProcessCycleTimeSum=0.344; LogProcessCycleTimeCount=69.000; ]
07/07/26 04:39:43 Currently monitoring 1 HTCondor log file(s)
07/07/26 04:39:43 Reassigning the id of job MERGE_COLLECTION from (170314.0.0) to (170314.0.0)
07/07/26 04:39:43 Event: ULOG_SUBMIT for HTCondor Node MERGE_COLLECTION (170314.0.0) {07/07/26 04:39:38}
07/07/26 04:39:43 Number of idle job procs: 1
07/07/26 04:40:58 Total jobs placed to AP: 41
07/07/26 04:40:58      Idle     Held     Running     Successful     Failed
07/07/26 04:40:58       ===      ===         ===            ===        ===
07/07/26 04:40:58         1        0           0             40          0
07/07/26 04:49:43 600 seconds since last log event
07/07/26 04:49:43 Pending DAG nodes:
07/07/26 04:49:43   Node MERGE_COLLECTION, HTCondor ID 170314, status STATUS_SUBMITTED
07/07/26 04:55:59 Total jobs placed to AP: 41
07/07/26 04:55:59      Idle     Held     Running     Successful     Failed
07/07/26 04:55:59       ===      ===         ===            ===        ===
07/07/26 04:55:59         1        0           0             40          0
07/07/26 04:59:44 1201 seconds since last log event
07/07/26 04:59:44 Pending DAG nodes:
07/07/26 04:59:44   Node MERGE_COLLECTION, HTCondor ID 170314, status STATUS_SUBMITTED
07/07/26 05:09:44 1801 seconds since last log event
07/07/26 05:09:44 Pending DAG nodes:
07/07/26 05:09:44   Node MERGE_COLLECTION, HTCondor ID 170314, status STATUS_SUBMITTED
07/07/26 05:10:59 Total jobs placed to AP: 41
07/07/26 05:10:59      Idle     Held     Running     Successful     Failed
07/07/26 05:10:59       ===      ===         ===            ===        ===
07/07/26 05:10:59         1        0           0             40          0
07/07/26 05:19:45 2402 seconds since last log event
07/07/26 05:19:45 Pending DAG nodes:
07/07/26 05:19:45   Node MERGE_COLLECTION, HTCondor ID 170314, status STATUS_SUBMITTED
07/07/26 05:26:00 Total jobs placed to AP: 41
07/07/26 05:26:00      Idle     Held     Running     Successful     Failed
07/07/26 05:26:00       ===      ===         ===            ===        ===
07/07/26 05:26:00         1        0           0             40          0
07/07/26 05:29:45 3002 seconds since last log event
07/07/26 05:29:45 Pending DAG nodes:
07/07/26 05:29:45   Node MERGE_COLLECTION, HTCondor ID 170314, status STATUS_SUBMITTED
07/07/26 05:39:45 3602 seconds since last log event
07/07/26 05:39:45 Pending DAG nodes:
07/07/26 05:39:45   Node MERGE_COLLECTION, HTCondor ID 170314, status STATUS_SUBMITTED
07/07/26 05:41:00 Total jobs placed to AP: 41
07/07/26 05:41:00      Idle     Held     Running     Successful     Failed
07/07/26 05:41:00       ===      ===         ===            ===        ===
07/07/26 05:41:00         1        0           0             40          0
07/07/26 05:49:46 4203 seconds since last log event
07/07/26 05:49:46 Pending DAG nodes:
07/07/26 05:49:46   Node MERGE_COLLECTION, HTCondor ID 170314, status STATUS_SUBMITTED
07/07/26 05:56:01 Total jobs placed to AP: 41
07/07/26 05:56:01      Idle     Held     Running     Successful     Failed
07/07/26 05:56:01       ===      ===         ===            ===        ===
07/07/26 05:56:01         1        0           0             40          0
07/07/26 05:59:46 4803 seconds since last log event
07/07/26 05:59:46 Pending DAG nodes:
07/07/26 05:59:46   Node MERGE_COLLECTION, HTCondor ID 170314, status STATUS_SUBMITTED
07/07/26 06:09:47 5404 seconds since last log event
07/07/26 06:09:47 Pending DAG nodes:
07/07/26 06:09:47   Node MERGE_COLLECTION, HTCondor ID 170314, status STATUS_SUBMITTED
07/07/26 06:11:02 Total jobs placed to AP: 41
07/07/26 06:11:02      Idle     Held     Running     Successful     Failed
07/07/26 06:11:02       ===      ===         ===            ===        ===
07/07/26 06:11:02         1        0           0             40          0
07/07/26 06:19:47 6004 seconds since last log event
07/07/26 06:19:47 Pending DAG nodes:
07/07/26 06:19:47   Node MERGE_COLLECTION, HTCondor ID 170314, status STATUS_SUBMITTED
07/07/26 06:26:03 Total jobs placed to AP: 41
07/07/26 06:26:03      Idle     Held     Running     Successful     Failed
07/07/26 06:26:03       ===      ===         ===            ===        ===
07/07/26 06:26:03         1        0           0             40          0
07/07/26 06:29:48 6605 seconds since last log event
07/07/26 06:29:48 Pending DAG nodes:
07/07/26 06:29:48   Node MERGE_COLLECTION, HTCondor ID 170314, status STATUS_SUBMITTED
07/07/26 06:39:49 7206 seconds since last log event
07/07/26 06:39:49 Pending DAG nodes:
07/07/26 06:39:49   Node MERGE_COLLECTION, HTCondor ID 170314, status STATUS_SUBMITTED
07/07/26 06:41:21 Total jobs placed to AP: 41
07/07/26 06:41:21      Idle     Held     Running     Successful     Failed
07/07/26 06:41:21       ===      ===         ===            ===        ===
07/07/26 06:41:21         1        0           0             40          0
07/07/26 06:49:50 7807 seconds since last log event
07/07/26 06:49:50 Pending DAG nodes:
07/07/26 06:49:50   Node MERGE_COLLECTION, HTCondor ID 170314, status STATUS_SUBMITTED
07/07/26 06:56:21 Total jobs placed to AP: 41
07/07/26 06:56:21      Idle     Held     Running     Successful     Failed
07/07/26 06:56:21       ===      ===         ===            ===        ===
07/07/26 06:56:21         1        0           0             40          0
07/07/26 06:59:51 8408 seconds since last log event
07/07/26 06:59:51 Pending DAG nodes:
07/07/26 06:59:51   Node MERGE_COLLECTION, HTCondor ID 170314, status STATUS_SUBMITTED
07/07/26 07:09:52 9009 seconds since last log event
07/07/26 07:09:52 Pending DAG nodes:
07/07/26 07:09:52   Node MERGE_COLLECTION, HTCondor ID 170314, status STATUS_SUBMITTED
07/07/26 07:11:22 Total jobs placed to AP: 41
07/07/26 07:11:22      Idle     Held     Running     Successful     Failed
07/07/26 07:11:22       ===      ===         ===            ===        ===
07/07/26 07:11:22         1        0           0             40          0
07/07/26 07:19:52 9609 seconds since last log event
07/07/26 07:19:52 Pending DAG nodes:
07/07/26 07:19:52   Node MERGE_COLLECTION, HTCondor ID 170314, status STATUS_SUBMITTED
07/07/26 07:26:22 Total jobs placed to AP: 41
07/07/26 07:26:22      Idle     Held     Running     Successful     Failed
07/07/26 07:26:22       ===      ===         ===            ===        ===
07/07/26 07:26:22         1        0           0             40          0
07/07/26 07:29:53 10210 seconds since last log event
07/07/26 07:29:53 Pending DAG nodes:
07/07/26 07:29:53   Node MERGE_COLLECTION, HTCondor ID 170314, status STATUS_SUBMITTED
07/07/26 07:39:53 10810 seconds since last log event
07/07/26 07:39:53 Pending DAG nodes:
07/07/26 07:39:53   Node MERGE_COLLECTION, HTCondor ID 170314, status STATUS_SUBMITTED
07/07/26 07:41:23 Total jobs placed to AP: 41
07/07/26 07:41:23      Idle     Held     Running     Successful     Failed
07/07/26 07:41:23       ===      ===         ===            ===        ===
07/07/26 07:41:23         1        0           0             40          0
07/07/26 07:49:54 11411 seconds since last log event
07/07/26 07:49:54 Pending DAG nodes:
07/07/26 07:49:54   Node MERGE_COLLECTION, HTCondor ID 170314, status STATUS_SUBMITTED
07/07/26 07:56:24 Total jobs placed to AP: 41
07/07/26 07:56:24      Idle     Held     Running     Successful     Failed
07/07/26 07:56:24       ===      ===         ===            ===        ===
07/07/26 07:56:24         1        0           0             40          0
07/07/26 07:59:54 12011 seconds since last log event
07/07/26 07:59:54 Pending DAG nodes:
07/07/26 07:59:54   Node MERGE_COLLECTION, HTCondor ID 170314, status STATUS_SUBMITTED
07/07/26 08:09:55 12612 seconds since last log event
07/07/26 08:09:55 Pending DAG nodes:
07/07/26 08:09:55   Node MERGE_COLLECTION, HTCondor ID 170314, status STATUS_SUBMITTED
07/07/26 08:11:25 Total jobs placed to AP: 41
07/07/26 08:11:25      Idle     Held     Running     Successful     Failed
07/07/26 08:11:25       ===      ===         ===            ===        ===
07/07/26 08:11:25         1        0           0             40          0
07/07/26 08:19:55 13212 seconds since last log event
07/07/26 08:19:55 Pending DAG nodes:
07/07/26 08:19:55   Node MERGE_COLLECTION, HTCondor ID 170314, status STATUS_SUBMITTED
07/07/26 08:26:26 Total jobs placed to AP: 41
07/07/26 08:26:26      Idle     Held     Running     Successful     Failed
07/07/26 08:26:26       ===      ===         ===            ===        ===
07/07/26 08:26:26         1        0           0             40          0
07/07/26 08:29:56 13813 seconds since last log event
07/07/26 08:29:56 Pending DAG nodes:
07/07/26 08:29:56   Node MERGE_COLLECTION, HTCondor ID 170314, status STATUS_SUBMITTED
07/07/26 08:39:56 14413 seconds since last log event
07/07/26 08:39:56 Pending DAG nodes:
07/07/26 08:39:56   Node MERGE_COLLECTION, HTCondor ID 170314, status STATUS_SUBMITTED
07/07/26 08:41:26 Total jobs placed to AP: 41
07/07/26 08:41:26      Idle     Held     Running     Successful     Failed
07/07/26 08:41:26       ===      ===         ===            ===        ===
07/07/26 08:41:26         1        0           0             40          0
07/07/26 08:49:57 15014 seconds since last log event
07/07/26 08:49:57 Pending DAG nodes:
07/07/26 08:49:57   Node MERGE_COLLECTION, HTCondor ID 170314, status STATUS_SUBMITTED
07/07/26 08:56:27 Total jobs placed to AP: 41
07/07/26 08:56:27      Idle     Held     Running     Successful     Failed
07/07/26 08:56:27       ===      ===         ===            ===        ===
07/07/26 08:56:27         1        0           0             40          0
07/07/26 08:59:57 15614 seconds since last log event
07/07/26 08:59:57 Pending DAG nodes:
07/07/26 08:59:57   Node MERGE_COLLECTION, HTCondor ID 170314, status STATUS_SUBMITTED
07/07/26 09:09:58 16215 seconds since last log event
07/07/26 09:09:58 Pending DAG nodes:
07/07/26 09:09:58   Node MERGE_COLLECTION, HTCondor ID 170314, status STATUS_SUBMITTED
07/07/26 09:11:28 Total jobs placed to AP: 41
07/07/26 09:11:28      Idle     Held     Running     Successful     Failed
07/07/26 09:11:28       ===      ===         ===            ===        ===
07/07/26 09:11:28         1        0           0             40          0
07/07/26 09:19:58 16815 seconds since last log event
07/07/26 09:19:58 Pending DAG nodes:
07/07/26 09:19:58   Node MERGE_COLLECTION, HTCondor ID 170314, status STATUS_SUBMITTED
07/07/26 09:26:29 Total jobs placed to AP: 41
07/07/26 09:26:29      Idle     Held     Running     Successful     Failed
07/07/26 09:26:29       ===      ===         ===            ===        ===
07/07/26 09:26:29         1        0           0             40          0
07/07/26 09:29:59 17416 seconds since last log event
07/07/26 09:29:59 Pending DAG nodes:
07/07/26 09:29:59   Node MERGE_COLLECTION, HTCondor ID 170314, status STATUS_SUBMITTED
07/07/26 09:40:00 18017 seconds since last log event
07/07/26 09:40:00 Pending DAG nodes:
07/07/26 09:40:00   Node MERGE_COLLECTION, HTCondor ID 170314, status STATUS_SUBMITTED
07/07/26 09:41:30 Total jobs placed to AP: 41
07/07/26 09:41:30      Idle     Held     Running     Successful     Failed
07/07/26 09:41:30       ===      ===         ===            ===        ===
07/07/26 09:41:30         1        0           0             40          0
07/07/26 09:50:00 18617 seconds since last log event
07/07/26 09:50:00 Pending DAG nodes:
07/07/26 09:50:00   Node MERGE_COLLECTION, HTCondor ID 170314, status STATUS_SUBMITTED
07/07/26 09:56:30 Total jobs placed to AP: 41
07/07/26 09:56:30      Idle     Held     Running     Successful     Failed
07/07/26 09:56:30       ===      ===         ===            ===        ===
07/07/26 09:56:30         1        0           0             40          0
07/07/26 10:00:01 19218 seconds since last log event
07/07/26 10:00:01 Pending DAG nodes:
07/07/26 10:00:01   Node MERGE_COLLECTION, HTCondor ID 170314, status STATUS_SUBMITTED
07/07/26 10:10:01 19818 seconds since last log event
07/07/26 10:10:01 Pending DAG nodes:
07/07/26 10:10:01   Node MERGE_COLLECTION, HTCondor ID 170314, status STATUS_SUBMITTED
07/07/26 10:11:31 Total jobs placed to AP: 41
07/07/26 10:11:31      Idle     Held     Running     Successful     Failed
07/07/26 10:11:31       ===      ===         ===            ===        ===
07/07/26 10:11:31         1        0           0             40          0
07/07/26 10:20:02 20419 seconds since last log event
07/07/26 10:20:02 Pending DAG nodes:
07/07/26 10:20:02   Node MERGE_COLLECTION, HTCondor ID 170314, status STATUS_SUBMITTED
07/07/26 10:26:32 Total jobs placed to AP: 41
07/07/26 10:26:32      Idle     Held     Running     Successful     Failed
07/07/26 10:26:32       ===      ===         ===            ===        ===
07/07/26 10:26:32         1        0           0             40          0
07/07/26 10:30:02 21019 seconds since last log event
07/07/26 10:30:02 Pending DAG nodes:
07/07/26 10:30:02   Node MERGE_COLLECTION, HTCondor ID 170314, status STATUS_SUBMITTED
07/07/26 10:40:03 21620 seconds since last log event
07/07/26 10:40:03 Pending DAG nodes:
07/07/26 10:40:03   Node MERGE_COLLECTION, HTCondor ID 170314, status STATUS_SUBMITTED
07/07/26 10:41:33 Total jobs placed to AP: 41
07/07/26 10:41:33      Idle     Held     Running     Successful     Failed
07/07/26 10:41:33       ===      ===         ===            ===        ===
07/07/26 10:41:33         1        0           0             40          0
07/07/26 10:50:03 22220 seconds since last log event
07/07/26 10:50:03 Pending DAG nodes:
07/07/26 10:50:03   Node MERGE_COLLECTION, HTCondor ID 170314, status STATUS_SUBMITTED
07/07/26 10:56:34 Total jobs placed to AP: 41
07/07/26 10:56:34      Idle     Held     Running     Successful     Failed
07/07/26 10:56:34       ===      ===         ===            ===        ===
07/07/26 10:56:34         1        0           0             40          0
07/07/26 11:00:04 22821 seconds since last log event
07/07/26 11:00:04 Pending DAG nodes:
07/07/26 11:00:04   Node MERGE_COLLECTION, HTCondor ID 170314, status STATUS_SUBMITTED
07/07/26 11:10:04 23421 seconds since last log event
07/07/26 11:10:04 Pending DAG nodes:
07/07/26 11:10:04   Node MERGE_COLLECTION, HTCondor ID 170314, status STATUS_SUBMITTED
07/07/26 11:11:35 Total jobs placed to AP: 41
07/07/26 11:11:35      Idle     Held     Running     Successful     Failed
07/07/26 11:11:35       ===      ===         ===            ===        ===
07/07/26 11:11:35         1        0           0             40          0
07/07/26 11:20:05 24022 seconds since last log event
07/07/26 11:20:05 Pending DAG nodes:
07/07/26 11:20:05   Node MERGE_COLLECTION, HTCondor ID 170314, status STATUS_SUBMITTED
07/07/26 11:26:35 Total jobs placed to AP: 41
07/07/26 11:26:35      Idle     Held     Running     Successful     Failed
07/07/26 11:26:35       ===      ===         ===            ===        ===
07/07/26 11:26:35         1        0           0             40          0
07/07/26 11:30:06 24623 seconds since last log event
07/07/26 11:30:06 Pending DAG nodes:
07/07/26 11:30:06   Node MERGE_COLLECTION, HTCondor ID 170314, status STATUS_SUBMITTED
07/07/26 11:40:06 25223 seconds since last log event
07/07/26 11:40:06 Pending DAG nodes:
07/07/26 11:40:06   Node MERGE_COLLECTION, HTCondor ID 170314, status STATUS_SUBMITTED
07/07/26 11:41:36 Total jobs placed to AP: 41
07/07/26 11:41:36      Idle     Held     Running     Successful     Failed
07/07/26 11:41:36       ===      ===         ===            ===        ===
07/07/26 11:41:36         1        0           0             40          0
07/07/26 11:50:07 25824 seconds since last log event
07/07/26 11:50:07 Pending DAG nodes:
07/07/26 11:50:07   Node MERGE_COLLECTION, HTCondor ID 170314, status STATUS_SUBMITTED
07/07/26 11:56:37 Total jobs placed to AP: 41
07/07/26 11:56:37      Idle     Held     Running     Successful     Failed
07/07/26 11:56:37       ===      ===         ===            ===        ===
07/07/26 11:56:37         1        0           0             40          0
07/07/26 12:00:07 26424 seconds since last log event
07/07/26 12:00:07 Pending DAG nodes:
07/07/26 12:00:07   Node MERGE_COLLECTION, HTCondor ID 170314, status STATUS_SUBMITTED
07/07/26 12:10:08 27025 seconds since last log event
07/07/26 12:10:08 Pending DAG nodes:
07/07/26 12:10:08   Node MERGE_COLLECTION, HTCondor ID 170314, status STATUS_SUBMITTED
07/07/26 12:11:38 Total jobs placed to AP: 41
07/07/26 12:11:38      Idle     Held     Running     Successful     Failed
07/07/26 12:11:38       ===      ===         ===            ===        ===
07/07/26 12:11:38         1        0           0             40          0
07/07/26 12:20:08 27625 seconds since last log event
07/07/26 12:20:08 Pending DAG nodes:
07/07/26 12:20:08   Node MERGE_COLLECTION, HTCondor ID 170314, status STATUS_SUBMITTED
07/07/26 12:26:39 Total jobs placed to AP: 41
07/07/26 12:26:39      Idle     Held     Running     Successful     Failed
07/07/26 12:26:39       ===      ===         ===            ===        ===
07/07/26 12:26:39         1        0           0             40          0
07/07/26 12:30:09 28226 seconds since last log event
07/07/26 12:30:09 Pending DAG nodes:
07/07/26 12:30:09   Node MERGE_COLLECTION, HTCondor ID 170314, status STATUS_SUBMITTED
07/07/26 12:40:09 28826 seconds since last log event
07/07/26 12:40:09 Pending DAG nodes:
07/07/26 12:40:09   Node MERGE_COLLECTION, HTCondor ID 170314, status STATUS_SUBMITTED
07/07/26 12:40:09 Querying local schedd for associated jobs in queue
07/07/26 12:40:09 All pending job states validated
07/07/26 12:41:39 Total jobs placed to AP: 41
07/07/26 12:41:39      Idle     Held     Running     Successful     Failed
07/07/26 12:41:39       ===      ===         ===            ===        ===
07/07/26 12:41:39         1        0           0             40          0
07/07/26 12:50:10 29427 seconds since last log event
07/07/26 12:50:10 Pending DAG nodes:
07/07/26 12:50:10   Node MERGE_COLLECTION, HTCondor ID 170314, status STATUS_SUBMITTED
07/07/26 12:56:40 Total jobs placed to AP: 41
07/07/26 12:56:40      Idle     Held     Running     Successful     Failed
07/07/26 12:56:40       ===      ===         ===            ===        ===
07/07/26 12:56:40         1        0           0             40          0
07/07/26 13:00:10 30027 seconds since last log event
07/07/26 13:00:10 Pending DAG nodes:
07/07/26 13:00:10   Node MERGE_COLLECTION, HTCondor ID 170314, status STATUS_SUBMITTED
07/07/26 13:10:11 30628 seconds since last log event
07/07/26 13:10:11 Pending DAG nodes:
07/07/26 13:10:11   Node MERGE_COLLECTION, HTCondor ID 170314, status STATUS_SUBMITTED
07/07/26 13:11:41 Total jobs placed to AP: 41
07/07/26 13:11:41      Idle     Held     Running     Successful     Failed
07/07/26 13:11:41       ===      ===         ===            ===        ===
07/07/26 13:11:41         1        0           0             40          0
07/07/26 13:20:12 31229 seconds since last log event
07/07/26 13:20:12 Pending DAG nodes:
07/07/26 13:20:12   Node MERGE_COLLECTION, HTCondor ID 170314, status STATUS_SUBMITTED
07/07/26 13:26:42 Total jobs placed to AP: 41
07/07/26 13:26:42      Idle     Held     Running     Successful     Failed
07/07/26 13:26:42       ===      ===         ===            ===        ===
07/07/26 13:26:42         1        0           0             40          0
07/07/26 13:30:12 31829 seconds since last log event
07/07/26 13:30:12 Pending DAG nodes:
07/07/26 13:30:12   Node MERGE_COLLECTION, HTCondor ID 170314, status STATUS_SUBMITTED
07/07/26 13:40:13 32430 seconds since last log event
07/07/26 13:40:13 Pending DAG nodes:
07/07/26 13:40:13   Node MERGE_COLLECTION, HTCondor ID 170314, status STATUS_SUBMITTED
07/07/26 13:41:43 Total jobs placed to AP: 41
07/07/26 13:41:43      Idle     Held     Running     Successful     Failed
07/07/26 13:41:43       ===      ===         ===            ===        ===
07/07/26 13:41:43         1        0           0             40          0
07/07/26 13:50:13 33030 seconds since last log event
07/07/26 13:50:13 Pending DAG nodes:
07/07/26 13:50:13   Node MERGE_COLLECTION, HTCondor ID 170314, status STATUS_SUBMITTED
07/07/26 13:56:43 Total jobs placed to AP: 41
07/07/26 13:56:43      Idle     Held     Running     Successful     Failed
07/07/26 13:56:43       ===      ===         ===            ===        ===
07/07/26 13:56:43         1        0           0             40          0
07/07/26 14:00:14 33631 seconds since last log event
07/07/26 14:00:14 Pending DAG nodes:
07/07/26 14:00:14   Node MERGE_COLLECTION, HTCondor ID 170314, status STATUS_SUBMITTED
07/07/26 14:10:14 34231 seconds since last log event
07/07/26 14:10:14 Pending DAG nodes:
07/07/26 14:10:14   Node MERGE_COLLECTION, HTCondor ID 170314, status STATUS_SUBMITTED
07/07/26 14:11:44 Total jobs placed to AP: 41
07/07/26 14:11:44      Idle     Held     Running     Successful     Failed
07/07/26 14:11:44       ===      ===         ===            ===        ===
07/07/26 14:11:44         1        0           0             40          0
07/07/26 14:20:15 34832 seconds since last log event
07/07/26 14:20:15 Pending DAG nodes:
07/07/26 14:20:15   Node MERGE_COLLECTION, HTCondor ID 170314, status STATUS_SUBMITTED
07/07/26 14:26:45 Total jobs placed to AP: 41
07/07/26 14:26:45      Idle     Held     Running     Successful     Failed
07/07/26 14:26:45       ===      ===         ===            ===        ===
07/07/26 14:26:45         1        0           0             40          0
07/07/26 14:30:15 35432 seconds since last log event
07/07/26 14:30:15 Pending DAG nodes:
07/07/26 14:30:15   Node MERGE_COLLECTION, HTCondor ID 170314, status STATUS_SUBMITTED
07/07/26 14:40:16 36033 seconds since last log event
07/07/26 14:40:16 Pending DAG nodes:
07/07/26 14:40:16   Node MERGE_COLLECTION, HTCondor ID 170314, status STATUS_SUBMITTED
07/07/26 14:41:46 Total jobs placed to AP: 41
07/07/26 14:41:46      Idle     Held     Running     Successful     Failed
07/07/26 14:41:46       ===      ===         ===            ===        ===
07/07/26 14:41:46         1        0           0             40          0
07/07/26 14:50:16 36633 seconds since last log event
07/07/26 14:50:16 Pending DAG nodes:
07/07/26 14:50:16   Node MERGE_COLLECTION, HTCondor ID 170314, status STATUS_SUBMITTED
07/07/26 14:56:47 Total jobs placed to AP: 41
07/07/26 14:56:47      Idle     Held     Running     Successful     Failed
07/07/26 14:56:47       ===      ===         ===            ===        ===
07/07/26 14:56:47         1        0           0             40          0
07/07/26 15:00:17 37234 seconds since last log event
07/07/26 15:00:17 Pending DAG nodes:
07/07/26 15:00:17   Node MERGE_COLLECTION, HTCondor ID 170314, status STATUS_SUBMITTED
07/07/26 15:10:17 37834 seconds since last log event
07/07/26 15:10:17 Pending DAG nodes:
07/07/26 15:10:17   Node MERGE_COLLECTION, HTCondor ID 170314, status STATUS_SUBMITTED
07/07/26 15:11:47 Total jobs placed to AP: 41
07/07/26 15:11:47      Idle     Held     Running     Successful     Failed
07/07/26 15:11:47       ===      ===         ===            ===        ===
07/07/26 15:11:47         1        0           0             40          0
07/07/26 15:20:18 38435 seconds since last log event
07/07/26 15:20:18 Pending DAG nodes:
07/07/26 15:20:18   Node MERGE_COLLECTION, HTCondor ID 170314, status STATUS_SUBMITTED
07/07/26 15:26:48 Total jobs placed to AP: 41
07/07/26 15:26:48      Idle     Held     Running     Successful     Failed
07/07/26 15:26:48       ===      ===         ===            ===        ===
07/07/26 15:26:48         1        0           0             40          0
07/07/26 15:30:19 39036 seconds since last log event
07/07/26 15:30:19 Pending DAG nodes:
07/07/26 15:30:19   Node MERGE_COLLECTION, HTCondor ID 170314, status STATUS_SUBMITTED
07/07/26 15:40:19 39636 seconds since last log event
07/07/26 15:40:19 Pending DAG nodes:
07/07/26 15:40:19   Node MERGE_COLLECTION, HTCondor ID 170314, status STATUS_SUBMITTED
07/07/26 15:41:49 Total jobs placed to AP: 41
07/07/26 15:41:49      Idle     Held     Running     Successful     Failed
07/07/26 15:41:49       ===      ===         ===            ===        ===
07/07/26 15:41:49         1        0           0             40          0
07/07/26 15:50:20 40237 seconds since last log event
07/07/26 15:50:20 Pending DAG nodes:
07/07/26 15:50:20   Node MERGE_COLLECTION, HTCondor ID 170314, status STATUS_SUBMITTED
07/07/26 15:56:50 Total jobs placed to AP: 41
07/07/26 15:56:50      Idle     Held     Running     Successful     Failed
07/07/26 15:56:50       ===      ===         ===            ===        ===
07/07/26 15:56:50         1        0           0             40          0
07/07/26 16:00:20 40837 seconds since last log event
07/07/26 16:00:20 Pending DAG nodes:
07/07/26 16:00:20   Node MERGE_COLLECTION, HTCondor ID 170314, status STATUS_SUBMITTED
07/07/26 16:10:21 41438 seconds since last log event
07/07/26 16:10:21 Pending DAG nodes:
07/07/26 16:10:21   Node MERGE_COLLECTION, HTCondor ID 170314, status STATUS_SUBMITTED
07/07/26 16:11:51 Total jobs placed to AP: 41
07/07/26 16:11:51      Idle     Held     Running     Successful     Failed
07/07/26 16:11:51       ===      ===         ===            ===        ===
07/07/26 16:11:51         1        0           0             40          0
07/07/26 16:20:21 42038 seconds since last log event
07/07/26 16:20:21 Pending DAG nodes:
07/07/26 16:20:21   Node MERGE_COLLECTION, HTCondor ID 170314, status STATUS_SUBMITTED
07/07/26 16:26:52 Total jobs placed to AP: 41
07/07/26 16:26:52      Idle     Held     Running     Successful     Failed
07/07/26 16:26:52       ===      ===         ===            ===        ===
07/07/26 16:26:52         1        0           0             40          0
07/07/26 16:30:22 42639 seconds since last log event
07/07/26 16:30:22 Pending DAG nodes:
07/07/26 16:30:22   Node MERGE_COLLECTION, HTCondor ID 170314, status STATUS_SUBMITTED
07/07/26 16:40:22 43239 seconds since last log event
07/07/26 16:40:22 Pending DAG nodes:
07/07/26 16:40:22   Node MERGE_COLLECTION, HTCondor ID 170314, status STATUS_SUBMITTED
07/07/26 16:41:53 Total jobs placed to AP: 41
07/07/26 16:41:53      Idle     Held     Running     Successful     Failed
07/07/26 16:41:53       ===      ===         ===            ===        ===
07/07/26 16:41:53         1        0           0             40          0
07/07/26 16:50:23 43840 seconds since last log event
07/07/26 16:50:23 Pending DAG nodes:
07/07/26 16:50:23   Node MERGE_COLLECTION, HTCondor ID 170314, status STATUS_SUBMITTED
07/07/26 16:56:53 Total jobs placed to AP: 41
07/07/26 16:56:53      Idle     Held     Running     Successful     Failed
07/07/26 16:56:53       ===      ===         ===            ===        ===
07/07/26 16:56:53         1        0           0             40          0
07/07/26 17:00:24 44441 seconds since last log event
07/07/26 17:00:24 Pending DAG nodes:
07/07/26 17:00:24   Node MERGE_COLLECTION, HTCondor ID 170314, status STATUS_SUBMITTED
07/07/26 17:10:24 45041 seconds since last log event
07/07/26 17:10:24 Pending DAG nodes:
07/07/26 17:10:24   Node MERGE_COLLECTION, HTCondor ID 170314, status STATUS_SUBMITTED
07/07/26 17:11:54 Total jobs placed to AP: 41
07/07/26 17:11:54      Idle     Held     Running     Successful     Failed
07/07/26 17:11:54       ===      ===         ===            ===        ===
07/07/26 17:11:54         1        0           0             40          0
07/07/26 17:20:25 45642 seconds since last log event
07/07/26 17:20:25 Pending DAG nodes:
07/07/26 17:20:25   Node MERGE_COLLECTION, HTCondor ID 170314, status STATUS_SUBMITTED
07/07/26 17:26:55 Total jobs placed to AP: 41
07/07/26 17:26:55      Idle     Held     Running     Successful     Failed
07/07/26 17:26:55       ===      ===         ===            ===        ===
07/07/26 17:26:55         1        0           0             40          0
07/07/26 17:30:25 46242 seconds since last log event
07/07/26 17:30:25 Pending DAG nodes:
07/07/26 17:30:25   Node MERGE_COLLECTION, HTCondor ID 170314, status STATUS_SUBMITTED
07/07/26 17:40:26 46843 seconds since last log event
07/07/26 17:40:26 Pending DAG nodes:
07/07/26 17:40:26   Node MERGE_COLLECTION, HTCondor ID 170314, status STATUS_SUBMITTED
07/07/26 17:41:56 Total jobs placed to AP: 41
07/07/26 17:41:56      Idle     Held     Running     Successful     Failed
07/07/26 17:41:56       ===      ===         ===            ===        ===
07/07/26 17:41:56         1        0           0             40          0
07/07/26 17:50:26 47443 seconds since last log event
07/07/26 17:50:26 Pending DAG nodes:
07/07/26 17:50:26   Node MERGE_COLLECTION, HTCondor ID 170314, status STATUS_SUBMITTED
07/07/26 17:56:57 Total jobs placed to AP: 41
07/07/26 17:56:57      Idle     Held     Running     Successful     Failed
07/07/26 17:56:57       ===      ===         ===            ===        ===
07/07/26 17:56:57         1        0           0             40          0
07/07/26 18:01:02 ******************************************************
07/07/26 18:01:02 ** condor_scheduniv_exec.170258.0 (CONDOR_DAGMAN) STARTING UP
07/07/26 18:01:02 ** /usr/bin/condor_dagman
07/07/26 18:01:02 ** SubsystemInfo: name=DAGMAN type=DAGMAN(9) class=CLIENT(2)
07/07/26 18:01:02 ** Configuration: subsystem:DAGMAN local:<NONE> class:CLIENT
07/07/26 18:01:02 ** $CondorVersion: 24.12.19 2026-04-15 BuildID: 896241 PackageID: 24.12.19-1+deb12 GitSHA: c68f3e0e $
07/07/26 18:01:02 ** $CondorPlatform: X86_64-Debian_12 $
07/07/26 18:01:02 ** PID = 589475 RealUID = 1620002036
07/07/26 18:01:02 ** Log last touched 7/7 17:59:24
07/07/26 18:01:02 ******************************************************
07/07/26 18:01:02 Using config source: /etc/condor/condor_config
07/07/26 18:01:02 Using local config sources: 
07/07/26 18:01:02    /etc/condor/config.d/01-submit.conf
07/07/26 18:01:02    /etc/condor/config.d/10-stash-plugin.conf
07/07/26 18:01:02    /etc/condor/config.d/23-network.config
07/07/26 18:01:02    /etc/condor/config.d/31-mail.conf
07/07/26 18:01:02    /etc/condor/config.d/35-cc-sync.conf
07/07/26 18:01:02    /etc/condor/config.d/41-periodic-remove.conf
07/07/26 18:01:02    /etc/condor/config.d/49-common.conf
07/07/26 18:01:02    /etc/condor/config.d/52-group-mapping.conf
07/07/26 18:01:02    /etc/condor/config.d/54-container.conf
07/07/26 18:01:02    /etc/condor/config.d/67-submit-transforms.conf
07/07/26 18:01:02    /etc/condor/config.d/71-submit-requirements.conf
07/07/26 18:01:02    /etc/condor/condor_config.local
07/07/26 18:01:02 config Macros = 110, Sorted = 110, StringBytes = 6396, TablesBytes = 4088
07/07/26 18:01:02 CLASSAD_CACHING is ENABLED
07/07/26 18:01:02 Daemon Log is logging: D_ALWAYS D_ERROR D_STATUS
07/07/26 18:01:02 Daemoncore: Listening at <0.0.0.0:23485> on TCP (ReliSock) and UDP (SafeSock).
07/07/26 18:01:02 DaemonCore: command socket at <10.143.248.60:23485?addrs=10.143.248.60-23485&alias=conduit.hpc.uni-saarland.de>
07/07/26 18:01:02 DaemonCore: private command socket at <10.143.248.60:23485?addrs=10.143.248.60-23485&alias=conduit.hpc.uni-saarland.de>
07/07/26 18:01:02 DAGMAN_USE_STRICT setting: 1
07/07/26 18:01:02 DAGMAN_VERBOSITY setting: 3
07/07/26 18:01:02 DAGMAN_DEBUG_CACHE_SIZE setting: 5242880
07/07/26 18:01:02 DAGMAN_DEBUG_CACHE_ENABLE setting: False
07/07/26 18:01:02 DAGMAN_SUBMIT_DELAY setting: 0
07/07/26 18:01:02 DAGMAN_MAX_SUBMIT_ATTEMPTS setting: 6
07/07/26 18:01:02 DAGMAN_STARTUP_CYCLE_DETECT setting: False
07/07/26 18:01:02 DAGMAN_USE_JOIN_NODES setting: True
07/07/26 18:01:02 DAGMAN_REPORT_GRAPH_METRICS setting: False
07/07/26 18:01:02 DAGMAN_MAX_SUBMITS_PER_INTERVAL setting: 100
07/07/26 18:01:02 DAGMAN_AGGRESSIVE_SUBMIT setting: False
07/07/26 18:01:02 DAGMAN_USER_LOG_SCAN_INTERVAL setting: 5
07/07/26 18:01:02 DAGMAN_QUEUE_UPDATE_INTERVAL setting: 300.000000
07/07/26 18:01:02 DAGMAN_DEFAULT_PRIORITY setting: 0
07/07/26 18:01:02 DAGMAN_SUPPRESS_NOTIFICATION setting: False
07/07/26 18:01:02 allow_events (DAGMAN_ALLOW_EVENTS) setting: 114
07/07/26 18:01:02 DAGMAN_RETRY_SUBMIT_FIRST setting: True
07/07/26 18:01:02 DAGMAN_RETRY_NODE_FIRST setting: False
07/07/26 18:01:02 DAGMAN_MAX_JOBS_IDLE setting: 1000
07/07/26 18:01:02 DAGMAN_MAX_JOBS_SUBMITTED setting: 0
07/07/26 18:01:02 DAGMAN_MAX_PRE_SCRIPTS setting: 20
07/07/26 18:01:02 DAGMAN_MAX_POST_SCRIPTS setting: 20
07/07/26 18:01:02 DAGMAN_MAX_HOLD_SCRIPTS setting: 20
07/07/26 18:01:02 DAGMAN_MUNGE_NODE_NAMES setting: True
07/07/26 18:01:02 DAGMAN_ALLOW_ANY_NODE_NAME_CHARACTERS setting: False
07/07/26 18:01:02 DAGMAN_PROHIBIT_MULTI_JOBS setting: False
07/07/26 18:01:02 DAGMAN_SUBMIT_DEPTH_FIRST setting: False
07/07/26 18:01:02 DAGMAN_ALWAYS_RUN_POST setting: False
07/07/26 18:01:02 DAGMAN_CONDOR_SUBMIT_EXE setting: /usr/bin/condor_submit
07/07/26 18:01:02 DAGMAN_CONDOR_RM_EXE setting: /usr/bin/condor_rm
07/07/26 18:01:02 DAGMAN_USE_DIRECT_SUBMIT setting: True
07/07/26 18:01:02 DAGMAN_PRODUCE_JOB_CREDENTIALS setting: True
07/07/26 18:01:02 DAGMAN_DEFAULT_APPEND_VARS setting: False
07/07/26 18:01:02 DAGMAN_INHERIT_ATTRS_PREFIX setting: 
07/07/26 18:01:02 DAGMAN_INHERIT_ATTRS setting: 
07/07/26 18:01:02 DAGMAN_ABORT_DUPLICATES setting: True
07/07/26 18:01:02 DAGMAN_ABORT_ON_SCARY_SUBMIT setting: True
07/07/26 18:01:02 DAGMAN_PENDING_REPORT_INTERVAL setting: 600
07/07/26 18:01:02 DAGMAN_CHECK_QUEUE_INTERVAL setting: 28800
07/07/26 18:01:02 DAGMAN_PRINT_JOB_TABLE_INTERVAL setting: 900
07/07/26 18:01:02 DAGMAN_AUTO_RESCUE setting: True
07/07/26 18:01:02 DAGMAN_MAX_RESCUE_NUM setting: 100
07/07/26 18:01:02 DAGMAN_WRITE_PARTIAL_RESCUE setting: True
07/07/26 18:01:02 DAGMAN_RESET_RETRIES_UPON_RESCUE setting: True
07/07/26 18:01:02 DAGMAN_METRICS_FILE_VERSION setting: 2
07/07/26 18:01:02 DAGMAN_DEFAULT_NODE_LOG setting: @(DAG_DIR)/@(DAG_FILE).nodes.log
07/07/26 18:01:02 DAGMAN_LOG_ON_NFS_IS_ERROR setting: False
07/07/26 18:01:02 DAGMAN_GENERATE_SUBDAG_SUBMITS setting: True
07/07/26 18:01:02 DAGMAN_MAX_JOB_HOLDS setting: 100
07/07/26 18:01:02 DAGMAN_NODE_JOB_FAILURE_TOLERANCE setting: 0
07/07/26 18:01:02 DAGMAN_HOLD_CLAIM_TIME setting: 20
07/07/26 18:01:02 DAGMAN_SUPPRESS_JOB_LOGS setting: False
07/07/26 18:01:02 DAGMAN_REMOVE_NODE_JOBS setting: True
07/07/26 18:01:02 DAGMAN_PUT_FAILED_JOBS_ON_HOLD setting: False
07/07/26 18:01:02 DAGMAN_REMOVE_JOBS_AFTER_LIMIT_CHANGE setting: False
07/07/26 18:01:02 DAGMAN will adjust edges after parsing
07/07/26 18:01:02 argv[0] == "condor_scheduniv_exec.170258.0"
07/07/26 18:01:02 argv[1] == "-Lockfile"
07/07/26 18:01:02 argv[2] == "one_way_line_det_one_way_line_20_10_action_shield.dag.lock"
07/07/26 18:01:02 argv[3] == "-Dag"
07/07/26 18:01:02 argv[4] == "one_way_line_det_one_way_line_20_10_action_shield.dag"
07/07/26 18:01:02 argv[5] == "-CsdVersion"
07/07/26 18:01:02 argv[6] == "$CondorVersion: 24.12.19 2026-04-15 BuildID: 896241 PackageID: 24.12.19-1+deb12 GitSHA: c68f3e0e $"
07/07/26 18:01:02 argv[7] == "-dagman"
07/07/26 18:01:02 argv[8] == "/usr/bin/condor_dagman"
07/07/26 18:01:02 argv[9] == "-AutoRescue"
07/07/26 18:01:02 argv[10] == "1"
07/07/26 18:01:02 argv[11] == "-DoRescueFrom"
07/07/26 18:01:02 argv[12] == "0"
07/07/26 18:01:02 Can't open directory "/etc/condor/passwords.d" as PRIV_ROOT, errno: 13 (Permission denied)
07/07/26 18:01:02 Can't open directory "/etc/condor/passwords.d" as PRIV_ROOT, errno: 13 (Permission denied)
07/07/26 18:01:05 Workflow batch-id: <170258.0>
07/07/26 18:01:05 Workflow batch-name: <one_way_line_det_one_way_line_20_10_action_shield.dag+170258>
07/07/26 18:01:05 Workflow accounting_group: <teaching>
07/07/26 18:01:05 Workflow accounting_group_user: <atml_team041>
07/07/26 18:01:05 Warning: failed to get attribute DAGNodeName
07/07/26 18:01:05 Default node log file is: </home/atml_team041/condor_tutorial/jani_env/experiments/repair_wo_domain/submissions/action_shield/one_way_line_det/./one_way_line_det_one_way_line_20_10_action_shield.dag.nodes.log>
07/07/26 18:01:05 DAG Lockfile will be written to one_way_line_det_one_way_line_20_10_action_shield.dag.lock
07/07/26 18:01:05 DAG Input file is one_way_line_det_one_way_line_20_10_action_shield.dag
07/07/26 18:01:05 Parsing 1 dagfiles
07/07/26 18:01:05 Parsing one_way_line_det_one_way_line_20_10_action_shield.dag ...
07/07/26 18:01:05 Adjusting edges
07/07/26 18:01:05 Dag contains 5 total nodes
07/07/26 18:01:05 Lock file one_way_line_det_one_way_line_20_10_action_shield.dag.lock detected,
07/07/26 18:01:05 Duplicate DAGMan PID 42712 is no longer alive; this DAGMan should continue.
07/07/26 18:01:05 Bootstrapping...
07/07/26 18:01:05 Number of pre-completed nodes: 0
07/07/26 18:01:05 Running in RECOVERY mode... >>>>>>>>>>>>>>>>>>>>>>>>>>>>>>
07/07/26 18:01:05 Currently monitoring 1 HTCondor log file(s)
07/07/26 18:01:05 Event: ULOG_SUBMIT for HTCondor Node COLLECT (170267.0.0) {07/06/26 18:25:15} [recovery mode]
07/07/26 18:01:05 Number of idle job procs: 1
07/07/26 18:01:05 Reassigning the id of job COLLECT from (170267.0.0) to (170267.1.0)
07/07/26 18:01:05 Event: ULOG_SUBMIT for HTCondor Node COLLECT (170267.1.0) {07/06/26 18:25:15} [recovery mode]
07/07/26 18:01:05 Number of idle job procs: 2
07/07/26 18:01:05 Reassigning the id of job COLLECT from (170267.1.0) to (170267.10.0)
07/07/26 18:01:05 Event: ULOG_SUBMIT for HTCondor Node COLLECT (170267.10.0) {07/06/26 18:25:15} [recovery mode]
07/07/26 18:01:05 Number of idle job procs: 3
07/07/26 18:01:05 Reassigning the id of job COLLECT from (170267.10.0) to (170267.11.0)
07/07/26 18:01:05 Event: ULOG_SUBMIT for HTCondor Node COLLECT (170267.11.0) {07/06/26 18:25:15} [recovery mode]
07/07/26 18:01:05 Number of idle job procs: 4
07/07/26 18:01:05 Reassigning the id of job COLLECT from (170267.11.0) to (170267.12.0)
07/07/26 18:01:05 Event: ULOG_SUBMIT for HTCondor Node COLLECT (170267.12.0) {07/06/26 18:25:15} [recovery mode]
07/07/26 18:01:05 Number of idle job procs: 5
07/07/26 18:01:05 Reassigning the id of job COLLECT from (170267.12.0) to (170267.13.0)
07/07/26 18:01:05 Event: ULOG_SUBMIT for HTCondor Node COLLECT (170267.13.0) {07/06/26 18:25:15} [recovery mode]
07/07/26 18:01:05 Number of idle job procs: 6
07/07/26 18:01:05 Reassigning the id of job COLLECT from (170267.13.0) to (170267.14.0)
07/07/26 18:01:05 Event: ULOG_SUBMIT for HTCondor Node COLLECT (170267.14.0) {07/06/26 18:25:15} [recovery mode]
07/07/26 18:01:05 Number of idle job procs: 7
07/07/26 18:01:05 Reassigning the id of job COLLECT from (170267.14.0) to (170267.15.0)
07/07/26 18:01:05 Event: ULOG_SUBMIT for HTCondor Node COLLECT (170267.15.0) {07/06/26 18:25:15} [recovery mode]
07/07/26 18:01:05 Number of idle job procs: 8
07/07/26 18:01:05 Reassigning the id of job COLLECT from (170267.15.0) to (170267.16.0)
07/07/26 18:01:05 Event: ULOG_SUBMIT for HTCondor Node COLLECT (170267.16.0) {07/06/26 18:25:15} [recovery mode]
07/07/26 18:01:05 Number of idle job procs: 9
07/07/26 18:01:05 Reassigning the id of job COLLECT from (170267.16.0) to (170267.17.0)
07/07/26 18:01:05 Event: ULOG_SUBMIT for HTCondor Node COLLECT (170267.17.0) {07/06/26 18:25:15} [recovery mode]
07/07/26 18:01:05 Number of idle job procs: 10
07/07/26 18:01:05 Reassigning the id of job COLLECT from (170267.17.0) to (170267.18.0)
07/07/26 18:01:05 Event: ULOG_SUBMIT for HTCondor Node COLLECT (170267.18.0) {07/06/26 18:25:15} [recovery mode]
07/07/26 18:01:05 Number of idle job procs: 11
07/07/26 18:01:05 Reassigning the id of job COLLECT from (170267.18.0) to (170267.19.0)
07/07/26 18:01:05 Event: ULOG_SUBMIT for HTCondor Node COLLECT (170267.19.0) {07/06/26 18:25:15} [recovery mode]
07/07/26 18:01:05 Number of idle job procs: 12
07/07/26 18:01:05 Reassigning the id of job COLLECT from (170267.19.0) to (170267.2.0)
07/07/26 18:01:05 Event: ULOG_SUBMIT for HTCondor Node COLLECT (170267.2.0) {07/06/26 18:25:15} [recovery mode]
07/07/26 18:01:05 Number of idle job procs: 13
07/07/26 18:01:05 Reassigning the id of job COLLECT from (170267.2.0) to (170267.20.0)
07/07/26 18:01:05 Event: ULOG_SUBMIT for HTCondor Node COLLECT (170267.20.0) {07/06/26 18:25:15} [recovery mode]
07/07/26 18:01:05 Number of idle job procs: 14
07/07/26 18:01:05 Reassigning the id of job COLLECT from (170267.20.0) to (170267.21.0)
07/07/26 18:01:05 Event: ULOG_SUBMIT for HTCondor Node COLLECT (170267.21.0) {07/06/26 18:25:15} [recovery mode]
07/07/26 18:01:05 Number of idle job procs: 15
07/07/26 18:01:05 Reassigning the id of job COLLECT from (170267.21.0) to (170267.22.0)
07/07/26 18:01:05 Event: ULOG_SUBMIT for HTCondor Node COLLECT (170267.22.0) {07/06/26 18:25:15} [recovery mode]
07/07/26 18:01:05 Number of idle job procs: 16
07/07/26 18:01:05 Reassigning the id of job COLLECT from (170267.22.0) to (170267.23.0)
07/07/26 18:01:05 Event: ULOG_SUBMIT for HTCondor Node COLLECT (170267.23.0) {07/06/26 18:25:15} [recovery mode]
07/07/26 18:01:05 Number of idle job procs: 17
07/07/26 18:01:05 Reassigning the id of job COLLECT from (170267.23.0) to (170267.24.0)
07/07/26 18:01:05 Event: ULOG_SUBMIT for HTCondor Node COLLECT (170267.24.0) {07/06/26 18:25:15} [recovery mode]
07/07/26 18:01:05 Number of idle job procs: 18
07/07/26 18:01:05 Reassigning the id of job COLLECT from (170267.24.0) to (170267.25.0)
07/07/26 18:01:05 Event: ULOG_SUBMIT for HTCondor Node COLLECT (170267.25.0) {07/06/26 18:25:15} [recovery mode]
07/07/26 18:01:05 Number of idle job procs: 19
07/07/26 18:01:05 Reassigning the id of job COLLECT from (170267.25.0) to (170267.26.0)
07/07/26 18:01:05 Event: ULOG_SUBMIT for HTCondor Node COLLECT (170267.26.0) {07/06/26 18:25:15} [recovery mode]
07/07/26 18:01:05 Number of idle job procs: 20
07/07/26 18:01:05 Reassigning the id of job COLLECT from (170267.26.0) to (170267.27.0)
07/07/26 18:01:05 Event: ULOG_SUBMIT for HTCondor Node COLLECT (170267.27.0) {07/06/26 18:25:15} [recovery mode]
07/07/26 18:01:05 Number of idle job procs: 21
07/07/26 18:01:05 Reassigning the id of job COLLECT from (170267.27.0) to (170267.28.0)
07/07/26 18:01:05 Event: ULOG_SUBMIT for HTCondor Node COLLECT (170267.28.0) {07/06/26 18:25:15} [recovery mode]
07/07/26 18:01:05 Number of idle job procs: 22
07/07/26 18:01:05 Reassigning the id of job COLLECT from (170267.28.0) to (170267.29.0)
07/07/26 18:01:05 Event: ULOG_SUBMIT for HTCondor Node COLLECT (170267.29.0) {07/06/26 18:25:15} [recovery mode]
07/07/26 18:01:05 Number of idle job procs: 23
07/07/26 18:01:05 Reassigning the id of job COLLECT from (170267.29.0) to (170267.3.0)
07/07/26 18:01:05 Event: ULOG_SUBMIT for HTCondor Node COLLECT (170267.3.0) {07/06/26 18:25:15} [recovery mode]
07/07/26 18:01:05 Number of idle job procs: 24
07/07/26 18:01:05 Reassigning the id of job COLLECT from (170267.3.0) to (170267.30.0)
07/07/26 18:01:05 Event: ULOG_SUBMIT for HTCondor Node COLLECT (170267.30.0) {07/06/26 18:25:15} [recovery mode]
07/07/26 18:01:05 Number of idle job procs: 25
07/07/26 18:01:05 Reassigning the id of job COLLECT from (170267.30.0) to (170267.31.0)
07/07/26 18:01:05 Event: ULOG_SUBMIT for HTCondor Node COLLECT (170267.31.0) {07/06/26 18:25:15} [recovery mode]
07/07/26 18:01:05 Number of idle job procs: 26
07/07/26 18:01:05 Reassigning the id of job COLLECT from (170267.31.0) to (170267.32.0)
07/07/26 18:01:05 Event: ULOG_SUBMIT for HTCondor Node COLLECT (170267.32.0) {07/06/26 18:25:15} [recovery mode]
07/07/26 18:01:05 Number of idle job procs: 27
07/07/26 18:01:05 Reassigning the id of job COLLECT from (170267.32.0) to (170267.33.0)
07/07/26 18:01:05 Event: ULOG_SUBMIT for HTCondor Node COLLECT (170267.33.0) {07/06/26 18:25:15} [recovery mode]
07/07/26 18:01:05 Number of idle job procs: 28
07/07/26 18:01:05 Reassigning the id of job COLLECT from (170267.33.0) to (170267.34.0)
07/07/26 18:01:05 Event: ULOG_SUBMIT for HTCondor Node COLLECT (170267.34.0) {07/06/26 18:25:15} [recovery mode]
07/07/26 18:01:05 Number of idle job procs: 29
07/07/26 18:01:05 Reassigning the id of job COLLECT from (170267.34.0) to (170267.35.0)
07/07/26 18:01:05 Event: ULOG_SUBMIT for HTCondor Node COLLECT (170267.35.0) {07/06/26 18:25:15} [recovery mode]
07/07/26 18:01:05 Number of idle job procs: 30
07/07/26 18:01:05 Reassigning the id of job COLLECT from (170267.35.0) to (170267.36.0)
07/07/26 18:01:05 Event: ULOG_SUBMIT for HTCondor Node COLLECT (170267.36.0) {07/06/26 18:25:15} [recovery mode]
07/07/26 18:01:05 Number of idle job procs: 31
07/07/26 18:01:05 Reassigning the id of job COLLECT from (170267.36.0) to (170267.37.0)
07/07/26 18:01:05 Event: ULOG_SUBMIT for HTCondor Node COLLECT (170267.37.0) {07/06/26 18:25:15} [recovery mode]
07/07/26 18:01:05 Number of idle job procs: 32
07/07/26 18:01:05 Reassigning the id of job COLLECT from (170267.37.0) to (170267.38.0)
07/07/26 18:01:05 Event: ULOG_SUBMIT for HTCondor Node COLLECT (170267.38.0) {07/06/26 18:25:15} [recovery mode]
07/07/26 18:01:05 Number of idle job procs: 33
07/07/26 18:01:05 Reassigning the id of job COLLECT from (170267.38.0) to (170267.39.0)
07/07/26 18:01:05 Event: ULOG_SUBMIT for HTCondor Node COLLECT (170267.39.0) {07/06/26 18:25:15} [recovery mode]
07/07/26 18:01:05 Number of idle job procs: 34
07/07/26 18:01:05 Reassigning the id of job COLLECT from (170267.39.0) to (170267.4.0)
07/07/26 18:01:05 Event: ULOG_SUBMIT for HTCondor Node COLLECT (170267.4.0) {07/06/26 18:25:15} [recovery mode]
07/07/26 18:01:05 Number of idle job procs: 35
07/07/26 18:01:05 Reassigning the id of job COLLECT from (170267.4.0) to (170267.5.0)
07/07/26 18:01:05 Event: ULOG_SUBMIT for HTCondor Node COLLECT (170267.5.0) {07/06/26 18:25:15} [recovery mode]
07/07/26 18:01:05 Number of idle job procs: 36
07/07/26 18:01:05 Reassigning the id of job COLLECT from (170267.5.0) to (170267.6.0)
07/07/26 18:01:05 Event: ULOG_SUBMIT for HTCondor Node COLLECT (170267.6.0) {07/06/26 18:25:15} [recovery mode]
07/07/26 18:01:05 Number of idle job procs: 37
07/07/26 18:01:05 Reassigning the id of job COLLECT from (170267.6.0) to (170267.7.0)
07/07/26 18:01:05 Event: ULOG_SUBMIT for HTCondor Node COLLECT (170267.7.0) {07/06/26 18:25:15} [recovery mode]
07/07/26 18:01:05 Number of idle job procs: 38
07/07/26 18:01:05 Reassigning the id of job COLLECT from (170267.7.0) to (170267.8.0)
07/07/26 18:01:05 Event: ULOG_SUBMIT for HTCondor Node COLLECT (170267.8.0) {07/06/26 18:25:15} [recovery mode]
07/07/26 18:01:05 Number of idle job procs: 39
07/07/26 18:01:05 Reassigning the id of job COLLECT from (170267.8.0) to (170267.9.0)
07/07/26 18:01:05 Event: ULOG_SUBMIT for HTCondor Node COLLECT (170267.9.0) {07/06/26 18:25:15} [recovery mode]
07/07/26 18:01:05 Number of idle job procs: 40
07/07/26 18:01:05 Event: ULOG_EXECUTE for HTCondor Node COLLECT (170267.0.0) {07/07/26 03:42:31} [recovery mode]
07/07/26 18:01:05 Number of idle job procs: 39
07/07/26 18:01:05 Event: ULOG_EXECUTE for HTCondor Node COLLECT (170267.1.0) {07/07/26 03:42:38} [recovery mode]
07/07/26 18:01:05 Number of idle job procs: 38
07/07/26 18:01:05 Event: ULOG_EXECUTE for HTCondor Node COLLECT (170267.2.0) {07/07/26 03:43:21} [recovery mode]
07/07/26 18:01:05 Number of idle job procs: 37
07/07/26 18:01:05 Event: ULOG_EXECUTE for HTCondor Node COLLECT (170267.3.0) {07/07/26 03:43:37} [recovery mode]
07/07/26 18:01:05 Number of idle job procs: 36
07/07/26 18:01:05 Event: ULOG_EXECUTE for HTCondor Node COLLECT (170267.4.0) {07/07/26 03:44:40} [recovery mode]
07/07/26 18:01:05 Number of idle job procs: 35
07/07/26 18:01:05 Event: ULOG_EXECUTE for HTCondor Node COLLECT (170267.5.0) {07/07/26 03:44:56} [recovery mode]
07/07/26 18:01:05 Number of idle job procs: 34
07/07/26 18:01:05 Event: ULOG_EXECUTE for HTCondor Node COLLECT (170267.6.0) {07/07/26 03:45:16} [recovery mode]
07/07/26 18:01:05 Number of idle job procs: 33
07/07/26 18:01:05 Event: ULOG_EXECUTE for HTCondor Node COLLECT (170267.7.0) {07/07/26 03:46:48} [recovery mode]
07/07/26 18:01:05 Number of idle job procs: 32
07/07/26 18:01:05 Event: ULOG_EXECUTE for HTCondor Node COLLECT (170267.8.0) {07/07/26 03:47:13} [recovery mode]
07/07/26 18:01:05 Number of idle job procs: 31
07/07/26 18:01:05 Event: ULOG_EXECUTE for HTCondor Node COLLECT (170267.9.0) {07/07/26 03:48:21} [recovery mode]
07/07/26 18:01:05 Number of idle job procs: 30
07/07/26 18:01:05 Event: ULOG_EXECUTE for HTCondor Node COLLECT (170267.10.0) {07/07/26 03:48:32} [recovery mode]
07/07/26 18:01:05 Number of idle job procs: 29
07/07/26 18:01:05 Event: ULOG_EXECUTE for HTCondor Node COLLECT (170267.11.0) {07/07/26 03:48:38} [recovery mode]
07/07/26 18:01:05 Number of idle job procs: 28
07/07/26 18:01:05 Event: ULOG_EXECUTE for HTCondor Node COLLECT (170267.12.0) {07/07/26 03:49:48} [recovery mode]
07/07/26 18:01:05 Number of idle job procs: 27
07/07/26 18:01:05 Event: ULOG_EXECUTE for HTCondor Node COLLECT (170267.15.0) {07/07/26 03:51:20} [recovery mode]
07/07/26 18:01:05 Number of idle job procs: 26
07/07/26 18:01:05 Event: ULOG_EXECUTE for HTCondor Node COLLECT (170267.14.0) {07/07/26 03:51:20} [recovery mode]
07/07/26 18:01:05 Number of idle job procs: 25
07/07/26 18:01:05 Event: ULOG_EXECUTE for HTCondor Node COLLECT (170267.13.0) {07/07/26 03:51:20} [recovery mode]
07/07/26 18:01:05 Number of idle job procs: 24
07/07/26 18:01:05 Event: ULOG_EXECUTE for HTCondor Node COLLECT (170267.16.0) {07/07/26 03:52:16} [recovery mode]
07/07/26 18:01:05 Number of idle job procs: 23
07/07/26 18:01:05 Event: ULOG_EXECUTE for HTCondor Node COLLECT (170267.17.0) {07/07/26 03:52:21} [recovery mode]
07/07/26 18:01:05 Number of idle job procs: 22
07/07/26 18:01:05 Event: ULOG_EXECUTE for HTCondor Node COLLECT (170267.20.0) {07/07/26 03:53:21} [recovery mode]
07/07/26 18:01:05 Number of idle job procs: 21
07/07/26 18:01:05 Event: ULOG_EXECUTE for HTCondor Node COLLECT (170267.19.0) {07/07/26 03:53:21} [recovery mode]
07/07/26 18:01:05 Number of idle job procs: 20
07/07/26 18:01:05 Event: ULOG_EXECUTE for HTCondor Node COLLECT (170267.18.0) {07/07/26 03:53:21} [recovery mode]
07/07/26 18:01:05 Number of idle job procs: 19
07/07/26 18:01:05 Event: ULOG_EXECUTE for HTCondor Node COLLECT (170267.21.0) {07/07/26 03:54:20} [recovery mode]
07/07/26 18:01:05 Number of idle job procs: 18
07/07/26 18:01:05 Event: ULOG_EXECUTE for HTCondor Node COLLECT (170267.22.0) {07/07/26 03:55:04} [recovery mode]
07/07/26 18:01:05 Number of idle job procs: 17
07/07/26 18:01:05 Event: ULOG_EXECUTE for HTCondor Node COLLECT (170267.23.0) {07/07/26 03:55:18} [recovery mode]
07/07/26 18:01:05 Number of idle job procs: 16
07/07/26 18:01:05 Event: ULOG_EXECUTE for HTCondor Node COLLECT (170267.24.0) {07/07/26 03:55:18} [recovery mode]
07/07/26 18:01:05 Number of idle job procs: 15
07/07/26 18:01:05 Event: ULOG_JOB_TERMINATED for HTCondor Node COLLECT (170267.0.0) {07/07/26 04:04:30} [recovery mode]
07/07/26 18:01:05 Number of idle job procs: 15
07/07/26 18:01:05 Node COLLECT job proc (170267.0.0) completed successfully.
07/07/26 18:01:05 Event: ULOG_EXECUTE for HTCondor Node COLLECT (170267.25.0) {07/07/26 04:05:18} [recovery mode]
07/07/26 18:01:05 Number of idle job procs: 14
07/07/26 18:01:05 Event: ULOG_JOB_TERMINATED for HTCondor Node COLLECT (170267.2.0) {07/07/26 04:05:53} [recovery mode]
07/07/26 18:01:05 Number of idle job procs: 14
07/07/26 18:01:05 Node COLLECT job proc (170267.2.0) completed successfully.
07/07/26 18:01:05 Event: ULOG_EXECUTE for HTCondor Node COLLECT (170267.26.0) {07/07/26 04:06:18} [recovery mode]
07/07/26 18:01:05 Number of idle job procs: 13
07/07/26 18:01:05 Event: ULOG_JOB_TERMINATED for HTCondor Node COLLECT (170267.1.0) {07/07/26 04:08:03} [recovery mode]
07/07/26 18:01:05 Number of idle job procs: 13
07/07/26 18:01:05 Node COLLECT job proc (170267.1.0) completed successfully.
07/07/26 18:01:05 Event: ULOG_EXECUTE for HTCondor Node COLLECT (170267.27.0) {07/07/26 04:08:19} [recovery mode]
07/07/26 18:01:05 Number of idle job procs: 12
07/07/26 18:01:05 Event: ULOG_JOB_TERMINATED for HTCondor Node COLLECT (170267.3.0) {07/07/26 04:08:35} [recovery mode]
07/07/26 18:01:05 Number of idle job procs: 12
07/07/26 18:01:05 Node COLLECT job proc (170267.3.0) completed successfully.
07/07/26 18:01:05 Event: ULOG_JOB_TERMINATED for HTCondor Node COLLECT (170267.4.0) {07/07/26 04:08:41} [recovery mode]
07/07/26 18:01:05 Number of idle job procs: 12
07/07/26 18:01:05 Node COLLECT job proc (170267.4.0) completed successfully.
07/07/26 18:01:05 Event: ULOG_JOB_TERMINATED for HTCondor Node COLLECT (170267.6.0) {07/07/26 04:09:00} [recovery mode]
07/07/26 18:01:05 Number of idle job procs: 12
07/07/26 18:01:05 Node COLLECT job proc (170267.6.0) completed successfully.
07/07/26 18:01:05 Event: ULOG_JOB_TERMINATED for HTCondor Node COLLECT (170267.5.0) {07/07/26 04:09:03} [recovery mode]
07/07/26 18:01:05 Number of idle job procs: 12
07/07/26 18:01:05 Node COLLECT job proc (170267.5.0) completed successfully.
07/07/26 18:01:05 Event: ULOG_EXECUTE for HTCondor Node COLLECT (170267.31.0) {07/07/26 04:09:19} [recovery mode]
07/07/26 18:01:05 Number of idle job procs: 11
07/07/26 18:01:05 Event: ULOG_EXECUTE for HTCondor Node COLLECT (170267.29.0) {07/07/26 04:09:19} [recovery mode]
07/07/26 18:01:05 Number of idle job procs: 10
07/07/26 18:01:05 Event: ULOG_EXECUTE for HTCondor Node COLLECT (170267.30.0) {07/07/26 04:09:19} [recovery mode]
07/07/26 18:01:05 Number of idle job procs: 9
07/07/26 18:01:05 Event: ULOG_EXECUTE for HTCondor Node COLLECT (170267.28.0) {07/07/26 04:09:19} [recovery mode]
07/07/26 18:01:05 Number of idle job procs: 8
07/07/26 18:01:05 Event: ULOG_EXECUTE for HTCondor Node COLLECT (170267.32.0) {07/07/26 04:10:18} [recovery mode]
07/07/26 18:01:05 Number of idle job procs: 7
07/07/26 18:01:05 Event: ULOG_JOB_TERMINATED for HTCondor Node COLLECT (170267.9.0) {07/07/26 04:11:32} [recovery mode]
07/07/26 18:01:05 Number of idle job procs: 7
07/07/26 18:01:05 Node COLLECT job proc (170267.9.0) completed successfully.
07/07/26 18:01:05 Event: ULOG_EXECUTE for HTCondor Node COLLECT (170267.33.0) {07/07/26 04:12:19} [recovery mode]
07/07/26 18:01:05 Number of idle job procs: 6
07/07/26 18:01:05 Event: ULOG_JOB_TERMINATED for HTCondor Node COLLECT (170267.7.0) {07/07/26 04:12:51} [recovery mode]
07/07/26 18:01:05 Number of idle job procs: 6
07/07/26 18:01:05 Node COLLECT job proc (170267.7.0) completed successfully.
07/07/26 18:01:05 Event: ULOG_JOB_TERMINATED for HTCondor Node COLLECT (170267.15.0) {07/07/26 04:13:02} [recovery mode]
07/07/26 18:01:05 Number of idle job procs: 6
07/07/26 18:01:05 Node COLLECT job proc (170267.15.0) completed successfully.
07/07/26 18:01:05 Event: ULOG_JOB_TERMINATED for HTCondor Node COLLECT (170267.10.0) {07/07/26 04:13:06} [recovery mode]
07/07/26 18:01:05 Number of idle job procs: 6
07/07/26 18:01:05 Node COLLECT job proc (170267.10.0) completed successfully.
07/07/26 18:01:05 Event: ULOG_JOB_TERMINATED for HTCondor Node COLLECT (170267.8.0) {07/07/26 04:13:49} [recovery mode]
07/07/26 18:01:05 Number of idle job procs: 6
07/07/26 18:01:05 Node COLLECT job proc (170267.8.0) completed successfully.
07/07/26 18:01:05 Event: ULOG_EXECUTE for HTCondor Node COLLECT (170267.36.0) {07/07/26 04:13:54} [recovery mode]
07/07/26 18:01:05 Number of idle job procs: 5
07/07/26 18:01:06 Event: ULOG_EXECUTE for HTCondor Node COLLECT (170267.34.0) {07/07/26 04:13:54} [recovery mode]
07/07/26 18:01:06 Number of idle job procs: 4
07/07/26 18:01:06 Event: ULOG_EXECUTE for HTCondor Node COLLECT (170267.35.0) {07/07/26 04:13:54} [recovery mode]
07/07/26 18:01:06 Number of idle job procs: 3
07/07/26 18:01:06 Event: ULOG_JOB_TERMINATED for HTCondor Node COLLECT (170267.11.0) {07/07/26 04:13:59} [recovery mode]
07/07/26 18:01:06 Number of idle job procs: 3
07/07/26 18:01:06 Node COLLECT job proc (170267.11.0) completed successfully.
07/07/26 18:01:06 Event: ULOG_JOB_TERMINATED for HTCondor Node COLLECT (170267.14.0) {07/07/26 04:14:36} [recovery mode]
07/07/26 18:01:06 Number of idle job procs: 3
07/07/26 18:01:06 Node COLLECT job proc (170267.14.0) completed successfully.
07/07/26 18:01:06 Event: ULOG_JOB_TERMINATED for HTCondor Node COLLECT (170267.12.0) {07/07/26 04:14:40} [recovery mode]
07/07/26 18:01:06 Number of idle job procs: 3
07/07/26 18:01:06 Node COLLECT job proc (170267.12.0) completed successfully.
07/07/26 18:01:06 Event: ULOG_EXECUTE for HTCondor Node COLLECT (170267.37.0) {07/07/26 04:14:54} [recovery mode]
07/07/26 18:01:06 Number of idle job procs: 2
07/07/26 18:01:06 Event: ULOG_EXECUTE for HTCondor Node COLLECT (170267.38.0) {07/07/26 04:14:54} [recovery mode]
07/07/26 18:01:06 Number of idle job procs: 1
07/07/26 18:01:06 Event: ULOG_EXECUTE for HTCondor Node COLLECT (170267.39.0) {07/07/26 04:14:54} [recovery mode]
07/07/26 18:01:06 Number of idle job procs: 0
07/07/26 18:01:06 Event: ULOG_JOB_TERMINATED for HTCondor Node COLLECT (170267.17.0) {07/07/26 04:15:23} [recovery mode]
07/07/26 18:01:06 Number of idle job procs: 0
07/07/26 18:01:06 Node COLLECT job proc (170267.17.0) completed successfully.
07/07/26 18:01:06 Event: ULOG_JOB_TERMINATED for HTCondor Node COLLECT (170267.13.0) {07/07/26 04:15:48} [recovery mode]
07/07/26 18:01:06 Number of idle job procs: 0
07/07/26 18:01:06 Node COLLECT job proc (170267.13.0) completed successfully.
07/07/26 18:01:06 Event: ULOG_JOB_TERMINATED for HTCondor Node COLLECT (170267.20.0) {07/07/26 04:16:40} [recovery mode]
07/07/26 18:01:06 Number of idle job procs: 0
07/07/26 18:01:06 Node COLLECT job proc (170267.20.0) completed successfully.
07/07/26 18:01:06 Event: ULOG_JOB_TERMINATED for HTCondor Node COLLECT (170267.16.0) {07/07/26 04:16:56} [recovery mode]
07/07/26 18:01:06 Number of idle job procs: 0
07/07/26 18:01:06 Node COLLECT job proc (170267.16.0) completed successfully.
07/07/26 18:01:06 Event: ULOG_JOB_TERMINATED for HTCondor Node COLLECT (170267.19.0) {07/07/26 04:17:09} [recovery mode]
07/07/26 18:01:06 Number of idle job procs: 0
07/07/26 18:01:06 Node COLLECT job proc (170267.19.0) completed successfully.
07/07/26 18:01:06 Event: ULOG_JOB_TERMINATED for HTCondor Node COLLECT (170267.18.0) {07/07/26 04:17:29} [recovery mode]
07/07/26 18:01:06 Number of idle job procs: 0
07/07/26 18:01:06 Node COLLECT job proc (170267.18.0) completed successfully.
07/07/26 18:01:06 Event: ULOG_JOB_TERMINATED for HTCondor Node COLLECT (170267.21.0) {07/07/26 04:19:20} [recovery mode]
07/07/26 18:01:06 Number of idle job procs: 0
07/07/26 18:01:06 Node COLLECT job proc (170267.21.0) completed successfully.
07/07/26 18:01:06 Event: ULOG_JOB_TERMINATED for HTCondor Node COLLECT (170267.22.0) {07/07/26 04:19:51} [recovery mode]
07/07/26 18:01:06 Number of idle job procs: 0
07/07/26 18:01:06 Node COLLECT job proc (170267.22.0) completed successfully.
07/07/26 18:01:06 Event: ULOG_JOB_TERMINATED for HTCondor Node COLLECT (170267.24.0) {07/07/26 04:20:30} [recovery mode]
07/07/26 18:01:06 Number of idle job procs: 0
07/07/26 18:01:06 Node COLLECT job proc (170267.24.0) completed successfully.
07/07/26 18:01:06 Event: ULOG_JOB_TERMINATED for HTCondor Node COLLECT (170267.23.0) {07/07/26 04:20:50} [recovery mode]
07/07/26 18:01:06 Number of idle job procs: 0
07/07/26 18:01:06 Node COLLECT job proc (170267.23.0) completed successfully.
07/07/26 18:01:06 Event: ULOG_JOB_TERMINATED for HTCondor Node COLLECT (170267.25.0) {07/07/26 04:28:53} [recovery mode]
07/07/26 18:01:06 Number of idle job procs: 0
07/07/26 18:01:06 Node COLLECT job proc (170267.25.0) completed successfully.
07/07/26 18:01:06 Event: ULOG_JOB_TERMINATED for HTCondor Node COLLECT (170267.26.0) {07/07/26 04:31:15} [recovery mode]
07/07/26 18:01:06 Number of idle job procs: 0
07/07/26 18:01:06 Node COLLECT job proc (170267.26.0) completed successfully.
07/07/26 18:01:06 Event: ULOG_JOB_TERMINATED for HTCondor Node COLLECT (170267.32.0) {07/07/26 04:33:15} [recovery mode]
07/07/26 18:01:06 Number of idle job procs: 0
07/07/26 18:01:06 Node COLLECT job proc (170267.32.0) completed successfully.
07/07/26 18:01:06 Event: ULOG_JOB_TERMINATED for HTCondor Node COLLECT (170267.31.0) {07/07/26 04:33:20} [recovery mode]
07/07/26 18:01:06 Number of idle job procs: 0
07/07/26 18:01:06 Node COLLECT job proc (170267.31.0) completed successfully.
07/07/26 18:01:06 Event: ULOG_JOB_TERMINATED for HTCondor Node COLLECT (170267.28.0) {07/07/26 04:33:33} [recovery mode]
07/07/26 18:01:06 Number of idle job procs: 0
07/07/26 18:01:06 Node COLLECT job proc (170267.28.0) completed successfully.
07/07/26 18:01:06 Event: ULOG_JOB_TERMINATED for HTCondor Node COLLECT (170267.27.0) {07/07/26 04:33:44} [recovery mode]
07/07/26 18:01:06 Number of idle job procs: 0
07/07/26 18:01:06 Node COLLECT job proc (170267.27.0) completed successfully.
07/07/26 18:01:06 Event: ULOG_JOB_TERMINATED for HTCondor Node COLLECT (170267.30.0) {07/07/26 04:33:50} [recovery mode]
07/07/26 18:01:06 Number of idle job procs: 0
07/07/26 18:01:06 Node COLLECT job proc (170267.30.0) completed successfully.
07/07/26 18:01:06 Event: ULOG_JOB_TERMINATED for HTCondor Node COLLECT (170267.33.0) {07/07/26 04:36:27} [recovery mode]
07/07/26 18:01:06 Number of idle job procs: 0
07/07/26 18:01:06 Node COLLECT job proc (170267.33.0) completed successfully.
07/07/26 18:01:06 Event: ULOG_JOB_TERMINATED for HTCondor Node COLLECT (170267.29.0) {07/07/26 04:36:53} [recovery mode]
07/07/26 18:01:06 Number of idle job procs: 0
07/07/26 18:01:06 Node COLLECT job proc (170267.29.0) completed successfully.
07/07/26 18:01:06 Event: ULOG_JOB_TERMINATED for HTCondor Node COLLECT (170267.35.0) {07/07/26 04:37:31} [recovery mode]
07/07/26 18:01:06 Number of idle job procs: 0
07/07/26 18:01:06 Node COLLECT job proc (170267.35.0) completed successfully.
07/07/26 18:01:06 Event: ULOG_JOB_TERMINATED for HTCondor Node COLLECT (170267.36.0) {07/07/26 04:37:46} [recovery mode]
07/07/26 18:01:06 Number of idle job procs: 0
07/07/26 18:01:06 Node COLLECT job proc (170267.36.0) completed successfully.
07/07/26 18:01:06 Event: ULOG_JOB_TERMINATED for HTCondor Node COLLECT (170267.38.0) {07/07/26 04:38:40} [recovery mode]
07/07/26 18:01:06 Number of idle job procs: 0
07/07/26 18:01:06 Node COLLECT job proc (170267.38.0) completed successfully.
07/07/26 18:01:06 Event: ULOG_JOB_TERMINATED for HTCondor Node COLLECT (170267.39.0) {07/07/26 04:38:50} [recovery mode]
07/07/26 18:01:06 Number of idle job procs: 0
07/07/26 18:01:06 Node COLLECT job proc (170267.39.0) completed successfully.
07/07/26 18:01:06 Event: ULOG_JOB_TERMINATED for HTCondor Node COLLECT (170267.37.0) {07/07/26 04:39:11} [recovery mode]
07/07/26 18:01:06 Number of idle job procs: 0
07/07/26 18:01:06 Node COLLECT job proc (170267.37.0) completed successfully.
07/07/26 18:01:06 Event: ULOG_JOB_TERMINATED for HTCondor Node COLLECT (170267.34.0) {07/07/26 04:39:28} [recovery mode]
07/07/26 18:01:06 Number of idle job procs: 0
07/07/26 18:01:06 Node COLLECT job proc (170267.34.0) completed successfully.
07/07/26 18:01:06 Node COLLECT job(s) have exited the queue
07/07/26 18:01:06 Event: ULOG_SUBMIT for HTCondor Node MERGE_COLLECTION (170314.0.0) {07/07/26 04:39:38} [recovery mode]
07/07/26 18:01:06 Number of idle job procs: 1
07/07/26 18:01:06     ------------------------------
07/07/26 18:01:06        HTCondor Recovery Complete
07/07/26 18:01:06     ------------------------------
07/07/26 18:01:06 ...done with RECOVERY mode <<<<<<<<<<<<<<<<<<<<<<<<<<<<<<
07/07/26 18:01:06 1 nodes claim to have jobs submitted to queue. Verifying...
07/07/26 18:01:06 Querying local schedd for associated jobs in queue
07/07/26 18:01:06 All pending job states validated
07/07/26 18:01:06 DAG status: 0 (DAG_STATUS_OK)
07/07/26 18:01:06 Of 5 nodes total:
07/07/26 18:01:06  Done     Pre   Queued    Post   Ready   Un-Ready   Failed   Futile
07/07/26 18:01:06   ===     ===      ===     ===     ===        ===      ===      ===
07/07/26 18:01:06     1       0        1       0       0          3        0        0
07/07/26 18:01:06 0 job proc(s) currently held
07/07/26 18:01:06 DAGMan Runtime Statistics: [EventCycleTimeSum=0.000; SleepCycleTimeSum=0.000; SubmitCycleTimeSum=0.000; EventCycleTimeCount=0.000; SleepCycleTimeCount=0.000; SubmitCycleTimeCount=0.000; LogProcessCycleTimeSum=0.000; LogProcessCycleTimeCount=0.000; ]
07/07/26 18:01:06 DAG status: 0 (DAG_STATUS_OK)
07/07/26 18:01:06 Of 5 nodes total:
07/07/26 18:01:06  Done     Pre   Queued    Post   Ready   Un-Ready   Failed   Futile
07/07/26 18:01:06   ===     ===      ===     ===     ===        ===      ===      ===
07/07/26 18:01:06     1       0        1       0       0          3        0        0
07/07/26 18:01:06 0 job proc(s) currently held
07/07/26 18:01:06 DAGMan Runtime Statistics: [EventCycleTimeSum=0.000; SleepCycleTimeSum=0.000; SubmitCycleTimeSum=0.000; EventCycleTimeCount=0.000; SleepCycleTimeCount=0.000; SubmitCycleTimeCount=0.000; LogProcessCycleTimeSum=0.000; LogProcessCycleTimeCount=0.000; ]
07/07/26 18:01:06 Registering condor_event_timer...
07/07/26 18:01:07 Currently monitoring 1 HTCondor log file(s)
07/07/26 18:01:07 DAG status: 0 (DAG_STATUS_OK)
07/07/26 18:01:07 Of 5 nodes total:
07/07/26 18:01:07  Done     Pre   Queued    Post   Ready   Un-Ready   Failed   Futile
07/07/26 18:01:07   ===     ===      ===     ===     ===        ===      ===      ===
07/07/26 18:01:07     1       0        1       0       0          3        0        0
07/07/26 18:01:07 0 job proc(s) currently held
07/07/26 18:01:07 DAGMan Runtime Statistics: [EventCycleTimeSum=0.000; SleepCycleTimeSum=0.000; SubmitCycleTimeAvg=0.000; SubmitCycleTimeMax=0.000; SubmitCycleTimeMin=0.000; SubmitCycleTimeStd=0.000; SubmitCycleTimeSum=0.000; EventCycleTimeCount=0.000; SleepCycleTimeCount=0.000; SubmitCycleTimeCount=1.000; LogProcessCycleTimeAvg=0.001; LogProcessCycleTimeMax=0.001; LogProcessCycleTimeMin=0.001; LogProcessCycleTimeStd=0.001; LogProcessCycleTimeSum=0.001; LogProcessCycleTimeCount=1.000; ]
07/07/26 18:11:07 600 seconds since last log event
07/07/26 18:11:07 Pending DAG nodes:
07/07/26 18:11:07   Node MERGE_COLLECTION, HTCondor ID 170314, status STATUS_SUBMITTED
07/07/26 18:16:07 Total jobs placed to AP: 41
07/07/26 18:16:07      Idle     Held     Running     Successful     Failed
07/07/26 18:16:07       ===      ===         ===            ===        ===
07/07/26 18:16:07         1        0           0             40          0
07/07/26 18:21:08 1201 seconds since last log event
07/07/26 18:21:08 Pending DAG nodes:
07/07/26 18:21:08   Node MERGE_COLLECTION, HTCondor ID 170314, status STATUS_SUBMITTED
07/07/26 18:31:08 1801 seconds since last log event
07/07/26 18:31:08 Pending DAG nodes:
07/07/26 18:31:08   Node MERGE_COLLECTION, HTCondor ID 170314, status STATUS_SUBMITTED
07/07/26 18:31:08 Total jobs placed to AP: 41
07/07/26 18:31:08      Idle     Held     Running     Successful     Failed
07/07/26 18:31:08       ===      ===         ===            ===        ===
07/07/26 18:31:08         1        0           0             40          0
07/07/26 18:41:08 2401 seconds since last log event
07/07/26 18:41:08 Pending DAG nodes:
07/07/26 18:41:08   Node MERGE_COLLECTION, HTCondor ID 170314, status STATUS_SUBMITTED
07/07/26 18:46:08 Total jobs placed to AP: 41
07/07/26 18:46:08      Idle     Held     Running     Successful     Failed
07/07/26 18:46:08       ===      ===         ===            ===        ===
07/07/26 18:46:08         1        0           0             40          0
07/07/26 18:51:08 3001 seconds since last log event
07/07/26 18:51:08 Pending DAG nodes:
07/07/26 18:51:08   Node MERGE_COLLECTION, HTCondor ID 170314, status STATUS_SUBMITTED
07/07/26 19:01:09 3602 seconds since last log event
07/07/26 19:01:09 Pending DAG nodes:
07/07/26 19:01:09   Node MERGE_COLLECTION, HTCondor ID 170314, status STATUS_SUBMITTED
07/07/26 19:01:09 Total jobs placed to AP: 41
07/07/26 19:01:09      Idle     Held     Running     Successful     Failed
07/07/26 19:01:09       ===      ===         ===            ===        ===
07/07/26 19:01:09         1        0           0             40          0
07/07/26 19:04:09 Currently monitoring 1 HTCondor log file(s)
07/07/26 19:04:09 Event: ULOG_EXECUTE for HTCondor Node MERGE_COLLECTION (170314.0.0) {07/07/26 19:04:08}
07/07/26 19:04:09 Number of idle job procs: 0
07/07/26 19:13:05 Currently monitoring 1 HTCondor log file(s)
07/07/26 19:13:05 Event: ULOG_JOB_TERMINATED for HTCondor Node MERGE_COLLECTION (170314.0.0) {07/07/26 19:13:03}
07/07/26 19:13:05 Number of idle job procs: 0
07/07/26 19:13:05 Node MERGE_COLLECTION job proc (170314.0.0) completed successfully.
07/07/26 19:13:05 Node MERGE_COLLECTION job(s) have exited the queue
07/07/26 19:13:05 DAG status: 0 (DAG_STATUS_OK)
07/07/26 19:13:05 Of 5 nodes total:
07/07/26 19:13:05  Done     Pre   Queued    Post   Ready   Un-Ready   Failed   Futile
07/07/26 19:13:05   ===     ===      ===     ===     ===        ===      ===      ===
07/07/26 19:13:05     2       0        0       0       1          2        0        0
07/07/26 19:13:05 0 job proc(s) currently held
07/07/26 19:13:05 DAGMan Runtime Statistics: [EventCycleTimeAvg=0.000; EventCycleTimeMax=0.025; EventCycleTimeMin=0.000; EventCycleTimeStd=0.002; EventCycleTimeSum=0.255; SleepCycleTimeAvg=5.003; SleepCycleTimeMax=5.026; SleepCycleTimeMin=4.004; SleepCycleTimeStd=0.034; SleepCycleTimeSum=4317.903; SubmitCycleTimeAvg=0.000; SubmitCycleTimeMax=0.000; SubmitCycleTimeMin=0.000; SubmitCycleTimeStd=0.000; SubmitCycleTimeSum=0.000; EventCycleTimeCount=863.000; SleepCycleTimeCount=863.000; SubmitCycleTimeCount=864.000; LogProcessCycleTimeAvg=0.002; LogProcessCycleTimeMax=0.002; LogProcessCycleTimeMin=0.001; LogProcessCycleTimeStd=0.001; LogProcessCycleTimeSum=0.005; LogProcessCycleTimeCount=3.000; ]
07/07/26 19:13:10 Submitting HTCondor Node TRAIN job(s)...
07/07/26 19:13:10 Submitting node TRAIN from file one_way_line_det_one_way_line_20_10_action_shield_train.sub using direct job submission
07/07/26 19:13:10 	assigned HTCondor ID (170445.0.0)
07/07/26 19:13:10 Just submitted 1 job this cycle...
07/07/26 19:13:10 DAG status: 0 (DAG_STATUS_OK)
07/07/26 19:13:10 Of 5 nodes total:
07/07/26 19:13:10  Done     Pre   Queued    Post   Ready   Un-Ready   Failed   Futile
07/07/26 19:13:10   ===     ===      ===     ===     ===        ===      ===      ===
07/07/26 19:13:10     2       0        1       0       0          2        0        0
07/07/26 19:13:10 0 job proc(s) currently held
07/07/26 19:13:10 DAGMan Runtime Statistics: [EventCycleTimeAvg=0.000; EventCycleTimeMax=0.025; EventCycleTimeMin=0.000; EventCycleTimeStd=0.002; EventCycleTimeSum=0.261; SleepCycleTimeAvg=5.003; SleepCycleTimeMax=5.026; SleepCycleTimeMin=4.004; SleepCycleTimeStd=0.034; SleepCycleTimeSum=4322.905; SubmitCycleTimeAvg=0.000; SubmitCycleTimeMax=0.193; SubmitCycleTimeMin=0.000; SubmitCycleTimeStd=0.007; SubmitCycleTimeSum=0.193; EventCycleTimeCount=864.000; SleepCycleTimeCount=864.000; SubmitCycleTimeCount=865.000; LogProcessCycleTimeAvg=0.002; LogProcessCycleTimeMax=0.002; LogProcessCycleTimeMin=0.001; LogProcessCycleTimeStd=0.001; LogProcessCycleTimeSum=0.005; LogProcessCycleTimeCount=3.000; ]
07/07/26 19:13:15 Currently monitoring 1 HTCondor log file(s)
07/07/26 19:13:15 Reassigning the id of job TRAIN from (170445.0.0) to (170445.0.0)
07/07/26 19:13:15 Event: ULOG_SUBMIT for HTCondor Node TRAIN (170445.0.0) {07/07/26 19:13:10}
07/07/26 19:13:15 Number of idle job procs: 1
07/07/26 19:16:10 Total jobs placed to AP: 42
07/07/26 19:16:10      Idle     Held     Running     Successful     Failed
07/07/26 19:16:10       ===      ===         ===            ===        ===
07/07/26 19:16:10         1        0           0             41          0
07/07/26 19:23:16 601 seconds since last log event
07/07/26 19:23:16 Pending DAG nodes:
07/07/26 19:23:16   Node TRAIN, HTCondor ID 170445, status STATUS_SUBMITTED
07/07/26 19:25:56 Currently monitoring 1 HTCondor log file(s)
07/07/26 19:25:56 Event: ULOG_EXECUTE for HTCondor Node TRAIN (170445.0.0) {07/07/26 19:25:51}
07/07/26 19:25:56 Number of idle job procs: 0
07/07/26 19:31:11 Total jobs placed to AP: 42
07/07/26 19:31:11      Idle     Held     Running     Successful     Failed
07/07/26 19:31:11       ===      ===         ===            ===        ===
07/07/26 19:31:11         0        0           1             41          0
07/07/26 19:35:21 Currently monitoring 1 HTCondor log file(s)
07/07/26 19:35:21 Event: ULOG_JOB_TERMINATED for HTCondor Node TRAIN (170445.0.0) {07/07/26 19:35:21}
07/07/26 19:35:21 Number of idle job procs: 0
07/07/26 19:35:21 Node TRAIN job proc (170445.0.0) completed successfully.
07/07/26 19:35:21 Node TRAIN job(s) have exited the queue
07/07/26 19:35:21 DAG status: 0 (DAG_STATUS_OK)
07/07/26 19:35:21 Of 5 nodes total:
07/07/26 19:35:21  Done     Pre   Queued    Post   Ready   Un-Ready   Failed   Futile
07/07/26 19:35:21   ===     ===      ===     ===     ===        ===      ===      ===
07/07/26 19:35:21     3       0        0       0       1          1        0        0
07/07/26 19:35:21 0 job proc(s) currently held
07/07/26 19:35:21 DAGMan Runtime Statistics: [EventCycleTimeAvg=0.000; EventCycleTimeMax=0.196; EventCycleTimeMin=0.000; EventCycleTimeStd=0.006; EventCycleTimeSum=0.550; SleepCycleTimeAvg=5.004; SleepCycleTimeMax=5.026; SleepCycleTimeMin=4.004; SleepCycleTimeStd=0.030; SleepCycleTimeSum=5654.051; SubmitCycleTimeAvg=0.000; SubmitCycleTimeMax=0.193; SubmitCycleTimeMin=0.000; SubmitCycleTimeStd=0.006; SubmitCycleTimeSum=0.193; EventCycleTimeCount=1130.000; SleepCycleTimeCount=1130.000; SubmitCycleTimeCount=1131.000; LogProcessCycleTimeAvg=0.002; LogProcessCycleTimeMax=0.005; LogProcessCycleTimeMin=0.001; LogProcessCycleTimeStd=0.001; LogProcessCycleTimeSum=0.014; LogProcessCycleTimeCount=6.000; ]
07/07/26 19:35:26 Submitting HTCondor Node EVALUATE job(s)...
07/07/26 19:35:26 Submitting node EVALUATE from file one_way_line_det_one_way_line_20_10_action_shield_evaluate.sub using direct job submission
07/07/26 19:35:26 	assigned HTCondor ID (170453.0.0)
07/07/26 19:35:26 Just submitted 1 job this cycle...
07/07/26 19:35:26 DAG status: 0 (DAG_STATUS_OK)
07/07/26 19:35:26 Of 5 nodes total:
07/07/26 19:35:26  Done     Pre   Queued    Post   Ready   Un-Ready   Failed   Futile
07/07/26 19:35:26   ===     ===      ===     ===     ===        ===      ===      ===
07/07/26 19:35:26     3       0        1       0       0          1        0        0
07/07/26 19:35:26 0 job proc(s) currently held
07/07/26 19:35:26 DAGMan Runtime Statistics: [EventCycleTimeAvg=0.000; EventCycleTimeMax=0.196; EventCycleTimeMin=0.000; EventCycleTimeStd=0.006; EventCycleTimeSum=0.559; SleepCycleTimeAvg=5.004; SleepCycleTimeMax=5.026; SleepCycleTimeMin=4.004; SleepCycleTimeStd=0.030; SleepCycleTimeSum=5659.054; SubmitCycleTimeAvg=0.000; SubmitCycleTimeMax=0.193; SubmitCycleTimeMin=0.000; SubmitCycleTimeStd=0.007; SubmitCycleTimeSum=0.354; EventCycleTimeCount=1131.000; SleepCycleTimeCount=1131.000; SubmitCycleTimeCount=1132.000; LogProcessCycleTimeAvg=0.002; LogProcessCycleTimeMax=0.005; LogProcessCycleTimeMin=0.001; LogProcessCycleTimeStd=0.001; LogProcessCycleTimeSum=0.014; LogProcessCycleTimeCount=6.000; ]
07/07/26 19:35:31 Currently monitoring 1 HTCondor log file(s)
07/07/26 19:35:31 Reassigning the id of job EVALUATE from (170453.0.0) to (170453.0.0)
07/07/26 19:35:31 Event: ULOG_SUBMIT for HTCondor Node EVALUATE (170453.0.0) {07/07/26 19:35:26}
07/07/26 19:35:31 Number of idle job procs: 1
07/07/26 19:35:31 Reassigning the id of job EVALUATE from (170453.0.0) to (170453.1.0)
07/07/26 19:35:31 Event: ULOG_SUBMIT for HTCondor Node EVALUATE (170453.1.0) {07/07/26 19:35:26}
07/07/26 19:35:31 Number of idle job procs: 2
07/07/26 19:35:31 Reassigning the id of job EVALUATE from (170453.1.0) to (170453.10.0)
07/07/26 19:35:31 Event: ULOG_SUBMIT for HTCondor Node EVALUATE (170453.10.0) {07/07/26 19:35:26}
07/07/26 19:35:31 Number of idle job procs: 3
07/07/26 19:35:31 Reassigning the id of job EVALUATE from (170453.10.0) to (170453.11.0)
07/07/26 19:35:31 Event: ULOG_SUBMIT for HTCondor Node EVALUATE (170453.11.0) {07/07/26 19:35:26}
07/07/26 19:35:31 Number of idle job procs: 4
07/07/26 19:35:31 Reassigning the id of job EVALUATE from (170453.11.0) to (170453.12.0)
07/07/26 19:35:31 Event: ULOG_SUBMIT for HTCondor Node EVALUATE (170453.12.0) {07/07/26 19:35:26}
07/07/26 19:35:31 Number of idle job procs: 5
07/07/26 19:35:31 Reassigning the id of job EVALUATE from (170453.12.0) to (170453.13.0)
07/07/26 19:35:31 Event: ULOG_SUBMIT for HTCondor Node EVALUATE (170453.13.0) {07/07/26 19:35:26}
07/07/26 19:35:31 Number of idle job procs: 6
07/07/26 19:35:31 Reassigning the id of job EVALUATE from (170453.13.0) to (170453.14.0)
07/07/26 19:35:31 Event: ULOG_SUBMIT for HTCondor Node EVALUATE (170453.14.0) {07/07/26 19:35:26}
07/07/26 19:35:31 Number of idle job procs: 7
07/07/26 19:35:31 Reassigning the id of job EVALUATE from (170453.14.0) to (170453.15.0)
07/07/26 19:35:31 Event: ULOG_SUBMIT for HTCondor Node EVALUATE (170453.15.0) {07/07/26 19:35:26}
07/07/26 19:35:31 Number of idle job procs: 8
07/07/26 19:35:31 Reassigning the id of job EVALUATE from (170453.15.0) to (170453.16.0)
07/07/26 19:35:31 Event: ULOG_SUBMIT for HTCondor Node EVALUATE (170453.16.0) {07/07/26 19:35:26}
07/07/26 19:35:31 Number of idle job procs: 9
07/07/26 19:35:31 Reassigning the id of job EVALUATE from (170453.16.0) to (170453.17.0)
07/07/26 19:35:31 Event: ULOG_SUBMIT for HTCondor Node EVALUATE (170453.17.0) {07/07/26 19:35:26}
07/07/26 19:35:31 Number of idle job procs: 10
07/07/26 19:35:31 Reassigning the id of job EVALUATE from (170453.17.0) to (170453.18.0)
07/07/26 19:35:31 Event: ULOG_SUBMIT for HTCondor Node EVALUATE (170453.18.0) {07/07/26 19:35:26}
07/07/26 19:35:31 Number of idle job procs: 11
07/07/26 19:35:31 Reassigning the id of job EVALUATE from (170453.18.0) to (170453.19.0)
07/07/26 19:35:31 Event: ULOG_SUBMIT for HTCondor Node EVALUATE (170453.19.0) {07/07/26 19:35:26}
07/07/26 19:35:31 Number of idle job procs: 12
07/07/26 19:35:31 Reassigning the id of job EVALUATE from (170453.19.0) to (170453.2.0)
07/07/26 19:35:31 Event: ULOG_SUBMIT for HTCondor Node EVALUATE (170453.2.0) {07/07/26 19:35:26}
07/07/26 19:35:31 Number of idle job procs: 13
07/07/26 19:35:31 Reassigning the id of job EVALUATE from (170453.2.0) to (170453.20.0)
07/07/26 19:35:31 Event: ULOG_SUBMIT for HTCondor Node EVALUATE (170453.20.0) {07/07/26 19:35:26}
07/07/26 19:35:31 Number of idle job procs: 14
07/07/26 19:35:31 Reassigning the id of job EVALUATE from (170453.20.0) to (170453.21.0)
07/07/26 19:35:31 Event: ULOG_SUBMIT for HTCondor Node EVALUATE (170453.21.0) {07/07/26 19:35:26}
07/07/26 19:35:31 Number of idle job procs: 15
07/07/26 19:35:31 Reassigning the id of job EVALUATE from (170453.21.0) to (170453.22.0)
07/07/26 19:35:31 Event: ULOG_SUBMIT for HTCondor Node EVALUATE (170453.22.0) {07/07/26 19:35:26}
07/07/26 19:35:31 Number of idle job procs: 16
07/07/26 19:35:31 Reassigning the id of job EVALUATE from (170453.22.0) to (170453.23.0)
07/07/26 19:35:31 Event: ULOG_SUBMIT for HTCondor Node EVALUATE (170453.23.0) {07/07/26 19:35:26}
07/07/26 19:35:31 Number of idle job procs: 17
07/07/26 19:35:31 Reassigning the id of job EVALUATE from (170453.23.0) to (170453.24.0)
07/07/26 19:35:31 Event: ULOG_SUBMIT for HTCondor Node EVALUATE (170453.24.0) {07/07/26 19:35:26}
07/07/26 19:35:31 Number of idle job procs: 18
07/07/26 19:35:31 Reassigning the id of job EVALUATE from (170453.24.0) to (170453.25.0)
07/07/26 19:35:31 Event: ULOG_SUBMIT for HTCondor Node EVALUATE (170453.25.0) {07/07/26 19:35:26}
07/07/26 19:35:31 Number of idle job procs: 19
07/07/26 19:35:31 Reassigning the id of job EVALUATE from (170453.25.0) to (170453.26.0)
07/07/26 19:35:31 Event: ULOG_SUBMIT for HTCondor Node EVALUATE (170453.26.0) {07/07/26 19:35:26}
07/07/26 19:35:32 Number of idle job procs: 20
07/07/26 19:35:32 Reassigning the id of job EVALUATE from (170453.26.0) to (170453.27.0)
07/07/26 19:35:32 Event: ULOG_SUBMIT for HTCondor Node EVALUATE (170453.27.0) {07/07/26 19:35:26}
07/07/26 19:35:32 Number of idle job procs: 21
07/07/26 19:35:32 Reassigning the id of job EVALUATE from (170453.27.0) to (170453.28.0)
07/07/26 19:35:32 Event: ULOG_SUBMIT for HTCondor Node EVALUATE (170453.28.0) {07/07/26 19:35:26}
07/07/26 19:35:32 Number of idle job procs: 22
07/07/26 19:35:32 Reassigning the id of job EVALUATE from (170453.28.0) to (170453.29.0)
07/07/26 19:35:32 Event: ULOG_SUBMIT for HTCondor Node EVALUATE (170453.29.0) {07/07/26 19:35:26}
07/07/26 19:35:32 Number of idle job procs: 23
07/07/26 19:35:32 Reassigning the id of job EVALUATE from (170453.29.0) to (170453.3.0)
07/07/26 19:35:32 Event: ULOG_SUBMIT for HTCondor Node EVALUATE (170453.3.0) {07/07/26 19:35:26}
07/07/26 19:35:32 Number of idle job procs: 24
07/07/26 19:35:32 Reassigning the id of job EVALUATE from (170453.3.0) to (170453.30.0)
07/07/26 19:35:32 Event: ULOG_SUBMIT for HTCondor Node EVALUATE (170453.30.0) {07/07/26 19:35:26}
07/07/26 19:35:32 Number of idle job procs: 25
07/07/26 19:35:32 Reassigning the id of job EVALUATE from (170453.30.0) to (170453.31.0)
07/07/26 19:35:32 Event: ULOG_SUBMIT for HTCondor Node EVALUATE (170453.31.0) {07/07/26 19:35:26}
07/07/26 19:35:32 Number of idle job procs: 26
07/07/26 19:35:32 Reassigning the id of job EVALUATE from (170453.31.0) to (170453.32.0)
07/07/26 19:35:32 Event: ULOG_SUBMIT for HTCondor Node EVALUATE (170453.32.0) {07/07/26 19:35:26}
07/07/26 19:35:32 Number of idle job procs: 27
07/07/26 19:35:32 Reassigning the id of job EVALUATE from (170453.32.0) to (170453.33.0)
07/07/26 19:35:32 Event: ULOG_SUBMIT for HTCondor Node EVALUATE (170453.33.0) {07/07/26 19:35:26}
07/07/26 19:35:32 Number of idle job procs: 28
07/07/26 19:35:32 Reassigning the id of job EVALUATE from (170453.33.0) to (170453.34.0)
07/07/26 19:35:32 Event: ULOG_SUBMIT for HTCondor Node EVALUATE (170453.34.0) {07/07/26 19:35:26}
07/07/26 19:35:32 Number of idle job procs: 29
07/07/26 19:35:32 Reassigning the id of job EVALUATE from (170453.34.0) to (170453.35.0)
07/07/26 19:35:32 Event: ULOG_SUBMIT for HTCondor Node EVALUATE (170453.35.0) {07/07/26 19:35:26}
07/07/26 19:35:32 Number of idle job procs: 30
07/07/26 19:35:32 Reassigning the id of job EVALUATE from (170453.35.0) to (170453.36.0)
07/07/26 19:35:32 Event: ULOG_SUBMIT for HTCondor Node EVALUATE (170453.36.0) {07/07/26 19:35:26}
07/07/26 19:35:32 Number of idle job procs: 31
07/07/26 19:35:32 Reassigning the id of job EVALUATE from (170453.36.0) to (170453.37.0)
07/07/26 19:35:32 Event: ULOG_SUBMIT for HTCondor Node EVALUATE (170453.37.0) {07/07/26 19:35:26}
07/07/26 19:35:32 Number of idle job procs: 32
07/07/26 19:35:32 Reassigning the id of job EVALUATE from (170453.37.0) to (170453.38.0)
07/07/26 19:35:32 Event: ULOG_SUBMIT for HTCondor Node EVALUATE (170453.38.0) {07/07/26 19:35:26}
07/07/26 19:35:32 Number of idle job procs: 33
07/07/26 19:35:32 Reassigning the id of job EVALUATE from (170453.38.0) to (170453.39.0)
07/07/26 19:35:32 Event: ULOG_SUBMIT for HTCondor Node EVALUATE (170453.39.0) {07/07/26 19:35:26}
07/07/26 19:35:32 Number of idle job procs: 34
07/07/26 19:35:32 Reassigning the id of job EVALUATE from (170453.39.0) to (170453.4.0)
07/07/26 19:35:32 Event: ULOG_SUBMIT for HTCondor Node EVALUATE (170453.4.0) {07/07/26 19:35:26}
07/07/26 19:35:32 Number of idle job procs: 35
07/07/26 19:35:32 Reassigning the id of job EVALUATE from (170453.4.0) to (170453.5.0)
07/07/26 19:35:32 Event: ULOG_SUBMIT for HTCondor Node EVALUATE (170453.5.0) {07/07/26 19:35:26}
07/07/26 19:35:32 Number of idle job procs: 36
07/07/26 19:35:32 Reassigning the id of job EVALUATE from (170453.5.0) to (170453.6.0)
07/07/26 19:35:32 Event: ULOG_SUBMIT for HTCondor Node EVALUATE (170453.6.0) {07/07/26 19:35:26}
07/07/26 19:35:32 Number of idle job procs: 37
07/07/26 19:35:32 Reassigning the id of job EVALUATE from (170453.6.0) to (170453.7.0)
07/07/26 19:35:32 Event: ULOG_SUBMIT for HTCondor Node EVALUATE (170453.7.0) {07/07/26 19:35:26}
07/07/26 19:35:32 Number of idle job procs: 38
07/07/26 19:35:32 Reassigning the id of job EVALUATE from (170453.7.0) to (170453.8.0)
07/07/26 19:35:32 Event: ULOG_SUBMIT for HTCondor Node EVALUATE (170453.8.0) {07/07/26 19:35:26}
07/07/26 19:35:32 Number of idle job procs: 39
07/07/26 19:35:32 Reassigning the id of job EVALUATE from (170453.8.0) to (170453.9.0)
07/07/26 19:35:32 Event: ULOG_SUBMIT for HTCondor Node EVALUATE (170453.9.0) {07/07/26 19:35:26}
07/07/26 19:35:32 Number of idle job procs: 40
07/07/26 19:35:32 Event: ULOG_EXECUTE for HTCondor Node EVALUATE (170453.0.0) {07/07/26 19:35:28}
07/07/26 19:35:32 Number of idle job procs: 39
07/07/26 19:35:37 Currently monitoring 1 HTCondor log file(s)
07/07/26 19:35:37 Event: ULOG_EXECUTE for HTCondor Node EVALUATE (170453.9.0) {07/07/26 19:35:35}
07/07/26 19:35:37 Number of idle job procs: 38
07/07/26 19:35:37 Event: ULOG_EXECUTE for HTCondor Node EVALUATE (170453.1.0) {07/07/26 19:35:35}
07/07/26 19:35:37 Number of idle job procs: 37
07/07/26 19:35:37 Event: ULOG_EXECUTE for HTCondor Node EVALUATE (170453.4.0) {07/07/26 19:35:35}
07/07/26 19:35:37 Number of idle job procs: 36
07/07/26 19:35:37 Event: ULOG_EXECUTE for HTCondor Node EVALUATE (170453.6.0) {07/07/26 19:35:35}
07/07/26 19:35:37 Number of idle job procs: 35
07/07/26 19:35:37 Event: ULOG_EXECUTE for HTCondor Node EVALUATE (170453.2.0) {07/07/26 19:35:35}
07/07/26 19:35:37 Number of idle job procs: 34
07/07/26 19:35:37 Event: ULOG_EXECUTE for HTCondor Node EVALUATE (170453.5.0) {07/07/26 19:35:35}
07/07/26 19:35:37 Number of idle job procs: 33
07/07/26 19:35:37 Event: ULOG_EXECUTE for HTCondor Node EVALUATE (170453.14.0) {07/07/26 19:35:35}
07/07/26 19:35:37 Number of idle job procs: 32
07/07/26 19:35:37 Event: ULOG_EXECUTE for HTCondor Node EVALUATE (170453.7.0) {07/07/26 19:35:35}
07/07/26 19:35:37 Number of idle job procs: 31
07/07/26 19:35:37 Event: ULOG_EXECUTE for HTCondor Node EVALUATE (170453.3.0) {07/07/26 19:35:35}
07/07/26 19:35:37 Number of idle job procs: 30
07/07/26 19:35:37 Event: ULOG_EXECUTE for HTCondor Node EVALUATE (170453.17.0) {07/07/26 19:35:35}
07/07/26 19:35:37 Number of idle job procs: 29
07/07/26 19:35:37 Event: ULOG_EXECUTE for HTCondor Node EVALUATE (170453.15.0) {07/07/26 19:35:35}
07/07/26 19:35:37 Number of idle job procs: 28
07/07/26 19:35:37 Event: ULOG_EXECUTE for HTCondor Node EVALUATE (170453.8.0) {07/07/26 19:35:35}
07/07/26 19:35:37 Number of idle job procs: 27
07/07/26 19:35:37 Event: ULOG_EXECUTE for HTCondor Node EVALUATE (170453.18.0) {07/07/26 19:35:35}
07/07/26 19:35:37 Number of idle job procs: 26
07/07/26 19:35:37 Event: ULOG_EXECUTE for HTCondor Node EVALUATE (170453.16.0) {07/07/26 19:35:35}
07/07/26 19:35:37 Number of idle job procs: 25
07/07/26 19:35:37 Event: ULOG_EXECUTE for HTCondor Node EVALUATE (170453.10.0) {07/07/26 19:35:35}
07/07/26 19:35:37 Number of idle job procs: 24
07/07/26 19:35:37 Event: ULOG_EXECUTE for HTCondor Node EVALUATE (170453.11.0) {07/07/26 19:35:35}
07/07/26 19:35:37 Number of idle job procs: 23
07/07/26 19:35:37 Event: ULOG_EXECUTE for HTCondor Node EVALUATE (170453.13.0) {07/07/26 19:35:35}
07/07/26 19:35:37 Number of idle job procs: 22
07/07/26 19:35:37 Event: ULOG_EXECUTE for HTCondor Node EVALUATE (170453.12.0) {07/07/26 19:35:35}
07/07/26 19:35:37 Number of idle job procs: 21
07/07/26 19:36:02 Currently monitoring 1 HTCondor log file(s)
07/07/26 19:36:02 Event: ULOG_EXECUTE for HTCondor Node EVALUATE (170453.19.0) {07/07/26 19:35:58}
07/07/26 19:36:02 Number of idle job procs: 20
07/07/26 19:37:12 Currently monitoring 1 HTCondor log file(s)
07/07/26 19:37:12 Event: ULOG_JOB_TERMINATED for HTCondor Node EVALUATE (170453.9.0) {07/07/26 19:37:11}
07/07/26 19:37:12 Number of idle job procs: 20
07/07/26 19:37:12 Node EVALUATE job proc (170453.9.0) completed successfully.
07/07/26 19:37:12 Event: ULOG_JOB_TERMINATED for HTCondor Node EVALUATE (170453.0.0) {07/07/26 19:37:12}
07/07/26 19:37:12 Number of idle job procs: 20
07/07/26 19:37:12 Node EVALUATE job proc (170453.0.0) completed successfully.
07/07/26 19:37:17 Currently monitoring 1 HTCondor log file(s)
07/07/26 19:37:17 Event: ULOG_EXECUTE for HTCondor Node EVALUATE (170453.20.0) {07/07/26 19:37:12}
07/07/26 19:37:17 Number of idle job procs: 19
07/07/26 19:37:17 Event: ULOG_EXECUTE for HTCondor Node EVALUATE (170453.21.0) {07/07/26 19:37:13}
07/07/26 19:37:17 Number of idle job procs: 18
07/07/26 19:37:17 Event: ULOG_JOB_TERMINATED for HTCondor Node EVALUATE (170453.4.0) {07/07/26 19:37:15}
07/07/26 19:37:17 Number of idle job procs: 18
07/07/26 19:37:17 Node EVALUATE job proc (170453.4.0) completed successfully.
07/07/26 19:37:17 Event: ULOG_JOB_TERMINATED for HTCondor Node EVALUATE (170453.8.0) {07/07/26 19:37:16}
07/07/26 19:37:17 Number of idle job procs: 18
07/07/26 19:37:17 Node EVALUATE job proc (170453.8.0) completed successfully.
07/07/26 19:37:17 Event: ULOG_EXECUTE for HTCondor Node EVALUATE (170453.22.0) {07/07/26 19:37:16}
07/07/26 19:37:17 Number of idle job procs: 17
07/07/26 19:37:17 Event: ULOG_JOB_TERMINATED for HTCondor Node EVALUATE (170453.2.0) {07/07/26 19:37:16}
07/07/26 19:37:17 Number of idle job procs: 17
07/07/26 19:37:17 Node EVALUATE job proc (170453.2.0) completed successfully.
07/07/26 19:37:17 Event: ULOG_JOB_TERMINATED for HTCondor Node EVALUATE (170453.3.0) {07/07/26 19:37:17}
07/07/26 19:37:17 Number of idle job procs: 17
07/07/26 19:37:17 Node EVALUATE job proc (170453.3.0) completed successfully.
07/07/26 19:37:22 Currently monitoring 1 HTCondor log file(s)
07/07/26 19:37:22 Event: ULOG_JOB_TERMINATED for HTCondor Node EVALUATE (170453.6.0) {07/07/26 19:37:17}
07/07/26 19:37:22 Number of idle job procs: 17
07/07/26 19:37:22 Node EVALUATE job proc (170453.6.0) completed successfully.
07/07/26 19:37:22 Event: ULOG_EXECUTE for HTCondor Node EVALUATE (170453.23.0) {07/07/26 19:37:17}
07/07/26 19:37:22 Number of idle job procs: 16
07/07/26 19:37:22 Event: ULOG_JOB_TERMINATED for HTCondor Node EVALUATE (170453.1.0) {07/07/26 19:37:18}
07/07/26 19:37:22 Number of idle job procs: 16
07/07/26 19:37:22 Node EVALUATE job proc (170453.1.0) completed successfully.
07/07/26 19:37:22 Event: ULOG_EXECUTE for HTCondor Node EVALUATE (170453.24.0) {07/07/26 19:37:18}
07/07/26 19:37:22 Number of idle job procs: 15
07/07/26 19:37:22 Event: ULOG_EXECUTE for HTCondor Node EVALUATE (170453.25.0) {07/07/26 19:37:18}
07/07/26 19:37:22 Number of idle job procs: 14
07/07/26 19:37:22 Event: ULOG_EXECUTE for HTCondor Node EVALUATE (170453.26.0) {07/07/26 19:37:19}
07/07/26 19:37:22 Number of idle job procs: 13
07/07/26 19:37:22 Event: ULOG_EXECUTE for HTCondor Node EVALUATE (170453.27.0) {07/07/26 19:37:19}
07/07/26 19:37:22 Number of idle job procs: 12
07/07/26 19:37:27 Currently monitoring 1 HTCondor log file(s)
07/07/26 19:37:27 Event: ULOG_JOB_TERMINATED for HTCondor Node EVALUATE (170453.5.0) {07/07/26 19:37:22}
07/07/26 19:37:27 Number of idle job procs: 12
07/07/26 19:37:27 Node EVALUATE job proc (170453.5.0) completed successfully.
07/07/26 19:37:27 Event: ULOG_EXECUTE for HTCondor Node EVALUATE (170453.28.0) {07/07/26 19:37:24}
07/07/26 19:37:27 Number of idle job procs: 11
07/07/26 19:37:42 Currently monitoring 1 HTCondor log file(s)
07/07/26 19:37:42 Event: ULOG_JOB_TERMINATED for HTCondor Node EVALUATE (170453.7.0) {07/07/26 19:37:38}
07/07/26 19:37:42 Number of idle job procs: 11
07/07/26 19:37:42 Node EVALUATE job proc (170453.7.0) completed successfully.
07/07/26 19:37:42 Event: ULOG_EXECUTE for HTCondor Node EVALUATE (170453.29.0) {07/07/26 19:37:39}
07/07/26 19:37:42 Number of idle job procs: 10
07/07/26 19:38:47 Currently monitoring 1 HTCondor log file(s)
07/07/26 19:38:47 Event: ULOG_JOB_TERMINATED for HTCondor Node EVALUATE (170453.20.0) {07/07/26 19:38:46}
07/07/26 19:38:47 Number of idle job procs: 10
07/07/26 19:38:47 Node EVALUATE job proc (170453.20.0) completed successfully.
07/07/26 19:38:52 Currently monitoring 1 HTCondor log file(s)
07/07/26 19:38:52 Event: ULOG_EXECUTE for HTCondor Node EVALUATE (170453.30.0) {07/07/26 19:38:47}
07/07/26 19:38:52 Number of idle job procs: 9
07/07/26 19:39:02 Currently monitoring 1 HTCondor log file(s)
07/07/26 19:39:02 Event: ULOG_JOB_TERMINATED for HTCondor Node EVALUATE (170453.22.0) {07/07/26 19:39:00}
07/07/26 19:39:02 Number of idle job procs: 9
07/07/26 19:39:02 Node EVALUATE job proc (170453.22.0) completed successfully.
07/07/26 19:39:02 Event: ULOG_JOB_TERMINATED for HTCondor Node EVALUATE (170453.24.0) {07/07/26 19:39:00}
07/07/26 19:39:02 Number of idle job procs: 9
07/07/26 19:39:02 Node EVALUATE job proc (170453.24.0) completed successfully.
07/07/26 19:39:02 Event: ULOG_JOB_TERMINATED for HTCondor Node EVALUATE (170453.26.0) {07/07/26 19:39:01}
07/07/26 19:39:02 Number of idle job procs: 9
07/07/26 19:39:02 Node EVALUATE job proc (170453.26.0) completed successfully.
07/07/26 19:39:02 Event: ULOG_EXECUTE for HTCondor Node EVALUATE (170453.31.0) {07/07/26 19:39:01}
07/07/26 19:39:02 Number of idle job procs: 8
07/07/26 19:39:02 Event: ULOG_EXECUTE for HTCondor Node EVALUATE (170453.32.0) {07/07/26 19:39:02}
07/07/26 19:39:02 Number of idle job procs: 7
07/07/26 19:39:07 Currently monitoring 1 HTCondor log file(s)
07/07/26 19:39:07 Event: ULOG_EXECUTE for HTCondor Node EVALUATE (170453.33.0) {07/07/26 19:39:02}
07/07/26 19:39:07 Number of idle job procs: 6
07/07/26 19:39:07 Event: ULOG_JOB_TERMINATED for HTCondor Node EVALUATE (170453.27.0) {07/07/26 19:39:02}
07/07/26 19:39:07 Number of idle job procs: 6
07/07/26 19:39:07 Node EVALUATE job proc (170453.27.0) completed successfully.
07/07/26 19:39:07 Event: ULOG_JOB_TERMINATED for HTCondor Node EVALUATE (170453.23.0) {07/07/26 19:39:04}
07/07/26 19:39:07 Number of idle job procs: 6
07/07/26 19:39:07 Node EVALUATE job proc (170453.23.0) completed successfully.
07/07/26 19:39:07 Event: ULOG_EXECUTE for HTCondor Node EVALUATE (170453.34.0) {07/07/26 19:39:04}
07/07/26 19:39:07 Number of idle job procs: 5
07/07/26 19:39:07 Event: ULOG_JOB_TERMINATED for HTCondor Node EVALUATE (170453.25.0) {07/07/26 19:39:04}
07/07/26 19:39:07 Number of idle job procs: 5
07/07/26 19:39:07 Node EVALUATE job proc (170453.25.0) completed successfully.
07/07/26 19:39:07 Event: ULOG_EXECUTE for HTCondor Node EVALUATE (170453.35.0) {07/07/26 19:39:05}
07/07/26 19:39:07 Number of idle job procs: 4
07/07/26 19:39:07 Event: ULOG_EXECUTE for HTCondor Node EVALUATE (170453.36.0) {07/07/26 19:39:05}
07/07/26 19:39:07 Number of idle job procs: 3
07/07/26 19:39:12 Currently monitoring 1 HTCondor log file(s)
07/07/26 19:39:12 Event: ULOG_JOB_TERMINATED for HTCondor Node EVALUATE (170453.28.0) {07/07/26 19:39:09}
07/07/26 19:39:12 Number of idle job procs: 3
07/07/26 19:39:12 Node EVALUATE job proc (170453.28.0) completed successfully.
07/07/26 19:39:12 Event: ULOG_EXECUTE for HTCondor Node EVALUATE (170453.37.0) {07/07/26 19:39:10}
07/07/26 19:39:12 Number of idle job procs: 2
07/07/26 19:39:12 Event: ULOG_JOB_TERMINATED for HTCondor Node EVALUATE (170453.21.0) {07/07/26 19:39:12}
07/07/26 19:39:12 Number of idle job procs: 2
07/07/26 19:39:12 Node EVALUATE job proc (170453.21.0) completed successfully.
07/07/26 19:39:17 Currently monitoring 1 HTCondor log file(s)
07/07/26 19:39:17 Event: ULOG_EXECUTE for HTCondor Node EVALUATE (170453.38.0) {07/07/26 19:39:13}
07/07/26 19:39:17 Number of idle job procs: 1
07/07/26 19:39:27 Currently monitoring 1 HTCondor log file(s)
07/07/26 19:39:27 Event: ULOG_JOB_TERMINATED for HTCondor Node EVALUATE (170453.29.0) {07/07/26 19:39:23}
07/07/26 19:39:27 Number of idle job procs: 1
07/07/26 19:39:27 Node EVALUATE job proc (170453.29.0) completed successfully.
07/07/26 19:39:27 Event: ULOG_EXECUTE for HTCondor Node EVALUATE (170453.39.0) {07/07/26 19:39:24}
07/07/26 19:39:27 Number of idle job procs: 0
07/07/26 19:40:22 Currently monitoring 1 HTCondor log file(s)
07/07/26 19:40:22 Event: ULOG_JOB_TERMINATED for HTCondor Node EVALUATE (170453.30.0) {07/07/26 19:40:22}
07/07/26 19:40:22 Number of idle job procs: 0
07/07/26 19:40:22 Node EVALUATE job proc (170453.30.0) completed successfully.
07/07/26 19:40:47 Currently monitoring 1 HTCondor log file(s)
07/07/26 19:40:47 Event: ULOG_JOB_TERMINATED for HTCondor Node EVALUATE (170453.34.0) {07/07/26 19:40:44}
07/07/26 19:40:47 Number of idle job procs: 0
07/07/26 19:40:47 Node EVALUATE job proc (170453.34.0) completed successfully.
07/07/26 19:40:47 Event: ULOG_JOB_TERMINATED for HTCondor Node EVALUATE (170453.32.0) {07/07/26 19:40:45}
07/07/26 19:40:47 Number of idle job procs: 0
07/07/26 19:40:47 Node EVALUATE job proc (170453.32.0) completed successfully.
07/07/26 19:40:52 Currently monitoring 1 HTCondor log file(s)
07/07/26 19:40:52 Event: ULOG_JOB_TERMINATED for HTCondor Node EVALUATE (170453.35.0) {07/07/26 19:40:47}
07/07/26 19:40:52 Number of idle job procs: 0
07/07/26 19:40:52 Node EVALUATE job proc (170453.35.0) completed successfully.
07/07/26 19:40:52 Event: ULOG_JOB_TERMINATED for HTCondor Node EVALUATE (170453.36.0) {07/07/26 19:40:49}
07/07/26 19:40:52 Number of idle job procs: 0
07/07/26 19:40:52 Node EVALUATE job proc (170453.36.0) completed successfully.
07/07/26 19:41:02 Currently monitoring 1 HTCondor log file(s)
07/07/26 19:41:02 Event: ULOG_JOB_TERMINATED for HTCondor Node EVALUATE (170453.37.0) {07/07/26 19:40:57}
07/07/26 19:41:02 Number of idle job procs: 0
07/07/26 19:41:02 Node EVALUATE job proc (170453.37.0) completed successfully.
07/07/26 19:41:02 Event: ULOG_JOB_TERMINATED for HTCondor Node EVALUATE (170453.38.0) {07/07/26 19:40:58}
07/07/26 19:41:02 Number of idle job procs: 0
07/07/26 19:41:02 Node EVALUATE job proc (170453.38.0) completed successfully.
07/07/26 19:41:02 Event: ULOG_JOB_TERMINATED for HTCondor Node EVALUATE (170453.33.0) {07/07/26 19:41:00}
07/07/26 19:41:02 Number of idle job procs: 0
07/07/26 19:41:02 Node EVALUATE job proc (170453.33.0) completed successfully.
07/07/26 19:41:07 Currently monitoring 1 HTCondor log file(s)
07/07/26 19:41:07 Event: ULOG_JOB_TERMINATED for HTCondor Node EVALUATE (170453.31.0) {07/07/26 19:41:03}
07/07/26 19:41:07 Number of idle job procs: 0
07/07/26 19:41:07 Node EVALUATE job proc (170453.31.0) completed successfully.
07/07/26 19:41:12 Currently monitoring 1 HTCondor log file(s)
07/07/26 19:41:12 Event: ULOG_JOB_TERMINATED for HTCondor Node EVALUATE (170453.39.0) {07/07/26 19:41:10}
07/07/26 19:41:12 Number of idle job procs: 0
07/07/26 19:41:12 Node EVALUATE job proc (170453.39.0) completed successfully.
07/07/26 19:45:17 Currently monitoring 1 HTCondor log file(s)
07/07/26 19:45:17 Event: ULOG_JOB_TERMINATED for HTCondor Node EVALUATE (170453.19.0) {07/07/26 19:45:12}
07/07/26 19:45:17 Number of idle job procs: 0
07/07/26 19:45:17 Node EVALUATE job proc (170453.19.0) completed successfully.
07/07/26 19:45:17 Event: ULOG_JOB_TERMINATED for HTCondor Node EVALUATE (170453.13.0) {07/07/26 19:45:13}
07/07/26 19:45:17 Number of idle job procs: 0
07/07/26 19:45:17 Node EVALUATE job proc (170453.13.0) completed successfully.
07/07/26 19:45:17 Event: ULOG_JOB_TERMINATED for HTCondor Node EVALUATE (170453.11.0) {07/07/26 19:45:13}
07/07/26 19:45:17 Number of idle job procs: 0
07/07/26 19:45:17 Node EVALUATE job proc (170453.11.0) completed successfully.
07/07/26 19:45:17 Event: ULOG_JOB_TERMINATED for HTCondor Node EVALUATE (170453.10.0) {07/07/26 19:45:13}
07/07/26 19:45:17 Number of idle job procs: 0
07/07/26 19:45:17 Node EVALUATE job proc (170453.10.0) completed successfully.
07/07/26 19:45:17 Event: ULOG_JOB_TERMINATED for HTCondor Node EVALUATE (170453.12.0) {07/07/26 19:45:13}
07/07/26 19:45:17 Number of idle job procs: 0
07/07/26 19:45:17 Node EVALUATE job proc (170453.12.0) completed successfully.
07/07/26 19:45:57 Currently monitoring 1 HTCondor log file(s)
07/07/26 19:45:57 Event: ULOG_JOB_TERMINATED for HTCondor Node EVALUATE (170453.17.0) {07/07/26 19:45:53}
07/07/26 19:45:57 Number of idle job procs: 0
07/07/26 19:45:57 Node EVALUATE job proc (170453.17.0) completed successfully.
07/07/26 19:45:57 Event: ULOG_JOB_TERMINATED for HTCondor Node EVALUATE (170453.16.0) {07/07/26 19:45:54}
07/07/26 19:45:57 Number of idle job procs: 0
07/07/26 19:45:57 Node EVALUATE job proc (170453.16.0) completed successfully.
07/07/26 19:45:57 Event: ULOG_JOB_TERMINATED for HTCondor Node EVALUATE (170453.15.0) {07/07/26 19:45:54}
07/07/26 19:45:57 Number of idle job procs: 0
07/07/26 19:45:57 Node EVALUATE job proc (170453.15.0) completed successfully.
07/07/26 19:45:57 Event: ULOG_JOB_TERMINATED for HTCondor Node EVALUATE (170453.14.0) {07/07/26 19:45:54}
07/07/26 19:45:57 Number of idle job procs: 0
07/07/26 19:45:57 Node EVALUATE job proc (170453.14.0) completed successfully.
07/07/26 19:45:57 Event: ULOG_JOB_TERMINATED for HTCondor Node EVALUATE (170453.18.0) {07/07/26 19:45:54}
07/07/26 19:45:57 Number of idle job procs: 0
07/07/26 19:45:57 Node EVALUATE job proc (170453.18.0) completed successfully.
07/07/26 19:45:57 Node EVALUATE job(s) have exited the queue
07/07/26 19:45:57 DAG status: 0 (DAG_STATUS_OK)
07/07/26 19:45:57 Of 5 nodes total:
07/07/26 19:45:57  Done     Pre   Queued    Post   Ready   Un-Ready   Failed   Futile
07/07/26 19:45:57   ===     ===      ===     ===     ===        ===      ===      ===
07/07/26 19:45:57     4       0        0       0       1          0        0        0
07/07/26 19:45:57 0 job proc(s) currently held
07/07/26 19:45:57 DAGMan Runtime Statistics: [EventCycleTimeAvg=0.001; EventCycleTimeMax=0.196; EventCycleTimeMin=0.000; EventCycleTimeStd=0.008; EventCycleTimeSum=1.045; SleepCycleTimeAvg=5.004; SleepCycleTimeMax=5.026; SleepCycleTimeMin=4.004; SleepCycleTimeStd=0.028; SleepCycleTimeSum=6289.605; SubmitCycleTimeAvg=0.000; SubmitCycleTimeMax=0.193; SubmitCycleTimeMin=0.000; SubmitCycleTimeStd=0.007; SubmitCycleTimeSum=0.354; EventCycleTimeCount=1257.000; SleepCycleTimeCount=1257.000; SubmitCycleTimeCount=1258.000; LogProcessCycleTimeAvg=0.011; LogProcessCycleTimeMax=0.073; LogProcessCycleTimeMin=0.001; LogProcessCycleTimeStd=0.017; LogProcessCycleTimeSum=0.322; LogProcessCycleTimeCount=29.000; ]
07/07/26 19:46:02 Submitting HTCondor Node MERGE_EVALUATION job(s)...
07/07/26 19:46:02 Submitting node MERGE_EVALUATION from file one_way_line_det_one_way_line_20_10_action_shield_merge_evaluation.sub using direct job submission
07/07/26 19:46:02 	assigned HTCondor ID (170456.0.0)
07/07/26 19:46:02 Just submitted 1 job this cycle...
07/07/26 19:46:02 DAG status: 0 (DAG_STATUS_OK)
07/07/26 19:46:02 Of 5 nodes total:
07/07/26 19:46:02  Done     Pre   Queued    Post   Ready   Un-Ready   Failed   Futile
07/07/26 19:46:02   ===     ===      ===     ===     ===        ===      ===      ===
07/07/26 19:46:02     4       0        1       0       0          0        0        0
07/07/26 19:46:02 0 job proc(s) currently held
07/07/26 19:46:02 DAGMan Runtime Statistics: [EventCycleTimeAvg=0.001; EventCycleTimeMax=0.196; EventCycleTimeMin=0.000; EventCycleTimeStd=0.008; EventCycleTimeSum=1.058; SleepCycleTimeAvg=5.004; SleepCycleTimeMax=5.026; SleepCycleTimeMin=4.004; SleepCycleTimeStd=0.028; SleepCycleTimeSum=6294.614; SubmitCycleTimeAvg=0.000; SubmitCycleTimeMax=0.193; SubmitCycleTimeMin=0.000; SubmitCycleTimeStd=0.007; SubmitCycleTimeSum=0.386; EventCycleTimeCount=1258.000; SleepCycleTimeCount=1258.000; SubmitCycleTimeCount=1259.000; LogProcessCycleTimeAvg=0.011; LogProcessCycleTimeMax=0.073; LogProcessCycleTimeMin=0.001; LogProcessCycleTimeStd=0.017; LogProcessCycleTimeSum=0.322; LogProcessCycleTimeCount=29.000; ]
07/07/26 19:46:07 Currently monitoring 1 HTCondor log file(s)
07/07/26 19:46:07 Reassigning the id of job MERGE_EVALUATION from (170456.0.0) to (170456.0.0)
07/07/26 19:46:07 Event: ULOG_SUBMIT for HTCondor Node MERGE_EVALUATION (170456.0.0) {07/07/26 19:46:02}
07/07/26 19:46:07 Number of idle job procs: 1
07/07/26 19:46:07 Event: ULOG_EXECUTE for HTCondor Node MERGE_EVALUATION (170456.0.0) {07/07/26 19:46:04}
07/07/26 19:46:07 Number of idle job procs: 0
07/07/26 19:46:12 Total jobs placed to AP: 83
07/07/26 19:46:12      Idle     Held     Running     Successful     Failed
07/07/26 19:46:12       ===      ===         ===            ===        ===
07/07/26 19:46:12         0        0           1             82          0
07/07/26 19:47:32 Currently monitoring 1 HTCondor log file(s)
07/07/26 19:47:32 Event: ULOG_JOB_TERMINATED for HTCondor Node MERGE_EVALUATION (170456.0.0) {07/07/26 19:47:29}
07/07/26 19:47:32 Number of idle job procs: 0
07/07/26 19:47:32 Node MERGE_EVALUATION job proc (170456.0.0) completed successfully.
07/07/26 19:47:32 Node MERGE_EVALUATION job(s) have exited the queue
07/07/26 19:47:32 DAG status: 0 (DAG_STATUS_OK)
07/07/26 19:47:32 Of 5 nodes total:
07/07/26 19:47:32  Done     Pre   Queued    Post   Ready   Un-Ready   Failed   Futile
07/07/26 19:47:32   ===     ===      ===     ===     ===        ===      ===      ===
07/07/26 19:47:32     5       0        0       0       0          0        0        0
07/07/26 19:47:32 0 job proc(s) currently held
07/07/26 19:47:32 DAGMan Runtime Statistics: [EventCycleTimeAvg=0.001; EventCycleTimeMax=0.196; EventCycleTimeMin=0.000; EventCycleTimeStd=0.008; EventCycleTimeSum=1.108; SleepCycleTimeAvg=5.004; SleepCycleTimeMax=5.026; SleepCycleTimeMin=4.004; SleepCycleTimeStd=0.028; SleepCycleTimeSum=6384.698; SubmitCycleTimeAvg=0.000; SubmitCycleTimeMax=0.193; SubmitCycleTimeMin=0.000; SubmitCycleTimeStd=0.007; SubmitCycleTimeSum=0.386; EventCycleTimeCount=1276.000; SleepCycleTimeCount=1276.000; SubmitCycleTimeCount=1277.000; LogProcessCycleTimeAvg=0.011; LogProcessCycleTimeMax=0.073; LogProcessCycleTimeMin=0.001; LogProcessCycleTimeStd=0.016; LogProcessCycleTimeSum=0.328; LogProcessCycleTimeCount=31.000; ]
07/07/26 19:47:32 All jobs Completed!
07/07/26 19:47:32 Note: 0 total node deferrals because of -MaxJobs limit (0)
07/07/26 19:47:32 Note: 0 total node deferrals because of -MaxIdle limit (1000)
07/07/26 19:47:32 Note: 0 total node deferrals because of node category throttles
07/07/26 19:47:32 Note: 0 total PRE script deferrals because of -MaxPre limit (20) or DEFER
07/07/26 19:47:32 Note: 0 total POST script deferrals because of -MaxPost limit (20) or DEFER
07/07/26 19:47:32 Note: 0 total HOLD script deferrals because of -MaxHold limit (20) or DEFER
07/07/26 19:47:32 DAG status: 0 (DAG_STATUS_OK)
07/07/26 19:47:32 Of 5 nodes total:
07/07/26 19:47:32  Done     Pre   Queued    Post   Ready   Un-Ready   Failed   Futile
07/07/26 19:47:32   ===     ===      ===     ===     ===        ===      ===      ===
07/07/26 19:47:32     5       0        0       0       0          0        0        0
07/07/26 19:47:32 0 job proc(s) currently held
07/07/26 19:47:32 DAGMan Runtime Statistics: [EventCycleTimeAvg=0.001; EventCycleTimeMax=0.196; EventCycleTimeMin=0.000; EventCycleTimeStd=0.008; EventCycleTimeSum=1.108; SleepCycleTimeAvg=5.004; SleepCycleTimeMax=5.026; SleepCycleTimeMin=4.004; SleepCycleTimeStd=0.028; SleepCycleTimeSum=6384.698; SubmitCycleTimeAvg=0.000; SubmitCycleTimeMax=0.193; SubmitCycleTimeMin=0.000; SubmitCycleTimeStd=0.007; SubmitCycleTimeSum=0.386; EventCycleTimeCount=1276.000; SleepCycleTimeCount=1276.000; SubmitCycleTimeCount=1277.000; LogProcessCycleTimeAvg=0.011; LogProcessCycleTimeMax=0.073; LogProcessCycleTimeMin=0.001; LogProcessCycleTimeStd=0.016; LogProcessCycleTimeSum=0.328; LogProcessCycleTimeCount=31.000; ]
07/07/26 19:47:32 Wrote metrics file one_way_line_det_one_way_line_20_10_action_shield.dag.metrics.
07/07/26 19:47:33 DAGMan Runtime Statistics: [EventCycleTimeAvg=0.001; EventCycleTimeMax=0.196; EventCycleTimeMin=0.000; EventCycleTimeStd=0.008; EventCycleTimeSum=1.108; SleepCycleTimeAvg=5.004; SleepCycleTimeMax=5.026; SleepCycleTimeMin=4.004; SleepCycleTimeStd=0.028; SleepCycleTimeSum=6384.698; SubmitCycleTimeAvg=0.000; SubmitCycleTimeMax=0.193; SubmitCycleTimeMin=0.000; SubmitCycleTimeStd=0.007; SubmitCycleTimeSum=0.386; EventCycleTimeCount=1276.000; SleepCycleTimeCount=1276.000; SubmitCycleTimeCount=1277.000; LogProcessCycleTimeAvg=0.011; LogProcessCycleTimeMax=0.073; LogProcessCycleTimeMin=0.001; LogProcessCycleTimeStd=0.016; LogProcessCycleTimeSum=0.328; LogProcessCycleTimeCount=31.000; ]
07/07/26 19:47:33 **** condor_scheduniv_exec.170258.0 (condor_DAGMAN) pid 589475 EXITING WITH STATUS 0
07/07/26 23:23:00 ******************************************************
07/07/26 23:23:00 ** condor_scheduniv_exec.170515.0 (CONDOR_DAGMAN) STARTING UP
07/07/26 23:23:00 ** /usr/bin/condor_dagman
07/07/26 23:23:00 ** SubsystemInfo: name=DAGMAN type=DAGMAN(9) class=CLIENT(2)
07/07/26 23:23:00 ** Configuration: subsystem:DAGMAN local:<NONE> class:CLIENT
07/07/26 23:23:00 ** $CondorVersion: 24.12.19 2026-04-15 BuildID: 896241 PackageID: 24.12.19-1+deb12 GitSHA: c68f3e0e $
07/07/26 23:23:00 ** $CondorPlatform: X86_64-Debian_12 $
07/07/26 23:23:00 ** PID = 708220 RealUID = 1620002036
07/07/26 23:23:00 ** Log last touched 7/7 19:47:33
07/07/26 23:23:00 ******************************************************
07/07/26 23:23:00 Using config source: /etc/condor/condor_config
07/07/26 23:23:00 Using local config sources: 
07/07/26 23:23:00    /etc/condor/config.d/01-submit.conf
07/07/26 23:23:00    /etc/condor/config.d/10-stash-plugin.conf
07/07/26 23:23:00    /etc/condor/config.d/23-network.config
07/07/26 23:23:00    /etc/condor/config.d/31-mail.conf
07/07/26 23:23:00    /etc/condor/config.d/35-cc-sync.conf
07/07/26 23:23:00    /etc/condor/config.d/41-periodic-remove.conf
07/07/26 23:23:00    /etc/condor/config.d/49-common.conf
07/07/26 23:23:00    /etc/condor/config.d/52-group-mapping.conf
07/07/26 23:23:00    /etc/condor/config.d/54-container.conf
07/07/26 23:23:00    /etc/condor/config.d/67-submit-transforms.conf
07/07/26 23:23:00    /etc/condor/config.d/71-submit-requirements.conf
07/07/26 23:23:00    /etc/condor/condor_config.local
07/07/26 23:23:00 config Macros = 110, Sorted = 110, StringBytes = 6396, TablesBytes = 4088
07/07/26 23:23:00 CLASSAD_CACHING is ENABLED
07/07/26 23:23:00 Daemon Log is logging: D_ALWAYS D_ERROR D_STATUS
07/07/26 23:23:00 Daemoncore: Listening at <0.0.0.0:23345> on TCP (ReliSock) and UDP (SafeSock).
07/07/26 23:23:00 DaemonCore: command socket at <10.143.248.60:23345?addrs=10.143.248.60-23345&alias=conduit.hpc.uni-saarland.de>
07/07/26 23:23:00 DaemonCore: private command socket at <10.143.248.60:23345?addrs=10.143.248.60-23345&alias=conduit.hpc.uni-saarland.de>
07/07/26 23:23:00 DAGMAN_USE_STRICT setting: 1
07/07/26 23:23:00 DAGMAN_VERBOSITY setting: 3
07/07/26 23:23:00 DAGMAN_DEBUG_CACHE_SIZE setting: 5242880
07/07/26 23:23:00 DAGMAN_DEBUG_CACHE_ENABLE setting: False
07/07/26 23:23:00 DAGMAN_SUBMIT_DELAY setting: 0
07/07/26 23:23:00 DAGMAN_MAX_SUBMIT_ATTEMPTS setting: 6
07/07/26 23:23:00 DAGMAN_STARTUP_CYCLE_DETECT setting: False
07/07/26 23:23:00 DAGMAN_USE_JOIN_NODES setting: True
07/07/26 23:23:00 DAGMAN_REPORT_GRAPH_METRICS setting: False
07/07/26 23:23:00 DAGMAN_MAX_SUBMITS_PER_INTERVAL setting: 100
07/07/26 23:23:00 DAGMAN_AGGRESSIVE_SUBMIT setting: False
07/07/26 23:23:00 DAGMAN_USER_LOG_SCAN_INTERVAL setting: 5
07/07/26 23:23:00 DAGMAN_QUEUE_UPDATE_INTERVAL setting: 300.000000
07/07/26 23:23:00 DAGMAN_DEFAULT_PRIORITY setting: 0
07/07/26 23:23:00 DAGMAN_SUPPRESS_NOTIFICATION setting: False
07/07/26 23:23:00 allow_events (DAGMAN_ALLOW_EVENTS) setting: 114
07/07/26 23:23:00 DAGMAN_RETRY_SUBMIT_FIRST setting: True
07/07/26 23:23:00 DAGMAN_RETRY_NODE_FIRST setting: False
07/07/26 23:23:00 DAGMAN_MAX_JOBS_IDLE setting: 1000
07/07/26 23:23:00 DAGMAN_MAX_JOBS_SUBMITTED setting: 0
07/07/26 23:23:00 DAGMAN_MAX_PRE_SCRIPTS setting: 20
07/07/26 23:23:00 DAGMAN_MAX_POST_SCRIPTS setting: 20
07/07/26 23:23:00 DAGMAN_MAX_HOLD_SCRIPTS setting: 20
07/07/26 23:23:00 DAGMAN_MUNGE_NODE_NAMES setting: True
07/07/26 23:23:00 DAGMAN_ALLOW_ANY_NODE_NAME_CHARACTERS setting: False
07/07/26 23:23:00 DAGMAN_PROHIBIT_MULTI_JOBS setting: False
07/07/26 23:23:00 DAGMAN_SUBMIT_DEPTH_FIRST setting: False
07/07/26 23:23:00 DAGMAN_ALWAYS_RUN_POST setting: False
07/07/26 23:23:00 DAGMAN_CONDOR_SUBMIT_EXE setting: /usr/bin/condor_submit
07/07/26 23:23:00 DAGMAN_CONDOR_RM_EXE setting: /usr/bin/condor_rm
07/07/26 23:23:00 DAGMAN_USE_DIRECT_SUBMIT setting: True
07/07/26 23:23:00 DAGMAN_PRODUCE_JOB_CREDENTIALS setting: True
07/07/26 23:23:00 DAGMAN_DEFAULT_APPEND_VARS setting: False
07/07/26 23:23:00 DAGMAN_INHERIT_ATTRS_PREFIX setting: 
07/07/26 23:23:00 DAGMAN_INHERIT_ATTRS setting: 
07/07/26 23:23:00 DAGMAN_ABORT_DUPLICATES setting: True
07/07/26 23:23:00 DAGMAN_ABORT_ON_SCARY_SUBMIT setting: True
07/07/26 23:23:00 DAGMAN_PENDING_REPORT_INTERVAL setting: 600
07/07/26 23:23:00 DAGMAN_CHECK_QUEUE_INTERVAL setting: 28800
07/07/26 23:23:00 DAGMAN_PRINT_JOB_TABLE_INTERVAL setting: 900
07/07/26 23:23:00 DAGMAN_AUTO_RESCUE setting: True
07/07/26 23:23:00 DAGMAN_MAX_RESCUE_NUM setting: 100
07/07/26 23:23:00 DAGMAN_WRITE_PARTIAL_RESCUE setting: True
07/07/26 23:23:00 DAGMAN_RESET_RETRIES_UPON_RESCUE setting: True
07/07/26 23:23:00 DAGMAN_METRICS_FILE_VERSION setting: 2
07/07/26 23:23:00 DAGMAN_DEFAULT_NODE_LOG setting: @(DAG_DIR)/@(DAG_FILE).nodes.log
07/07/26 23:23:00 DAGMAN_LOG_ON_NFS_IS_ERROR setting: False
07/07/26 23:23:00 DAGMAN_GENERATE_SUBDAG_SUBMITS setting: True
07/07/26 23:23:00 DAGMAN_MAX_JOB_HOLDS setting: 100
07/07/26 23:23:00 DAGMAN_NODE_JOB_FAILURE_TOLERANCE setting: 0
07/07/26 23:23:00 DAGMAN_HOLD_CLAIM_TIME setting: 20
07/07/26 23:23:00 DAGMAN_SUPPRESS_JOB_LOGS setting: False
07/07/26 23:23:00 DAGMAN_REMOVE_NODE_JOBS setting: True
07/07/26 23:23:00 DAGMAN_PUT_FAILED_JOBS_ON_HOLD setting: False
07/07/26 23:23:00 DAGMAN_REMOVE_JOBS_AFTER_LIMIT_CHANGE setting: False
07/07/26 23:23:00 DAGMAN will adjust edges after parsing
07/07/26 23:23:00 argv[0] == "condor_scheduniv_exec.170515.0"
07/07/26 23:23:00 argv[1] == "-Lockfile"
07/07/26 23:23:00 argv[2] == "one_way_line_det_one_way_line_20_10_action_shield.dag.lock"
07/07/26 23:23:00 argv[3] == "-Dag"
07/07/26 23:23:00 argv[4] == "one_way_line_det_one_way_line_20_10_action_shield.dag"
07/07/26 23:23:00 argv[5] == "-CsdVersion"
07/07/26 23:23:00 argv[6] == "$CondorVersion: 24.12.19 2026-04-15 BuildID: 896241 PackageID: 24.12.19-1+deb12 GitSHA: c68f3e0e $"
07/07/26 23:23:00 argv[7] == "-dagman"
07/07/26 23:23:00 argv[8] == "/usr/bin/condor_dagman"
07/07/26 23:23:00 argv[9] == "-AutoRescue"
07/07/26 23:23:00 argv[10] == "1"
07/07/26 23:23:00 argv[11] == "-DoRescueFrom"
07/07/26 23:23:00 argv[12] == "0"
07/07/26 23:23:00 argv[13] == "-force"
07/07/26 23:23:00 Can't open directory "/etc/condor/passwords.d" as PRIV_ROOT, errno: 13 (Permission denied)
07/07/26 23:23:00 Can't open directory "/etc/condor/passwords.d" as PRIV_ROOT, errno: 13 (Permission denied)
07/07/26 23:23:00 Workflow batch-id: <170515.0>
07/07/26 23:23:00 Workflow batch-name: <one_way_line_det_one_way_line_20_10_action_shield.dag+170515>
07/07/26 23:23:00 Workflow accounting_group: <teaching>
07/07/26 23:23:00 Workflow accounting_group_user: <atml_team041>
07/07/26 23:23:00 Warning: failed to get attribute DAGNodeName
07/07/26 23:23:00 Default node log file is: </home/atml_team041/condor_tutorial/jani_env/experiments/repair_wo_domain/submissions/action_shield/one_way_line_det/./one_way_line_det_one_way_line_20_10_action_shield.dag.nodes.log>
07/07/26 23:23:00 DAG Lockfile will be written to one_way_line_det_one_way_line_20_10_action_shield.dag.lock
07/07/26 23:23:00 DAG Input file is one_way_line_det_one_way_line_20_10_action_shield.dag
07/07/26 23:23:00 Parsing 1 dagfiles
07/07/26 23:23:00 Parsing one_way_line_det_one_way_line_20_10_action_shield.dag ...
07/07/26 23:23:00 Adjusting edges
07/07/26 23:23:00 Dag contains 5 total nodes
07/07/26 23:23:00 Bootstrapping...
07/07/26 23:23:00 Number of pre-completed nodes: 0
07/07/26 23:23:00 MultiLogFiles: truncating log file /home/atml_team041/condor_tutorial/jani_env/experiments/repair_wo_domain/submissions/action_shield/one_way_line_det/./one_way_line_det_one_way_line_20_10_action_shield.dag.nodes.log
07/07/26 23:23:00 DAG status: 0 (DAG_STATUS_OK)
07/07/26 23:23:00 Of 5 nodes total:
07/07/26 23:23:00  Done     Pre   Queued    Post   Ready   Un-Ready   Failed   Futile
07/07/26 23:23:00   ===     ===      ===     ===     ===        ===      ===      ===
07/07/26 23:23:00     0       0        0       0       1          4        0        0
07/07/26 23:23:00 0 job proc(s) currently held
07/07/26 23:23:00 DAGMan Runtime Statistics: [EventCycleTimeSum=0.000; SleepCycleTimeSum=0.000; SubmitCycleTimeSum=0.000; EventCycleTimeCount=0.000; SleepCycleTimeCount=0.000; SubmitCycleTimeCount=0.000; LogProcessCycleTimeSum=0.000; LogProcessCycleTimeCount=0.000; ]
07/07/26 23:23:00 Registering condor_event_timer...
07/07/26 23:23:01 Submitting HTCondor Node COLLECT job(s)...
07/07/26 23:23:01 Submitting node COLLECT from file one_way_line_det_one_way_line_20_10_action_shield_collect.sub using direct job submission
07/07/26 23:23:01 	assigned HTCondor ID (170517.0.0)
07/07/26 23:23:01 Just submitted 1 job this cycle...
07/07/26 23:23:01 DAG status: 0 (DAG_STATUS_OK)
07/07/26 23:23:01 Of 5 nodes total:
07/07/26 23:23:01  Done     Pre   Queued    Post   Ready   Un-Ready   Failed   Futile
07/07/26 23:23:01   ===     ===      ===     ===     ===        ===      ===      ===
07/07/26 23:23:01     0       0        1       0       0          4        0        0
07/07/26 23:23:01 0 job proc(s) currently held
07/07/26 23:23:01 DAGMan Runtime Statistics: [EventCycleTimeSum=0.000; SleepCycleTimeSum=0.000; SubmitCycleTimeAvg=0.106; SubmitCycleTimeMax=0.106; SubmitCycleTimeMin=0.106; SubmitCycleTimeStd=0.106; SubmitCycleTimeSum=0.106; EventCycleTimeCount=0.000; SleepCycleTimeCount=0.000; SubmitCycleTimeCount=1.000; LogProcessCycleTimeSum=0.000; LogProcessCycleTimeCount=0.000; ]
07/07/26 23:23:06 Currently monitoring 1 HTCondor log file(s)
07/07/26 23:23:06 Reassigning the id of job COLLECT from (170517.0.0) to (170517.0.0)
07/07/26 23:23:06 Event: ULOG_SUBMIT for HTCondor Node COLLECT (170517.0.0) {07/07/26 23:23:01}
07/07/26 23:23:06 Number of idle job procs: 1
07/07/26 23:23:06 Reassigning the id of job COLLECT from (170517.0.0) to (170517.1.0)
07/07/26 23:23:06 Event: ULOG_SUBMIT for HTCondor Node COLLECT (170517.1.0) {07/07/26 23:23:01}
07/07/26 23:23:06 Number of idle job procs: 2
07/07/26 23:23:06 Reassigning the id of job COLLECT from (170517.1.0) to (170517.10.0)
07/07/26 23:23:06 Event: ULOG_SUBMIT for HTCondor Node COLLECT (170517.10.0) {07/07/26 23:23:01}
07/07/26 23:23:06 Number of idle job procs: 3
07/07/26 23:23:06 Reassigning the id of job COLLECT from (170517.10.0) to (170517.11.0)
07/07/26 23:23:06 Event: ULOG_SUBMIT for HTCondor Node COLLECT (170517.11.0) {07/07/26 23:23:01}
07/07/26 23:23:06 Number of idle job procs: 4
07/07/26 23:23:06 Reassigning the id of job COLLECT from (170517.11.0) to (170517.12.0)
07/07/26 23:23:06 Event: ULOG_SUBMIT for HTCondor Node COLLECT (170517.12.0) {07/07/26 23:23:01}
07/07/26 23:23:06 Number of idle job procs: 5
07/07/26 23:23:06 Reassigning the id of job COLLECT from (170517.12.0) to (170517.13.0)
07/07/26 23:23:06 Event: ULOG_SUBMIT for HTCondor Node COLLECT (170517.13.0) {07/07/26 23:23:01}
07/07/26 23:23:06 Number of idle job procs: 6
07/07/26 23:23:06 Reassigning the id of job COLLECT from (170517.13.0) to (170517.14.0)
07/07/26 23:23:06 Event: ULOG_SUBMIT for HTCondor Node COLLECT (170517.14.0) {07/07/26 23:23:01}
07/07/26 23:23:06 Number of idle job procs: 7
07/07/26 23:23:06 Reassigning the id of job COLLECT from (170517.14.0) to (170517.15.0)
07/07/26 23:23:06 Event: ULOG_SUBMIT for HTCondor Node COLLECT (170517.15.0) {07/07/26 23:23:01}
07/07/26 23:23:06 Number of idle job procs: 8
07/07/26 23:23:06 Reassigning the id of job COLLECT from (170517.15.0) to (170517.16.0)
07/07/26 23:23:06 Event: ULOG_SUBMIT for HTCondor Node COLLECT (170517.16.0) {07/07/26 23:23:01}
07/07/26 23:23:06 Number of idle job procs: 9
07/07/26 23:23:06 Reassigning the id of job COLLECT from (170517.16.0) to (170517.17.0)
07/07/26 23:23:06 Event: ULOG_SUBMIT for HTCondor Node COLLECT (170517.17.0) {07/07/26 23:23:01}
07/07/26 23:23:06 Number of idle job procs: 10
07/07/26 23:23:06 Reassigning the id of job COLLECT from (170517.17.0) to (170517.18.0)
07/07/26 23:23:06 Event: ULOG_SUBMIT for HTCondor Node COLLECT (170517.18.0) {07/07/26 23:23:01}
07/07/26 23:23:06 Number of idle job procs: 11
07/07/26 23:23:06 Reassigning the id of job COLLECT from (170517.18.0) to (170517.19.0)
07/07/26 23:23:06 Event: ULOG_SUBMIT for HTCondor Node COLLECT (170517.19.0) {07/07/26 23:23:01}
07/07/26 23:23:06 Number of idle job procs: 12
07/07/26 23:23:06 Reassigning the id of job COLLECT from (170517.19.0) to (170517.2.0)
07/07/26 23:23:06 Event: ULOG_SUBMIT for HTCondor Node COLLECT (170517.2.0) {07/07/26 23:23:01}
07/07/26 23:23:06 Number of idle job procs: 13
07/07/26 23:23:06 Reassigning the id of job COLLECT from (170517.2.0) to (170517.20.0)
07/07/26 23:23:06 Event: ULOG_SUBMIT for HTCondor Node COLLECT (170517.20.0) {07/07/26 23:23:01}
07/07/26 23:23:06 Number of idle job procs: 14
07/07/26 23:23:06 Reassigning the id of job COLLECT from (170517.20.0) to (170517.21.0)
07/07/26 23:23:06 Event: ULOG_SUBMIT for HTCondor Node COLLECT (170517.21.0) {07/07/26 23:23:01}
07/07/26 23:23:06 Number of idle job procs: 15
07/07/26 23:23:06 Reassigning the id of job COLLECT from (170517.21.0) to (170517.22.0)
07/07/26 23:23:06 Event: ULOG_SUBMIT for HTCondor Node COLLECT (170517.22.0) {07/07/26 23:23:01}
07/07/26 23:23:06 Number of idle job procs: 16
07/07/26 23:23:06 Reassigning the id of job COLLECT from (170517.22.0) to (170517.23.0)
07/07/26 23:23:06 Event: ULOG_SUBMIT for HTCondor Node COLLECT (170517.23.0) {07/07/26 23:23:01}
07/07/26 23:23:06 Number of idle job procs: 17
07/07/26 23:23:06 Reassigning the id of job COLLECT from (170517.23.0) to (170517.24.0)
07/07/26 23:23:06 Event: ULOG_SUBMIT for HTCondor Node COLLECT (170517.24.0) {07/07/26 23:23:01}
07/07/26 23:23:06 Number of idle job procs: 18
07/07/26 23:23:06 Reassigning the id of job COLLECT from (170517.24.0) to (170517.25.0)
07/07/26 23:23:06 Event: ULOG_SUBMIT for HTCondor Node COLLECT (170517.25.0) {07/07/26 23:23:01}
07/07/26 23:23:06 Number of idle job procs: 19
07/07/26 23:23:06 Reassigning the id of job COLLECT from (170517.25.0) to (170517.26.0)
07/07/26 23:23:06 Event: ULOG_SUBMIT for HTCondor Node COLLECT (170517.26.0) {07/07/26 23:23:01}
07/07/26 23:23:06 Number of idle job procs: 20
07/07/26 23:23:06 Reassigning the id of job COLLECT from (170517.26.0) to (170517.27.0)
07/07/26 23:23:06 Event: ULOG_SUBMIT for HTCondor Node COLLECT (170517.27.0) {07/07/26 23:23:01}
07/07/26 23:23:06 Number of idle job procs: 21
07/07/26 23:23:06 Reassigning the id of job COLLECT from (170517.27.0) to (170517.28.0)
07/07/26 23:23:06 Event: ULOG_SUBMIT for HTCondor Node COLLECT (170517.28.0) {07/07/26 23:23:01}
07/07/26 23:23:06 Number of idle job procs: 22
07/07/26 23:23:06 Reassigning the id of job COLLECT from (170517.28.0) to (170517.29.0)
07/07/26 23:23:06 Event: ULOG_SUBMIT for HTCondor Node COLLECT (170517.29.0) {07/07/26 23:23:01}
07/07/26 23:23:06 Number of idle job procs: 23
07/07/26 23:23:06 Reassigning the id of job COLLECT from (170517.29.0) to (170517.3.0)
07/07/26 23:23:06 Event: ULOG_SUBMIT for HTCondor Node COLLECT (170517.3.0) {07/07/26 23:23:01}
07/07/26 23:23:06 Number of idle job procs: 24
07/07/26 23:23:06 Reassigning the id of job COLLECT from (170517.3.0) to (170517.30.0)
07/07/26 23:23:06 Event: ULOG_SUBMIT for HTCondor Node COLLECT (170517.30.0) {07/07/26 23:23:01}
07/07/26 23:23:06 Number of idle job procs: 25
07/07/26 23:23:06 Reassigning the id of job COLLECT from (170517.30.0) to (170517.31.0)
07/07/26 23:23:06 Event: ULOG_SUBMIT for HTCondor Node COLLECT (170517.31.0) {07/07/26 23:23:01}
07/07/26 23:23:06 Number of idle job procs: 26
07/07/26 23:23:06 Reassigning the id of job COLLECT from (170517.31.0) to (170517.32.0)
07/07/26 23:23:06 Event: ULOG_SUBMIT for HTCondor Node COLLECT (170517.32.0) {07/07/26 23:23:01}
07/07/26 23:23:06 Number of idle job procs: 27
07/07/26 23:23:06 Reassigning the id of job COLLECT from (170517.32.0) to (170517.33.0)
07/07/26 23:23:06 Event: ULOG_SUBMIT for HTCondor Node COLLECT (170517.33.0) {07/07/26 23:23:01}
07/07/26 23:23:06 Number of idle job procs: 28
07/07/26 23:23:06 Reassigning the id of job COLLECT from (170517.33.0) to (170517.34.0)
07/07/26 23:23:06 Event: ULOG_SUBMIT for HTCondor Node COLLECT (170517.34.0) {07/07/26 23:23:01}
07/07/26 23:23:06 Number of idle job procs: 29
07/07/26 23:23:06 Reassigning the id of job COLLECT from (170517.34.0) to (170517.35.0)
07/07/26 23:23:06 Event: ULOG_SUBMIT for HTCondor Node COLLECT (170517.35.0) {07/07/26 23:23:01}
07/07/26 23:23:06 Number of idle job procs: 30
07/07/26 23:23:06 Reassigning the id of job COLLECT from (170517.35.0) to (170517.36.0)
07/07/26 23:23:06 Event: ULOG_SUBMIT for HTCondor Node COLLECT (170517.36.0) {07/07/26 23:23:01}
07/07/26 23:23:06 Number of idle job procs: 31
07/07/26 23:23:06 Reassigning the id of job COLLECT from (170517.36.0) to (170517.37.0)
07/07/26 23:23:06 Event: ULOG_SUBMIT for HTCondor Node COLLECT (170517.37.0) {07/07/26 23:23:01}
07/07/26 23:23:06 Number of idle job procs: 32
07/07/26 23:23:06 Reassigning the id of job COLLECT from (170517.37.0) to (170517.38.0)
07/07/26 23:23:06 Event: ULOG_SUBMIT for HTCondor Node COLLECT (170517.38.0) {07/07/26 23:23:01}
07/07/26 23:23:06 Number of idle job procs: 33
07/07/26 23:23:06 Reassigning the id of job COLLECT from (170517.38.0) to (170517.39.0)
07/07/26 23:23:06 Event: ULOG_SUBMIT for HTCondor Node COLLECT (170517.39.0) {07/07/26 23:23:01}
07/07/26 23:23:06 Number of idle job procs: 34
07/07/26 23:23:06 Reassigning the id of job COLLECT from (170517.39.0) to (170517.4.0)
07/07/26 23:23:06 Event: ULOG_SUBMIT for HTCondor Node COLLECT (170517.4.0) {07/07/26 23:23:01}
07/07/26 23:23:06 Number of idle job procs: 35
07/07/26 23:23:06 Reassigning the id of job COLLECT from (170517.4.0) to (170517.5.0)
07/07/26 23:23:06 Event: ULOG_SUBMIT for HTCondor Node COLLECT (170517.5.0) {07/07/26 23:23:01}
07/07/26 23:23:06 Number of idle job procs: 36
07/07/26 23:23:06 Reassigning the id of job COLLECT from (170517.5.0) to (170517.6.0)
07/07/26 23:23:06 Event: ULOG_SUBMIT for HTCondor Node COLLECT (170517.6.0) {07/07/26 23:23:01}
07/07/26 23:23:06 Number of idle job procs: 37
07/07/26 23:23:06 Reassigning the id of job COLLECT from (170517.6.0) to (170517.7.0)
07/07/26 23:23:06 Event: ULOG_SUBMIT for HTCondor Node COLLECT (170517.7.0) {07/07/26 23:23:01}
07/07/26 23:23:06 Number of idle job procs: 38
07/07/26 23:23:06 Reassigning the id of job COLLECT from (170517.7.0) to (170517.8.0)
07/07/26 23:23:06 Event: ULOG_SUBMIT for HTCondor Node COLLECT (170517.8.0) {07/07/26 23:23:01}
07/07/26 23:23:06 Number of idle job procs: 39
07/07/26 23:23:06 Reassigning the id of job COLLECT from (170517.8.0) to (170517.9.0)
07/07/26 23:23:06 Event: ULOG_SUBMIT for HTCondor Node COLLECT (170517.9.0) {07/07/26 23:23:01}
07/07/26 23:23:06 Number of idle job procs: 40
07/07/26 23:33:06 600 seconds since last log event
07/07/26 23:33:06 Pending DAG nodes:
07/07/26 23:33:06   Node COLLECT, HTCondor ID 170517, status STATUS_SUBMITTED
07/07/26 23:37:12 Received SIGUSR1
07/07/26 23:37:12 Aborting DAG...
07/07/26 23:37:12 Writing Rescue DAG to one_way_line_det_one_way_line_20_10_action_shield.dag.rescue001...
07/07/26 23:37:12 Removing submitted jobs...
07/07/26 23:37:12 Removing any/all submitted HTCondor jobs...
07/07/26 23:37:12 Running: /usr/bin/condor_rm -const DAGManJobId==170515 -reason DAG' 'Removed:' 'User' 'removed' 'scheduler' 'job' 'from' 'queue.
07/07/26 23:37:12 Note: 0 total node deferrals because of -MaxJobs limit (0)
07/07/26 23:37:12 Note: 0 total node deferrals because of -MaxIdle limit (1000)
07/07/26 23:37:12 Note: 0 total node deferrals because of node category throttles
07/07/26 23:37:12 Note: 0 total PRE script deferrals because of -MaxPre limit (20) or DEFER
07/07/26 23:37:12 Note: 0 total POST script deferrals because of -MaxPost limit (20) or DEFER
07/07/26 23:37:12 Note: 0 total HOLD script deferrals because of -MaxHold limit (20) or DEFER
07/07/26 23:37:12 DAG status: 4 (DAG_STATUS_RM)
07/07/26 23:37:12 Of 5 nodes total:
07/07/26 23:37:12  Done     Pre   Queued    Post   Ready   Un-Ready   Failed   Futile
07/07/26 23:37:12   ===     ===      ===     ===     ===        ===      ===      ===
07/07/26 23:37:12     0       0        1       0       0          4        0        0
07/07/26 23:37:12 0 job proc(s) currently held
07/07/26 23:37:12 DAGMan Runtime Statistics: [EventCycleTimeAvg=0.001; EventCycleTimeMax=0.112; EventCycleTimeMin=0.000; EventCycleTimeStd=0.010; EventCycleTimeSum=0.201; SleepCycleTimeAvg=5.004; SleepCycleTimeMax=5.006; SleepCycleTimeMin=5.001; SleepCycleTimeStd=0.001; SleepCycleTimeSum=850.674; SubmitCycleTimeAvg=0.001; SubmitCycleTimeMax=0.106; SubmitCycleTimeMin=0.000; SubmitCycleTimeStd=0.008; SubmitCycleTimeSum=0.107; EventCycleTimeCount=171.000; SleepCycleTimeCount=170.000; SubmitCycleTimeCount=171.000; LogProcessCycleTimeAvg=0.061; LogProcessCycleTimeMax=0.061; LogProcessCycleTimeMin=0.061; LogProcessCycleTimeStd=0.061; LogProcessCycleTimeSum=0.061; LogProcessCycleTimeCount=1.000; ]
07/07/26 23:37:12 Wrote metrics file one_way_line_det_one_way_line_20_10_action_shield.dag.metrics.
07/07/26 23:37:12 DAGMan Runtime Statistics: [EventCycleTimeAvg=0.001; EventCycleTimeMax=0.112; EventCycleTimeMin=0.000; EventCycleTimeStd=0.010; EventCycleTimeSum=0.201; SleepCycleTimeAvg=5.004; SleepCycleTimeMax=5.006; SleepCycleTimeMin=5.001; SleepCycleTimeStd=0.001; SleepCycleTimeSum=850.674; SubmitCycleTimeAvg=0.001; SubmitCycleTimeMax=0.106; SubmitCycleTimeMin=0.000; SubmitCycleTimeStd=0.008; SubmitCycleTimeSum=0.107; EventCycleTimeCount=171.000; SleepCycleTimeCount=170.000; SubmitCycleTimeCount=171.000; LogProcessCycleTimeAvg=0.061; LogProcessCycleTimeMax=0.061; LogProcessCycleTimeMin=0.061; LogProcessCycleTimeStd=0.061; LogProcessCycleTimeSum=0.061; LogProcessCycleTimeCount=1.000; ]
07/07/26 23:37:12 **** condor_scheduniv_exec.170515.0 (condor_DAGMAN) pid 708220 EXITING WITH STATUS 2
07/07/26 23:45:02 ******************************************************
07/07/26 23:45:02 ** condor_scheduniv_exec.170533.0 (CONDOR_DAGMAN) STARTING UP
07/07/26 23:45:02 ** /usr/bin/condor_dagman
07/07/26 23:45:02 ** SubsystemInfo: name=DAGMAN type=DAGMAN(9) class=CLIENT(2)
07/07/26 23:45:02 ** Configuration: subsystem:DAGMAN local:<NONE> class:CLIENT
07/07/26 23:45:02 ** $CondorVersion: 24.12.19 2026-04-15 BuildID: 896241 PackageID: 24.12.19-1+deb12 GitSHA: c68f3e0e $
07/07/26 23:45:02 ** $CondorPlatform: X86_64-Debian_12 $
07/07/26 23:45:02 ** PID = 718617 RealUID = 1620002036
07/07/26 23:45:02 ** Log last touched 7/7 23:37:12
07/07/26 23:45:02 ******************************************************
07/07/26 23:45:02 Using config source: /etc/condor/condor_config
07/07/26 23:45:02 Using local config sources: 
07/07/26 23:45:02    /etc/condor/config.d/01-submit.conf
07/07/26 23:45:02    /etc/condor/config.d/10-stash-plugin.conf
07/07/26 23:45:02    /etc/condor/config.d/23-network.config
07/07/26 23:45:02    /etc/condor/config.d/31-mail.conf
07/07/26 23:45:02    /etc/condor/config.d/35-cc-sync.conf
07/07/26 23:45:02    /etc/condor/config.d/41-periodic-remove.conf
07/07/26 23:45:02    /etc/condor/config.d/49-common.conf
07/07/26 23:45:02    /etc/condor/config.d/52-group-mapping.conf
07/07/26 23:45:02    /etc/condor/config.d/54-container.conf
07/07/26 23:45:02    /etc/condor/config.d/67-submit-transforms.conf
07/07/26 23:45:02    /etc/condor/config.d/71-submit-requirements.conf
07/07/26 23:45:02    /etc/condor/condor_config.local
07/07/26 23:45:02 config Macros = 110, Sorted = 110, StringBytes = 6396, TablesBytes = 4088
07/07/26 23:45:02 CLASSAD_CACHING is ENABLED
07/07/26 23:45:02 Daemon Log is logging: D_ALWAYS D_ERROR D_STATUS
07/07/26 23:45:02 Daemoncore: Listening at <0.0.0.0:31943> on TCP (ReliSock) and UDP (SafeSock).
07/07/26 23:45:02 DaemonCore: command socket at <10.143.248.60:31943?addrs=10.143.248.60-31943&alias=conduit.hpc.uni-saarland.de>
07/07/26 23:45:02 DaemonCore: private command socket at <10.143.248.60:31943?addrs=10.143.248.60-31943&alias=conduit.hpc.uni-saarland.de>
07/07/26 23:45:02 DAGMAN_USE_STRICT setting: 1
07/07/26 23:45:02 DAGMAN_VERBOSITY setting: 3
07/07/26 23:45:02 DAGMAN_DEBUG_CACHE_SIZE setting: 5242880
07/07/26 23:45:02 DAGMAN_DEBUG_CACHE_ENABLE setting: False
07/07/26 23:45:02 DAGMAN_SUBMIT_DELAY setting: 0
07/07/26 23:45:02 DAGMAN_MAX_SUBMIT_ATTEMPTS setting: 6
07/07/26 23:45:02 DAGMAN_STARTUP_CYCLE_DETECT setting: False
07/07/26 23:45:02 DAGMAN_USE_JOIN_NODES setting: True
07/07/26 23:45:02 DAGMAN_REPORT_GRAPH_METRICS setting: False
07/07/26 23:45:02 DAGMAN_MAX_SUBMITS_PER_INTERVAL setting: 100
07/07/26 23:45:02 DAGMAN_AGGRESSIVE_SUBMIT setting: False
07/07/26 23:45:02 DAGMAN_USER_LOG_SCAN_INTERVAL setting: 5
07/07/26 23:45:02 DAGMAN_QUEUE_UPDATE_INTERVAL setting: 300.000000
07/07/26 23:45:02 DAGMAN_DEFAULT_PRIORITY setting: 0
07/07/26 23:45:02 DAGMAN_SUPPRESS_NOTIFICATION setting: False
07/07/26 23:45:02 allow_events (DAGMAN_ALLOW_EVENTS) setting: 114
07/07/26 23:45:02 DAGMAN_RETRY_SUBMIT_FIRST setting: True
07/07/26 23:45:02 DAGMAN_RETRY_NODE_FIRST setting: False
07/07/26 23:45:02 DAGMAN_MAX_JOBS_IDLE setting: 1000
07/07/26 23:45:02 DAGMAN_MAX_JOBS_SUBMITTED setting: 0
07/07/26 23:45:02 DAGMAN_MAX_PRE_SCRIPTS setting: 20
07/07/26 23:45:02 DAGMAN_MAX_POST_SCRIPTS setting: 20
07/07/26 23:45:02 DAGMAN_MAX_HOLD_SCRIPTS setting: 20
07/07/26 23:45:02 DAGMAN_MUNGE_NODE_NAMES setting: True
07/07/26 23:45:02 DAGMAN_ALLOW_ANY_NODE_NAME_CHARACTERS setting: False
07/07/26 23:45:02 DAGMAN_PROHIBIT_MULTI_JOBS setting: False
07/07/26 23:45:02 DAGMAN_SUBMIT_DEPTH_FIRST setting: False
07/07/26 23:45:02 DAGMAN_ALWAYS_RUN_POST setting: False
07/07/26 23:45:02 DAGMAN_CONDOR_SUBMIT_EXE setting: /usr/bin/condor_submit
07/07/26 23:45:02 DAGMAN_CONDOR_RM_EXE setting: /usr/bin/condor_rm
07/07/26 23:45:02 DAGMAN_USE_DIRECT_SUBMIT setting: True
07/07/26 23:45:02 DAGMAN_PRODUCE_JOB_CREDENTIALS setting: True
07/07/26 23:45:02 DAGMAN_DEFAULT_APPEND_VARS setting: False
07/07/26 23:45:02 DAGMAN_INHERIT_ATTRS_PREFIX setting: 
07/07/26 23:45:02 DAGMAN_INHERIT_ATTRS setting: 
07/07/26 23:45:02 DAGMAN_ABORT_DUPLICATES setting: True
07/07/26 23:45:02 DAGMAN_ABORT_ON_SCARY_SUBMIT setting: True
07/07/26 23:45:02 DAGMAN_PENDING_REPORT_INTERVAL setting: 600
07/07/26 23:45:02 DAGMAN_CHECK_QUEUE_INTERVAL setting: 28800
07/07/26 23:45:02 DAGMAN_PRINT_JOB_TABLE_INTERVAL setting: 900
07/07/26 23:45:02 DAGMAN_AUTO_RESCUE setting: True
07/07/26 23:45:02 DAGMAN_MAX_RESCUE_NUM setting: 100
07/07/26 23:45:02 DAGMAN_WRITE_PARTIAL_RESCUE setting: True
07/07/26 23:45:02 DAGMAN_RESET_RETRIES_UPON_RESCUE setting: True
07/07/26 23:45:02 DAGMAN_METRICS_FILE_VERSION setting: 2
07/07/26 23:45:02 DAGMAN_DEFAULT_NODE_LOG setting: @(DAG_DIR)/@(DAG_FILE).nodes.log
07/07/26 23:45:02 DAGMAN_LOG_ON_NFS_IS_ERROR setting: False
07/07/26 23:45:02 DAGMAN_GENERATE_SUBDAG_SUBMITS setting: True
07/07/26 23:45:02 DAGMAN_MAX_JOB_HOLDS setting: 100
07/07/26 23:45:02 DAGMAN_NODE_JOB_FAILURE_TOLERANCE setting: 0
07/07/26 23:45:02 DAGMAN_HOLD_CLAIM_TIME setting: 20
07/07/26 23:45:02 DAGMAN_SUPPRESS_JOB_LOGS setting: False
07/07/26 23:45:02 DAGMAN_REMOVE_NODE_JOBS setting: True
07/07/26 23:45:02 DAGMAN_PUT_FAILED_JOBS_ON_HOLD setting: False
07/07/26 23:45:02 DAGMAN_REMOVE_JOBS_AFTER_LIMIT_CHANGE setting: False
07/07/26 23:45:02 DAGMAN will adjust edges after parsing
07/07/26 23:45:02 argv[0] == "condor_scheduniv_exec.170533.0"
07/07/26 23:45:02 argv[1] == "-Lockfile"
07/07/26 23:45:02 argv[2] == "one_way_line_det_one_way_line_20_10_action_shield.dag.lock"
07/07/26 23:45:02 argv[3] == "-Dag"
07/07/26 23:45:02 argv[4] == "one_way_line_det_one_way_line_20_10_action_shield.dag"
07/07/26 23:45:02 argv[5] == "-CsdVersion"
07/07/26 23:45:02 argv[6] == "$CondorVersion: 24.12.19 2026-04-15 BuildID: 896241 PackageID: 24.12.19-1+deb12 GitSHA: c68f3e0e $"
07/07/26 23:45:02 argv[7] == "-dagman"
07/07/26 23:45:02 argv[8] == "/usr/bin/condor_dagman"
07/07/26 23:45:02 argv[9] == "-AutoRescue"
07/07/26 23:45:02 argv[10] == "1"
07/07/26 23:45:02 argv[11] == "-DoRescueFrom"
07/07/26 23:45:02 argv[12] == "0"
07/07/26 23:45:02 Can't open directory "/etc/condor/passwords.d" as PRIV_ROOT, errno: 13 (Permission denied)
07/07/26 23:45:02 Can't open directory "/etc/condor/passwords.d" as PRIV_ROOT, errno: 13 (Permission denied)
07/07/26 23:45:02 Workflow batch-id: <170533.0>
07/07/26 23:45:02 Workflow batch-name: <one_way_line_det_one_way_line_20_10_action_shield.dag+170533>
07/07/26 23:45:02 Workflow accounting_group: <teaching>
07/07/26 23:45:02 Workflow accounting_group_user: <atml_team041>
07/07/26 23:45:02 Warning: failed to get attribute DAGNodeName
07/07/26 23:45:02 Default node log file is: </home/atml_team041/condor_tutorial/jani_env/experiments/repair_wo_domain/submissions/action_shield/one_way_line_det/./one_way_line_det_one_way_line_20_10_action_shield.dag.nodes.log>
07/07/26 23:45:02 DAG Lockfile will be written to one_way_line_det_one_way_line_20_10_action_shield.dag.lock
07/07/26 23:45:02 DAG Input file is one_way_line_det_one_way_line_20_10_action_shield.dag
07/07/26 23:45:02 Parsing 1 dagfiles
07/07/26 23:45:02 Parsing one_way_line_det_one_way_line_20_10_action_shield.dag ...
07/07/26 23:45:02 Adjusting edges
07/07/26 23:45:02 Found rescue DAG number 1; running one_way_line_det_one_way_line_20_10_action_shield.dag.rescue001 in combination with normal DAG file
07/07/26 23:45:02 ~~~~~~~~~~~~~~~~~~~~~~~~~~~~~~~~~~~~~~~~~~~~~~~~~~~~~~
07/07/26 23:45:02 USING RESCUE DAG one_way_line_det_one_way_line_20_10_action_shield.dag.rescue001
07/07/26 23:45:02 Dag contains 5 total nodes
07/07/26 23:45:02 Bootstrapping...
07/07/26 23:45:02 Number of pre-completed nodes: 0
07/07/26 23:45:02 MultiLogFiles: truncating log file /home/atml_team041/condor_tutorial/jani_env/experiments/repair_wo_domain/submissions/action_shield/one_way_line_det/./one_way_line_det_one_way_line_20_10_action_shield.dag.nodes.log
07/07/26 23:45:02 DAG status: 0 (DAG_STATUS_OK)
07/07/26 23:45:02 Of 5 nodes total:
07/07/26 23:45:02  Done     Pre   Queued    Post   Ready   Un-Ready   Failed   Futile
07/07/26 23:45:02   ===     ===      ===     ===     ===        ===      ===      ===
07/07/26 23:45:02     0       0        0       0       1          4        0        0
07/07/26 23:45:02 0 job proc(s) currently held
07/07/26 23:45:02 DAGMan Runtime Statistics: [EventCycleTimeSum=0.000; SleepCycleTimeSum=0.000; SubmitCycleTimeSum=0.000; EventCycleTimeCount=0.000; SleepCycleTimeCount=0.000; SubmitCycleTimeCount=0.000; LogProcessCycleTimeSum=0.000; LogProcessCycleTimeCount=0.000; ]
07/07/26 23:45:02 Registering condor_event_timer...
07/07/26 23:45:03 Submitting HTCondor Node COLLECT job(s)...
07/07/26 23:45:03 Submitting node COLLECT from file one_way_line_det_one_way_line_20_10_action_shield_collect.sub using direct job submission
07/07/26 23:45:03 	assigned HTCondor ID (170534.0.0)
07/07/26 23:45:03 Just submitted 1 job this cycle...
07/07/26 23:45:03 DAG status: 0 (DAG_STATUS_OK)
07/07/26 23:45:03 Of 5 nodes total:
07/07/26 23:45:03  Done     Pre   Queued    Post   Ready   Un-Ready   Failed   Futile
07/07/26 23:45:03   ===     ===      ===     ===     ===        ===      ===      ===
07/07/26 23:45:03     0       0        1       0       0          4        0        0
07/07/26 23:45:03 0 job proc(s) currently held
07/07/26 23:45:03 DAGMan Runtime Statistics: [EventCycleTimeSum=0.000; SleepCycleTimeSum=0.000; SubmitCycleTimeAvg=0.103; SubmitCycleTimeMax=0.103; SubmitCycleTimeMin=0.103; SubmitCycleTimeStd=0.103; SubmitCycleTimeSum=0.103; EventCycleTimeCount=0.000; SleepCycleTimeCount=0.000; SubmitCycleTimeCount=1.000; LogProcessCycleTimeSum=0.000; LogProcessCycleTimeCount=0.000; ]
07/07/26 23:45:08 Currently monitoring 1 HTCondor log file(s)
07/07/26 23:45:08 Reassigning the id of job COLLECT from (170534.0.0) to (170534.0.0)
07/07/26 23:45:08 Event: ULOG_SUBMIT for HTCondor Node COLLECT (170534.0.0) {07/07/26 23:45:03}
07/07/26 23:45:08 Number of idle job procs: 1
07/07/26 23:45:08 Reassigning the id of job COLLECT from (170534.0.0) to (170534.1.0)
07/07/26 23:45:08 Event: ULOG_SUBMIT for HTCondor Node COLLECT (170534.1.0) {07/07/26 23:45:03}
07/07/26 23:45:08 Number of idle job procs: 2
07/07/26 23:45:08 Reassigning the id of job COLLECT from (170534.1.0) to (170534.10.0)
07/07/26 23:45:08 Event: ULOG_SUBMIT for HTCondor Node COLLECT (170534.10.0) {07/07/26 23:45:03}
07/07/26 23:45:08 Number of idle job procs: 3
07/07/26 23:45:08 Reassigning the id of job COLLECT from (170534.10.0) to (170534.11.0)
07/07/26 23:45:08 Event: ULOG_SUBMIT for HTCondor Node COLLECT (170534.11.0) {07/07/26 23:45:03}
07/07/26 23:45:08 Number of idle job procs: 4
07/07/26 23:45:08 Reassigning the id of job COLLECT from (170534.11.0) to (170534.12.0)
07/07/26 23:45:08 Event: ULOG_SUBMIT for HTCondor Node COLLECT (170534.12.0) {07/07/26 23:45:03}
07/07/26 23:45:08 Number of idle job procs: 5
07/07/26 23:45:08 Reassigning the id of job COLLECT from (170534.12.0) to (170534.13.0)
07/07/26 23:45:08 Event: ULOG_SUBMIT for HTCondor Node COLLECT (170534.13.0) {07/07/26 23:45:03}
07/07/26 23:45:08 Number of idle job procs: 6
07/07/26 23:45:08 Reassigning the id of job COLLECT from (170534.13.0) to (170534.14.0)
07/07/26 23:45:08 Event: ULOG_SUBMIT for HTCondor Node COLLECT (170534.14.0) {07/07/26 23:45:03}
07/07/26 23:45:08 Number of idle job procs: 7
07/07/26 23:45:08 Reassigning the id of job COLLECT from (170534.14.0) to (170534.15.0)
07/07/26 23:45:08 Event: ULOG_SUBMIT for HTCondor Node COLLECT (170534.15.0) {07/07/26 23:45:03}
07/07/26 23:45:08 Number of idle job procs: 8
07/07/26 23:45:08 Reassigning the id of job COLLECT from (170534.15.0) to (170534.16.0)
07/07/26 23:45:08 Event: ULOG_SUBMIT for HTCondor Node COLLECT (170534.16.0) {07/07/26 23:45:03}
07/07/26 23:45:08 Number of idle job procs: 9
07/07/26 23:45:08 Reassigning the id of job COLLECT from (170534.16.0) to (170534.17.0)
07/07/26 23:45:08 Event: ULOG_SUBMIT for HTCondor Node COLLECT (170534.17.0) {07/07/26 23:45:03}
07/07/26 23:45:08 Number of idle job procs: 10
07/07/26 23:45:08 Reassigning the id of job COLLECT from (170534.17.0) to (170534.18.0)
07/07/26 23:45:08 Event: ULOG_SUBMIT for HTCondor Node COLLECT (170534.18.0) {07/07/26 23:45:03}
07/07/26 23:45:08 Number of idle job procs: 11
07/07/26 23:45:08 Reassigning the id of job COLLECT from (170534.18.0) to (170534.19.0)
07/07/26 23:45:08 Event: ULOG_SUBMIT for HTCondor Node COLLECT (170534.19.0) {07/07/26 23:45:03}
07/07/26 23:45:08 Number of idle job procs: 12
07/07/26 23:45:08 Reassigning the id of job COLLECT from (170534.19.0) to (170534.2.0)
07/07/26 23:45:08 Event: ULOG_SUBMIT for HTCondor Node COLLECT (170534.2.0) {07/07/26 23:45:03}
07/07/26 23:45:08 Number of idle job procs: 13
07/07/26 23:45:08 Reassigning the id of job COLLECT from (170534.2.0) to (170534.20.0)
07/07/26 23:45:08 Event: ULOG_SUBMIT for HTCondor Node COLLECT (170534.20.0) {07/07/26 23:45:03}
07/07/26 23:45:08 Number of idle job procs: 14
07/07/26 23:45:08 Reassigning the id of job COLLECT from (170534.20.0) to (170534.21.0)
07/07/26 23:45:08 Event: ULOG_SUBMIT for HTCondor Node COLLECT (170534.21.0) {07/07/26 23:45:03}
07/07/26 23:45:08 Number of idle job procs: 15
07/07/26 23:45:08 Reassigning the id of job COLLECT from (170534.21.0) to (170534.22.0)
07/07/26 23:45:08 Event: ULOG_SUBMIT for HTCondor Node COLLECT (170534.22.0) {07/07/26 23:45:03}
07/07/26 23:45:08 Number of idle job procs: 16
07/07/26 23:45:08 Reassigning the id of job COLLECT from (170534.22.0) to (170534.23.0)
07/07/26 23:45:08 Event: ULOG_SUBMIT for HTCondor Node COLLECT (170534.23.0) {07/07/26 23:45:03}
07/07/26 23:45:08 Number of idle job procs: 17
07/07/26 23:45:08 Reassigning the id of job COLLECT from (170534.23.0) to (170534.24.0)
07/07/26 23:45:08 Event: ULOG_SUBMIT for HTCondor Node COLLECT (170534.24.0) {07/07/26 23:45:03}
07/07/26 23:45:08 Number of idle job procs: 18
07/07/26 23:45:08 Reassigning the id of job COLLECT from (170534.24.0) to (170534.25.0)
07/07/26 23:45:08 Event: ULOG_SUBMIT for HTCondor Node COLLECT (170534.25.0) {07/07/26 23:45:03}
07/07/26 23:45:08 Number of idle job procs: 19
07/07/26 23:45:08 Reassigning the id of job COLLECT from (170534.25.0) to (170534.26.0)
07/07/26 23:45:08 Event: ULOG_SUBMIT for HTCondor Node COLLECT (170534.26.0) {07/07/26 23:45:03}
07/07/26 23:45:08 Number of idle job procs: 20
07/07/26 23:45:08 Reassigning the id of job COLLECT from (170534.26.0) to (170534.27.0)
07/07/26 23:45:08 Event: ULOG_SUBMIT for HTCondor Node COLLECT (170534.27.0) {07/07/26 23:45:03}
07/07/26 23:45:08 Number of idle job procs: 21
07/07/26 23:45:08 Reassigning the id of job COLLECT from (170534.27.0) to (170534.28.0)
07/07/26 23:45:08 Event: ULOG_SUBMIT for HTCondor Node COLLECT (170534.28.0) {07/07/26 23:45:03}
07/07/26 23:45:08 Number of idle job procs: 22
07/07/26 23:45:08 Reassigning the id of job COLLECT from (170534.28.0) to (170534.29.0)
07/07/26 23:45:08 Event: ULOG_SUBMIT for HTCondor Node COLLECT (170534.29.0) {07/07/26 23:45:03}
07/07/26 23:45:08 Number of idle job procs: 23
07/07/26 23:45:08 Reassigning the id of job COLLECT from (170534.29.0) to (170534.3.0)
07/07/26 23:45:08 Event: ULOG_SUBMIT for HTCondor Node COLLECT (170534.3.0) {07/07/26 23:45:03}
07/07/26 23:45:08 Number of idle job procs: 24
07/07/26 23:45:08 Reassigning the id of job COLLECT from (170534.3.0) to (170534.30.0)
07/07/26 23:45:08 Event: ULOG_SUBMIT for HTCondor Node COLLECT (170534.30.0) {07/07/26 23:45:03}
07/07/26 23:45:08 Number of idle job procs: 25
07/07/26 23:45:08 Reassigning the id of job COLLECT from (170534.30.0) to (170534.31.0)
07/07/26 23:45:08 Event: ULOG_SUBMIT for HTCondor Node COLLECT (170534.31.0) {07/07/26 23:45:03}
07/07/26 23:45:08 Number of idle job procs: 26
07/07/26 23:45:08 Reassigning the id of job COLLECT from (170534.31.0) to (170534.32.0)
07/07/26 23:45:08 Event: ULOG_SUBMIT for HTCondor Node COLLECT (170534.32.0) {07/07/26 23:45:03}
07/07/26 23:45:08 Number of idle job procs: 27
07/07/26 23:45:08 Reassigning the id of job COLLECT from (170534.32.0) to (170534.33.0)
07/07/26 23:45:08 Event: ULOG_SUBMIT for HTCondor Node COLLECT (170534.33.0) {07/07/26 23:45:03}
07/07/26 23:45:08 Number of idle job procs: 28
07/07/26 23:45:08 Reassigning the id of job COLLECT from (170534.33.0) to (170534.34.0)
07/07/26 23:45:08 Event: ULOG_SUBMIT for HTCondor Node COLLECT (170534.34.0) {07/07/26 23:45:03}
07/07/26 23:45:08 Number of idle job procs: 29
07/07/26 23:45:08 Reassigning the id of job COLLECT from (170534.34.0) to (170534.35.0)
07/07/26 23:45:08 Event: ULOG_SUBMIT for HTCondor Node COLLECT (170534.35.0) {07/07/26 23:45:03}
07/07/26 23:45:08 Number of idle job procs: 30
07/07/26 23:45:08 Reassigning the id of job COLLECT from (170534.35.0) to (170534.36.0)
07/07/26 23:45:08 Event: ULOG_SUBMIT for HTCondor Node COLLECT (170534.36.0) {07/07/26 23:45:03}
07/07/26 23:45:08 Number of idle job procs: 31
07/07/26 23:45:08 Reassigning the id of job COLLECT from (170534.36.0) to (170534.37.0)
07/07/26 23:45:08 Event: ULOG_SUBMIT for HTCondor Node COLLECT (170534.37.0) {07/07/26 23:45:03}
07/07/26 23:45:08 Number of idle job procs: 32
07/07/26 23:45:08 Reassigning the id of job COLLECT from (170534.37.0) to (170534.38.0)
07/07/26 23:45:08 Event: ULOG_SUBMIT for HTCondor Node COLLECT (170534.38.0) {07/07/26 23:45:03}
07/07/26 23:45:08 Number of idle job procs: 33
07/07/26 23:45:08 Reassigning the id of job COLLECT from (170534.38.0) to (170534.39.0)
07/07/26 23:45:08 Event: ULOG_SUBMIT for HTCondor Node COLLECT (170534.39.0) {07/07/26 23:45:03}
07/07/26 23:45:08 Number of idle job procs: 34
07/07/26 23:45:08 Reassigning the id of job COLLECT from (170534.39.0) to (170534.4.0)
07/07/26 23:45:08 Event: ULOG_SUBMIT for HTCondor Node COLLECT (170534.4.0) {07/07/26 23:45:03}
07/07/26 23:45:08 Number of idle job procs: 35
07/07/26 23:45:08 Reassigning the id of job COLLECT from (170534.4.0) to (170534.5.0)
07/07/26 23:45:08 Event: ULOG_SUBMIT for HTCondor Node COLLECT (170534.5.0) {07/07/26 23:45:03}
07/07/26 23:45:08 Number of idle job procs: 36
07/07/26 23:45:08 Reassigning the id of job COLLECT from (170534.5.0) to (170534.6.0)
07/07/26 23:45:08 Event: ULOG_SUBMIT for HTCondor Node COLLECT (170534.6.0) {07/07/26 23:45:03}
07/07/26 23:45:08 Number of idle job procs: 37
07/07/26 23:45:08 Reassigning the id of job COLLECT from (170534.6.0) to (170534.7.0)
07/07/26 23:45:08 Event: ULOG_SUBMIT for HTCondor Node COLLECT (170534.7.0) {07/07/26 23:45:03}
07/07/26 23:45:08 Number of idle job procs: 38
07/07/26 23:45:08 Reassigning the id of job COLLECT from (170534.7.0) to (170534.8.0)
07/07/26 23:45:08 Event: ULOG_SUBMIT for HTCondor Node COLLECT (170534.8.0) {07/07/26 23:45:03}
07/07/26 23:45:08 Number of idle job procs: 39
07/07/26 23:45:08 Reassigning the id of job COLLECT from (170534.8.0) to (170534.9.0)
07/07/26 23:45:08 Event: ULOG_SUBMIT for HTCondor Node COLLECT (170534.9.0) {07/07/26 23:45:03}
07/07/26 23:45:08 Number of idle job procs: 40
07/07/26 23:55:09 601 seconds since last log event
07/07/26 23:55:09 Pending DAG nodes:
07/07/26 23:55:09   Node COLLECT, HTCondor ID 170534, status STATUS_SUBMITTED
07/08/26 00:00:04 Total jobs placed to AP: 40
07/08/26 00:00:04      Idle     Held     Running     Successful     Failed
07/08/26 00:00:04       ===      ===         ===            ===        ===
07/08/26 00:00:04        40        0           0              0          0
07/08/26 00:05:09 1201 seconds since last log event
07/08/26 00:05:09 Pending DAG nodes:
07/08/26 00:05:09   Node COLLECT, HTCondor ID 170534, status STATUS_SUBMITTED
07/08/26 00:15:05 Total jobs placed to AP: 40
07/08/26 00:15:05      Idle     Held     Running     Successful     Failed
07/08/26 00:15:05       ===      ===         ===            ===        ===
07/08/26 00:15:05        40        0           0              0          0
07/08/26 00:15:10 1802 seconds since last log event
07/08/26 00:15:10 Pending DAG nodes:
07/08/26 00:15:10   Node COLLECT, HTCondor ID 170534, status STATUS_SUBMITTED
07/08/26 00:25:10 2402 seconds since last log event
07/08/26 00:25:10 Pending DAG nodes:
07/08/26 00:25:10   Node COLLECT, HTCondor ID 170534, status STATUS_SUBMITTED
07/08/26 00:30:06 Total jobs placed to AP: 40
07/08/26 00:30:06      Idle     Held     Running     Successful     Failed
07/08/26 00:30:06       ===      ===         ===            ===        ===
07/08/26 00:30:06        40        0           0              0          0
07/08/26 00:35:11 3003 seconds since last log event
07/08/26 00:35:11 Pending DAG nodes:
07/08/26 00:35:11   Node COLLECT, HTCondor ID 170534, status STATUS_SUBMITTED
07/08/26 00:45:06 Total jobs placed to AP: 40
07/08/26 00:45:06      Idle     Held     Running     Successful     Failed
07/08/26 00:45:06       ===      ===         ===            ===        ===
07/08/26 00:45:06        40        0           0              0          0
07/08/26 00:45:11 3603 seconds since last log event
07/08/26 00:45:11 Pending DAG nodes:
07/08/26 00:45:11   Node COLLECT, HTCondor ID 170534, status STATUS_SUBMITTED
07/08/26 00:55:12 4204 seconds since last log event
07/08/26 00:55:12 Pending DAG nodes:
07/08/26 00:55:12   Node COLLECT, HTCondor ID 170534, status STATUS_SUBMITTED
07/08/26 01:00:07 Total jobs placed to AP: 40
07/08/26 01:00:07      Idle     Held     Running     Successful     Failed
07/08/26 01:00:07       ===      ===         ===            ===        ===
07/08/26 01:00:07        40        0           0              0          0
07/08/26 01:05:12 4804 seconds since last log event
07/08/26 01:05:12 Pending DAG nodes:
07/08/26 01:05:12   Node COLLECT, HTCondor ID 170534, status STATUS_SUBMITTED
07/08/26 01:15:08 Total jobs placed to AP: 40
07/08/26 01:15:08      Idle     Held     Running     Successful     Failed
07/08/26 01:15:08       ===      ===         ===            ===        ===
07/08/26 01:15:08        40        0           0              0          0
07/08/26 01:15:13 5405 seconds since last log event
07/08/26 01:15:13 Pending DAG nodes:
07/08/26 01:15:13   Node COLLECT, HTCondor ID 170534, status STATUS_SUBMITTED
07/08/26 01:25:13 6005 seconds since last log event
07/08/26 01:25:13 Pending DAG nodes:
07/08/26 01:25:13   Node COLLECT, HTCondor ID 170534, status STATUS_SUBMITTED
07/08/26 01:30:08 Total jobs placed to AP: 40
07/08/26 01:30:08      Idle     Held     Running     Successful     Failed
07/08/26 01:30:08       ===      ===         ===            ===        ===
07/08/26 01:30:08        40        0           0              0          0
07/08/26 01:35:13 6605 seconds since last log event
07/08/26 01:35:13 Pending DAG nodes:
07/08/26 01:35:13   Node COLLECT, HTCondor ID 170534, status STATUS_SUBMITTED
07/08/26 01:45:08 Total jobs placed to AP: 40
07/08/26 01:45:08      Idle     Held     Running     Successful     Failed
07/08/26 01:45:08       ===      ===         ===            ===        ===
07/08/26 01:45:08        40        0           0              0          0
07/08/26 01:45:13 7205 seconds since last log event
07/08/26 01:45:13 Pending DAG nodes:
07/08/26 01:45:13   Node COLLECT, HTCondor ID 170534, status STATUS_SUBMITTED
07/08/26 01:53:44 Currently monitoring 1 HTCondor log file(s)
07/08/26 01:53:44 Event: ULOG_EXECUTE for HTCondor Node COLLECT (170534.0.0) {07/08/26 01:53:41}
07/08/26 01:53:44 Number of idle job procs: 39
07/08/26 01:53:59 Currently monitoring 1 HTCondor log file(s)
07/08/26 01:53:59 Event: ULOG_EXECUTE for HTCondor Node COLLECT (170534.1.0) {07/08/26 01:53:55}
07/08/26 01:53:59 Number of idle job procs: 38
07/08/26 01:56:49 Currently monitoring 1 HTCondor log file(s)
07/08/26 01:56:49 Event: ULOG_EXECUTE for HTCondor Node COLLECT (170534.3.0) {07/08/26 01:56:47}
07/08/26 01:56:49 Number of idle job procs: 37
07/08/26 01:56:49 Event: ULOG_EXECUTE for HTCondor Node COLLECT (170534.2.0) {07/08/26 01:56:47}
07/08/26 01:56:49 Number of idle job procs: 36
07/08/26 01:57:49 Currently monitoring 1 HTCondor log file(s)
07/08/26 01:57:49 Event: ULOG_EXECUTE for HTCondor Node COLLECT (170534.5.0) {07/08/26 01:57:47}
07/08/26 01:57:49 Number of idle job procs: 35
07/08/26 01:57:49 Event: ULOG_EXECUTE for HTCondor Node COLLECT (170534.4.0) {07/08/26 01:57:47}
07/08/26 01:57:49 Number of idle job procs: 34
07/08/26 01:57:49 Event: ULOG_EXECUTE for HTCondor Node COLLECT (170534.6.0) {07/08/26 01:57:47}
07/08/26 01:57:49 Number of idle job procs: 33
07/08/26 02:00:09 Total jobs placed to AP: 40
07/08/26 02:00:09      Idle     Held     Running     Successful     Failed
07/08/26 02:00:09       ===      ===         ===            ===        ===
07/08/26 02:00:09        33        0           7              0          0
07/08/26 02:00:14 Currently monitoring 1 HTCondor log file(s)
07/08/26 02:00:14 Event: ULOG_EXECUTE for HTCondor Node COLLECT (170534.7.0) {07/08/26 02:00:11}
07/08/26 02:00:14 Number of idle job procs: 32
07/08/26 02:00:49 Currently monitoring 1 HTCondor log file(s)
07/08/26 02:00:49 Event: ULOG_EXECUTE for HTCondor Node COLLECT (170534.8.0) {07/08/26 02:00:48}
07/08/26 02:00:49 Number of idle job procs: 31
07/08/26 02:00:49 Event: ULOG_EXECUTE for HTCondor Node COLLECT (170534.9.0) {07/08/26 02:00:48}
07/08/26 02:00:49 Number of idle job procs: 30
07/08/26 02:01:14 Currently monitoring 1 HTCondor log file(s)
07/08/26 02:01:14 Event: ULOG_EXECUTE for HTCondor Node COLLECT (170534.12.0) {07/08/26 02:01:13}
07/08/26 02:01:14 Number of idle job procs: 29
07/08/26 02:01:14 Event: ULOG_EXECUTE for HTCondor Node COLLECT (170534.10.0) {07/08/26 02:01:13}
07/08/26 02:01:14 Number of idle job procs: 28
07/08/26 02:01:14 Event: ULOG_EXECUTE for HTCondor Node COLLECT (170534.11.0) {07/08/26 02:01:13}
07/08/26 02:01:14 Number of idle job procs: 27
07/08/26 02:01:54 Currently monitoring 1 HTCondor log file(s)
07/08/26 02:01:54 Event: ULOG_EXECUTE for HTCondor Node COLLECT (170534.13.0) {07/08/26 02:01:52}
07/08/26 02:01:54 Number of idle job procs: 26
07/08/26 02:02:14 Currently monitoring 1 HTCondor log file(s)
07/08/26 02:02:14 Event: ULOG_EXECUTE for HTCondor Node COLLECT (170534.14.0) {07/08/26 02:02:13}
07/08/26 02:02:14 Number of idle job procs: 25
07/08/26 02:02:14 Event: ULOG_EXECUTE for HTCondor Node COLLECT (170534.15.0) {07/08/26 02:02:13}
07/08/26 02:02:14 Number of idle job procs: 24
07/08/26 02:02:14 Event: ULOG_EXECUTE for HTCondor Node COLLECT (170534.16.0) {07/08/26 02:02:13}
07/08/26 02:02:14 Number of idle job procs: 23
07/08/26 02:03:14 Currently monitoring 1 HTCondor log file(s)
07/08/26 02:03:14 Event: ULOG_EXECUTE for HTCondor Node COLLECT (170534.17.0) {07/08/26 02:03:14}
07/08/26 02:03:14 Number of idle job procs: 22
07/08/26 02:04:14 Currently monitoring 1 HTCondor log file(s)
07/08/26 02:04:14 Event: ULOG_EXECUTE for HTCondor Node COLLECT (170534.18.0) {07/08/26 02:04:14}
07/08/26 02:04:14 Number of idle job procs: 21
07/08/26 02:04:14 Event: ULOG_EXECUTE for HTCondor Node COLLECT (170534.19.0) {07/08/26 02:04:14}
07/08/26 02:04:14 Number of idle job procs: 20
07/08/26 02:04:34 Currently monitoring 1 HTCondor log file(s)
07/08/26 02:04:34 Event: ULOG_EXECUTE for HTCondor Node COLLECT (170534.20.0) {07/08/26 02:04:30}
07/08/26 02:04:34 Number of idle job procs: 19
07/08/26 02:04:49 Currently monitoring 1 HTCondor log file(s)
07/08/26 02:04:49 Event: ULOG_EXECUTE for HTCondor Node COLLECT (170534.21.0) {07/08/26 02:04:49}
07/08/26 02:04:49 Number of idle job procs: 18
07/08/26 02:05:14 Currently monitoring 1 HTCondor log file(s)
07/08/26 02:05:14 Event: ULOG_EXECUTE for HTCondor Node COLLECT (170534.22.0) {07/08/26 02:05:14}
07/08/26 02:05:14 Number of idle job procs: 17
07/08/26 02:06:15 Currently monitoring 1 HTCondor log file(s)
07/08/26 02:06:15 Event: ULOG_EXECUTE for HTCondor Node COLLECT (170534.24.0) {07/08/26 02:06:14}
07/08/26 02:06:15 Number of idle job procs: 16
07/08/26 02:06:15 Event: ULOG_EXECUTE for HTCondor Node COLLECT (170534.23.0) {07/08/26 02:06:14}
07/08/26 02:06:15 Number of idle job procs: 15
07/08/26 02:06:35 Currently monitoring 1 HTCondor log file(s)
07/08/26 02:06:35 Event: ULOG_EXECUTE for HTCondor Node COLLECT (170534.25.0) {07/08/26 02:06:34}
07/08/26 02:06:35 Number of idle job procs: 14
07/08/26 02:06:35 Event: ULOG_EXECUTE for HTCondor Node COLLECT (170534.26.0) {07/08/26 02:06:34}
07/08/26 02:06:35 Number of idle job procs: 13
07/08/26 02:15:10 Total jobs placed to AP: 40
07/08/26 02:15:10      Idle     Held     Running     Successful     Failed
07/08/26 02:15:10       ===      ===         ===            ===        ===
07/08/26 02:15:10        13        0          27              0          0
07/08/26 02:16:35 Currently monitoring 1 HTCondor log file(s)
07/08/26 02:16:35 Event: ULOG_JOB_TERMINATED for HTCondor Node COLLECT (170534.0.0) {07/08/26 02:16:32}
07/08/26 02:16:35 Number of idle job procs: 13
07/08/26 02:16:35 Node COLLECT job proc (170534.0.0) completed successfully.
07/08/26 02:17:35 Currently monitoring 1 HTCondor log file(s)
07/08/26 02:17:35 Event: ULOG_EXECUTE for HTCondor Node COLLECT (170534.27.0) {07/08/26 02:17:34}
07/08/26 02:17:35 Number of idle job procs: 12
07/08/26 02:18:45 Currently monitoring 1 HTCondor log file(s)
07/08/26 02:18:45 Event: ULOG_JOB_TERMINATED for HTCondor Node COLLECT (170534.1.0) {07/08/26 02:18:44}
07/08/26 02:18:45 Number of idle job procs: 12
07/08/26 02:18:45 Node COLLECT job proc (170534.1.0) completed successfully.
07/08/26 02:19:35 Currently monitoring 1 HTCondor log file(s)
07/08/26 02:19:35 Event: ULOG_EXECUTE for HTCondor Node COLLECT (170534.28.0) {07/08/26 02:19:35}
07/08/26 02:19:35 Number of idle job procs: 11
07/08/26 02:21:15 Currently monitoring 1 HTCondor log file(s)
07/08/26 02:21:15 Event: ULOG_JOB_TERMINATED for HTCondor Node COLLECT (170534.3.0) {07/08/26 02:21:13}
07/08/26 02:21:15 Number of idle job procs: 11
07/08/26 02:21:15 Node COLLECT job proc (170534.3.0) completed successfully.
07/08/26 02:21:35 Currently monitoring 1 HTCondor log file(s)
07/08/26 02:21:35 Event: ULOG_JOB_TERMINATED for HTCondor Node COLLECT (170534.4.0) {07/08/26 02:21:31}
07/08/26 02:21:35 Number of idle job procs: 11
07/08/26 02:21:35 Node COLLECT job proc (170534.4.0) completed successfully.
07/08/26 02:21:35 Event: ULOG_EXECUTE for HTCondor Node COLLECT (170534.30.0) {07/08/26 02:21:34}
07/08/26 02:21:35 Number of idle job procs: 10
07/08/26 02:21:35 Event: ULOG_EXECUTE for HTCondor Node COLLECT (170534.29.0) {07/08/26 02:21:34}
07/08/26 02:21:35 Number of idle job procs: 9
07/08/26 02:22:00 Currently monitoring 1 HTCondor log file(s)
07/08/26 02:22:00 Event: ULOG_JOB_TERMINATED for HTCondor Node COLLECT (170534.2.0) {07/08/26 02:21:59}
07/08/26 02:22:00 Number of idle job procs: 9
07/08/26 02:22:00 Node COLLECT job proc (170534.2.0) completed successfully.
07/08/26 02:22:05 Currently monitoring 1 HTCondor log file(s)
07/08/26 02:22:05 Event: ULOG_JOB_TERMINATED for HTCondor Node COLLECT (170534.5.0) {07/08/26 02:22:05}
07/08/26 02:22:05 Number of idle job procs: 9
07/08/26 02:22:05 Node COLLECT job proc (170534.5.0) completed successfully.
07/08/26 02:22:35 Currently monitoring 1 HTCondor log file(s)
07/08/26 02:22:35 Event: ULOG_EXECUTE for HTCondor Node COLLECT (170534.31.0) {07/08/26 02:22:34}
07/08/26 02:22:35 Number of idle job procs: 8
07/08/26 02:22:35 Event: ULOG_EXECUTE for HTCondor Node COLLECT (170534.32.0) {07/08/26 02:22:35}
07/08/26 02:22:35 Number of idle job procs: 7
07/08/26 02:22:55 Currently monitoring 1 HTCondor log file(s)
07/08/26 02:22:55 Event: ULOG_JOB_TERMINATED for HTCondor Node COLLECT (170534.6.0) {07/08/26 02:22:51}
07/08/26 02:22:55 Number of idle job procs: 7
07/08/26 02:22:55 Node COLLECT job proc (170534.6.0) completed successfully.
07/08/26 02:23:35 Currently monitoring 1 HTCondor log file(s)
07/08/26 02:23:35 Event: ULOG_EXECUTE for HTCondor Node COLLECT (170534.33.0) {07/08/26 02:23:35}
07/08/26 02:23:35 Number of idle job procs: 6
07/08/26 02:24:15 Currently monitoring 1 HTCondor log file(s)
07/08/26 02:24:15 Event: ULOG_JOB_TERMINATED for HTCondor Node COLLECT (170534.9.0) {07/08/26 02:24:11}
07/08/26 02:24:15 Number of idle job procs: 6
07/08/26 02:24:15 Node COLLECT job proc (170534.9.0) completed successfully.
07/08/26 02:24:36 Currently monitoring 1 HTCondor log file(s)
07/08/26 02:24:36 Event: ULOG_EXECUTE for HTCondor Node COLLECT (170534.34.0) {07/08/26 02:24:35}
07/08/26 02:24:36 Number of idle job procs: 5
07/08/26 02:25:11 Currently monitoring 1 HTCondor log file(s)
07/08/26 02:25:11 Event: ULOG_JOB_TERMINATED for HTCondor Node COLLECT (170534.14.0) {07/08/26 02:25:09}
07/08/26 02:25:11 Number of idle job procs: 5
07/08/26 02:25:11 Node COLLECT job proc (170534.14.0) completed successfully.
07/08/26 02:25:21 Currently monitoring 1 HTCondor log file(s)
07/08/26 02:25:21 Event: ULOG_JOB_TERMINATED for HTCondor Node COLLECT (170534.16.0) {07/08/26 02:25:18}
07/08/26 02:25:21 Number of idle job procs: 5
07/08/26 02:25:21 Node COLLECT job proc (170534.16.0) completed successfully.
07/08/26 02:25:36 Currently monitoring 1 HTCondor log file(s)
07/08/26 02:25:36 Event: ULOG_EXECUTE for HTCondor Node COLLECT (170534.36.0) {07/08/26 02:25:34}
07/08/26 02:25:36 Number of idle job procs: 4
07/08/26 02:25:36 Event: ULOG_EXECUTE for HTCondor Node COLLECT (170534.35.0) {07/08/26 02:25:34}
07/08/26 02:25:36 Number of idle job procs: 3
07/08/26 02:25:36 Event: ULOG_JOB_TERMINATED for HTCondor Node COLLECT (170534.17.0) {07/08/26 02:25:35}
07/08/26 02:25:36 Number of idle job procs: 3
07/08/26 02:25:36 Node COLLECT job proc (170534.17.0) completed successfully.
07/08/26 02:25:46 Currently monitoring 1 HTCondor log file(s)
07/08/26 02:25:46 Event: ULOG_JOB_TERMINATED for HTCondor Node COLLECT (170534.7.0) {07/08/26 02:25:42}
07/08/26 02:25:46 Number of idle job procs: 3
07/08/26 02:25:46 Node COLLECT job proc (170534.7.0) completed successfully.
07/08/26 02:26:01 Currently monitoring 1 HTCondor log file(s)
07/08/26 02:26:01 Event: ULOG_JOB_TERMINATED for HTCondor Node COLLECT (170534.15.0) {07/08/26 02:25:57}
07/08/26 02:26:01 Number of idle job procs: 3
07/08/26 02:26:01 Node COLLECT job proc (170534.15.0) completed successfully.
07/08/26 02:26:06 Currently monitoring 1 HTCondor log file(s)
07/08/26 02:26:06 Event: ULOG_JOB_TERMINATED for HTCondor Node COLLECT (170534.13.0) {07/08/26 02:26:05}
07/08/26 02:26:06 Number of idle job procs: 3
07/08/26 02:26:06 Node COLLECT job proc (170534.13.0) completed successfully.
07/08/26 02:26:31 Currently monitoring 1 HTCondor log file(s)
07/08/26 02:26:31 Event: ULOG_JOB_TERMINATED for HTCondor Node COLLECT (170534.8.0) {07/08/26 02:26:30}
07/08/26 02:26:31 Number of idle job procs: 3
07/08/26 02:26:31 Node COLLECT job proc (170534.8.0) completed successfully.
07/08/26 02:26:36 Currently monitoring 1 HTCondor log file(s)
07/08/26 02:26:36 Event: ULOG_JOB_TERMINATED for HTCondor Node COLLECT (170534.11.0) {07/08/26 02:26:33}
07/08/26 02:26:36 Number of idle job procs: 3
07/08/26 02:26:36 Node COLLECT job proc (170534.11.0) completed successfully.
07/08/26 02:26:36 Event: ULOG_EXECUTE for HTCondor Node COLLECT (170534.39.0) {07/08/26 02:26:34}
07/08/26 02:26:36 Number of idle job procs: 2
07/08/26 02:26:36 Event: ULOG_EXECUTE for HTCondor Node COLLECT (170534.37.0) {07/08/26 02:26:34}
07/08/26 02:26:36 Number of idle job procs: 1
07/08/26 02:26:36 Event: ULOG_EXECUTE for HTCondor Node COLLECT (170534.38.0) {07/08/26 02:26:34}
07/08/26 02:26:36 Number of idle job procs: 0
07/08/26 02:26:41 Currently monitoring 1 HTCondor log file(s)
07/08/26 02:26:41 Event: ULOG_JOB_TERMINATED for HTCondor Node COLLECT (170534.12.0) {07/08/26 02:26:38}
07/08/26 02:26:41 Number of idle job procs: 0
07/08/26 02:26:41 Node COLLECT job proc (170534.12.0) completed successfully.
07/08/26 02:26:56 Currently monitoring 1 HTCondor log file(s)
07/08/26 02:26:56 Event: ULOG_JOB_TERMINATED for HTCondor Node COLLECT (170534.10.0) {07/08/26 02:26:52}
07/08/26 02:26:56 Number of idle job procs: 0
07/08/26 02:26:56 Node COLLECT job proc (170534.10.0) completed successfully.
07/08/26 02:28:11 Currently monitoring 1 HTCondor log file(s)
07/08/26 02:28:11 Event: ULOG_JOB_TERMINATED for HTCondor Node COLLECT (170534.18.0) {07/08/26 02:28:06}
07/08/26 02:28:11 Number of idle job procs: 0
07/08/26 02:28:11 Node COLLECT job proc (170534.18.0) completed successfully.
07/08/26 02:28:21 Currently monitoring 1 HTCondor log file(s)
07/08/26 02:28:21 Event: ULOG_JOB_TERMINATED for HTCondor Node COLLECT (170534.20.0) {07/08/26 02:28:18}
07/08/26 02:28:21 Number of idle job procs: 0
07/08/26 02:28:21 Node COLLECT job proc (170534.20.0) completed successfully.
07/08/26 02:29:36 Currently monitoring 1 HTCondor log file(s)
07/08/26 02:29:36 Event: ULOG_JOB_TERMINATED for HTCondor Node COLLECT (170534.21.0) {07/08/26 02:29:32}
07/08/26 02:29:36 Number of idle job procs: 0
07/08/26 02:29:36 Node COLLECT job proc (170534.21.0) completed successfully.
07/08/26 02:29:46 Currently monitoring 1 HTCondor log file(s)
07/08/26 02:29:46 Event: ULOG_JOB_TERMINATED for HTCondor Node COLLECT (170534.19.0) {07/08/26 02:29:42}
07/08/26 02:29:46 Number of idle job procs: 0
07/08/26 02:29:46 Node COLLECT job proc (170534.19.0) completed successfully.
07/08/26 02:30:11 Currently monitoring 1 HTCondor log file(s)
07/08/26 02:30:11 Event: ULOG_JOB_TERMINATED for HTCondor Node COLLECT (170534.22.0) {07/08/26 02:30:06}
07/08/26 02:30:11 Number of idle job procs: 0
07/08/26 02:30:11 Node COLLECT job proc (170534.22.0) completed successfully.
07/08/26 02:30:11 Total jobs placed to AP: 40
07/08/26 02:30:11      Idle     Held     Running     Successful     Failed
07/08/26 02:30:11       ===      ===         ===            ===        ===
07/08/26 02:30:11         0        0          17             23          0
07/08/26 02:30:46 Currently monitoring 1 HTCondor log file(s)
07/08/26 02:30:46 Event: ULOG_JOB_TERMINATED for HTCondor Node COLLECT (170534.25.0) {07/08/26 02:30:44}
07/08/26 02:30:46 Number of idle job procs: 0
07/08/26 02:30:46 Node COLLECT job proc (170534.25.0) completed successfully.
07/08/26 02:30:51 Currently monitoring 1 HTCondor log file(s)
07/08/26 02:30:51 Event: ULOG_JOB_TERMINATED for HTCondor Node COLLECT (170534.26.0) {07/08/26 02:30:49}
07/08/26 02:30:51 Number of idle job procs: 0
07/08/26 02:30:51 Node COLLECT job proc (170534.26.0) completed successfully.
07/08/26 02:31:21 Currently monitoring 1 HTCondor log file(s)
07/08/26 02:31:21 Event: ULOG_JOB_TERMINATED for HTCondor Node COLLECT (170534.24.0) {07/08/26 02:31:17}
07/08/26 02:31:21 Number of idle job procs: 0
07/08/26 02:31:21 Node COLLECT job proc (170534.24.0) completed successfully.
07/08/26 02:31:21 Event: ULOG_JOB_TERMINATED for HTCondor Node COLLECT (170534.23.0) {07/08/26 02:31:21}
07/08/26 02:31:21 Number of idle job procs: 0
07/08/26 02:31:21 Node COLLECT job proc (170534.23.0) completed successfully.
07/08/26 02:41:21 600 seconds since last log event
07/08/26 02:41:21 Pending DAG nodes:
07/08/26 02:41:21   Node COLLECT, HTCondor ID 170534, status STATUS_SUBMITTED
07/08/26 02:42:46 Currently monitoring 1 HTCondor log file(s)
07/08/26 02:42:46 Event: ULOG_JOB_TERMINATED for HTCondor Node COLLECT (170534.27.0) {07/08/26 02:42:46}
07/08/26 02:42:46 Number of idle job procs: 0
07/08/26 02:42:46 Node COLLECT job proc (170534.27.0) completed successfully.
07/08/26 02:44:07 Currently monitoring 1 HTCondor log file(s)
07/08/26 02:44:07 Event: ULOG_JOB_TERMINATED for HTCondor Node COLLECT (170534.28.0) {07/08/26 02:44:05}
07/08/26 02:44:07 Number of idle job procs: 0
07/08/26 02:44:07 Node COLLECT job proc (170534.28.0) completed successfully.
07/08/26 02:45:12 Total jobs placed to AP: 40
07/08/26 02:45:12      Idle     Held     Running     Successful     Failed
07/08/26 02:45:12       ===      ===         ===            ===        ===
07/08/26 02:45:12         0        0          11             29          0
07/08/26 02:45:17 Currently monitoring 1 HTCondor log file(s)
07/08/26 02:45:17 Event: ULOG_JOB_TERMINATED for HTCondor Node COLLECT (170534.30.0) {07/08/26 02:45:13}
07/08/26 02:45:17 Number of idle job procs: 0
07/08/26 02:45:17 Node COLLECT job proc (170534.30.0) completed successfully.
07/08/26 02:47:27 Currently monitoring 1 HTCondor log file(s)
07/08/26 02:47:27 Event: ULOG_JOB_TERMINATED for HTCondor Node COLLECT (170534.32.0) {07/08/26 02:47:23}
07/08/26 02:47:27 Number of idle job procs: 0
07/08/26 02:47:27 Node COLLECT job proc (170534.32.0) completed successfully.
07/08/26 02:47:57 Currently monitoring 1 HTCondor log file(s)
07/08/26 02:47:57 Event: ULOG_JOB_TERMINATED for HTCondor Node COLLECT (170534.31.0) {07/08/26 02:47:53}
07/08/26 02:47:57 Number of idle job procs: 0
07/08/26 02:47:57 Node COLLECT job proc (170534.31.0) completed successfully.
07/08/26 02:48:12 Currently monitoring 1 HTCondor log file(s)
07/08/26 02:48:12 Event: ULOG_JOB_TERMINATED for HTCondor Node COLLECT (170534.29.0) {07/08/26 02:48:10}
07/08/26 02:48:12 Number of idle job procs: 0
07/08/26 02:48:12 Node COLLECT job proc (170534.29.0) completed successfully.
07/08/26 02:48:32 Currently monitoring 1 HTCondor log file(s)
07/08/26 02:48:32 Event: ULOG_JOB_TERMINATED for HTCondor Node COLLECT (170534.36.0) {07/08/26 02:48:31}
07/08/26 02:48:32 Number of idle job procs: 0
07/08/26 02:48:32 Node COLLECT job proc (170534.36.0) completed successfully.
07/08/26 02:48:37 Currently monitoring 1 HTCondor log file(s)
07/08/26 02:48:37 Event: ULOG_JOB_TERMINATED for HTCondor Node COLLECT (170534.33.0) {07/08/26 02:48:37}
07/08/26 02:48:37 Number of idle job procs: 0
07/08/26 02:48:37 Node COLLECT job proc (170534.33.0) completed successfully.
07/08/26 02:49:32 Currently monitoring 1 HTCondor log file(s)
07/08/26 02:49:32 Event: ULOG_JOB_TERMINATED for HTCondor Node COLLECT (170534.34.0) {07/08/26 02:49:28}
07/08/26 02:49:32 Number of idle job procs: 0
07/08/26 02:49:32 Node COLLECT job proc (170534.34.0) completed successfully.
07/08/26 02:49:52 Currently monitoring 1 HTCondor log file(s)
07/08/26 02:49:52 Event: ULOG_JOB_TERMINATED for HTCondor Node COLLECT (170534.39.0) {07/08/26 02:49:50}
07/08/26 02:49:52 Number of idle job procs: 0
07/08/26 02:49:52 Node COLLECT job proc (170534.39.0) completed successfully.
07/08/26 02:49:57 Currently monitoring 1 HTCondor log file(s)
07/08/26 02:49:57 Event: ULOG_JOB_TERMINATED for HTCondor Node COLLECT (170534.38.0) {07/08/26 02:49:57}
07/08/26 02:49:57 Number of idle job procs: 0
07/08/26 02:49:57 Node COLLECT job proc (170534.38.0) completed successfully.
07/08/26 02:50:47 Currently monitoring 1 HTCondor log file(s)
07/08/26 02:50:47 Event: ULOG_JOB_TERMINATED for HTCondor Node COLLECT (170534.35.0) {07/08/26 02:50:44}
07/08/26 02:50:47 Number of idle job procs: 0
07/08/26 02:50:47 Node COLLECT job proc (170534.35.0) completed successfully.
07/08/26 02:51:02 Currently monitoring 1 HTCondor log file(s)
07/08/26 02:51:02 Event: ULOG_JOB_TERMINATED for HTCondor Node COLLECT (170534.37.0) {07/08/26 02:50:59}
07/08/26 02:51:02 Number of idle job procs: 0
07/08/26 02:51:02 Node COLLECT job proc (170534.37.0) completed successfully.
07/08/26 02:51:02 Node COLLECT job(s) have exited the queue
07/08/26 02:51:02 DAG status: 0 (DAG_STATUS_OK)
07/08/26 02:51:02 Of 5 nodes total:
07/08/26 02:51:02  Done     Pre   Queued    Post   Ready   Un-Ready   Failed   Futile
07/08/26 02:51:02   ===     ===      ===     ===     ===        ===      ===      ===
07/08/26 02:51:02     1       0        0       0       1          3        0        0
07/08/26 02:51:02 0 job proc(s) currently held
07/08/26 02:51:02 DAGMan Runtime Statistics: [EventCycleTimeAvg=0.000; EventCycleTimeMax=0.110; EventCycleTimeMin=0.000; EventCycleTimeStd=0.003; EventCycleTimeSum=0.901; SleepCycleTimeAvg=5.004; SleepCycleTimeMax=5.029; SleepCycleTimeMin=4.004; SleepCycleTimeStd=0.021; SleepCycleTimeSum=11157.861; SubmitCycleTimeAvg=0.000; SubmitCycleTimeMax=0.103; SubmitCycleTimeMin=0.000; SubmitCycleTimeStd=0.002; SubmitCycleTimeSum=0.104; EventCycleTimeCount=2230.000; SleepCycleTimeCount=2230.000; SubmitCycleTimeCount=2231.000; LogProcessCycleTimeAvg=0.004; LogProcessCycleTimeMax=0.065; LogProcessCycleTimeMin=0.002; LogProcessCycleTimeStd=0.008; LogProcessCycleTimeSum=0.256; LogProcessCycleTimeCount=61.000; ]
07/08/26 02:51:07 Submitting HTCondor Node MERGE_COLLECTION job(s)...
07/08/26 02:51:07 Submitting node MERGE_COLLECTION from file one_way_line_det_one_way_line_20_10_action_shield_merge_collection.sub using direct job submission
07/08/26 02:51:07 	assigned HTCondor ID (170545.0.0)
07/08/26 02:51:07 Just submitted 1 job this cycle...
07/08/26 02:51:07 DAG status: 0 (DAG_STATUS_OK)
07/08/26 02:51:07 Of 5 nodes total:
07/08/26 02:51:07  Done     Pre   Queued    Post   Ready   Un-Ready   Failed   Futile
07/08/26 02:51:07   ===     ===      ===     ===     ===        ===      ===      ===
07/08/26 02:51:07     1       0        1       0       0          3        0        0
07/08/26 02:51:07 0 job proc(s) currently held
07/08/26 02:51:07 DAGMan Runtime Statistics: [EventCycleTimeAvg=0.000; EventCycleTimeMax=0.110; EventCycleTimeMin=0.000; EventCycleTimeStd=0.003; EventCycleTimeSum=0.907; SleepCycleTimeAvg=5.004; SleepCycleTimeMax=5.029; SleepCycleTimeMin=4.004; SleepCycleTimeStd=0.021; SleepCycleTimeSum=11162.866; SubmitCycleTimeAvg=0.000; SubmitCycleTimeMax=0.103; SubmitCycleTimeMin=0.000; SubmitCycleTimeStd=0.002; SubmitCycleTimeSum=0.128; EventCycleTimeCount=2231.000; SleepCycleTimeCount=2231.000; SubmitCycleTimeCount=2232.000; LogProcessCycleTimeAvg=0.004; LogProcessCycleTimeMax=0.065; LogProcessCycleTimeMin=0.002; LogProcessCycleTimeStd=0.008; LogProcessCycleTimeSum=0.256; LogProcessCycleTimeCount=61.000; ]
07/08/26 02:51:12 Currently monitoring 1 HTCondor log file(s)
07/08/26 02:51:12 Reassigning the id of job MERGE_COLLECTION from (170545.0.0) to (170545.0.0)
07/08/26 02:51:12 Event: ULOG_SUBMIT for HTCondor Node MERGE_COLLECTION (170545.0.0) {07/08/26 02:51:07}
07/08/26 02:51:12 Number of idle job procs: 1
07/08/26 03:00:12 Total jobs placed to AP: 41
07/08/26 03:00:12      Idle     Held     Running     Successful     Failed
07/08/26 03:00:12       ===      ===         ===            ===        ===
07/08/26 03:00:12         1        0           0             40          0
07/08/26 03:01:12 600 seconds since last log event
07/08/26 03:01:12 Pending DAG nodes:
07/08/26 03:01:12   Node MERGE_COLLECTION, HTCondor ID 170545, status STATUS_SUBMITTED
07/08/26 03:11:13 1201 seconds since last log event
07/08/26 03:11:13 Pending DAG nodes:
07/08/26 03:11:13   Node MERGE_COLLECTION, HTCondor ID 170545, status STATUS_SUBMITTED
07/08/26 03:15:13 Total jobs placed to AP: 41
07/08/26 03:15:13      Idle     Held     Running     Successful     Failed
07/08/26 03:15:13       ===      ===         ===            ===        ===
07/08/26 03:15:13         1        0           0             40          0
07/08/26 03:21:13 1801 seconds since last log event
07/08/26 03:21:13 Pending DAG nodes:
07/08/26 03:21:13   Node MERGE_COLLECTION, HTCondor ID 170545, status STATUS_SUBMITTED
07/08/26 03:30:13 Total jobs placed to AP: 41
07/08/26 03:30:13      Idle     Held     Running     Successful     Failed
07/08/26 03:30:13       ===      ===         ===            ===        ===
07/08/26 03:30:13         1        0           0             40          0
07/08/26 03:31:13 2401 seconds since last log event
07/08/26 03:31:13 Pending DAG nodes:
07/08/26 03:31:13   Node MERGE_COLLECTION, HTCondor ID 170545, status STATUS_SUBMITTED
07/08/26 03:41:13 3001 seconds since last log event
07/08/26 03:41:13 Pending DAG nodes:
07/08/26 03:41:13   Node MERGE_COLLECTION, HTCondor ID 170545, status STATUS_SUBMITTED
07/08/26 03:45:14 Total jobs placed to AP: 41
07/08/26 03:45:14      Idle     Held     Running     Successful     Failed
07/08/26 03:45:14       ===      ===         ===            ===        ===
07/08/26 03:45:14         1        0           0             40          0
07/08/26 03:51:14 3602 seconds since last log event
07/08/26 03:51:14 Pending DAG nodes:
07/08/26 03:51:14   Node MERGE_COLLECTION, HTCondor ID 170545, status STATUS_SUBMITTED
07/08/26 04:00:14 Total jobs placed to AP: 41
07/08/26 04:00:14      Idle     Held     Running     Successful     Failed
07/08/26 04:00:14       ===      ===         ===            ===        ===
07/08/26 04:00:14         1        0           0             40          0
07/08/26 04:01:14 4202 seconds since last log event
07/08/26 04:01:14 Pending DAG nodes:
07/08/26 04:01:14   Node MERGE_COLLECTION, HTCondor ID 170545, status STATUS_SUBMITTED
07/08/26 04:11:14 4802 seconds since last log event
07/08/26 04:11:14 Pending DAG nodes:
07/08/26 04:11:14   Node MERGE_COLLECTION, HTCondor ID 170545, status STATUS_SUBMITTED
07/08/26 04:12:14 Currently monitoring 1 HTCondor log file(s)
07/08/26 04:12:14 Event: ULOG_EXECUTE for HTCondor Node MERGE_COLLECTION (170545.0.0) {07/08/26 04:12:13}
07/08/26 04:12:14 Number of idle job procs: 0
07/08/26 04:13:24 Currently monitoring 1 HTCondor log file(s)
07/08/26 04:13:24 Event: ULOG_JOB_TERMINATED for HTCondor Node MERGE_COLLECTION (170545.0.0) {07/08/26 04:13:20}
07/08/26 04:13:24 Number of idle job procs: 0
07/08/26 04:13:24 Node MERGE_COLLECTION job proc (170545.0.0) completed successfully.
07/08/26 04:13:24 Node MERGE_COLLECTION job(s) have exited the queue
07/08/26 04:13:24 DAG status: 0 (DAG_STATUS_OK)
07/08/26 04:13:24 Of 5 nodes total:
07/08/26 04:13:24  Done     Pre   Queued    Post   Ready   Un-Ready   Failed   Futile
07/08/26 04:13:24   ===     ===      ===     ===     ===        ===      ===      ===
07/08/26 04:13:24     2       0        0       0       1          2        0        0
07/08/26 04:13:24 0 job proc(s) currently held
07/08/26 04:13:24 DAGMan Runtime Statistics: [EventCycleTimeAvg=0.000; EventCycleTimeMax=0.110; EventCycleTimeMin=0.000; EventCycleTimeStd=0.003; EventCycleTimeSum=1.200; SleepCycleTimeAvg=5.003; SleepCycleTimeMax=5.041; SleepCycleTimeMin=4.002; SleepCycleTimeStd=0.031; SleepCycleTimeSum=16099.861; SubmitCycleTimeAvg=0.000; SubmitCycleTimeMax=0.103; SubmitCycleTimeMin=0.000; SubmitCycleTimeStd=0.002; SubmitCycleTimeSum=0.128; EventCycleTimeCount=3218.000; SleepCycleTimeCount=3218.000; SubmitCycleTimeCount=3219.000; LogProcessCycleTimeAvg=0.004; LogProcessCycleTimeMax=0.065; LogProcessCycleTimeMin=0.002; LogProcessCycleTimeStd=0.008; LogProcessCycleTimeSum=0.265; LogProcessCycleTimeCount=64.000; ]
07/08/26 04:13:29 Submitting HTCondor Node TRAIN job(s)...
07/08/26 04:13:29 Submitting node TRAIN from file one_way_line_det_one_way_line_20_10_action_shield_train.sub using direct job submission
07/08/26 04:13:29 	assigned HTCondor ID (170547.0.0)
07/08/26 04:13:29 Just submitted 1 job this cycle...
07/08/26 04:13:29 DAG status: 0 (DAG_STATUS_OK)
07/08/26 04:13:29 Of 5 nodes total:
07/08/26 04:13:29  Done     Pre   Queued    Post   Ready   Un-Ready   Failed   Futile
07/08/26 04:13:29   ===     ===      ===     ===     ===        ===      ===      ===
07/08/26 04:13:29     2       0        1       0       0          2        0        0
07/08/26 04:13:29 0 job proc(s) currently held
07/08/26 04:13:29 DAGMan Runtime Statistics: [EventCycleTimeAvg=0.000; EventCycleTimeMax=0.110; EventCycleTimeMin=0.000; EventCycleTimeStd=0.003; EventCycleTimeSum=1.208; SleepCycleTimeAvg=5.003; SleepCycleTimeMax=5.041; SleepCycleTimeMin=4.002; SleepCycleTimeStd=0.031; SleepCycleTimeSum=16104.866; SubmitCycleTimeAvg=0.000; SubmitCycleTimeMax=0.103; SubmitCycleTimeMin=0.000; SubmitCycleTimeStd=0.002; SubmitCycleTimeSum=0.155; EventCycleTimeCount=3219.000; SleepCycleTimeCount=3219.000; SubmitCycleTimeCount=3220.000; LogProcessCycleTimeAvg=0.004; LogProcessCycleTimeMax=0.065; LogProcessCycleTimeMin=0.002; LogProcessCycleTimeStd=0.008; LogProcessCycleTimeSum=0.265; LogProcessCycleTimeCount=64.000; ]
07/08/26 04:13:34 Currently monitoring 1 HTCondor log file(s)
07/08/26 04:13:34 Reassigning the id of job TRAIN from (170547.0.0) to (170547.0.0)
07/08/26 04:13:34 Event: ULOG_SUBMIT for HTCondor Node TRAIN (170547.0.0) {07/08/26 04:13:29}
07/08/26 04:13:34 Number of idle job procs: 1
07/08/26 04:13:34 Event: ULOG_EXECUTE for HTCondor Node TRAIN (170547.0.0) {07/08/26 04:13:31}
07/08/26 04:13:34 Number of idle job procs: 0
07/08/26 04:15:14 Total jobs placed to AP: 42
07/08/26 04:15:14      Idle     Held     Running     Successful     Failed
07/08/26 04:15:14       ===      ===         ===            ===        ===
07/08/26 04:15:14         0        0           1             41          0
07/08/26 04:23:25 Currently monitoring 1 HTCondor log file(s)
07/08/26 04:23:25 Event: ULOG_JOB_TERMINATED for HTCondor Node TRAIN (170547.0.0) {07/08/26 04:23:22}
07/08/26 04:23:25 Number of idle job procs: 0
07/08/26 04:23:25 Node TRAIN job proc (170547.0.0) completed successfully.
07/08/26 04:23:25 Node TRAIN job(s) have exited the queue
07/08/26 04:23:25 DAG status: 0 (DAG_STATUS_OK)
07/08/26 04:23:25 Of 5 nodes total:
07/08/26 04:23:25  Done     Pre   Queued    Post   Ready   Un-Ready   Failed   Futile
07/08/26 04:23:25   ===     ===      ===     ===     ===        ===      ===      ===
07/08/26 04:23:25     3       0        0       0       1          1        0        0
07/08/26 04:23:25 0 job proc(s) currently held
07/08/26 04:23:25 DAGMan Runtime Statistics: [EventCycleTimeAvg=0.000; EventCycleTimeMax=0.110; EventCycleTimeMin=0.000; EventCycleTimeStd=0.003; EventCycleTimeSum=1.267; SleepCycleTimeAvg=5.003; SleepCycleTimeMax=5.041; SleepCycleTimeMin=4.002; SleepCycleTimeStd=0.030; SleepCycleTimeSum=16700.338; SubmitCycleTimeAvg=0.000; SubmitCycleTimeMax=0.103; SubmitCycleTimeMin=0.000; SubmitCycleTimeStd=0.002; SubmitCycleTimeSum=0.155; EventCycleTimeCount=3338.000; SleepCycleTimeCount=3338.000; SubmitCycleTimeCount=3339.000; LogProcessCycleTimeAvg=0.004; LogProcessCycleTimeMax=0.065; LogProcessCycleTimeMin=0.002; LogProcessCycleTimeStd=0.008; LogProcessCycleTimeSum=0.275; LogProcessCycleTimeCount=66.000; ]
07/08/26 04:23:30 Submitting HTCondor Node EVALUATE job(s)...
07/08/26 04:23:30 Submitting node EVALUATE from file one_way_line_det_one_way_line_20_10_action_shield_evaluate.sub using direct job submission
07/08/26 04:23:30 	assigned HTCondor ID (170549.0.0)
07/08/26 04:23:30 Just submitted 1 job this cycle...
07/08/26 04:23:30 DAG status: 0 (DAG_STATUS_OK)
07/08/26 04:23:30 Of 5 nodes total:
07/08/26 04:23:30  Done     Pre   Queued    Post   Ready   Un-Ready   Failed   Futile
07/08/26 04:23:30   ===     ===      ===     ===     ===        ===      ===      ===
07/08/26 04:23:30     3       0        1       0       0          1        0        0
07/08/26 04:23:30 0 job proc(s) currently held
07/08/26 04:23:30 DAGMan Runtime Statistics: [EventCycleTimeAvg=0.000; EventCycleTimeMax=0.110; EventCycleTimeMin=0.000; EventCycleTimeStd=0.003; EventCycleTimeSum=1.277; SleepCycleTimeAvg=5.003; SleepCycleTimeMax=5.041; SleepCycleTimeMin=4.002; SleepCycleTimeStd=0.030; SleepCycleTimeSum=16705.340; SubmitCycleTimeAvg=0.000; SubmitCycleTimeMax=0.120; SubmitCycleTimeMin=0.000; SubmitCycleTimeStd=0.003; SubmitCycleTimeSum=0.274; EventCycleTimeCount=3339.000; SleepCycleTimeCount=3339.000; SubmitCycleTimeCount=3340.000; LogProcessCycleTimeAvg=0.004; LogProcessCycleTimeMax=0.065; LogProcessCycleTimeMin=0.002; LogProcessCycleTimeStd=0.008; LogProcessCycleTimeSum=0.275; LogProcessCycleTimeCount=66.000; ]
07/08/26 04:23:35 Currently monitoring 1 HTCondor log file(s)
07/08/26 04:23:35 Reassigning the id of job EVALUATE from (170549.0.0) to (170549.0.0)
07/08/26 04:23:35 Event: ULOG_SUBMIT for HTCondor Node EVALUATE (170549.0.0) {07/08/26 04:23:30}
07/08/26 04:23:35 Number of idle job procs: 1
07/08/26 04:23:35 Reassigning the id of job EVALUATE from (170549.0.0) to (170549.1.0)
07/08/26 04:23:35 Event: ULOG_SUBMIT for HTCondor Node EVALUATE (170549.1.0) {07/08/26 04:23:30}
07/08/26 04:23:35 Number of idle job procs: 2
07/08/26 04:23:35 Reassigning the id of job EVALUATE from (170549.1.0) to (170549.10.0)
07/08/26 04:23:35 Event: ULOG_SUBMIT for HTCondor Node EVALUATE (170549.10.0) {07/08/26 04:23:30}
07/08/26 04:23:35 Number of idle job procs: 3
07/08/26 04:23:35 Reassigning the id of job EVALUATE from (170549.10.0) to (170549.11.0)
07/08/26 04:23:35 Event: ULOG_SUBMIT for HTCondor Node EVALUATE (170549.11.0) {07/08/26 04:23:30}
07/08/26 04:23:35 Number of idle job procs: 4
07/08/26 04:23:35 Reassigning the id of job EVALUATE from (170549.11.0) to (170549.12.0)
07/08/26 04:23:35 Event: ULOG_SUBMIT for HTCondor Node EVALUATE (170549.12.0) {07/08/26 04:23:30}
07/08/26 04:23:35 Number of idle job procs: 5
07/08/26 04:23:35 Reassigning the id of job EVALUATE from (170549.12.0) to (170549.13.0)
07/08/26 04:23:35 Event: ULOG_SUBMIT for HTCondor Node EVALUATE (170549.13.0) {07/08/26 04:23:30}
07/08/26 04:23:35 Number of idle job procs: 6
07/08/26 04:23:35 Reassigning the id of job EVALUATE from (170549.13.0) to (170549.14.0)
07/08/26 04:23:35 Event: ULOG_SUBMIT for HTCondor Node EVALUATE (170549.14.0) {07/08/26 04:23:30}
07/08/26 04:23:35 Number of idle job procs: 7
07/08/26 04:23:35 Reassigning the id of job EVALUATE from (170549.14.0) to (170549.15.0)
07/08/26 04:23:35 Event: ULOG_SUBMIT for HTCondor Node EVALUATE (170549.15.0) {07/08/26 04:23:30}
07/08/26 04:23:35 Number of idle job procs: 8
07/08/26 04:23:35 Reassigning the id of job EVALUATE from (170549.15.0) to (170549.16.0)
07/08/26 04:23:35 Event: ULOG_SUBMIT for HTCondor Node EVALUATE (170549.16.0) {07/08/26 04:23:30}
07/08/26 04:23:35 Number of idle job procs: 9
07/08/26 04:23:35 Reassigning the id of job EVALUATE from (170549.16.0) to (170549.17.0)
07/08/26 04:23:35 Event: ULOG_SUBMIT for HTCondor Node EVALUATE (170549.17.0) {07/08/26 04:23:30}
07/08/26 04:23:35 Number of idle job procs: 10
07/08/26 04:23:35 Reassigning the id of job EVALUATE from (170549.17.0) to (170549.18.0)
07/08/26 04:23:35 Event: ULOG_SUBMIT for HTCondor Node EVALUATE (170549.18.0) {07/08/26 04:23:30}
07/08/26 04:23:35 Number of idle job procs: 11
07/08/26 04:23:35 Reassigning the id of job EVALUATE from (170549.18.0) to (170549.19.0)
07/08/26 04:23:35 Event: ULOG_SUBMIT for HTCondor Node EVALUATE (170549.19.0) {07/08/26 04:23:30}
07/08/26 04:23:35 Number of idle job procs: 12
07/08/26 04:23:35 Reassigning the id of job EVALUATE from (170549.19.0) to (170549.2.0)
07/08/26 04:23:35 Event: ULOG_SUBMIT for HTCondor Node EVALUATE (170549.2.0) {07/08/26 04:23:30}
07/08/26 04:23:35 Number of idle job procs: 13
07/08/26 04:23:35 Reassigning the id of job EVALUATE from (170549.2.0) to (170549.20.0)
07/08/26 04:23:35 Event: ULOG_SUBMIT for HTCondor Node EVALUATE (170549.20.0) {07/08/26 04:23:30}
07/08/26 04:23:35 Number of idle job procs: 14
07/08/26 04:23:35 Reassigning the id of job EVALUATE from (170549.20.0) to (170549.21.0)
07/08/26 04:23:35 Event: ULOG_SUBMIT for HTCondor Node EVALUATE (170549.21.0) {07/08/26 04:23:30}
07/08/26 04:23:35 Number of idle job procs: 15
07/08/26 04:23:35 Reassigning the id of job EVALUATE from (170549.21.0) to (170549.22.0)
07/08/26 04:23:35 Event: ULOG_SUBMIT for HTCondor Node EVALUATE (170549.22.0) {07/08/26 04:23:30}
07/08/26 04:23:35 Number of idle job procs: 16
07/08/26 04:23:35 Reassigning the id of job EVALUATE from (170549.22.0) to (170549.23.0)
07/08/26 04:23:35 Event: ULOG_SUBMIT for HTCondor Node EVALUATE (170549.23.0) {07/08/26 04:23:30}
07/08/26 04:23:35 Number of idle job procs: 17
07/08/26 04:23:35 Reassigning the id of job EVALUATE from (170549.23.0) to (170549.24.0)
07/08/26 04:23:35 Event: ULOG_SUBMIT for HTCondor Node EVALUATE (170549.24.0) {07/08/26 04:23:30}
07/08/26 04:23:35 Number of idle job procs: 18
07/08/26 04:23:35 Reassigning the id of job EVALUATE from (170549.24.0) to (170549.25.0)
07/08/26 04:23:35 Event: ULOG_SUBMIT for HTCondor Node EVALUATE (170549.25.0) {07/08/26 04:23:30}
07/08/26 04:23:35 Number of idle job procs: 19
07/08/26 04:23:35 Reassigning the id of job EVALUATE from (170549.25.0) to (170549.26.0)
07/08/26 04:23:35 Event: ULOG_SUBMIT for HTCondor Node EVALUATE (170549.26.0) {07/08/26 04:23:30}
07/08/26 04:23:35 Number of idle job procs: 20
07/08/26 04:23:35 Reassigning the id of job EVALUATE from (170549.26.0) to (170549.27.0)
07/08/26 04:23:35 Event: ULOG_SUBMIT for HTCondor Node EVALUATE (170549.27.0) {07/08/26 04:23:30}
07/08/26 04:23:35 Number of idle job procs: 21
07/08/26 04:23:35 Reassigning the id of job EVALUATE from (170549.27.0) to (170549.28.0)
07/08/26 04:23:35 Event: ULOG_SUBMIT for HTCondor Node EVALUATE (170549.28.0) {07/08/26 04:23:30}
07/08/26 04:23:35 Number of idle job procs: 22
07/08/26 04:23:35 Reassigning the id of job EVALUATE from (170549.28.0) to (170549.29.0)
07/08/26 04:23:35 Event: ULOG_SUBMIT for HTCondor Node EVALUATE (170549.29.0) {07/08/26 04:23:30}
07/08/26 04:23:35 Number of idle job procs: 23
07/08/26 04:23:35 Reassigning the id of job EVALUATE from (170549.29.0) to (170549.3.0)
07/08/26 04:23:35 Event: ULOG_SUBMIT for HTCondor Node EVALUATE (170549.3.0) {07/08/26 04:23:30}
07/08/26 04:23:35 Number of idle job procs: 24
07/08/26 04:23:35 Reassigning the id of job EVALUATE from (170549.3.0) to (170549.30.0)
07/08/26 04:23:35 Event: ULOG_SUBMIT for HTCondor Node EVALUATE (170549.30.0) {07/08/26 04:23:30}
07/08/26 04:23:35 Number of idle job procs: 25
07/08/26 04:23:35 Reassigning the id of job EVALUATE from (170549.30.0) to (170549.31.0)
07/08/26 04:23:35 Event: ULOG_SUBMIT for HTCondor Node EVALUATE (170549.31.0) {07/08/26 04:23:30}
07/08/26 04:23:35 Number of idle job procs: 26
07/08/26 04:23:35 Reassigning the id of job EVALUATE from (170549.31.0) to (170549.32.0)
07/08/26 04:23:35 Event: ULOG_SUBMIT for HTCondor Node EVALUATE (170549.32.0) {07/08/26 04:23:30}
07/08/26 04:23:35 Number of idle job procs: 27
07/08/26 04:23:35 Reassigning the id of job EVALUATE from (170549.32.0) to (170549.33.0)
07/08/26 04:23:35 Event: ULOG_SUBMIT for HTCondor Node EVALUATE (170549.33.0) {07/08/26 04:23:30}
07/08/26 04:23:35 Number of idle job procs: 28
07/08/26 04:23:35 Reassigning the id of job EVALUATE from (170549.33.0) to (170549.34.0)
07/08/26 04:23:35 Event: ULOG_SUBMIT for HTCondor Node EVALUATE (170549.34.0) {07/08/26 04:23:30}
07/08/26 04:23:35 Number of idle job procs: 29
07/08/26 04:23:35 Reassigning the id of job EVALUATE from (170549.34.0) to (170549.35.0)
07/08/26 04:23:35 Event: ULOG_SUBMIT for HTCondor Node EVALUATE (170549.35.0) {07/08/26 04:23:30}
07/08/26 04:23:35 Number of idle job procs: 30
07/08/26 04:23:35 Reassigning the id of job EVALUATE from (170549.35.0) to (170549.36.0)
07/08/26 04:23:35 Event: ULOG_SUBMIT for HTCondor Node EVALUATE (170549.36.0) {07/08/26 04:23:30}
07/08/26 04:23:35 Number of idle job procs: 31
07/08/26 04:23:35 Reassigning the id of job EVALUATE from (170549.36.0) to (170549.37.0)
07/08/26 04:23:35 Event: ULOG_SUBMIT for HTCondor Node EVALUATE (170549.37.0) {07/08/26 04:23:30}
07/08/26 04:23:35 Number of idle job procs: 32
07/08/26 04:23:35 Reassigning the id of job EVALUATE from (170549.37.0) to (170549.38.0)
07/08/26 04:23:35 Event: ULOG_SUBMIT for HTCondor Node EVALUATE (170549.38.0) {07/08/26 04:23:30}
07/08/26 04:23:35 Number of idle job procs: 33
07/08/26 04:23:35 Reassigning the id of job EVALUATE from (170549.38.0) to (170549.39.0)
07/08/26 04:23:35 Event: ULOG_SUBMIT for HTCondor Node EVALUATE (170549.39.0) {07/08/26 04:23:30}
07/08/26 04:23:35 Number of idle job procs: 34
07/08/26 04:23:35 Reassigning the id of job EVALUATE from (170549.39.0) to (170549.4.0)
07/08/26 04:23:35 Event: ULOG_SUBMIT for HTCondor Node EVALUATE (170549.4.0) {07/08/26 04:23:30}
07/08/26 04:23:35 Number of idle job procs: 35
07/08/26 04:23:35 Reassigning the id of job EVALUATE from (170549.4.0) to (170549.5.0)
07/08/26 04:23:35 Event: ULOG_SUBMIT for HTCondor Node EVALUATE (170549.5.0) {07/08/26 04:23:30}
07/08/26 04:23:35 Number of idle job procs: 36
07/08/26 04:23:35 Reassigning the id of job EVALUATE from (170549.5.0) to (170549.6.0)
07/08/26 04:23:35 Event: ULOG_SUBMIT for HTCondor Node EVALUATE (170549.6.0) {07/08/26 04:23:30}
07/08/26 04:23:35 Number of idle job procs: 37
07/08/26 04:23:35 Reassigning the id of job EVALUATE from (170549.6.0) to (170549.7.0)
07/08/26 04:23:35 Event: ULOG_SUBMIT for HTCondor Node EVALUATE (170549.7.0) {07/08/26 04:23:30}
07/08/26 04:23:35 Number of idle job procs: 38
07/08/26 04:23:35 Reassigning the id of job EVALUATE from (170549.7.0) to (170549.8.0)
07/08/26 04:23:35 Event: ULOG_SUBMIT for HTCondor Node EVALUATE (170549.8.0) {07/08/26 04:23:30}
07/08/26 04:23:35 Number of idle job procs: 39
07/08/26 04:23:35 Reassigning the id of job EVALUATE from (170549.8.0) to (170549.9.0)
07/08/26 04:23:35 Event: ULOG_SUBMIT for HTCondor Node EVALUATE (170549.9.0) {07/08/26 04:23:30}
07/08/26 04:23:35 Number of idle job procs: 40
07/08/26 04:26:10 Currently monitoring 1 HTCondor log file(s)
07/08/26 04:26:10 Event: ULOG_EXECUTE for HTCondor Node EVALUATE (170549.0.0) {07/08/26 04:26:07}
07/08/26 04:26:10 Number of idle job procs: 39
07/08/26 04:26:10 Event: ULOG_EXECUTE for HTCondor Node EVALUATE (170549.1.0) {07/08/26 04:26:08}
07/08/26 04:26:10 Number of idle job procs: 38
07/08/26 04:26:25 Currently monitoring 1 HTCondor log file(s)
07/08/26 04:26:25 Event: ULOG_EXECUTE for HTCondor Node EVALUATE (170549.2.0) {07/08/26 04:26:21}
07/08/26 04:26:25 Number of idle job procs: 37
07/08/26 04:26:40 Currently monitoring 1 HTCondor log file(s)
07/08/26 04:26:40 Event: ULOG_EXECUTE for HTCondor Node EVALUATE (170549.3.0) {07/08/26 04:26:36}
07/08/26 04:26:40 Number of idle job procs: 36
07/08/26 04:26:40 Event: ULOG_EXECUTE for HTCondor Node EVALUATE (170549.4.0) {07/08/26 04:26:38}
07/08/26 04:26:40 Number of idle job procs: 35
07/08/26 04:27:25 Currently monitoring 1 HTCondor log file(s)
07/08/26 04:27:25 Event: ULOG_EXECUTE for HTCondor Node EVALUATE (170549.5.0) {07/08/26 04:27:25}
07/08/26 04:27:25 Number of idle job procs: 34
07/08/26 04:27:25 Event: ULOG_EXECUTE for HTCondor Node EVALUATE (170549.6.0) {07/08/26 04:27:25}
07/08/26 04:27:25 Number of idle job procs: 33
07/08/26 04:27:30 Currently monitoring 1 HTCondor log file(s)
07/08/26 04:27:30 Event: ULOG_EXECUTE for HTCondor Node EVALUATE (170549.7.0) {07/08/26 04:27:25}
07/08/26 04:27:30 Number of idle job procs: 32
07/08/26 04:27:30 Event: ULOG_EXECUTE for HTCondor Node EVALUATE (170549.8.0) {07/08/26 04:27:26}
07/08/26 04:27:30 Number of idle job procs: 31
07/08/26 04:27:35 Currently monitoring 1 HTCondor log file(s)
07/08/26 04:27:35 Event: ULOG_EXECUTE for HTCondor Node EVALUATE (170549.9.0) {07/08/26 04:27:31}
07/08/26 04:27:35 Number of idle job procs: 30
07/08/26 04:27:40 Currently monitoring 1 HTCondor log file(s)
07/08/26 04:27:40 Event: ULOG_EXECUTE for HTCondor Node EVALUATE (170549.10.0) {07/08/26 04:27:37}
07/08/26 04:27:40 Number of idle job procs: 29
07/08/26 04:27:40 Event: ULOG_EXECUTE for HTCondor Node EVALUATE (170549.11.0) {07/08/26 04:27:39}
07/08/26 04:27:40 Number of idle job procs: 28
07/08/26 04:27:45 Currently monitoring 1 HTCondor log file(s)
07/08/26 04:27:45 Event: ULOG_EXECUTE for HTCondor Node EVALUATE (170549.12.0) {07/08/26 04:27:40}
07/08/26 04:27:45 Number of idle job procs: 27
07/08/26 04:27:45 Event: ULOG_EXECUTE for HTCondor Node EVALUATE (170549.13.0) {07/08/26 04:27:41}
07/08/26 04:27:45 Number of idle job procs: 26
07/08/26 04:27:45 Event: ULOG_EXECUTE for HTCondor Node EVALUATE (170549.14.0) {07/08/26 04:27:43}
07/08/26 04:27:45 Number of idle job procs: 25
07/08/26 04:27:55 Currently monitoring 1 HTCondor log file(s)
07/08/26 04:27:55 Event: ULOG_JOB_TERMINATED for HTCondor Node EVALUATE (170549.0.0) {07/08/26 04:27:53}
07/08/26 04:27:55 Number of idle job procs: 25
07/08/26 04:27:55 Node EVALUATE job proc (170549.0.0) completed successfully.
07/08/26 04:27:55 Event: ULOG_JOB_TERMINATED for HTCondor Node EVALUATE (170549.1.0) {07/08/26 04:27:53}
07/08/26 04:27:55 Number of idle job procs: 25
07/08/26 04:27:55 Node EVALUATE job proc (170549.1.0) completed successfully.
07/08/26 04:28:00 Currently monitoring 1 HTCondor log file(s)
07/08/26 04:28:00 Event: ULOG_EXECUTE for HTCondor Node EVALUATE (170549.15.0) {07/08/26 04:27:56}
07/08/26 04:28:00 Number of idle job procs: 24
07/08/26 04:28:00 Event: ULOG_EXECUTE for HTCondor Node EVALUATE (170549.16.0) {07/08/26 04:27:56}
07/08/26 04:28:00 Number of idle job procs: 23
07/08/26 04:28:00 Event: ULOG_JOB_TERMINATED for HTCondor Node EVALUATE (170549.2.0) {07/08/26 04:28:00}
07/08/26 04:28:00 Number of idle job procs: 23
07/08/26 04:28:00 Node EVALUATE job proc (170549.2.0) completed successfully.
07/08/26 04:28:05 Currently monitoring 1 HTCondor log file(s)
07/08/26 04:28:05 Event: ULOG_EXECUTE for HTCondor Node EVALUATE (170549.17.0) {07/08/26 04:28:01}
07/08/26 04:28:05 Number of idle job procs: 22
07/08/26 04:28:20 Currently monitoring 1 HTCondor log file(s)
07/08/26 04:28:20 Event: ULOG_JOB_TERMINATED for HTCondor Node EVALUATE (170549.3.0) {07/08/26 04:28:17}
07/08/26 04:28:20 Number of idle job procs: 22
07/08/26 04:28:20 Node EVALUATE job proc (170549.3.0) completed successfully.
07/08/26 04:28:20 Event: ULOG_JOB_TERMINATED for HTCondor Node EVALUATE (170549.4.0) {07/08/26 04:28:18}
07/08/26 04:28:20 Number of idle job procs: 22
07/08/26 04:28:20 Node EVALUATE job proc (170549.4.0) completed successfully.
07/08/26 04:28:20 Event: ULOG_EXECUTE for HTCondor Node EVALUATE (170549.18.0) {07/08/26 04:28:19}
07/08/26 04:28:20 Number of idle job procs: 21
07/08/26 04:28:20 Event: ULOG_EXECUTE for HTCondor Node EVALUATE (170549.19.0) {07/08/26 04:28:19}
07/08/26 04:28:20 Number of idle job procs: 20
07/08/26 04:29:05 Currently monitoring 1 HTCondor log file(s)
07/08/26 04:29:05 Event: ULOG_JOB_TERMINATED for HTCondor Node EVALUATE (170549.8.0) {07/08/26 04:29:01}
07/08/26 04:29:05 Number of idle job procs: 20
07/08/26 04:29:05 Node EVALUATE job proc (170549.8.0) completed successfully.
07/08/26 04:29:05 Event: ULOG_EXECUTE for HTCondor Node EVALUATE (170549.20.0) {07/08/26 04:29:02}
07/08/26 04:29:05 Number of idle job procs: 19
07/08/26 04:29:05 Event: ULOG_JOB_TERMINATED for HTCondor Node EVALUATE (170549.6.0) {07/08/26 04:29:04}
07/08/26 04:29:05 Number of idle job procs: 19
07/08/26 04:29:05 Node EVALUATE job proc (170549.6.0) completed successfully.
07/08/26 04:29:05 Event: ULOG_JOB_TERMINATED for HTCondor Node EVALUATE (170549.5.0) {07/08/26 04:29:04}
07/08/26 04:29:05 Number of idle job procs: 19
07/08/26 04:29:05 Node EVALUATE job proc (170549.5.0) completed successfully.
07/08/26 04:29:05 Event: ULOG_EXECUTE for HTCondor Node EVALUATE (170549.21.0) {07/08/26 04:29:05}
07/08/26 04:29:05 Number of idle job procs: 18
07/08/26 04:29:05 Event: ULOG_EXECUTE for HTCondor Node EVALUATE (170549.22.0) {07/08/26 04:29:05}
07/08/26 04:29:05 Number of idle job procs: 17
07/08/26 04:29:05 Event: ULOG_JOB_TERMINATED for HTCondor Node EVALUATE (170549.7.0) {07/08/26 04:29:05}
07/08/26 04:29:05 Number of idle job procs: 17
07/08/26 04:29:05 Node EVALUATE job proc (170549.7.0) completed successfully.
07/08/26 04:29:10 Currently monitoring 1 HTCondor log file(s)
07/08/26 04:29:10 Event: ULOG_EXECUTE for HTCondor Node EVALUATE (170549.23.0) {07/08/26 04:29:07}
07/08/26 04:29:10 Number of idle job procs: 16
07/08/26 04:29:20 Currently monitoring 1 HTCondor log file(s)
07/08/26 04:29:20 Event: ULOG_JOB_TERMINATED for HTCondor Node EVALUATE (170549.10.0) {07/08/26 04:29:16}
07/08/26 04:29:20 Number of idle job procs: 16
07/08/26 04:29:20 Node EVALUATE job proc (170549.10.0) completed successfully.
07/08/26 04:29:20 Event: ULOG_EXECUTE for HTCondor Node EVALUATE (170549.24.0) {07/08/26 04:29:17}
07/08/26 04:29:20 Number of idle job procs: 15
07/08/26 04:29:20 Event: ULOG_JOB_TERMINATED for HTCondor Node EVALUATE (170549.12.0) {07/08/26 04:29:18}
07/08/26 04:29:20 Number of idle job procs: 15
07/08/26 04:29:20 Node EVALUATE job proc (170549.12.0) completed successfully.
07/08/26 04:29:20 Event: ULOG_JOB_TERMINATED for HTCondor Node EVALUATE (170549.13.0) {07/08/26 04:29:19}
07/08/26 04:29:20 Number of idle job procs: 15
07/08/26 04:29:20 Node EVALUATE job proc (170549.13.0) completed successfully.
07/08/26 04:29:20 Event: ULOG_EXECUTE for HTCondor Node EVALUATE (170549.25.0) {07/08/26 04:29:19}
07/08/26 04:29:20 Number of idle job procs: 14
07/08/26 04:29:25 Currently monitoring 1 HTCondor log file(s)
07/08/26 04:29:25 Event: ULOG_JOB_TERMINATED for HTCondor Node EVALUATE (170549.11.0) {07/08/26 04:29:20}
07/08/26 04:29:25 Number of idle job procs: 14
07/08/26 04:29:25 Node EVALUATE job proc (170549.11.0) completed successfully.
07/08/26 04:29:25 Event: ULOG_EXECUTE for HTCondor Node EVALUATE (170549.26.0) {07/08/26 04:29:20}
07/08/26 04:29:25 Number of idle job procs: 13
07/08/26 04:29:25 Event: ULOG_EXECUTE for HTCondor Node EVALUATE (170549.27.0) {07/08/26 04:29:22}
07/08/26 04:29:25 Number of idle job procs: 12
07/08/26 04:29:30 Currently monitoring 1 HTCondor log file(s)
07/08/26 04:29:30 Event: ULOG_JOB_TERMINATED for HTCondor Node EVALUATE (170549.14.0) {07/08/26 04:29:25}
07/08/26 04:29:30 Number of idle job procs: 12
07/08/26 04:29:30 Node EVALUATE job proc (170549.14.0) completed successfully.
07/08/26 04:29:30 Event: ULOG_EXECUTE for HTCondor Node EVALUATE (170549.28.0) {07/08/26 04:29:27}
07/08/26 04:29:30 Number of idle job procs: 11
07/08/26 04:29:30 Event: ULOG_JOB_TERMINATED for HTCondor Node EVALUATE (170549.9.0) {07/08/26 04:29:29}
07/08/26 04:29:30 Number of idle job procs: 11
07/08/26 04:29:30 Node EVALUATE job proc (170549.9.0) completed successfully.
07/08/26 04:29:35 Currently monitoring 1 HTCondor log file(s)
07/08/26 04:29:35 Event: ULOG_EXECUTE for HTCondor Node EVALUATE (170549.29.0) {07/08/26 04:29:30}
07/08/26 04:29:35 Number of idle job procs: 10
07/08/26 04:29:40 Currently monitoring 1 HTCondor log file(s)
07/08/26 04:29:40 Event: ULOG_JOB_TERMINATED for HTCondor Node EVALUATE (170549.16.0) {07/08/26 04:29:39}
07/08/26 04:29:40 Number of idle job procs: 10
07/08/26 04:29:40 Node EVALUATE job proc (170549.16.0) completed successfully.
07/08/26 04:29:45 Currently monitoring 1 HTCondor log file(s)
07/08/26 04:29:45 Event: ULOG_EXECUTE for HTCondor Node EVALUATE (170549.30.0) {07/08/26 04:29:41}
07/08/26 04:29:45 Number of idle job procs: 9
07/08/26 04:29:45 Event: ULOG_JOB_TERMINATED for HTCondor Node EVALUATE (170549.17.0) {07/08/26 04:29:43}
07/08/26 04:29:45 Number of idle job procs: 9
07/08/26 04:29:45 Node EVALUATE job proc (170549.17.0) completed successfully.
07/08/26 04:29:45 Event: ULOG_EXECUTE for HTCondor Node EVALUATE (170549.31.0) {07/08/26 04:29:44}
07/08/26 04:29:45 Number of idle job procs: 8
07/08/26 04:29:55 Currently monitoring 1 HTCondor log file(s)
07/08/26 04:29:55 Event: ULOG_JOB_TERMINATED for HTCondor Node EVALUATE (170549.15.0) {07/08/26 04:29:55}
07/08/26 04:29:55 Number of idle job procs: 8
07/08/26 04:29:55 Node EVALUATE job proc (170549.15.0) completed successfully.
07/08/26 04:30:00 Currently monitoring 1 HTCondor log file(s)
07/08/26 04:30:00 Event: ULOG_EXECUTE for HTCondor Node EVALUATE (170549.32.0) {07/08/26 04:29:57}
07/08/26 04:30:00 Number of idle job procs: 7
07/08/26 04:30:00 Event: ULOG_JOB_TERMINATED for HTCondor Node EVALUATE (170549.18.0) {07/08/26 04:29:59}
07/08/26 04:30:00 Number of idle job procs: 7
07/08/26 04:30:00 Node EVALUATE job proc (170549.18.0) completed successfully.
07/08/26 04:30:00 Event: ULOG_EXECUTE for HTCondor Node EVALUATE (170549.33.0) {07/08/26 04:30:00}
07/08/26 04:30:00 Number of idle job procs: 6
07/08/26 04:30:05 Currently monitoring 1 HTCondor log file(s)
07/08/26 04:30:05 Event: ULOG_JOB_TERMINATED for HTCondor Node EVALUATE (170549.19.0) {07/08/26 04:30:01}
07/08/26 04:30:05 Number of idle job procs: 6
07/08/26 04:30:05 Node EVALUATE job proc (170549.19.0) completed successfully.
07/08/26 04:30:05 Event: ULOG_EXECUTE for HTCondor Node EVALUATE (170549.34.0) {07/08/26 04:30:03}
07/08/26 04:30:05 Number of idle job procs: 5
07/08/26 04:30:15 Total jobs placed to AP: 82
07/08/26 04:30:15      Idle     Held     Running     Successful     Failed
07/08/26 04:30:15       ===      ===         ===            ===        ===
07/08/26 04:30:15         5        0          15             62          0
07/08/26 04:30:40 Currently monitoring 1 HTCondor log file(s)
07/08/26 04:30:40 Event: ULOG_JOB_TERMINATED for HTCondor Node EVALUATE (170549.22.0) {07/08/26 04:30:38}
07/08/26 04:30:40 Number of idle job procs: 5
07/08/26 04:30:40 Node EVALUATE job proc (170549.22.0) completed successfully.
07/08/26 04:30:40 Event: ULOG_EXECUTE for HTCondor Node EVALUATE (170549.35.0) {07/08/26 04:30:39}
07/08/26 04:30:40 Number of idle job procs: 4
07/08/26 04:30:45 Currently monitoring 1 HTCondor log file(s)
07/08/26 04:30:45 Event: ULOG_JOB_TERMINATED for HTCondor Node EVALUATE (170549.20.0) {07/08/26 04:30:43}
07/08/26 04:30:45 Number of idle job procs: 4
07/08/26 04:30:45 Node EVALUATE job proc (170549.20.0) completed successfully.
07/08/26 04:30:45 Event: ULOG_EXECUTE for HTCondor Node EVALUATE (170549.36.0) {07/08/26 04:30:44}
07/08/26 04:30:45 Number of idle job procs: 3
07/08/26 04:30:50 Currently monitoring 1 HTCondor log file(s)
07/08/26 04:30:50 Event: ULOG_JOB_TERMINATED for HTCondor Node EVALUATE (170549.23.0) {07/08/26 04:30:49}
07/08/26 04:30:50 Number of idle job procs: 3
07/08/26 04:30:50 Node EVALUATE job proc (170549.23.0) completed successfully.
07/08/26 04:30:55 Currently monitoring 1 HTCondor log file(s)
07/08/26 04:30:55 Event: ULOG_EXECUTE for HTCondor Node EVALUATE (170549.37.0) {07/08/26 04:30:51}
07/08/26 04:30:55 Number of idle job procs: 2
07/08/26 04:31:00 Currently monitoring 1 HTCondor log file(s)
07/08/26 04:31:00 Event: ULOG_JOB_TERMINATED for HTCondor Node EVALUATE (170549.25.0) {07/08/26 04:30:59}
07/08/26 04:31:00 Number of idle job procs: 2
07/08/26 04:31:00 Node EVALUATE job proc (170549.25.0) completed successfully.
07/08/26 04:31:00 Event: ULOG_JOB_TERMINATED for HTCondor Node EVALUATE (170549.24.0) {07/08/26 04:31:00}
07/08/26 04:31:00 Number of idle job procs: 2
07/08/26 04:31:00 Node EVALUATE job proc (170549.24.0) completed successfully.
07/08/26 04:31:05 Currently monitoring 1 HTCondor log file(s)
07/08/26 04:31:05 Event: ULOG_JOB_TERMINATED for HTCondor Node EVALUATE (170549.27.0) {07/08/26 04:31:01}
07/08/26 04:31:05 Number of idle job procs: 2
07/08/26 04:31:05 Node EVALUATE job proc (170549.27.0) completed successfully.
07/08/26 04:31:05 Event: ULOG_EXECUTE for HTCondor Node EVALUATE (170549.38.0) {07/08/26 04:31:01}
07/08/26 04:31:05 Number of idle job procs: 1
07/08/26 04:31:05 Event: ULOG_EXECUTE for HTCondor Node EVALUATE (170549.39.0) {07/08/26 04:31:02}
07/08/26 04:31:05 Number of idle job procs: 0
07/08/26 04:31:05 Event: ULOG_JOB_TERMINATED for HTCondor Node EVALUATE (170549.21.0) {07/08/26 04:31:02}
07/08/26 04:31:05 Number of idle job procs: 0
07/08/26 04:31:05 Node EVALUATE job proc (170549.21.0) completed successfully.
07/08/26 04:31:05 Event: ULOG_JOB_TERMINATED for HTCondor Node EVALUATE (170549.26.0) {07/08/26 04:31:03}
07/08/26 04:31:05 Number of idle job procs: 0
07/08/26 04:31:05 Node EVALUATE job proc (170549.26.0) completed successfully.
07/08/26 04:31:10 Currently monitoring 1 HTCondor log file(s)
07/08/26 04:31:10 Event: ULOG_JOB_TERMINATED for HTCondor Node EVALUATE (170549.28.0) {07/08/26 04:31:06}
07/08/26 04:31:10 Number of idle job procs: 0
07/08/26 04:31:10 Node EVALUATE job proc (170549.28.0) completed successfully.
07/08/26 04:31:15 Currently monitoring 1 HTCondor log file(s)
07/08/26 04:31:15 Event: ULOG_JOB_TERMINATED for HTCondor Node EVALUATE (170549.29.0) {07/08/26 04:31:11}
07/08/26 04:31:15 Number of idle job procs: 0
07/08/26 04:31:15 Node EVALUATE job proc (170549.29.0) completed successfully.
07/08/26 04:31:20 Currently monitoring 1 HTCondor log file(s)
07/08/26 04:31:20 Event: ULOG_JOB_TERMINATED for HTCondor Node EVALUATE (170549.30.0) {07/08/26 04:31:18}
07/08/26 04:31:20 Number of idle job procs: 0
07/08/26 04:31:20 Node EVALUATE job proc (170549.30.0) completed successfully.
07/08/26 04:31:25 Currently monitoring 1 HTCondor log file(s)
07/08/26 04:31:25 Event: ULOG_JOB_TERMINATED for HTCondor Node EVALUATE (170549.31.0) {07/08/26 04:31:25}
07/08/26 04:31:25 Number of idle job procs: 0
07/08/26 04:31:25 Node EVALUATE job proc (170549.31.0) completed successfully.
07/08/26 04:31:40 Currently monitoring 1 HTCondor log file(s)
07/08/26 04:31:40 Event: ULOG_JOB_TERMINATED for HTCondor Node EVALUATE (170549.32.0) {07/08/26 04:31:36}
07/08/26 04:31:40 Number of idle job procs: 0
07/08/26 04:31:40 Node EVALUATE job proc (170549.32.0) completed successfully.
07/08/26 04:31:40 Event: ULOG_JOB_TERMINATED for HTCondor Node EVALUATE (170549.33.0) {07/08/26 04:31:40}
07/08/26 04:31:40 Number of idle job procs: 0
07/08/26 04:31:40 Node EVALUATE job proc (170549.33.0) completed successfully.
07/08/26 04:31:45 Currently monitoring 1 HTCondor log file(s)
07/08/26 04:31:45 Event: ULOG_JOB_TERMINATED for HTCondor Node EVALUATE (170549.34.0) {07/08/26 04:31:42}
07/08/26 04:31:45 Number of idle job procs: 0
07/08/26 04:31:45 Node EVALUATE job proc (170549.34.0) completed successfully.
07/08/26 04:32:15 Currently monitoring 1 HTCondor log file(s)
07/08/26 04:32:15 Event: ULOG_JOB_TERMINATED for HTCondor Node EVALUATE (170549.35.0) {07/08/26 04:32:14}
07/08/26 04:32:15 Number of idle job procs: 0
07/08/26 04:32:15 Node EVALUATE job proc (170549.35.0) completed successfully.
07/08/26 04:32:26 Currently monitoring 1 HTCondor log file(s)
07/08/26 04:32:26 Event: ULOG_JOB_TERMINATED for HTCondor Node EVALUATE (170549.36.0) {07/08/26 04:32:22}
07/08/26 04:32:26 Number of idle job procs: 0
07/08/26 04:32:26 Node EVALUATE job proc (170549.36.0) completed successfully.
07/08/26 04:32:26 Event: ULOG_JOB_TERMINATED for HTCondor Node EVALUATE (170549.37.0) {07/08/26 04:32:23}
07/08/26 04:32:26 Number of idle job procs: 0
07/08/26 04:32:26 Node EVALUATE job proc (170549.37.0) completed successfully.
07/08/26 04:32:41 Currently monitoring 1 HTCondor log file(s)
07/08/26 04:32:41 Event: ULOG_JOB_TERMINATED for HTCondor Node EVALUATE (170549.39.0) {07/08/26 04:32:38}
07/08/26 04:32:41 Number of idle job procs: 0
07/08/26 04:32:41 Node EVALUATE job proc (170549.39.0) completed successfully.
07/08/26 04:32:41 Event: ULOG_JOB_TERMINATED for HTCondor Node EVALUATE (170549.38.0) {07/08/26 04:32:38}
07/08/26 04:32:41 Number of idle job procs: 0
07/08/26 04:32:41 Node EVALUATE job proc (170549.38.0) completed successfully.
07/08/26 04:32:41 Node EVALUATE job(s) have exited the queue
07/08/26 04:32:41 DAG status: 0 (DAG_STATUS_OK)
07/08/26 04:32:41 Of 5 nodes total:
07/08/26 04:32:41  Done     Pre   Queued    Post   Ready   Un-Ready   Failed   Futile
07/08/26 04:32:41   ===     ===      ===     ===     ===        ===      ===      ===
07/08/26 04:32:41     4       0        0       0       1          0        0        0
07/08/26 04:32:41 0 job proc(s) currently held
07/08/26 04:32:41 DAGMan Runtime Statistics: [EventCycleTimeAvg=0.000; EventCycleTimeMax=0.124; EventCycleTimeMin=0.000; EventCycleTimeStd=0.003; EventCycleTimeSum=1.627; SleepCycleTimeAvg=5.003; SleepCycleTimeMax=5.041; SleepCycleTimeMin=4.002; SleepCycleTimeStd=0.030; SleepCycleTimeSum=17255.748; SubmitCycleTimeAvg=0.000; SubmitCycleTimeMax=0.120; SubmitCycleTimeMin=0.000; SubmitCycleTimeStd=0.003; SubmitCycleTimeSum=0.274; EventCycleTimeCount=3449.000; SleepCycleTimeCount=3449.000; SubmitCycleTimeCount=3450.000; LogProcessCycleTimeAvg=0.005; LogProcessCycleTimeMax=0.065; LogProcessCycleTimeMin=0.002; LogProcessCycleTimeStd=0.008; LogProcessCycleTimeSum=0.487; LogProcessCycleTimeCount=105.000; ]
07/08/26 04:32:46 Submitting HTCondor Node MERGE_EVALUATION job(s)...
07/08/26 04:32:46 Submitting node MERGE_EVALUATION from file one_way_line_det_one_way_line_20_10_action_shield_merge_evaluation.sub using direct job submission
07/08/26 04:32:46 	assigned HTCondor ID (170551.0.0)
07/08/26 04:32:46 Just submitted 1 job this cycle...
07/08/26 04:32:46 DAG status: 0 (DAG_STATUS_OK)
07/08/26 04:32:46 Of 5 nodes total:
07/08/26 04:32:46  Done     Pre   Queued    Post   Ready   Un-Ready   Failed   Futile
07/08/26 04:32:46   ===     ===      ===     ===     ===        ===      ===      ===
07/08/26 04:32:46     4       0        1       0       0          0        0        0
07/08/26 04:32:46 0 job proc(s) currently held
07/08/26 04:32:46 DAGMan Runtime Statistics: [EventCycleTimeAvg=0.000; EventCycleTimeMax=0.124; EventCycleTimeMin=0.000; EventCycleTimeStd=0.003; EventCycleTimeSum=1.635; SleepCycleTimeAvg=5.003; SleepCycleTimeMax=5.041; SleepCycleTimeMin=4.002; SleepCycleTimeStd=0.030; SleepCycleTimeSum=17260.750; SubmitCycleTimeAvg=0.000; SubmitCycleTimeMax=0.120; SubmitCycleTimeMin=0.000; SubmitCycleTimeStd=0.003; SubmitCycleTimeSum=0.312; EventCycleTimeCount=3450.000; SleepCycleTimeCount=3450.000; SubmitCycleTimeCount=3451.000; LogProcessCycleTimeAvg=0.005; LogProcessCycleTimeMax=0.065; LogProcessCycleTimeMin=0.002; LogProcessCycleTimeStd=0.008; LogProcessCycleTimeSum=0.487; LogProcessCycleTimeCount=105.000; ]
07/08/26 04:32:51 Currently monitoring 1 HTCondor log file(s)
07/08/26 04:32:51 Reassigning the id of job MERGE_EVALUATION from (170551.0.0) to (170551.0.0)
07/08/26 04:32:51 Event: ULOG_SUBMIT for HTCondor Node MERGE_EVALUATION (170551.0.0) {07/08/26 04:32:46}
07/08/26 04:32:51 Number of idle job procs: 1
07/08/26 04:32:51 Event: ULOG_EXECUTE for HTCondor Node MERGE_EVALUATION (170551.0.0) {07/08/26 04:32:47}
07/08/26 04:32:51 Number of idle job procs: 0
07/08/26 04:32:56 Currently monitoring 1 HTCondor log file(s)
07/08/26 04:32:56 Event: ULOG_JOB_TERMINATED for HTCondor Node MERGE_EVALUATION (170551.0.0) {07/08/26 04:32:51}
07/08/26 04:32:56 Number of idle job procs: 0
07/08/26 04:32:56 Node MERGE_EVALUATION job proc (170551.0.0) completed successfully.
07/08/26 04:32:56 Node MERGE_EVALUATION job(s) have exited the queue
07/08/26 04:32:56 DAG status: 0 (DAG_STATUS_OK)
07/08/26 04:32:56 Of 5 nodes total:
07/08/26 04:32:56  Done     Pre   Queued    Post   Ready   Un-Ready   Failed   Futile
07/08/26 04:32:56   ===     ===      ===     ===     ===        ===      ===      ===
07/08/26 04:32:56     5       0        0       0       0          0        0        0
07/08/26 04:32:56 0 job proc(s) currently held
07/08/26 04:32:56 DAGMan Runtime Statistics: [EventCycleTimeAvg=0.000; EventCycleTimeMax=0.124; EventCycleTimeMin=0.000; EventCycleTimeStd=0.004; EventCycleTimeSum=1.680; SleepCycleTimeAvg=5.003; SleepCycleTimeMax=5.041; SleepCycleTimeMin=4.002; SleepCycleTimeStd=0.030; SleepCycleTimeSum=17270.757; SubmitCycleTimeAvg=0.000; SubmitCycleTimeMax=0.120; SubmitCycleTimeMin=0.000; SubmitCycleTimeStd=0.003; SubmitCycleTimeSum=0.312; EventCycleTimeCount=3452.000; SleepCycleTimeCount=3452.000; SubmitCycleTimeCount=3453.000; LogProcessCycleTimeAvg=0.005; LogProcessCycleTimeMax=0.065; LogProcessCycleTimeMin=0.002; LogProcessCycleTimeStd=0.008; LogProcessCycleTimeSum=0.493; LogProcessCycleTimeCount=107.000; ]
07/08/26 04:32:56 All jobs Completed!
07/08/26 04:32:56 Note: 0 total node deferrals because of -MaxJobs limit (0)
07/08/26 04:32:56 Note: 0 total node deferrals because of -MaxIdle limit (1000)
07/08/26 04:32:56 Note: 0 total node deferrals because of node category throttles
07/08/26 04:32:56 Note: 0 total PRE script deferrals because of -MaxPre limit (20) or DEFER
07/08/26 04:32:56 Note: 0 total POST script deferrals because of -MaxPost limit (20) or DEFER
07/08/26 04:32:56 Note: 0 total HOLD script deferrals because of -MaxHold limit (20) or DEFER
07/08/26 04:32:56 DAG status: 0 (DAG_STATUS_OK)
07/08/26 04:32:56 Of 5 nodes total:
07/08/26 04:32:56  Done     Pre   Queued    Post   Ready   Un-Ready   Failed   Futile
07/08/26 04:32:56   ===     ===      ===     ===     ===        ===      ===      ===
07/08/26 04:32:56     5       0        0       0       0          0        0        0
07/08/26 04:32:56 0 job proc(s) currently held
07/08/26 04:32:56 DAGMan Runtime Statistics: [EventCycleTimeAvg=0.000; EventCycleTimeMax=0.124; EventCycleTimeMin=0.000; EventCycleTimeStd=0.004; EventCycleTimeSum=1.680; SleepCycleTimeAvg=5.003; SleepCycleTimeMax=5.041; SleepCycleTimeMin=4.002; SleepCycleTimeStd=0.030; SleepCycleTimeSum=17270.757; SubmitCycleTimeAvg=0.000; SubmitCycleTimeMax=0.120; SubmitCycleTimeMin=0.000; SubmitCycleTimeStd=0.003; SubmitCycleTimeSum=0.312; EventCycleTimeCount=3452.000; SleepCycleTimeCount=3452.000; SubmitCycleTimeCount=3453.000; LogProcessCycleTimeAvg=0.005; LogProcessCycleTimeMax=0.065; LogProcessCycleTimeMin=0.002; LogProcessCycleTimeStd=0.008; LogProcessCycleTimeSum=0.493; LogProcessCycleTimeCount=107.000; ]
07/08/26 04:32:56 Wrote metrics file one_way_line_det_one_way_line_20_10_action_shield.dag.metrics.
07/08/26 04:32:56 DAGMan Runtime Statistics: [EventCycleTimeAvg=0.000; EventCycleTimeMax=0.124; EventCycleTimeMin=0.000; EventCycleTimeStd=0.004; EventCycleTimeSum=1.680; SleepCycleTimeAvg=5.003; SleepCycleTimeMax=5.041; SleepCycleTimeMin=4.002; SleepCycleTimeStd=0.030; SleepCycleTimeSum=17270.757; SubmitCycleTimeAvg=0.000; SubmitCycleTimeMax=0.120; SubmitCycleTimeMin=0.000; SubmitCycleTimeStd=0.003; SubmitCycleTimeSum=0.312; EventCycleTimeCount=3452.000; SleepCycleTimeCount=3452.000; SubmitCycleTimeCount=3453.000; LogProcessCycleTimeAvg=0.005; LogProcessCycleTimeMax=0.065; LogProcessCycleTimeMin=0.002; LogProcessCycleTimeStd=0.008; LogProcessCycleTimeSum=0.493; LogProcessCycleTimeCount=107.000; ]
07/08/26 04:32:56 **** condor_scheduniv_exec.170533.0 (condor_DAGMAN) pid 718617 EXITING WITH STATUS 0
