07/06/26 18:25:14 ******************************************************
07/06/26 18:25:14 ** condor_scheduniv_exec.170259.0 (CONDOR_DAGMAN) STARTING UP
07/06/26 18:25:14 ** /usr/bin/condor_dagman
07/06/26 18:25:14 ** SubsystemInfo: name=DAGMAN type=DAGMAN(9) class=CLIENT(2)
07/06/26 18:25:14 ** Configuration: subsystem:DAGMAN local:<NONE> class:CLIENT
07/06/26 18:25:14 ** $CondorVersion: 24.12.19 2026-04-15 BuildID: 896241 PackageID: 24.12.19-1+deb12 GitSHA: c68f3e0e $
07/06/26 18:25:14 ** $CondorPlatform: X86_64-Debian_12 $
07/06/26 18:25:14 ** PID = 42713 RealUID = 1620002036
07/06/26 18:25:14 ** Log last touched time unavailable (No such file or directory)
07/06/26 18:25:14 ******************************************************
07/06/26 18:25:14 Using config source: /etc/condor/condor_config
07/06/26 18:25:14 Using local config sources: 
07/06/26 18:25:14    /etc/condor/config.d/01-submit.conf
07/06/26 18:25:14    /etc/condor/config.d/10-stash-plugin.conf
07/06/26 18:25:14    /etc/condor/config.d/23-network.config
07/06/26 18:25:14    /etc/condor/config.d/31-mail.conf
07/06/26 18:25:14    /etc/condor/config.d/35-cc-sync.conf
07/06/26 18:25:14    /etc/condor/config.d/41-periodic-remove.conf
07/06/26 18:25:14    /etc/condor/config.d/49-common.conf
07/06/26 18:25:14    /etc/condor/config.d/52-group-mapping.conf
07/06/26 18:25:14    /etc/condor/config.d/54-container.conf
07/06/26 18:25:14    /etc/condor/config.d/67-submit-transforms.conf
07/06/26 18:25:14    /etc/condor/config.d/71-submit-requirements.conf
07/06/26 18:25:14    /etc/condor/condor_config.local
07/06/26 18:25:14 config Macros = 110, Sorted = 110, StringBytes = 6399, TablesBytes = 4088
07/06/26 18:25:14 CLASSAD_CACHING is ENABLED
07/06/26 18:25:14 Daemon Log is logging: D_ALWAYS D_ERROR D_STATUS
07/06/26 18:25:14 Daemoncore: Listening at <0.0.0.0:28411> on TCP (ReliSock) and UDP (SafeSock).
07/06/26 18:25:14 DaemonCore: command socket at <10.143.248.60:28411?addrs=10.143.248.60-28411&alias=conduit.hpc.uni-saarland.de>
07/06/26 18:25:14 DaemonCore: private command socket at <10.143.248.60:28411?addrs=10.143.248.60-28411&alias=conduit.hpc.uni-saarland.de>
07/06/26 18:25:14 DAGMAN_USE_STRICT setting: 1
07/06/26 18:25:14 DAGMAN_VERBOSITY setting: 3
07/06/26 18:25:14 DAGMAN_DEBUG_CACHE_SIZE setting: 5242880
07/06/26 18:25:14 DAGMAN_DEBUG_CACHE_ENABLE setting: False
07/06/26 18:25:14 DAGMAN_SUBMIT_DELAY setting: 0
07/06/26 18:25:14 DAGMAN_MAX_SUBMIT_ATTEMPTS setting: 6
07/06/26 18:25:14 DAGMAN_STARTUP_CYCLE_DETECT setting: False
07/06/26 18:25:14 DAGMAN_USE_JOIN_NODES setting: True
07/06/26 18:25:14 DAGMAN_REPORT_GRAPH_METRICS setting: False
07/06/26 18:25:14 DAGMAN_MAX_SUBMITS_PER_INTERVAL setting: 100
07/06/26 18:25:14 DAGMAN_AGGRESSIVE_SUBMIT setting: False
07/06/26 18:25:14 DAGMAN_USER_LOG_SCAN_INTERVAL setting: 5
07/06/26 18:25:14 DAGMAN_QUEUE_UPDATE_INTERVAL setting: 300.000000
07/06/26 18:25:14 DAGMAN_DEFAULT_PRIORITY setting: 0
07/06/26 18:25:14 DAGMAN_SUPPRESS_NOTIFICATION setting: False
07/06/26 18:25:14 allow_events (DAGMAN_ALLOW_EVENTS) setting: 114
07/06/26 18:25:14 DAGMAN_RETRY_SUBMIT_FIRST setting: True
07/06/26 18:25:14 DAGMAN_RETRY_NODE_FIRST setting: False
07/06/26 18:25:14 DAGMAN_MAX_JOBS_IDLE setting: 1000
07/06/26 18:25:14 DAGMAN_MAX_JOBS_SUBMITTED setting: 0
07/06/26 18:25:14 DAGMAN_MAX_PRE_SCRIPTS setting: 20
07/06/26 18:25:14 DAGMAN_MAX_POST_SCRIPTS setting: 20
07/06/26 18:25:14 DAGMAN_MAX_HOLD_SCRIPTS setting: 20
07/06/26 18:25:14 DAGMAN_MUNGE_NODE_NAMES setting: True
07/06/26 18:25:14 DAGMAN_ALLOW_ANY_NODE_NAME_CHARACTERS setting: False
07/06/26 18:25:14 DAGMAN_PROHIBIT_MULTI_JOBS setting: False
07/06/26 18:25:14 DAGMAN_SUBMIT_DEPTH_FIRST setting: False
07/06/26 18:25:14 DAGMAN_ALWAYS_RUN_POST setting: False
07/06/26 18:25:14 DAGMAN_CONDOR_SUBMIT_EXE setting: /usr/bin/condor_submit
07/06/26 18:25:14 DAGMAN_CONDOR_RM_EXE setting: /usr/bin/condor_rm
07/06/26 18:25:14 DAGMAN_USE_DIRECT_SUBMIT setting: True
07/06/26 18:25:14 DAGMAN_PRODUCE_JOB_CREDENTIALS setting: True
07/06/26 18:25:14 DAGMAN_DEFAULT_APPEND_VARS setting: False
07/06/26 18:25:14 DAGMAN_INHERIT_ATTRS_PREFIX setting: 
07/06/26 18:25:14 DAGMAN_INHERIT_ATTRS setting: 
07/06/26 18:25:14 DAGMAN_ABORT_DUPLICATES setting: True
07/06/26 18:25:14 DAGMAN_ABORT_ON_SCARY_SUBMIT setting: True
07/06/26 18:25:14 DAGMAN_PENDING_REPORT_INTERVAL setting: 600
07/06/26 18:25:14 DAGMAN_CHECK_QUEUE_INTERVAL setting: 28800
07/06/26 18:25:14 DAGMAN_PRINT_JOB_TABLE_INTERVAL setting: 900
07/06/26 18:25:14 DAGMAN_AUTO_RESCUE setting: True
07/06/26 18:25:14 DAGMAN_MAX_RESCUE_NUM setting: 100
07/06/26 18:25:14 DAGMAN_WRITE_PARTIAL_RESCUE setting: True
07/06/26 18:25:14 DAGMAN_RESET_RETRIES_UPON_RESCUE setting: True
07/06/26 18:25:14 DAGMAN_METRICS_FILE_VERSION setting: 2
07/06/26 18:25:14 DAGMAN_DEFAULT_NODE_LOG setting: @(DAG_DIR)/@(DAG_FILE).nodes.log
07/06/26 18:25:14 DAGMAN_LOG_ON_NFS_IS_ERROR setting: False
07/06/26 18:25:14 DAGMAN_GENERATE_SUBDAG_SUBMITS setting: True
07/06/26 18:25:14 DAGMAN_MAX_JOB_HOLDS setting: 100
07/06/26 18:25:14 DAGMAN_NODE_JOB_FAILURE_TOLERANCE setting: 0
07/06/26 18:25:14 DAGMAN_HOLD_CLAIM_TIME setting: 20
07/06/26 18:25:14 DAGMAN_SUPPRESS_JOB_LOGS setting: False
07/06/26 18:25:14 DAGMAN_REMOVE_NODE_JOBS setting: True
07/06/26 18:25:14 DAGMAN_PUT_FAILED_JOBS_ON_HOLD setting: False
07/06/26 18:25:14 DAGMAN_REMOVE_JOBS_AFTER_LIMIT_CHANGE setting: False
07/06/26 18:25:14 DAGMAN will adjust edges after parsing
07/06/26 18:25:14 argv[0] == "condor_scheduniv_exec.170259.0"
07/06/26 18:25:14 argv[1] == "-Lockfile"
07/06/26 18:25:14 argv[2] == "one_way_line_det_one_way_line_30_20_action_shield.dag.lock"
07/06/26 18:25:14 argv[3] == "-Dag"
07/06/26 18:25:14 argv[4] == "one_way_line_det_one_way_line_30_20_action_shield.dag"
07/06/26 18:25:14 argv[5] == "-CsdVersion"
07/06/26 18:25:14 argv[6] == "$CondorVersion: 24.12.19 2026-04-15 BuildID: 896241 PackageID: 24.12.19-1+deb12 GitSHA: c68f3e0e $"
07/06/26 18:25:14 argv[7] == "-dagman"
07/06/26 18:25:14 argv[8] == "/usr/bin/condor_dagman"
07/06/26 18:25:14 argv[9] == "-AutoRescue"
07/06/26 18:25:14 argv[10] == "1"
07/06/26 18:25:14 argv[11] == "-DoRescueFrom"
07/06/26 18:25:14 argv[12] == "0"
07/06/26 18:25:14 Can't open directory "/etc/condor/passwords.d" as PRIV_ROOT, errno: 13 (Permission denied)
07/06/26 18:25:14 Can't open directory "/etc/condor/passwords.d" as PRIV_ROOT, errno: 13 (Permission denied)
07/06/26 18:25:14 Workflow batch-id: <170259.0>
07/06/26 18:25:14 Workflow batch-name: <one_way_line_det_one_way_line_30_20_action_shield.dag+170259>
07/06/26 18:25:14 Workflow accounting_group: <teaching>
07/06/26 18:25:14 Workflow accounting_group_user: <atml_team041>
07/06/26 18:25:14 Warning: failed to get attribute DAGNodeName
07/06/26 18:25:14 Default node log file is: </home/atml_team041/condor_tutorial/jani_env/experiments/repair_wo_domain/submissions/action_shield/one_way_line_det/./one_way_line_det_one_way_line_30_20_action_shield.dag.nodes.log>
07/06/26 18:25:14 DAG Lockfile will be written to one_way_line_det_one_way_line_30_20_action_shield.dag.lock
07/06/26 18:25:14 DAG Input file is one_way_line_det_one_way_line_30_20_action_shield.dag
07/06/26 18:25:14 Parsing 1 dagfiles
07/06/26 18:25:14 Parsing one_way_line_det_one_way_line_30_20_action_shield.dag ...
07/06/26 18:25:14 Adjusting edges
07/06/26 18:25:14 Dag contains 5 total nodes
07/06/26 18:25:14 Bootstrapping...
07/06/26 18:25:14 Number of pre-completed nodes: 0
07/06/26 18:25:14 MultiLogFiles: truncating log file /home/atml_team041/condor_tutorial/jani_env/experiments/repair_wo_domain/submissions/action_shield/one_way_line_det/./one_way_line_det_one_way_line_30_20_action_shield.dag.nodes.log
07/06/26 18:25:14 DAG status: 0 (DAG_STATUS_OK)
07/06/26 18:25:14 Of 5 nodes total:
07/06/26 18:25:14  Done     Pre   Queued    Post   Ready   Un-Ready   Failed   Futile
07/06/26 18:25:14   ===     ===      ===     ===     ===        ===      ===      ===
07/06/26 18:25:14     0       0        0       0       1          4        0        0
07/06/26 18:25:14 0 job proc(s) currently held
07/06/26 18:25:14 DAGMan Runtime Statistics: [EventCycleTimeSum=0.000; SleepCycleTimeSum=0.000; SubmitCycleTimeSum=0.000; EventCycleTimeCount=0.000; SleepCycleTimeCount=0.000; SubmitCycleTimeCount=0.000; LogProcessCycleTimeSum=0.000; LogProcessCycleTimeCount=0.000; ]
07/06/26 18:25:14 Registering condor_event_timer...
07/06/26 18:25:15 Submitting HTCondor Node COLLECT job(s)...
07/06/26 18:25:15 Submitting node COLLECT from file one_way_line_det_one_way_line_30_20_action_shield_collect.sub using direct job submission
07/06/26 18:25:15 	assigned HTCondor ID (170268.0.0)
07/06/26 18:25:16 Just submitted 1 job this cycle...
07/06/26 18:25:16 DAG status: 0 (DAG_STATUS_OK)
07/06/26 18:25:16 Of 5 nodes total:
07/06/26 18:25:16  Done     Pre   Queued    Post   Ready   Un-Ready   Failed   Futile
07/06/26 18:25:16   ===     ===      ===     ===     ===        ===      ===      ===
07/06/26 18:25:16     0       0        1       0       0          4        0        0
07/06/26 18:25:16 0 job proc(s) currently held
07/06/26 18:25:16 DAGMan Runtime Statistics: [EventCycleTimeSum=0.000; SleepCycleTimeSum=0.000; SubmitCycleTimeAvg=0.748; SubmitCycleTimeMax=0.748; SubmitCycleTimeMin=0.748; SubmitCycleTimeStd=0.748; SubmitCycleTimeSum=0.748; EventCycleTimeCount=0.000; SleepCycleTimeCount=0.000; SubmitCycleTimeCount=1.000; LogProcessCycleTimeSum=0.000; LogProcessCycleTimeCount=0.000; ]
07/06/26 18:25:21 Currently monitoring 1 HTCondor log file(s)
07/06/26 18:25:21 Reassigning the id of job COLLECT from (170268.0.0) to (170268.0.0)
07/06/26 18:25:21 Event: ULOG_SUBMIT for HTCondor Node COLLECT (170268.0.0) {07/06/26 18:25:15}
07/06/26 18:25:21 Number of idle job procs: 1
07/06/26 18:25:21 Reassigning the id of job COLLECT from (170268.0.0) to (170268.1.0)
07/06/26 18:25:21 Event: ULOG_SUBMIT for HTCondor Node COLLECT (170268.1.0) {07/06/26 18:25:15}
07/06/26 18:25:21 Number of idle job procs: 2
07/06/26 18:25:21 Reassigning the id of job COLLECT from (170268.1.0) to (170268.10.0)
07/06/26 18:25:21 Event: ULOG_SUBMIT for HTCondor Node COLLECT (170268.10.0) {07/06/26 18:25:15}
07/06/26 18:25:21 Number of idle job procs: 3
07/06/26 18:25:21 Reassigning the id of job COLLECT from (170268.10.0) to (170268.11.0)
07/06/26 18:25:21 Event: ULOG_SUBMIT for HTCondor Node COLLECT (170268.11.0) {07/06/26 18:25:15}
07/06/26 18:25:21 Number of idle job procs: 4
07/06/26 18:25:21 Reassigning the id of job COLLECT from (170268.11.0) to (170268.12.0)
07/06/26 18:25:21 Event: ULOG_SUBMIT for HTCondor Node COLLECT (170268.12.0) {07/06/26 18:25:15}
07/06/26 18:25:21 Number of idle job procs: 5
07/06/26 18:25:21 Reassigning the id of job COLLECT from (170268.12.0) to (170268.13.0)
07/06/26 18:25:21 Event: ULOG_SUBMIT for HTCondor Node COLLECT (170268.13.0) {07/06/26 18:25:15}
07/06/26 18:25:21 Number of idle job procs: 6
07/06/26 18:25:21 Reassigning the id of job COLLECT from (170268.13.0) to (170268.14.0)
07/06/26 18:25:21 Event: ULOG_SUBMIT for HTCondor Node COLLECT (170268.14.0) {07/06/26 18:25:15}
07/06/26 18:25:21 Number of idle job procs: 7
07/06/26 18:25:21 Reassigning the id of job COLLECT from (170268.14.0) to (170268.15.0)
07/06/26 18:25:21 Event: ULOG_SUBMIT for HTCondor Node COLLECT (170268.15.0) {07/06/26 18:25:15}
07/06/26 18:25:21 Number of idle job procs: 8
07/06/26 18:25:21 Reassigning the id of job COLLECT from (170268.15.0) to (170268.16.0)
07/06/26 18:25:21 Event: ULOG_SUBMIT for HTCondor Node COLLECT (170268.16.0) {07/06/26 18:25:15}
07/06/26 18:25:21 Number of idle job procs: 9
07/06/26 18:25:21 Reassigning the id of job COLLECT from (170268.16.0) to (170268.17.0)
07/06/26 18:25:21 Event: ULOG_SUBMIT for HTCondor Node COLLECT (170268.17.0) {07/06/26 18:25:15}
07/06/26 18:25:21 Number of idle job procs: 10
07/06/26 18:25:21 Reassigning the id of job COLLECT from (170268.17.0) to (170268.18.0)
07/06/26 18:25:21 Event: ULOG_SUBMIT for HTCondor Node COLLECT (170268.18.0) {07/06/26 18:25:15}
07/06/26 18:25:21 Number of idle job procs: 11
07/06/26 18:25:21 Reassigning the id of job COLLECT from (170268.18.0) to (170268.19.0)
07/06/26 18:25:21 Event: ULOG_SUBMIT for HTCondor Node COLLECT (170268.19.0) {07/06/26 18:25:15}
07/06/26 18:25:21 Number of idle job procs: 12
07/06/26 18:25:21 Reassigning the id of job COLLECT from (170268.19.0) to (170268.2.0)
07/06/26 18:25:21 Event: ULOG_SUBMIT for HTCondor Node COLLECT (170268.2.0) {07/06/26 18:25:15}
07/06/26 18:25:21 Number of idle job procs: 13
07/06/26 18:25:21 Reassigning the id of job COLLECT from (170268.2.0) to (170268.20.0)
07/06/26 18:25:21 Event: ULOG_SUBMIT for HTCondor Node COLLECT (170268.20.0) {07/06/26 18:25:15}
07/06/26 18:25:21 Number of idle job procs: 14
07/06/26 18:25:21 Reassigning the id of job COLLECT from (170268.20.0) to (170268.21.0)
07/06/26 18:25:21 Event: ULOG_SUBMIT for HTCondor Node COLLECT (170268.21.0) {07/06/26 18:25:15}
07/06/26 18:25:21 Number of idle job procs: 15
07/06/26 18:25:21 Reassigning the id of job COLLECT from (170268.21.0) to (170268.22.0)
07/06/26 18:25:21 Event: ULOG_SUBMIT for HTCondor Node COLLECT (170268.22.0) {07/06/26 18:25:15}
07/06/26 18:25:21 Number of idle job procs: 16
07/06/26 18:25:21 Reassigning the id of job COLLECT from (170268.22.0) to (170268.23.0)
07/06/26 18:25:21 Event: ULOG_SUBMIT for HTCondor Node COLLECT (170268.23.0) {07/06/26 18:25:15}
07/06/26 18:25:21 Number of idle job procs: 17
07/06/26 18:25:21 Reassigning the id of job COLLECT from (170268.23.0) to (170268.24.0)
07/06/26 18:25:21 Event: ULOG_SUBMIT for HTCondor Node COLLECT (170268.24.0) {07/06/26 18:25:15}
07/06/26 18:25:21 Number of idle job procs: 18
07/06/26 18:25:21 Reassigning the id of job COLLECT from (170268.24.0) to (170268.25.0)
07/06/26 18:25:21 Event: ULOG_SUBMIT for HTCondor Node COLLECT (170268.25.0) {07/06/26 18:25:15}
07/06/26 18:25:21 Number of idle job procs: 19
07/06/26 18:25:21 Reassigning the id of job COLLECT from (170268.25.0) to (170268.26.0)
07/06/26 18:25:21 Event: ULOG_SUBMIT for HTCondor Node COLLECT (170268.26.0) {07/06/26 18:25:15}
07/06/26 18:25:21 Number of idle job procs: 20
07/06/26 18:25:21 Reassigning the id of job COLLECT from (170268.26.0) to (170268.27.0)
07/06/26 18:25:21 Event: ULOG_SUBMIT for HTCondor Node COLLECT (170268.27.0) {07/06/26 18:25:15}
07/06/26 18:25:21 Number of idle job procs: 21
07/06/26 18:25:21 Reassigning the id of job COLLECT from (170268.27.0) to (170268.28.0)
07/06/26 18:25:21 Event: ULOG_SUBMIT for HTCondor Node COLLECT (170268.28.0) {07/06/26 18:25:15}
07/06/26 18:25:21 Number of idle job procs: 22
07/06/26 18:25:21 Reassigning the id of job COLLECT from (170268.28.0) to (170268.29.0)
07/06/26 18:25:21 Event: ULOG_SUBMIT for HTCondor Node COLLECT (170268.29.0) {07/06/26 18:25:15}
07/06/26 18:25:21 Number of idle job procs: 23
07/06/26 18:25:21 Reassigning the id of job COLLECT from (170268.29.0) to (170268.3.0)
07/06/26 18:25:21 Event: ULOG_SUBMIT for HTCondor Node COLLECT (170268.3.0) {07/06/26 18:25:15}
07/06/26 18:25:21 Number of idle job procs: 24
07/06/26 18:25:21 Reassigning the id of job COLLECT from (170268.3.0) to (170268.30.0)
07/06/26 18:25:21 Event: ULOG_SUBMIT for HTCondor Node COLLECT (170268.30.0) {07/06/26 18:25:15}
07/06/26 18:25:21 Number of idle job procs: 25
07/06/26 18:25:21 Reassigning the id of job COLLECT from (170268.30.0) to (170268.31.0)
07/06/26 18:25:21 Event: ULOG_SUBMIT for HTCondor Node COLLECT (170268.31.0) {07/06/26 18:25:15}
07/06/26 18:25:21 Number of idle job procs: 26
07/06/26 18:25:21 Reassigning the id of job COLLECT from (170268.31.0) to (170268.32.0)
07/06/26 18:25:21 Event: ULOG_SUBMIT for HTCondor Node COLLECT (170268.32.0) {07/06/26 18:25:15}
07/06/26 18:25:21 Number of idle job procs: 27
07/06/26 18:25:21 Reassigning the id of job COLLECT from (170268.32.0) to (170268.33.0)
07/06/26 18:25:21 Event: ULOG_SUBMIT for HTCondor Node COLLECT (170268.33.0) {07/06/26 18:25:15}
07/06/26 18:25:21 Number of idle job procs: 28
07/06/26 18:25:21 Reassigning the id of job COLLECT from (170268.33.0) to (170268.34.0)
07/06/26 18:25:21 Event: ULOG_SUBMIT for HTCondor Node COLLECT (170268.34.0) {07/06/26 18:25:15}
07/06/26 18:25:21 Number of idle job procs: 29
07/06/26 18:25:21 Reassigning the id of job COLLECT from (170268.34.0) to (170268.35.0)
07/06/26 18:25:21 Event: ULOG_SUBMIT for HTCondor Node COLLECT (170268.35.0) {07/06/26 18:25:15}
07/06/26 18:25:21 Number of idle job procs: 30
07/06/26 18:25:21 Reassigning the id of job COLLECT from (170268.35.0) to (170268.36.0)
07/06/26 18:25:21 Event: ULOG_SUBMIT for HTCondor Node COLLECT (170268.36.0) {07/06/26 18:25:15}
07/06/26 18:25:21 Number of idle job procs: 31
07/06/26 18:25:21 Reassigning the id of job COLLECT from (170268.36.0) to (170268.37.0)
07/06/26 18:25:21 Event: ULOG_SUBMIT for HTCondor Node COLLECT (170268.37.0) {07/06/26 18:25:15}
07/06/26 18:25:21 Number of idle job procs: 32
07/06/26 18:25:21 Reassigning the id of job COLLECT from (170268.37.0) to (170268.38.0)
07/06/26 18:25:21 Event: ULOG_SUBMIT for HTCondor Node COLLECT (170268.38.0) {07/06/26 18:25:15}
07/06/26 18:25:21 Number of idle job procs: 33
07/06/26 18:25:21 Reassigning the id of job COLLECT from (170268.38.0) to (170268.39.0)
07/06/26 18:25:21 Event: ULOG_SUBMIT for HTCondor Node COLLECT (170268.39.0) {07/06/26 18:25:15}
07/06/26 18:25:21 Number of idle job procs: 34
07/06/26 18:25:21 Reassigning the id of job COLLECT from (170268.39.0) to (170268.4.0)
07/06/26 18:25:21 Event: ULOG_SUBMIT for HTCondor Node COLLECT (170268.4.0) {07/06/26 18:25:15}
07/06/26 18:25:21 Number of idle job procs: 35
07/06/26 18:25:21 Reassigning the id of job COLLECT from (170268.4.0) to (170268.5.0)
07/06/26 18:25:21 Event: ULOG_SUBMIT for HTCondor Node COLLECT (170268.5.0) {07/06/26 18:25:15}
07/06/26 18:25:21 Number of idle job procs: 36
07/06/26 18:25:21 Reassigning the id of job COLLECT from (170268.5.0) to (170268.6.0)
07/06/26 18:25:21 Event: ULOG_SUBMIT for HTCondor Node COLLECT (170268.6.0) {07/06/26 18:25:15}
07/06/26 18:25:21 Number of idle job procs: 37
07/06/26 18:25:21 Reassigning the id of job COLLECT from (170268.6.0) to (170268.7.0)
07/06/26 18:25:21 Event: ULOG_SUBMIT for HTCondor Node COLLECT (170268.7.0) {07/06/26 18:25:15}
07/06/26 18:25:21 Number of idle job procs: 38
07/06/26 18:25:21 Reassigning the id of job COLLECT from (170268.7.0) to (170268.8.0)
07/06/26 18:25:21 Event: ULOG_SUBMIT for HTCondor Node COLLECT (170268.8.0) {07/06/26 18:25:15}
07/06/26 18:25:21 Number of idle job procs: 39
07/06/26 18:25:21 Reassigning the id of job COLLECT from (170268.8.0) to (170268.9.0)
07/06/26 18:25:21 Event: ULOG_SUBMIT for HTCondor Node COLLECT (170268.9.0) {07/06/26 18:25:15}
07/06/26 18:25:21 Number of idle job procs: 40
07/06/26 18:35:21 600 seconds since last log event
07/06/26 18:35:21 Pending DAG nodes:
07/06/26 18:35:21   Node COLLECT, HTCondor ID 170268, status STATUS_SUBMITTED
07/06/26 18:40:17 Total jobs placed to AP: 40
07/06/26 18:40:17      Idle     Held     Running     Successful     Failed
07/06/26 18:40:17       ===      ===         ===            ===        ===
07/06/26 18:40:17        40        0           0              0          0
07/06/26 18:45:22 1201 seconds since last log event
07/06/26 18:45:22 Pending DAG nodes:
07/06/26 18:45:22   Node COLLECT, HTCondor ID 170268, status STATUS_SUBMITTED
07/06/26 18:55:17 Total jobs placed to AP: 40
07/06/26 18:55:17      Idle     Held     Running     Successful     Failed
07/06/26 18:55:17       ===      ===         ===            ===        ===
07/06/26 18:55:17        40        0           0              0          0
07/06/26 18:55:22 1801 seconds since last log event
07/06/26 18:55:22 Pending DAG nodes:
07/06/26 18:55:22   Node COLLECT, HTCondor ID 170268, status STATUS_SUBMITTED
07/06/26 19:05:23 2402 seconds since last log event
07/06/26 19:05:23 Pending DAG nodes:
07/06/26 19:05:23   Node COLLECT, HTCondor ID 170268, status STATUS_SUBMITTED
07/06/26 19:10:18 Total jobs placed to AP: 40
07/06/26 19:10:18      Idle     Held     Running     Successful     Failed
07/06/26 19:10:18       ===      ===         ===            ===        ===
07/06/26 19:10:18        40        0           0              0          0
07/06/26 19:15:23 3002 seconds since last log event
07/06/26 19:15:23 Pending DAG nodes:
07/06/26 19:15:23   Node COLLECT, HTCondor ID 170268, status STATUS_SUBMITTED
07/06/26 19:25:19 Total jobs placed to AP: 40
07/06/26 19:25:19      Idle     Held     Running     Successful     Failed
07/06/26 19:25:19       ===      ===         ===            ===        ===
07/06/26 19:25:19        40        0           0              0          0
07/06/26 19:25:24 3603 seconds since last log event
07/06/26 19:25:24 Pending DAG nodes:
07/06/26 19:25:24   Node COLLECT, HTCondor ID 170268, status STATUS_SUBMITTED
07/06/26 19:35:25 4204 seconds since last log event
07/06/26 19:35:25 Pending DAG nodes:
07/06/26 19:35:25   Node COLLECT, HTCondor ID 170268, status STATUS_SUBMITTED
07/06/26 19:40:20 Total jobs placed to AP: 40
07/06/26 19:40:20      Idle     Held     Running     Successful     Failed
07/06/26 19:40:20       ===      ===         ===            ===        ===
07/06/26 19:40:20        40        0           0              0          0
07/06/26 19:45:25 4804 seconds since last log event
07/06/26 19:45:25 Pending DAG nodes:
07/06/26 19:45:25   Node COLLECT, HTCondor ID 170268, status STATUS_SUBMITTED
07/06/26 19:55:21 Total jobs placed to AP: 40
07/06/26 19:55:21      Idle     Held     Running     Successful     Failed
07/06/26 19:55:21       ===      ===         ===            ===        ===
07/06/26 19:55:21        40        0           0              0          0
07/06/26 19:55:26 5405 seconds since last log event
07/06/26 19:55:26 Pending DAG nodes:
07/06/26 19:55:26   Node COLLECT, HTCondor ID 170268, status STATUS_SUBMITTED
07/06/26 20:05:26 6005 seconds since last log event
07/06/26 20:05:26 Pending DAG nodes:
07/06/26 20:05:26   Node COLLECT, HTCondor ID 170268, status STATUS_SUBMITTED
07/06/26 20:10:21 Total jobs placed to AP: 40
07/06/26 20:10:21      Idle     Held     Running     Successful     Failed
07/06/26 20:10:21       ===      ===         ===            ===        ===
07/06/26 20:10:21        40        0           0              0          0
07/06/26 20:15:27 6606 seconds since last log event
07/06/26 20:15:27 Pending DAG nodes:
07/06/26 20:15:27   Node COLLECT, HTCondor ID 170268, status STATUS_SUBMITTED
07/06/26 20:25:22 Total jobs placed to AP: 40
07/06/26 20:25:22      Idle     Held     Running     Successful     Failed
07/06/26 20:25:22       ===      ===         ===            ===        ===
07/06/26 20:25:22        40        0           0              0          0
07/06/26 20:25:27 7206 seconds since last log event
07/06/26 20:25:27 Pending DAG nodes:
07/06/26 20:25:27   Node COLLECT, HTCondor ID 170268, status STATUS_SUBMITTED
07/06/26 20:35:28 7807 seconds since last log event
07/06/26 20:35:28 Pending DAG nodes:
07/06/26 20:35:28   Node COLLECT, HTCondor ID 170268, status STATUS_SUBMITTED
07/06/26 20:40:23 Total jobs placed to AP: 40
07/06/26 20:40:23      Idle     Held     Running     Successful     Failed
07/06/26 20:40:23       ===      ===         ===            ===        ===
07/06/26 20:40:23        40        0           0              0          0
07/06/26 20:45:28 8407 seconds since last log event
07/06/26 20:45:28 Pending DAG nodes:
07/06/26 20:45:28   Node COLLECT, HTCondor ID 170268, status STATUS_SUBMITTED
07/06/26 20:55:24 Total jobs placed to AP: 40
07/06/26 20:55:24      Idle     Held     Running     Successful     Failed
07/06/26 20:55:24       ===      ===         ===            ===        ===
07/06/26 20:55:24        40        0           0              0          0
07/06/26 20:55:29 9008 seconds since last log event
07/06/26 20:55:29 Pending DAG nodes:
07/06/26 20:55:29   Node COLLECT, HTCondor ID 170268, status STATUS_SUBMITTED
07/06/26 21:05:29 9608 seconds since last log event
07/06/26 21:05:29 Pending DAG nodes:
07/06/26 21:05:29   Node COLLECT, HTCondor ID 170268, status STATUS_SUBMITTED
07/06/26 21:10:25 Total jobs placed to AP: 40
07/06/26 21:10:25      Idle     Held     Running     Successful     Failed
07/06/26 21:10:25       ===      ===         ===            ===        ===
07/06/26 21:10:25        40        0           0              0          0
07/06/26 21:15:30 10209 seconds since last log event
07/06/26 21:15:30 Pending DAG nodes:
07/06/26 21:15:30   Node COLLECT, HTCondor ID 170268, status STATUS_SUBMITTED
07/06/26 21:25:25 Total jobs placed to AP: 40
07/06/26 21:25:25      Idle     Held     Running     Successful     Failed
07/06/26 21:25:25       ===      ===         ===            ===        ===
07/06/26 21:25:25        40        0           0              0          0
07/06/26 21:25:30 10809 seconds since last log event
07/06/26 21:25:30 Pending DAG nodes:
07/06/26 21:25:30   Node COLLECT, HTCondor ID 170268, status STATUS_SUBMITTED
07/06/26 21:35:31 11410 seconds since last log event
07/06/26 21:35:31 Pending DAG nodes:
07/06/26 21:35:31   Node COLLECT, HTCondor ID 170268, status STATUS_SUBMITTED
07/06/26 21:40:26 Total jobs placed to AP: 40
07/06/26 21:40:26      Idle     Held     Running     Successful     Failed
07/06/26 21:40:26       ===      ===         ===            ===        ===
07/06/26 21:40:26        40        0           0              0          0
07/06/26 21:45:31 12010 seconds since last log event
07/06/26 21:45:31 Pending DAG nodes:
07/06/26 21:45:31   Node COLLECT, HTCondor ID 170268, status STATUS_SUBMITTED
07/06/26 21:55:27 Total jobs placed to AP: 40
07/06/26 21:55:27      Idle     Held     Running     Successful     Failed
07/06/26 21:55:27       ===      ===         ===            ===        ===
07/06/26 21:55:27        40        0           0              0          0
07/06/26 21:55:32 12611 seconds since last log event
07/06/26 21:55:32 Pending DAG nodes:
07/06/26 21:55:32   Node COLLECT, HTCondor ID 170268, status STATUS_SUBMITTED
07/06/26 22:05:32 13211 seconds since last log event
07/06/26 22:05:32 Pending DAG nodes:
07/06/26 22:05:32   Node COLLECT, HTCondor ID 170268, status STATUS_SUBMITTED
07/06/26 22:10:28 Total jobs placed to AP: 40
07/06/26 22:10:28      Idle     Held     Running     Successful     Failed
07/06/26 22:10:28       ===      ===         ===            ===        ===
07/06/26 22:10:28        40        0           0              0          0
07/06/26 22:15:33 13812 seconds since last log event
07/06/26 22:15:33 Pending DAG nodes:
07/06/26 22:15:33   Node COLLECT, HTCondor ID 170268, status STATUS_SUBMITTED
07/06/26 22:25:28 Total jobs placed to AP: 40
07/06/26 22:25:28      Idle     Held     Running     Successful     Failed
07/06/26 22:25:28       ===      ===         ===            ===        ===
07/06/26 22:25:28        40        0           0              0          0
07/06/26 22:25:33 14412 seconds since last log event
07/06/26 22:25:33 Pending DAG nodes:
07/06/26 22:25:33   Node COLLECT, HTCondor ID 170268, status STATUS_SUBMITTED
07/06/26 22:35:35 15014 seconds since last log event
07/06/26 22:35:41 Pending DAG nodes:
07/06/26 22:35:41   Node COLLECT, HTCondor ID 170268, status STATUS_SUBMITTED
07/06/26 22:40:32 Total jobs placed to AP: 40
07/06/26 22:40:39      Idle     Held     Running     Successful     Failed
07/06/26 22:40:39       ===      ===         ===            ===        ===
07/06/26 22:40:39        40        0           0              0          0
07/06/26 22:45:35 15614 seconds since last log event
07/06/26 22:45:35 Pending DAG nodes:
07/06/26 22:45:35   Node COLLECT, HTCondor ID 170268, status STATUS_SUBMITTED
07/06/26 22:55:35 16214 seconds since last log event
07/06/26 22:55:35 Pending DAG nodes:
07/06/26 22:55:35   Node COLLECT, HTCondor ID 170268, status STATUS_SUBMITTED
07/06/26 22:55:40 Total jobs placed to AP: 40
07/06/26 22:55:40      Idle     Held     Running     Successful     Failed
07/06/26 22:55:40       ===      ===         ===            ===        ===
07/06/26 22:55:40        40        0           0              0          0
07/06/26 23:05:36 16815 seconds since last log event
07/06/26 23:05:36 Pending DAG nodes:
07/06/26 23:05:36   Node COLLECT, HTCondor ID 170268, status STATUS_SUBMITTED
07/06/26 23:10:41 Total jobs placed to AP: 40
07/06/26 23:10:41      Idle     Held     Running     Successful     Failed
07/06/26 23:10:41       ===      ===         ===            ===        ===
07/06/26 23:10:41        40        0           0              0          0
07/06/26 23:15:36 17415 seconds since last log event
07/06/26 23:15:36 Pending DAG nodes:
07/06/26 23:15:36   Node COLLECT, HTCondor ID 170268, status STATUS_SUBMITTED
07/06/26 23:25:37 18016 seconds since last log event
07/06/26 23:25:37 Pending DAG nodes:
07/06/26 23:25:37   Node COLLECT, HTCondor ID 170268, status STATUS_SUBMITTED
07/06/26 23:25:42 Total jobs placed to AP: 40
07/06/26 23:25:42      Idle     Held     Running     Successful     Failed
07/06/26 23:25:42       ===      ===         ===            ===        ===
07/06/26 23:25:42        40        0           0              0          0
07/06/26 23:35:37 18616 seconds since last log event
07/06/26 23:35:37 Pending DAG nodes:
07/06/26 23:35:37   Node COLLECT, HTCondor ID 170268, status STATUS_SUBMITTED
07/06/26 23:40:42 Total jobs placed to AP: 40
07/06/26 23:40:42      Idle     Held     Running     Successful     Failed
07/06/26 23:40:42       ===      ===         ===            ===        ===
07/06/26 23:40:42        40        0           0              0          0
07/06/26 23:45:38 19217 seconds since last log event
07/06/26 23:45:38 Pending DAG nodes:
07/06/26 23:45:38   Node COLLECT, HTCondor ID 170268, status STATUS_SUBMITTED
07/06/26 23:55:38 19817 seconds since last log event
07/06/26 23:55:38 Pending DAG nodes:
07/06/26 23:55:38   Node COLLECT, HTCondor ID 170268, status STATUS_SUBMITTED
07/06/26 23:55:43 Total jobs placed to AP: 40
07/06/26 23:55:43      Idle     Held     Running     Successful     Failed
07/06/26 23:55:43       ===      ===         ===            ===        ===
07/06/26 23:55:43        40        0           0              0          0
07/07/26 00:05:39 20418 seconds since last log event
07/07/26 00:05:39 Pending DAG nodes:
07/07/26 00:05:39   Node COLLECT, HTCondor ID 170268, status STATUS_SUBMITTED
07/07/26 00:10:44 Total jobs placed to AP: 40
07/07/26 00:10:44      Idle     Held     Running     Successful     Failed
07/07/26 00:10:44       ===      ===         ===            ===        ===
07/07/26 00:10:44        40        0           0              0          0
07/07/26 00:15:39 21018 seconds since last log event
07/07/26 00:15:39 Pending DAG nodes:
07/07/26 00:15:39   Node COLLECT, HTCondor ID 170268, status STATUS_SUBMITTED
07/07/26 00:25:40 21619 seconds since last log event
07/07/26 00:25:40 Pending DAG nodes:
07/07/26 00:25:40   Node COLLECT, HTCondor ID 170268, status STATUS_SUBMITTED
07/07/26 00:25:45 Total jobs placed to AP: 40
07/07/26 00:25:45      Idle     Held     Running     Successful     Failed
07/07/26 00:25:45       ===      ===         ===            ===        ===
07/07/26 00:25:45        40        0           0              0          0
07/07/26 00:35:40 22219 seconds since last log event
07/07/26 00:35:40 Pending DAG nodes:
07/07/26 00:35:40   Node COLLECT, HTCondor ID 170268, status STATUS_SUBMITTED
07/07/26 00:40:45 Total jobs placed to AP: 40
07/07/26 00:40:45      Idle     Held     Running     Successful     Failed
07/07/26 00:40:45       ===      ===         ===            ===        ===
07/07/26 00:40:45        40        0           0              0          0
07/07/26 00:45:41 22820 seconds since last log event
07/07/26 00:45:41 Pending DAG nodes:
07/07/26 00:45:41   Node COLLECT, HTCondor ID 170268, status STATUS_SUBMITTED
07/07/26 00:55:41 23420 seconds since last log event
07/07/26 00:55:41 Pending DAG nodes:
07/07/26 00:55:41   Node COLLECT, HTCondor ID 170268, status STATUS_SUBMITTED
07/07/26 00:55:46 Total jobs placed to AP: 40
07/07/26 00:55:46      Idle     Held     Running     Successful     Failed
07/07/26 00:55:46       ===      ===         ===            ===        ===
07/07/26 00:55:46        40        0           0              0          0
07/07/26 01:05:42 24021 seconds since last log event
07/07/26 01:05:42 Pending DAG nodes:
07/07/26 01:05:42   Node COLLECT, HTCondor ID 170268, status STATUS_SUBMITTED
07/07/26 01:10:47 Total jobs placed to AP: 40
07/07/26 01:10:47      Idle     Held     Running     Successful     Failed
07/07/26 01:10:47       ===      ===         ===            ===        ===
07/07/26 01:10:47        40        0           0              0          0
07/07/26 01:15:42 24621 seconds since last log event
07/07/26 01:15:42 Pending DAG nodes:
07/07/26 01:15:42   Node COLLECT, HTCondor ID 170268, status STATUS_SUBMITTED
07/07/26 01:25:43 25222 seconds since last log event
07/07/26 01:25:43 Pending DAG nodes:
07/07/26 01:25:43   Node COLLECT, HTCondor ID 170268, status STATUS_SUBMITTED
07/07/26 01:25:48 Total jobs placed to AP: 40
07/07/26 01:25:48      Idle     Held     Running     Successful     Failed
07/07/26 01:25:48       ===      ===         ===            ===        ===
07/07/26 01:25:48        40        0           0              0          0
07/07/26 01:35:43 25822 seconds since last log event
07/07/26 01:35:43 Pending DAG nodes:
07/07/26 01:35:43   Node COLLECT, HTCondor ID 170268, status STATUS_SUBMITTED
07/07/26 01:40:49 Total jobs placed to AP: 40
07/07/26 01:40:49      Idle     Held     Running     Successful     Failed
07/07/26 01:40:49       ===      ===         ===            ===        ===
07/07/26 01:40:49        40        0           0              0          0
07/07/26 01:45:44 26423 seconds since last log event
07/07/26 01:45:44 Pending DAG nodes:
07/07/26 01:45:44   Node COLLECT, HTCondor ID 170268, status STATUS_SUBMITTED
07/07/26 01:55:45 27024 seconds since last log event
07/07/26 01:55:45 Pending DAG nodes:
07/07/26 01:55:45   Node COLLECT, HTCondor ID 170268, status STATUS_SUBMITTED
07/07/26 01:55:50 Total jobs placed to AP: 40
07/07/26 01:55:50      Idle     Held     Running     Successful     Failed
07/07/26 01:55:50       ===      ===         ===            ===        ===
07/07/26 01:55:50        40        0           0              0          0
07/07/26 02:05:45 27624 seconds since last log event
07/07/26 02:05:45 Pending DAG nodes:
07/07/26 02:05:45   Node COLLECT, HTCondor ID 170268, status STATUS_SUBMITTED
07/07/26 02:10:50 Total jobs placed to AP: 40
07/07/26 02:10:50      Idle     Held     Running     Successful     Failed
07/07/26 02:10:50       ===      ===         ===            ===        ===
07/07/26 02:10:50        40        0           0              0          0
07/07/26 02:15:46 28225 seconds since last log event
07/07/26 02:15:46 Pending DAG nodes:
07/07/26 02:15:46   Node COLLECT, HTCondor ID 170268, status STATUS_SUBMITTED
07/07/26 02:25:46 28825 seconds since last log event
07/07/26 02:25:46 Pending DAG nodes:
07/07/26 02:25:46   Node COLLECT, HTCondor ID 170268, status STATUS_SUBMITTED
07/07/26 02:25:46 Querying local schedd for associated jobs in queue
07/07/26 02:25:46 All pending job states validated
07/07/26 02:25:51 Total jobs placed to AP: 40
07/07/26 02:25:51      Idle     Held     Running     Successful     Failed
07/07/26 02:25:51       ===      ===         ===            ===        ===
07/07/26 02:25:51        40        0           0              0          0
07/07/26 02:35:47 29426 seconds since last log event
07/07/26 02:35:47 Pending DAG nodes:
07/07/26 02:35:47   Node COLLECT, HTCondor ID 170268, status STATUS_SUBMITTED
07/07/26 02:40:52 Total jobs placed to AP: 40
07/07/26 02:40:52      Idle     Held     Running     Successful     Failed
07/07/26 02:40:52       ===      ===         ===            ===        ===
07/07/26 02:40:52        40        0           0              0          0
07/07/26 02:45:47 30026 seconds since last log event
07/07/26 02:45:47 Pending DAG nodes:
07/07/26 02:45:47   Node COLLECT, HTCondor ID 170268, status STATUS_SUBMITTED
07/07/26 02:55:48 30627 seconds since last log event
07/07/26 02:55:48 Pending DAG nodes:
07/07/26 02:55:48   Node COLLECT, HTCondor ID 170268, status STATUS_SUBMITTED
07/07/26 02:55:53 Total jobs placed to AP: 40
07/07/26 02:55:53      Idle     Held     Running     Successful     Failed
07/07/26 02:55:53       ===      ===         ===            ===        ===
07/07/26 02:55:53        40        0           0              0          0
07/07/26 03:05:48 31227 seconds since last log event
07/07/26 03:05:48 Pending DAG nodes:
07/07/26 03:05:48   Node COLLECT, HTCondor ID 170268, status STATUS_SUBMITTED
07/07/26 03:10:54 Total jobs placed to AP: 40
07/07/26 03:10:54      Idle     Held     Running     Successful     Failed
07/07/26 03:10:54       ===      ===         ===            ===        ===
07/07/26 03:10:54        40        0           0              0          0
07/07/26 03:15:49 31828 seconds since last log event
07/07/26 03:15:49 Pending DAG nodes:
07/07/26 03:15:49   Node COLLECT, HTCondor ID 170268, status STATUS_SUBMITTED
07/07/26 03:25:49 32428 seconds since last log event
07/07/26 03:25:49 Pending DAG nodes:
07/07/26 03:25:49   Node COLLECT, HTCondor ID 170268, status STATUS_SUBMITTED
07/07/26 03:25:54 Total jobs placed to AP: 40
07/07/26 03:25:54      Idle     Held     Running     Successful     Failed
07/07/26 03:25:54       ===      ===         ===            ===        ===
07/07/26 03:25:54        40        0           0              0          0
07/07/26 03:35:50 33029 seconds since last log event
07/07/26 03:35:50 Pending DAG nodes:
07/07/26 03:35:50   Node COLLECT, HTCondor ID 170268, status STATUS_SUBMITTED
07/07/26 03:40:55 Total jobs placed to AP: 40
07/07/26 03:40:55      Idle     Held     Running     Successful     Failed
07/07/26 03:40:55       ===      ===         ===            ===        ===
07/07/26 03:40:55        40        0           0              0          0
07/07/26 03:45:51 33630 seconds since last log event
07/07/26 03:45:51 Pending DAG nodes:
07/07/26 03:45:51   Node COLLECT, HTCondor ID 170268, status STATUS_SUBMITTED
07/07/26 03:55:51 34230 seconds since last log event
07/07/26 03:55:51 Pending DAG nodes:
07/07/26 03:55:51   Node COLLECT, HTCondor ID 170268, status STATUS_SUBMITTED
07/07/26 03:55:56 Total jobs placed to AP: 40
07/07/26 03:55:56      Idle     Held     Running     Successful     Failed
07/07/26 03:55:56       ===      ===         ===            ===        ===
07/07/26 03:55:56        40        0           0              0          0
07/07/26 04:05:52 34831 seconds since last log event
07/07/26 04:05:52 Pending DAG nodes:
07/07/26 04:05:52   Node COLLECT, HTCondor ID 170268, status STATUS_SUBMITTED
07/07/26 04:10:57 Total jobs placed to AP: 40
07/07/26 04:10:57      Idle     Held     Running     Successful     Failed
07/07/26 04:10:57       ===      ===         ===            ===        ===
07/07/26 04:10:57        40        0           0              0          0
07/07/26 04:15:52 35431 seconds since last log event
07/07/26 04:15:52 Pending DAG nodes:
07/07/26 04:15:52   Node COLLECT, HTCondor ID 170268, status STATUS_SUBMITTED
07/07/26 04:15:57 Currently monitoring 1 HTCondor log file(s)
07/07/26 04:15:57 Event: ULOG_EXECUTE for HTCondor Node COLLECT (170268.1.0) {07/07/26 04:15:53}
07/07/26 04:15:57 Number of idle job procs: 39
07/07/26 04:15:57 Event: ULOG_EXECUTE for HTCondor Node COLLECT (170268.0.0) {07/07/26 04:15:53}
07/07/26 04:15:57 Number of idle job procs: 38
07/07/26 04:16:57 Currently monitoring 1 HTCondor log file(s)
07/07/26 04:16:57 Event: ULOG_EXECUTE for HTCondor Node COLLECT (170268.2.0) {07/07/26 04:16:53}
07/07/26 04:16:57 Number of idle job procs: 37
07/07/26 04:17:57 Currently monitoring 1 HTCondor log file(s)
07/07/26 04:17:57 Event: ULOG_EXECUTE for HTCondor Node COLLECT (170268.5.0) {07/07/26 04:17:54}
07/07/26 04:17:57 Number of idle job procs: 36
07/07/26 04:17:57 Event: ULOG_EXECUTE for HTCondor Node COLLECT (170268.6.0) {07/07/26 04:17:54}
07/07/26 04:17:57 Number of idle job procs: 35
07/07/26 04:17:57 Event: ULOG_EXECUTE for HTCondor Node COLLECT (170268.3.0) {07/07/26 04:17:54}
07/07/26 04:17:57 Number of idle job procs: 34
07/07/26 04:17:57 Event: ULOG_EXECUTE for HTCondor Node COLLECT (170268.4.0) {07/07/26 04:17:54}
07/07/26 04:17:57 Number of idle job procs: 33
07/07/26 04:19:57 Currently monitoring 1 HTCondor log file(s)
07/07/26 04:19:57 Event: ULOG_EXECUTE for HTCondor Node COLLECT (170268.7.0) {07/07/26 04:19:53}
07/07/26 04:19:57 Number of idle job procs: 32
07/07/26 04:20:57 Currently monitoring 1 HTCondor log file(s)
07/07/26 04:20:57 Event: ULOG_EXECUTE for HTCondor Node COLLECT (170268.10.0) {07/07/26 04:20:53}
07/07/26 04:20:57 Number of idle job procs: 31
07/07/26 04:20:57 Event: ULOG_EXECUTE for HTCondor Node COLLECT (170268.9.0) {07/07/26 04:20:54}
07/07/26 04:20:57 Number of idle job procs: 30
07/07/26 04:20:57 Event: ULOG_EXECUTE for HTCondor Node COLLECT (170268.8.0) {07/07/26 04:20:54}
07/07/26 04:20:57 Number of idle job procs: 29
07/07/26 04:25:57 Total jobs placed to AP: 40
07/07/26 04:25:57      Idle     Held     Running     Successful     Failed
07/07/26 04:25:57       ===      ===         ===            ===        ===
07/07/26 04:25:57        29        0          11              0          0
07/07/26 04:29:57 Currently monitoring 1 HTCondor log file(s)
07/07/26 04:29:57 Event: ULOG_EXECUTE for HTCondor Node COLLECT (170268.11.0) {07/07/26 04:29:54}
07/07/26 04:29:57 Number of idle job procs: 28
07/07/26 04:31:57 Currently monitoring 1 HTCondor log file(s)
07/07/26 04:31:57 Event: ULOG_EXECUTE for HTCondor Node COLLECT (170268.12.0) {07/07/26 04:31:53}
07/07/26 04:31:57 Number of idle job procs: 27
07/07/26 04:33:57 Currently monitoring 1 HTCondor log file(s)
07/07/26 04:33:57 Event: ULOG_EXECUTE for HTCondor Node COLLECT (170268.17.0) {07/07/26 04:33:54}
07/07/26 04:33:57 Number of idle job procs: 26
07/07/26 04:33:57 Event: ULOG_EXECUTE for HTCondor Node COLLECT (170268.15.0) {07/07/26 04:33:54}
07/07/26 04:33:57 Number of idle job procs: 25
07/07/26 04:33:57 Event: ULOG_EXECUTE for HTCondor Node COLLECT (170268.16.0) {07/07/26 04:33:54}
07/07/26 04:33:57 Number of idle job procs: 24
07/07/26 04:33:57 Event: ULOG_EXECUTE for HTCondor Node COLLECT (170268.13.0) {07/07/26 04:33:54}
07/07/26 04:33:57 Number of idle job procs: 23
07/07/26 04:33:57 Event: ULOG_EXECUTE for HTCondor Node COLLECT (170268.14.0) {07/07/26 04:33:54}
07/07/26 04:33:57 Number of idle job procs: 22
07/07/26 04:36:57 Currently monitoring 1 HTCondor log file(s)
07/07/26 04:36:57 Event: ULOG_EXECUTE for HTCondor Node COLLECT (170268.18.0) {07/07/26 04:36:53}
07/07/26 04:36:57 Number of idle job procs: 21
07/07/26 04:37:57 Currently monitoring 1 HTCondor log file(s)
07/07/26 04:37:57 Event: ULOG_EXECUTE for HTCondor Node COLLECT (170268.21.0) {07/07/26 04:37:54}
07/07/26 04:37:57 Number of idle job procs: 20
07/07/26 04:37:57 Event: ULOG_EXECUTE for HTCondor Node COLLECT (170268.19.0) {07/07/26 04:37:54}
07/07/26 04:37:57 Number of idle job procs: 19
07/07/26 04:37:57 Event: ULOG_EXECUTE for HTCondor Node COLLECT (170268.20.0) {07/07/26 04:37:54}
07/07/26 04:37:57 Number of idle job procs: 18
07/07/26 04:38:57 Currently monitoring 1 HTCondor log file(s)
07/07/26 04:38:57 Event: ULOG_EXECUTE for HTCondor Node COLLECT (170268.22.0) {07/07/26 04:38:54}
07/07/26 04:38:57 Number of idle job procs: 17
07/07/26 04:38:57 Event: ULOG_EXECUTE for HTCondor Node COLLECT (170268.23.0) {07/07/26 04:38:54}
07/07/26 04:38:57 Number of idle job procs: 16
07/07/26 04:39:43 Currently monitoring 1 HTCondor log file(s)
07/07/26 04:39:43 Event: ULOG_EXECUTE for HTCondor Node COLLECT (170268.24.0) {07/07/26 04:39:39}
07/07/26 04:39:43 Number of idle job procs: 15
07/07/26 04:39:43 Event: ULOG_EXECUTE for HTCondor Node COLLECT (170268.25.0) {07/07/26 04:39:39}
07/07/26 04:39:43 Number of idle job procs: 14
07/07/26 04:40:58 Total jobs placed to AP: 40
07/07/26 04:40:58      Idle     Held     Running     Successful     Failed
07/07/26 04:40:58       ===      ===         ===            ===        ===
07/07/26 04:40:58        14        0          26              0          0
07/07/26 04:49:43 600 seconds since last log event
07/07/26 04:49:43 Pending DAG nodes:
07/07/26 04:49:43   Node COLLECT, HTCondor ID 170268, status STATUS_SUBMITTED
07/07/26 04:55:58 Total jobs placed to AP: 40
07/07/26 04:55:58      Idle     Held     Running     Successful     Failed
07/07/26 04:55:58       ===      ===         ===            ===        ===
07/07/26 04:55:58        14        0          26              0          0
07/07/26 04:59:44 1201 seconds since last log event
07/07/26 04:59:44 Pending DAG nodes:
07/07/26 04:59:44   Node COLLECT, HTCondor ID 170268, status STATUS_SUBMITTED
07/07/26 05:09:44 1801 seconds since last log event
07/07/26 05:09:44 Pending DAG nodes:
07/07/26 05:09:44   Node COLLECT, HTCondor ID 170268, status STATUS_SUBMITTED
07/07/26 05:10:59 Total jobs placed to AP: 40
07/07/26 05:10:59      Idle     Held     Running     Successful     Failed
07/07/26 05:10:59       ===      ===         ===            ===        ===
07/07/26 05:10:59        14        0          26              0          0
07/07/26 05:19:00 Currently monitoring 1 HTCondor log file(s)
07/07/26 05:19:00 Event: ULOG_JOB_EVICTED for HTCondor Node COLLECT (170268.6.0) {07/07/26 05:18:55}
07/07/26 05:19:00 Number of idle job procs: 15
07/07/26 05:19:00 Event: ULOG_JOB_HELD for HTCondor Node COLLECT (170268.6.0) {07/07/26 05:18:55}
07/07/26 05:19:00   Hold reason: Error from teaching4@lofn.hpc.uni-saarland.de: Docker job has gone over memory limit of 64480 Mb
07/07/26 05:19:00 Number of idle job procs: 15
07/07/26 05:19:00 DAG status: 0 (DAG_STATUS_OK)
07/07/26 05:19:00 Of 5 nodes total:
07/07/26 05:19:00  Done     Pre   Queued    Post   Ready   Un-Ready   Failed   Futile
07/07/26 05:19:00   ===     ===      ===     ===     ===        ===      ===      ===
07/07/26 05:19:00     0       0        1       0       0          4        0        0
07/07/26 05:19:00 1 job proc(s) currently held
07/07/26 05:19:00 DAGMan Runtime Statistics: [EventCycleTimeAvg=0.007; EventCycleTimeMax=20.450; EventCycleTimeMin=0.000; EventCycleTimeStd=0.294; EventCycleTimeSum=50.970; SleepCycleTimeAvg=5.011; SleepCycleTimeMax=19.618; SleepCycleTimeMin=4.004; SleepCycleTimeStd=0.255; SleepCycleTimeSum=39173.772; SubmitCycleTimeAvg=0.000; SubmitCycleTimeMax=0.748; SubmitCycleTimeMin=0.000; SubmitCycleTimeStd=0.008; SubmitCycleTimeSum=0.752; EventCycleTimeCount=7817.000; SleepCycleTimeCount=7817.000; SubmitCycleTimeCount=7818.000; LogProcessCycleTimeAvg=0.013; LogProcessCycleTimeMax=0.121; LogProcessCycleTimeMin=0.002; LogProcessCycleTimeStd=0.031; LogProcessCycleTimeSum=0.188; LogProcessCycleTimeCount=14.000; ]
07/07/26 05:22:35 Currently monitoring 1 HTCondor log file(s)
07/07/26 05:22:35 Event: ULOG_JOB_EVICTED for HTCondor Node COLLECT (170268.9.0) {07/07/26 05:22:34}
07/07/26 05:22:35 Number of idle job procs: 16
07/07/26 05:22:35 Event: ULOG_JOB_HELD for HTCondor Node COLLECT (170268.9.0) {07/07/26 05:22:34}
07/07/26 05:22:35   Hold reason: Error from teaching6@lofn.hpc.uni-saarland.de: Docker job has gone over memory limit of 64480 Mb
07/07/26 05:22:35 Number of idle job procs: 16
07/07/26 05:22:35 DAG status: 0 (DAG_STATUS_OK)
07/07/26 05:22:35 Of 5 nodes total:
07/07/26 05:22:35  Done     Pre   Queued    Post   Ready   Un-Ready   Failed   Futile
07/07/26 05:22:35   ===     ===      ===     ===     ===        ===      ===      ===
07/07/26 05:22:35     0       0        1       0       0          4        0        0
07/07/26 05:22:35 2 job proc(s) currently held
07/07/26 05:22:35 DAGMan Runtime Statistics: [EventCycleTimeAvg=0.006; EventCycleTimeMax=20.450; EventCycleTimeMin=0.000; EventCycleTimeStd=0.293; EventCycleTimeSum=50.989; SleepCycleTimeAvg=5.011; SleepCycleTimeMax=19.618; SleepCycleTimeMin=4.004; SleepCycleTimeStd=0.254; SleepCycleTimeSum=39388.937; SubmitCycleTimeAvg=0.000; SubmitCycleTimeMax=0.748; SubmitCycleTimeMin=0.000; SubmitCycleTimeStd=0.008; SubmitCycleTimeSum=0.752; EventCycleTimeCount=7860.000; SleepCycleTimeCount=7860.000; SubmitCycleTimeCount=7861.000; LogProcessCycleTimeAvg=0.013; LogProcessCycleTimeMax=0.121; LogProcessCycleTimeMin=0.002; LogProcessCycleTimeStd=0.030; LogProcessCycleTimeSum=0.195; LogProcessCycleTimeCount=15.000; ]
07/07/26 05:23:25 Currently monitoring 1 HTCondor log file(s)
07/07/26 05:23:25 Event: ULOG_JOB_EVICTED for HTCondor Node COLLECT (170268.11.0) {07/07/26 05:23:21}
07/07/26 05:23:25 Number of idle job procs: 17
07/07/26 05:23:25 Event: ULOG_JOB_HELD for HTCondor Node COLLECT (170268.11.0) {07/07/26 05:23:21}
07/07/26 05:23:25   Hold reason: Error from teaching1@idun.hpc.uni-saarland.de: Docker job has gone over memory limit of 64480 Mb
07/07/26 05:23:25 Number of idle job procs: 17
07/07/26 05:23:25 DAG status: 0 (DAG_STATUS_OK)
07/07/26 05:23:25 Of 5 nodes total:
07/07/26 05:23:25  Done     Pre   Queued    Post   Ready   Un-Ready   Failed   Futile
07/07/26 05:23:25   ===     ===      ===     ===     ===        ===      ===      ===
07/07/26 05:23:25     0       0        1       0       0          4        0        0
07/07/26 05:23:25 3 job proc(s) currently held
07/07/26 05:23:25 DAGMan Runtime Statistics: [EventCycleTimeAvg=0.006; EventCycleTimeMax=20.450; EventCycleTimeMin=0.000; EventCycleTimeStd=0.293; EventCycleTimeSum=51.004; SleepCycleTimeAvg=5.011; SleepCycleTimeMax=19.618; SleepCycleTimeMin=4.004; SleepCycleTimeStd=0.254; SleepCycleTimeSum=39438.982; SubmitCycleTimeAvg=0.000; SubmitCycleTimeMax=0.748; SubmitCycleTimeMin=0.000; SubmitCycleTimeStd=0.008; SubmitCycleTimeSum=0.752; EventCycleTimeCount=7870.000; SleepCycleTimeCount=7870.000; SubmitCycleTimeCount=7871.000; LogProcessCycleTimeAvg=0.012; LogProcessCycleTimeMax=0.121; LogProcessCycleTimeMin=0.002; LogProcessCycleTimeStd=0.029; LogProcessCycleTimeSum=0.199; LogProcessCycleTimeCount=16.000; ]
07/07/26 05:26:00 Total jobs placed to AP: 40
07/07/26 05:26:00      Idle     Held     Running     Successful     Failed
07/07/26 05:26:00       ===      ===         ===            ===        ===
07/07/26 05:26:00        14        3          23              0          0
07/07/26 05:26:15 Currently monitoring 1 HTCondor log file(s)
07/07/26 05:26:15 Event: ULOG_JOB_EVICTED for HTCondor Node COLLECT (170268.5.0) {07/07/26 05:26:13}
07/07/26 05:26:15 Number of idle job procs: 18
07/07/26 05:26:15 Event: ULOG_JOB_HELD for HTCondor Node COLLECT (170268.5.0) {07/07/26 05:26:13}
07/07/26 05:26:15   Hold reason: Error from teaching2@uller.hpc.uni-saarland.de: Docker job has gone over memory limit of 73692 Mb
07/07/26 05:26:15 Number of idle job procs: 18
07/07/26 05:26:15 DAG status: 0 (DAG_STATUS_OK)
07/07/26 05:26:15 Of 5 nodes total:
07/07/26 05:26:15  Done     Pre   Queued    Post   Ready   Un-Ready   Failed   Futile
07/07/26 05:26:15   ===     ===      ===     ===     ===        ===      ===      ===
07/07/26 05:26:15     0       0        1       0       0          4        0        0
07/07/26 05:26:15 4 job proc(s) currently held
07/07/26 05:26:15 DAGMan Runtime Statistics: [EventCycleTimeAvg=0.006; EventCycleTimeMax=20.450; EventCycleTimeMin=0.000; EventCycleTimeStd=0.292; EventCycleTimeSum=51.022; SleepCycleTimeAvg=5.011; SleepCycleTimeMax=19.618; SleepCycleTimeMin=4.004; SleepCycleTimeStd=0.254; SleepCycleTimeSum=39609.124; SubmitCycleTimeAvg=0.000; SubmitCycleTimeMax=0.748; SubmitCycleTimeMin=0.000; SubmitCycleTimeStd=0.008; SubmitCycleTimeSum=0.752; EventCycleTimeCount=7904.000; SleepCycleTimeCount=7904.000; SubmitCycleTimeCount=7905.000; LogProcessCycleTimeAvg=0.012; LogProcessCycleTimeMax=0.121; LogProcessCycleTimeMin=0.002; LogProcessCycleTimeStd=0.028; LogProcessCycleTimeSum=0.205; LogProcessCycleTimeCount=17.000; ]
07/07/26 05:26:50 Currently monitoring 1 HTCondor log file(s)
07/07/26 05:26:50 Event: ULOG_JOB_EVICTED for HTCondor Node COLLECT (170268.10.0) {07/07/26 05:26:45}
07/07/26 05:26:50 Number of idle job procs: 19
07/07/26 05:26:50 Event: ULOG_JOB_HELD for HTCondor Node COLLECT (170268.10.0) {07/07/26 05:26:45}
07/07/26 05:26:50   Hold reason: Error from teaching7@lofn.hpc.uni-saarland.de: Docker job has gone over memory limit of 64480 Mb
07/07/26 05:26:50 Number of idle job procs: 19
07/07/26 05:26:50 DAG status: 0 (DAG_STATUS_OK)
07/07/26 05:26:50 Of 5 nodes total:
07/07/26 05:26:50  Done     Pre   Queued    Post   Ready   Un-Ready   Failed   Futile
07/07/26 05:26:50   ===     ===      ===     ===     ===        ===      ===      ===
07/07/26 05:26:50     0       0        1       0       0          4        0        0
07/07/26 05:26:50 5 job proc(s) currently held
07/07/26 05:26:50 DAGMan Runtime Statistics: [EventCycleTimeAvg=0.006; EventCycleTimeMax=20.450; EventCycleTimeMin=0.000; EventCycleTimeStd=0.292; EventCycleTimeSum=51.033; SleepCycleTimeAvg=5.011; SleepCycleTimeMax=19.618; SleepCycleTimeMin=4.004; SleepCycleTimeStd=0.253; SleepCycleTimeSum=39644.156; SubmitCycleTimeAvg=0.000; SubmitCycleTimeMax=0.748; SubmitCycleTimeMin=0.000; SubmitCycleTimeStd=0.008; SubmitCycleTimeSum=0.752; EventCycleTimeCount=7911.000; SleepCycleTimeCount=7911.000; SubmitCycleTimeCount=7912.000; LogProcessCycleTimeAvg=0.012; LogProcessCycleTimeMax=0.121; LogProcessCycleTimeMin=0.002; LogProcessCycleTimeStd=0.027; LogProcessCycleTimeSum=0.209; LogProcessCycleTimeCount=18.000; ]
07/07/26 05:28:20 Currently monitoring 1 HTCondor log file(s)
07/07/26 05:28:20 Event: ULOG_JOB_EVICTED for HTCondor Node COLLECT (170268.2.0) {07/07/26 05:28:16}
07/07/26 05:28:20 Number of idle job procs: 20
07/07/26 05:28:20 Event: ULOG_JOB_HELD for HTCondor Node COLLECT (170268.2.0) {07/07/26 05:28:16}
07/07/26 05:28:20   Hold reason: Error from teaching4@idun.hpc.uni-saarland.de: Docker job has gone over memory limit of 64480 Mb
07/07/26 05:28:20 Number of idle job procs: 20
07/07/26 05:28:20 DAG status: 0 (DAG_STATUS_OK)
07/07/26 05:28:20 Of 5 nodes total:
07/07/26 05:28:20  Done     Pre   Queued    Post   Ready   Un-Ready   Failed   Futile
07/07/26 05:28:20   ===     ===      ===     ===     ===        ===      ===      ===
07/07/26 05:28:20     0       0        1       0       0          4        0        0
07/07/26 05:28:20 6 job proc(s) currently held
07/07/26 05:28:20 DAGMan Runtime Statistics: [EventCycleTimeAvg=0.006; EventCycleTimeMax=20.450; EventCycleTimeMin=0.000; EventCycleTimeStd=0.292; EventCycleTimeSum=51.041; SleepCycleTimeAvg=5.011; SleepCycleTimeMax=19.618; SleepCycleTimeMin=4.004; SleepCycleTimeStd=0.253; SleepCycleTimeSum=39734.265; SubmitCycleTimeAvg=0.000; SubmitCycleTimeMax=0.748; SubmitCycleTimeMin=0.000; SubmitCycleTimeStd=0.008; SubmitCycleTimeSum=0.752; EventCycleTimeCount=7929.000; SleepCycleTimeCount=7929.000; SubmitCycleTimeCount=7930.000; LogProcessCycleTimeAvg=0.011; LogProcessCycleTimeMax=0.121; LogProcessCycleTimeMin=0.002; LogProcessCycleTimeStd=0.027; LogProcessCycleTimeSum=0.213; LogProcessCycleTimeCount=19.000; ]
07/07/26 05:30:40 Currently monitoring 1 HTCondor log file(s)
07/07/26 05:30:40 Event: ULOG_EXECUTE for HTCondor Node COLLECT (170268.26.0) {07/07/26 05:30:40}
07/07/26 05:30:40 Number of idle job procs: 19
07/07/26 05:31:25 Currently monitoring 1 HTCondor log file(s)
07/07/26 05:31:25 Event: ULOG_JOB_EVICTED for HTCondor Node COLLECT (170268.1.0) {07/07/26 05:31:23}
07/07/26 05:31:25 Number of idle job procs: 20
07/07/26 05:31:25 Event: ULOG_JOB_HELD for HTCondor Node COLLECT (170268.1.0) {07/07/26 05:31:23}
07/07/26 05:31:25   Hold reason: Error from teaching1@uller.hpc.uni-saarland.de: Docker job has gone over memory limit of 73692 Mb
07/07/26 05:31:25 Number of idle job procs: 20
07/07/26 05:31:25 DAG status: 0 (DAG_STATUS_OK)
07/07/26 05:31:25 Of 5 nodes total:
07/07/26 05:31:25  Done     Pre   Queued    Post   Ready   Un-Ready   Failed   Futile
07/07/26 05:31:25   ===     ===      ===     ===     ===        ===      ===      ===
07/07/26 05:31:25     0       0        1       0       0          4        0        0
07/07/26 05:31:25 7 job proc(s) currently held
07/07/26 05:31:25 DAGMan Runtime Statistics: [EventCycleTimeAvg=0.006; EventCycleTimeMax=20.450; EventCycleTimeMin=0.000; EventCycleTimeStd=0.291; EventCycleTimeSum=51.058; SleepCycleTimeAvg=5.011; SleepCycleTimeMax=19.618; SleepCycleTimeMin=4.004; SleepCycleTimeStd=0.253; SleepCycleTimeSum=39919.415; SubmitCycleTimeAvg=0.000; SubmitCycleTimeMax=0.748; SubmitCycleTimeMin=0.000; SubmitCycleTimeStd=0.008; SubmitCycleTimeSum=0.752; EventCycleTimeCount=7966.000; SleepCycleTimeCount=7966.000; SubmitCycleTimeCount=7967.000; LogProcessCycleTimeAvg=0.010; LogProcessCycleTimeMax=0.121; LogProcessCycleTimeMin=0.002; LogProcessCycleTimeStd=0.025; LogProcessCycleTimeSum=0.220; LogProcessCycleTimeCount=21.000; ]
07/07/26 05:33:41 Currently monitoring 1 HTCondor log file(s)
07/07/26 05:33:41 Event: ULOG_EXECUTE for HTCondor Node COLLECT (170268.27.0) {07/07/26 05:33:39}
07/07/26 05:33:41 Number of idle job procs: 19
07/07/26 05:34:36 Currently monitoring 1 HTCondor log file(s)
07/07/26 05:34:36 Event: ULOG_JOB_EVICTED for HTCondor Node COLLECT (170268.12.0) {07/07/26 05:34:31}
07/07/26 05:34:36 Number of idle job procs: 20
07/07/26 05:34:36 Event: ULOG_JOB_HELD for HTCondor Node COLLECT (170268.12.0) {07/07/26 05:34:31}
07/07/26 05:34:36   Hold reason: Error from teaching5@lofn.hpc.uni-saarland.de: Docker job has gone over memory limit of 64480 Mb
07/07/26 05:34:36 Number of idle job procs: 20
07/07/26 05:34:36 Event: ULOG_JOB_EVICTED for HTCondor Node COLLECT (170268.19.0) {07/07/26 05:34:31}
07/07/26 05:34:36 Number of idle job procs: 21
07/07/26 05:34:36 Event: ULOG_JOB_HELD for HTCondor Node COLLECT (170268.19.0) {07/07/26 05:34:31}
07/07/26 05:34:36   Hold reason: Error from teaching1@lofn.hpc.uni-saarland.de: Docker job has gone over memory limit of 64480 Mb
07/07/26 05:34:36 Number of idle job procs: 21
07/07/26 05:34:36 DAG status: 0 (DAG_STATUS_OK)
07/07/26 05:34:36 Of 5 nodes total:
07/07/26 05:34:36  Done     Pre   Queued    Post   Ready   Un-Ready   Failed   Futile
07/07/26 05:34:36   ===     ===      ===     ===     ===        ===      ===      ===
07/07/26 05:34:36     0       0        1       0       0          4        0        0
07/07/26 05:34:36 9 job proc(s) currently held
07/07/26 05:34:36 DAGMan Runtime Statistics: [EventCycleTimeAvg=0.006; EventCycleTimeMax=20.450; EventCycleTimeMin=0.000; EventCycleTimeStd=0.291; EventCycleTimeSum=51.069; SleepCycleTimeAvg=5.011; SleepCycleTimeMax=19.618; SleepCycleTimeMin=4.004; SleepCycleTimeStd=0.252; SleepCycleTimeSum=40109.577; SubmitCycleTimeAvg=0.000; SubmitCycleTimeMax=0.748; SubmitCycleTimeMin=0.000; SubmitCycleTimeStd=0.008; SubmitCycleTimeSum=0.752; EventCycleTimeCount=8004.000; SleepCycleTimeCount=8004.000; SubmitCycleTimeCount=8005.000; LogProcessCycleTimeAvg=0.010; LogProcessCycleTimeMax=0.121; LogProcessCycleTimeMin=0.002; LogProcessCycleTimeStd=0.024; LogProcessCycleTimeSum=0.230; LogProcessCycleTimeCount=23.000; ]
07/07/26 05:34:41 Currently monitoring 1 HTCondor log file(s)
07/07/26 05:34:41 Event: ULOG_EXECUTE for HTCondor Node COLLECT (170268.30.0) {07/07/26 05:34:40}
07/07/26 05:34:41 Number of idle job procs: 20
07/07/26 05:36:56 Currently monitoring 1 HTCondor log file(s)
07/07/26 05:36:56 Event: ULOG_JOB_EVICTED for HTCondor Node COLLECT (170268.21.0) {07/07/26 05:36:52}
07/07/26 05:36:56 Number of idle job procs: 21
07/07/26 05:36:56 Event: ULOG_JOB_HELD for HTCondor Node COLLECT (170268.21.0) {07/07/26 05:36:52}
07/07/26 05:36:56   Hold reason: Error from teaching3@idun.hpc.uni-saarland.de: Docker job has gone over memory limit of 64480 Mb
07/07/26 05:36:56 Number of idle job procs: 21
07/07/26 05:36:56 DAG status: 0 (DAG_STATUS_OK)
07/07/26 05:36:56 Of 5 nodes total:
07/07/26 05:36:56  Done     Pre   Queued    Post   Ready   Un-Ready   Failed   Futile
07/07/26 05:36:56   ===     ===      ===     ===     ===        ===      ===      ===
07/07/26 05:36:56     0       0        1       0       0          4        0        0
07/07/26 05:36:56 10 job proc(s) currently held
07/07/26 05:36:56 DAGMan Runtime Statistics: [EventCycleTimeAvg=0.006; EventCycleTimeMax=20.450; EventCycleTimeMin=0.000; EventCycleTimeStd=0.290; EventCycleTimeSum=51.092; SleepCycleTimeAvg=5.011; SleepCycleTimeMax=19.618; SleepCycleTimeMin=4.004; SleepCycleTimeStd=0.252; SleepCycleTimeSum=40249.690; SubmitCycleTimeAvg=0.000; SubmitCycleTimeMax=0.748; SubmitCycleTimeMin=0.000; SubmitCycleTimeStd=0.008; SubmitCycleTimeSum=0.752; EventCycleTimeCount=8032.000; SleepCycleTimeCount=8032.000; SubmitCycleTimeCount=8033.000; LogProcessCycleTimeAvg=0.009; LogProcessCycleTimeMax=0.121; LogProcessCycleTimeMin=0.002; LogProcessCycleTimeStd=0.023; LogProcessCycleTimeSum=0.236; LogProcessCycleTimeCount=25.000; ]
07/07/26 05:37:41 Currently monitoring 1 HTCondor log file(s)
07/07/26 05:37:41 Event: ULOG_EXECUTE for HTCondor Node COLLECT (170268.29.0) {07/07/26 05:37:39}
07/07/26 05:37:41 Number of idle job procs: 20
07/07/26 05:37:41 Event: ULOG_EXECUTE for HTCondor Node COLLECT (170268.28.0) {07/07/26 05:37:39}
07/07/26 05:37:41 Number of idle job procs: 19
07/07/26 05:39:41 Currently monitoring 1 HTCondor log file(s)
07/07/26 05:39:41 Event: ULOG_EXECUTE for HTCondor Node COLLECT (170268.31.0) {07/07/26 05:39:40}
07/07/26 05:39:41 Number of idle job procs: 18
07/07/26 05:40:31 Currently monitoring 1 HTCondor log file(s)
07/07/26 05:40:31 Event: ULOG_JOB_EVICTED for HTCondor Node COLLECT (170268.20.0) {07/07/26 05:40:28}
07/07/26 05:40:31 Number of idle job procs: 19
07/07/26 05:40:31 Event: ULOG_JOB_HELD for HTCondor Node COLLECT (170268.20.0) {07/07/26 05:40:28}
07/07/26 05:40:31   Hold reason: Error from teaching8@lofn.hpc.uni-saarland.de: Docker job has gone over memory limit of 64480 Mb
07/07/26 05:40:31 Number of idle job procs: 19
07/07/26 05:40:31 DAG status: 0 (DAG_STATUS_OK)
07/07/26 05:40:31 Of 5 nodes total:
07/07/26 05:40:31  Done     Pre   Queued    Post   Ready   Un-Ready   Failed   Futile
07/07/26 05:40:31   ===     ===      ===     ===     ===        ===      ===      ===
07/07/26 05:40:31     0       0        1       0       0          4        0        0
07/07/26 05:40:31 11 job proc(s) currently held
07/07/26 05:40:31 DAGMan Runtime Statistics: [EventCycleTimeAvg=0.006; EventCycleTimeMax=20.450; EventCycleTimeMin=0.000; EventCycleTimeStd=0.289; EventCycleTimeSum=51.114; SleepCycleTimeAvg=5.011; SleepCycleTimeMax=19.618; SleepCycleTimeMin=4.004; SleepCycleTimeStd=0.251; SleepCycleTimeSum=40464.879; SubmitCycleTimeAvg=0.000; SubmitCycleTimeMax=0.748; SubmitCycleTimeMin=0.000; SubmitCycleTimeStd=0.008; SubmitCycleTimeSum=0.752; EventCycleTimeCount=8075.000; SleepCycleTimeCount=8075.000; SubmitCycleTimeCount=8076.000; LogProcessCycleTimeAvg=0.009; LogProcessCycleTimeMax=0.121; LogProcessCycleTimeMin=0.002; LogProcessCycleTimeStd=0.022; LogProcessCycleTimeSum=0.255; LogProcessCycleTimeCount=28.000; ]
07/07/26 05:41:01 Total jobs placed to AP: 40
07/07/26 05:41:01      Idle     Held     Running     Successful     Failed
07/07/26 05:41:01       ===      ===         ===            ===        ===
07/07/26 05:41:01         8       11          21              0          0
07/07/26 05:41:51 Currently monitoring 1 HTCondor log file(s)
07/07/26 05:41:51 Event: ULOG_JOB_EVICTED for HTCondor Node COLLECT (170268.16.0) {07/07/26 05:41:49}
07/07/26 05:41:51 Number of idle job procs: 20
07/07/26 05:41:51 Event: ULOG_JOB_HELD for HTCondor Node COLLECT (170268.16.0) {07/07/26 05:41:49}
07/07/26 05:41:51   Hold reason: Error from teaching3@lofn.hpc.uni-saarland.de: Docker job has gone over memory limit of 64480 Mb
07/07/26 05:41:51 Number of idle job procs: 20
07/07/26 05:41:51 Event: ULOG_JOB_EVICTED for HTCondor Node COLLECT (170268.25.0) {07/07/26 05:41:50}
07/07/26 05:41:51 Number of idle job procs: 21
07/07/26 05:41:51 Event: ULOG_JOB_HELD for HTCondor Node COLLECT (170268.25.0) {07/07/26 05:41:50}
07/07/26 05:41:51   Hold reason: Error from teaching2@lofn.hpc.uni-saarland.de: Docker job has gone over memory limit of 64480 Mb
07/07/26 05:41:51 Number of idle job procs: 21
07/07/26 05:41:51 DAG status: 0 (DAG_STATUS_OK)
07/07/26 05:41:51 Of 5 nodes total:
07/07/26 05:41:51  Done     Pre   Queued    Post   Ready   Un-Ready   Failed   Futile
07/07/26 05:41:51   ===     ===      ===     ===     ===        ===      ===      ===
07/07/26 05:41:51     0       0        1       0       0          4        0        0
07/07/26 05:41:51 13 job proc(s) currently held
07/07/26 05:41:51 DAGMan Runtime Statistics: [EventCycleTimeAvg=0.006; EventCycleTimeMax=20.450; EventCycleTimeMin=0.000; EventCycleTimeStd=0.289; EventCycleTimeSum=51.136; SleepCycleTimeAvg=5.011; SleepCycleTimeMax=19.618; SleepCycleTimeMin=4.004; SleepCycleTimeStd=0.251; SleepCycleTimeSum=40544.942; SubmitCycleTimeAvg=0.000; SubmitCycleTimeMax=0.748; SubmitCycleTimeMin=0.000; SubmitCycleTimeStd=0.008; SubmitCycleTimeSum=0.752; EventCycleTimeCount=8091.000; SleepCycleTimeCount=8091.000; SubmitCycleTimeCount=8092.000; LogProcessCycleTimeAvg=0.009; LogProcessCycleTimeMax=0.121; LogProcessCycleTimeMin=0.002; LogProcessCycleTimeStd=0.022; LogProcessCycleTimeSum=0.261; LogProcessCycleTimeCount=29.000; ]
07/07/26 05:42:41 Currently monitoring 1 HTCondor log file(s)
07/07/26 05:42:41 Event: ULOG_EXECUTE for HTCondor Node COLLECT (170268.32.0) {07/07/26 05:42:39}
07/07/26 05:42:41 Number of idle job procs: 20
07/07/26 05:45:06 Currently monitoring 1 HTCondor log file(s)
07/07/26 05:45:06 Event: ULOG_JOB_EVICTED for HTCondor Node COLLECT (170268.17.0) {07/07/26 05:45:04}
07/07/26 05:45:06 Number of idle job procs: 21
07/07/26 05:45:06 Event: ULOG_JOB_HELD for HTCondor Node COLLECT (170268.17.0) {07/07/26 05:45:04}
07/07/26 05:45:06   Hold reason: Error from teaching2@idun.hpc.uni-saarland.de: Docker job has gone over memory limit of 64480 Mb
07/07/26 05:45:06 Number of idle job procs: 21
07/07/26 05:45:06 DAG status: 0 (DAG_STATUS_OK)
07/07/26 05:45:06 Of 5 nodes total:
07/07/26 05:45:06  Done     Pre   Queued    Post   Ready   Un-Ready   Failed   Futile
07/07/26 05:45:06   ===     ===      ===     ===     ===        ===      ===      ===
07/07/26 05:45:06     0       0        1       0       0          4        0        0
07/07/26 05:45:06 14 job proc(s) currently held
07/07/26 05:45:06 DAGMan Runtime Statistics: [EventCycleTimeAvg=0.006; EventCycleTimeMax=20.450; EventCycleTimeMin=0.000; EventCycleTimeStd=0.288; EventCycleTimeSum=51.151; SleepCycleTimeAvg=5.011; SleepCycleTimeMax=19.618; SleepCycleTimeMin=4.004; SleepCycleTimeStd=0.250; SleepCycleTimeSum=40740.110; SubmitCycleTimeAvg=0.000; SubmitCycleTimeMax=0.748; SubmitCycleTimeMin=0.000; SubmitCycleTimeStd=0.008; SubmitCycleTimeSum=0.752; EventCycleTimeCount=8130.000; SleepCycleTimeCount=8130.000; SubmitCycleTimeCount=8131.000; LogProcessCycleTimeAvg=0.009; LogProcessCycleTimeMax=0.121; LogProcessCycleTimeMin=0.002; LogProcessCycleTimeStd=0.021; LogProcessCycleTimeSum=0.268; LogProcessCycleTimeCount=31.000; ]
07/07/26 05:45:41 Currently monitoring 1 HTCondor log file(s)
07/07/26 05:45:41 Event: ULOG_EXECUTE for HTCondor Node COLLECT (170268.33.0) {07/07/26 05:45:39}
07/07/26 05:45:41 Number of idle job procs: 20
07/07/26 05:45:41 Event: ULOG_EXECUTE for HTCondor Node COLLECT (170268.34.0) {07/07/26 05:45:39}
07/07/26 05:45:41 Number of idle job procs: 19
07/07/26 05:48:26 Currently monitoring 1 HTCondor log file(s)
07/07/26 05:48:26 Event: ULOG_JOB_EVICTED for HTCondor Node COLLECT (170268.15.0) {07/07/26 05:48:21}
07/07/26 05:48:26 Number of idle job procs: 20
07/07/26 05:48:26 Event: ULOG_JOB_HELD for HTCondor Node COLLECT (170268.15.0) {07/07/26 05:48:21}
07/07/26 05:48:26   Hold reason: Error from teaching4@uller.hpc.uni-saarland.de: Docker job has gone over memory limit of 73692 Mb
07/07/26 05:48:26 Number of idle job procs: 20
07/07/26 05:48:26 DAG status: 0 (DAG_STATUS_OK)
07/07/26 05:48:26 Of 5 nodes total:
07/07/26 05:48:26  Done     Pre   Queued    Post   Ready   Un-Ready   Failed   Futile
07/07/26 05:48:26   ===     ===      ===     ===     ===        ===      ===      ===
07/07/26 05:48:26     0       0        1       0       0          4        0        0
07/07/26 05:48:26 15 job proc(s) currently held
07/07/26 05:48:26 DAGMan Runtime Statistics: [EventCycleTimeAvg=0.006; EventCycleTimeMax=20.450; EventCycleTimeMin=0.000; EventCycleTimeStd=0.288; EventCycleTimeSum=51.171; SleepCycleTimeAvg=5.011; SleepCycleTimeMax=19.618; SleepCycleTimeMin=4.004; SleepCycleTimeStd=0.249; SleepCycleTimeSum=40940.283; SubmitCycleTimeAvg=0.000; SubmitCycleTimeMax=0.748; SubmitCycleTimeMin=0.000; SubmitCycleTimeStd=0.008; SubmitCycleTimeSum=0.752; EventCycleTimeCount=8170.000; SleepCycleTimeCount=8170.000; SubmitCycleTimeCount=8171.000; LogProcessCycleTimeAvg=0.008; LogProcessCycleTimeMax=0.121; LogProcessCycleTimeMin=0.002; LogProcessCycleTimeStd=0.020; LogProcessCycleTimeSum=0.275; LogProcessCycleTimeCount=33.000; ]
07/07/26 05:48:41 Currently monitoring 1 HTCondor log file(s)
07/07/26 05:48:41 Event: ULOG_EXECUTE for HTCondor Node COLLECT (170268.36.0) {07/07/26 05:48:40}
07/07/26 05:48:41 Number of idle job procs: 19
07/07/26 05:49:06 Currently monitoring 1 HTCondor log file(s)
07/07/26 05:49:06 Event: ULOG_JOB_EVICTED for HTCondor Node COLLECT (170268.3.0) {07/07/26 05:49:02}
07/07/26 05:49:06 Number of idle job procs: 20
07/07/26 05:49:06 Event: ULOG_JOB_HELD for HTCondor Node COLLECT (170268.3.0) {07/07/26 05:49:02}
07/07/26 05:49:06   Hold reason: Error from teaching6@thera.hpc.uni-saarland.de: Docker job has gone over memory limit of 96737 Mb
07/07/26 05:49:06 Number of idle job procs: 20
07/07/26 05:49:06 DAG status: 0 (DAG_STATUS_OK)
07/07/26 05:49:06 Of 5 nodes total:
07/07/26 05:49:06  Done     Pre   Queued    Post   Ready   Un-Ready   Failed   Futile
07/07/26 05:49:06   ===     ===      ===     ===     ===        ===      ===      ===
07/07/26 05:49:06     0       0        1       0       0          4        0        0
07/07/26 05:49:06 16 job proc(s) currently held
07/07/26 05:49:06 DAGMan Runtime Statistics: [EventCycleTimeAvg=0.006; EventCycleTimeMax=20.450; EventCycleTimeMin=0.000; EventCycleTimeStd=0.287; EventCycleTimeSum=51.181; SleepCycleTimeAvg=5.011; SleepCycleTimeMax=19.618; SleepCycleTimeMin=4.004; SleepCycleTimeStd=0.249; SleepCycleTimeSum=40980.316; SubmitCycleTimeAvg=0.000; SubmitCycleTimeMax=0.748; SubmitCycleTimeMin=0.000; SubmitCycleTimeStd=0.008; SubmitCycleTimeSum=0.752; EventCycleTimeCount=8178.000; SleepCycleTimeCount=8178.000; SubmitCycleTimeCount=8179.000; LogProcessCycleTimeAvg=0.008; LogProcessCycleTimeMax=0.121; LogProcessCycleTimeMin=0.002; LogProcessCycleTimeStd=0.020; LogProcessCycleTimeSum=0.281; LogProcessCycleTimeCount=35.000; ]
07/07/26 05:51:42 Currently monitoring 1 HTCondor log file(s)
07/07/26 05:51:42 Event: ULOG_EXECUTE for HTCondor Node COLLECT (170268.35.0) {07/07/26 05:51:39}
07/07/26 05:51:42 Number of idle job procs: 19
07/07/26 05:51:47 Currently monitoring 1 HTCondor log file(s)
07/07/26 05:51:47 Event: ULOG_JOB_EVICTED for HTCondor Node COLLECT (170268.4.0) {07/07/26 05:51:45}
07/07/26 05:51:47 Number of idle job procs: 20
07/07/26 05:51:47 Event: ULOG_JOB_HELD for HTCondor Node COLLECT (170268.4.0) {07/07/26 05:51:45}
07/07/26 05:51:47   Hold reason: Error from teaching2@tenos.hpc.uni-saarland.de: Docker job has gone over memory limit of 96737 Mb
07/07/26 05:51:47 Number of idle job procs: 20
07/07/26 05:51:47 DAG status: 0 (DAG_STATUS_OK)
07/07/26 05:51:47 Of 5 nodes total:
07/07/26 05:51:47  Done     Pre   Queued    Post   Ready   Un-Ready   Failed   Futile
07/07/26 05:51:47   ===     ===      ===     ===     ===        ===      ===      ===
07/07/26 05:51:47     0       0        1       0       0          4        0        0
07/07/26 05:51:47 17 job proc(s) currently held
07/07/26 05:51:47 DAGMan Runtime Statistics: [EventCycleTimeAvg=0.006; EventCycleTimeMax=20.450; EventCycleTimeMin=0.000; EventCycleTimeStd=0.287; EventCycleTimeSum=51.200; SleepCycleTimeAvg=5.011; SleepCycleTimeMax=19.618; SleepCycleTimeMin=4.004; SleepCycleTimeStd=0.249; SleepCycleTimeSum=41140.476; SubmitCycleTimeAvg=0.000; SubmitCycleTimeMax=0.748; SubmitCycleTimeMin=0.000; SubmitCycleTimeStd=0.008; SubmitCycleTimeSum=0.752; EventCycleTimeCount=8210.000; SleepCycleTimeCount=8210.000; SubmitCycleTimeCount=8211.000; LogProcessCycleTimeAvg=0.008; LogProcessCycleTimeMax=0.121; LogProcessCycleTimeMin=0.002; LogProcessCycleTimeStd=0.019; LogProcessCycleTimeSum=0.288; LogProcessCycleTimeCount=37.000; ]
07/07/26 05:53:22 Currently monitoring 1 HTCondor log file(s)
07/07/26 05:53:22 Event: ULOG_JOB_EVICTED for HTCondor Node COLLECT (170268.8.0) {07/07/26 05:53:17}
07/07/26 05:53:22 Number of idle job procs: 21
07/07/26 05:53:22 Event: ULOG_JOB_HELD for HTCondor Node COLLECT (170268.8.0) {07/07/26 05:53:18}
07/07/26 05:53:22   Hold reason: Error from teaching5@tenos.hpc.uni-saarland.de: Docker job has gone over memory limit of 96737 Mb
07/07/26 05:53:22 Number of idle job procs: 21
07/07/26 05:53:22 DAG status: 0 (DAG_STATUS_OK)
07/07/26 05:53:22 Of 5 nodes total:
07/07/26 05:53:22  Done     Pre   Queued    Post   Ready   Un-Ready   Failed   Futile
07/07/26 05:53:22   ===     ===      ===     ===     ===        ===      ===      ===
07/07/26 05:53:22     0       0        1       0       0          4        0        0
07/07/26 05:53:22 18 job proc(s) currently held
07/07/26 05:53:22 DAGMan Runtime Statistics: [EventCycleTimeAvg=0.006; EventCycleTimeMax=20.450; EventCycleTimeMin=0.000; EventCycleTimeStd=0.287; EventCycleTimeSum=51.210; SleepCycleTimeAvg=5.011; SleepCycleTimeMax=19.618; SleepCycleTimeMin=4.004; SleepCycleTimeStd=0.249; SleepCycleTimeSum=41235.551; SubmitCycleTimeAvg=0.000; SubmitCycleTimeMax=0.748; SubmitCycleTimeMin=0.000; SubmitCycleTimeStd=0.008; SubmitCycleTimeSum=0.752; EventCycleTimeCount=8229.000; SleepCycleTimeCount=8229.000; SubmitCycleTimeCount=8230.000; LogProcessCycleTimeAvg=0.008; LogProcessCycleTimeMax=0.121; LogProcessCycleTimeMin=0.002; LogProcessCycleTimeStd=0.019; LogProcessCycleTimeSum=0.293; LogProcessCycleTimeCount=38.000; ]
07/07/26 05:53:42 Currently monitoring 1 HTCondor log file(s)
07/07/26 05:53:42 Event: ULOG_EXECUTE for HTCondor Node COLLECT (170268.37.0) {07/07/26 05:53:40}
07/07/26 05:53:42 Number of idle job procs: 20
07/07/26 05:53:42 Event: ULOG_EXECUTE for HTCondor Node COLLECT (170268.38.0) {07/07/26 05:53:40}
07/07/26 05:53:42 Number of idle job procs: 19
07/07/26 05:53:52 Currently monitoring 1 HTCondor log file(s)
07/07/26 05:53:52 Event: ULOG_JOB_EVICTED for HTCondor Node COLLECT (170268.0.0) {07/07/26 05:53:51}
07/07/26 05:53:52 Number of idle job procs: 20
07/07/26 05:53:52 Event: ULOG_JOB_HELD for HTCondor Node COLLECT (170268.0.0) {07/07/26 05:53:51}
07/07/26 05:53:52   Hold reason: Error from teaching5@thera.hpc.uni-saarland.de: Docker job has gone over memory limit of 96737 Mb
07/07/26 05:53:52 Number of idle job procs: 20
07/07/26 05:53:52 DAG status: 0 (DAG_STATUS_OK)
07/07/26 05:53:52 Of 5 nodes total:
07/07/26 05:53:52  Done     Pre   Queued    Post   Ready   Un-Ready   Failed   Futile
07/07/26 05:53:52   ===     ===      ===     ===     ===        ===      ===      ===
07/07/26 05:53:52     0       0        1       0       0          4        0        0
07/07/26 05:53:52 19 job proc(s) currently held
07/07/26 05:53:52 DAGMan Runtime Statistics: [EventCycleTimeAvg=0.006; EventCycleTimeMax=20.450; EventCycleTimeMin=0.000; EventCycleTimeStd=0.286; EventCycleTimeSum=51.223; SleepCycleTimeAvg=5.011; SleepCycleTimeMax=19.618; SleepCycleTimeMin=4.004; SleepCycleTimeStd=0.248; SleepCycleTimeSum=41265.575; SubmitCycleTimeAvg=0.000; SubmitCycleTimeMax=0.748; SubmitCycleTimeMin=0.000; SubmitCycleTimeStd=0.008; SubmitCycleTimeSum=0.752; EventCycleTimeCount=8235.000; SleepCycleTimeCount=8235.000; SubmitCycleTimeCount=8236.000; LogProcessCycleTimeAvg=0.008; LogProcessCycleTimeMax=0.121; LogProcessCycleTimeMin=0.002; LogProcessCycleTimeStd=0.019; LogProcessCycleTimeSum=0.301; LogProcessCycleTimeCount=40.000; ]
07/07/26 05:54:52 Currently monitoring 1 HTCondor log file(s)
07/07/26 05:54:52 Event: ULOG_JOB_EVICTED for HTCondor Node COLLECT (170268.7.0) {07/07/26 05:54:51}
07/07/26 05:54:52 Number of idle job procs: 21
07/07/26 05:54:52 Event: ULOG_JOB_HELD for HTCondor Node COLLECT (170268.7.0) {07/07/26 05:54:51}
07/07/26 05:54:52   Hold reason: Error from teaching1@tenos.hpc.uni-saarland.de: Docker job has gone over memory limit of 96737 Mb
07/07/26 05:54:52 Number of idle job procs: 21
07/07/26 05:54:52 DAG status: 0 (DAG_STATUS_OK)
07/07/26 05:54:52 Of 5 nodes total:
07/07/26 05:54:52  Done     Pre   Queued    Post   Ready   Un-Ready   Failed   Futile
07/07/26 05:54:52   ===     ===      ===     ===     ===        ===      ===      ===
07/07/26 05:54:52     0       0        1       0       0          4        0        0
07/07/26 05:54:52 20 job proc(s) currently held
07/07/26 05:54:52 DAGMan Runtime Statistics: [EventCycleTimeAvg=0.006; EventCycleTimeMax=20.450; EventCycleTimeMin=0.000; EventCycleTimeStd=0.286; EventCycleTimeSum=51.230; SleepCycleTimeAvg=5.011; SleepCycleTimeMax=19.618; SleepCycleTimeMin=4.004; SleepCycleTimeStd=0.248; SleepCycleTimeSum=41325.623; SubmitCycleTimeAvg=0.000; SubmitCycleTimeMax=0.748; SubmitCycleTimeMin=0.000; SubmitCycleTimeStd=0.008; SubmitCycleTimeSum=0.752; EventCycleTimeCount=8247.000; SleepCycleTimeCount=8247.000; SubmitCycleTimeCount=8248.000; LogProcessCycleTimeAvg=0.007; LogProcessCycleTimeMax=0.121; LogProcessCycleTimeMin=0.002; LogProcessCycleTimeStd=0.018; LogProcessCycleTimeSum=0.307; LogProcessCycleTimeCount=41.000; ]
07/07/26 05:56:02 Total jobs placed to AP: 40
07/07/26 05:56:02      Idle     Held     Running     Successful     Failed
07/07/26 05:56:02       ===      ===         ===            ===        ===
07/07/26 05:56:02         1       20          19              0          0
07/07/26 05:56:42 Currently monitoring 1 HTCondor log file(s)
07/07/26 05:56:42 Event: ULOG_EXECUTE for HTCondor Node COLLECT (170268.39.0) {07/07/26 05:56:40}
07/07/26 05:56:42 Number of idle job procs: 20
07/07/26 06:06:42 600 seconds since last log event
07/07/26 06:06:42 Pending DAG nodes:
07/07/26 06:06:42   Node COLLECT, HTCondor ID 170268, status STATUS_SUBMITTED
07/07/26 06:08:28 Currently monitoring 1 HTCondor log file(s)
07/07/26 06:08:28 Event: ULOG_JOB_EVICTED for HTCondor Node COLLECT (170268.13.0) {07/07/26 06:08:27}
07/07/26 06:08:28 Number of idle job procs: 21
07/07/26 06:08:28 Event: ULOG_JOB_HELD for HTCondor Node COLLECT (170268.13.0) {07/07/26 06:08:27}
07/07/26 06:08:28   Hold reason: Error from teaching7@tenos.hpc.uni-saarland.de: Docker job has gone over memory limit of 96737 Mb
07/07/26 06:08:28 Number of idle job procs: 21
07/07/26 06:08:28 DAG status: 0 (DAG_STATUS_OK)
07/07/26 06:08:28 Of 5 nodes total:
07/07/26 06:08:28  Done     Pre   Queued    Post   Ready   Un-Ready   Failed   Futile
07/07/26 06:08:28   ===     ===      ===     ===     ===        ===      ===      ===
07/07/26 06:08:28     0       0        1       0       0          4        0        0
07/07/26 06:08:28 21 job proc(s) currently held
07/07/26 06:08:28 DAGMan Runtime Statistics: [EventCycleTimeAvg=0.006; EventCycleTimeMax=20.450; EventCycleTimeMin=0.000; EventCycleTimeStd=0.283; EventCycleTimeSum=51.278; SleepCycleTimeAvg=5.011; SleepCycleTimeMax=19.618; SleepCycleTimeMin=4.004; SleepCycleTimeStd=0.246; SleepCycleTimeSum=42141.349; SubmitCycleTimeAvg=0.000; SubmitCycleTimeMax=0.748; SubmitCycleTimeMin=0.000; SubmitCycleTimeStd=0.008; SubmitCycleTimeSum=0.752; EventCycleTimeCount=8410.000; SleepCycleTimeCount=8410.000; SubmitCycleTimeCount=8411.000; LogProcessCycleTimeAvg=0.007; LogProcessCycleTimeMax=0.121; LogProcessCycleTimeMin=0.002; LogProcessCycleTimeStd=0.018; LogProcessCycleTimeSum=0.319; LogProcessCycleTimeCount=43.000; ]
07/07/26 06:10:48 Currently monitoring 1 HTCondor log file(s)
07/07/26 06:10:48 Event: ULOG_JOB_EVICTED for HTCondor Node COLLECT (170268.18.0) {07/07/26 06:10:43}
07/07/26 06:10:48 Number of idle job procs: 22
07/07/26 06:10:48 Event: ULOG_JOB_HELD for HTCondor Node COLLECT (170268.18.0) {07/07/26 06:10:43}
07/07/26 06:10:48   Hold reason: Error from teaching7@thera.hpc.uni-saarland.de: Docker job has gone over memory limit of 96737 Mb
07/07/26 06:10:48 Number of idle job procs: 22
07/07/26 06:10:48 Event: ULOG_JOB_EVICTED for HTCondor Node COLLECT (170268.24.0) {07/07/26 06:10:46}
07/07/26 06:10:48 Number of idle job procs: 23
07/07/26 06:10:48 Event: ULOG_JOB_HELD for HTCondor Node COLLECT (170268.24.0) {07/07/26 06:10:46}
07/07/26 06:10:48   Hold reason: Error from teaching8@thera.hpc.uni-saarland.de: Docker job has gone over memory limit of 96737 Mb
07/07/26 06:10:48 Number of idle job procs: 23
07/07/26 06:10:48 DAG status: 0 (DAG_STATUS_OK)
07/07/26 06:10:48 Of 5 nodes total:
07/07/26 06:10:48  Done     Pre   Queued    Post   Ready   Un-Ready   Failed   Futile
07/07/26 06:10:48   ===     ===      ===     ===     ===        ===      ===      ===
07/07/26 06:10:48     0       0        1       0       0          4        0        0
07/07/26 06:10:48 23 job proc(s) currently held
07/07/26 06:10:48 DAGMan Runtime Statistics: [EventCycleTimeAvg=0.006; EventCycleTimeMax=20.450; EventCycleTimeMin=0.000; EventCycleTimeStd=0.283; EventCycleTimeSum=51.295; SleepCycleTimeAvg=5.011; SleepCycleTimeMax=19.618; SleepCycleTimeMin=4.004; SleepCycleTimeStd=0.245; SleepCycleTimeSum=42281.466; SubmitCycleTimeAvg=0.000; SubmitCycleTimeMax=0.748; SubmitCycleTimeMin=0.000; SubmitCycleTimeStd=0.008; SubmitCycleTimeSum=0.752; EventCycleTimeCount=8438.000; SleepCycleTimeCount=8438.000; SubmitCycleTimeCount=8439.000; LogProcessCycleTimeAvg=0.007; LogProcessCycleTimeMax=0.121; LogProcessCycleTimeMin=0.002; LogProcessCycleTimeStd=0.018; LogProcessCycleTimeSum=0.327; LogProcessCycleTimeCount=44.000; ]
07/07/26 06:11:03 Total jobs placed to AP: 40
07/07/26 06:11:03      Idle     Held     Running     Successful     Failed
07/07/26 06:11:03       ===      ===         ===            ===        ===
07/07/26 06:11:03         0       23          17              0          0
07/07/26 06:11:38 Currently monitoring 1 HTCondor log file(s)
07/07/26 06:11:38 Event: ULOG_JOB_EVICTED for HTCondor Node COLLECT (170268.22.0) {07/07/26 06:11:34}
07/07/26 06:11:38 Number of idle job procs: 24
07/07/26 06:11:38 Event: ULOG_JOB_HELD for HTCondor Node COLLECT (170268.22.0) {07/07/26 06:11:34}
07/07/26 06:11:38   Hold reason: Error from teaching4@tenos.hpc.uni-saarland.de: Docker job has gone over memory limit of 96737 Mb
07/07/26 06:11:38 Number of idle job procs: 24
07/07/26 06:11:38 DAG status: 0 (DAG_STATUS_OK)
07/07/26 06:11:38 Of 5 nodes total:
07/07/26 06:11:38  Done     Pre   Queued    Post   Ready   Un-Ready   Failed   Futile
07/07/26 06:11:38   ===     ===      ===     ===     ===        ===      ===      ===
07/07/26 06:11:38     0       0        1       0       0          4        0        0
07/07/26 06:11:38 24 job proc(s) currently held
07/07/26 06:11:38 DAGMan Runtime Statistics: [EventCycleTimeAvg=0.006; EventCycleTimeMax=20.450; EventCycleTimeMin=0.000; EventCycleTimeStd=0.283; EventCycleTimeSum=51.316; SleepCycleTimeAvg=5.011; SleepCycleTimeMax=19.618; SleepCycleTimeMin=4.004; SleepCycleTimeStd=0.245; SleepCycleTimeSum=42331.510; SubmitCycleTimeAvg=0.000; SubmitCycleTimeMax=0.748; SubmitCycleTimeMin=0.000; SubmitCycleTimeStd=0.008; SubmitCycleTimeSum=0.752; EventCycleTimeCount=8448.000; SleepCycleTimeCount=8448.000; SubmitCycleTimeCount=8449.000; LogProcessCycleTimeAvg=0.007; LogProcessCycleTimeMax=0.121; LogProcessCycleTimeMin=0.002; LogProcessCycleTimeStd=0.017; LogProcessCycleTimeSum=0.335; LogProcessCycleTimeCount=45.000; ]
07/07/26 06:12:58 Currently monitoring 1 HTCondor log file(s)
07/07/26 06:12:58 Event: ULOG_JOB_EVICTED for HTCondor Node COLLECT (170268.14.0) {07/07/26 06:12:57}
07/07/26 06:12:58 Number of idle job procs: 25
07/07/26 06:12:58 Event: ULOG_JOB_HELD for HTCondor Node COLLECT (170268.14.0) {07/07/26 06:12:57}
07/07/26 06:12:58   Hold reason: Error from teaching8@tenos.hpc.uni-saarland.de: Docker job has gone over memory limit of 96737 Mb
07/07/26 06:12:58 Number of idle job procs: 25
07/07/26 06:12:58 DAG status: 0 (DAG_STATUS_OK)
07/07/26 06:12:58 Of 5 nodes total:
07/07/26 06:12:58  Done     Pre   Queued    Post   Ready   Un-Ready   Failed   Futile
07/07/26 06:12:58   ===     ===      ===     ===     ===        ===      ===      ===
07/07/26 06:12:58     0       0        1       0       0          4        0        0
07/07/26 06:12:58 25 job proc(s) currently held
07/07/26 06:12:58 DAGMan Runtime Statistics: [EventCycleTimeAvg=0.006; EventCycleTimeMax=20.450; EventCycleTimeMin=0.000; EventCycleTimeStd=0.282; EventCycleTimeSum=51.333; SleepCycleTimeAvg=5.011; SleepCycleTimeMax=19.618; SleepCycleTimeMin=4.004; SleepCycleTimeStd=0.245; SleepCycleTimeSum=42411.572; SubmitCycleTimeAvg=0.000; SubmitCycleTimeMax=0.748; SubmitCycleTimeMin=0.000; SubmitCycleTimeStd=0.008; SubmitCycleTimeSum=0.752; EventCycleTimeCount=8464.000; SleepCycleTimeCount=8464.000; SubmitCycleTimeCount=8465.000; LogProcessCycleTimeAvg=0.007; LogProcessCycleTimeMax=0.121; LogProcessCycleTimeMin=0.002; LogProcessCycleTimeStd=0.017; LogProcessCycleTimeSum=0.338; LogProcessCycleTimeCount=46.000; ]
07/07/26 06:13:03 Currently monitoring 1 HTCondor log file(s)
07/07/26 06:13:03 Event: ULOG_JOB_EVICTED for HTCondor Node COLLECT (170268.23.0) {07/07/26 06:12:58}
07/07/26 06:13:03 Number of idle job procs: 26
07/07/26 06:13:03 Event: ULOG_JOB_HELD for HTCondor Node COLLECT (170268.23.0) {07/07/26 06:12:58}
07/07/26 06:13:03   Hold reason: Error from teaching6@tenos.hpc.uni-saarland.de: Docker job has gone over memory limit of 96737 Mb
07/07/26 06:13:03 Number of idle job procs: 26
07/07/26 06:13:03 DAG status: 0 (DAG_STATUS_OK)
07/07/26 06:13:03 Of 5 nodes total:
07/07/26 06:13:03  Done     Pre   Queued    Post   Ready   Un-Ready   Failed   Futile
07/07/26 06:13:03   ===     ===      ===     ===     ===        ===      ===      ===
07/07/26 06:13:03     0       0        1       0       0          4        0        0
07/07/26 06:13:03 26 job proc(s) currently held
07/07/26 06:13:03 DAGMan Runtime Statistics: [EventCycleTimeAvg=0.006; EventCycleTimeMax=20.450; EventCycleTimeMin=0.000; EventCycleTimeStd=0.282; EventCycleTimeSum=51.339; SleepCycleTimeAvg=5.011; SleepCycleTimeMax=19.618; SleepCycleTimeMin=4.004; SleepCycleTimeStd=0.245; SleepCycleTimeSum=42416.575; SubmitCycleTimeAvg=0.000; SubmitCycleTimeMax=0.748; SubmitCycleTimeMin=0.000; SubmitCycleTimeStd=0.008; SubmitCycleTimeSum=0.752; EventCycleTimeCount=8465.000; SleepCycleTimeCount=8465.000; SubmitCycleTimeCount=8466.000; LogProcessCycleTimeAvg=0.007; LogProcessCycleTimeMax=0.121; LogProcessCycleTimeMin=0.002; LogProcessCycleTimeStd=0.017; LogProcessCycleTimeSum=0.342; LogProcessCycleTimeCount=47.000; ]
07/07/26 06:23:03 600 seconds since last log event
07/07/26 06:23:03 Pending DAG nodes:
07/07/26 06:23:03   Node COLLECT, HTCondor ID 170268, status STATUS_SUBMITTED
07/07/26 06:26:04 Total jobs placed to AP: 40
07/07/26 06:26:04      Idle     Held     Running     Successful     Failed
07/07/26 06:26:04       ===      ===         ===            ===        ===
07/07/26 06:26:04         0       26          14              0          0
07/07/26 06:33:07 1204 seconds since last log event
07/07/26 06:33:07 Pending DAG nodes:
07/07/26 06:33:07   Node COLLECT, HTCondor ID 170268, status STATUS_SUBMITTED
07/07/26 06:33:32 Currently monitoring 1 HTCondor log file(s)
07/07/26 06:33:32 Event: ULOG_JOB_EVICTED for HTCondor Node COLLECT (170268.27.0) {07/07/26 06:33:29}
07/07/26 06:33:32 Number of idle job procs: 27
07/07/26 06:33:32 Event: ULOG_JOB_HELD for HTCondor Node COLLECT (170268.27.0) {07/07/26 06:33:29}
07/07/26 06:33:32   Hold reason: Error from teaching6@lofn.hpc.uni-saarland.de: Docker job has gone over memory limit of 64480 Mb
07/07/26 06:33:32 Number of idle job procs: 27
07/07/26 06:33:32 DAG status: 0 (DAG_STATUS_OK)
07/07/26 06:33:32 Of 5 nodes total:
07/07/26 06:33:32  Done     Pre   Queued    Post   Ready   Un-Ready   Failed   Futile
07/07/26 06:33:32   ===     ===      ===     ===     ===        ===      ===      ===
07/07/26 06:33:32     0       0        1       0       0          4        0        0
07/07/26 06:33:32 27 job proc(s) currently held
07/07/26 06:33:32 DAGMan Runtime Statistics: [EventCycleTimeAvg=0.007; EventCycleTimeMax=20.450; EventCycleTimeMin=0.000; EventCycleTimeStd=0.298; EventCycleTimeSum=61.303; SleepCycleTimeAvg=5.012; SleepCycleTimeMax=19.618; SleepCycleTimeMin=4.004; SleepCycleTimeStd=0.273; SleepCycleTimeSum=43635.773; SubmitCycleTimeAvg=0.000; SubmitCycleTimeMax=0.748; SubmitCycleTimeMin=0.000; SubmitCycleTimeStd=0.008; SubmitCycleTimeSum=0.752; EventCycleTimeCount=8706.000; SleepCycleTimeCount=8706.000; SubmitCycleTimeCount=8707.000; LogProcessCycleTimeAvg=0.007; LogProcessCycleTimeMax=0.121; LogProcessCycleTimeMin=0.002; LogProcessCycleTimeStd=0.017; LogProcessCycleTimeSum=0.350; LogProcessCycleTimeCount=48.000; ]
07/07/26 06:34:54 Currently monitoring 1 HTCondor log file(s)
07/07/26 06:34:54 Event: ULOG_JOB_EVICTED for HTCondor Node COLLECT (170268.29.0) {07/07/26 06:34:54}
07/07/26 06:34:54 Number of idle job procs: 28
07/07/26 06:34:59 Currently monitoring 1 HTCondor log file(s)
07/07/26 06:34:59 Event: ULOG_JOB_HELD for HTCondor Node COLLECT (170268.29.0) {07/07/26 06:34:54}
07/07/26 06:34:59   Hold reason: Error from teaching7@lofn.hpc.uni-saarland.de: Docker job has gone over memory limit of 64480 Mb
07/07/26 06:34:59 Number of idle job procs: 28
07/07/26 06:34:59 DAG status: 0 (DAG_STATUS_OK)
07/07/26 06:34:59 Of 5 nodes total:
07/07/26 06:34:59  Done     Pre   Queued    Post   Ready   Un-Ready   Failed   Futile
07/07/26 06:34:59   ===     ===      ===     ===     ===        ===      ===      ===
07/07/26 06:34:59     0       0        1       0       0          4        0        0
07/07/26 06:34:59 28 job proc(s) currently held
07/07/26 06:34:59 DAGMan Runtime Statistics: [EventCycleTimeAvg=0.007; EventCycleTimeMax=20.450; EventCycleTimeMin=0.000; EventCycleTimeStd=0.298; EventCycleTimeSum=61.327; SleepCycleTimeAvg=5.014; SleepCycleTimeMax=21.482; SleepCycleTimeMin=4.004; SleepCycleTimeStd=0.325; SleepCycleTimeSum=43722.323; SubmitCycleTimeAvg=0.000; SubmitCycleTimeMax=0.748; SubmitCycleTimeMin=0.000; SubmitCycleTimeStd=0.008; SubmitCycleTimeSum=0.752; EventCycleTimeCount=8720.000; SleepCycleTimeCount=8720.000; SubmitCycleTimeCount=8721.000; LogProcessCycleTimeAvg=0.007; LogProcessCycleTimeMax=0.121; LogProcessCycleTimeMin=0.002; LogProcessCycleTimeStd=0.017; LogProcessCycleTimeSum=0.355; LogProcessCycleTimeCount=50.000; ]
07/07/26 06:37:51 Currently monitoring 1 HTCondor log file(s)
07/07/26 06:38:02 Event: ULOG_JOB_EVICTED for HTCondor Node COLLECT (170268.31.0) {07/07/26 06:37:49}
07/07/26 06:38:02 Number of idle job procs: 29
07/07/26 06:38:02 Event: ULOG_JOB_EVICTED for HTCondor Node COLLECT (170268.30.0) {07/07/26 06:37:49}
07/07/26 06:38:02 Number of idle job procs: 30
07/07/26 06:38:02 Event: ULOG_JOB_HELD for HTCondor Node COLLECT (170268.31.0) {07/07/26 06:37:49}
07/07/26 06:38:02   Hold reason: Error from teaching4@idun.hpc.uni-saarland.de: Docker job has gone over memory limit of 64480 Mb
07/07/26 06:38:02 Number of idle job procs: 30
07/07/26 06:38:02 Event: ULOG_JOB_HELD for HTCondor Node COLLECT (170268.30.0) {07/07/26 06:37:49}
07/07/26 06:38:02   Hold reason: Error from teaching1@idun.hpc.uni-saarland.de: Docker job has gone over memory limit of 64480 Mb
07/07/26 06:38:02 Number of idle job procs: 30
07/07/26 06:38:02 DAG status: 0 (DAG_STATUS_OK)
07/07/26 06:38:02 Of 5 nodes total:
07/07/26 06:38:02  Done     Pre   Queued    Post   Ready   Un-Ready   Failed   Futile
07/07/26 06:38:02   ===     ===      ===     ===     ===        ===      ===      ===
07/07/26 06:38:02     0       0        1       0       0          4        0        0
07/07/26 06:38:02 30 job proc(s) currently held
07/07/26 06:38:02 DAGMan Runtime Statistics: [EventCycleTimeAvg=0.007; EventCycleTimeMax=20.450; EventCycleTimeMin=0.000; EventCycleTimeStd=0.297; EventCycleTimeSum=61.626; SleepCycleTimeAvg=5.015; SleepCycleTimeMax=21.482; SleepCycleTimeMin=4.004; SleepCycleTimeStd=0.336; SleepCycleTimeSum=43894.139; SubmitCycleTimeAvg=0.000; SubmitCycleTimeMax=0.748; SubmitCycleTimeMin=0.000; SubmitCycleTimeStd=0.008; SubmitCycleTimeSum=0.752; EventCycleTimeCount=8752.000; SleepCycleTimeCount=8752.000; SubmitCycleTimeCount=8753.000; LogProcessCycleTimeAvg=0.236; LogProcessCycleTimeMax=11.697; LogProcessCycleTimeMin=0.002; LogProcessCycleTimeStd=1.637; LogProcessCycleTimeSum=12.052; LogProcessCycleTimeCount=51.000; ]
07/07/26 06:39:13 Currently monitoring 1 HTCondor log file(s)
07/07/26 06:39:13 Event: ULOG_JOB_EVICTED for HTCondor Node COLLECT (170268.26.0) {07/07/26 06:38:39}
07/07/26 06:39:13 Number of idle job procs: 31
07/07/26 06:39:13 Event: ULOG_JOB_HELD for HTCondor Node COLLECT (170268.26.0) {07/07/26 06:38:39}
07/07/26 06:39:13   Hold reason: Error from teaching4@lofn.hpc.uni-saarland.de: Docker job has gone over memory limit of 64480 Mb
07/07/26 06:39:13 Number of idle job procs: 31
07/07/26 06:39:13 DAG status: 0 (DAG_STATUS_OK)
07/07/26 06:39:13 Of 5 nodes total:
07/07/26 06:39:13  Done     Pre   Queued    Post   Ready   Un-Ready   Failed   Futile
07/07/26 06:39:13   ===     ===      ===     ===     ===        ===      ===      ===
07/07/26 06:39:13     0       0        1       0       0          4        0        0
07/07/26 06:39:13 31 job proc(s) currently held
07/07/26 06:39:13 DAGMan Runtime Statistics: [EventCycleTimeAvg=0.009; EventCycleTimeMax=20.450; EventCycleTimeMin=0.000; EventCycleTimeStd=0.323; EventCycleTimeSum=75.177; SleepCycleTimeAvg=5.015; SleepCycleTimeMax=21.482; SleepCycleTimeMin=4.004; SleepCycleTimeStd=0.336; SleepCycleTimeSum=43934.172; SubmitCycleTimeAvg=0.000; SubmitCycleTimeMax=0.748; SubmitCycleTimeMin=0.000; SubmitCycleTimeStd=0.008; SubmitCycleTimeSum=0.752; EventCycleTimeCount=8760.000; SleepCycleTimeCount=8760.000; SubmitCycleTimeCount=8761.000; LogProcessCycleTimeAvg=0.232; LogProcessCycleTimeMax=11.697; LogProcessCycleTimeMin=0.002; LogProcessCycleTimeStd=1.621; LogProcessCycleTimeSum=12.061; LogProcessCycleTimeCount=52.000; ]
07/07/26 06:41:13 Total jobs placed to AP: 40
07/07/26 06:41:21      Idle     Held     Running     Successful     Failed
07/07/26 06:41:21       ===      ===         ===            ===        ===
07/07/26 06:41:21         0       31           9              0          0
07/07/26 06:46:10 Currently monitoring 1 HTCondor log file(s)
07/07/26 06:46:10 Event: ULOG_JOB_EVICTED for HTCondor Node COLLECT (170268.34.0) {07/07/26 06:46:10}
07/07/26 06:46:10 Number of idle job procs: 32
07/07/26 06:46:10 Event: ULOG_JOB_HELD for HTCondor Node COLLECT (170268.34.0) {07/07/26 06:46:10}
07/07/26 06:46:10   Hold reason: Error from teaching5@lofn.hpc.uni-saarland.de: Docker job has gone over memory limit of 64480 Mb
07/07/26 06:46:10 Number of idle job procs: 32
07/07/26 06:46:10 DAG status: 0 (DAG_STATUS_OK)
07/07/26 06:46:10 Of 5 nodes total:
07/07/26 06:46:10  Done     Pre   Queued    Post   Ready   Un-Ready   Failed   Futile
07/07/26 06:46:10   ===     ===      ===     ===     ===        ===      ===      ===
07/07/26 06:46:10     0       0        1       0       0          4        0        0
07/07/26 06:46:10 32 job proc(s) currently held
07/07/26 06:46:10 DAGMan Runtime Statistics: [EventCycleTimeAvg=0.015; EventCycleTimeMax=28.958; EventCycleTimeMin=0.000; EventCycleTimeStd=0.484; EventCycleTimeSum=134.354; SleepCycleTimeAvg=5.017; SleepCycleTimeMax=21.482; SleepCycleTimeMin=4.004; SleepCycleTimeStd=0.358; SleepCycleTimeSum=44321.024; SubmitCycleTimeAvg=0.000; SubmitCycleTimeMax=0.748; SubmitCycleTimeMin=0.000; SubmitCycleTimeStd=0.008; SubmitCycleTimeSum=0.752; EventCycleTimeCount=8834.000; SleepCycleTimeCount=8834.000; SubmitCycleTimeCount=8835.000; LogProcessCycleTimeAvg=0.228; LogProcessCycleTimeMax=11.697; LogProcessCycleTimeMin=0.002; LogProcessCycleTimeStd=1.606; LogProcessCycleTimeSum=12.065; LogProcessCycleTimeCount=53.000; ]
07/07/26 06:46:15 Currently monitoring 1 HTCondor log file(s)
07/07/26 06:46:15 Event: ULOG_JOB_EVICTED for HTCondor Node COLLECT (170268.33.0) {07/07/26 06:46:10}
07/07/26 06:46:15 Number of idle job procs: 33
07/07/26 06:46:15 Event: ULOG_JOB_HELD for HTCondor Node COLLECT (170268.33.0) {07/07/26 06:46:10}
07/07/26 06:46:15   Hold reason: Error from teaching1@lofn.hpc.uni-saarland.de: Docker job has gone over memory limit of 64480 Mb
07/07/26 06:46:15 Number of idle job procs: 33
07/07/26 06:46:15 DAG status: 0 (DAG_STATUS_OK)
07/07/26 06:46:15 Of 5 nodes total:
07/07/26 06:46:15  Done     Pre   Queued    Post   Ready   Un-Ready   Failed   Futile
07/07/26 06:46:15   ===     ===      ===     ===     ===        ===      ===      ===
07/07/26 06:46:15     0       0        1       0       0          4        0        0
07/07/26 06:46:15 33 job proc(s) currently held
07/07/26 06:46:15 DAGMan Runtime Statistics: [EventCycleTimeAvg=0.015; EventCycleTimeMax=28.958; EventCycleTimeMin=0.000; EventCycleTimeStd=0.484; EventCycleTimeSum=134.362; SleepCycleTimeAvg=5.017; SleepCycleTimeMax=21.482; SleepCycleTimeMin=4.004; SleepCycleTimeStd=0.358; SleepCycleTimeSum=44326.028; SubmitCycleTimeAvg=0.000; SubmitCycleTimeMax=0.748; SubmitCycleTimeMin=0.000; SubmitCycleTimeStd=0.008; SubmitCycleTimeSum=0.752; EventCycleTimeCount=8835.000; SleepCycleTimeCount=8835.000; SubmitCycleTimeCount=8836.000; LogProcessCycleTimeAvg=0.223; LogProcessCycleTimeMax=11.697; LogProcessCycleTimeMin=0.002; LogProcessCycleTimeStd=1.591; LogProcessCycleTimeSum=12.067; LogProcessCycleTimeCount=54.000; ]
07/07/26 06:48:35 Currently monitoring 1 HTCondor log file(s)
07/07/26 06:48:35 Event: ULOG_JOB_EVICTED for HTCondor Node COLLECT (170268.32.0) {07/07/26 06:48:35}
07/07/26 06:48:35 Number of idle job procs: 34
07/07/26 06:48:35 Event: ULOG_JOB_HELD for HTCondor Node COLLECT (170268.32.0) {07/07/26 06:48:35}
07/07/26 06:48:35   Hold reason: Error from teaching1@uller.hpc.uni-saarland.de: Docker job has gone over memory limit of 73692 Mb
07/07/26 06:48:35 Number of idle job procs: 34
07/07/26 06:48:35 DAG status: 0 (DAG_STATUS_OK)
07/07/26 06:48:35 Of 5 nodes total:
07/07/26 06:48:35  Done     Pre   Queued    Post   Ready   Un-Ready   Failed   Futile
07/07/26 06:48:35   ===     ===      ===     ===     ===        ===      ===      ===
07/07/26 06:48:35     0       0        1       0       0          4        0        0
07/07/26 06:48:35 34 job proc(s) currently held
07/07/26 06:48:35 DAGMan Runtime Statistics: [EventCycleTimeAvg=0.015; EventCycleTimeMax=28.958; EventCycleTimeMin=0.000; EventCycleTimeStd=0.483; EventCycleTimeSum=134.373; SleepCycleTimeAvg=5.017; SleepCycleTimeMax=21.482; SleepCycleTimeMin=4.004; SleepCycleTimeStd=0.357; SleepCycleTimeSum=44466.141; SubmitCycleTimeAvg=0.000; SubmitCycleTimeMax=0.748; SubmitCycleTimeMin=0.000; SubmitCycleTimeStd=0.008; SubmitCycleTimeSum=0.752; EventCycleTimeCount=8863.000; SleepCycleTimeCount=8863.000; SubmitCycleTimeCount=8864.000; LogProcessCycleTimeAvg=0.219; LogProcessCycleTimeMax=11.697; LogProcessCycleTimeMin=0.002; LogProcessCycleTimeStd=1.576; LogProcessCycleTimeSum=12.071; LogProcessCycleTimeCount=55.000; ]
07/07/26 06:51:36 Currently monitoring 1 HTCondor log file(s)
07/07/26 06:51:36 Event: ULOG_JOB_EVICTED for HTCondor Node COLLECT (170268.39.0) {07/07/26 06:51:34}
07/07/26 06:51:36 Number of idle job procs: 35
07/07/26 06:51:36 Event: ULOG_JOB_HELD for HTCondor Node COLLECT (170268.39.0) {07/07/26 06:51:34}
07/07/26 06:51:36   Hold reason: Error from teaching2@idun.hpc.uni-saarland.de: Docker job has gone over memory limit of 64480 Mb
07/07/26 06:51:36 Number of idle job procs: 35
07/07/26 06:51:36 DAG status: 0 (DAG_STATUS_OK)
07/07/26 06:51:36 Of 5 nodes total:
07/07/26 06:51:36  Done     Pre   Queued    Post   Ready   Un-Ready   Failed   Futile
07/07/26 06:51:36   ===     ===      ===     ===     ===        ===      ===      ===
07/07/26 06:51:36     0       0        1       0       0          4        0        0
07/07/26 06:51:36 35 job proc(s) currently held
07/07/26 06:51:36 DAGMan Runtime Statistics: [EventCycleTimeAvg=0.015; EventCycleTimeMax=28.958; EventCycleTimeMin=0.000; EventCycleTimeStd=0.482; EventCycleTimeSum=134.387; SleepCycleTimeAvg=5.017; SleepCycleTimeMax=21.482; SleepCycleTimeMin=4.004; SleepCycleTimeStd=0.357; SleepCycleTimeSum=44646.279; SubmitCycleTimeAvg=0.000; SubmitCycleTimeMax=0.748; SubmitCycleTimeMin=0.000; SubmitCycleTimeStd=0.008; SubmitCycleTimeSum=0.752; EventCycleTimeCount=8899.000; SleepCycleTimeCount=8899.000; SubmitCycleTimeCount=8900.000; LogProcessCycleTimeAvg=0.216; LogProcessCycleTimeMax=11.697; LogProcessCycleTimeMin=0.002; LogProcessCycleTimeStd=1.562; LogProcessCycleTimeSum=12.074; LogProcessCycleTimeCount=56.000; ]
07/07/26 06:51:56 Currently monitoring 1 HTCondor log file(s)
07/07/26 06:51:56 Event: ULOG_JOB_EVICTED for HTCondor Node COLLECT (170268.28.0) {07/07/26 06:51:55}
07/07/26 06:51:56 Number of idle job procs: 36
07/07/26 06:51:56 Event: ULOG_JOB_HELD for HTCondor Node COLLECT (170268.28.0) {07/07/26 06:51:55}
07/07/26 06:51:56   Hold reason: Error from teaching2@uller.hpc.uni-saarland.de: Docker job has gone over memory limit of 73692 Mb
07/07/26 06:51:56 Number of idle job procs: 36
07/07/26 06:51:56 DAG status: 0 (DAG_STATUS_OK)
07/07/26 06:51:56 Of 5 nodes total:
07/07/26 06:51:56  Done     Pre   Queued    Post   Ready   Un-Ready   Failed   Futile
07/07/26 06:51:56   ===     ===      ===     ===     ===        ===      ===      ===
07/07/26 06:51:56     0       0        1       0       0          4        0        0
07/07/26 06:51:56 36 job proc(s) currently held
07/07/26 06:51:56 DAGMan Runtime Statistics: [EventCycleTimeAvg=0.015; EventCycleTimeMax=28.958; EventCycleTimeMin=0.000; EventCycleTimeStd=0.482; EventCycleTimeSum=134.394; SleepCycleTimeAvg=5.017; SleepCycleTimeMax=21.482; SleepCycleTimeMin=4.004; SleepCycleTimeStd=0.357; SleepCycleTimeSum=44666.296; SubmitCycleTimeAvg=0.000; SubmitCycleTimeMax=0.748; SubmitCycleTimeMin=0.000; SubmitCycleTimeStd=0.008; SubmitCycleTimeSum=0.752; EventCycleTimeCount=8903.000; SleepCycleTimeCount=8903.000; SubmitCycleTimeCount=8904.000; LogProcessCycleTimeAvg=0.212; LogProcessCycleTimeMax=11.697; LogProcessCycleTimeMin=0.002; LogProcessCycleTimeStd=1.548; LogProcessCycleTimeSum=12.077; LogProcessCycleTimeCount=57.000; ]
07/07/26 06:55:21 Currently monitoring 1 HTCondor log file(s)
07/07/26 06:55:21 Event: ULOG_JOB_EVICTED for HTCondor Node COLLECT (170268.37.0) {07/07/26 06:55:20}
07/07/26 06:55:21 Number of idle job procs: 37
07/07/26 06:55:21 Event: ULOG_JOB_HELD for HTCondor Node COLLECT (170268.37.0) {07/07/26 06:55:20}
07/07/26 06:55:21   Hold reason: Error from teaching2@lofn.hpc.uni-saarland.de: Docker job has gone over memory limit of 64480 Mb
07/07/26 06:55:21 Number of idle job procs: 37
07/07/26 06:55:21 DAG status: 0 (DAG_STATUS_OK)
07/07/26 06:55:21 Of 5 nodes total:
07/07/26 06:55:21  Done     Pre   Queued    Post   Ready   Un-Ready   Failed   Futile
07/07/26 06:55:21   ===     ===      ===     ===     ===        ===      ===      ===
07/07/26 06:55:21     0       0        1       0       0          4        0        0
07/07/26 06:55:21 37 job proc(s) currently held
07/07/26 06:55:21 DAGMan Runtime Statistics: [EventCycleTimeAvg=0.015; EventCycleTimeMax=28.958; EventCycleTimeMin=0.000; EventCycleTimeStd=0.481; EventCycleTimeSum=134.402; SleepCycleTimeAvg=5.017; SleepCycleTimeMax=21.482; SleepCycleTimeMin=4.004; SleepCycleTimeStd=0.356; SleepCycleTimeSum=44871.476; SubmitCycleTimeAvg=0.000; SubmitCycleTimeMax=0.748; SubmitCycleTimeMin=0.000; SubmitCycleTimeStd=0.008; SubmitCycleTimeSum=0.752; EventCycleTimeCount=8944.000; SleepCycleTimeCount=8944.000; SubmitCycleTimeCount=8945.000; LogProcessCycleTimeAvg=0.208; LogProcessCycleTimeMax=11.697; LogProcessCycleTimeMin=0.002; LogProcessCycleTimeStd=1.535; LogProcessCycleTimeSum=12.081; LogProcessCycleTimeCount=58.000; ]
07/07/26 06:56:21 Total jobs placed to AP: 40
07/07/26 06:56:21      Idle     Held     Running     Successful     Failed
07/07/26 06:56:21       ===      ===         ===            ===        ===
07/07/26 06:56:21         0       37           3              0          0
07/07/26 06:57:21 Currently monitoring 1 HTCondor log file(s)
07/07/26 06:57:21 Event: ULOG_JOB_EVICTED for HTCondor Node COLLECT (170268.35.0) {07/07/26 06:57:18}
07/07/26 06:57:21 Number of idle job procs: 38
07/07/26 06:57:21 Event: ULOG_JOB_HELD for HTCondor Node COLLECT (170268.35.0) {07/07/26 06:57:18}
07/07/26 06:57:21   Hold reason: Error from teaching8@lofn.hpc.uni-saarland.de: Docker job has gone over memory limit of 64480 Mb
07/07/26 06:57:21 Number of idle job procs: 38
07/07/26 06:57:21 Event: ULOG_JOB_EVICTED for HTCondor Node COLLECT (170268.38.0) {07/07/26 06:57:18}
07/07/26 06:57:21 Number of idle job procs: 39
07/07/26 06:57:21 Event: ULOG_JOB_HELD for HTCondor Node COLLECT (170268.38.0) {07/07/26 06:57:18}
07/07/26 06:57:21   Hold reason: Error from teaching3@lofn.hpc.uni-saarland.de: Docker job has gone over memory limit of 64480 Mb
07/07/26 06:57:21 Number of idle job procs: 39
07/07/26 06:57:21 DAG status: 0 (DAG_STATUS_OK)
07/07/26 06:57:21 Of 5 nodes total:
07/07/26 06:57:21  Done     Pre   Queued    Post   Ready   Un-Ready   Failed   Futile
07/07/26 06:57:21   ===     ===      ===     ===     ===        ===      ===      ===
07/07/26 06:57:21     0       0        1       0       0          4        0        0
07/07/26 06:57:21 39 job proc(s) currently held
07/07/26 06:57:21 DAGMan Runtime Statistics: [EventCycleTimeAvg=0.015; EventCycleTimeMax=28.958; EventCycleTimeMin=0.000; EventCycleTimeStd=0.480; EventCycleTimeSum=134.419; SleepCycleTimeAvg=5.017; SleepCycleTimeMax=21.482; SleepCycleTimeMin=4.004; SleepCycleTimeStd=0.355; SleepCycleTimeSum=44991.591; SubmitCycleTimeAvg=0.000; SubmitCycleTimeMax=0.748; SubmitCycleTimeMin=0.000; SubmitCycleTimeStd=0.008; SubmitCycleTimeSum=0.752; EventCycleTimeCount=8968.000; SleepCycleTimeCount=8968.000; SubmitCycleTimeCount=8969.000; LogProcessCycleTimeAvg=0.205; LogProcessCycleTimeMax=11.697; LogProcessCycleTimeMin=0.002; LogProcessCycleTimeStd=1.522; LogProcessCycleTimeSum=12.087; LogProcessCycleTimeCount=59.000; ]
07/07/26 07:00:16 Currently monitoring 1 HTCondor log file(s)
07/07/26 07:00:16 Event: ULOG_JOB_EVICTED for HTCondor Node COLLECT (170268.36.0) {07/07/26 07:00:12}
07/07/26 07:00:16 Number of idle job procs: 40
07/07/26 07:00:16 Event: ULOG_JOB_HELD for HTCondor Node COLLECT (170268.36.0) {07/07/26 07:00:12}
07/07/26 07:00:16   Hold reason: Error from teaching3@idun.hpc.uni-saarland.de: Docker job has gone over memory limit of 64480 Mb
07/07/26 07:00:16 Number of idle job procs: 40
07/07/26 07:00:16 DAG status: 0 (DAG_STATUS_OK)
07/07/26 07:00:16 Of 5 nodes total:
07/07/26 07:00:16  Done     Pre   Queued    Post   Ready   Un-Ready   Failed   Futile
07/07/26 07:00:16   ===     ===      ===     ===     ===        ===      ===      ===
07/07/26 07:00:16     0       0        1       0       0          4        0        0
07/07/26 07:00:16 40 job proc(s) currently held
07/07/26 07:00:16 DAGMan Runtime Statistics: [EventCycleTimeAvg=0.015; EventCycleTimeMax=28.958; EventCycleTimeMin=0.000; EventCycleTimeStd=0.479; EventCycleTimeSum=134.430; SleepCycleTimeAvg=5.017; SleepCycleTimeMax=21.482; SleepCycleTimeMin=4.004; SleepCycleTimeStd=0.355; SleepCycleTimeSum=45166.739; SubmitCycleTimeAvg=0.000; SubmitCycleTimeMax=0.748; SubmitCycleTimeMin=0.000; SubmitCycleTimeStd=0.008; SubmitCycleTimeSum=0.752; EventCycleTimeCount=9003.000; SleepCycleTimeCount=9003.000; SubmitCycleTimeCount=9004.000; LogProcessCycleTimeAvg=0.202; LogProcessCycleTimeMax=11.697; LogProcessCycleTimeMin=0.002; LogProcessCycleTimeStd=1.509; LogProcessCycleTimeSum=12.091; LogProcessCycleTimeCount=60.000; ]
07/07/26 07:10:17 601 seconds since last log event
07/07/26 07:10:17 Pending DAG nodes:
07/07/26 07:10:17   Node COLLECT, HTCondor ID 170268, status STATUS_SUBMITTED
07/07/26 07:11:22 Total jobs placed to AP: 40
07/07/26 07:11:22      Idle     Held     Running     Successful     Failed
07/07/26 07:11:22       ===      ===         ===            ===        ===
07/07/26 07:11:22         0       40           0              0          0
07/07/26 07:20:17 1201 seconds since last log event
07/07/26 07:20:17 Pending DAG nodes:
07/07/26 07:20:17   Node COLLECT, HTCondor ID 170268, status STATUS_SUBMITTED
07/07/26 07:26:22 Total jobs placed to AP: 40
07/07/26 07:26:22      Idle     Held     Running     Successful     Failed
07/07/26 07:26:22       ===      ===         ===            ===        ===
07/07/26 07:26:22         0       40           0              0          0
07/07/26 07:30:18 1802 seconds since last log event
07/07/26 07:30:18 Pending DAG nodes:
07/07/26 07:30:18   Node COLLECT, HTCondor ID 170268, status STATUS_SUBMITTED
07/07/26 07:40:18 2402 seconds since last log event
07/07/26 07:40:18 Pending DAG nodes:
07/07/26 07:40:18   Node COLLECT, HTCondor ID 170268, status STATUS_SUBMITTED
07/07/26 07:41:23 Total jobs placed to AP: 40
07/07/26 07:41:23      Idle     Held     Running     Successful     Failed
07/07/26 07:41:23       ===      ===         ===            ===        ===
07/07/26 07:41:23         0       40           0              0          0
07/07/26 07:50:19 3003 seconds since last log event
07/07/26 07:50:19 Pending DAG nodes:
07/07/26 07:50:19   Node COLLECT, HTCondor ID 170268, status STATUS_SUBMITTED
07/07/26 07:56:24 Total jobs placed to AP: 40
07/07/26 07:56:24      Idle     Held     Running     Successful     Failed
07/07/26 07:56:24       ===      ===         ===            ===        ===
07/07/26 07:56:24         0       40           0              0          0
07/07/26 08:00:19 3603 seconds since last log event
07/07/26 08:00:19 Pending DAG nodes:
07/07/26 08:00:19   Node COLLECT, HTCondor ID 170268, status STATUS_SUBMITTED
07/07/26 08:10:20 4204 seconds since last log event
07/07/26 08:10:20 Pending DAG nodes:
07/07/26 08:10:20   Node COLLECT, HTCondor ID 170268, status STATUS_SUBMITTED
07/07/26 08:11:25 Total jobs placed to AP: 40
07/07/26 08:11:25      Idle     Held     Running     Successful     Failed
07/07/26 08:11:25       ===      ===         ===            ===        ===
07/07/26 08:11:25         0       40           0              0          0
07/07/26 08:20:20 4804 seconds since last log event
07/07/26 08:20:20 Pending DAG nodes:
07/07/26 08:20:20   Node COLLECT, HTCondor ID 170268, status STATUS_SUBMITTED
07/07/26 08:26:26 Total jobs placed to AP: 40
07/07/26 08:26:26      Idle     Held     Running     Successful     Failed
07/07/26 08:26:26       ===      ===         ===            ===        ===
07/07/26 08:26:26         0       40           0              0          0
07/07/26 08:30:21 5405 seconds since last log event
07/07/26 08:30:21 Pending DAG nodes:
07/07/26 08:30:21   Node COLLECT, HTCondor ID 170268, status STATUS_SUBMITTED
07/07/26 08:40:21 6005 seconds since last log event
07/07/26 08:40:21 Pending DAG nodes:
07/07/26 08:40:21   Node COLLECT, HTCondor ID 170268, status STATUS_SUBMITTED
07/07/26 08:41:26 Total jobs placed to AP: 40
07/07/26 08:41:26      Idle     Held     Running     Successful     Failed
07/07/26 08:41:26       ===      ===         ===            ===        ===
07/07/26 08:41:26         0       40           0              0          0
07/07/26 08:50:22 6606 seconds since last log event
07/07/26 08:50:22 Pending DAG nodes:
07/07/26 08:50:22   Node COLLECT, HTCondor ID 170268, status STATUS_SUBMITTED
07/07/26 08:56:27 Total jobs placed to AP: 40
07/07/26 08:56:27      Idle     Held     Running     Successful     Failed
07/07/26 08:56:27       ===      ===         ===            ===        ===
07/07/26 08:56:27         0       40           0              0          0
07/07/26 09:00:23 7207 seconds since last log event
07/07/26 09:00:23 Pending DAG nodes:
07/07/26 09:00:23   Node COLLECT, HTCondor ID 170268, status STATUS_SUBMITTED
07/07/26 09:10:23 7807 seconds since last log event
07/07/26 09:10:23 Pending DAG nodes:
07/07/26 09:10:23   Node COLLECT, HTCondor ID 170268, status STATUS_SUBMITTED
07/07/26 09:11:28 Total jobs placed to AP: 40
07/07/26 09:11:28      Idle     Held     Running     Successful     Failed
07/07/26 09:11:28       ===      ===         ===            ===        ===
07/07/26 09:11:28         0       40           0              0          0
07/07/26 09:20:24 8408 seconds since last log event
07/07/26 09:20:24 Pending DAG nodes:
07/07/26 09:20:24   Node COLLECT, HTCondor ID 170268, status STATUS_SUBMITTED
07/07/26 09:26:29 Total jobs placed to AP: 40
07/07/26 09:26:29      Idle     Held     Running     Successful     Failed
07/07/26 09:26:29       ===      ===         ===            ===        ===
07/07/26 09:26:29         0       40           0              0          0
07/07/26 09:30:24 9008 seconds since last log event
07/07/26 09:30:24 Pending DAG nodes:
07/07/26 09:30:24   Node COLLECT, HTCondor ID 170268, status STATUS_SUBMITTED
07/07/26 09:40:25 9609 seconds since last log event
07/07/26 09:40:25 Pending DAG nodes:
07/07/26 09:40:25   Node COLLECT, HTCondor ID 170268, status STATUS_SUBMITTED
07/07/26 09:41:30 Total jobs placed to AP: 40
07/07/26 09:41:30      Idle     Held     Running     Successful     Failed
07/07/26 09:41:30       ===      ===         ===            ===        ===
07/07/26 09:41:30         0       40           0              0          0
07/07/26 09:50:25 10209 seconds since last log event
07/07/26 09:50:25 Pending DAG nodes:
07/07/26 09:50:25   Node COLLECT, HTCondor ID 170268, status STATUS_SUBMITTED
07/07/26 09:56:31 Total jobs placed to AP: 40
07/07/26 09:56:31      Idle     Held     Running     Successful     Failed
07/07/26 09:56:31       ===      ===         ===            ===        ===
07/07/26 09:56:31         0       40           0              0          0
07/07/26 10:00:26 10810 seconds since last log event
07/07/26 10:00:26 Pending DAG nodes:
07/07/26 10:00:26   Node COLLECT, HTCondor ID 170268, status STATUS_SUBMITTED
07/07/26 10:10:26 11410 seconds since last log event
07/07/26 10:10:26 Pending DAG nodes:
07/07/26 10:10:26   Node COLLECT, HTCondor ID 170268, status STATUS_SUBMITTED
07/07/26 10:11:31 Total jobs placed to AP: 40
07/07/26 10:11:31      Idle     Held     Running     Successful     Failed
07/07/26 10:11:31       ===      ===         ===            ===        ===
07/07/26 10:11:31         0       40           0              0          0
07/07/26 10:20:27 12011 seconds since last log event
07/07/26 10:20:27 Pending DAG nodes:
07/07/26 10:20:27   Node COLLECT, HTCondor ID 170268, status STATUS_SUBMITTED
07/07/26 10:26:32 Total jobs placed to AP: 40
07/07/26 10:26:32      Idle     Held     Running     Successful     Failed
07/07/26 10:26:32       ===      ===         ===            ===        ===
07/07/26 10:26:32         0       40           0              0          0
07/07/26 10:30:27 12611 seconds since last log event
07/07/26 10:30:27 Pending DAG nodes:
07/07/26 10:30:27   Node COLLECT, HTCondor ID 170268, status STATUS_SUBMITTED
07/07/26 10:40:28 13212 seconds since last log event
07/07/26 10:40:28 Pending DAG nodes:
07/07/26 10:40:28   Node COLLECT, HTCondor ID 170268, status STATUS_SUBMITTED
07/07/26 10:41:33 Total jobs placed to AP: 40
07/07/26 10:41:33      Idle     Held     Running     Successful     Failed
07/07/26 10:41:33       ===      ===         ===            ===        ===
07/07/26 10:41:33         0       40           0              0          0
07/07/26 10:50:28 13812 seconds since last log event
07/07/26 10:50:28 Pending DAG nodes:
07/07/26 10:50:28   Node COLLECT, HTCondor ID 170268, status STATUS_SUBMITTED
07/07/26 10:56:34 Total jobs placed to AP: 40
07/07/26 10:56:34      Idle     Held     Running     Successful     Failed
07/07/26 10:56:34       ===      ===         ===            ===        ===
07/07/26 10:56:34         0       40           0              0          0
07/07/26 11:00:29 14413 seconds since last log event
07/07/26 11:00:29 Pending DAG nodes:
07/07/26 11:00:29   Node COLLECT, HTCondor ID 170268, status STATUS_SUBMITTED
07/07/26 11:10:30 15014 seconds since last log event
07/07/26 11:10:30 Pending DAG nodes:
07/07/26 11:10:30   Node COLLECT, HTCondor ID 170268, status STATUS_SUBMITTED
07/07/26 11:11:35 Total jobs placed to AP: 40
07/07/26 11:11:35      Idle     Held     Running     Successful     Failed
07/07/26 11:11:35       ===      ===         ===            ===        ===
07/07/26 11:11:35         0       40           0              0          0
07/07/26 11:20:30 15614 seconds since last log event
07/07/26 11:20:30 Pending DAG nodes:
07/07/26 11:20:30   Node COLLECT, HTCondor ID 170268, status STATUS_SUBMITTED
07/07/26 11:26:35 Total jobs placed to AP: 40
07/07/26 11:26:35      Idle     Held     Running     Successful     Failed
07/07/26 11:26:35       ===      ===         ===            ===        ===
07/07/26 11:26:35         0       40           0              0          0
07/07/26 11:30:31 16215 seconds since last log event
07/07/26 11:30:31 Pending DAG nodes:
07/07/26 11:30:31   Node COLLECT, HTCondor ID 170268, status STATUS_SUBMITTED
07/07/26 11:40:31 16815 seconds since last log event
07/07/26 11:40:31 Pending DAG nodes:
07/07/26 11:40:31   Node COLLECT, HTCondor ID 170268, status STATUS_SUBMITTED
07/07/26 11:41:36 Total jobs placed to AP: 40
07/07/26 11:41:36      Idle     Held     Running     Successful     Failed
07/07/26 11:41:36       ===      ===         ===            ===        ===
07/07/26 11:41:36         0       40           0              0          0
07/07/26 11:50:32 17416 seconds since last log event
07/07/26 11:50:32 Pending DAG nodes:
07/07/26 11:50:32   Node COLLECT, HTCondor ID 170268, status STATUS_SUBMITTED
07/07/26 11:56:37 Total jobs placed to AP: 40
07/07/26 11:56:37      Idle     Held     Running     Successful     Failed
07/07/26 11:56:37       ===      ===         ===            ===        ===
07/07/26 11:56:37         0       40           0              0          0
07/07/26 12:00:32 18016 seconds since last log event
07/07/26 12:00:32 Pending DAG nodes:
07/07/26 12:00:32   Node COLLECT, HTCondor ID 170268, status STATUS_SUBMITTED
07/07/26 12:10:33 18617 seconds since last log event
07/07/26 12:10:33 Pending DAG nodes:
07/07/26 12:10:33   Node COLLECT, HTCondor ID 170268, status STATUS_SUBMITTED
07/07/26 12:11:38 Total jobs placed to AP: 40
07/07/26 12:11:38      Idle     Held     Running     Successful     Failed
07/07/26 12:11:38       ===      ===         ===            ===        ===
07/07/26 12:11:38         0       40           0              0          0
07/07/26 12:20:33 19217 seconds since last log event
07/07/26 12:20:33 Pending DAG nodes:
07/07/26 12:20:33   Node COLLECT, HTCondor ID 170268, status STATUS_SUBMITTED
07/07/26 12:26:39 Total jobs placed to AP: 40
07/07/26 12:26:39      Idle     Held     Running     Successful     Failed
07/07/26 12:26:39       ===      ===         ===            ===        ===
07/07/26 12:26:39         0       40           0              0          0
07/07/26 12:30:34 19818 seconds since last log event
07/07/26 12:30:34 Pending DAG nodes:
07/07/26 12:30:34   Node COLLECT, HTCondor ID 170268, status STATUS_SUBMITTED
07/07/26 12:40:34 20418 seconds since last log event
07/07/26 12:40:34 Pending DAG nodes:
07/07/26 12:40:34   Node COLLECT, HTCondor ID 170268, status STATUS_SUBMITTED
07/07/26 12:41:39 Total jobs placed to AP: 40
07/07/26 12:41:39      Idle     Held     Running     Successful     Failed
07/07/26 12:41:39       ===      ===         ===            ===        ===
07/07/26 12:41:39         0       40           0              0          0
07/07/26 12:50:35 21019 seconds since last log event
07/07/26 12:50:35 Pending DAG nodes:
07/07/26 12:50:35   Node COLLECT, HTCondor ID 170268, status STATUS_SUBMITTED
07/07/26 12:56:40 Total jobs placed to AP: 40
07/07/26 12:56:40      Idle     Held     Running     Successful     Failed
07/07/26 12:56:40       ===      ===         ===            ===        ===
07/07/26 12:56:40         0       40           0              0          0
07/07/26 13:00:35 21619 seconds since last log event
07/07/26 13:00:35 Pending DAG nodes:
07/07/26 13:00:35   Node COLLECT, HTCondor ID 170268, status STATUS_SUBMITTED
07/07/26 13:10:36 22220 seconds since last log event
07/07/26 13:10:36 Pending DAG nodes:
07/07/26 13:10:36   Node COLLECT, HTCondor ID 170268, status STATUS_SUBMITTED
07/07/26 13:11:41 Total jobs placed to AP: 40
07/07/26 13:11:41      Idle     Held     Running     Successful     Failed
07/07/26 13:11:41       ===      ===         ===            ===        ===
07/07/26 13:11:41         0       40           0              0          0
07/07/26 13:20:37 22821 seconds since last log event
07/07/26 13:20:37 Pending DAG nodes:
07/07/26 13:20:37   Node COLLECT, HTCondor ID 170268, status STATUS_SUBMITTED
07/07/26 13:26:42 Total jobs placed to AP: 40
07/07/26 13:26:42      Idle     Held     Running     Successful     Failed
07/07/26 13:26:42       ===      ===         ===            ===        ===
07/07/26 13:26:42         0       40           0              0          0
07/07/26 13:30:37 23421 seconds since last log event
07/07/26 13:30:37 Pending DAG nodes:
07/07/26 13:30:37   Node COLLECT, HTCondor ID 170268, status STATUS_SUBMITTED
07/07/26 13:40:38 24022 seconds since last log event
07/07/26 13:40:38 Pending DAG nodes:
07/07/26 13:40:38   Node COLLECT, HTCondor ID 170268, status STATUS_SUBMITTED
07/07/26 13:41:43 Total jobs placed to AP: 40
07/07/26 13:41:43      Idle     Held     Running     Successful     Failed
07/07/26 13:41:43       ===      ===         ===            ===        ===
07/07/26 13:41:43         0       40           0              0          0
07/07/26 13:50:38 24622 seconds since last log event
07/07/26 13:50:38 Pending DAG nodes:
07/07/26 13:50:38   Node COLLECT, HTCondor ID 170268, status STATUS_SUBMITTED
07/07/26 13:56:43 Total jobs placed to AP: 40
07/07/26 13:56:43      Idle     Held     Running     Successful     Failed
07/07/26 13:56:43       ===      ===         ===            ===        ===
07/07/26 13:56:43         0       40           0              0          0
07/07/26 14:00:39 25223 seconds since last log event
07/07/26 14:00:39 Pending DAG nodes:
07/07/26 14:00:39   Node COLLECT, HTCondor ID 170268, status STATUS_SUBMITTED
07/07/26 14:10:39 25823 seconds since last log event
07/07/26 14:10:39 Pending DAG nodes:
07/07/26 14:10:39   Node COLLECT, HTCondor ID 170268, status STATUS_SUBMITTED
07/07/26 14:11:44 Total jobs placed to AP: 40
07/07/26 14:11:44      Idle     Held     Running     Successful     Failed
07/07/26 14:11:44       ===      ===         ===            ===        ===
07/07/26 14:11:44         0       40           0              0          0
07/07/26 14:20:40 26424 seconds since last log event
07/07/26 14:20:40 Pending DAG nodes:
07/07/26 14:20:40   Node COLLECT, HTCondor ID 170268, status STATUS_SUBMITTED
07/07/26 14:26:45 Total jobs placed to AP: 40
07/07/26 14:26:45      Idle     Held     Running     Successful     Failed
07/07/26 14:26:45       ===      ===         ===            ===        ===
07/07/26 14:26:45         0       40           0              0          0
07/07/26 14:30:40 27024 seconds since last log event
07/07/26 14:30:40 Pending DAG nodes:
07/07/26 14:30:40   Node COLLECT, HTCondor ID 170268, status STATUS_SUBMITTED
07/07/26 14:40:41 27625 seconds since last log event
07/07/26 14:40:41 Pending DAG nodes:
07/07/26 14:40:41   Node COLLECT, HTCondor ID 170268, status STATUS_SUBMITTED
07/07/26 14:41:46 Total jobs placed to AP: 40
07/07/26 14:41:46      Idle     Held     Running     Successful     Failed
07/07/26 14:41:46       ===      ===         ===            ===        ===
07/07/26 14:41:46         0       40           0              0          0
07/07/26 14:50:41 28225 seconds since last log event
07/07/26 14:50:41 Pending DAG nodes:
07/07/26 14:50:41   Node COLLECT, HTCondor ID 170268, status STATUS_SUBMITTED
07/07/26 14:56:47 Total jobs placed to AP: 40
07/07/26 14:56:47      Idle     Held     Running     Successful     Failed
07/07/26 14:56:47       ===      ===         ===            ===        ===
07/07/26 14:56:47         0       40           0              0          0
07/07/26 15:00:42 28826 seconds since last log event
07/07/26 15:00:42 Pending DAG nodes:
07/07/26 15:00:42   Node COLLECT, HTCondor ID 170268, status STATUS_SUBMITTED
07/07/26 15:00:42 Querying local schedd for associated jobs in queue
07/07/26 15:00:42 All pending job states validated
07/07/26 15:10:42 29426 seconds since last log event
07/07/26 15:10:42 Pending DAG nodes:
07/07/26 15:10:42   Node COLLECT, HTCondor ID 170268, status STATUS_SUBMITTED
07/07/26 15:11:47 Total jobs placed to AP: 40
07/07/26 15:11:47      Idle     Held     Running     Successful     Failed
07/07/26 15:11:47       ===      ===         ===            ===        ===
07/07/26 15:11:47         0       40           0              0          0
07/07/26 15:20:43 30027 seconds since last log event
07/07/26 15:20:43 Pending DAG nodes:
07/07/26 15:20:43   Node COLLECT, HTCondor ID 170268, status STATUS_SUBMITTED
07/07/26 15:26:48 Total jobs placed to AP: 40
07/07/26 15:26:48      Idle     Held     Running     Successful     Failed
07/07/26 15:26:48       ===      ===         ===            ===        ===
07/07/26 15:26:48         0       40           0              0          0
07/07/26 15:30:43 30627 seconds since last log event
07/07/26 15:30:43 Pending DAG nodes:
07/07/26 15:30:43   Node COLLECT, HTCondor ID 170268, status STATUS_SUBMITTED
07/07/26 15:40:44 31228 seconds since last log event
07/07/26 15:40:44 Pending DAG nodes:
07/07/26 15:40:44   Node COLLECT, HTCondor ID 170268, status STATUS_SUBMITTED
07/07/26 15:41:49 Total jobs placed to AP: 40
07/07/26 15:41:49      Idle     Held     Running     Successful     Failed
07/07/26 15:41:49       ===      ===         ===            ===        ===
07/07/26 15:41:49         0       40           0              0          0
07/07/26 15:50:45 31829 seconds since last log event
07/07/26 15:50:45 Pending DAG nodes:
07/07/26 15:50:45   Node COLLECT, HTCondor ID 170268, status STATUS_SUBMITTED
07/07/26 15:56:50 Total jobs placed to AP: 40
07/07/26 15:56:50      Idle     Held     Running     Successful     Failed
07/07/26 15:56:50       ===      ===         ===            ===        ===
07/07/26 15:56:50         0       40           0              0          0
07/07/26 16:00:45 32429 seconds since last log event
07/07/26 16:00:45 Pending DAG nodes:
07/07/26 16:00:45   Node COLLECT, HTCondor ID 170268, status STATUS_SUBMITTED
07/07/26 16:10:46 33030 seconds since last log event
07/07/26 16:10:46 Pending DAG nodes:
07/07/26 16:10:46   Node COLLECT, HTCondor ID 170268, status STATUS_SUBMITTED
07/07/26 16:11:51 Total jobs placed to AP: 40
07/07/26 16:11:51      Idle     Held     Running     Successful     Failed
07/07/26 16:11:51       ===      ===         ===            ===        ===
07/07/26 16:11:51         0       40           0              0          0
07/07/26 16:16:16 Currently monitoring 1 HTCondor log file(s)
07/07/26 16:16:16 Event: ULOG_JOB_ABORTED for HTCondor Node COLLECT (170268.0.0) {07/07/26 16:16:12}
07/07/26 16:16:16 Number of idle job procs: 39
07/07/26 16:16:16 Running: /usr/bin/condor_rm 170268 -const DAGManJobId==170259 -reason Node' 'Error:' 'DAG' 'node' 'COLLECT' '(170268.0.0)' 'got' 'ULOG_JOB_ABORTED' 'event.
07/07/26 16:16:16 Event: ULOG_JOB_ABORTED for HTCondor Node COLLECT (170268.1.0) {07/07/26 16:16:12}
07/07/26 16:16:16 Number of idle job procs: 38
07/07/26 16:16:16 Event: ULOG_JOB_ABORTED for HTCondor Node COLLECT (170268.2.0) {07/07/26 16:16:16}
07/07/26 16:16:16 Number of idle job procs: 37
07/07/26 16:16:16 DAG status: 0 (DAG_STATUS_OK)
07/07/26 16:16:16 Of 5 nodes total:
07/07/26 16:16:16  Done     Pre   Queued    Post   Ready   Un-Ready   Failed   Futile
07/07/26 16:16:16   ===     ===      ===     ===     ===        ===      ===      ===
07/07/26 16:16:16     0       0        1       0       0          4        0        0
07/07/26 16:16:16 37 job proc(s) currently held
07/07/26 16:16:16 DAGMan Runtime Statistics: [EventCycleTimeAvg=0.009; EventCycleTimeMax=28.958; EventCycleTimeMin=0.000; EventCycleTimeStd=0.363; EventCycleTimeSum=136.035; SleepCycleTimeAvg=5.011; SleepCycleTimeMax=21.482; SleepCycleTimeMin=4.004; SleepCycleTimeStd=0.269; SleepCycleTimeSum=78524.991; SubmitCycleTimeAvg=0.000; SubmitCycleTimeMax=0.748; SubmitCycleTimeMin=0.000; SubmitCycleTimeStd=0.006; SubmitCycleTimeSum=0.756; EventCycleTimeCount=15669.000; SleepCycleTimeCount=15669.000; SubmitCycleTimeCount=15670.000; LogProcessCycleTimeAvg=0.199; LogProcessCycleTimeMax=11.697; LogProcessCycleTimeMin=0.002; LogProcessCycleTimeStd=1.497; LogProcessCycleTimeSum=12.140; LogProcessCycleTimeCount=61.000; ]
07/07/26 16:16:21 Currently monitoring 1 HTCondor log file(s)
07/07/26 16:16:21 Event: ULOG_JOB_ABORTED for HTCondor Node COLLECT (170268.3.0) {07/07/26 16:16:16}
07/07/26 16:16:21 Number of idle job procs: 36
07/07/26 16:16:21 Event: ULOG_JOB_ABORTED for HTCondor Node COLLECT (170268.4.0) {07/07/26 16:16:16}
07/07/26 16:16:21 Number of idle job procs: 35
07/07/26 16:16:21 Event: ULOG_JOB_ABORTED for HTCondor Node COLLECT (170268.5.0) {07/07/26 16:16:16}
07/07/26 16:16:21 Number of idle job procs: 34
07/07/26 16:16:21 Event: ULOG_JOB_ABORTED for HTCondor Node COLLECT (170268.6.0) {07/07/26 16:16:16}
07/07/26 16:16:21 Number of idle job procs: 33
07/07/26 16:16:21 Event: ULOG_JOB_ABORTED for HTCondor Node COLLECT (170268.7.0) {07/07/26 16:16:16}
07/07/26 16:16:21 Number of idle job procs: 32
07/07/26 16:16:21 Event: ULOG_JOB_ABORTED for HTCondor Node COLLECT (170268.8.0) {07/07/26 16:16:16}
07/07/26 16:16:21 Number of idle job procs: 31
07/07/26 16:16:21 Event: ULOG_JOB_ABORTED for HTCondor Node COLLECT (170268.9.0) {07/07/26 16:16:16}
07/07/26 16:16:21 Number of idle job procs: 30
07/07/26 16:16:21 Event: ULOG_JOB_ABORTED for HTCondor Node COLLECT (170268.10.0) {07/07/26 16:16:16}
07/07/26 16:16:21 Number of idle job procs: 29
07/07/26 16:16:21 Event: ULOG_JOB_ABORTED for HTCondor Node COLLECT (170268.11.0) {07/07/26 16:16:16}
07/07/26 16:16:21 Number of idle job procs: 28
07/07/26 16:16:21 Event: ULOG_JOB_ABORTED for HTCondor Node COLLECT (170268.12.0) {07/07/26 16:16:16}
07/07/26 16:16:21 Number of idle job procs: 27
07/07/26 16:16:21 Event: ULOG_JOB_ABORTED for HTCondor Node COLLECT (170268.13.0) {07/07/26 16:16:16}
07/07/26 16:16:21 Number of idle job procs: 26
07/07/26 16:16:21 Event: ULOG_JOB_ABORTED for HTCondor Node COLLECT (170268.14.0) {07/07/26 16:16:16}
07/07/26 16:16:21 Number of idle job procs: 25
07/07/26 16:16:21 Event: ULOG_JOB_ABORTED for HTCondor Node COLLECT (170268.15.0) {07/07/26 16:16:16}
07/07/26 16:16:21 Number of idle job procs: 24
07/07/26 16:16:21 Event: ULOG_JOB_ABORTED for HTCondor Node COLLECT (170268.16.0) {07/07/26 16:16:16}
07/07/26 16:16:21 Number of idle job procs: 23
07/07/26 16:16:21 Event: ULOG_JOB_ABORTED for HTCondor Node COLLECT (170268.17.0) {07/07/26 16:16:16}
07/07/26 16:16:21 Number of idle job procs: 22
07/07/26 16:16:21 Event: ULOG_JOB_ABORTED for HTCondor Node COLLECT (170268.18.0) {07/07/26 16:16:16}
07/07/26 16:16:21 Number of idle job procs: 21
07/07/26 16:16:21 Event: ULOG_JOB_ABORTED for HTCondor Node COLLECT (170268.19.0) {07/07/26 16:16:16}
07/07/26 16:16:21 Number of idle job procs: 20
07/07/26 16:16:21 Event: ULOG_JOB_ABORTED for HTCondor Node COLLECT (170268.20.0) {07/07/26 16:16:16}
07/07/26 16:16:21 Number of idle job procs: 19
07/07/26 16:16:21 Event: ULOG_JOB_ABORTED for HTCondor Node COLLECT (170268.21.0) {07/07/26 16:16:16}
07/07/26 16:16:21 Number of idle job procs: 18
07/07/26 16:16:21 Event: ULOG_JOB_ABORTED for HTCondor Node COLLECT (170268.22.0) {07/07/26 16:16:16}
07/07/26 16:16:21 Number of idle job procs: 17
07/07/26 16:16:21 Event: ULOG_JOB_ABORTED for HTCondor Node COLLECT (170268.23.0) {07/07/26 16:16:16}
07/07/26 16:16:21 Number of idle job procs: 16
07/07/26 16:16:21 Event: ULOG_JOB_ABORTED for HTCondor Node COLLECT (170268.24.0) {07/07/26 16:16:16}
07/07/26 16:16:21 Number of idle job procs: 15
07/07/26 16:16:21 Event: ULOG_JOB_ABORTED for HTCondor Node COLLECT (170268.25.0) {07/07/26 16:16:16}
07/07/26 16:16:21 Number of idle job procs: 14
07/07/26 16:16:21 Event: ULOG_JOB_ABORTED for HTCondor Node COLLECT (170268.26.0) {07/07/26 16:16:16}
07/07/26 16:16:21 Number of idle job procs: 13
07/07/26 16:16:21 Event: ULOG_JOB_ABORTED for HTCondor Node COLLECT (170268.27.0) {07/07/26 16:16:16}
07/07/26 16:16:21 Number of idle job procs: 12
07/07/26 16:16:21 Event: ULOG_JOB_ABORTED for HTCondor Node COLLECT (170268.28.0) {07/07/26 16:16:16}
07/07/26 16:16:21 Number of idle job procs: 11
07/07/26 16:16:21 Event: ULOG_JOB_ABORTED for HTCondor Node COLLECT (170268.29.0) {07/07/26 16:16:16}
07/07/26 16:16:21 Number of idle job procs: 10
07/07/26 16:16:21 Event: ULOG_JOB_ABORTED for HTCondor Node COLLECT (170268.30.0) {07/07/26 16:16:16}
07/07/26 16:16:21 Number of idle job procs: 9
07/07/26 16:16:21 Event: ULOG_JOB_ABORTED for HTCondor Node COLLECT (170268.31.0) {07/07/26 16:16:16}
07/07/26 16:16:21 Number of idle job procs: 8
07/07/26 16:16:21 Event: ULOG_JOB_ABORTED for HTCondor Node COLLECT (170268.32.0) {07/07/26 16:16:16}
07/07/26 16:16:21 Number of idle job procs: 7
07/07/26 16:16:21 Event: ULOG_JOB_ABORTED for HTCondor Node COLLECT (170268.33.0) {07/07/26 16:16:16}
07/07/26 16:16:21 Number of idle job procs: 6
07/07/26 16:16:21 Event: ULOG_JOB_ABORTED for HTCondor Node COLLECT (170268.34.0) {07/07/26 16:16:16}
07/07/26 16:16:21 Number of idle job procs: 5
07/07/26 16:16:21 Event: ULOG_JOB_ABORTED for HTCondor Node COLLECT (170268.35.0) {07/07/26 16:16:16}
07/07/26 16:16:21 Number of idle job procs: 4
07/07/26 16:16:21 Event: ULOG_JOB_ABORTED for HTCondor Node COLLECT (170268.36.0) {07/07/26 16:16:16}
07/07/26 16:16:21 Number of idle job procs: 3
07/07/26 16:16:21 Event: ULOG_JOB_ABORTED for HTCondor Node COLLECT (170268.37.0) {07/07/26 16:16:16}
07/07/26 16:16:21 Number of idle job procs: 2
07/07/26 16:16:21 Event: ULOG_JOB_ABORTED for HTCondor Node COLLECT (170268.38.0) {07/07/26 16:16:16}
07/07/26 16:16:21 Number of idle job procs: 1
07/07/26 16:16:21 Event: ULOG_JOB_ABORTED for HTCondor Node COLLECT (170268.39.0) {07/07/26 16:16:16}
07/07/26 16:16:21 Number of idle job procs: 0
07/07/26 16:16:21 Node COLLECT job(s) have exited the queue
07/07/26 16:16:21 DAG status: 2 (DAG_STATUS_NODE_FAILED)
07/07/26 16:16:21 Of 5 nodes total:
07/07/26 16:16:21  Done     Pre   Queued    Post   Ready   Un-Ready   Failed   Futile
07/07/26 16:16:21   ===     ===      ===     ===     ===        ===      ===      ===
07/07/26 16:16:21     0       0        0       0       0          0        1        4
07/07/26 16:16:21 0 job proc(s) currently held
07/07/26 16:16:21 DAGMan Runtime Statistics: [EventCycleTimeAvg=0.009; EventCycleTimeMax=28.958; EventCycleTimeMin=0.000; EventCycleTimeStd=0.363; EventCycleTimeSum=136.088; SleepCycleTimeAvg=5.011; SleepCycleTimeMax=21.482; SleepCycleTimeMin=4.004; SleepCycleTimeStd=0.269; SleepCycleTimeSum=78529.993; SubmitCycleTimeAvg=0.000; SubmitCycleTimeMax=0.748; SubmitCycleTimeMin=0.000; SubmitCycleTimeStd=0.006; SubmitCycleTimeSum=0.756; EventCycleTimeCount=15670.000; SleepCycleTimeCount=15670.000; SubmitCycleTimeCount=15671.000; LogProcessCycleTimeAvg=0.197; LogProcessCycleTimeMax=11.697; LogProcessCycleTimeMin=0.002; LogProcessCycleTimeStd=1.485; LogProcessCycleTimeSum=12.185; LogProcessCycleTimeCount=62.000; ]
07/07/26 16:16:21 ERROR: the following job(s) failed:
07/07/26 16:16:21 ---------------------- Node ----------------------
07/07/26 16:16:21       Node Name: COLLECT
07/07/26 16:16:21            Noop: false
07/07/26 16:16:21          NodeID: 0
07/07/26 16:16:21     Node Status: STATUS_ERROR    
07/07/26 16:16:21 Node return val: -1002
07/07/26 16:16:21           Error: HTCondor reported ULOG_JOB_ABORTED event for job proc (170268.0.0)
07/07/26 16:16:21 Job Submit File: one_way_line_det_one_way_line_30_20_action_shield_collect.sub
07/07/26 16:16:21  HTCondor Job ID: (170268.9.0)
07/07/26 16:16:21 PARENTS:  WAITING: 0 CHILDREN: MERGE_COLLECTION
07/07/26 16:16:21 ---------------------------------------	<END>
07/07/26 16:16:21 Aborting DAG...
07/07/26 16:16:21 Writing Rescue DAG to one_way_line_det_one_way_line_30_20_action_shield.dag.rescue001...
07/07/26 16:16:21 Removing submitted jobs...
07/07/26 16:16:21 Removing any/all submitted HTCondor jobs...
07/07/26 16:16:21 Running: /usr/bin/condor_rm -const DAGManJobId==170259 -reason DAG' 'Abort:' 'DAG' 'is' 'exiting' 'and' 'writing' 'rescue' 'file.
07/07/26 16:16:21 Note: 0 total node deferrals because of -MaxJobs limit (0)
07/07/26 16:16:21 Note: 0 total node deferrals because of -MaxIdle limit (1000)
07/07/26 16:16:21 Note: 0 total node deferrals because of node category throttles
07/07/26 16:16:21 Note: 0 total PRE script deferrals because of -MaxPre limit (20) or DEFER
07/07/26 16:16:21 Note: 0 total POST script deferrals because of -MaxPost limit (20) or DEFER
07/07/26 16:16:21 Note: 0 total HOLD script deferrals because of -MaxHold limit (20) or DEFER
07/07/26 16:16:21 DAG status: 2 (DAG_STATUS_NODE_FAILED)
07/07/26 16:16:21 Of 5 nodes total:
07/07/26 16:16:21  Done     Pre   Queued    Post   Ready   Un-Ready   Failed   Futile
07/07/26 16:16:21   ===     ===      ===     ===     ===        ===      ===      ===
07/07/26 16:16:21     0       0        0       0       0          0        1        4
07/07/26 16:16:21 0 job proc(s) currently held
07/07/26 16:16:21 DAGMan Runtime Statistics: [EventCycleTimeAvg=0.009; EventCycleTimeMax=28.958; EventCycleTimeMin=0.000; EventCycleTimeStd=0.363; EventCycleTimeSum=136.088; SleepCycleTimeAvg=5.011; SleepCycleTimeMax=21.482; SleepCycleTimeMin=4.004; SleepCycleTimeStd=0.269; SleepCycleTimeSum=78529.993; SubmitCycleTimeAvg=0.000; SubmitCycleTimeMax=0.748; SubmitCycleTimeMin=0.000; SubmitCycleTimeStd=0.006; SubmitCycleTimeSum=0.756; EventCycleTimeCount=15670.000; SleepCycleTimeCount=15670.000; SubmitCycleTimeCount=15671.000; LogProcessCycleTimeAvg=0.197; LogProcessCycleTimeMax=11.697; LogProcessCycleTimeMin=0.002; LogProcessCycleTimeStd=1.485; LogProcessCycleTimeSum=12.185; LogProcessCycleTimeCount=62.000; ]
07/07/26 16:16:21 Wrote metrics file one_way_line_det_one_way_line_30_20_action_shield.dag.metrics.
07/07/26 16:16:21 DAGMan Runtime Statistics: [EventCycleTimeAvg=0.009; EventCycleTimeMax=28.958; EventCycleTimeMin=0.000; EventCycleTimeStd=0.363; EventCycleTimeSum=136.088; SleepCycleTimeAvg=5.011; SleepCycleTimeMax=21.482; SleepCycleTimeMin=4.004; SleepCycleTimeStd=0.269; SleepCycleTimeSum=78529.993; SubmitCycleTimeAvg=0.000; SubmitCycleTimeMax=0.748; SubmitCycleTimeMin=0.000; SubmitCycleTimeStd=0.006; SubmitCycleTimeSum=0.756; EventCycleTimeCount=15670.000; SleepCycleTimeCount=15670.000; SubmitCycleTimeCount=15671.000; LogProcessCycleTimeAvg=0.197; LogProcessCycleTimeMax=11.697; LogProcessCycleTimeMin=0.002; LogProcessCycleTimeStd=1.485; LogProcessCycleTimeSum=12.185; LogProcessCycleTimeCount=62.000; ]
07/07/26 16:16:21 **** condor_scheduniv_exec.170259.0 (condor_DAGMAN) pid 42713 EXITING WITH STATUS 1
07/07/26 23:21:25 ******************************************************
07/07/26 23:21:25 ** condor_scheduniv_exec.170501.0 (CONDOR_DAGMAN) STARTING UP
07/07/26 23:21:25 ** /usr/bin/condor_dagman
07/07/26 23:21:25 ** SubsystemInfo: name=DAGMAN type=DAGMAN(9) class=CLIENT(2)
07/07/26 23:21:25 ** Configuration: subsystem:DAGMAN local:<NONE> class:CLIENT
07/07/26 23:21:25 ** $CondorVersion: 24.12.19 2026-04-15 BuildID: 896241 PackageID: 24.12.19-1+deb12 GitSHA: c68f3e0e $
07/07/26 23:21:25 ** $CondorPlatform: X86_64-Debian_12 $
07/07/26 23:21:25 ** PID = 707634 RealUID = 1620002036
07/07/26 23:21:25 ** Log last touched 7/7 16:16:21
07/07/26 23:21:25 ******************************************************
07/07/26 23:21:25 Using config source: /etc/condor/condor_config
07/07/26 23:21:25 Using local config sources: 
07/07/26 23:21:25    /etc/condor/config.d/01-submit.conf
07/07/26 23:21:25    /etc/condor/config.d/10-stash-plugin.conf
07/07/26 23:21:25    /etc/condor/config.d/23-network.config
07/07/26 23:21:25    /etc/condor/config.d/31-mail.conf
07/07/26 23:21:25    /etc/condor/config.d/35-cc-sync.conf
07/07/26 23:21:25    /etc/condor/config.d/41-periodic-remove.conf
07/07/26 23:21:25    /etc/condor/config.d/49-common.conf
07/07/26 23:21:25    /etc/condor/config.d/52-group-mapping.conf
07/07/26 23:21:25    /etc/condor/config.d/54-container.conf
07/07/26 23:21:25    /etc/condor/config.d/67-submit-transforms.conf
07/07/26 23:21:25    /etc/condor/config.d/71-submit-requirements.conf
07/07/26 23:21:25    /etc/condor/condor_config.local
07/07/26 23:21:25 config Macros = 110, Sorted = 110, StringBytes = 6396, TablesBytes = 4088
07/07/26 23:21:25 CLASSAD_CACHING is ENABLED
07/07/26 23:21:25 Daemon Log is logging: D_ALWAYS D_ERROR D_STATUS
07/07/26 23:21:25 Daemoncore: Listening at <0.0.0.0:24829> on TCP (ReliSock) and UDP (SafeSock).
07/07/26 23:21:25 DaemonCore: command socket at <10.143.248.60:24829?addrs=10.143.248.60-24829&alias=conduit.hpc.uni-saarland.de>
07/07/26 23:21:25 DaemonCore: private command socket at <10.143.248.60:24829?addrs=10.143.248.60-24829&alias=conduit.hpc.uni-saarland.de>
07/07/26 23:21:25 DAGMAN_USE_STRICT setting: 1
07/07/26 23:21:25 DAGMAN_VERBOSITY setting: 3
07/07/26 23:21:25 DAGMAN_DEBUG_CACHE_SIZE setting: 5242880
07/07/26 23:21:25 DAGMAN_DEBUG_CACHE_ENABLE setting: False
07/07/26 23:21:25 DAGMAN_SUBMIT_DELAY setting: 0
07/07/26 23:21:25 DAGMAN_MAX_SUBMIT_ATTEMPTS setting: 6
07/07/26 23:21:25 DAGMAN_STARTUP_CYCLE_DETECT setting: False
07/07/26 23:21:25 DAGMAN_USE_JOIN_NODES setting: True
07/07/26 23:21:25 DAGMAN_REPORT_GRAPH_METRICS setting: False
07/07/26 23:21:25 DAGMAN_MAX_SUBMITS_PER_INTERVAL setting: 100
07/07/26 23:21:25 DAGMAN_AGGRESSIVE_SUBMIT setting: False
07/07/26 23:21:25 DAGMAN_USER_LOG_SCAN_INTERVAL setting: 5
07/07/26 23:21:25 DAGMAN_QUEUE_UPDATE_INTERVAL setting: 300.000000
07/07/26 23:21:25 DAGMAN_DEFAULT_PRIORITY setting: 0
07/07/26 23:21:25 DAGMAN_SUPPRESS_NOTIFICATION setting: False
07/07/26 23:21:25 allow_events (DAGMAN_ALLOW_EVENTS) setting: 114
07/07/26 23:21:25 DAGMAN_RETRY_SUBMIT_FIRST setting: True
07/07/26 23:21:25 DAGMAN_RETRY_NODE_FIRST setting: False
07/07/26 23:21:25 DAGMAN_MAX_JOBS_IDLE setting: 1000
07/07/26 23:21:25 DAGMAN_MAX_JOBS_SUBMITTED setting: 0
07/07/26 23:21:25 DAGMAN_MAX_PRE_SCRIPTS setting: 20
07/07/26 23:21:25 DAGMAN_MAX_POST_SCRIPTS setting: 20
07/07/26 23:21:25 DAGMAN_MAX_HOLD_SCRIPTS setting: 20
07/07/26 23:21:25 DAGMAN_MUNGE_NODE_NAMES setting: True
07/07/26 23:21:25 DAGMAN_ALLOW_ANY_NODE_NAME_CHARACTERS setting: False
07/07/26 23:21:25 DAGMAN_PROHIBIT_MULTI_JOBS setting: False
07/07/26 23:21:25 DAGMAN_SUBMIT_DEPTH_FIRST setting: False
07/07/26 23:21:25 DAGMAN_ALWAYS_RUN_POST setting: False
07/07/26 23:21:25 DAGMAN_CONDOR_SUBMIT_EXE setting: /usr/bin/condor_submit
07/07/26 23:21:25 DAGMAN_CONDOR_RM_EXE setting: /usr/bin/condor_rm
07/07/26 23:21:25 DAGMAN_USE_DIRECT_SUBMIT setting: True
07/07/26 23:21:25 DAGMAN_PRODUCE_JOB_CREDENTIALS setting: True
07/07/26 23:21:25 DAGMAN_DEFAULT_APPEND_VARS setting: False
07/07/26 23:21:25 DAGMAN_INHERIT_ATTRS_PREFIX setting: 
07/07/26 23:21:25 DAGMAN_INHERIT_ATTRS setting: 
07/07/26 23:21:25 DAGMAN_ABORT_DUPLICATES setting: True
07/07/26 23:21:25 DAGMAN_ABORT_ON_SCARY_SUBMIT setting: True
07/07/26 23:21:25 DAGMAN_PENDING_REPORT_INTERVAL setting: 600
07/07/26 23:21:25 DAGMAN_CHECK_QUEUE_INTERVAL setting: 28800
07/07/26 23:21:25 DAGMAN_PRINT_JOB_TABLE_INTERVAL setting: 900
07/07/26 23:21:25 DAGMAN_AUTO_RESCUE setting: True
07/07/26 23:21:25 DAGMAN_MAX_RESCUE_NUM setting: 100
07/07/26 23:21:25 DAGMAN_WRITE_PARTIAL_RESCUE setting: True
07/07/26 23:21:25 DAGMAN_RESET_RETRIES_UPON_RESCUE setting: True
07/07/26 23:21:25 DAGMAN_METRICS_FILE_VERSION setting: 2
07/07/26 23:21:25 DAGMAN_DEFAULT_NODE_LOG setting: @(DAG_DIR)/@(DAG_FILE).nodes.log
07/07/26 23:21:25 DAGMAN_LOG_ON_NFS_IS_ERROR setting: False
07/07/26 23:21:25 DAGMAN_GENERATE_SUBDAG_SUBMITS setting: True
07/07/26 23:21:25 DAGMAN_MAX_JOB_HOLDS setting: 100
07/07/26 23:21:25 DAGMAN_NODE_JOB_FAILURE_TOLERANCE setting: 0
07/07/26 23:21:25 DAGMAN_HOLD_CLAIM_TIME setting: 20
07/07/26 23:21:25 DAGMAN_SUPPRESS_JOB_LOGS setting: False
07/07/26 23:21:25 DAGMAN_REMOVE_NODE_JOBS setting: True
07/07/26 23:21:25 DAGMAN_PUT_FAILED_JOBS_ON_HOLD setting: False
07/07/26 23:21:25 DAGMAN_REMOVE_JOBS_AFTER_LIMIT_CHANGE setting: False
07/07/26 23:21:25 DAGMAN will adjust edges after parsing
07/07/26 23:21:25 argv[0] == "condor_scheduniv_exec.170501.0"
07/07/26 23:21:25 argv[1] == "-Lockfile"
07/07/26 23:21:25 argv[2] == "one_way_line_det_one_way_line_30_20_action_shield.dag.lock"
07/07/26 23:21:25 argv[3] == "-Dag"
07/07/26 23:21:25 argv[4] == "one_way_line_det_one_way_line_30_20_action_shield.dag"
07/07/26 23:21:25 argv[5] == "-CsdVersion"
07/07/26 23:21:25 argv[6] == "$CondorVersion: 24.12.19 2026-04-15 BuildID: 896241 PackageID: 24.12.19-1+deb12 GitSHA: c68f3e0e $"
07/07/26 23:21:25 argv[7] == "-dagman"
07/07/26 23:21:25 argv[8] == "/usr/bin/condor_dagman"
07/07/26 23:21:25 argv[9] == "-AutoRescue"
07/07/26 23:21:25 argv[10] == "1"
07/07/26 23:21:25 argv[11] == "-DoRescueFrom"
07/07/26 23:21:25 argv[12] == "0"
07/07/26 23:21:25 Can't open directory "/etc/condor/passwords.d" as PRIV_ROOT, errno: 13 (Permission denied)
07/07/26 23:21:25 Can't open directory "/etc/condor/passwords.d" as PRIV_ROOT, errno: 13 (Permission denied)
07/07/26 23:21:25 Workflow batch-id: <170501.0>
07/07/26 23:21:25 Workflow batch-name: <one_way_line_det_one_way_line_30_20_action_shield.dag+170501>
07/07/26 23:21:25 Workflow accounting_group: <teaching>
07/07/26 23:21:25 Workflow accounting_group_user: <atml_team041>
07/07/26 23:21:25 Warning: failed to get attribute DAGNodeName
07/07/26 23:21:25 Default node log file is: </home/atml_team041/condor_tutorial/jani_env/experiments/repair_wo_domain/submissions/action_shield/one_way_line_det/./one_way_line_det_one_way_line_30_20_action_shield.dag.nodes.log>
07/07/26 23:21:25 DAG Lockfile will be written to one_way_line_det_one_way_line_30_20_action_shield.dag.lock
07/07/26 23:21:25 DAG Input file is one_way_line_det_one_way_line_30_20_action_shield.dag
07/07/26 23:21:25 Parsing 1 dagfiles
07/07/26 23:21:25 Parsing one_way_line_det_one_way_line_30_20_action_shield.dag ...
07/07/26 23:21:25 Adjusting edges
07/07/26 23:21:25 Found rescue DAG number 1; running one_way_line_det_one_way_line_30_20_action_shield.dag.rescue001 in combination with normal DAG file
07/07/26 23:21:25 ~~~~~~~~~~~~~~~~~~~~~~~~~~~~~~~~~~~~~~~~~~~~~~~~~~~~~~
07/07/26 23:21:25 USING RESCUE DAG one_way_line_det_one_way_line_30_20_action_shield.dag.rescue001
07/07/26 23:21:25 Dag contains 5 total nodes
07/07/26 23:21:25 Bootstrapping...
07/07/26 23:21:25 Number of pre-completed nodes: 0
07/07/26 23:21:25 MultiLogFiles: truncating log file /home/atml_team041/condor_tutorial/jani_env/experiments/repair_wo_domain/submissions/action_shield/one_way_line_det/./one_way_line_det_one_way_line_30_20_action_shield.dag.nodes.log
07/07/26 23:21:25 DAG status: 0 (DAG_STATUS_OK)
07/07/26 23:21:25 Of 5 nodes total:
07/07/26 23:21:25  Done     Pre   Queued    Post   Ready   Un-Ready   Failed   Futile
07/07/26 23:21:25   ===     ===      ===     ===     ===        ===      ===      ===
07/07/26 23:21:25     0       0        0       0       1          4        0        0
07/07/26 23:21:25 0 job proc(s) currently held
07/07/26 23:21:25 DAGMan Runtime Statistics: [EventCycleTimeSum=0.000; SleepCycleTimeSum=0.000; SubmitCycleTimeSum=0.000; EventCycleTimeCount=0.000; SleepCycleTimeCount=0.000; SubmitCycleTimeCount=0.000; LogProcessCycleTimeSum=0.000; LogProcessCycleTimeCount=0.000; ]
07/07/26 23:21:25 Registering condor_event_timer...
07/07/26 23:21:26 Submitting HTCondor Node COLLECT job(s)...
07/07/26 23:21:26 Submitting node COLLECT from file one_way_line_det_one_way_line_30_20_action_shield_collect.sub using direct job submission
07/07/26 23:21:26 	assigned HTCondor ID (170507.0.0)
07/07/26 23:21:26 Just submitted 1 job this cycle...
07/07/26 23:21:26 DAG status: 0 (DAG_STATUS_OK)
07/07/26 23:21:26 Of 5 nodes total:
07/07/26 23:21:26  Done     Pre   Queued    Post   Ready   Un-Ready   Failed   Futile
07/07/26 23:21:26   ===     ===      ===     ===     ===        ===      ===      ===
07/07/26 23:21:26     0       0        1       0       0          4        0        0
07/07/26 23:21:26 0 job proc(s) currently held
07/07/26 23:21:26 DAGMan Runtime Statistics: [EventCycleTimeSum=0.000; SleepCycleTimeSum=0.000; SubmitCycleTimeAvg=0.108; SubmitCycleTimeMax=0.108; SubmitCycleTimeMin=0.108; SubmitCycleTimeStd=0.108; SubmitCycleTimeSum=0.108; EventCycleTimeCount=0.000; SleepCycleTimeCount=0.000; SubmitCycleTimeCount=1.000; LogProcessCycleTimeSum=0.000; LogProcessCycleTimeCount=0.000; ]
07/07/26 23:21:31 Currently monitoring 1 HTCondor log file(s)
07/07/26 23:21:31 Reassigning the id of job COLLECT from (170507.0.0) to (170507.0.0)
07/07/26 23:21:31 Event: ULOG_SUBMIT for HTCondor Node COLLECT (170507.0.0) {07/07/26 23:21:26}
07/07/26 23:21:31 Number of idle job procs: 1
07/07/26 23:21:31 Reassigning the id of job COLLECT from (170507.0.0) to (170507.1.0)
07/07/26 23:21:31 Event: ULOG_SUBMIT for HTCondor Node COLLECT (170507.1.0) {07/07/26 23:21:26}
07/07/26 23:21:31 Number of idle job procs: 2
07/07/26 23:21:31 Reassigning the id of job COLLECT from (170507.1.0) to (170507.10.0)
07/07/26 23:21:31 Event: ULOG_SUBMIT for HTCondor Node COLLECT (170507.10.0) {07/07/26 23:21:26}
07/07/26 23:21:31 Number of idle job procs: 3
07/07/26 23:21:31 Reassigning the id of job COLLECT from (170507.10.0) to (170507.11.0)
07/07/26 23:21:31 Event: ULOG_SUBMIT for HTCondor Node COLLECT (170507.11.0) {07/07/26 23:21:26}
07/07/26 23:21:31 Number of idle job procs: 4
07/07/26 23:21:31 Reassigning the id of job COLLECT from (170507.11.0) to (170507.12.0)
07/07/26 23:21:31 Event: ULOG_SUBMIT for HTCondor Node COLLECT (170507.12.0) {07/07/26 23:21:26}
07/07/26 23:21:31 Number of idle job procs: 5
07/07/26 23:21:31 Reassigning the id of job COLLECT from (170507.12.0) to (170507.13.0)
07/07/26 23:21:31 Event: ULOG_SUBMIT for HTCondor Node COLLECT (170507.13.0) {07/07/26 23:21:26}
07/07/26 23:21:31 Number of idle job procs: 6
07/07/26 23:21:31 Reassigning the id of job COLLECT from (170507.13.0) to (170507.14.0)
07/07/26 23:21:31 Event: ULOG_SUBMIT for HTCondor Node COLLECT (170507.14.0) {07/07/26 23:21:26}
07/07/26 23:21:31 Number of idle job procs: 7
07/07/26 23:21:31 Reassigning the id of job COLLECT from (170507.14.0) to (170507.15.0)
07/07/26 23:21:31 Event: ULOG_SUBMIT for HTCondor Node COLLECT (170507.15.0) {07/07/26 23:21:26}
07/07/26 23:21:31 Number of idle job procs: 8
07/07/26 23:21:31 Reassigning the id of job COLLECT from (170507.15.0) to (170507.16.0)
07/07/26 23:21:31 Event: ULOG_SUBMIT for HTCondor Node COLLECT (170507.16.0) {07/07/26 23:21:26}
07/07/26 23:21:31 Number of idle job procs: 9
07/07/26 23:21:31 Reassigning the id of job COLLECT from (170507.16.0) to (170507.17.0)
07/07/26 23:21:31 Event: ULOG_SUBMIT for HTCondor Node COLLECT (170507.17.0) {07/07/26 23:21:26}
07/07/26 23:21:31 Number of idle job procs: 10
07/07/26 23:21:31 Reassigning the id of job COLLECT from (170507.17.0) to (170507.18.0)
07/07/26 23:21:31 Event: ULOG_SUBMIT for HTCondor Node COLLECT (170507.18.0) {07/07/26 23:21:26}
07/07/26 23:21:31 Number of idle job procs: 11
07/07/26 23:21:31 Reassigning the id of job COLLECT from (170507.18.0) to (170507.19.0)
07/07/26 23:21:31 Event: ULOG_SUBMIT for HTCondor Node COLLECT (170507.19.0) {07/07/26 23:21:26}
07/07/26 23:21:31 Number of idle job procs: 12
07/07/26 23:21:31 Reassigning the id of job COLLECT from (170507.19.0) to (170507.2.0)
07/07/26 23:21:31 Event: ULOG_SUBMIT for HTCondor Node COLLECT (170507.2.0) {07/07/26 23:21:26}
07/07/26 23:21:31 Number of idle job procs: 13
07/07/26 23:21:31 Reassigning the id of job COLLECT from (170507.2.0) to (170507.20.0)
07/07/26 23:21:31 Event: ULOG_SUBMIT for HTCondor Node COLLECT (170507.20.0) {07/07/26 23:21:26}
07/07/26 23:21:31 Number of idle job procs: 14
07/07/26 23:21:31 Reassigning the id of job COLLECT from (170507.20.0) to (170507.21.0)
07/07/26 23:21:31 Event: ULOG_SUBMIT for HTCondor Node COLLECT (170507.21.0) {07/07/26 23:21:26}
07/07/26 23:21:31 Number of idle job procs: 15
07/07/26 23:21:31 Reassigning the id of job COLLECT from (170507.21.0) to (170507.22.0)
07/07/26 23:21:31 Event: ULOG_SUBMIT for HTCondor Node COLLECT (170507.22.0) {07/07/26 23:21:26}
07/07/26 23:21:31 Number of idle job procs: 16
07/07/26 23:21:31 Reassigning the id of job COLLECT from (170507.22.0) to (170507.23.0)
07/07/26 23:21:31 Event: ULOG_SUBMIT for HTCondor Node COLLECT (170507.23.0) {07/07/26 23:21:26}
07/07/26 23:21:31 Number of idle job procs: 17
07/07/26 23:21:31 Reassigning the id of job COLLECT from (170507.23.0) to (170507.24.0)
07/07/26 23:21:31 Event: ULOG_SUBMIT for HTCondor Node COLLECT (170507.24.0) {07/07/26 23:21:26}
07/07/26 23:21:31 Number of idle job procs: 18
07/07/26 23:21:31 Reassigning the id of job COLLECT from (170507.24.0) to (170507.25.0)
07/07/26 23:21:31 Event: ULOG_SUBMIT for HTCondor Node COLLECT (170507.25.0) {07/07/26 23:21:26}
07/07/26 23:21:31 Number of idle job procs: 19
07/07/26 23:21:31 Reassigning the id of job COLLECT from (170507.25.0) to (170507.26.0)
07/07/26 23:21:31 Event: ULOG_SUBMIT for HTCondor Node COLLECT (170507.26.0) {07/07/26 23:21:26}
07/07/26 23:21:31 Number of idle job procs: 20
07/07/26 23:21:31 Reassigning the id of job COLLECT from (170507.26.0) to (170507.27.0)
07/07/26 23:21:31 Event: ULOG_SUBMIT for HTCondor Node COLLECT (170507.27.0) {07/07/26 23:21:26}
07/07/26 23:21:31 Number of idle job procs: 21
07/07/26 23:21:31 Reassigning the id of job COLLECT from (170507.27.0) to (170507.28.0)
07/07/26 23:21:31 Event: ULOG_SUBMIT for HTCondor Node COLLECT (170507.28.0) {07/07/26 23:21:26}
07/07/26 23:21:31 Number of idle job procs: 22
07/07/26 23:21:31 Reassigning the id of job COLLECT from (170507.28.0) to (170507.29.0)
07/07/26 23:21:31 Event: ULOG_SUBMIT for HTCondor Node COLLECT (170507.29.0) {07/07/26 23:21:26}
07/07/26 23:21:31 Number of idle job procs: 23
07/07/26 23:21:31 Reassigning the id of job COLLECT from (170507.29.0) to (170507.3.0)
07/07/26 23:21:31 Event: ULOG_SUBMIT for HTCondor Node COLLECT (170507.3.0) {07/07/26 23:21:26}
07/07/26 23:21:31 Number of idle job procs: 24
07/07/26 23:21:31 Reassigning the id of job COLLECT from (170507.3.0) to (170507.30.0)
07/07/26 23:21:31 Event: ULOG_SUBMIT for HTCondor Node COLLECT (170507.30.0) {07/07/26 23:21:26}
07/07/26 23:21:31 Number of idle job procs: 25
07/07/26 23:21:31 Reassigning the id of job COLLECT from (170507.30.0) to (170507.31.0)
07/07/26 23:21:31 Event: ULOG_SUBMIT for HTCondor Node COLLECT (170507.31.0) {07/07/26 23:21:26}
07/07/26 23:21:31 Number of idle job procs: 26
07/07/26 23:21:31 Reassigning the id of job COLLECT from (170507.31.0) to (170507.32.0)
07/07/26 23:21:31 Event: ULOG_SUBMIT for HTCondor Node COLLECT (170507.32.0) {07/07/26 23:21:26}
07/07/26 23:21:31 Number of idle job procs: 27
07/07/26 23:21:31 Reassigning the id of job COLLECT from (170507.32.0) to (170507.33.0)
07/07/26 23:21:31 Event: ULOG_SUBMIT for HTCondor Node COLLECT (170507.33.0) {07/07/26 23:21:26}
07/07/26 23:21:31 Number of idle job procs: 28
07/07/26 23:21:31 Reassigning the id of job COLLECT from (170507.33.0) to (170507.34.0)
07/07/26 23:21:31 Event: ULOG_SUBMIT for HTCondor Node COLLECT (170507.34.0) {07/07/26 23:21:26}
07/07/26 23:21:31 Number of idle job procs: 29
07/07/26 23:21:31 Reassigning the id of job COLLECT from (170507.34.0) to (170507.35.0)
07/07/26 23:21:31 Event: ULOG_SUBMIT for HTCondor Node COLLECT (170507.35.0) {07/07/26 23:21:26}
07/07/26 23:21:31 Number of idle job procs: 30
07/07/26 23:21:31 Reassigning the id of job COLLECT from (170507.35.0) to (170507.36.0)
07/07/26 23:21:31 Event: ULOG_SUBMIT for HTCondor Node COLLECT (170507.36.0) {07/07/26 23:21:26}
07/07/26 23:21:31 Number of idle job procs: 31
07/07/26 23:21:31 Reassigning the id of job COLLECT from (170507.36.0) to (170507.37.0)
07/07/26 23:21:31 Event: ULOG_SUBMIT for HTCondor Node COLLECT (170507.37.0) {07/07/26 23:21:26}
07/07/26 23:21:31 Number of idle job procs: 32
07/07/26 23:21:31 Reassigning the id of job COLLECT from (170507.37.0) to (170507.38.0)
07/07/26 23:21:31 Event: ULOG_SUBMIT for HTCondor Node COLLECT (170507.38.0) {07/07/26 23:21:26}
07/07/26 23:21:31 Number of idle job procs: 33
07/07/26 23:21:31 Reassigning the id of job COLLECT from (170507.38.0) to (170507.39.0)
07/07/26 23:21:31 Event: ULOG_SUBMIT for HTCondor Node COLLECT (170507.39.0) {07/07/26 23:21:26}
07/07/26 23:21:31 Number of idle job procs: 34
07/07/26 23:21:31 Reassigning the id of job COLLECT from (170507.39.0) to (170507.4.0)
07/07/26 23:21:31 Event: ULOG_SUBMIT for HTCondor Node COLLECT (170507.4.0) {07/07/26 23:21:26}
07/07/26 23:21:31 Number of idle job procs: 35
07/07/26 23:21:31 Reassigning the id of job COLLECT from (170507.4.0) to (170507.5.0)
07/07/26 23:21:31 Event: ULOG_SUBMIT for HTCondor Node COLLECT (170507.5.0) {07/07/26 23:21:26}
07/07/26 23:21:31 Number of idle job procs: 36
07/07/26 23:21:31 Reassigning the id of job COLLECT from (170507.5.0) to (170507.6.0)
07/07/26 23:21:31 Event: ULOG_SUBMIT for HTCondor Node COLLECT (170507.6.0) {07/07/26 23:21:26}
07/07/26 23:21:31 Number of idle job procs: 37
07/07/26 23:21:31 Reassigning the id of job COLLECT from (170507.6.0) to (170507.7.0)
07/07/26 23:21:31 Event: ULOG_SUBMIT for HTCondor Node COLLECT (170507.7.0) {07/07/26 23:21:26}
07/07/26 23:21:31 Number of idle job procs: 38
07/07/26 23:21:31 Reassigning the id of job COLLECT from (170507.7.0) to (170507.8.0)
07/07/26 23:21:31 Event: ULOG_SUBMIT for HTCondor Node COLLECT (170507.8.0) {07/07/26 23:21:26}
07/07/26 23:21:31 Number of idle job procs: 39
07/07/26 23:21:31 Reassigning the id of job COLLECT from (170507.8.0) to (170507.9.0)
07/07/26 23:21:31 Event: ULOG_SUBMIT for HTCondor Node COLLECT (170507.9.0) {07/07/26 23:21:26}
07/07/26 23:21:31 Number of idle job procs: 40
07/07/26 23:21:51 Currently monitoring 1 HTCondor log file(s)
07/07/26 23:21:51 Event: ULOG_EXECUTE for HTCondor Node COLLECT (170507.21.0) {07/07/26 23:21:46}
07/07/26 23:21:51 Number of idle job procs: 39
07/07/26 23:21:51 Event: ULOG_EXECUTE for HTCondor Node COLLECT (170507.12.0) {07/07/26 23:21:46}
07/07/26 23:21:51 Number of idle job procs: 38
07/07/26 23:21:51 Event: ULOG_EXECUTE for HTCondor Node COLLECT (170507.13.0) {07/07/26 23:21:46}
07/07/26 23:21:51 Number of idle job procs: 37
07/07/26 23:21:51 Event: ULOG_EXECUTE for HTCondor Node COLLECT (170507.1.0) {07/07/26 23:21:46}
07/07/26 23:21:51 Number of idle job procs: 36
07/07/26 23:21:51 Event: ULOG_EXECUTE for HTCondor Node COLLECT (170507.2.0) {07/07/26 23:21:46}
07/07/26 23:21:51 Number of idle job procs: 35
07/07/26 23:21:51 Event: ULOG_EXECUTE for HTCondor Node COLLECT (170507.0.0) {07/07/26 23:21:46}
07/07/26 23:21:51 Number of idle job procs: 34
07/07/26 23:21:51 Event: ULOG_EXECUTE for HTCondor Node COLLECT (170507.3.0) {07/07/26 23:21:46}
07/07/26 23:21:51 Number of idle job procs: 33
07/07/26 23:21:51 Event: ULOG_EXECUTE for HTCondor Node COLLECT (170507.4.0) {07/07/26 23:21:46}
07/07/26 23:21:51 Number of idle job procs: 32
07/07/26 23:21:51 Event: ULOG_EXECUTE for HTCondor Node COLLECT (170507.7.0) {07/07/26 23:21:46}
07/07/26 23:21:51 Number of idle job procs: 31
07/07/26 23:21:51 Event: ULOG_EXECUTE for HTCondor Node COLLECT (170507.8.0) {07/07/26 23:21:46}
07/07/26 23:21:51 Number of idle job procs: 30
07/07/26 23:21:51 Event: ULOG_EXECUTE for HTCondor Node COLLECT (170507.9.0) {07/07/26 23:21:46}
07/07/26 23:21:51 Number of idle job procs: 29
07/07/26 23:21:51 Event: ULOG_EXECUTE for HTCondor Node COLLECT (170507.11.0) {07/07/26 23:21:46}
07/07/26 23:21:51 Number of idle job procs: 28
07/07/26 23:21:51 Event: ULOG_EXECUTE for HTCondor Node COLLECT (170507.10.0) {07/07/26 23:21:46}
07/07/26 23:21:51 Number of idle job procs: 27
07/07/26 23:21:51 Event: ULOG_EXECUTE for HTCondor Node COLLECT (170507.5.0) {07/07/26 23:21:46}
07/07/26 23:21:51 Number of idle job procs: 26
07/07/26 23:21:51 Event: ULOG_EXECUTE for HTCondor Node COLLECT (170507.20.0) {07/07/26 23:21:46}
07/07/26 23:21:51 Number of idle job procs: 25
07/07/26 23:21:51 Event: ULOG_EXECUTE for HTCondor Node COLLECT (170507.6.0) {07/07/26 23:21:46}
07/07/26 23:21:51 Number of idle job procs: 24
07/07/26 23:21:51 Event: ULOG_EXECUTE for HTCondor Node COLLECT (170507.15.0) {07/07/26 23:21:46}
07/07/26 23:21:51 Number of idle job procs: 23
07/07/26 23:21:51 Event: ULOG_EXECUTE for HTCondor Node COLLECT (170507.17.0) {07/07/26 23:21:46}
07/07/26 23:21:51 Number of idle job procs: 22
07/07/26 23:21:51 Event: ULOG_EXECUTE for HTCondor Node COLLECT (170507.14.0) {07/07/26 23:21:46}
07/07/26 23:21:51 Number of idle job procs: 21
07/07/26 23:21:51 Event: ULOG_EXECUTE for HTCondor Node COLLECT (170507.16.0) {07/07/26 23:21:46}
07/07/26 23:21:51 Number of idle job procs: 20
07/07/26 23:21:51 Event: ULOG_EXECUTE for HTCondor Node COLLECT (170507.18.0) {07/07/26 23:21:46}
07/07/26 23:21:51 Number of idle job procs: 19
07/07/26 23:21:51 Event: ULOG_EXECUTE for HTCondor Node COLLECT (170507.19.0) {07/07/26 23:21:46}
07/07/26 23:21:51 Number of idle job procs: 18
07/07/26 23:30:31 Currently monitoring 1 HTCondor log file(s)
07/07/26 23:30:31 Event: ULOG_EXECUTE for HTCondor Node COLLECT (170507.22.0) {07/07/26 23:30:28}
07/07/26 23:30:31 Number of idle job procs: 17
07/07/26 23:36:27 Total jobs placed to AP: 40
07/07/26 23:36:27      Idle     Held     Running     Successful     Failed
07/07/26 23:36:27       ===      ===         ===            ===        ===
07/07/26 23:36:27        17        0          23              0          0
07/07/26 23:37:12 Received SIGUSR1
07/07/26 23:37:12 Aborting DAG...
07/07/26 23:37:12 Writing Rescue DAG to one_way_line_det_one_way_line_30_20_action_shield.dag.rescue002...
07/07/26 23:37:12 Removing submitted jobs...
07/07/26 23:37:12 Removing any/all submitted HTCondor jobs...
07/07/26 23:37:12 Running: /usr/bin/condor_rm -const DAGManJobId==170501 -reason DAG' 'Removed:' 'User' 'removed' 'scheduler' 'job' 'from' 'queue.
07/07/26 23:37:12 Note: 0 total node deferrals because of -MaxJobs limit (0)
07/07/26 23:37:12 Note: 0 total node deferrals because of -MaxIdle limit (1000)
07/07/26 23:37:12 Note: 0 total node deferrals because of node category throttles
07/07/26 23:37:12 Note: 0 total PRE script deferrals because of -MaxPre limit (20) or DEFER
07/07/26 23:37:12 Note: 0 total POST script deferrals because of -MaxPost limit (20) or DEFER
07/07/26 23:37:12 Note: 0 total HOLD script deferrals because of -MaxHold limit (20) or DEFER
07/07/26 23:37:12 DAG status: 4 (DAG_STATUS_RM)
07/07/26 23:37:12 Of 5 nodes total:
07/07/26 23:37:12  Done     Pre   Queued    Post   Ready   Un-Ready   Failed   Futile
07/07/26 23:37:12   ===     ===      ===     ===     ===        ===      ===      ===
07/07/26 23:37:12     0       0        1       0       0          4        0        0
07/07/26 23:37:12 0 job proc(s) currently held
07/07/26 23:37:12 DAGMan Runtime Statistics: [EventCycleTimeAvg=0.001; EventCycleTimeMax=0.115; EventCycleTimeMin=0.000; EventCycleTimeStd=0.010; EventCycleTimeSum=0.246; SleepCycleTimeAvg=5.004; SleepCycleTimeMax=5.006; SleepCycleTimeMin=5.001; SleepCycleTimeStd=0.001; SleepCycleTimeSum=945.740; SubmitCycleTimeAvg=0.001; SubmitCycleTimeMax=0.108; SubmitCycleTimeMin=0.000; SubmitCycleTimeStd=0.008; SubmitCycleTimeSum=0.109; EventCycleTimeCount=190.000; SleepCycleTimeCount=189.000; SubmitCycleTimeCount=190.000; LogProcessCycleTimeAvg=0.032; LogProcessCycleTimeMax=0.069; LogProcessCycleTimeMin=0.003; LogProcessCycleTimeStd=0.034; LogProcessCycleTimeSum=0.095; LogProcessCycleTimeCount=3.000; ]
07/07/26 23:37:12 Wrote metrics file one_way_line_det_one_way_line_30_20_action_shield.dag.metrics.
07/07/26 23:37:12 DAGMan Runtime Statistics: [EventCycleTimeAvg=0.001; EventCycleTimeMax=0.115; EventCycleTimeMin=0.000; EventCycleTimeStd=0.010; EventCycleTimeSum=0.246; SleepCycleTimeAvg=5.004; SleepCycleTimeMax=5.006; SleepCycleTimeMin=5.001; SleepCycleTimeStd=0.001; SleepCycleTimeSum=945.740; SubmitCycleTimeAvg=0.001; SubmitCycleTimeMax=0.108; SubmitCycleTimeMin=0.000; SubmitCycleTimeStd=0.008; SubmitCycleTimeSum=0.109; EventCycleTimeCount=190.000; SleepCycleTimeCount=189.000; SubmitCycleTimeCount=190.000; LogProcessCycleTimeAvg=0.032; LogProcessCycleTimeMax=0.069; LogProcessCycleTimeMin=0.003; LogProcessCycleTimeStd=0.034; LogProcessCycleTimeSum=0.095; LogProcessCycleTimeCount=3.000; ]
07/07/26 23:37:12 **** condor_scheduniv_exec.170501.0 (condor_DAGMAN) pid 707634 EXITING WITH STATUS 2
07/07/26 23:45:13 ******************************************************
07/07/26 23:45:13 ** condor_scheduniv_exec.170535.0 (CONDOR_DAGMAN) STARTING UP
07/07/26 23:45:13 ** /usr/bin/condor_dagman
07/07/26 23:45:13 ** SubsystemInfo: name=DAGMAN type=DAGMAN(9) class=CLIENT(2)
07/07/26 23:45:13 ** Configuration: subsystem:DAGMAN local:<NONE> class:CLIENT
07/07/26 23:45:13 ** $CondorVersion: 24.12.19 2026-04-15 BuildID: 896241 PackageID: 24.12.19-1+deb12 GitSHA: c68f3e0e $
07/07/26 23:45:13 ** $CondorPlatform: X86_64-Debian_12 $
07/07/26 23:45:13 ** PID = 718917 RealUID = 1620002036
07/07/26 23:45:13 ** Log last touched 7/7 23:37:12
07/07/26 23:45:13 ******************************************************
07/07/26 23:45:13 Using config source: /etc/condor/condor_config
07/07/26 23:45:13 Using local config sources: 
07/07/26 23:45:13    /etc/condor/config.d/01-submit.conf
07/07/26 23:45:13    /etc/condor/config.d/10-stash-plugin.conf
07/07/26 23:45:13    /etc/condor/config.d/23-network.config
07/07/26 23:45:13    /etc/condor/config.d/31-mail.conf
07/07/26 23:45:13    /etc/condor/config.d/35-cc-sync.conf
07/07/26 23:45:13    /etc/condor/config.d/41-periodic-remove.conf
07/07/26 23:45:13    /etc/condor/config.d/49-common.conf
07/07/26 23:45:13    /etc/condor/config.d/52-group-mapping.conf
07/07/26 23:45:13    /etc/condor/config.d/54-container.conf
07/07/26 23:45:13    /etc/condor/config.d/67-submit-transforms.conf
07/07/26 23:45:13    /etc/condor/config.d/71-submit-requirements.conf
07/07/26 23:45:13    /etc/condor/condor_config.local
07/07/26 23:45:13 config Macros = 110, Sorted = 110, StringBytes = 6396, TablesBytes = 4088
07/07/26 23:45:13 CLASSAD_CACHING is ENABLED
07/07/26 23:45:13 Daemon Log is logging: D_ALWAYS D_ERROR D_STATUS
07/07/26 23:45:13 Daemoncore: Listening at <0.0.0.0:4185> on TCP (ReliSock) and UDP (SafeSock).
07/07/26 23:45:13 DaemonCore: command socket at <10.143.248.60:4185?addrs=10.143.248.60-4185&alias=conduit.hpc.uni-saarland.de>
07/07/26 23:45:13 DaemonCore: private command socket at <10.143.248.60:4185?addrs=10.143.248.60-4185&alias=conduit.hpc.uni-saarland.de>
07/07/26 23:45:13 DAGMAN_USE_STRICT setting: 1
07/07/26 23:45:13 DAGMAN_VERBOSITY setting: 3
07/07/26 23:45:13 DAGMAN_DEBUG_CACHE_SIZE setting: 5242880
07/07/26 23:45:13 DAGMAN_DEBUG_CACHE_ENABLE setting: False
07/07/26 23:45:13 DAGMAN_SUBMIT_DELAY setting: 0
07/07/26 23:45:13 DAGMAN_MAX_SUBMIT_ATTEMPTS setting: 6
07/07/26 23:45:13 DAGMAN_STARTUP_CYCLE_DETECT setting: False
07/07/26 23:45:13 DAGMAN_USE_JOIN_NODES setting: True
07/07/26 23:45:13 DAGMAN_REPORT_GRAPH_METRICS setting: False
07/07/26 23:45:13 DAGMAN_MAX_SUBMITS_PER_INTERVAL setting: 100
07/07/26 23:45:13 DAGMAN_AGGRESSIVE_SUBMIT setting: False
07/07/26 23:45:13 DAGMAN_USER_LOG_SCAN_INTERVAL setting: 5
07/07/26 23:45:13 DAGMAN_QUEUE_UPDATE_INTERVAL setting: 300.000000
07/07/26 23:45:13 DAGMAN_DEFAULT_PRIORITY setting: 0
07/07/26 23:45:13 DAGMAN_SUPPRESS_NOTIFICATION setting: False
07/07/26 23:45:13 allow_events (DAGMAN_ALLOW_EVENTS) setting: 114
07/07/26 23:45:13 DAGMAN_RETRY_SUBMIT_FIRST setting: True
07/07/26 23:45:13 DAGMAN_RETRY_NODE_FIRST setting: False
07/07/26 23:45:13 DAGMAN_MAX_JOBS_IDLE setting: 1000
07/07/26 23:45:13 DAGMAN_MAX_JOBS_SUBMITTED setting: 0
07/07/26 23:45:13 DAGMAN_MAX_PRE_SCRIPTS setting: 20
07/07/26 23:45:13 DAGMAN_MAX_POST_SCRIPTS setting: 20
07/07/26 23:45:13 DAGMAN_MAX_HOLD_SCRIPTS setting: 20
07/07/26 23:45:13 DAGMAN_MUNGE_NODE_NAMES setting: True
07/07/26 23:45:13 DAGMAN_ALLOW_ANY_NODE_NAME_CHARACTERS setting: False
07/07/26 23:45:13 DAGMAN_PROHIBIT_MULTI_JOBS setting: False
07/07/26 23:45:13 DAGMAN_SUBMIT_DEPTH_FIRST setting: False
07/07/26 23:45:13 DAGMAN_ALWAYS_RUN_POST setting: False
07/07/26 23:45:13 DAGMAN_CONDOR_SUBMIT_EXE setting: /usr/bin/condor_submit
07/07/26 23:45:13 DAGMAN_CONDOR_RM_EXE setting: /usr/bin/condor_rm
07/07/26 23:45:13 DAGMAN_USE_DIRECT_SUBMIT setting: True
07/07/26 23:45:13 DAGMAN_PRODUCE_JOB_CREDENTIALS setting: True
07/07/26 23:45:13 DAGMAN_DEFAULT_APPEND_VARS setting: False
07/07/26 23:45:13 DAGMAN_INHERIT_ATTRS_PREFIX setting: 
07/07/26 23:45:13 DAGMAN_INHERIT_ATTRS setting: 
07/07/26 23:45:13 DAGMAN_ABORT_DUPLICATES setting: True
07/07/26 23:45:13 DAGMAN_ABORT_ON_SCARY_SUBMIT setting: True
07/07/26 23:45:13 DAGMAN_PENDING_REPORT_INTERVAL setting: 600
07/07/26 23:45:13 DAGMAN_CHECK_QUEUE_INTERVAL setting: 28800
07/07/26 23:45:13 DAGMAN_PRINT_JOB_TABLE_INTERVAL setting: 900
07/07/26 23:45:13 DAGMAN_AUTO_RESCUE setting: True
07/07/26 23:45:13 DAGMAN_MAX_RESCUE_NUM setting: 100
07/07/26 23:45:13 DAGMAN_WRITE_PARTIAL_RESCUE setting: True
07/07/26 23:45:13 DAGMAN_RESET_RETRIES_UPON_RESCUE setting: True
07/07/26 23:45:13 DAGMAN_METRICS_FILE_VERSION setting: 2
07/07/26 23:45:13 DAGMAN_DEFAULT_NODE_LOG setting: @(DAG_DIR)/@(DAG_FILE).nodes.log
07/07/26 23:45:13 DAGMAN_LOG_ON_NFS_IS_ERROR setting: False
07/07/26 23:45:13 DAGMAN_GENERATE_SUBDAG_SUBMITS setting: True
07/07/26 23:45:13 DAGMAN_MAX_JOB_HOLDS setting: 100
07/07/26 23:45:13 DAGMAN_NODE_JOB_FAILURE_TOLERANCE setting: 0
07/07/26 23:45:13 DAGMAN_HOLD_CLAIM_TIME setting: 20
07/07/26 23:45:13 DAGMAN_SUPPRESS_JOB_LOGS setting: False
07/07/26 23:45:13 DAGMAN_REMOVE_NODE_JOBS setting: True
07/07/26 23:45:13 DAGMAN_PUT_FAILED_JOBS_ON_HOLD setting: False
07/07/26 23:45:13 DAGMAN_REMOVE_JOBS_AFTER_LIMIT_CHANGE setting: False
07/07/26 23:45:13 DAGMAN will adjust edges after parsing
07/07/26 23:45:13 argv[0] == "condor_scheduniv_exec.170535.0"
07/07/26 23:45:13 argv[1] == "-Lockfile"
07/07/26 23:45:13 argv[2] == "one_way_line_det_one_way_line_30_20_action_shield.dag.lock"
07/07/26 23:45:13 argv[3] == "-Dag"
07/07/26 23:45:13 argv[4] == "one_way_line_det_one_way_line_30_20_action_shield.dag"
07/07/26 23:45:13 argv[5] == "-CsdVersion"
07/07/26 23:45:13 argv[6] == "$CondorVersion: 24.12.19 2026-04-15 BuildID: 896241 PackageID: 24.12.19-1+deb12 GitSHA: c68f3e0e $"
07/07/26 23:45:13 argv[7] == "-dagman"
07/07/26 23:45:13 argv[8] == "/usr/bin/condor_dagman"
07/07/26 23:45:13 argv[9] == "-AutoRescue"
07/07/26 23:45:13 argv[10] == "1"
07/07/26 23:45:13 argv[11] == "-DoRescueFrom"
07/07/26 23:45:13 argv[12] == "0"
07/07/26 23:45:13 Can't open directory "/etc/condor/passwords.d" as PRIV_ROOT, errno: 13 (Permission denied)
07/07/26 23:45:13 Can't open directory "/etc/condor/passwords.d" as PRIV_ROOT, errno: 13 (Permission denied)
07/07/26 23:45:13 Workflow batch-id: <170535.0>
07/07/26 23:45:13 Workflow batch-name: <one_way_line_det_one_way_line_30_20_action_shield.dag+170535>
07/07/26 23:45:13 Workflow accounting_group: <teaching>
07/07/26 23:45:13 Workflow accounting_group_user: <atml_team041>
07/07/26 23:45:13 Warning: failed to get attribute DAGNodeName
07/07/26 23:45:13 Default node log file is: </home/atml_team041/condor_tutorial/jani_env/experiments/repair_wo_domain/submissions/action_shield/one_way_line_det/./one_way_line_det_one_way_line_30_20_action_shield.dag.nodes.log>
07/07/26 23:45:13 DAG Lockfile will be written to one_way_line_det_one_way_line_30_20_action_shield.dag.lock
07/07/26 23:45:13 DAG Input file is one_way_line_det_one_way_line_30_20_action_shield.dag
07/07/26 23:45:13 Parsing 1 dagfiles
07/07/26 23:45:13 Parsing one_way_line_det_one_way_line_30_20_action_shield.dag ...
07/07/26 23:45:13 Adjusting edges
07/07/26 23:45:13 Found rescue DAG number 2; running one_way_line_det_one_way_line_30_20_action_shield.dag.rescue002 in combination with normal DAG file
07/07/26 23:45:13 ~~~~~~~~~~~~~~~~~~~~~~~~~~~~~~~~~~~~~~~~~~~~~~~~~~~~~~
07/07/26 23:45:13 USING RESCUE DAG one_way_line_det_one_way_line_30_20_action_shield.dag.rescue002
07/07/26 23:45:13 Dag contains 5 total nodes
07/07/26 23:45:13 Bootstrapping...
07/07/26 23:45:13 Number of pre-completed nodes: 0
07/07/26 23:45:13 MultiLogFiles: truncating log file /home/atml_team041/condor_tutorial/jani_env/experiments/repair_wo_domain/submissions/action_shield/one_way_line_det/./one_way_line_det_one_way_line_30_20_action_shield.dag.nodes.log
07/07/26 23:45:13 DAG status: 0 (DAG_STATUS_OK)
07/07/26 23:45:13 Of 5 nodes total:
07/07/26 23:45:13  Done     Pre   Queued    Post   Ready   Un-Ready   Failed   Futile
07/07/26 23:45:13   ===     ===      ===     ===     ===        ===      ===      ===
07/07/26 23:45:13     0       0        0       0       1          4        0        0
07/07/26 23:45:13 0 job proc(s) currently held
07/07/26 23:45:13 DAGMan Runtime Statistics: [EventCycleTimeSum=0.000; SleepCycleTimeSum=0.000; SubmitCycleTimeSum=0.000; EventCycleTimeCount=0.000; SleepCycleTimeCount=0.000; SubmitCycleTimeCount=0.000; LogProcessCycleTimeSum=0.000; LogProcessCycleTimeCount=0.000; ]
07/07/26 23:45:13 Registering condor_event_timer...
07/07/26 23:45:14 Submitting HTCondor Node COLLECT job(s)...
07/07/26 23:45:14 Submitting node COLLECT from file one_way_line_det_one_way_line_30_20_action_shield_collect.sub using direct job submission
07/07/26 23:45:14 	assigned HTCondor ID (170536.0.0)
07/07/26 23:45:14 Just submitted 1 job this cycle...
07/07/26 23:45:14 DAG status: 0 (DAG_STATUS_OK)
07/07/26 23:45:14 Of 5 nodes total:
07/07/26 23:45:14  Done     Pre   Queued    Post   Ready   Un-Ready   Failed   Futile
07/07/26 23:45:14   ===     ===      ===     ===     ===        ===      ===      ===
07/07/26 23:45:14     0       0        1       0       0          4        0        0
07/07/26 23:45:14 0 job proc(s) currently held
07/07/26 23:45:14 DAGMan Runtime Statistics: [EventCycleTimeSum=0.000; SleepCycleTimeSum=0.000; SubmitCycleTimeAvg=0.134; SubmitCycleTimeMax=0.134; SubmitCycleTimeMin=0.134; SubmitCycleTimeStd=0.134; SubmitCycleTimeSum=0.134; EventCycleTimeCount=0.000; SleepCycleTimeCount=0.000; SubmitCycleTimeCount=1.000; LogProcessCycleTimeSum=0.000; LogProcessCycleTimeCount=0.000; ]
07/07/26 23:45:19 Currently monitoring 1 HTCondor log file(s)
07/07/26 23:45:19 Reassigning the id of job COLLECT from (170536.0.0) to (170536.0.0)
07/07/26 23:45:19 Event: ULOG_SUBMIT for HTCondor Node COLLECT (170536.0.0) {07/07/26 23:45:14}
07/07/26 23:45:19 Number of idle job procs: 1
07/07/26 23:45:19 Reassigning the id of job COLLECT from (170536.0.0) to (170536.1.0)
07/07/26 23:45:19 Event: ULOG_SUBMIT for HTCondor Node COLLECT (170536.1.0) {07/07/26 23:45:14}
07/07/26 23:45:19 Number of idle job procs: 2
07/07/26 23:45:19 Reassigning the id of job COLLECT from (170536.1.0) to (170536.10.0)
07/07/26 23:45:19 Event: ULOG_SUBMIT for HTCondor Node COLLECT (170536.10.0) {07/07/26 23:45:14}
07/07/26 23:45:19 Number of idle job procs: 3
07/07/26 23:45:19 Reassigning the id of job COLLECT from (170536.10.0) to (170536.11.0)
07/07/26 23:45:19 Event: ULOG_SUBMIT for HTCondor Node COLLECT (170536.11.0) {07/07/26 23:45:14}
07/07/26 23:45:19 Number of idle job procs: 4
07/07/26 23:45:19 Reassigning the id of job COLLECT from (170536.11.0) to (170536.12.0)
07/07/26 23:45:19 Event: ULOG_SUBMIT for HTCondor Node COLLECT (170536.12.0) {07/07/26 23:45:14}
07/07/26 23:45:19 Number of idle job procs: 5
07/07/26 23:45:19 Reassigning the id of job COLLECT from (170536.12.0) to (170536.13.0)
07/07/26 23:45:19 Event: ULOG_SUBMIT for HTCondor Node COLLECT (170536.13.0) {07/07/26 23:45:14}
07/07/26 23:45:19 Number of idle job procs: 6
07/07/26 23:45:19 Reassigning the id of job COLLECT from (170536.13.0) to (170536.14.0)
07/07/26 23:45:19 Event: ULOG_SUBMIT for HTCondor Node COLLECT (170536.14.0) {07/07/26 23:45:14}
07/07/26 23:45:19 Number of idle job procs: 7
07/07/26 23:45:19 Reassigning the id of job COLLECT from (170536.14.0) to (170536.15.0)
07/07/26 23:45:19 Event: ULOG_SUBMIT for HTCondor Node COLLECT (170536.15.0) {07/07/26 23:45:14}
07/07/26 23:45:19 Number of idle job procs: 8
07/07/26 23:45:19 Reassigning the id of job COLLECT from (170536.15.0) to (170536.16.0)
07/07/26 23:45:19 Event: ULOG_SUBMIT for HTCondor Node COLLECT (170536.16.0) {07/07/26 23:45:14}
07/07/26 23:45:19 Number of idle job procs: 9
07/07/26 23:45:19 Reassigning the id of job COLLECT from (170536.16.0) to (170536.17.0)
07/07/26 23:45:19 Event: ULOG_SUBMIT for HTCondor Node COLLECT (170536.17.0) {07/07/26 23:45:14}
07/07/26 23:45:19 Number of idle job procs: 10
07/07/26 23:45:19 Reassigning the id of job COLLECT from (170536.17.0) to (170536.18.0)
07/07/26 23:45:19 Event: ULOG_SUBMIT for HTCondor Node COLLECT (170536.18.0) {07/07/26 23:45:14}
07/07/26 23:45:19 Number of idle job procs: 11
07/07/26 23:45:19 Reassigning the id of job COLLECT from (170536.18.0) to (170536.19.0)
07/07/26 23:45:19 Event: ULOG_SUBMIT for HTCondor Node COLLECT (170536.19.0) {07/07/26 23:45:14}
07/07/26 23:45:19 Number of idle job procs: 12
07/07/26 23:45:19 Reassigning the id of job COLLECT from (170536.19.0) to (170536.2.0)
07/07/26 23:45:19 Event: ULOG_SUBMIT for HTCondor Node COLLECT (170536.2.0) {07/07/26 23:45:14}
07/07/26 23:45:19 Number of idle job procs: 13
07/07/26 23:45:19 Reassigning the id of job COLLECT from (170536.2.0) to (170536.20.0)
07/07/26 23:45:19 Event: ULOG_SUBMIT for HTCondor Node COLLECT (170536.20.0) {07/07/26 23:45:14}
07/07/26 23:45:19 Number of idle job procs: 14
07/07/26 23:45:19 Reassigning the id of job COLLECT from (170536.20.0) to (170536.21.0)
07/07/26 23:45:19 Event: ULOG_SUBMIT for HTCondor Node COLLECT (170536.21.0) {07/07/26 23:45:14}
07/07/26 23:45:19 Number of idle job procs: 15
07/07/26 23:45:19 Reassigning the id of job COLLECT from (170536.21.0) to (170536.22.0)
07/07/26 23:45:19 Event: ULOG_SUBMIT for HTCondor Node COLLECT (170536.22.0) {07/07/26 23:45:14}
07/07/26 23:45:19 Number of idle job procs: 16
07/07/26 23:45:19 Reassigning the id of job COLLECT from (170536.22.0) to (170536.23.0)
07/07/26 23:45:19 Event: ULOG_SUBMIT for HTCondor Node COLLECT (170536.23.0) {07/07/26 23:45:14}
07/07/26 23:45:19 Number of idle job procs: 17
07/07/26 23:45:19 Reassigning the id of job COLLECT from (170536.23.0) to (170536.24.0)
07/07/26 23:45:19 Event: ULOG_SUBMIT for HTCondor Node COLLECT (170536.24.0) {07/07/26 23:45:14}
07/07/26 23:45:19 Number of idle job procs: 18
07/07/26 23:45:19 Reassigning the id of job COLLECT from (170536.24.0) to (170536.25.0)
07/07/26 23:45:19 Event: ULOG_SUBMIT for HTCondor Node COLLECT (170536.25.0) {07/07/26 23:45:14}
07/07/26 23:45:19 Number of idle job procs: 19
07/07/26 23:45:19 Reassigning the id of job COLLECT from (170536.25.0) to (170536.26.0)
07/07/26 23:45:19 Event: ULOG_SUBMIT for HTCondor Node COLLECT (170536.26.0) {07/07/26 23:45:14}
07/07/26 23:45:19 Number of idle job procs: 20
07/07/26 23:45:19 Reassigning the id of job COLLECT from (170536.26.0) to (170536.27.0)
07/07/26 23:45:19 Event: ULOG_SUBMIT for HTCondor Node COLLECT (170536.27.0) {07/07/26 23:45:14}
07/07/26 23:45:19 Number of idle job procs: 21
07/07/26 23:45:19 Reassigning the id of job COLLECT from (170536.27.0) to (170536.28.0)
07/07/26 23:45:19 Event: ULOG_SUBMIT for HTCondor Node COLLECT (170536.28.0) {07/07/26 23:45:14}
07/07/26 23:45:19 Number of idle job procs: 22
07/07/26 23:45:19 Reassigning the id of job COLLECT from (170536.28.0) to (170536.29.0)
07/07/26 23:45:19 Event: ULOG_SUBMIT for HTCondor Node COLLECT (170536.29.0) {07/07/26 23:45:14}
07/07/26 23:45:19 Number of idle job procs: 23
07/07/26 23:45:19 Reassigning the id of job COLLECT from (170536.29.0) to (170536.3.0)
07/07/26 23:45:19 Event: ULOG_SUBMIT for HTCondor Node COLLECT (170536.3.0) {07/07/26 23:45:14}
07/07/26 23:45:19 Number of idle job procs: 24
07/07/26 23:45:19 Reassigning the id of job COLLECT from (170536.3.0) to (170536.30.0)
07/07/26 23:45:19 Event: ULOG_SUBMIT for HTCondor Node COLLECT (170536.30.0) {07/07/26 23:45:14}
07/07/26 23:45:19 Number of idle job procs: 25
07/07/26 23:45:19 Reassigning the id of job COLLECT from (170536.30.0) to (170536.31.0)
07/07/26 23:45:19 Event: ULOG_SUBMIT for HTCondor Node COLLECT (170536.31.0) {07/07/26 23:45:14}
07/07/26 23:45:19 Number of idle job procs: 26
07/07/26 23:45:19 Reassigning the id of job COLLECT from (170536.31.0) to (170536.32.0)
07/07/26 23:45:19 Event: ULOG_SUBMIT for HTCondor Node COLLECT (170536.32.0) {07/07/26 23:45:14}
07/07/26 23:45:19 Number of idle job procs: 27
07/07/26 23:45:19 Reassigning the id of job COLLECT from (170536.32.0) to (170536.33.0)
07/07/26 23:45:19 Event: ULOG_SUBMIT for HTCondor Node COLLECT (170536.33.0) {07/07/26 23:45:14}
07/07/26 23:45:19 Number of idle job procs: 28
07/07/26 23:45:19 Reassigning the id of job COLLECT from (170536.33.0) to (170536.34.0)
07/07/26 23:45:19 Event: ULOG_SUBMIT for HTCondor Node COLLECT (170536.34.0) {07/07/26 23:45:14}
07/07/26 23:45:19 Number of idle job procs: 29
07/07/26 23:45:19 Reassigning the id of job COLLECT from (170536.34.0) to (170536.35.0)
07/07/26 23:45:19 Event: ULOG_SUBMIT for HTCondor Node COLLECT (170536.35.0) {07/07/26 23:45:14}
07/07/26 23:45:19 Number of idle job procs: 30
07/07/26 23:45:19 Reassigning the id of job COLLECT from (170536.35.0) to (170536.36.0)
07/07/26 23:45:19 Event: ULOG_SUBMIT for HTCondor Node COLLECT (170536.36.0) {07/07/26 23:45:14}
07/07/26 23:45:19 Number of idle job procs: 31
07/07/26 23:45:19 Reassigning the id of job COLLECT from (170536.36.0) to (170536.37.0)
07/07/26 23:45:19 Event: ULOG_SUBMIT for HTCondor Node COLLECT (170536.37.0) {07/07/26 23:45:14}
07/07/26 23:45:19 Number of idle job procs: 32
07/07/26 23:45:19 Reassigning the id of job COLLECT from (170536.37.0) to (170536.38.0)
07/07/26 23:45:19 Event: ULOG_SUBMIT for HTCondor Node COLLECT (170536.38.0) {07/07/26 23:45:14}
07/07/26 23:45:19 Number of idle job procs: 33
07/07/26 23:45:19 Reassigning the id of job COLLECT from (170536.38.0) to (170536.39.0)
07/07/26 23:45:19 Event: ULOG_SUBMIT for HTCondor Node COLLECT (170536.39.0) {07/07/26 23:45:14}
07/07/26 23:45:19 Number of idle job procs: 34
07/07/26 23:45:19 Reassigning the id of job COLLECT from (170536.39.0) to (170536.4.0)
07/07/26 23:45:19 Event: ULOG_SUBMIT for HTCondor Node COLLECT (170536.4.0) {07/07/26 23:45:14}
07/07/26 23:45:19 Number of idle job procs: 35
07/07/26 23:45:19 Reassigning the id of job COLLECT from (170536.4.0) to (170536.5.0)
07/07/26 23:45:19 Event: ULOG_SUBMIT for HTCondor Node COLLECT (170536.5.0) {07/07/26 23:45:14}
07/07/26 23:45:19 Number of idle job procs: 36
07/07/26 23:45:19 Reassigning the id of job COLLECT from (170536.5.0) to (170536.6.0)
07/07/26 23:45:19 Event: ULOG_SUBMIT for HTCondor Node COLLECT (170536.6.0) {07/07/26 23:45:14}
07/07/26 23:45:19 Number of idle job procs: 37
07/07/26 23:45:19 Reassigning the id of job COLLECT from (170536.6.0) to (170536.7.0)
07/07/26 23:45:19 Event: ULOG_SUBMIT for HTCondor Node COLLECT (170536.7.0) {07/07/26 23:45:14}
07/07/26 23:45:19 Number of idle job procs: 38
07/07/26 23:45:19 Reassigning the id of job COLLECT from (170536.7.0) to (170536.8.0)
07/07/26 23:45:19 Event: ULOG_SUBMIT for HTCondor Node COLLECT (170536.8.0) {07/07/26 23:45:14}
07/07/26 23:45:19 Number of idle job procs: 39
07/07/26 23:45:19 Reassigning the id of job COLLECT from (170536.8.0) to (170536.9.0)
07/07/26 23:45:19 Event: ULOG_SUBMIT for HTCondor Node COLLECT (170536.9.0) {07/07/26 23:45:14}
07/07/26 23:45:19 Number of idle job procs: 40
07/07/26 23:55:20 601 seconds since last log event
07/07/26 23:55:20 Pending DAG nodes:
07/07/26 23:55:20   Node COLLECT, HTCondor ID 170536, status STATUS_SUBMITTED
07/08/26 00:00:15 Total jobs placed to AP: 40
07/08/26 00:00:15      Idle     Held     Running     Successful     Failed
07/08/26 00:00:15       ===      ===         ===            ===        ===
07/08/26 00:00:15        40        0           0              0          0
07/08/26 00:05:20 1201 seconds since last log event
07/08/26 00:05:20 Pending DAG nodes:
07/08/26 00:05:20   Node COLLECT, HTCondor ID 170536, status STATUS_SUBMITTED
07/08/26 00:15:16 Total jobs placed to AP: 40
07/08/26 00:15:16      Idle     Held     Running     Successful     Failed
07/08/26 00:15:16       ===      ===         ===            ===        ===
07/08/26 00:15:16        40        0           0              0          0
07/08/26 00:15:21 1802 seconds since last log event
07/08/26 00:15:21 Pending DAG nodes:
07/08/26 00:15:21   Node COLLECT, HTCondor ID 170536, status STATUS_SUBMITTED
07/08/26 00:25:21 2402 seconds since last log event
07/08/26 00:25:21 Pending DAG nodes:
07/08/26 00:25:21   Node COLLECT, HTCondor ID 170536, status STATUS_SUBMITTED
07/08/26 00:30:16 Total jobs placed to AP: 40
07/08/26 00:30:16      Idle     Held     Running     Successful     Failed
07/08/26 00:30:16       ===      ===         ===            ===        ===
07/08/26 00:30:16        40        0           0              0          0
07/08/26 00:35:22 3003 seconds since last log event
07/08/26 00:35:22 Pending DAG nodes:
07/08/26 00:35:22   Node COLLECT, HTCondor ID 170536, status STATUS_SUBMITTED
07/08/26 00:45:17 Total jobs placed to AP: 40
07/08/26 00:45:17      Idle     Held     Running     Successful     Failed
07/08/26 00:45:17       ===      ===         ===            ===        ===
07/08/26 00:45:17        40        0           0              0          0
07/08/26 00:45:22 3603 seconds since last log event
07/08/26 00:45:22 Pending DAG nodes:
07/08/26 00:45:22   Node COLLECT, HTCondor ID 170536, status STATUS_SUBMITTED
07/08/26 00:55:23 4204 seconds since last log event
07/08/26 00:55:23 Pending DAG nodes:
07/08/26 00:55:23   Node COLLECT, HTCondor ID 170536, status STATUS_SUBMITTED
07/08/26 01:00:18 Total jobs placed to AP: 40
07/08/26 01:00:18      Idle     Held     Running     Successful     Failed
07/08/26 01:00:18       ===      ===         ===            ===        ===
07/08/26 01:00:18        40        0           0              0          0
07/08/26 01:05:23 4804 seconds since last log event
07/08/26 01:05:23 Pending DAG nodes:
07/08/26 01:05:23   Node COLLECT, HTCondor ID 170536, status STATUS_SUBMITTED
07/08/26 01:15:19 Total jobs placed to AP: 40
07/08/26 01:15:19      Idle     Held     Running     Successful     Failed
07/08/26 01:15:19       ===      ===         ===            ===        ===
07/08/26 01:15:19        40        0           0              0          0
07/08/26 01:15:24 5405 seconds since last log event
07/08/26 01:15:24 Pending DAG nodes:
07/08/26 01:15:24   Node COLLECT, HTCondor ID 170536, status STATUS_SUBMITTED
07/08/26 01:25:24 6005 seconds since last log event
07/08/26 01:25:24 Pending DAG nodes:
07/08/26 01:25:24   Node COLLECT, HTCondor ID 170536, status STATUS_SUBMITTED
07/08/26 01:30:19 Total jobs placed to AP: 40
07/08/26 01:30:19      Idle     Held     Running     Successful     Failed
07/08/26 01:30:19       ===      ===         ===            ===        ===
07/08/26 01:30:19        40        0           0              0          0
07/08/26 01:35:25 6606 seconds since last log event
07/08/26 01:35:25 Pending DAG nodes:
07/08/26 01:35:25   Node COLLECT, HTCondor ID 170536, status STATUS_SUBMITTED
07/08/26 01:45:20 Total jobs placed to AP: 40
07/08/26 01:45:20      Idle     Held     Running     Successful     Failed
07/08/26 01:45:20       ===      ===         ===            ===        ===
07/08/26 01:45:20        40        0           0              0          0
07/08/26 01:45:25 7206 seconds since last log event
07/08/26 01:45:25 Pending DAG nodes:
07/08/26 01:45:25   Node COLLECT, HTCondor ID 170536, status STATUS_SUBMITTED
07/08/26 01:55:26 7807 seconds since last log event
07/08/26 01:55:26 Pending DAG nodes:
07/08/26 01:55:26   Node COLLECT, HTCondor ID 170536, status STATUS_SUBMITTED
07/08/26 02:00:21 Total jobs placed to AP: 40
07/08/26 02:00:21      Idle     Held     Running     Successful     Failed
07/08/26 02:00:21       ===      ===         ===            ===        ===
07/08/26 02:00:21        40        0           0              0          0
07/08/26 02:05:26 8407 seconds since last log event
07/08/26 02:05:26 Pending DAG nodes:
07/08/26 02:05:26   Node COLLECT, HTCondor ID 170536, status STATUS_SUBMITTED
07/08/26 02:15:22 Total jobs placed to AP: 40
07/08/26 02:15:22      Idle     Held     Running     Successful     Failed
07/08/26 02:15:22       ===      ===         ===            ===        ===
07/08/26 02:15:22        40        0           0              0          0
07/08/26 02:15:27 9008 seconds since last log event
07/08/26 02:15:27 Pending DAG nodes:
07/08/26 02:15:27   Node COLLECT, HTCondor ID 170536, status STATUS_SUBMITTED
07/08/26 02:25:27 9608 seconds since last log event
07/08/26 02:25:27 Pending DAG nodes:
07/08/26 02:25:27   Node COLLECT, HTCondor ID 170536, status STATUS_SUBMITTED
07/08/26 02:26:37 Currently monitoring 1 HTCondor log file(s)
07/08/26 02:26:37 Event: ULOG_EXECUTE for HTCondor Node COLLECT (170536.0.0) {07/08/26 02:26:34}
07/08/26 02:26:37 Number of idle job procs: 39
07/08/26 02:26:37 Event: ULOG_EXECUTE for HTCondor Node COLLECT (170536.1.0) {07/08/26 02:26:34}
07/08/26 02:26:37 Number of idle job procs: 38
07/08/26 02:27:37 Currently monitoring 1 HTCondor log file(s)
07/08/26 02:27:37 Event: ULOG_EXECUTE for HTCondor Node COLLECT (170536.4.0) {07/08/26 02:27:35}
07/08/26 02:27:37 Number of idle job procs: 37
07/08/26 02:27:37 Event: ULOG_EXECUTE for HTCondor Node COLLECT (170536.2.0) {07/08/26 02:27:35}
07/08/26 02:27:37 Number of idle job procs: 36
07/08/26 02:27:37 Event: ULOG_EXECUTE for HTCondor Node COLLECT (170536.3.0) {07/08/26 02:27:35}
07/08/26 02:27:37 Number of idle job procs: 35
07/08/26 02:28:37 Currently monitoring 1 HTCondor log file(s)
07/08/26 02:28:37 Event: ULOG_EXECUTE for HTCondor Node COLLECT (170536.5.0) {07/08/26 02:28:35}
07/08/26 02:28:37 Number of idle job procs: 34
07/08/26 02:28:37 Event: ULOG_EXECUTE for HTCondor Node COLLECT (170536.6.0) {07/08/26 02:28:35}
07/08/26 02:28:37 Number of idle job procs: 33
07/08/26 02:30:22 Total jobs placed to AP: 40
07/08/26 02:30:22      Idle     Held     Running     Successful     Failed
07/08/26 02:30:22       ===      ===         ===            ===        ===
07/08/26 02:30:22        33        0           7              0          0
07/08/26 02:30:37 Currently monitoring 1 HTCondor log file(s)
07/08/26 02:30:37 Event: ULOG_EXECUTE for HTCondor Node COLLECT (170536.8.0) {07/08/26 02:30:34}
07/08/26 02:30:37 Number of idle job procs: 32
07/08/26 02:30:37 Event: ULOG_EXECUTE for HTCondor Node COLLECT (170536.9.0) {07/08/26 02:30:34}
07/08/26 02:30:37 Number of idle job procs: 31
07/08/26 02:30:37 Event: ULOG_EXECUTE for HTCondor Node COLLECT (170536.7.0) {07/08/26 02:30:34}
07/08/26 02:30:37 Number of idle job procs: 30
07/08/26 02:31:38 Currently monitoring 1 HTCondor log file(s)
07/08/26 02:31:38 Event: ULOG_EXECUTE for HTCondor Node COLLECT (170536.13.0) {07/08/26 02:31:34}
07/08/26 02:31:38 Number of idle job procs: 29
07/08/26 02:31:38 Event: ULOG_EXECUTE for HTCondor Node COLLECT (170536.11.0) {07/08/26 02:31:34}
07/08/26 02:31:38 Number of idle job procs: 28
07/08/26 02:31:38 Event: ULOG_EXECUTE for HTCondor Node COLLECT (170536.10.0) {07/08/26 02:31:35}
07/08/26 02:31:38 Number of idle job procs: 27
07/08/26 02:31:38 Event: ULOG_EXECUTE for HTCondor Node COLLECT (170536.12.0) {07/08/26 02:31:35}
07/08/26 02:31:38 Number of idle job procs: 26
07/08/26 02:34:38 Currently monitoring 1 HTCondor log file(s)
07/08/26 02:34:38 Event: ULOG_EXECUTE for HTCondor Node COLLECT (170536.14.0) {07/08/26 02:34:35}
07/08/26 02:34:38 Number of idle job procs: 25
07/08/26 02:34:38 Event: ULOG_EXECUTE for HTCondor Node COLLECT (170536.15.0) {07/08/26 02:34:35}
07/08/26 02:34:38 Number of idle job procs: 24
07/08/26 02:44:38 600 seconds since last log event
07/08/26 02:44:38 Pending DAG nodes:
07/08/26 02:44:38   Node COLLECT, HTCondor ID 170536, status STATUS_SUBMITTED
07/08/26 02:45:23 Total jobs placed to AP: 40
07/08/26 02:45:23      Idle     Held     Running     Successful     Failed
07/08/26 02:45:23       ===      ===         ===            ===        ===
07/08/26 02:45:23        24        0          16              0          0
07/08/26 02:45:38 Currently monitoring 1 HTCondor log file(s)
07/08/26 02:45:38 Event: ULOG_EXECUTE for HTCondor Node COLLECT (170536.16.0) {07/08/26 02:45:34}
07/08/26 02:45:38 Number of idle job procs: 23
07/08/26 02:47:38 Currently monitoring 1 HTCondor log file(s)
07/08/26 02:47:38 Event: ULOG_EXECUTE for HTCondor Node COLLECT (170536.17.0) {07/08/26 02:47:35}
07/08/26 02:47:38 Number of idle job procs: 22
07/08/26 02:48:38 Currently monitoring 1 HTCondor log file(s)
07/08/26 02:48:38 Event: ULOG_EXECUTE for HTCondor Node COLLECT (170536.19.0) {07/08/26 02:48:35}
07/08/26 02:48:38 Number of idle job procs: 21
07/08/26 02:48:38 Event: ULOG_EXECUTE for HTCondor Node COLLECT (170536.20.0) {07/08/26 02:48:35}
07/08/26 02:48:38 Number of idle job procs: 20
07/08/26 02:48:38 Event: ULOG_EXECUTE for HTCondor Node COLLECT (170536.18.0) {07/08/26 02:48:35}
07/08/26 02:48:38 Number of idle job procs: 19
07/08/26 02:49:38 Currently monitoring 1 HTCondor log file(s)
07/08/26 02:49:38 Event: ULOG_EXECUTE for HTCondor Node COLLECT (170536.22.0) {07/08/26 02:49:34}
07/08/26 02:49:38 Number of idle job procs: 18
07/08/26 02:49:38 Event: ULOG_EXECUTE for HTCondor Node COLLECT (170536.21.0) {07/08/26 02:49:34}
07/08/26 02:49:38 Number of idle job procs: 17
07/08/26 02:50:39 Currently monitoring 1 HTCondor log file(s)
07/08/26 02:50:39 Event: ULOG_EXECUTE for HTCondor Node COLLECT (170536.24.0) {07/08/26 02:50:34}
07/08/26 02:50:39 Number of idle job procs: 16
07/08/26 02:50:39 Event: ULOG_EXECUTE for HTCondor Node COLLECT (170536.23.0) {07/08/26 02:50:34}
07/08/26 02:50:39 Number of idle job procs: 15
07/08/26 02:51:09 Currently monitoring 1 HTCondor log file(s)
07/08/26 02:51:09 Event: ULOG_EXECUTE for HTCondor Node COLLECT (170536.26.0) {07/08/26 02:51:08}
07/08/26 02:51:09 Number of idle job procs: 14
07/08/26 02:51:09 Event: ULOG_EXECUTE for HTCondor Node COLLECT (170536.25.0) {07/08/26 02:51:08}
07/08/26 02:51:09 Number of idle job procs: 13
07/08/26 03:00:24 Total jobs placed to AP: 40
07/08/26 03:00:24      Idle     Held     Running     Successful     Failed
07/08/26 03:00:24       ===      ===         ===            ===        ===
07/08/26 03:00:24        13        0          27              0          0
07/08/26 03:01:09 600 seconds since last log event
07/08/26 03:01:09 Pending DAG nodes:
07/08/26 03:01:09   Node COLLECT, HTCondor ID 170536, status STATUS_SUBMITTED
07/08/26 03:11:10 1201 seconds since last log event
07/08/26 03:11:10 Pending DAG nodes:
07/08/26 03:11:10   Node COLLECT, HTCondor ID 170536, status STATUS_SUBMITTED
07/08/26 03:11:15 Currently monitoring 1 HTCondor log file(s)
07/08/26 03:11:15 Event: ULOG_EXECUTE for HTCondor Node COLLECT (170536.27.0) {07/08/26 03:11:10}
07/08/26 03:11:15 Number of idle job procs: 12
07/08/26 03:15:25 Total jobs placed to AP: 40
07/08/26 03:15:25      Idle     Held     Running     Successful     Failed
07/08/26 03:15:25       ===      ===         ===            ===        ===
07/08/26 03:15:25        12        0          28              0          0
07/08/26 03:21:15 600 seconds since last log event
07/08/26 03:21:15 Pending DAG nodes:
07/08/26 03:21:15   Node COLLECT, HTCondor ID 170536, status STATUS_SUBMITTED
07/08/26 03:27:40 Currently monitoring 1 HTCondor log file(s)
07/08/26 03:27:40 Event: ULOG_JOB_EVICTED for HTCondor Node COLLECT (170536.1.0) {07/08/26 03:27:36}
07/08/26 03:27:40 Number of idle job procs: 13
07/08/26 03:27:40 Event: ULOG_JOB_HELD for HTCondor Node COLLECT (170536.1.0) {07/08/26 03:27:36}
07/08/26 03:27:40   Hold reason: Error from teaching8@lofn.hpc.uni-saarland.de: Docker job has gone over memory limit of 64480 Mb
07/08/26 03:27:40 Number of idle job procs: 13
07/08/26 03:27:40 DAG status: 0 (DAG_STATUS_OK)
07/08/26 03:27:40 Of 5 nodes total:
07/08/26 03:27:40  Done     Pre   Queued    Post   Ready   Un-Ready   Failed   Futile
07/08/26 03:27:40   ===     ===      ===     ===     ===        ===      ===      ===
07/08/26 03:27:40     0       0        1       0       0          4        0        0
07/08/26 03:27:40 1 job proc(s) currently held
07/08/26 03:27:40 DAGMan Runtime Statistics: [EventCycleTimeAvg=0.000; EventCycleTimeMax=0.138; EventCycleTimeMin=0.000; EventCycleTimeStd=0.003; EventCycleTimeSum=0.829; SleepCycleTimeAvg=5.004; SleepCycleTimeMax=5.026; SleepCycleTimeMin=5.000; SleepCycleTimeStd=0.001; SleepCycleTimeSum=13345.683; SubmitCycleTimeAvg=0.000; SubmitCycleTimeMax=0.134; SubmitCycleTimeMin=0.000; SubmitCycleTimeStd=0.003; SubmitCycleTimeSum=0.136; EventCycleTimeCount=2667.000; SleepCycleTimeCount=2667.000; SubmitCycleTimeCount=2668.000; LogProcessCycleTimeAvg=0.009; LogProcessCycleTimeMax=0.081; LogProcessCycleTimeMin=0.002; LogProcessCycleTimeStd=0.020; LogProcessCycleTimeSum=0.130; LogProcessCycleTimeCount=15.000; ]
07/08/26 03:28:55 Currently monitoring 1 HTCondor log file(s)
07/08/26 03:28:55 Event: ULOG_JOB_EVICTED for HTCondor Node COLLECT (170536.8.0) {07/08/26 03:28:53}
07/08/26 03:28:55 Number of idle job procs: 14
07/08/26 03:28:55 Event: ULOG_JOB_HELD for HTCondor Node COLLECT (170536.8.0) {07/08/26 03:28:53}
07/08/26 03:28:55   Hold reason: Error from teaching1@idun.hpc.uni-saarland.de: Docker job has gone over memory limit of 64480 Mb
07/08/26 03:28:55 Number of idle job procs: 14
07/08/26 03:28:55 Event: ULOG_JOB_EVICTED for HTCondor Node COLLECT (170536.9.0) {07/08/26 03:28:53}
07/08/26 03:28:55 Number of idle job procs: 15
07/08/26 03:28:55 Event: ULOG_JOB_HELD for HTCondor Node COLLECT (170536.9.0) {07/08/26 03:28:53}
07/08/26 03:28:55   Hold reason: Error from teaching4@idun.hpc.uni-saarland.de: Docker job has gone over memory limit of 64480 Mb
07/08/26 03:28:55 Number of idle job procs: 15
07/08/26 03:28:55 Event: ULOG_JOB_EVICTED for HTCondor Node COLLECT (170536.6.0) {07/08/26 03:28:54}
07/08/26 03:28:55 Number of idle job procs: 16
07/08/26 03:28:55 Event: ULOG_JOB_HELD for HTCondor Node COLLECT (170536.6.0) {07/08/26 03:28:54}
07/08/26 03:28:55   Hold reason: Error from teaching3@idun.hpc.uni-saarland.de: Docker job has gone over memory limit of 64480 Mb
07/08/26 03:28:55 Number of idle job procs: 16
07/08/26 03:28:55 DAG status: 0 (DAG_STATUS_OK)
07/08/26 03:28:55 Of 5 nodes total:
07/08/26 03:28:55  Done     Pre   Queued    Post   Ready   Un-Ready   Failed   Futile
07/08/26 03:28:55   ===     ===      ===     ===     ===        ===      ===      ===
07/08/26 03:28:55     0       0        1       0       0          4        0        0
07/08/26 03:28:55 4 job proc(s) currently held
07/08/26 03:28:55 DAGMan Runtime Statistics: [EventCycleTimeAvg=0.000; EventCycleTimeMax=0.138; EventCycleTimeMin=0.000; EventCycleTimeStd=0.003; EventCycleTimeSum=0.838; SleepCycleTimeAvg=5.004; SleepCycleTimeMax=5.026; SleepCycleTimeMin=5.000; SleepCycleTimeStd=0.001; SleepCycleTimeSum=13420.741; SubmitCycleTimeAvg=0.000; SubmitCycleTimeMax=0.134; SubmitCycleTimeMin=0.000; SubmitCycleTimeStd=0.003; SubmitCycleTimeSum=0.136; EventCycleTimeCount=2682.000; SleepCycleTimeCount=2682.000; SubmitCycleTimeCount=2683.000; LogProcessCycleTimeAvg=0.009; LogProcessCycleTimeMax=0.081; LogProcessCycleTimeMin=0.002; LogProcessCycleTimeStd=0.019; LogProcessCycleTimeSum=0.139; LogProcessCycleTimeCount=16.000; ]
07/08/26 03:30:26 Total jobs placed to AP: 40
07/08/26 03:30:26      Idle     Held     Running     Successful     Failed
07/08/26 03:30:26       ===      ===         ===            ===        ===
07/08/26 03:30:26        12        4          24              0          0
07/08/26 03:32:11 Currently monitoring 1 HTCondor log file(s)
07/08/26 03:32:11 Event: ULOG_JOB_EVICTED for HTCondor Node COLLECT (170536.13.0) {07/08/26 03:32:09}
07/08/26 03:32:11 Number of idle job procs: 17
07/08/26 03:32:11 Event: ULOG_JOB_HELD for HTCondor Node COLLECT (170536.13.0) {07/08/26 03:32:09}
07/08/26 03:32:11   Hold reason: Error from teaching3@lofn.hpc.uni-saarland.de: Docker job has gone over memory limit of 64480 Mb
07/08/26 03:32:11 Number of idle job procs: 17
07/08/26 03:32:11 DAG status: 0 (DAG_STATUS_OK)
07/08/26 03:32:11 Of 5 nodes total:
07/08/26 03:32:11  Done     Pre   Queued    Post   Ready   Un-Ready   Failed   Futile
07/08/26 03:32:11   ===     ===      ===     ===     ===        ===      ===      ===
07/08/26 03:32:11     0       0        1       0       0          4        0        0
07/08/26 03:32:11 5 job proc(s) currently held
07/08/26 03:32:11 DAGMan Runtime Statistics: [EventCycleTimeAvg=0.000; EventCycleTimeMax=0.138; EventCycleTimeMin=0.000; EventCycleTimeStd=0.003; EventCycleTimeSum=0.861; SleepCycleTimeAvg=5.004; SleepCycleTimeMax=5.026; SleepCycleTimeMin=5.000; SleepCycleTimeStd=0.001; SleepCycleTimeSum=13615.898; SubmitCycleTimeAvg=0.000; SubmitCycleTimeMax=0.134; SubmitCycleTimeMin=0.000; SubmitCycleTimeStd=0.003; SubmitCycleTimeSum=0.136; EventCycleTimeCount=2721.000; SleepCycleTimeCount=2721.000; SubmitCycleTimeCount=2722.000; LogProcessCycleTimeAvg=0.008; LogProcessCycleTimeMax=0.081; LogProcessCycleTimeMin=0.002; LogProcessCycleTimeStd=0.019; LogProcessCycleTimeSum=0.143; LogProcessCycleTimeCount=17.000; ]
07/08/26 03:33:41 Currently monitoring 1 HTCondor log file(s)
07/08/26 03:33:41 Event: ULOG_JOB_EVICTED for HTCondor Node COLLECT (170536.4.0) {07/08/26 03:33:39}
07/08/26 03:33:41 Number of idle job procs: 18
07/08/26 03:33:41 Event: ULOG_JOB_HELD for HTCondor Node COLLECT (170536.4.0) {07/08/26 03:33:39}
07/08/26 03:33:41   Hold reason: Error from teaching7@lofn.hpc.uni-saarland.de: Docker job has gone over memory limit of 64480 Mb
07/08/26 03:33:41 Number of idle job procs: 18
07/08/26 03:33:41 Event: ULOG_JOB_EVICTED for HTCondor Node COLLECT (170536.0.0) {07/08/26 03:33:39}
07/08/26 03:33:41 Number of idle job procs: 19
07/08/26 03:33:41 Event: ULOG_JOB_HELD for HTCondor Node COLLECT (170536.0.0) {07/08/26 03:33:39}
07/08/26 03:33:41   Hold reason: Error from teaching2@lofn.hpc.uni-saarland.de: Docker job has gone over memory limit of 64480 Mb
07/08/26 03:33:41 Number of idle job procs: 19
07/08/26 03:33:41 DAG status: 0 (DAG_STATUS_OK)
07/08/26 03:33:41 Of 5 nodes total:
07/08/26 03:33:41  Done     Pre   Queued    Post   Ready   Un-Ready   Failed   Futile
07/08/26 03:33:41   ===     ===      ===     ===     ===        ===      ===      ===
07/08/26 03:33:41     0       0        1       0       0          4        0        0
07/08/26 03:33:41 7 job proc(s) currently held
07/08/26 03:33:41 DAGMan Runtime Statistics: [EventCycleTimeAvg=0.000; EventCycleTimeMax=0.138; EventCycleTimeMin=0.000; EventCycleTimeStd=0.003; EventCycleTimeSum=0.870; SleepCycleTimeAvg=5.004; SleepCycleTimeMax=5.026; SleepCycleTimeMin=5.000; SleepCycleTimeStd=0.001; SleepCycleTimeSum=13705.974; SubmitCycleTimeAvg=0.000; SubmitCycleTimeMax=0.134; SubmitCycleTimeMin=0.000; SubmitCycleTimeStd=0.003; SubmitCycleTimeSum=0.136; EventCycleTimeCount=2739.000; SleepCycleTimeCount=2739.000; SubmitCycleTimeCount=2740.000; LogProcessCycleTimeAvg=0.008; LogProcessCycleTimeMax=0.081; LogProcessCycleTimeMin=0.002; LogProcessCycleTimeStd=0.018; LogProcessCycleTimeSum=0.149; LogProcessCycleTimeCount=18.000; ]
07/08/26 03:36:51 Currently monitoring 1 HTCondor log file(s)
07/08/26 03:36:51 Event: ULOG_JOB_EVICTED for HTCondor Node COLLECT (170536.14.0) {07/08/26 03:36:49}
07/08/26 03:36:51 Number of idle job procs: 20
07/08/26 03:36:51 Event: ULOG_JOB_HELD for HTCondor Node COLLECT (170536.14.0) {07/08/26 03:36:49}
07/08/26 03:36:51   Hold reason: Error from teaching5@idun.hpc.uni-saarland.de: Docker job has gone over memory limit of 64480 Mb
07/08/26 03:36:51 Number of idle job procs: 20
07/08/26 03:36:51 Event: ULOG_JOB_EVICTED for HTCondor Node COLLECT (170536.15.0) {07/08/26 03:36:50}
07/08/26 03:36:51 Number of idle job procs: 21
07/08/26 03:36:51 Event: ULOG_JOB_HELD for HTCondor Node COLLECT (170536.15.0) {07/08/26 03:36:50}
07/08/26 03:36:51   Hold reason: Error from teaching6@idun.hpc.uni-saarland.de: Docker job has gone over memory limit of 64480 Mb
07/08/26 03:36:51 Number of idle job procs: 21
07/08/26 03:36:51 DAG status: 0 (DAG_STATUS_OK)
07/08/26 03:36:51 Of 5 nodes total:
07/08/26 03:36:51  Done     Pre   Queued    Post   Ready   Un-Ready   Failed   Futile
07/08/26 03:36:51   ===     ===      ===     ===     ===        ===      ===      ===
07/08/26 03:36:51     0       0        1       0       0          4        0        0
07/08/26 03:36:51 9 job proc(s) currently held
07/08/26 03:36:51 DAGMan Runtime Statistics: [EventCycleTimeAvg=0.000; EventCycleTimeMax=0.138; EventCycleTimeMin=0.000; EventCycleTimeStd=0.003; EventCycleTimeSum=0.889; SleepCycleTimeAvg=5.004; SleepCycleTimeMax=5.026; SleepCycleTimeMin=5.000; SleepCycleTimeStd=0.001; SleepCycleTimeSum=13896.122; SubmitCycleTimeAvg=0.000; SubmitCycleTimeMax=0.134; SubmitCycleTimeMin=0.000; SubmitCycleTimeStd=0.003; SubmitCycleTimeSum=0.136; EventCycleTimeCount=2777.000; SleepCycleTimeCount=2777.000; SubmitCycleTimeCount=2778.000; LogProcessCycleTimeAvg=0.008; LogProcessCycleTimeMax=0.081; LogProcessCycleTimeMin=0.002; LogProcessCycleTimeStd=0.018; LogProcessCycleTimeSum=0.155; LogProcessCycleTimeCount=19.000; ]
07/08/26 03:39:11 Currently monitoring 1 HTCondor log file(s)
07/08/26 03:39:11 Event: ULOG_EXECUTE for HTCondor Node COLLECT (170536.28.0) {07/08/26 03:39:10}
07/08/26 03:39:11 Number of idle job procs: 20
07/08/26 03:40:11 Currently monitoring 1 HTCondor log file(s)
07/08/26 03:40:11 Event: ULOG_EXECUTE for HTCondor Node COLLECT (170536.29.0) {07/08/26 03:40:10}
07/08/26 03:40:11 Number of idle job procs: 19
07/08/26 03:40:11 Event: ULOG_EXECUTE for HTCondor Node COLLECT (170536.30.0) {07/08/26 03:40:10}
07/08/26 03:40:11 Number of idle job procs: 18
07/08/26 03:40:11 Event: ULOG_EXECUTE for HTCondor Node COLLECT (170536.31.0) {07/08/26 03:40:10}
07/08/26 03:40:11 Number of idle job procs: 17
07/08/26 03:43:11 Currently monitoring 1 HTCondor log file(s)
07/08/26 03:43:11 Event: ULOG_EXECUTE for HTCondor Node COLLECT (170536.32.0) {07/08/26 03:43:10}
07/08/26 03:43:11 Number of idle job procs: 16
07/08/26 03:45:11 Currently monitoring 1 HTCondor log file(s)
07/08/26 03:45:11 Event: ULOG_EXECUTE for HTCondor Node COLLECT (170536.33.0) {07/08/26 03:45:09}
07/08/26 03:45:11 Number of idle job procs: 15
07/08/26 03:45:11 Event: ULOG_EXECUTE for HTCondor Node COLLECT (170536.34.0) {07/08/26 03:45:09}
07/08/26 03:45:11 Number of idle job procs: 14
07/08/26 03:45:26 Total jobs placed to AP: 40
07/08/26 03:45:26      Idle     Held     Running     Successful     Failed
07/08/26 03:45:26       ===      ===         ===            ===        ===
07/08/26 03:45:26         5        9          26              0          0
07/08/26 03:46:11 Currently monitoring 1 HTCondor log file(s)
07/08/26 03:46:11 Event: ULOG_EXECUTE for HTCondor Node COLLECT (170536.35.0) {07/08/26 03:46:09}
07/08/26 03:46:11 Number of idle job procs: 13
07/08/26 03:46:11 Event: ULOG_EXECUTE for HTCondor Node COLLECT (170536.36.0) {07/08/26 03:46:09}
07/08/26 03:46:11 Number of idle job procs: 12
07/08/26 03:46:36 Currently monitoring 1 HTCondor log file(s)
07/08/26 03:46:36 Event: ULOG_JOB_EVICTED for HTCondor Node COLLECT (170536.5.0) {07/08/26 03:46:36}
07/08/26 03:46:36 Number of idle job procs: 13
07/08/26 03:46:36 Event: ULOG_JOB_HELD for HTCondor Node COLLECT (170536.5.0) {07/08/26 03:46:36}
07/08/26 03:46:36   Hold reason: Error from teaching1@uller.hpc.uni-saarland.de: Docker job has gone over memory limit of 73692 Mb
07/08/26 03:46:36 Number of idle job procs: 13
07/08/26 03:46:36 DAG status: 0 (DAG_STATUS_OK)
07/08/26 03:46:36 Of 5 nodes total:
07/08/26 03:46:36  Done     Pre   Queued    Post   Ready   Un-Ready   Failed   Futile
07/08/26 03:46:36   ===     ===      ===     ===     ===        ===      ===      ===
07/08/26 03:46:36     0       0        1       0       0          4        0        0
07/08/26 03:46:36 10 job proc(s) currently held
07/08/26 03:46:36 DAGMan Runtime Statistics: [EventCycleTimeAvg=0.000; EventCycleTimeMax=0.138; EventCycleTimeMin=0.000; EventCycleTimeStd=0.003; EventCycleTimeSum=0.932; SleepCycleTimeAvg=5.004; SleepCycleTimeMax=5.026; SleepCycleTimeMin=5.000; SleepCycleTimeStd=0.001; SleepCycleTimeSum=14481.609; SubmitCycleTimeAvg=0.000; SubmitCycleTimeMax=0.134; SubmitCycleTimeMin=0.000; SubmitCycleTimeStd=0.002; SubmitCycleTimeSum=0.136; EventCycleTimeCount=2894.000; SleepCycleTimeCount=2894.000; SubmitCycleTimeCount=2895.000; LogProcessCycleTimeAvg=0.007; LogProcessCycleTimeMax=0.081; LogProcessCycleTimeMin=0.002; LogProcessCycleTimeStd=0.015; LogProcessCycleTimeSum=0.176; LogProcessCycleTimeCount=25.000; ]
07/08/26 03:52:32 Currently monitoring 1 HTCondor log file(s)
07/08/26 03:52:32 Event: ULOG_JOB_EVICTED for HTCondor Node COLLECT (170536.19.0) {07/08/26 03:52:30}
07/08/26 03:52:32 Number of idle job procs: 14
07/08/26 03:52:32 Event: ULOG_JOB_HELD for HTCondor Node COLLECT (170536.19.0) {07/08/26 03:52:30}
07/08/26 03:52:32   Hold reason: Error from teaching1@lofn.hpc.uni-saarland.de: Docker job has gone over memory limit of 64480 Mb
07/08/26 03:52:32 Number of idle job procs: 14
07/08/26 03:52:32 Event: ULOG_JOB_EVICTED for HTCondor Node COLLECT (170536.20.0) {07/08/26 03:52:30}
07/08/26 03:52:32 Number of idle job procs: 15
07/08/26 03:52:32 Event: ULOG_JOB_HELD for HTCondor Node COLLECT (170536.20.0) {07/08/26 03:52:30}
07/08/26 03:52:32   Hold reason: Error from teaching4@lofn.hpc.uni-saarland.de: Docker job has gone over memory limit of 64480 Mb
07/08/26 03:52:32 Number of idle job procs: 15
07/08/26 03:52:32 DAG status: 0 (DAG_STATUS_OK)
07/08/26 03:52:32 Of 5 nodes total:
07/08/26 03:52:32  Done     Pre   Queued    Post   Ready   Un-Ready   Failed   Futile
07/08/26 03:52:32   ===     ===      ===     ===     ===        ===      ===      ===
07/08/26 03:52:32     0       0        1       0       0          4        0        0
07/08/26 03:52:32 12 job proc(s) currently held
07/08/26 03:52:32 DAGMan Runtime Statistics: [EventCycleTimeAvg=0.000; EventCycleTimeMax=0.138; EventCycleTimeMin=0.000; EventCycleTimeStd=0.003; EventCycleTimeSum=0.950; SleepCycleTimeAvg=5.004; SleepCycleTimeMax=5.026; SleepCycleTimeMin=5.000; SleepCycleTimeStd=0.001; SleepCycleTimeSum=14836.891; SubmitCycleTimeAvg=0.000; SubmitCycleTimeMax=0.134; SubmitCycleTimeMin=0.000; SubmitCycleTimeStd=0.002; SubmitCycleTimeSum=0.136; EventCycleTimeCount=2965.000; SleepCycleTimeCount=2965.000; SubmitCycleTimeCount=2966.000; LogProcessCycleTimeAvg=0.007; LogProcessCycleTimeMax=0.081; LogProcessCycleTimeMin=0.002; LogProcessCycleTimeStd=0.015; LogProcessCycleTimeSum=0.183; LogProcessCycleTimeCount=26.000; ]
07/08/26 03:58:12 Currently monitoring 1 HTCondor log file(s)
07/08/26 03:58:12 Event: ULOG_EXECUTE for HTCondor Node COLLECT (170536.37.0) {07/08/26 03:58:11}
07/08/26 03:58:12 Number of idle job procs: 14
07/08/26 04:00:27 Total jobs placed to AP: 40
07/08/26 04:00:27      Idle     Held     Running     Successful     Failed
07/08/26 04:00:27       ===      ===         ===            ===        ===
07/08/26 04:00:27         2       12          26              0          0
07/08/26 04:00:57 Currently monitoring 1 HTCondor log file(s)
07/08/26 04:00:57 Event: ULOG_JOB_EVICTED for HTCondor Node COLLECT (170536.3.0) {07/08/26 04:00:54}
07/08/26 04:00:57 Number of idle job procs: 15
07/08/26 04:00:57 Event: ULOG_JOB_HELD for HTCondor Node COLLECT (170536.3.0) {07/08/26 04:00:54}
07/08/26 04:00:57   Hold reason: Error from teaching5@tenos.hpc.uni-saarland.de: Docker job has gone over memory limit of 96737 Mb
07/08/26 04:00:57 Number of idle job procs: 15
07/08/26 04:00:57 Event: ULOG_JOB_EVICTED for HTCondor Node COLLECT (170536.2.0) {07/08/26 04:00:55}
07/08/26 04:00:57 Number of idle job procs: 16
07/08/26 04:00:57 Event: ULOG_JOB_HELD for HTCondor Node COLLECT (170536.2.0) {07/08/26 04:00:55}
07/08/26 04:00:57   Hold reason: Error from teaching2@tenos.hpc.uni-saarland.de: Docker job has gone over memory limit of 96737 Mb
07/08/26 04:00:57 Number of idle job procs: 16
07/08/26 04:00:57 Event: ULOG_JOB_EVICTED for HTCondor Node COLLECT (170536.12.0) {07/08/26 04:00:56}
07/08/26 04:00:57 Number of idle job procs: 17
07/08/26 04:00:57 Event: ULOG_JOB_HELD for HTCondor Node COLLECT (170536.12.0) {07/08/26 04:00:56}
07/08/26 04:00:57   Hold reason: Error from teaching7@tenos.hpc.uni-saarland.de: Docker job has gone over memory limit of 96737 Mb
07/08/26 04:00:57 Number of idle job procs: 17
07/08/26 04:00:57 DAG status: 0 (DAG_STATUS_OK)
07/08/26 04:00:57 Of 5 nodes total:
07/08/26 04:00:57  Done     Pre   Queued    Post   Ready   Un-Ready   Failed   Futile
07/08/26 04:00:57   ===     ===      ===     ===     ===        ===      ===      ===
07/08/26 04:00:57     0       0        1       0       0          4        0        0
07/08/26 04:00:57 15 job proc(s) currently held
07/08/26 04:00:57 DAGMan Runtime Statistics: [EventCycleTimeAvg=0.000; EventCycleTimeMax=0.138; EventCycleTimeMin=0.000; EventCycleTimeStd=0.003; EventCycleTimeSum=0.983; SleepCycleTimeAvg=5.004; SleepCycleTimeMax=5.026; SleepCycleTimeMin=5.000; SleepCycleTimeStd=0.001; SleepCycleTimeSum=15342.301; SubmitCycleTimeAvg=0.000; SubmitCycleTimeMax=0.134; SubmitCycleTimeMin=0.000; SubmitCycleTimeStd=0.002; SubmitCycleTimeSum=0.136; EventCycleTimeCount=3066.000; SleepCycleTimeCount=3066.000; SubmitCycleTimeCount=3067.000; LogProcessCycleTimeAvg=0.007; LogProcessCycleTimeMax=0.081; LogProcessCycleTimeMin=0.002; LogProcessCycleTimeStd=0.015; LogProcessCycleTimeSum=0.194; LogProcessCycleTimeCount=28.000; ]
07/08/26 04:01:07 Currently monitoring 1 HTCondor log file(s)
07/08/26 04:01:07 Event: ULOG_JOB_EVICTED for HTCondor Node COLLECT (170536.7.0) {07/08/26 04:01:03}
07/08/26 04:01:07 Number of idle job procs: 18
07/08/26 04:01:07 Event: ULOG_JOB_HELD for HTCondor Node COLLECT (170536.7.0) {07/08/26 04:01:03}
07/08/26 04:01:07   Hold reason: Error from teaching3@thera.hpc.uni-saarland.de: Docker job has gone over memory limit of 96737 Mb
07/08/26 04:01:07 Number of idle job procs: 18
07/08/26 04:01:07 DAG status: 0 (DAG_STATUS_OK)
07/08/26 04:01:07 Of 5 nodes total:
07/08/26 04:01:07  Done     Pre   Queued    Post   Ready   Un-Ready   Failed   Futile
07/08/26 04:01:07   ===     ===      ===     ===     ===        ===      ===      ===
07/08/26 04:01:07     0       0        1       0       0          4        0        0
07/08/26 04:01:07 16 job proc(s) currently held
07/08/26 04:01:07 DAGMan Runtime Statistics: [EventCycleTimeAvg=0.000; EventCycleTimeMax=0.138; EventCycleTimeMin=0.000; EventCycleTimeStd=0.003; EventCycleTimeSum=0.996; SleepCycleTimeAvg=5.004; SleepCycleTimeMax=5.026; SleepCycleTimeMin=5.000; SleepCycleTimeStd=0.001; SleepCycleTimeSum=15352.307; SubmitCycleTimeAvg=0.000; SubmitCycleTimeMax=0.134; SubmitCycleTimeMin=0.000; SubmitCycleTimeStd=0.002; SubmitCycleTimeSum=0.136; EventCycleTimeCount=3068.000; SleepCycleTimeCount=3068.000; SubmitCycleTimeCount=3069.000; LogProcessCycleTimeAvg=0.007; LogProcessCycleTimeMax=0.081; LogProcessCycleTimeMin=0.002; LogProcessCycleTimeStd=0.014; LogProcessCycleTimeSum=0.198; LogProcessCycleTimeCount=29.000; ]
07/08/26 04:02:42 Currently monitoring 1 HTCondor log file(s)
07/08/26 04:02:42 Event: ULOG_JOB_EVICTED for HTCondor Node COLLECT (170536.10.0) {07/08/26 04:02:40}
07/08/26 04:02:42 Number of idle job procs: 19
07/08/26 04:02:42 Event: ULOG_JOB_HELD for HTCondor Node COLLECT (170536.10.0) {07/08/26 04:02:40}
07/08/26 04:02:42   Hold reason: Error from teaching6@thera.hpc.uni-saarland.de: Docker job has gone over memory limit of 96737 Mb
07/08/26 04:02:42 Number of idle job procs: 19
07/08/26 04:02:42 DAG status: 0 (DAG_STATUS_OK)
07/08/26 04:02:42 Of 5 nodes total:
07/08/26 04:02:42  Done     Pre   Queued    Post   Ready   Un-Ready   Failed   Futile
07/08/26 04:02:42   ===     ===      ===     ===     ===        ===      ===      ===
07/08/26 04:02:42     0       0        1       0       0          4        0        0
07/08/26 04:02:42 17 job proc(s) currently held
07/08/26 04:02:42 DAGMan Runtime Statistics: [EventCycleTimeAvg=0.000; EventCycleTimeMax=0.138; EventCycleTimeMin=0.000; EventCycleTimeStd=0.003; EventCycleTimeSum=1.005; SleepCycleTimeAvg=5.004; SleepCycleTimeMax=5.026; SleepCycleTimeMin=5.000; SleepCycleTimeStd=0.001; SleepCycleTimeSum=15447.382; SubmitCycleTimeAvg=0.000; SubmitCycleTimeMax=0.134; SubmitCycleTimeMin=0.000; SubmitCycleTimeStd=0.002; SubmitCycleTimeSum=0.136; EventCycleTimeCount=3087.000; SleepCycleTimeCount=3087.000; SubmitCycleTimeCount=3088.000; LogProcessCycleTimeAvg=0.007; LogProcessCycleTimeMax=0.081; LogProcessCycleTimeMin=0.002; LogProcessCycleTimeStd=0.014; LogProcessCycleTimeSum=0.202; LogProcessCycleTimeCount=30.000; ]
07/08/26 04:03:02 Currently monitoring 1 HTCondor log file(s)
07/08/26 04:03:02 Event: ULOG_JOB_EVICTED for HTCondor Node COLLECT (170536.24.0) {07/08/26 04:03:00}
07/08/26 04:03:02 Number of idle job procs: 20
07/08/26 04:03:02 Event: ULOG_JOB_HELD for HTCondor Node COLLECT (170536.24.0) {07/08/26 04:03:00}
07/08/26 04:03:02   Hold reason: Error from teaching4@uller.hpc.uni-saarland.de: Docker job has gone over memory limit of 73692 Mb
07/08/26 04:03:02 Number of idle job procs: 20
07/08/26 04:03:02 Event: ULOG_JOB_EVICTED for HTCondor Node COLLECT (170536.26.0) {07/08/26 04:03:00}
07/08/26 04:03:02 Number of idle job procs: 21
07/08/26 04:03:02 Event: ULOG_JOB_HELD for HTCondor Node COLLECT (170536.26.0) {07/08/26 04:03:00}
07/08/26 04:03:02   Hold reason: Error from teaching2@uller.hpc.uni-saarland.de: Docker job has gone over memory limit of 73692 Mb
07/08/26 04:03:02 Number of idle job procs: 21
07/08/26 04:03:02 DAG status: 0 (DAG_STATUS_OK)
07/08/26 04:03:02 Of 5 nodes total:
07/08/26 04:03:02  Done     Pre   Queued    Post   Ready   Un-Ready   Failed   Futile
07/08/26 04:03:02   ===     ===      ===     ===     ===        ===      ===      ===
07/08/26 04:03:02     0       0        1       0       0          4        0        0
07/08/26 04:03:02 19 job proc(s) currently held
07/08/26 04:03:02 DAGMan Runtime Statistics: [EventCycleTimeAvg=0.000; EventCycleTimeMax=0.138; EventCycleTimeMin=0.000; EventCycleTimeStd=0.003; EventCycleTimeSum=1.014; SleepCycleTimeAvg=5.004; SleepCycleTimeMax=5.026; SleepCycleTimeMin=5.000; SleepCycleTimeStd=0.001; SleepCycleTimeSum=15467.398; SubmitCycleTimeAvg=0.000; SubmitCycleTimeMax=0.134; SubmitCycleTimeMin=0.000; SubmitCycleTimeStd=0.002; SubmitCycleTimeSum=0.136; EventCycleTimeCount=3091.000; SleepCycleTimeCount=3091.000; SubmitCycleTimeCount=3092.000; LogProcessCycleTimeAvg=0.007; LogProcessCycleTimeMax=0.081; LogProcessCycleTimeMin=0.002; LogProcessCycleTimeStd=0.014; LogProcessCycleTimeSum=0.208; LogProcessCycleTimeCount=31.000; ]
07/08/26 04:03:27 Currently monitoring 1 HTCondor log file(s)
07/08/26 04:03:27 Event: ULOG_JOB_EVICTED for HTCondor Node COLLECT (170536.22.0) {07/08/26 04:03:25}
07/08/26 04:03:27 Number of idle job procs: 22
07/08/26 04:03:27 Event: ULOG_JOB_HELD for HTCondor Node COLLECT (170536.22.0) {07/08/26 04:03:25}
07/08/26 04:03:27   Hold reason: Error from teaching5@lofn.hpc.uni-saarland.de: Docker job has gone over memory limit of 64480 Mb
07/08/26 04:03:27 Number of idle job procs: 22
07/08/26 04:03:27 DAG status: 0 (DAG_STATUS_OK)
07/08/26 04:03:27 Of 5 nodes total:
07/08/26 04:03:27  Done     Pre   Queued    Post   Ready   Un-Ready   Failed   Futile
07/08/26 04:03:27   ===     ===      ===     ===     ===        ===      ===      ===
07/08/26 04:03:27     0       0        1       0       0          4        0        0
07/08/26 04:03:27 20 job proc(s) currently held
07/08/26 04:03:27 DAGMan Runtime Statistics: [EventCycleTimeAvg=0.000; EventCycleTimeMax=0.138; EventCycleTimeMin=0.000; EventCycleTimeStd=0.003; EventCycleTimeSum=1.025; SleepCycleTimeAvg=5.004; SleepCycleTimeMax=5.026; SleepCycleTimeMin=5.000; SleepCycleTimeStd=0.001; SleepCycleTimeSum=15492.420; SubmitCycleTimeAvg=0.000; SubmitCycleTimeMax=0.134; SubmitCycleTimeMin=0.000; SubmitCycleTimeStd=0.002; SubmitCycleTimeSum=0.136; EventCycleTimeCount=3096.000; SleepCycleTimeCount=3096.000; SubmitCycleTimeCount=3097.000; LogProcessCycleTimeAvg=0.007; LogProcessCycleTimeMax=0.081; LogProcessCycleTimeMin=0.002; LogProcessCycleTimeStd=0.014; LogProcessCycleTimeSum=0.212; LogProcessCycleTimeCount=32.000; ]
07/08/26 04:04:12 Currently monitoring 1 HTCondor log file(s)
07/08/26 04:04:12 Event: ULOG_EXECUTE for HTCondor Node COLLECT (170536.38.0) {07/08/26 04:04:12}
07/08/26 04:04:12 Number of idle job procs: 21
07/08/26 04:04:12 Event: ULOG_EXECUTE for HTCondor Node COLLECT (170536.39.0) {07/08/26 04:04:12}
07/08/26 04:04:12 Number of idle job procs: 20
07/08/26 04:06:23 Currently monitoring 1 HTCondor log file(s)
07/08/26 04:06:23 Event: ULOG_JOB_EVICTED for HTCondor Node COLLECT (170536.11.0) {07/08/26 04:06:20}
07/08/26 04:06:23 Number of idle job procs: 21
07/08/26 04:06:23 Event: ULOG_JOB_HELD for HTCondor Node COLLECT (170536.11.0) {07/08/26 04:06:20}
07/08/26 04:06:23   Hold reason: Error from teaching8@thera.hpc.uni-saarland.de: Docker job has gone over memory limit of 96737 Mb
07/08/26 04:06:23 Number of idle job procs: 21
07/08/26 04:06:23 DAG status: 0 (DAG_STATUS_OK)
07/08/26 04:06:23 Of 5 nodes total:
07/08/26 04:06:23  Done     Pre   Queued    Post   Ready   Un-Ready   Failed   Futile
07/08/26 04:06:23   ===     ===      ===     ===     ===        ===      ===      ===
07/08/26 04:06:23     0       0        1       0       0          4        0        0
07/08/26 04:06:23 21 job proc(s) currently held
07/08/26 04:06:23 DAGMan Runtime Statistics: [EventCycleTimeAvg=0.000; EventCycleTimeMax=0.138; EventCycleTimeMin=0.000; EventCycleTimeStd=0.003; EventCycleTimeSum=1.044; SleepCycleTimeAvg=5.004; SleepCycleTimeMax=5.026; SleepCycleTimeMin=5.000; SleepCycleTimeStd=0.001; SleepCycleTimeSum=15667.557; SubmitCycleTimeAvg=0.000; SubmitCycleTimeMax=0.134; SubmitCycleTimeMin=0.000; SubmitCycleTimeStd=0.002; SubmitCycleTimeSum=0.136; EventCycleTimeCount=3131.000; SleepCycleTimeCount=3131.000; SubmitCycleTimeCount=3132.000; LogProcessCycleTimeAvg=0.006; LogProcessCycleTimeMax=0.081; LogProcessCycleTimeMin=0.002; LogProcessCycleTimeStd=0.013; LogProcessCycleTimeSum=0.218; LogProcessCycleTimeCount=34.000; ]
07/08/26 04:15:28 Total jobs placed to AP: 40
07/08/26 04:15:28      Idle     Held     Running     Successful     Failed
07/08/26 04:15:28       ===      ===         ===            ===        ===
07/08/26 04:15:28         0       21          19              0          0
07/08/26 04:16:23 600 seconds since last log event
07/08/26 04:16:23 Pending DAG nodes:
07/08/26 04:16:23   Node COLLECT, HTCondor ID 170536, status STATUS_SUBMITTED
07/08/26 04:17:58 Currently monitoring 1 HTCondor log file(s)
07/08/26 04:17:58 Event: ULOG_JOB_EVICTED for HTCondor Node COLLECT (170536.18.0) {07/08/26 04:17:57}
07/08/26 04:17:58 Number of idle job procs: 22
07/08/26 04:17:58 Event: ULOG_JOB_HELD for HTCondor Node COLLECT (170536.18.0) {07/08/26 04:17:57}
07/08/26 04:17:58   Hold reason: Error from teaching8@tenos.hpc.uni-saarland.de: Docker job has gone over memory limit of 96737 Mb
07/08/26 04:17:58 Number of idle job procs: 22
07/08/26 04:17:58 DAG status: 0 (DAG_STATUS_OK)
07/08/26 04:17:58 Of 5 nodes total:
07/08/26 04:17:58  Done     Pre   Queued    Post   Ready   Un-Ready   Failed   Futile
07/08/26 04:17:58   ===     ===      ===     ===     ===        ===      ===      ===
07/08/26 04:17:58     0       0        1       0       0          4        0        0
07/08/26 04:17:58 22 job proc(s) currently held
07/08/26 04:17:58 DAGMan Runtime Statistics: [EventCycleTimeAvg=0.000; EventCycleTimeMax=0.138; EventCycleTimeMin=0.000; EventCycleTimeStd=0.003; EventCycleTimeSum=1.080; SleepCycleTimeAvg=5.004; SleepCycleTimeMax=5.026; SleepCycleTimeMin=5.000; SleepCycleTimeStd=0.001; SleepCycleTimeSum=16363.099; SubmitCycleTimeAvg=0.000; SubmitCycleTimeMax=0.134; SubmitCycleTimeMin=0.000; SubmitCycleTimeStd=0.002; SubmitCycleTimeSum=0.136; EventCycleTimeCount=3270.000; SleepCycleTimeCount=3270.000; SubmitCycleTimeCount=3271.000; LogProcessCycleTimeAvg=0.006; LogProcessCycleTimeMax=0.081; LogProcessCycleTimeMin=0.002; LogProcessCycleTimeStd=0.013; LogProcessCycleTimeSum=0.223; LogProcessCycleTimeCount=35.000; ]
07/08/26 04:18:58 Currently monitoring 1 HTCondor log file(s)
07/08/26 04:18:58 Event: ULOG_JOB_EVICTED for HTCondor Node COLLECT (170536.27.0) {07/08/26 04:18:55}
07/08/26 04:18:58 Number of idle job procs: 23
07/08/26 04:18:58 Event: ULOG_JOB_HELD for HTCondor Node COLLECT (170536.27.0) {07/08/26 04:18:55}
07/08/26 04:18:58   Hold reason: Error from teaching6@lofn.hpc.uni-saarland.de: Docker job has gone over memory limit of 64480 Mb
07/08/26 04:18:58 Number of idle job procs: 23
07/08/26 04:18:58 DAG status: 0 (DAG_STATUS_OK)
07/08/26 04:18:58 Of 5 nodes total:
07/08/26 04:18:58  Done     Pre   Queued    Post   Ready   Un-Ready   Failed   Futile
07/08/26 04:18:58   ===     ===      ===     ===     ===        ===      ===      ===
07/08/26 04:18:58     0       0        1       0       0          4        0        0
07/08/26 04:18:58 23 job proc(s) currently held
07/08/26 04:18:58 DAGMan Runtime Statistics: [EventCycleTimeAvg=0.000; EventCycleTimeMax=0.138; EventCycleTimeMin=0.000; EventCycleTimeStd=0.003; EventCycleTimeSum=1.090; SleepCycleTimeAvg=5.004; SleepCycleTimeMax=5.026; SleepCycleTimeMin=5.000; SleepCycleTimeStd=0.001; SleepCycleTimeSum=16423.149; SubmitCycleTimeAvg=0.000; SubmitCycleTimeMax=0.134; SubmitCycleTimeMin=0.000; SubmitCycleTimeStd=0.002; SubmitCycleTimeSum=0.136; EventCycleTimeCount=3282.000; SleepCycleTimeCount=3282.000; SubmitCycleTimeCount=3283.000; LogProcessCycleTimeAvg=0.006; LogProcessCycleTimeMax=0.081; LogProcessCycleTimeMin=0.002; LogProcessCycleTimeStd=0.013; LogProcessCycleTimeSum=0.227; LogProcessCycleTimeCount=36.000; ]
07/08/26 04:19:38 Currently monitoring 1 HTCondor log file(s)
07/08/26 04:19:38 Event: ULOG_JOB_EVICTED for HTCondor Node COLLECT (170536.21.0) {07/08/26 04:19:38}
07/08/26 04:19:38 Number of idle job procs: 24
07/08/26 04:19:38 Event: ULOG_JOB_HELD for HTCondor Node COLLECT (170536.21.0) {07/08/26 04:19:38}
07/08/26 04:19:38   Hold reason: Error from teaching6@tenos.hpc.uni-saarland.de: Docker job has gone over memory limit of 96737 Mb
07/08/26 04:19:38 Number of idle job procs: 24
07/08/26 04:19:38 DAG status: 0 (DAG_STATUS_OK)
07/08/26 04:19:38 Of 5 nodes total:
07/08/26 04:19:38  Done     Pre   Queued    Post   Ready   Un-Ready   Failed   Futile
07/08/26 04:19:38   ===     ===      ===     ===     ===        ===      ===      ===
07/08/26 04:19:38     0       0        1       0       0          4        0        0
07/08/26 04:19:38 24 job proc(s) currently held
07/08/26 04:19:38 DAGMan Runtime Statistics: [EventCycleTimeAvg=0.000; EventCycleTimeMax=0.138; EventCycleTimeMin=0.000; EventCycleTimeStd=0.003; EventCycleTimeSum=1.101; SleepCycleTimeAvg=5.004; SleepCycleTimeMax=5.026; SleepCycleTimeMin=5.000; SleepCycleTimeStd=0.001; SleepCycleTimeSum=16463.178; SubmitCycleTimeAvg=0.000; SubmitCycleTimeMax=0.134; SubmitCycleTimeMin=0.000; SubmitCycleTimeStd=0.002; SubmitCycleTimeSum=0.136; EventCycleTimeCount=3290.000; SleepCycleTimeCount=3290.000; SubmitCycleTimeCount=3291.000; LogProcessCycleTimeAvg=0.006; LogProcessCycleTimeMax=0.081; LogProcessCycleTimeMin=0.002; LogProcessCycleTimeStd=0.013; LogProcessCycleTimeSum=0.230; LogProcessCycleTimeCount=37.000; ]
07/08/26 04:19:43 Currently monitoring 1 HTCondor log file(s)
07/08/26 04:19:43 Event: ULOG_JOB_EVICTED for HTCondor Node COLLECT (170536.17.0) {07/08/26 04:19:39}
07/08/26 04:19:43 Number of idle job procs: 25
07/08/26 04:19:43 Event: ULOG_JOB_HELD for HTCondor Node COLLECT (170536.17.0) {07/08/26 04:19:39}
07/08/26 04:19:43   Hold reason: Error from teaching4@tenos.hpc.uni-saarland.de: Docker job has gone over memory limit of 96737 Mb
07/08/26 04:19:43 Number of idle job procs: 25
07/08/26 04:19:43 DAG status: 0 (DAG_STATUS_OK)
07/08/26 04:19:43 Of 5 nodes total:
07/08/26 04:19:43  Done     Pre   Queued    Post   Ready   Un-Ready   Failed   Futile
07/08/26 04:19:43   ===     ===      ===     ===     ===        ===      ===      ===
07/08/26 04:19:43     0       0        1       0       0          4        0        0
07/08/26 04:19:43 25 job proc(s) currently held
07/08/26 04:19:43 DAGMan Runtime Statistics: [EventCycleTimeAvg=0.000; EventCycleTimeMax=0.138; EventCycleTimeMin=0.000; EventCycleTimeStd=0.003; EventCycleTimeSum=1.108; SleepCycleTimeAvg=5.004; SleepCycleTimeMax=5.026; SleepCycleTimeMin=5.000; SleepCycleTimeStd=0.001; SleepCycleTimeSum=16468.184; SubmitCycleTimeAvg=0.000; SubmitCycleTimeMax=0.134; SubmitCycleTimeMin=0.000; SubmitCycleTimeStd=0.002; SubmitCycleTimeSum=0.136; EventCycleTimeCount=3291.000; SleepCycleTimeCount=3291.000; SubmitCycleTimeCount=3292.000; LogProcessCycleTimeAvg=0.006; LogProcessCycleTimeMax=0.081; LogProcessCycleTimeMin=0.002; LogProcessCycleTimeStd=0.013; LogProcessCycleTimeSum=0.234; LogProcessCycleTimeCount=38.000; ]
07/08/26 04:22:13 Currently monitoring 1 HTCondor log file(s)
07/08/26 04:22:13 Event: ULOG_JOB_EVICTED for HTCondor Node COLLECT (170536.25.0) {07/08/26 04:22:11}
07/08/26 04:22:13 Number of idle job procs: 26
07/08/26 04:22:13 Event: ULOG_JOB_HELD for HTCondor Node COLLECT (170536.25.0) {07/08/26 04:22:11}
07/08/26 04:22:13   Hold reason: Error from teaching5@thera.hpc.uni-saarland.de: Docker job has gone over memory limit of 96737 Mb
07/08/26 04:22:13 Number of idle job procs: 26
07/08/26 04:22:13 Event: ULOG_JOB_EVICTED for HTCondor Node COLLECT (170536.23.0) {07/08/26 04:22:12}
07/08/26 04:22:13 Number of idle job procs: 27
07/08/26 04:22:13 Event: ULOG_JOB_HELD for HTCondor Node COLLECT (170536.23.0) {07/08/26 04:22:12}
07/08/26 04:22:13   Hold reason: Error from teaching7@thera.hpc.uni-saarland.de: Docker job has gone over memory limit of 96737 Mb
07/08/26 04:22:13 Number of idle job procs: 27
07/08/26 04:22:13 DAG status: 0 (DAG_STATUS_OK)
07/08/26 04:22:13 Of 5 nodes total:
07/08/26 04:22:13  Done     Pre   Queued    Post   Ready   Un-Ready   Failed   Futile
07/08/26 04:22:13   ===     ===      ===     ===     ===        ===      ===      ===
07/08/26 04:22:13     0       0        1       0       0          4        0        0
07/08/26 04:22:13 27 job proc(s) currently held
07/08/26 04:22:13 DAGMan Runtime Statistics: [EventCycleTimeAvg=0.000; EventCycleTimeMax=0.138; EventCycleTimeMin=0.000; EventCycleTimeStd=0.003; EventCycleTimeSum=1.126; SleepCycleTimeAvg=5.004; SleepCycleTimeMax=5.026; SleepCycleTimeMin=5.000; SleepCycleTimeStd=0.001; SleepCycleTimeSum=16618.309; SubmitCycleTimeAvg=0.000; SubmitCycleTimeMax=0.134; SubmitCycleTimeMin=0.000; SubmitCycleTimeStd=0.002; SubmitCycleTimeSum=0.136; EventCycleTimeCount=3321.000; SleepCycleTimeCount=3321.000; SubmitCycleTimeCount=3322.000; LogProcessCycleTimeAvg=0.006; LogProcessCycleTimeMax=0.081; LogProcessCycleTimeMin=0.002; LogProcessCycleTimeStd=0.012; LogProcessCycleTimeSum=0.241; LogProcessCycleTimeCount=39.000; ]
07/08/26 04:25:29 Currently monitoring 1 HTCondor log file(s)
07/08/26 04:25:29 Event: ULOG_JOB_EVICTED for HTCondor Node COLLECT (170536.16.0) {07/08/26 04:25:28}
07/08/26 04:25:29 Number of idle job procs: 28
07/08/26 04:25:29 Event: ULOG_JOB_HELD for HTCondor Node COLLECT (170536.16.0) {07/08/26 04:25:28}
07/08/26 04:25:29   Hold reason: Error from teaching1@tenos.hpc.uni-saarland.de: Docker job has gone over memory limit of 96737 Mb
07/08/26 04:25:29 Number of idle job procs: 28
07/08/26 04:25:29 DAG status: 0 (DAG_STATUS_OK)
07/08/26 04:25:29 Of 5 nodes total:
07/08/26 04:25:29  Done     Pre   Queued    Post   Ready   Un-Ready   Failed   Futile
07/08/26 04:25:29   ===     ===      ===     ===     ===        ===      ===      ===
07/08/26 04:25:29     0       0        1       0       0          4        0        0
07/08/26 04:25:29 28 job proc(s) currently held
07/08/26 04:25:29 DAGMan Runtime Statistics: [EventCycleTimeAvg=0.000; EventCycleTimeMax=0.138; EventCycleTimeMin=0.000; EventCycleTimeStd=0.003; EventCycleTimeSum=1.144; SleepCycleTimeAvg=5.004; SleepCycleTimeMax=5.026; SleepCycleTimeMin=5.000; SleepCycleTimeStd=0.001; SleepCycleTimeSum=16813.460; SubmitCycleTimeAvg=0.000; SubmitCycleTimeMax=0.134; SubmitCycleTimeMin=0.000; SubmitCycleTimeStd=0.002; SubmitCycleTimeSum=0.136; EventCycleTimeCount=3360.000; SleepCycleTimeCount=3360.000; SubmitCycleTimeCount=3361.000; LogProcessCycleTimeAvg=0.006; LogProcessCycleTimeMax=0.081; LogProcessCycleTimeMin=0.002; LogProcessCycleTimeStd=0.012; LogProcessCycleTimeSum=0.246; LogProcessCycleTimeCount=40.000; ]
07/08/26 04:30:29 Total jobs placed to AP: 40
07/08/26 04:30:29      Idle     Held     Running     Successful     Failed
07/08/26 04:30:29       ===      ===         ===            ===        ===
07/08/26 04:30:29         0       28          12              0          0
07/08/26 04:35:29 600 seconds since last log event
07/08/26 04:35:29 Pending DAG nodes:
07/08/26 04:35:29   Node COLLECT, HTCondor ID 170536, status STATUS_SUBMITTED
07/08/26 04:41:04 Currently monitoring 1 HTCondor log file(s)
07/08/26 04:41:04 Event: ULOG_JOB_EVICTED for HTCondor Node COLLECT (170536.31.0) {07/08/26 04:41:00}
07/08/26 04:41:04 Number of idle job procs: 29
07/08/26 04:41:04 Event: ULOG_JOB_HELD for HTCondor Node COLLECT (170536.31.0) {07/08/26 04:41:00}
07/08/26 04:41:04   Hold reason: Error from teaching3@idun.hpc.uni-saarland.de: Docker job has gone over memory limit of 64480 Mb
07/08/26 04:41:04 Number of idle job procs: 29
07/08/26 04:41:04 Event: ULOG_JOB_EVICTED for HTCondor Node COLLECT (170536.29.0) {07/08/26 04:41:00}
07/08/26 04:41:04 Number of idle job procs: 30
07/08/26 04:41:04 Event: ULOG_JOB_HELD for HTCondor Node COLLECT (170536.29.0) {07/08/26 04:41:00}
07/08/26 04:41:04   Hold reason: Error from teaching1@idun.hpc.uni-saarland.de: Docker job has gone over memory limit of 64480 Mb
07/08/26 04:41:04 Number of idle job procs: 30
07/08/26 04:41:04 DAG status: 0 (DAG_STATUS_OK)
07/08/26 04:41:04 Of 5 nodes total:
07/08/26 04:41:04  Done     Pre   Queued    Post   Ready   Un-Ready   Failed   Futile
07/08/26 04:41:04   ===     ===      ===     ===     ===        ===      ===      ===
07/08/26 04:41:04     0       0        1       0       0          4        0        0
07/08/26 04:41:04 30 job proc(s) currently held
07/08/26 04:41:04 DAGMan Runtime Statistics: [EventCycleTimeAvg=0.000; EventCycleTimeMax=0.138; EventCycleTimeMin=0.000; EventCycleTimeStd=0.003; EventCycleTimeSum=1.207; SleepCycleTimeAvg=5.004; SleepCycleTimeMax=5.026; SleepCycleTimeMin=5.000; SleepCycleTimeStd=0.001; SleepCycleTimeSum=17749.217; SubmitCycleTimeAvg=0.000; SubmitCycleTimeMax=0.134; SubmitCycleTimeMin=0.000; SubmitCycleTimeStd=0.002; SubmitCycleTimeSum=0.136; EventCycleTimeCount=3547.000; SleepCycleTimeCount=3547.000; SubmitCycleTimeCount=3548.000; LogProcessCycleTimeAvg=0.006; LogProcessCycleTimeMax=0.081; LogProcessCycleTimeMin=0.002; LogProcessCycleTimeStd=0.012; LogProcessCycleTimeSum=0.253; LogProcessCycleTimeCount=41.000; ]
07/08/26 04:43:14 Currently monitoring 1 HTCondor log file(s)
07/08/26 04:43:14 Event: ULOG_JOB_EVICTED for HTCondor Node COLLECT (170536.32.0) {07/08/26 04:43:12}
07/08/26 04:43:14 Number of idle job procs: 31
07/08/26 04:43:14 Event: ULOG_JOB_HELD for HTCondor Node COLLECT (170536.32.0) {07/08/26 04:43:12}
07/08/26 04:43:14   Hold reason: Error from teaching3@lofn.hpc.uni-saarland.de: Docker job has gone over memory limit of 64480 Mb
07/08/26 04:43:14 Number of idle job procs: 31
07/08/26 04:43:14 DAG status: 0 (DAG_STATUS_OK)
07/08/26 04:43:14 Of 5 nodes total:
07/08/26 04:43:14  Done     Pre   Queued    Post   Ready   Un-Ready   Failed   Futile
07/08/26 04:43:14   ===     ===      ===     ===     ===        ===      ===      ===
07/08/26 04:43:14     0       0        1       0       0          4        0        0
07/08/26 04:43:14 31 job proc(s) currently held
07/08/26 04:43:14 DAGMan Runtime Statistics: [EventCycleTimeAvg=0.000; EventCycleTimeMax=0.138; EventCycleTimeMin=0.000; EventCycleTimeStd=0.003; EventCycleTimeSum=1.223; SleepCycleTimeAvg=5.004; SleepCycleTimeMax=5.026; SleepCycleTimeMin=5.000; SleepCycleTimeStd=0.001; SleepCycleTimeSum=17879.317; SubmitCycleTimeAvg=0.000; SubmitCycleTimeMax=0.134; SubmitCycleTimeMin=0.000; SubmitCycleTimeStd=0.002; SubmitCycleTimeSum=0.136; EventCycleTimeCount=3573.000; SleepCycleTimeCount=3573.000; SubmitCycleTimeCount=3574.000; LogProcessCycleTimeAvg=0.006; LogProcessCycleTimeMax=0.081; LogProcessCycleTimeMin=0.002; LogProcessCycleTimeStd=0.012; LogProcessCycleTimeSum=0.259; LogProcessCycleTimeCount=42.000; ]
07/08/26 04:43:24 Currently monitoring 1 HTCondor log file(s)
07/08/26 04:43:24 Event: ULOG_JOB_EVICTED for HTCondor Node COLLECT (170536.33.0) {07/08/26 04:43:22}
07/08/26 04:43:24 Number of idle job procs: 32
07/08/26 04:43:24 Event: ULOG_JOB_HELD for HTCondor Node COLLECT (170536.33.0) {07/08/26 04:43:22}
07/08/26 04:43:24   Hold reason: Error from teaching2@lofn.hpc.uni-saarland.de: Docker job has gone over memory limit of 64480 Mb
07/08/26 04:43:24 Number of idle job procs: 32
07/08/26 04:43:24 DAG status: 0 (DAG_STATUS_OK)
07/08/26 04:43:24 Of 5 nodes total:
07/08/26 04:43:24  Done     Pre   Queued    Post   Ready   Un-Ready   Failed   Futile
07/08/26 04:43:24   ===     ===      ===     ===     ===        ===      ===      ===
07/08/26 04:43:24     0       0        1       0       0          4        0        0
07/08/26 04:43:24 32 job proc(s) currently held
07/08/26 04:43:24 DAGMan Runtime Statistics: [EventCycleTimeAvg=0.000; EventCycleTimeMax=0.138; EventCycleTimeMin=0.000; EventCycleTimeStd=0.003; EventCycleTimeSum=1.234; SleepCycleTimeAvg=5.004; SleepCycleTimeMax=5.026; SleepCycleTimeMin=5.000; SleepCycleTimeStd=0.001; SleepCycleTimeSum=17889.325; SubmitCycleTimeAvg=0.000; SubmitCycleTimeMax=0.134; SubmitCycleTimeMin=0.000; SubmitCycleTimeStd=0.002; SubmitCycleTimeSum=0.136; EventCycleTimeCount=3575.000; SleepCycleTimeCount=3575.000; SubmitCycleTimeCount=3576.000; LogProcessCycleTimeAvg=0.006; LogProcessCycleTimeMax=0.081; LogProcessCycleTimeMin=0.002; LogProcessCycleTimeStd=0.012; LogProcessCycleTimeSum=0.263; LogProcessCycleTimeCount=43.000; ]
07/08/26 04:45:30 Total jobs placed to AP: 40
07/08/26 04:45:30      Idle     Held     Running     Successful     Failed
07/08/26 04:45:30       ===      ===         ===            ===        ===
07/08/26 04:45:30         0       32           8              0          0
07/08/26 04:45:55 Currently monitoring 1 HTCondor log file(s)
07/08/26 04:45:55 Event: ULOG_JOB_EVICTED for HTCondor Node COLLECT (170536.34.0) {07/08/26 04:45:54}
07/08/26 04:45:55 Number of idle job procs: 33
07/08/26 04:45:55 Event: ULOG_JOB_HELD for HTCondor Node COLLECT (170536.34.0) {07/08/26 04:45:54}
07/08/26 04:45:55   Hold reason: Error from teaching7@lofn.hpc.uni-saarland.de: Docker job has gone over memory limit of 64480 Mb
07/08/26 04:45:55 Number of idle job procs: 33
07/08/26 04:45:55 DAG status: 0 (DAG_STATUS_OK)
07/08/26 04:45:55 Of 5 nodes total:
07/08/26 04:45:55  Done     Pre   Queued    Post   Ready   Un-Ready   Failed   Futile
07/08/26 04:45:55   ===     ===      ===     ===     ===        ===      ===      ===
07/08/26 04:45:55     0       0        1       0       0          4        0        0
07/08/26 04:45:55 33 job proc(s) currently held
07/08/26 04:45:55 DAGMan Runtime Statistics: [EventCycleTimeAvg=0.000; EventCycleTimeMax=0.138; EventCycleTimeMin=0.000; EventCycleTimeStd=0.003; EventCycleTimeSum=1.257; SleepCycleTimeAvg=5.004; SleepCycleTimeMax=5.026; SleepCycleTimeMin=5.000; SleepCycleTimeStd=0.001; SleepCycleTimeSum=18039.438; SubmitCycleTimeAvg=0.000; SubmitCycleTimeMax=0.134; SubmitCycleTimeMin=0.000; SubmitCycleTimeStd=0.002; SubmitCycleTimeSum=0.136; EventCycleTimeCount=3605.000; SleepCycleTimeCount=3605.000; SubmitCycleTimeCount=3606.000; LogProcessCycleTimeAvg=0.006; LogProcessCycleTimeMax=0.081; LogProcessCycleTimeMin=0.002; LogProcessCycleTimeStd=0.012; LogProcessCycleTimeSum=0.267; LogProcessCycleTimeCount=44.000; ]
07/08/26 04:46:05 Currently monitoring 1 HTCondor log file(s)
07/08/26 04:46:05 Event: ULOG_JOB_EVICTED for HTCondor Node COLLECT (170536.30.0) {07/08/26 04:46:04}
07/08/26 04:46:05 Number of idle job procs: 34
07/08/26 04:46:05 Event: ULOG_JOB_HELD for HTCondor Node COLLECT (170536.30.0) {07/08/26 04:46:04}
07/08/26 04:46:05   Hold reason: Error from teaching2@idun.hpc.uni-saarland.de: Docker job has gone over memory limit of 64480 Mb
07/08/26 04:46:05 Number of idle job procs: 34
07/08/26 04:46:05 DAG status: 0 (DAG_STATUS_OK)
07/08/26 04:46:05 Of 5 nodes total:
07/08/26 04:46:05  Done     Pre   Queued    Post   Ready   Un-Ready   Failed   Futile
07/08/26 04:46:05   ===     ===      ===     ===     ===        ===      ===      ===
07/08/26 04:46:05     0       0        1       0       0          4        0        0
07/08/26 04:46:05 34 job proc(s) currently held
07/08/26 04:46:05 DAGMan Runtime Statistics: [EventCycleTimeAvg=0.000; EventCycleTimeMax=0.138; EventCycleTimeMin=0.000; EventCycleTimeStd=0.003; EventCycleTimeSum=1.265; SleepCycleTimeAvg=5.004; SleepCycleTimeMax=5.026; SleepCycleTimeMin=5.000; SleepCycleTimeStd=0.001; SleepCycleTimeSum=18049.446; SubmitCycleTimeAvg=0.000; SubmitCycleTimeMax=0.134; SubmitCycleTimeMin=0.000; SubmitCycleTimeStd=0.002; SubmitCycleTimeSum=0.136; EventCycleTimeCount=3607.000; SleepCycleTimeCount=3607.000; SubmitCycleTimeCount=3608.000; LogProcessCycleTimeAvg=0.006; LogProcessCycleTimeMax=0.081; LogProcessCycleTimeMin=0.002; LogProcessCycleTimeStd=0.012; LogProcessCycleTimeSum=0.271; LogProcessCycleTimeCount=45.000; ]
07/08/26 04:50:00 Currently monitoring 1 HTCondor log file(s)
07/08/26 04:50:00 Event: ULOG_JOB_EVICTED for HTCondor Node COLLECT (170536.35.0) {07/08/26 04:49:57}
07/08/26 04:50:00 Number of idle job procs: 35
07/08/26 04:50:00 Event: ULOG_JOB_HELD for HTCondor Node COLLECT (170536.35.0) {07/08/26 04:49:57}
07/08/26 04:50:00   Hold reason: Error from teaching4@idun.hpc.uni-saarland.de: Docker job has gone over memory limit of 64480 Mb
07/08/26 04:50:00 Number of idle job procs: 35
07/08/26 04:50:00 DAG status: 0 (DAG_STATUS_OK)
07/08/26 04:50:00 Of 5 nodes total:
07/08/26 04:50:00  Done     Pre   Queued    Post   Ready   Un-Ready   Failed   Futile
07/08/26 04:50:00   ===     ===      ===     ===     ===        ===      ===      ===
07/08/26 04:50:00     0       0        1       0       0          4        0        0
07/08/26 04:50:00 35 job proc(s) currently held
07/08/26 04:50:00 DAGMan Runtime Statistics: [EventCycleTimeAvg=0.000; EventCycleTimeMax=0.138; EventCycleTimeMin=0.000; EventCycleTimeStd=0.003; EventCycleTimeSum=1.280; SleepCycleTimeAvg=5.004; SleepCycleTimeMax=5.026; SleepCycleTimeMin=5.000; SleepCycleTimeStd=0.001; SleepCycleTimeSum=18284.631; SubmitCycleTimeAvg=0.000; SubmitCycleTimeMax=0.134; SubmitCycleTimeMin=0.000; SubmitCycleTimeStd=0.002; SubmitCycleTimeSum=0.137; EventCycleTimeCount=3654.000; SleepCycleTimeCount=3654.000; SubmitCycleTimeCount=3655.000; LogProcessCycleTimeAvg=0.006; LogProcessCycleTimeMax=0.081; LogProcessCycleTimeMin=0.002; LogProcessCycleTimeStd=0.011; LogProcessCycleTimeSum=0.274; LogProcessCycleTimeCount=46.000; ]
07/08/26 04:52:30 Currently monitoring 1 HTCondor log file(s)
07/08/26 04:52:30 Event: ULOG_JOB_EVICTED for HTCondor Node COLLECT (170536.28.0) {07/08/26 04:52:30}
07/08/26 04:52:30 Number of idle job procs: 36
07/08/26 04:52:30 Event: ULOG_JOB_HELD for HTCondor Node COLLECT (170536.28.0) {07/08/26 04:52:30}
07/08/26 04:52:30   Hold reason: Error from teaching8@lofn.hpc.uni-saarland.de: Docker job has gone over memory limit of 64480 Mb
07/08/26 04:52:30 Number of idle job procs: 36
07/08/26 04:52:30 DAG status: 0 (DAG_STATUS_OK)
07/08/26 04:52:30 Of 5 nodes total:
07/08/26 04:52:30  Done     Pre   Queued    Post   Ready   Un-Ready   Failed   Futile
07/08/26 04:52:30   ===     ===      ===     ===     ===        ===      ===      ===
07/08/26 04:52:30     0       0        1       0       0          4        0        0
07/08/26 04:52:30 36 job proc(s) currently held
07/08/26 04:52:30 DAGMan Runtime Statistics: [EventCycleTimeAvg=0.000; EventCycleTimeMax=0.138; EventCycleTimeMin=0.000; EventCycleTimeStd=0.003; EventCycleTimeSum=1.299; SleepCycleTimeAvg=5.004; SleepCycleTimeMax=5.026; SleepCycleTimeMin=5.000; SleepCycleTimeStd=0.001; SleepCycleTimeSum=18434.768; SubmitCycleTimeAvg=0.000; SubmitCycleTimeMax=0.134; SubmitCycleTimeMin=0.000; SubmitCycleTimeStd=0.002; SubmitCycleTimeSum=0.137; EventCycleTimeCount=3684.000; SleepCycleTimeCount=3684.000; SubmitCycleTimeCount=3685.000; LogProcessCycleTimeAvg=0.006; LogProcessCycleTimeMax=0.081; LogProcessCycleTimeMin=0.002; LogProcessCycleTimeStd=0.011; LogProcessCycleTimeSum=0.278; LogProcessCycleTimeCount=47.000; ]
07/08/26 04:59:45 Currently monitoring 1 HTCondor log file(s)
07/08/26 04:59:45 Event: ULOG_JOB_EVICTED for HTCondor Node COLLECT (170536.36.0) {07/08/26 04:59:45}
07/08/26 04:59:45 Number of idle job procs: 37
07/08/26 04:59:45 Event: ULOG_JOB_HELD for HTCondor Node COLLECT (170536.36.0) {07/08/26 04:59:45}
07/08/26 04:59:45   Hold reason: Error from teaching7@idun.hpc.uni-saarland.de: Docker job has gone over memory limit of 64480 Mb
07/08/26 04:59:45 Number of idle job procs: 37
07/08/26 04:59:45 DAG status: 0 (DAG_STATUS_OK)
07/08/26 04:59:45 Of 5 nodes total:
07/08/26 04:59:45  Done     Pre   Queued    Post   Ready   Un-Ready   Failed   Futile
07/08/26 04:59:45   ===     ===      ===     ===     ===        ===      ===      ===
07/08/26 04:59:45     0       0        1       0       0          4        0        0
07/08/26 04:59:45 37 job proc(s) currently held
07/08/26 04:59:45 DAGMan Runtime Statistics: [EventCycleTimeAvg=0.000; EventCycleTimeMax=0.138; EventCycleTimeMin=0.000; EventCycleTimeStd=0.003; EventCycleTimeSum=1.330; SleepCycleTimeAvg=5.004; SleepCycleTimeMax=5.026; SleepCycleTimeMin=5.000; SleepCycleTimeStd=0.001; SleepCycleTimeSum=18870.129; SubmitCycleTimeAvg=0.000; SubmitCycleTimeMax=0.134; SubmitCycleTimeMin=0.000; SubmitCycleTimeStd=0.002; SubmitCycleTimeSum=0.137; EventCycleTimeCount=3771.000; SleepCycleTimeCount=3771.000; SubmitCycleTimeCount=3772.000; LogProcessCycleTimeAvg=0.006; LogProcessCycleTimeMax=0.081; LogProcessCycleTimeMin=0.002; LogProcessCycleTimeStd=0.011; LogProcessCycleTimeSum=0.282; LogProcessCycleTimeCount=48.000; ]
07/08/26 05:00:30 Total jobs placed to AP: 40
07/08/26 05:00:30      Idle     Held     Running     Successful     Failed
07/08/26 05:00:30       ===      ===         ===            ===        ===
07/08/26 05:00:30         0       37           3              0          0
07/08/26 05:06:31 Currently monitoring 1 HTCondor log file(s)
07/08/26 05:06:31 Event: ULOG_JOB_EVICTED for HTCondor Node COLLECT (170536.38.0) {07/08/26 05:06:28}
07/08/26 05:06:31 Number of idle job procs: 38
07/08/26 05:06:31 Event: ULOG_JOB_HELD for HTCondor Node COLLECT (170536.38.0) {07/08/26 05:06:28}
07/08/26 05:06:31   Hold reason: Error from teaching1@lofn.hpc.uni-saarland.de: Docker job has gone over memory limit of 64480 Mb
07/08/26 05:06:31 Number of idle job procs: 38
07/08/26 05:06:31 Event: ULOG_JOB_EVICTED for HTCondor Node COLLECT (170536.39.0) {07/08/26 05:06:28}
07/08/26 05:06:31 Number of idle job procs: 39
07/08/26 05:06:31 Event: ULOG_JOB_HELD for HTCondor Node COLLECT (170536.39.0) {07/08/26 05:06:28}
07/08/26 05:06:31   Hold reason: Error from teaching4@lofn.hpc.uni-saarland.de: Docker job has gone over memory limit of 64480 Mb
07/08/26 05:06:31 Number of idle job procs: 39
07/08/26 05:06:31 DAG status: 0 (DAG_STATUS_OK)
07/08/26 05:06:31 Of 5 nodes total:
07/08/26 05:06:31  Done     Pre   Queued    Post   Ready   Un-Ready   Failed   Futile
07/08/26 05:06:31   ===     ===      ===     ===     ===        ===      ===      ===
07/08/26 05:06:31     0       0        1       0       0          4        0        0
07/08/26 05:06:31 39 job proc(s) currently held
07/08/26 05:06:31 DAGMan Runtime Statistics: [EventCycleTimeAvg=0.000; EventCycleTimeMax=0.138; EventCycleTimeMin=0.000; EventCycleTimeStd=0.003; EventCycleTimeSum=1.366; SleepCycleTimeAvg=5.004; SleepCycleTimeMax=5.026; SleepCycleTimeMin=5.000; SleepCycleTimeStd=0.001; SleepCycleTimeSum=19275.445; SubmitCycleTimeAvg=0.000; SubmitCycleTimeMax=0.134; SubmitCycleTimeMin=0.000; SubmitCycleTimeStd=0.002; SubmitCycleTimeSum=0.137; EventCycleTimeCount=3852.000; SleepCycleTimeCount=3852.000; SubmitCycleTimeCount=3853.000; LogProcessCycleTimeAvg=0.006; LogProcessCycleTimeMax=0.081; LogProcessCycleTimeMin=0.002; LogProcessCycleTimeStd=0.011; LogProcessCycleTimeSum=0.289; LogProcessCycleTimeCount=49.000; ]
07/08/26 05:11:06 Currently monitoring 1 HTCondor log file(s)
07/08/26 05:11:06 Event: ULOG_JOB_EVICTED for HTCondor Node COLLECT (170536.37.0) {07/08/26 05:11:05}
07/08/26 05:11:06 Number of idle job procs: 40
07/08/26 05:11:06 Event: ULOG_JOB_HELD for HTCondor Node COLLECT (170536.37.0) {07/08/26 05:11:05}
07/08/26 05:11:06   Hold reason: Error from teaching1@uller.hpc.uni-saarland.de: Docker job has gone over memory limit of 73692 Mb
07/08/26 05:11:06 Number of idle job procs: 40
07/08/26 05:11:06 DAG status: 0 (DAG_STATUS_OK)
07/08/26 05:11:06 Of 5 nodes total:
07/08/26 05:11:06  Done     Pre   Queued    Post   Ready   Un-Ready   Failed   Futile
07/08/26 05:11:06   ===     ===      ===     ===     ===        ===      ===      ===
07/08/26 05:11:06     0       0        1       0       0          4        0        0
07/08/26 05:11:06 40 job proc(s) currently held
07/08/26 05:11:06 DAGMan Runtime Statistics: [EventCycleTimeAvg=0.000; EventCycleTimeMax=0.138; EventCycleTimeMin=0.000; EventCycleTimeStd=0.003; EventCycleTimeSum=1.393; SleepCycleTimeAvg=5.004; SleepCycleTimeMax=5.026; SleepCycleTimeMin=5.000; SleepCycleTimeStd=0.001; SleepCycleTimeSum=19550.658; SubmitCycleTimeAvg=0.000; SubmitCycleTimeMax=0.134; SubmitCycleTimeMin=0.000; SubmitCycleTimeStd=0.002; SubmitCycleTimeSum=0.137; EventCycleTimeCount=3907.000; SleepCycleTimeCount=3907.000; SubmitCycleTimeCount=3908.000; LogProcessCycleTimeAvg=0.006; LogProcessCycleTimeMax=0.081; LogProcessCycleTimeMin=0.002; LogProcessCycleTimeStd=0.011; LogProcessCycleTimeSum=0.294; LogProcessCycleTimeCount=50.000; ]
07/08/26 05:15:31 Total jobs placed to AP: 40
07/08/26 05:15:31      Idle     Held     Running     Successful     Failed
07/08/26 05:15:31       ===      ===         ===            ===        ===
07/08/26 05:15:31         0       40           0              0          0
07/08/26 05:21:06 600 seconds since last log event
07/08/26 05:21:06 Pending DAG nodes:
07/08/26 05:21:06   Node COLLECT, HTCondor ID 170536, status STATUS_SUBMITTED
07/08/26 05:30:32 Total jobs placed to AP: 40
07/08/26 05:30:32      Idle     Held     Running     Successful     Failed
07/08/26 05:30:32       ===      ===         ===            ===        ===
07/08/26 05:30:32         0       40           0              0          0
07/08/26 05:31:07 1201 seconds since last log event
07/08/26 05:31:07 Pending DAG nodes:
07/08/26 05:31:07   Node COLLECT, HTCondor ID 170536, status STATUS_SUBMITTED
07/08/26 05:41:08 1802 seconds since last log event
07/08/26 05:41:08 Pending DAG nodes:
07/08/26 05:41:08   Node COLLECT, HTCondor ID 170536, status STATUS_SUBMITTED
07/08/26 05:45:33 Total jobs placed to AP: 40
07/08/26 05:45:33      Idle     Held     Running     Successful     Failed
07/08/26 05:45:33       ===      ===         ===            ===        ===
07/08/26 05:45:33         0       40           0              0          0
07/08/26 05:51:08 2402 seconds since last log event
07/08/26 05:51:08 Pending DAG nodes:
07/08/26 05:51:08   Node COLLECT, HTCondor ID 170536, status STATUS_SUBMITTED
07/08/26 06:00:34 Total jobs placed to AP: 40
07/08/26 06:00:34      Idle     Held     Running     Successful     Failed
07/08/26 06:00:34       ===      ===         ===            ===        ===
07/08/26 06:00:34         0       40           0              0          0
07/08/26 06:01:09 3003 seconds since last log event
07/08/26 06:01:09 Pending DAG nodes:
07/08/26 06:01:09   Node COLLECT, HTCondor ID 170536, status STATUS_SUBMITTED
07/08/26 06:11:09 3603 seconds since last log event
07/08/26 06:11:09 Pending DAG nodes:
07/08/26 06:11:09   Node COLLECT, HTCondor ID 170536, status STATUS_SUBMITTED
07/08/26 06:15:34 Total jobs placed to AP: 40
07/08/26 06:15:34      Idle     Held     Running     Successful     Failed
07/08/26 06:15:34       ===      ===         ===            ===        ===
07/08/26 06:15:34         0       40           0              0          0
07/08/26 06:21:10 4204 seconds since last log event
07/08/26 06:21:10 Pending DAG nodes:
07/08/26 06:21:10   Node COLLECT, HTCondor ID 170536, status STATUS_SUBMITTED
07/08/26 06:30:35 Total jobs placed to AP: 40
07/08/26 06:30:35      Idle     Held     Running     Successful     Failed
07/08/26 06:30:35       ===      ===         ===            ===        ===
07/08/26 06:30:35         0       40           0              0          0
07/08/26 06:31:17 4804 seconds since last log event
07/08/26 06:31:17 Pending DAG nodes:
07/08/26 06:31:17   Node COLLECT, HTCondor ID 170536, status STATUS_SUBMITTED
07/08/26 06:41:14 5407 seconds since last log event
07/08/26 06:41:29 Pending DAG nodes:
07/08/26 06:41:29   Node COLLECT, HTCondor ID 170536, status STATUS_SUBMITTED
07/08/26 06:45:39 Total jobs placed to AP: 40
07/08/26 06:45:39      Idle     Held     Running     Successful     Failed
07/08/26 06:45:39       ===      ===         ===            ===        ===
07/08/26 06:45:39         0       40           0              0          0
07/08/26 06:51:14 6008 seconds since last log event
07/08/26 06:51:14 Pending DAG nodes:
07/08/26 06:51:14   Node COLLECT, HTCondor ID 170536, status STATUS_SUBMITTED
07/08/26 07:00:40 Total jobs placed to AP: 40
07/08/26 07:00:40      Idle     Held     Running     Successful     Failed
07/08/26 07:00:40       ===      ===         ===            ===        ===
07/08/26 07:00:40         0       40           0              0          0
07/08/26 07:01:15 6609 seconds since last log event
07/08/26 07:01:15 Pending DAG nodes:
07/08/26 07:01:15   Node COLLECT, HTCondor ID 170536, status STATUS_SUBMITTED
07/08/26 07:11:16 7210 seconds since last log event
07/08/26 07:11:16 Pending DAG nodes:
07/08/26 07:11:16   Node COLLECT, HTCondor ID 170536, status STATUS_SUBMITTED
07/08/26 07:15:41 Total jobs placed to AP: 40
07/08/26 07:15:41      Idle     Held     Running     Successful     Failed
07/08/26 07:15:41       ===      ===         ===            ===        ===
07/08/26 07:15:41         0       40           0              0          0
07/08/26 07:21:16 7810 seconds since last log event
07/08/26 07:21:16 Pending DAG nodes:
07/08/26 07:21:16   Node COLLECT, HTCondor ID 170536, status STATUS_SUBMITTED
07/08/26 07:30:42 Total jobs placed to AP: 40
07/08/26 07:30:42      Idle     Held     Running     Successful     Failed
07/08/26 07:30:42       ===      ===         ===            ===        ===
07/08/26 07:30:42         0       40           0              0          0
07/08/26 07:31:17 8411 seconds since last log event
07/08/26 07:31:17 Pending DAG nodes:
07/08/26 07:31:17   Node COLLECT, HTCondor ID 170536, status STATUS_SUBMITTED
07/08/26 07:41:21 9015 seconds since last log event
07/08/26 07:41:21 Pending DAG nodes:
07/08/26 07:41:21   Node COLLECT, HTCondor ID 170536, status STATUS_SUBMITTED
07/08/26 07:45:46 Total jobs placed to AP: 40
07/08/26 07:45:46      Idle     Held     Running     Successful     Failed
07/08/26 07:45:46       ===      ===         ===            ===        ===
07/08/26 07:45:46         0       40           0              0          0
07/08/26 07:51:21 9615 seconds since last log event
07/08/26 07:51:21 Pending DAG nodes:
07/08/26 07:51:21   Node COLLECT, HTCondor ID 170536, status STATUS_SUBMITTED
07/08/26 08:00:47 Total jobs placed to AP: 40
07/08/26 08:00:47      Idle     Held     Running     Successful     Failed
07/08/26 08:00:47       ===      ===         ===            ===        ===
07/08/26 08:00:47         0       40           0              0          0
07/08/26 08:01:22 10216 seconds since last log event
07/08/26 08:01:22 Pending DAG nodes:
07/08/26 08:01:22   Node COLLECT, HTCondor ID 170536, status STATUS_SUBMITTED
07/08/26 08:11:22 10816 seconds since last log event
07/08/26 08:11:22 Pending DAG nodes:
07/08/26 08:11:22   Node COLLECT, HTCondor ID 170536, status STATUS_SUBMITTED
07/08/26 08:15:47 Total jobs placed to AP: 40
07/08/26 08:15:47      Idle     Held     Running     Successful     Failed
07/08/26 08:15:47       ===      ===         ===            ===        ===
07/08/26 08:15:47         0       40           0              0          0
07/08/26 08:21:23 11417 seconds since last log event
07/08/26 08:21:23 Pending DAG nodes:
07/08/26 08:21:23   Node COLLECT, HTCondor ID 170536, status STATUS_SUBMITTED
07/08/26 08:30:48 Total jobs placed to AP: 40
07/08/26 08:30:48      Idle     Held     Running     Successful     Failed
07/08/26 08:30:48       ===      ===         ===            ===        ===
07/08/26 08:30:48         0       40           0              0          0
07/08/26 08:31:23 12017 seconds since last log event
07/08/26 08:31:23 Pending DAG nodes:
07/08/26 08:31:23   Node COLLECT, HTCondor ID 170536, status STATUS_SUBMITTED
07/08/26 08:41:24 12618 seconds since last log event
07/08/26 08:41:24 Pending DAG nodes:
07/08/26 08:41:24   Node COLLECT, HTCondor ID 170536, status STATUS_SUBMITTED
07/08/26 08:45:49 Total jobs placed to AP: 40
07/08/26 08:45:49      Idle     Held     Running     Successful     Failed
07/08/26 08:45:49       ===      ===         ===            ===        ===
07/08/26 08:45:49         0       40           0              0          0
07/08/26 08:51:24 13218 seconds since last log event
07/08/26 08:51:24 Pending DAG nodes:
07/08/26 08:51:24   Node COLLECT, HTCondor ID 170536, status STATUS_SUBMITTED
07/08/26 09:00:49 Total jobs placed to AP: 40
07/08/26 09:00:49      Idle     Held     Running     Successful     Failed
07/08/26 09:00:49       ===      ===         ===            ===        ===
07/08/26 09:00:49         0       40           0              0          0
07/08/26 09:01:24 13818 seconds since last log event
07/08/26 09:01:24 Pending DAG nodes:
07/08/26 09:01:24   Node COLLECT, HTCondor ID 170536, status STATUS_SUBMITTED
07/08/26 09:11:24 14418 seconds since last log event
07/08/26 09:11:24 Pending DAG nodes:
07/08/26 09:11:24   Node COLLECT, HTCondor ID 170536, status STATUS_SUBMITTED
07/08/26 09:15:49 Total jobs placed to AP: 40
07/08/26 09:15:49      Idle     Held     Running     Successful     Failed
07/08/26 09:15:49       ===      ===         ===            ===        ===
07/08/26 09:15:49         0       40           0              0          0
07/08/26 09:21:25 15019 seconds since last log event
07/08/26 09:21:25 Pending DAG nodes:
07/08/26 09:21:25   Node COLLECT, HTCondor ID 170536, status STATUS_SUBMITTED
07/08/26 09:30:50 Total jobs placed to AP: 40
07/08/26 09:30:50      Idle     Held     Running     Successful     Failed
07/08/26 09:30:50       ===      ===         ===            ===        ===
07/08/26 09:30:50         0       40           0              0          0
07/08/26 09:31:25 15619 seconds since last log event
07/08/26 09:31:25 Pending DAG nodes:
07/08/26 09:31:25   Node COLLECT, HTCondor ID 170536, status STATUS_SUBMITTED
07/08/26 09:41:26 16220 seconds since last log event
07/08/26 09:41:26 Pending DAG nodes:
07/08/26 09:41:26   Node COLLECT, HTCondor ID 170536, status STATUS_SUBMITTED
07/08/26 09:45:51 Total jobs placed to AP: 40
07/08/26 09:45:51      Idle     Held     Running     Successful     Failed
07/08/26 09:45:51       ===      ===         ===            ===        ===
07/08/26 09:45:51         0       40           0              0          0
07/08/26 09:51:26 16820 seconds since last log event
07/08/26 09:51:26 Pending DAG nodes:
07/08/26 09:51:26   Node COLLECT, HTCondor ID 170536, status STATUS_SUBMITTED
07/08/26 10:00:52 Total jobs placed to AP: 40
07/08/26 10:00:52      Idle     Held     Running     Successful     Failed
07/08/26 10:00:52       ===      ===         ===            ===        ===
07/08/26 10:00:52         0       40           0              0          0
07/08/26 10:01:27 17421 seconds since last log event
07/08/26 10:01:27 Pending DAG nodes:
07/08/26 10:01:27   Node COLLECT, HTCondor ID 170536, status STATUS_SUBMITTED
07/08/26 10:11:27 18021 seconds since last log event
07/08/26 10:11:27 Pending DAG nodes:
07/08/26 10:11:27   Node COLLECT, HTCondor ID 170536, status STATUS_SUBMITTED
07/08/26 10:15:53 Total jobs placed to AP: 40
07/08/26 10:15:53      Idle     Held     Running     Successful     Failed
07/08/26 10:15:53       ===      ===         ===            ===        ===
07/08/26 10:15:53         0       40           0              0          0
07/08/26 10:21:28 18622 seconds since last log event
07/08/26 10:21:28 Pending DAG nodes:
07/08/26 10:21:28   Node COLLECT, HTCondor ID 170536, status STATUS_SUBMITTED
07/08/26 10:30:53 Total jobs placed to AP: 40
07/08/26 10:30:54      Idle     Held     Running     Successful     Failed
07/08/26 10:30:54       ===      ===         ===            ===        ===
07/08/26 10:30:54         0       40           0              0          0
07/08/26 10:31:29 19223 seconds since last log event
07/08/26 10:31:29 Pending DAG nodes:
07/08/26 10:31:29   Node COLLECT, HTCondor ID 170536, status STATUS_SUBMITTED
07/08/26 10:41:29 19823 seconds since last log event
07/08/26 10:41:29 Pending DAG nodes:
07/08/26 10:41:29   Node COLLECT, HTCondor ID 170536, status STATUS_SUBMITTED
07/08/26 10:45:54 Total jobs placed to AP: 40
07/08/26 10:45:54      Idle     Held     Running     Successful     Failed
07/08/26 10:45:54       ===      ===         ===            ===        ===
07/08/26 10:45:54         0       40           0              0          0
07/08/26 10:51:30 20424 seconds since last log event
07/08/26 10:51:30 Pending DAG nodes:
07/08/26 10:51:30   Node COLLECT, HTCondor ID 170536, status STATUS_SUBMITTED
07/08/26 11:00:55 Total jobs placed to AP: 40
07/08/26 11:00:55      Idle     Held     Running     Successful     Failed
07/08/26 11:00:55       ===      ===         ===            ===        ===
07/08/26 11:00:55         0       40           0              0          0
07/08/26 11:01:30 21024 seconds since last log event
07/08/26 11:01:30 Pending DAG nodes:
07/08/26 11:01:30   Node COLLECT, HTCondor ID 170536, status STATUS_SUBMITTED
07/08/26 11:11:31 21625 seconds since last log event
07/08/26 11:11:31 Pending DAG nodes:
07/08/26 11:11:31   Node COLLECT, HTCondor ID 170536, status STATUS_SUBMITTED
07/08/26 11:15:56 Total jobs placed to AP: 40
07/08/26 11:15:56      Idle     Held     Running     Successful     Failed
07/08/26 11:15:56       ===      ===         ===            ===        ===
07/08/26 11:15:56         0       40           0              0          0
07/08/26 11:21:31 22225 seconds since last log event
07/08/26 11:21:31 Pending DAG nodes:
07/08/26 11:21:31   Node COLLECT, HTCondor ID 170536, status STATUS_SUBMITTED
07/08/26 11:30:57 Total jobs placed to AP: 40
07/08/26 11:30:57      Idle     Held     Running     Successful     Failed
07/08/26 11:30:57       ===      ===         ===            ===        ===
07/08/26 11:30:57         0       40           0              0          0
07/08/26 11:31:32 22826 seconds since last log event
07/08/26 11:31:32 Pending DAG nodes:
07/08/26 11:31:32   Node COLLECT, HTCondor ID 170536, status STATUS_SUBMITTED
07/08/26 11:41:32 23426 seconds since last log event
07/08/26 11:41:32 Pending DAG nodes:
07/08/26 11:41:32   Node COLLECT, HTCondor ID 170536, status STATUS_SUBMITTED
07/08/26 11:45:58 Total jobs placed to AP: 40
07/08/26 11:45:58      Idle     Held     Running     Successful     Failed
07/08/26 11:45:58       ===      ===         ===            ===        ===
07/08/26 11:45:58         0       40           0              0          0
07/08/26 11:51:33 24027 seconds since last log event
07/08/26 11:51:33 Pending DAG nodes:
07/08/26 11:51:33   Node COLLECT, HTCondor ID 170536, status STATUS_SUBMITTED
07/08/26 12:00:58 Total jobs placed to AP: 40
07/08/26 12:00:58      Idle     Held     Running     Successful     Failed
07/08/26 12:00:58       ===      ===         ===            ===        ===
07/08/26 12:00:58         0       40           0              0          0
07/08/26 12:01:33 24627 seconds since last log event
07/08/26 12:01:33 Pending DAG nodes:
07/08/26 12:01:33   Node COLLECT, HTCondor ID 170536, status STATUS_SUBMITTED
07/08/26 12:11:34 25228 seconds since last log event
07/08/26 12:11:34 Pending DAG nodes:
07/08/26 12:11:34   Node COLLECT, HTCondor ID 170536, status STATUS_SUBMITTED
07/08/26 12:15:59 Total jobs placed to AP: 40
07/08/26 12:15:59      Idle     Held     Running     Successful     Failed
07/08/26 12:15:59       ===      ===         ===            ===        ===
07/08/26 12:15:59         0       40           0              0          0
07/08/26 12:21:35 25829 seconds since last log event
07/08/26 12:21:35 Pending DAG nodes:
07/08/26 12:21:35   Node COLLECT, HTCondor ID 170536, status STATUS_SUBMITTED
07/08/26 12:31:00 Total jobs placed to AP: 40
07/08/26 12:31:00      Idle     Held     Running     Successful     Failed
07/08/26 12:31:00       ===      ===         ===            ===        ===
07/08/26 12:31:00         0       40           0              0          0
07/08/26 12:31:35 26429 seconds since last log event
07/08/26 12:31:35 Pending DAG nodes:
07/08/26 12:31:35   Node COLLECT, HTCondor ID 170536, status STATUS_SUBMITTED
07/08/26 12:41:36 27030 seconds since last log event
07/08/26 12:41:36 Pending DAG nodes:
07/08/26 12:41:36   Node COLLECT, HTCondor ID 170536, status STATUS_SUBMITTED
07/08/26 12:46:01 Total jobs placed to AP: 40
07/08/26 12:46:01      Idle     Held     Running     Successful     Failed
07/08/26 12:46:01       ===      ===         ===            ===        ===
07/08/26 12:46:01         0       40           0              0          0
07/08/26 12:51:36 27630 seconds since last log event
07/08/26 12:51:36 Pending DAG nodes:
07/08/26 12:51:36   Node COLLECT, HTCondor ID 170536, status STATUS_SUBMITTED
07/08/26 13:01:02 Total jobs placed to AP: 40
07/08/26 13:01:02      Idle     Held     Running     Successful     Failed
07/08/26 13:01:02       ===      ===         ===            ===        ===
07/08/26 13:01:02         0       40           0              0          0
07/08/26 13:01:37 28231 seconds since last log event
07/08/26 13:01:37 Pending DAG nodes:
07/08/26 13:01:37   Node COLLECT, HTCondor ID 170536, status STATUS_SUBMITTED
07/08/26 13:11:37 28831 seconds since last log event
07/08/26 13:11:37 Pending DAG nodes:
07/08/26 13:11:37   Node COLLECT, HTCondor ID 170536, status STATUS_SUBMITTED
07/08/26 13:11:37 Querying local schedd for associated jobs in queue
07/08/26 13:11:37 All pending job states validated
07/08/26 13:16:02 Total jobs placed to AP: 40
07/08/26 13:16:02      Idle     Held     Running     Successful     Failed
07/08/26 13:16:02       ===      ===         ===            ===        ===
07/08/26 13:16:02         0       40           0              0          0
07/08/26 13:21:38 29432 seconds since last log event
07/08/26 13:21:38 Pending DAG nodes:
07/08/26 13:21:38   Node COLLECT, HTCondor ID 170536, status STATUS_SUBMITTED
07/08/26 13:31:03 Total jobs placed to AP: 40
07/08/26 13:31:03      Idle     Held     Running     Successful     Failed
07/08/26 13:31:03       ===      ===         ===            ===        ===
07/08/26 13:31:03         0       40           0              0          0
07/08/26 13:31:38 30032 seconds since last log event
07/08/26 13:31:38 Pending DAG nodes:
07/08/26 13:31:38   Node COLLECT, HTCondor ID 170536, status STATUS_SUBMITTED
07/08/26 13:41:38 30632 seconds since last log event
07/08/26 13:41:38 Pending DAG nodes:
07/08/26 13:41:38   Node COLLECT, HTCondor ID 170536, status STATUS_SUBMITTED
07/08/26 13:46:03 Total jobs placed to AP: 40
07/08/26 13:46:03      Idle     Held     Running     Successful     Failed
07/08/26 13:46:03       ===      ===         ===            ===        ===
07/08/26 13:46:03         0       40           0              0          0
07/08/26 13:51:38 31232 seconds since last log event
07/08/26 13:51:38 Pending DAG nodes:
07/08/26 13:51:38   Node COLLECT, HTCondor ID 170536, status STATUS_SUBMITTED
